{"type":"FeatureCollection","crs":{"type":"name","properties":{"name":"urn:ogc:def:crs:OGC:1.3:CRS84"}},"features":[{"type":"Feature","properties":{"shapeName":"Beni","shapeISO":"BO-B","shapeID":"26024454B17172096462676","shapeGroup":"BOL","shapeType":"ADM1"},"geometry":{"type":"Polygon","coordinates":[[[-61.52793,-13.52975],[-61.53348,-13.52117],[-61.53622,-13.52091],[-61.53959,-13.52494],[-61.54201,-13.5257],[-61.55362,-13.5181],[-61.56658,-13.52043],[-61.57245,-13.51715],[-61.57691,-13.51279],[-61.57852,-13.50834],[-61.5782,-13.50426],[-61.57293,-13.4927],[-61.57364,-13.49039],[-61.57788,-13.48721],[-61.58415,-13.48944],[-61.58537,-13.49165],[-61.58324,-13.49738],[-61.58754,-13.50231],[-61.60348,-13.5016],[-61.60822,-13.51054],[-61.61445,-13.51081],[-61.61867,-13.50779],[-61.6239,-13.51521],[-61.62966,-13.5143],[-61.64026,-13.50556],[-61.64589,-13.50653],[-61.64755,-13.50959],[-61.64464,-13.51567],[-61.6487,-13.51886],[-61.65293,-13.51581],[-61.66,-13.51388],[-61.66844,-13.50512],[-61.67731,-13.50447],[-61.68305,-13.50743],[-61.68785,-13.50675],[-61.69473,-13.4981],[-61.69569,-13.49881],[-61.69387,-13.50557],[-61.69491,-13.50902],[-61.69683,-13.51008],[-61.70258,-13.50964],[-61.7039,-13.51071],[-61.70292,-13.51457],[-61.72422,-13.5216],[-61.72698,-13.52091],[-61.73065,-13.5163],[-61.73264,-13.51672],[-61.73467,-13.51931],[-61.73061,-13.52358],[-61.73223,-13.52681],[-61.74111,-13.52627],[-61.74711,-13.51963],[-61.75373,-13.51941],[-61.75758,-13.52554],[-61.7527,-13.5343],[-61.75794,-13.54031],[-61.76358,-13.53975],[-61.76551,-13.53777],[-61.76619,-13.52479],[-61.77162,-13.51609],[-61.77736,-13.5187],[-61.77677,-13.5269],[-61.77849,-13.53208],[-61.78242,-13.53691],[-61.78673,-13.53787],[-61.79093,-13.53695],[-61.80648,-13.5284],[-61.81845,-13.52664],[-61.82394,-13.52188],[-61.82578,-13.5221],[-61.83185,-13.53175],[-61.83744,-13.53022],[-61.84084,-13.52665],[-61.84579,-13.52654],[-61.84758,-13.52819],[-61.84934,-13.53594],[-61.85245,-13.53771],[-61.85629,-13.53761],[-61.86924,-13.52582],[-61.87344,-13.50946],[-61.88363,-13.49453],[-61.88081,-13.47195],[-61.8873,-13.44457],[-61.89137,-13.43499],[-61.89692,-13.42716],[-61.90281,-13.42726],[-61.9081,-13.43325],[-61.91539,-13.43303],[-61.92885,-13.42547],[-61.9331,-13.41212],[-61.93811,-13.40763],[-61.94237,-13.40874],[-61.94727,-13.41551],[-61.95007,-13.41452],[-61.95299,-13.40883],[-61.95545,-13.40783],[-61.96892,-13.40773],[-61.97011,-13.40455],[-61.96396,-13.395],[-61.96239,-13.38628],[-61.9712,-13.38367],[-61.9719,-13.3752],[-61.97465,-13.36808],[-61.98012,-13.36523],[-61.98393,-13.36441],[-61.99169,-13.36556],[-61.99789,-13.36281],[-61.99962,-13.36328],[-61.99992,-13.36564],[-61.9949,-13.36786],[-61.99408,-13.37097],[-61.99604,-13.37373],[-62.00034,-13.37357],[-62.00169,-13.37225],[-62.00191,-13.3672],[-62.01042,-13.36237],[-62.01624,-13.3518],[-62.01391,-13.3359],[-62.01462,-13.33139],[-62.01718,-13.32769],[-62.02022,-13.32614],[-62.02939,-13.32935],[-62.03588,-13.32855],[-62.04553,-13.31654],[-62.05452,-13.31374],[-62.05836,-13.31017],[-62.05889,-13.30279],[-62.05688,-13.29026],[-62.05776,-13.28856],[-62.06128,-13.28692],[-62.06827,-13.29455],[-62.07252,-13.29556],[-62.0743,-13.2912],[-62.06986,-13.28556],[-62.07061,-13.28278],[-62.08089,-13.28043],[-62.0848,-13.2823],[-62.09248,-13.28136],[-62.09589,-13.27376],[-62.09986,-13.26956],[-62.10703,-13.26661],[-62.11283,-13.26037],[-62.11487,-13.25654],[-62.10976,-13.25069],[-62.10896,-13.24698],[-62.1106,-13.2413],[-62.10873,-13.23454],[-62.10998,-13.22699],[-62.10918,-13.2206],[-62.11424,-13.20472],[-62.11456,-13.1891],[-62.11796,-13.17727],[-62.11542,-13.16799],[-62.1164,-13.15899],[-62.12021,-13.15225],[-62.12743,-13.14762],[-62.13489,-13.14896],[-62.13763,-13.15112],[-62.14353,-13.16081],[-62.14893,-13.16175],[-62.15093,-13.16078],[-62.15057,-13.1494],[-62.15457,-13.14511],[-62.16051,-13.14314],[-62.16235,-13.13871],[-62.16716,-13.13555],[-62.16851,-13.13278],[-62.16565,-13.11825],[-62.16877,-13.11297],[-62.17579,-13.11299],[-62.18225,-13.11903],[-62.18277,-13.12559],[-62.17693,-13.13697],[-62.17712,-13.14054],[-62.1861,-13.15031],[-62.19216,-13.15271],[-62.19811,-13.15061],[-62.20042,-13.14645],[-62.20118,-13.14129],[-62.19938,-13.13318],[-62.19967,-13.12616],[-62.20903,-13.11341],[-62.21717,-13.11052],[-62.2229,-13.11246],[-62.22713,-13.12002],[-62.23158,-13.1201],[-62.23758,-13.11601],[-62.24312,-13.11683],[-62.24499,-13.12186],[-62.24232,-13.13062],[-62.24424,-13.143],[-62.26029,-13.14581],[-62.26403,-13.14511],[-62.26526,-13.14793],[-62.2614,-13.15057],[-62.26396,-13.15263],[-62.26942,-13.14688],[-62.27544,-13.14518],[-62.27685,-13.1469],[-62.27617,-13.14988],[-62.27217,-13.15325],[-62.27183,-13.1551],[-62.27547,-13.1565],[-62.27919,-13.15386],[-62.28392,-13.14402],[-62.28744,-13.14045],[-62.29156,-13.14053],[-62.29311,-13.14265],[-62.2937,-13.14828],[-62.29849,-13.14962],[-62.30126,-13.14711],[-62.30408,-13.13927],[-62.30813,-13.13842],[-62.31442,-13.13407],[-62.31826,-13.1358],[-62.31916,-13.14876],[-62.32124,-13.15095],[-62.32449,-13.1501],[-62.32606,-13.14342],[-62.3289,-13.14038],[-62.33436,-13.14231],[-62.33732,-13.14881],[-62.34164,-13.14849],[-62.34219,-13.14485],[-62.33761,-13.14007],[-62.34109,-13.13733],[-62.34648,-13.13787],[-62.35442,-13.14347],[-62.36239,-13.13912],[-62.36837,-13.1404],[-62.37438,-13.13975],[-62.38257,-13.13057],[-62.39247,-13.13436],[-62.39714,-13.12967],[-62.39762,-13.12636],[-62.39505,-13.11752],[-62.39614,-13.11487],[-62.39857,-13.11349],[-62.40053,-13.11369],[-62.41082,-13.12676],[-62.41561,-13.12776],[-62.41983,-13.11565],[-62.43096,-13.10564],[-62.43468,-13.10042],[-62.4357,-13.09619],[-62.43465,-13.08292],[-62.43729,-13.08028],[-62.44229,-13.08002],[-62.45007,-13.08692],[-62.45614,-13.0874],[-62.45858,-13.08529],[-62.46033,-13.07764],[-62.46242,-13.07671],[-62.46896,-13.07918],[-62.47255,-13.07674],[-62.47363,-13.07396],[-62.47305,-13.06217],[-62.47441,-13.05873],[-62.48048,-13.05788],[-62.48352,-13.05934],[-62.48268,-13.07053],[-62.48459,-13.07653],[-62.48742,-13.07878],[-62.50032,-13.08212],[-62.50827,-13.07918],[-62.52242,-13.06618],[-62.52558,-13.06623],[-62.53856,-13.07357],[-62.54379,-13.07334],[-62.55019,-13.07073],[-62.55893,-13.06353],[-62.60874,-13.04308],[-62.61505,-13.03635],[-62.61528,-13.02912],[-62.61125,-13.02216],[-62.60092,-13.01736],[-62.59989,-13.01465],[-62.60295,-13.01165],[-62.60772,-13.00995],[-62.61455,-13.01234],[-62.61939,-13.0158],[-62.62703,-13.01641],[-62.63041,-13.01427],[-62.63249,-13.00686],[-62.6303,-12.99479],[-62.63085,-12.99163],[-62.63385,-12.98811],[-62.64095,-12.98794],[-62.64814,-12.99251],[-62.65297,-12.98974],[-62.65316,-12.98355],[-62.64785,-12.9762],[-62.64586,-12.96943],[-62.64681,-12.96653],[-62.65082,-12.96448],[-62.65418,-12.96458],[-62.66146,-12.96878],[-62.66804,-12.98272],[-62.67876,-12.9916],[-62.69491,-12.99026],[-62.69794,-12.99446],[-62.6978,-13.00166],[-62.69936,-13.00237],[-62.70786,-13.00022],[-62.71261,-13.00369],[-62.71534,-13.00374],[-62.72217,-13.00069],[-62.72701,-13.00134],[-62.72894,-13.00658],[-62.72607,-13.01442],[-62.72776,-13.01852],[-62.7326,-13.02198],[-62.73656,-13.01962],[-62.73812,-13.0146],[-62.74363,-13.0083],[-62.74416,-13.00122],[-62.74582,-12.9987],[-62.74968,-12.99842],[-62.75176,-12.99993],[-62.7561,-13.01605],[-62.75821,-13.01782],[-62.76324,-13.01612],[-62.76984,-13.01077],[-62.78038,-13.00816],[-62.79551,-12.99563],[-62.79962,-12.98367],[-62.80453,-12.97812],[-62.8077,-12.97083],[-62.80969,-12.96075],[-62.80514,-12.94816],[-62.80672,-12.94039],[-62.81185,-12.93768],[-62.82824,-12.93399],[-62.83157,-12.93552],[-62.83903,-12.94713],[-62.84314,-12.94952],[-62.84807,-12.94741],[-62.85113,-12.9405],[-62.84446,-12.93235],[-62.84324,-12.92867],[-62.84429,-12.92415],[-62.84786,-12.92099],[-62.85663,-12.91795],[-62.86236,-12.91189],[-62.8694,-12.91159],[-62.8731,-12.90817],[-62.8774,-12.89495],[-62.88071,-12.88934],[-62.89311,-12.87743],[-62.89384,-12.87154],[-62.89194,-12.86169],[-62.89455,-12.85671],[-62.91015,-12.85217],[-62.91769,-12.84244],[-62.91999,-12.8414],[-62.93261,-12.8402],[-62.9405,-12.84449],[-62.9439,-12.85699],[-62.94549,-12.8583],[-62.94834,-12.85873],[-62.95022,-12.85728],[-62.95223,-12.84916],[-62.9592,-12.84674],[-62.96497,-12.84852],[-62.97263,-12.85937],[-62.97706,-12.85985],[-62.98343,-12.85273],[-62.98417,-12.84284],[-62.98613,-12.83798],[-62.98928,-12.83749],[-62.99325,-12.84141],[-62.99834,-12.84236],[-63.00516,-12.84032],[-63.01083,-12.83574],[-63.01318,-12.83159],[-63.01389,-12.82307],[-63.0094,-12.81553],[-63.00863,-12.81088],[-63.01122,-12.80772],[-63.01829,-12.8067],[-63.0222,-12.80399],[-63.01944,-12.7932],[-63.01998,-12.79083],[-63.02654,-12.78324],[-63.03479,-12.77908],[-63.03592,-12.76891],[-63.03951,-12.76489],[-63.03901,-12.75661],[-63.04986,-12.73426],[-63.05845,-12.72783],[-63.06286,-12.72823],[-63.06707,-12.73113],[-63.07563,-12.7296],[-63.07854,-12.7279],[-63.08089,-12.7239],[-63.08239,-12.71284],[-63.08144,-12.70682],[-63.06184,-12.69371],[-63.06097,-12.69029],[-63.06227,-12.68644],[-63.06714,-12.683],[-63.07809,-12.68609],[-63.09232,-12.68434],[-63.09767,-12.68197],[-63.09874,-12.67778],[-63.09294,-12.6714],[-63.09139,-12.66655],[-63.09326,-12.65971],[-63.09826,-12.65578],[-63.10129,-12.65515],[-63.11271,-12.65857],[-63.11618,-12.65781],[-63.12121,-12.65502],[-63.12672,-12.64527],[-63.13396,-12.64793],[-63.13888,-12.64605],[-63.13737,-12.63911],[-63.14704,-12.63776],[-63.15252,-12.63279],[-63.15406,-12.62683],[-63.15368,-12.62092],[-63.15693,-12.61437],[-63.16193,-12.6143],[-63.16824,-12.62326],[-63.16219,-12.63684],[-63.1637,-12.64093],[-63.17106,-12.6424],[-63.17578,-12.6384],[-63.17901,-12.63188],[-63.1845,-12.62577],[-63.19125,-12.62305],[-63.19341,-12.62354],[-63.1962,-12.62692],[-63.19686,-12.63194],[-63.19045,-12.64152],[-63.19022,-12.64635],[-63.19456,-12.65353],[-63.19828,-12.65512],[-63.21709,-12.65556],[-63.22921,-12.66319],[-63.23598,-12.66292],[-63.23993,-12.66071],[-63.24477,-12.66185],[-63.24593,-12.66519],[-63.24091,-12.66972],[-63.23975,-12.67478],[-63.23217,-12.68326],[-63.23454,-12.68755],[-63.24116,-12.69059],[-63.26426,-12.68437],[-63.27894,-12.68485],[-63.2897,-12.68328],[-63.32592,-12.67248],[-63.34912,-12.65748],[-63.35593,-12.65674],[-63.36379,-12.65936],[-63.37057,-12.65961],[-63.38998,-12.64757],[-63.40115,-12.63509],[-63.40427,-12.62977],[-63.40635,-12.61939],[-63.40959,-12.61201],[-63.41652,-12.60725],[-63.43617,-12.60826],[-63.44017,-12.60714],[-63.44206,-12.60506],[-63.44221,-12.60135],[-63.44016,-12.59897],[-63.42867,-12.59743],[-63.42678,-12.59491],[-63.42768,-12.59283],[-63.43523,-12.58733],[-63.43764,-12.58294],[-63.43831,-12.57552],[-63.43565,-12.56602],[-63.43685,-12.56446],[-63.454,-12.56094],[-63.47403,-12.56076],[-63.49331,-12.56644],[-63.50238,-12.56531],[-63.50864,-12.56233],[-63.5318,-12.53979],[-63.54007,-12.52337],[-63.54618,-12.5146],[-63.5513,-12.5085],[-63.55734,-12.50485],[-63.56572,-12.50171],[-63.57969,-12.50005],[-63.5886,-12.4922],[-63.61163,-12.48572],[-63.61934,-12.47911],[-63.62177,-12.47459],[-63.62648,-12.47182],[-63.63327,-12.47158],[-63.65328,-12.46412],[-63.66608,-12.46415],[-63.67206,-12.46247],[-63.6776,-12.45988],[-63.68392,-12.45282],[-63.68924,-12.44977],[-63.73291,-12.4385],[-63.76636,-12.44147],[-63.78498,-12.42895],[-63.78805,-12.42899],[-63.79103,-12.43145],[-63.79918,-12.44524],[-63.80545,-12.44835],[-63.81672,-12.44637],[-63.82265,-12.45273],[-63.82625,-12.45976],[-63.83492,-12.46415],[-63.85706,-12.45846],[-63.87043,-12.45126],[-63.87642,-12.44604],[-63.88068,-12.44489],[-63.88723,-12.44572],[-63.89104,-12.45187],[-63.89055,-12.46084],[-63.89185,-12.46586],[-63.89467,-12.47108],[-63.89978,-12.47594],[-63.89689,-12.49999],[-63.899,-12.50334],[-63.90901,-12.50901],[-63.91819,-12.50952],[-63.92629,-12.51229],[-63.94147,-12.5258],[-63.95119,-12.53062],[-63.95672,-12.53107],[-63.96289,-12.52927],[-63.99068,-12.50449],[-63.99638,-12.50101],[-64.00215,-12.50244],[-64.00433,-12.51463],[-64.0071,-12.51714],[-64.01043,-12.51797],[-64.01328,-12.516],[-64.0154,-12.51203],[-64.02068,-12.51008],[-64.02515,-12.51044],[-64.03155,-12.51584],[-64.03907,-12.51599],[-64.04268,-12.51458],[-64.05004,-12.5009],[-64.05798,-12.49055],[-64.0602,-12.48995],[-64.06646,-12.49018],[-64.07434,-12.49909],[-64.07876,-12.49987],[-64.08572,-12.49861],[-64.08818,-12.49542],[-64.08904,-12.48823],[-64.09261,-12.48568],[-64.10054,-12.48664],[-64.10293,-12.49287],[-64.11121,-12.49757],[-64.11618,-12.50334],[-64.12295,-12.50612],[-64.12485,-12.50471],[-64.12512,-12.50191],[-64.12401,-12.48686],[-64.12912,-12.48011],[-64.13786,-12.47829],[-64.14186,-12.47902],[-64.14455,-12.48151],[-64.14628,-12.4877],[-64.14263,-12.50202],[-64.15314,-12.51104],[-64.15848,-12.51354],[-64.1639,-12.51389],[-64.17017,-12.51181],[-64.17385,-12.5046],[-64.17262,-12.47636],[-64.1743,-12.46714],[-64.1824,-12.46576],[-64.19274,-12.47314],[-64.19804,-12.47299],[-64.21045,-12.46248],[-64.22316,-12.45981],[-64.23061,-12.45387],[-64.23626,-12.45596],[-64.23999,-12.45908],[-64.24837,-12.47458],[-64.2657,-12.4838],[-64.27897,-12.49996],[-64.28379,-12.50309],[-64.29294,-12.50186],[-64.29718,-12.49992],[-64.30014,-12.49159],[-64.29839,-12.48346],[-64.29249,-12.47148],[-64.29182,-12.46016],[-64.29492,-12.45793],[-64.31695,-12.45588],[-64.34379,-12.45661],[-64.36664,-12.46045],[-64.37312,-12.45442],[-64.37636,-12.45319],[-64.39237,-12.44856],[-64.40578,-12.44652],[-64.42291,-12.43472],[-64.43474,-12.41799],[-64.44846,-12.40703],[-64.45413,-12.39588],[-64.4631,-12.38394],[-64.47639,-12.38023],[-64.49245,-12.36765],[-64.50451,-12.36377],[-64.50871,-12.36081],[-64.51521,-12.34943],[-64.51455,-12.34304],[-64.51187,-12.33755],[-64.50113,-12.32755],[-64.4992,-12.32359],[-64.49364,-12.28888],[-64.49554,-12.26781],[-64.50944,-12.22722],[-64.51351,-12.22335],[-64.52364,-12.22382],[-64.54705,-12.23962],[-64.55166,-12.2394],[-64.55909,-12.23619],[-64.56191,-12.23336],[-64.57317,-12.21416],[-64.57815,-12.21077],[-64.58858,-12.21169],[-64.60877,-12.21806],[-64.61571,-12.21651],[-64.65663,-12.19538],[-64.69403,-12.18705],[-64.70271,-12.1822],[-64.71464,-12.16711],[-64.71818,-12.14751],[-64.71786,-12.13849],[-64.71355,-12.11982],[-64.69911,-12.10055],[-64.70076,-12.09316],[-64.70856,-12.08588],[-64.71656,-12.08494],[-64.72846,-12.09042],[-64.73682,-12.09629],[-64.73859,-12.10116],[-64.73524,-12.1185],[-64.7401,-12.14125],[-64.7429,-12.14916],[-64.74756,-12.15543],[-64.75383,-12.15734],[-64.7642,-12.15297],[-64.76858,-12.14774],[-64.77028,-12.13748],[-64.75984,-12.11358],[-64.76009,-12.10784],[-64.76532,-12.09733],[-64.7765,-12.09009],[-64.78996,-12.0847],[-64.79702,-12.08481],[-64.80391,-12.08673],[-64.80938,-12.09044],[-64.82201,-12.11861],[-64.8258,-12.12139],[-64.83382,-12.12],[-64.84166,-12.10968],[-64.84478,-12.09687],[-64.84032,-12.08743],[-64.83155,-12.07792],[-64.81735,-12.07226],[-64.81239,-12.06508],[-64.81049,-12.0587],[-64.81435,-12.04198],[-64.82282,-12.03106],[-64.82774,-12.0204],[-64.83508,-12.01295],[-64.84651,-12.00888],[-64.86038,-12.01181],[-64.87988,-12.01316],[-64.89975,-12.0195],[-64.91438,-12.02788],[-64.92129,-12.02798],[-64.92576,-12.02669],[-64.93043,-12.02313],[-64.94687,-11.99417],[-64.9544,-11.99413],[-64.96342,-11.99744],[-64.96866,-12.00629],[-64.97099,-12.01539],[-64.97432,-12.01862],[-64.97846,-12.01913],[-64.98605,-12.01501],[-64.99277,-12.00709],[-64.99658,-11.99906],[-65.0031,-11.99492],[-65.01233,-11.99384],[-65.02132,-11.99896],[-65.027,-11.9992],[-65.03239,-11.99821],[-65.03643,-11.9957],[-65.03825,-11.9865],[-65.02858,-11.97517],[-65.02756,-11.97167],[-65.03059,-11.96649],[-65.04138,-11.9678],[-65.0431,-11.96386],[-65.04126,-11.95931],[-65.02658,-11.94178],[-65.0216,-11.92781],[-65.01725,-11.90844],[-65.01788,-11.89636],[-65.02472,-11.88846],[-65.05709,-11.88566],[-65.06316,-11.88174],[-65.06926,-11.87533],[-65.07366,-11.86584],[-65.07359,-11.85762],[-65.06275,-11.8292],[-65.0599,-11.79795],[-65.06294,-11.77489],[-65.08048,-11.74136],[-65.08296,-11.7305],[-65.08281,-11.71331],[-65.09028,-11.70615],[-65.09709,-11.70376],[-65.10271,-11.70441],[-65.11157,-11.70836],[-65.12651,-11.72116],[-65.13229,-11.72315],[-65.14725,-11.72068],[-65.18423,-11.72118],[-65.18982,-11.72354],[-65.19286,-11.72779],[-65.19319,-11.73219],[-65.19139,-11.73598],[-65.18571,-11.74049],[-65.17399,-11.74664],[-65.17395,-11.75008],[-65.17545,-11.75373],[-65.17987,-11.75608],[-65.1853,-11.75653],[-65.21784,-11.74398],[-65.24563,-11.72486],[-65.25702,-11.71412],[-65.26078,-11.70824],[-65.26125,-11.70252],[-65.25955,-11.69887],[-65.23387,-11.67751],[-65.22454,-11.66475],[-65.22163,-11.65114],[-65.22199,-11.63835],[-65.22525,-11.62674],[-65.23197,-11.61689],[-65.23282,-11.61117],[-65.22932,-11.5832],[-65.23264,-11.56719],[-65.23195,-11.5605],[-65.22892,-11.5553],[-65.21244,-11.54209],[-65.21158,-11.53368],[-65.21319,-11.52682],[-65.21754,-11.51981],[-65.22573,-11.51571],[-65.26064,-11.51291],[-65.28651,-11.50503],[-65.30457,-11.50144],[-65.3087,-11.49691],[-65.31013,-11.491],[-65.31214,-11.47024],[-65.32238,-11.42757],[-65.32924,-11.37634],[-65.33311,-11.3611],[-65.33444,-11.34813],[-65.33358,-11.33971],[-65.33035,-11.3347],[-65.32611,-11.3335],[-65.31291,-11.33582],[-65.29878,-11.33545],[-65.2936,-11.33233],[-65.29076,-11.32714],[-65.29007,-11.32082],[-65.29342,-11.31609],[-65.30677,-11.31626],[-65.33702,-11.31262],[-65.34287,-11.30967],[-65.34702,-11.30247],[-65.35202,-11.29011],[-65.35974,-11.26116],[-65.36195,-11.22427],[-65.3595,-11.21889],[-65.35491,-11.21406],[-65.34915,-11.21093],[-65.32711,-11.20913],[-65.32171,-11.20735],[-65.316,-11.19963],[-65.31512,-11.19332],[-65.31653,-11.18818],[-65.32552,-11.18179],[-65.33171,-11.18187],[-65.34634,-11.18797],[-65.35118,-11.18726],[-65.35573,-11.17987],[-65.35686,-11.16632],[-65.36251,-11.14823],[-65.36219,-11.14288],[-65.36072,-11.13606],[-65.35713,-11.12914],[-65.35122,-11.12219],[-65.33993,-11.11269],[-65.31898,-11.10135],[-65.29543,-11.09724],[-65.28851,-11.09429],[-65.28334,-11.09002],[-65.2791,-11.07373],[-65.27978,-11.06533],[-65.28376,-11.0564],[-65.30152,-11.03644],[-65.30054,-11.02947],[-65.29708,-11.02474],[-65.27663,-11.00603],[-65.26859,-10.99988],[-65.25686,-10.99504],[-65.25216,-10.9915],[-65.25072,-10.98407],[-65.25914,-10.97264],[-65.26813,-10.96383],[-65.27299,-10.95451],[-65.27433,-10.94514],[-65.26708,-10.92523],[-65.26643,-10.91572],[-65.26753,-10.90121],[-65.27399,-10.8748],[-65.27945,-10.86619],[-65.29897,-10.84781],[-65.31629,-10.82571],[-65.35304,-10.79906],[-65.3592,-10.79611],[-65.36186,-10.79175],[-65.36132,-10.78539],[-65.34794,-10.77848],[-65.3442,-10.77087],[-65.34365,-10.76617],[-65.34357,-10.75964],[-65.34933,-10.74275],[-65.34895,-10.73438],[-65.34499,-10.72192],[-65.3431,-10.7036],[-65.34923,-10.67008],[-65.35264,-10.66251],[-65.37366,-10.64648],[-65.37865,-10.64535],[-65.39268,-10.64626],[-65.39904,-10.64469],[-65.40497,-10.64087],[-65.40606,-10.63745],[-65.40317,-10.62637],[-65.40521,-10.62042],[-65.40886,-10.61799],[-65.41073,-10.61234],[-65.4098,-10.60203],[-65.40878,-10.59828],[-65.39788,-10.5892],[-65.39555,-10.58171],[-65.40204,-10.5682],[-65.40475,-10.55289],[-65.40752,-10.54895],[-65.41722,-10.54195],[-65.42045,-10.53602],[-65.42152,-10.53007],[-65.42027,-10.5265],[-65.41248,-10.51775],[-65.41108,-10.51432],[-65.41147,-10.50552],[-65.4176,-10.49692],[-65.42963,-10.48666],[-65.43054,-10.48227],[-65.424,-10.46443],[-65.42095,-10.46255],[-65.40743,-10.4651],[-65.40357,-10.46321],[-65.3986,-10.45846],[-65.39585,-10.44835],[-65.39071,-10.44587],[-65.38198,-10.43131],[-65.37852,-10.40769],[-65.38093,-10.3982],[-65.391,-10.38122],[-65.39782,-10.39259],[-65.39767,-10.39849],[-65.40062,-10.4073],[-65.40815,-10.41405],[-65.42495,-10.41691],[-65.43818,-10.41314],[-65.44817,-10.41466],[-65.47212,-10.4292],[-65.48384,-10.43812],[-65.4864,-10.4463],[-65.48784,-10.46238],[-65.49392,-10.4785],[-65.50208,-10.49159],[-65.5099,-10.49673],[-65.52998,-10.50123],[-65.53598,-10.50422],[-65.54438,-10.50469],[-65.55543,-10.5078],[-65.57484,-10.5202],[-65.5798,-10.52919],[-65.58725,-10.53684],[-65.61805,-10.53991],[-65.62354,-10.54569],[-65.62448,-10.55775],[-65.63333,-10.56358],[-65.64728,-10.56613],[-65.68361,-10.56418],[-65.70989,-10.56571],[-65.72324,-10.56495],[-65.72787,-10.56685],[-65.73198,-10.57167],[-65.7343,-10.57769],[-65.73424,-10.59166],[-65.72465,-10.6119],[-65.70411,-10.64462],[-65.70194,-10.65138],[-65.71106,-10.68359],[-65.71963,-10.69515],[-65.73353,-10.70693],[-65.75308,-10.71691],[-65.78773,-10.73065],[-65.81257,-10.74333],[-65.8201,-10.74417],[-65.82708,-10.74175],[-65.83198,-10.73569],[-65.84047,-10.718],[-65.86026,-10.69258],[-65.86396,-10.68975],[-65.8688,-10.68903],[-65.87997,-10.69335],[-65.88781,-10.70146],[-65.8958,-10.71377],[-65.90376,-10.72915],[-65.90564,-10.7349],[-65.90558,-10.74083],[-65.90302,-10.74558],[-65.88124,-10.75741],[-65.86838,-10.7676],[-65.85177,-10.78437],[-65.8486,-10.79179],[-65.84982,-10.82296],[-65.85072,-10.82966],[-65.85396,-10.8339],[-65.85974,-10.83549],[-65.88107,-10.83055],[-65.90467,-10.82983],[-65.91494,-10.82744],[-65.9354,-10.81347],[-65.9688,-10.79767],[-65.97575,-10.79699],[-65.98253,-10.79855],[-66.00055,-10.81037],[-66.01032,-10.81311],[-66.0442,-10.83137],[-66.07177,-10.84753],[-66.07633,-10.85166],[-66.07612,-10.85666],[-66.07101,-10.86312],[-66.06286,-10.86607],[-66.05595,-10.86707],[-66.04862,-10.86548],[-66.0285,-10.85454],[-66.02145,-10.85492],[-66.01545,-10.8582],[-66.0131,-10.86371],[-66.01543,-10.87186],[-66.02068,-10.87908],[-66.03823,-10.88905],[-66.04373,-10.89555],[-66.04728,-10.903],[-66.04911,-10.91401],[-66.04697,-10.94185],[-66.05786,-10.98661],[-66.06085,-10.98978],[-66.06613,-10.99132],[-66.08139,-10.99252],[-66.0882,-10.99198],[-66.0923,-10.99008],[-66.10656,-11.02279],[-66.10821,-11.0327],[-66.10669,-11.03928],[-66.10347,-11.04255],[-66.09853,-11.04322],[-66.09152,-11.04731],[-66.09337,-11.05063],[-66.10425,-11.05145],[-66.13744,-11.04216],[-66.14178,-11.04363],[-66.14394,-11.04609],[-66.1433,-11.05196],[-66.12695,-11.07581],[-66.12339,-11.08381],[-66.12163,-11.10028],[-66.12639,-11.11826],[-66.13078,-11.12461],[-66.13769,-11.1306],[-66.15294,-11.13553],[-66.1574,-11.13442],[-66.16015,-11.1312],[-66.16518,-11.11113],[-66.17035,-11.09741],[-66.17783,-11.08467],[-66.18332,-11.07707],[-66.18643,-11.07538],[-66.19379,-11.07487],[-66.19591,-11.07681],[-66.21468,-11.11855],[-66.21425,-11.12237],[-66.20045,-11.12836],[-66.19634,-11.13234],[-66.1908,-11.14548],[-66.1858,-11.18183],[-66.18879,-11.1876],[-66.20288,-11.20279],[-66.21645,-11.21158],[-66.24092,-11.22041],[-66.24412,-11.21958],[-66.2472,-11.21645],[-66.25018,-11.20902],[-66.2534,-11.20661],[-66.25805,-11.20637],[-66.26152,-11.20798],[-66.26695,-11.21721],[-66.26969,-11.23487],[-66.26847,-11.24103],[-66.26343,-11.25131],[-66.25509,-11.25783],[-66.25138,-11.26608],[-66.25251,-11.26968],[-66.25625,-11.2733],[-66.26612,-11.27483],[-66.27093,-11.27272],[-66.27544,-11.27262],[-66.2776,-11.2745],[-66.27757,-11.27766],[-66.2699,-11.28963],[-66.24303,-11.3033],[-66.2379,-11.30812],[-66.22578,-11.32909],[-66.22542,-11.3364],[-66.22814,-11.34044],[-66.23306,-11.34264],[-66.24355,-11.34016],[-66.2722,-11.32293],[-66.29029,-11.31549],[-66.29655,-11.31412],[-66.31092,-11.31582],[-66.33149,-11.32347],[-66.33825,-11.33113],[-66.33593,-11.34565],[-66.32965,-11.34904],[-66.31916,-11.35167],[-66.31769,-11.35366],[-66.31794,-11.35869],[-66.32096,-11.36115],[-66.32705,-11.3635],[-66.34157,-11.36435],[-66.3578,-11.36745],[-66.3737,-11.37456],[-66.38963,-11.37818],[-66.43023,-11.37369],[-66.44034,-11.37635],[-66.46138,-11.39214],[-66.46459,-11.39633],[-66.46705,-11.40567],[-66.46307,-11.41759],[-66.46398,-11.42381],[-66.47025,-11.42781],[-66.48295,-11.43019],[-66.49503,-11.44103],[-66.50544,-11.44315],[-66.50719,-11.44202],[-66.51073,-11.43703],[-66.51093,-11.43],[-66.51257,-11.42571],[-66.51507,-11.42229],[-66.51902,-11.42003],[-66.53437,-11.41829],[-66.54706,-11.41438],[-66.55433,-11.41444],[-66.55984,-11.41621],[-66.57387,-11.4245],[-66.58213,-11.42787],[-66.5907,-11.42937],[-66.61514,-11.428],[-66.6316,-11.42397],[-66.63741,-11.42545],[-66.63899,-11.42733],[-66.63896,-11.43063],[-66.63353,-11.455],[-66.63347,-11.46203],[-66.63386,-11.46734],[-66.63615,-11.47166],[-66.63948,-11.47327],[-66.64254,-11.47257],[-66.65059,-11.46676],[-66.66743,-11.45269],[-66.68918,-11.44339],[-66.695,-11.44287],[-66.70529,-11.44653],[-66.71778,-11.45808],[-66.73331,-11.47986],[-66.73401,-11.48417],[-66.72947,-11.48787],[-66.71959,-11.48621],[-66.70881,-11.48814],[-66.70092,-11.49252],[-66.69594,-11.49722],[-66.68636,-11.5122],[-66.67908,-11.53103],[-66.67683,-11.53876],[-66.67577,-11.5617],[-66.67778,-11.56545],[-66.68039,-11.56575],[-66.69222,-11.56097],[-66.69687,-11.56072],[-66.72142,-11.56622],[-66.74767,-11.57618],[-66.75968,-11.58463],[-66.76242,-11.5878],[-66.76283,-11.59125],[-66.76092,-11.59425],[-66.73403,-11.60839],[-66.72051,-11.6067],[-66.71657,-11.60753],[-66.71276,-11.61051],[-66.71096,-11.61796],[-66.72192,-11.62952],[-66.72704,-11.64494],[-66.72948,-11.64855],[-66.73527,-11.65232],[-66.73584,-11.65477],[-66.73349,-11.65733],[-66.7294,-11.65802],[-66.71705,-11.65577],[-66.70859,-11.65857],[-66.70668,-11.66071],[-66.70534,-11.66457],[-66.70601,-11.67132],[-66.71174,-11.68183],[-66.72536,-11.69055],[-66.76204,-11.70851],[-66.7639,-11.71226],[-66.76359,-11.7322],[-66.76487,-11.73608],[-66.7721,-11.74231],[-66.78125,-11.74496],[-66.79074,-11.74274],[-66.79411,-11.74004],[-66.79593,-11.73087],[-66.79363,-11.72721],[-66.78289,-11.72182],[-66.77408,-11.71343],[-66.77112,-11.70193],[-66.77189,-11.69663],[-66.77453,-11.69421],[-66.7792,-11.69281],[-66.81149,-11.69535],[-66.81672,-11.69726],[-66.82611,-11.70622],[-66.82912,-11.71256],[-66.8314,-11.72744],[-66.83509,-11.73981],[-66.83766,-11.76465],[-66.83984,-11.76639],[-66.85209,-11.76289],[-66.86089,-11.75492],[-66.8665,-11.74507],[-66.87016,-11.74294],[-66.87963,-11.74201],[-66.90466,-11.7442],[-66.91046,-11.74711],[-66.91732,-11.76467],[-66.91883,-11.77673],[-66.91792,-11.7806],[-66.915,-11.78172],[-66.90962,-11.78111],[-66.89728,-11.77571],[-66.88653,-11.77291],[-66.8804,-11.77386],[-66.87718,-11.777],[-66.87184,-11.78858],[-66.87104,-11.79259],[-66.87315,-11.80157],[-66.87127,-11.80909],[-66.86785,-11.81229],[-66.8564,-11.81723],[-66.85673,-11.82261],[-66.89366,-11.85794],[-66.9037,-11.86256],[-66.91316,-11.86347],[-66.91885,-11.86554],[-66.94139,-11.87802],[-66.95329,-11.87823],[-66.95546,-11.88016],[-66.95646,-11.89315],[-66.9585,-11.89544],[-66.96468,-11.89692],[-66.97186,-11.89458],[-66.97586,-11.89592],[-66.97911,-11.90001],[-66.97967,-11.90659],[-66.97803,-11.91399],[-66.97384,-11.92221],[-66.96942,-11.92888],[-66.9561,-11.94062],[-66.95234,-11.94011],[-66.94993,-11.9371],[-66.95045,-11.93304],[-66.95737,-11.91695],[-66.95377,-11.91119],[-66.94601,-11.90981],[-66.93455,-11.91547],[-66.92757,-11.92391],[-66.9264,-11.93454],[-66.93094,-11.94416],[-66.93004,-11.95025],[-66.92796,-11.95275],[-66.92527,-11.95464],[-66.92248,-11.95414],[-66.91366,-11.9493],[-66.90843,-11.95045],[-66.90586,-11.95294],[-66.90194,-11.97899],[-66.89383,-12.00288],[-66.89371,-12.00738],[-66.89851,-12.02296],[-66.91001,-12.0473],[-66.91074,-12.05254],[-66.90861,-12.05686],[-66.89533,-12.05477],[-66.88855,-12.0581],[-66.88654,-12.06243],[-66.88432,-12.07655],[-66.87311,-12.10632],[-66.87612,-12.11346],[-66.92195,-12.15344],[-66.92532,-12.1615],[-66.9242,-12.17293],[-66.92064,-12.18435],[-66.91809,-12.18612],[-66.89712,-12.19026],[-66.89312,-12.19372],[-66.8892,-12.20001],[-66.88581,-12.21466],[-66.88518,-12.23794],[-66.88694,-12.25124],[-66.89669,-12.26269],[-66.91008,-12.28539],[-66.9456,-12.29741],[-66.9486,-12.305],[-66.94879,-12.3115],[-66.94605,-12.32757],[-66.93714,-12.33172],[-66.92019,-12.3339],[-66.90661,-12.342],[-66.9,-12.35169],[-66.89758,-12.36123],[-66.89733,-12.3692],[-66.89948,-12.3732],[-66.91294,-12.37563],[-66.9193,-12.37843],[-66.93854,-12.39866],[-66.96977,-12.41863],[-66.96925,-12.42332],[-66.96528,-12.42963],[-66.95319,-12.44552],[-66.93523,-12.46546],[-66.93267,-12.47218],[-66.93664,-12.47559],[-66.95265,-12.47512],[-66.96427,-12.48093],[-66.96624,-12.4823],[-66.96786,-12.48653],[-66.96731,-12.49034],[-66.96067,-12.50386],[-66.95546,-12.50845],[-66.92048,-12.52842],[-66.91742,-12.53385],[-66.91903,-12.53855],[-66.92789,-12.53938],[-66.93565,-12.54317],[-66.94369,-12.55735],[-66.94687,-12.55961],[-66.96951,-12.56783],[-66.97299,-12.57159],[-66.97456,-12.57648],[-66.97691,-12.59271],[-66.97309,-12.59584],[-66.95643,-12.59686],[-66.94677,-12.59937],[-66.93952,-12.6105],[-66.92896,-12.61929],[-66.92652,-12.62556],[-66.92734,-12.62999],[-66.93,-12.63228],[-66.9368,-12.63413],[-66.94059,-12.6326],[-66.94369,-12.62605],[-66.94589,-12.62439],[-66.95113,-12.6236],[-66.95461,-12.62984],[-66.95509,-12.64084],[-66.95663,-12.64528],[-66.9628,-12.65035],[-66.97083,-12.65184],[-66.97529,-12.6569],[-66.97502,-12.6606],[-66.97317,-12.66322],[-66.96877,-12.66522],[-66.95146,-12.66796],[-66.94705,-12.67091],[-66.93939,-12.68496],[-66.93974,-12.68747],[-66.9452,-12.68979],[-66.95825,-12.68738],[-66.96932,-12.6887],[-66.97125,-12.69027],[-66.97071,-12.69697],[-66.96076,-12.70849],[-66.95384,-12.72063],[-66.95259,-12.72444],[-66.95329,-12.72808],[-66.95884,-12.7353],[-66.96164,-12.73508],[-66.97083,-12.7281],[-66.97376,-12.72764],[-66.98044,-12.72961],[-66.98309,-12.73334],[-66.9806,-12.74061],[-66.96868,-12.75379],[-66.96704,-12.76059],[-66.96892,-12.76895],[-66.96817,-12.77158],[-66.95237,-12.78162],[-66.9478,-12.79031],[-66.95003,-12.80037],[-66.95404,-12.80219],[-66.97031,-12.79276],[-66.98074,-12.78363],[-66.98343,-12.78305],[-66.98561,-12.78462],[-66.98689,-12.79181],[-66.98309,-12.80971],[-66.97385,-12.8186],[-66.95757,-12.82008],[-66.94394,-12.82342],[-66.9429,-12.826],[-66.94645,-12.83879],[-66.94919,-12.84355],[-66.95138,-12.84414],[-66.96087,-12.83618],[-66.9694,-12.83684],[-66.9729,-12.83998],[-66.97339,-12.84716],[-66.97623,-12.85106],[-66.97909,-12.85168],[-66.98654,-12.84953],[-66.99018,-12.85119],[-66.99408,-12.86289],[-66.99316,-12.88077],[-66.99515,-12.88853],[-67.00098,-12.88982],[-67.01194,-12.88522],[-67.01887,-12.88403],[-67.02753,-12.88648],[-67.0348,-12.89237],[-67.03629,-12.9009],[-67.0336,-12.90891],[-67.02402,-12.91152],[-67.01116,-12.90989],[-67.00041,-12.91272],[-66.99814,-12.91662],[-67.00025,-12.92084],[-67.01208,-12.92945],[-67.02065,-12.93076],[-67.0312,-12.92902],[-67.03659,-12.93193],[-67.04237,-12.94221],[-67.04693,-12.95669],[-67.04435,-12.96269],[-67.03944,-12.96686],[-67.03841,-12.97413],[-67.04345,-12.97789],[-67.0599,-12.9828],[-67.06804,-12.98965],[-67.07024,-12.99436],[-67.06942,-12.99971],[-67.06529,-13.00379],[-67.04608,-13.01096],[-67.04339,-13.01313],[-67.04294,-13.0415],[-67.04669,-13.05126],[-67.05309,-13.05327],[-67.0576,-13.05113],[-67.06056,-13.0466],[-67.05887,-13.03294],[-67.06115,-13.02985],[-67.06543,-13.02874],[-67.0896,-13.04558],[-67.09343,-13.04571],[-67.09802,-13.04161],[-67.09783,-13.03747],[-67.09203,-13.03091],[-67.09228,-13.02688],[-67.09601,-13.02546],[-67.10455,-13.02686],[-67.11126,-13.03115],[-67.11234,-13.03685],[-67.11086,-13.04036],[-67.10086,-13.05311],[-67.10189,-13.06492],[-67.10636,-13.06847],[-67.11075,-13.06829],[-67.11674,-13.06575],[-67.117,-13.06079],[-67.11145,-13.05092],[-67.11485,-13.04794],[-67.14051,-13.04678],[-67.14811,-13.05294],[-67.14649,-13.07476],[-67.14407,-13.08198],[-67.13502,-13.08881],[-67.13443,-13.09222],[-67.13889,-13.09825],[-67.15908,-13.10294],[-67.16307,-13.11146],[-67.16591,-13.12379],[-67.17039,-13.12558],[-67.18342,-13.1209],[-67.18622,-13.12247],[-67.18743,-13.12579],[-67.18708,-13.12775],[-67.18437,-13.12939],[-67.16936,-13.13476],[-67.16104,-13.1543],[-67.15928,-13.16297],[-67.16027,-13.1664],[-67.16623,-13.16737],[-67.19419,-13.16219],[-67.22067,-13.1662],[-67.22807,-13.17112],[-67.22815,-13.17495],[-67.22565,-13.17834],[-67.21729,-13.18242],[-67.2015,-13.18635],[-67.19844,-13.18881],[-67.19795,-13.19528],[-67.204,-13.19853],[-67.21221,-13.19983],[-67.23793,-13.1938],[-67.24578,-13.19727],[-67.25393,-13.20695],[-67.26675,-13.20963],[-67.26847,-13.21624],[-67.26776,-13.22058],[-67.26466,-13.22883],[-67.2582,-13.23479],[-67.24953,-13.25186],[-67.25117,-13.25829],[-67.25803,-13.25958],[-67.26537,-13.25725],[-67.26889,-13.25365],[-67.2721,-13.24529],[-67.27573,-13.24169],[-67.28474,-13.24196],[-67.29404,-13.24772],[-67.29537,-13.25052],[-67.29536,-13.25321],[-67.29331,-13.25568],[-67.28675,-13.25998],[-67.26703,-13.26171],[-67.2643,-13.26583],[-67.26279,-13.27202],[-67.26393,-13.28677],[-67.26636,-13.29279],[-67.27823,-13.30311],[-67.28294,-13.30532],[-67.2861,-13.3041],[-67.2877,-13.30131],[-67.28813,-13.27286],[-67.29406,-13.2725],[-67.30077,-13.27844],[-67.30298,-13.28487],[-67.30296,-13.2887],[-67.29626,-13.29579],[-67.29624,-13.29869],[-67.30014,-13.30513],[-67.31607,-13.31393],[-67.32607,-13.32686],[-67.34851,-13.34046],[-67.35702,-13.34786],[-67.35801,-13.35108],[-67.35608,-13.35386],[-67.34143,-13.35376],[-67.33027,-13.35565],[-67.32687,-13.35853],[-67.32661,-13.36277],[-67.32873,-13.36578],[-67.33377,-13.36985],[-67.3779,-13.3859],[-67.38631,-13.39144],[-67.39022,-13.39674],[-67.39098,-13.4013],[-67.3889,-13.40863],[-67.37917,-13.41374],[-67.37712,-13.41673],[-67.37721,-13.42004],[-67.3799,-13.42213],[-67.39622,-13.42658],[-67.39786,-13.43016],[-67.39589,-13.4377],[-67.39136,-13.44056],[-67.3762,-13.44346],[-67.35923,-13.44298],[-67.35529,-13.44482],[-67.35521,-13.44621],[-67.35674,-13.45284],[-67.35888,-13.45544],[-67.36477,-13.4571],[-67.38213,-13.45509],[-67.38888,-13.45615],[-67.39147,-13.46068],[-67.3915,-13.46616],[-67.38748,-13.47811],[-67.38252,-13.48427],[-67.37707,-13.48604],[-67.37079,-13.48389],[-67.36694,-13.47653],[-67.36011,-13.4692],[-67.3556,-13.46737],[-67.35121,-13.4674],[-67.34777,-13.47147],[-67.35143,-13.4822],[-67.35876,-13.49064],[-67.36923,-13.49353],[-67.37549,-13.49947],[-67.37391,-13.50927],[-67.37541,-13.51586],[-67.38043,-13.51938],[-67.39002,-13.5168],[-67.3965,-13.51858],[-67.40334,-13.52633],[-67.40443,-13.52946],[-67.40059,-13.53503],[-67.38597,-13.53452],[-67.38188,-13.53858],[-67.37813,-13.54909],[-67.3798,-13.56614],[-67.37782,-13.56805],[-67.37262,-13.57006],[-67.3579,-13.56533],[-67.35341,-13.56964],[-67.35389,-13.5762],[-67.36217,-13.58335],[-67.36457,-13.58764],[-67.36152,-13.60022],[-67.36329,-13.60896],[-67.36735,-13.61079],[-67.37411,-13.60933],[-67.37638,-13.60477],[-67.38112,-13.60174],[-67.38473,-13.60128],[-67.38819,-13.60353],[-67.38683,-13.61068],[-67.37857,-13.61763],[-67.36949,-13.63189],[-67.36494,-13.6348],[-67.36354,-13.63823],[-67.36765,-13.64144],[-67.38432,-13.63975],[-67.39344,-13.64071],[-67.41343,-13.64791],[-67.4189,-13.65336],[-67.43482,-13.65762],[-67.43871,-13.6636],[-67.43908,-13.66691],[-67.43557,-13.68332],[-67.42789,-13.69247],[-67.41899,-13.69946],[-67.41712,-13.70426],[-67.42036,-13.70744],[-67.4285,-13.70671],[-67.4315,-13.71022],[-67.4313,-13.72045],[-67.42661,-13.7345],[-67.43073,-13.73633],[-67.43494,-13.73546],[-67.4487,-13.72929],[-67.45016,-13.72713],[-67.4502,-13.71979],[-67.45201,-13.71505],[-67.45878,-13.71268],[-67.46229,-13.71822],[-67.46099,-13.72633],[-67.45116,-13.73469],[-67.45042,-13.73842],[-67.45647,-13.74393],[-67.46382,-13.74534],[-67.47351,-13.74948],[-67.47816,-13.76133],[-67.48391,-13.76644],[-67.49021,-13.76901],[-67.50901,-13.77225],[-67.52208,-13.77931],[-67.52517,-13.78316],[-67.52545,-13.78942],[-67.52125,-13.79308],[-67.51517,-13.79438],[-67.50448,-13.79398],[-67.48945,-13.78993],[-67.48458,-13.79047],[-67.48176,-13.79455],[-67.48404,-13.80226],[-67.50689,-13.81633],[-67.51283,-13.82338],[-67.51561,-13.82868],[-67.51591,-13.83271],[-67.50146,-13.8354],[-67.49618,-13.83848],[-67.49168,-13.84244],[-67.49014,-13.84992],[-67.4864,-13.85357],[-67.4815,-13.85277],[-67.46706,-13.84006],[-67.46461,-13.83951],[-67.46144,-13.8415],[-67.45955,-13.84601],[-67.46053,-13.84957],[-67.47394,-13.86442],[-67.47791,-13.87255],[-67.47822,-13.88074],[-67.47966,-13.884],[-67.49767,-13.89172],[-67.50432,-13.89622],[-67.51184,-13.90622],[-67.513,-13.91097],[-67.51123,-13.91413],[-67.49433,-13.90863],[-67.49021,-13.90885],[-67.48614,-13.91117],[-67.48468,-13.91507],[-67.48615,-13.91981],[-67.49526,-13.92927],[-67.52741,-13.95334],[-67.53256,-13.95988],[-67.53239,-13.96626],[-67.53877,-13.97721],[-67.53949,-13.98257],[-67.52741,-14.00736],[-67.527,-14.01721],[-67.52905,-14.02045],[-67.53246,-14.02248],[-67.54483,-14.02344],[-67.54766,-14.02741],[-67.54835,-14.03157],[-67.54588,-14.03758],[-67.52557,-14.04586],[-67.50792,-14.05663],[-67.49836,-14.06009],[-67.49402,-14.0648],[-67.49424,-14.06792],[-67.51326,-14.08255],[-67.51666,-14.08757],[-67.5197,-14.0893],[-67.52616,-14.0899],[-67.54215,-14.08659],[-67.54807,-14.08891],[-67.55058,-14.09352],[-67.55043,-14.0966],[-67.5466,-14.10347],[-67.53969,-14.11008],[-67.52359,-14.10409],[-67.51521,-14.10324],[-67.50839,-14.10688],[-67.50483,-14.11239],[-67.50488,-14.11875],[-67.5069,-14.12423],[-67.51852,-14.13682],[-67.53464,-14.16591],[-67.53606,-14.17576],[-67.53431,-14.19214],[-67.53067,-14.19948],[-67.5126,-14.2196],[-67.50909,-14.2273],[-67.5088,-14.23113],[-67.51046,-14.23515],[-67.52032,-14.25083],[-67.51859,-14.25623],[-67.51258,-14.26195],[-67.48998,-14.26989],[-67.48442,-14.27322],[-67.47514,-14.27996],[-67.47261,-14.28823],[-67.47519,-14.29511],[-67.4826,-14.29854],[-67.48688,-14.29834],[-67.5052,-14.29072],[-67.51034,-14.29074],[-67.51701,-14.29407],[-67.52561,-14.30263],[-67.53667,-14.32069],[-67.54138,-14.32548],[-67.56059,-14.33795],[-67.56217,-14.34385],[-67.55952,-14.34697],[-67.55249,-14.34572],[-67.549,-14.34178],[-67.5458,-14.34053],[-67.54201,-14.34073],[-67.53788,-14.34521],[-67.53625,-14.35368],[-67.53797,-14.36021],[-67.54199,-14.36399],[-67.55465,-14.36684],[-67.55813,-14.36952],[-67.55746,-14.37287],[-67.54356,-14.38113],[-67.5417,-14.38606],[-67.54264,-14.39045],[-67.55799,-14.39934],[-67.55966,-14.40555],[-67.55716,-14.4107],[-67.54966,-14.41469],[-67.53288,-14.41709],[-67.53124,-14.43062],[-67.53395,-14.45008],[-67.53093,-14.45507],[-67.53104,-14.45869],[-67.52762,-14.46714],[-67.5224,-14.46885],[-67.51684,-14.4732],[-67.50917,-14.49302],[-67.50079,-14.49538],[-67.49119,-14.49273],[-67.48512,-14.49419],[-67.48233,-14.49869],[-67.48157,-14.50355],[-67.48325,-14.5082],[-67.48587,-14.51068],[-67.49198,-14.51289],[-67.4943,-14.51573],[-67.49672,-14.5223],[-67.4991,-14.53986],[-67.49858,-14.54834],[-67.50006,-14.55113],[-67.4994,-14.56093],[-67.50406,-14.56439],[-67.52012,-14.57086],[-67.52191,-14.57353],[-67.52053,-14.58243],[-67.52331,-14.58634],[-67.52756,-14.5897],[-67.53763,-14.59309],[-67.53843,-14.59623],[-67.53675,-14.60221],[-67.52896,-14.60962],[-67.52605,-14.61504],[-67.52565,-14.6274],[-67.52942,-14.6326],[-67.5294,-14.63717],[-67.52158,-14.63925],[-67.51981,-14.64203],[-67.52067,-14.64389],[-67.52489,-14.64354],[-67.52841,-14.6451],[-67.52879,-14.65167],[-67.52747,-14.65369],[-67.52366,-14.65435],[-67.51809,-14.64471],[-67.51461,-14.64328],[-67.51039,-14.64485],[-67.50934,-14.64817],[-67.51406,-14.65498],[-67.51309,-14.6593],[-67.50318,-14.67104],[-67.49389,-14.67484],[-67.4896,-14.67858],[-67.49105,-14.68054],[-67.49786,-14.68361],[-67.49721,-14.68631],[-67.4861,-14.68877],[-67.47573,-14.68659],[-67.47504,-14.6883],[-67.47935,-14.69493],[-67.47946,-14.69764],[-67.47629,-14.69943],[-67.46986,-14.70019],[-67.46055,-14.71385],[-67.442,-14.72625],[-67.442,-14.73139],[-67.43888,-14.73278],[-67.43702,-14.73599],[-67.4339,-14.73718],[-67.42945,-14.73548],[-67.42619,-14.73644],[-67.42488,-14.7396],[-67.42868,-14.74528],[-67.42765,-14.74781],[-67.42293,-14.74848],[-67.4197,-14.74397],[-67.41638,-14.74479],[-67.41575,-14.7472],[-67.42017,-14.75187],[-67.42435,-14.75979],[-67.42424,-14.7623],[-67.41924,-14.76603],[-67.41681,-14.76207],[-67.41435,-14.76235],[-67.41158,-14.77112],[-67.41574,-14.77437],[-67.41636,-14.77725],[-67.41341,-14.78189],[-67.4094,-14.77944],[-67.40651,-14.78046],[-67.40413,-14.79491],[-67.40017,-14.79537],[-67.39659,-14.79277],[-67.39299,-14.79406],[-67.39419,-14.80136],[-67.39675,-14.80409],[-67.39953,-14.81334],[-67.39901,-14.81725],[-67.38875,-14.81628],[-67.38656,-14.81791],[-67.38718,-14.82016],[-67.39305,-14.82017],[-67.39577,-14.82623],[-67.40193,-14.8259],[-67.40822,-14.82779],[-67.40749,-14.83039],[-67.39987,-14.83088],[-67.39835,-14.83325],[-67.40038,-14.83655],[-67.40891,-14.83407],[-67.40986,-14.83664],[-67.40313,-14.83994],[-67.40272,-14.84257],[-67.40522,-14.84441],[-67.40934,-14.84079],[-67.41095,-14.8434],[-67.41053,-14.84501],[-67.40514,-14.84698],[-67.40346,-14.85053],[-67.4059,-14.85722],[-67.40996,-14.86106],[-67.40273,-14.86211],[-67.40059,-14.86365],[-67.40033,-14.86572],[-67.40195,-14.86721],[-67.40808,-14.86567],[-67.41277,-14.8671],[-67.41511,-14.8727],[-67.42012,-14.87648],[-67.42249,-14.88089],[-67.42893,-14.88298],[-67.4315,-14.89402],[-67.43002,-14.89816],[-67.42627,-14.89729],[-67.42419,-14.89837],[-67.4225,-14.90519],[-67.41741,-14.9046],[-67.41554,-14.90741],[-67.41706,-14.90953],[-67.42113,-14.90983],[-67.42437,-14.91186],[-67.42865,-14.92371],[-67.42771,-14.92588],[-67.42498,-14.92684],[-67.42426,-14.92261],[-67.42263,-14.92216],[-67.42154,-14.92652],[-67.41799,-14.92807],[-67.41756,-14.93104],[-67.42243,-14.93381],[-67.42049,-14.9401],[-67.42294,-14.94466],[-67.41266,-14.95049],[-67.41328,-14.95234],[-67.41816,-14.95544],[-67.41669,-14.96054],[-67.42069,-14.96418],[-67.41921,-14.97079],[-67.41647,-14.97109],[-67.41042,-14.96825],[-67.40793,-14.96901],[-67.40661,-14.9718],[-67.41002,-14.97532],[-67.41098,-14.98117],[-67.41579,-14.98611],[-67.4164,-14.9892],[-67.41362,-14.99288],[-67.40905,-14.9924],[-67.40566,-14.99476],[-67.40329,-14.99404],[-67.39973,-14.98814],[-67.3938,-14.98835],[-67.39417,-14.99216],[-67.40014,-14.99357],[-67.40079,-14.99886],[-67.39611,-15.00933],[-67.38636,-15.01277],[-67.38606,-15.01983],[-67.38154,-15.01964],[-67.38058,-15.0155],[-67.37816,-15.01483],[-67.37668,-15.02183],[-67.37345,-15.02714],[-67.37157,-15.02843],[-67.36759,-15.02822],[-67.36234,-15.03314],[-67.36039,-15.03151],[-67.35898,-15.0227],[-67.35595,-15.02095],[-67.35447,-15.02279],[-67.35454,-15.02871],[-67.35182,-15.03375],[-67.35208,-15.03685],[-67.34936,-15.03814],[-67.3475,-15.03345],[-67.34246,-15.02959],[-67.34319,-15.03673],[-67.33661,-15.03905],[-67.33496,-15.04481],[-67.32941,-15.03766],[-67.32163,-15.04551],[-67.31899,-15.0462],[-67.31808,-15.03905],[-67.31533,-15.03704],[-67.30878,-15.03957],[-67.3038,-15.04408],[-67.30084,-15.04345],[-67.30016,-15.0418],[-67.30286,-15.03833],[-67.30116,-15.03227],[-67.29788,-15.02854],[-67.29026,-15.02711],[-67.28831,-15.02994],[-67.29171,-15.03434],[-67.29123,-15.03722],[-67.28721,-15.0382],[-67.28567,-15.03692],[-67.28497,-15.03044],[-67.28296,-15.02892],[-67.27932,-15.02889],[-67.28099,-15.04079],[-67.28001,-15.04272],[-67.27506,-15.04137],[-67.26681,-15.04685],[-67.26396,-15.04663],[-67.26039,-15.0513],[-67.26155,-15.05346],[-67.25901,-15.05399],[-67.25677,-15.05246],[-67.25513,-15.05428],[-67.25651,-15.05663],[-67.25309,-15.05766],[-67.25179,-15.05678],[-67.25069,-15.04702],[-67.24943,-15.04699],[-67.24751,-15.04858],[-67.24623,-15.05402],[-67.24431,-15.05529],[-67.24301,-15.05231],[-67.24123,-15.05726],[-67.23791,-15.05856],[-67.24083,-15.0601],[-67.23792,-15.06258],[-67.23877,-15.06987],[-67.24468,-15.0731],[-67.2433,-15.07627],[-67.23857,-15.07486],[-67.23556,-15.07666],[-67.23592,-15.07826],[-67.23903,-15.07927],[-67.23316,-15.08526],[-67.23468,-15.08681],[-67.23774,-15.08582],[-67.23892,-15.08929],[-67.23802,-15.09215],[-67.23939,-15.09233],[-67.24179,-15.08858],[-67.24502,-15.0918],[-67.24315,-15.09938],[-67.23954,-15.101],[-67.23787,-15.10473],[-67.23318,-15.10849],[-67.23457,-15.10995],[-67.23712,-15.10831],[-67.23847,-15.11463],[-67.23169,-15.11244],[-67.22913,-15.11689],[-67.22552,-15.11735],[-67.22428,-15.11628],[-67.22565,-15.10958],[-67.22382,-15.10842],[-67.21877,-15.11319],[-67.21941,-15.11574],[-67.2181,-15.11752],[-67.21606,-15.11197],[-67.21315,-15.11261],[-67.20538,-15.12217],[-67.20371,-15.12748],[-67.20556,-15.13009],[-67.19924,-15.1299],[-67.19667,-15.13211],[-67.19692,-15.13411],[-67.19092,-15.1383],[-67.19099,-15.14035],[-67.19426,-15.1395],[-67.19602,-15.14303],[-67.19425,-15.14511],[-67.19436,-15.14892],[-67.19769,-15.15053],[-67.19655,-15.15465],[-67.19251,-15.15223],[-67.19,-15.14799],[-67.18624,-15.1512],[-67.18641,-15.15794],[-67.18151,-15.15763],[-67.18007,-15.15631],[-67.17735,-15.16253],[-67.17573,-15.16341],[-67.17361,-15.16199],[-67.17078,-15.16446],[-67.17257,-15.17056],[-67.1678,-15.17073],[-67.16914,-15.17377],[-67.16754,-15.1767],[-67.16708,-15.18444],[-67.16214,-15.18607],[-67.1593,-15.18354],[-67.15735,-15.18373],[-67.15787,-15.18864],[-67.1603,-15.18922],[-67.16097,-15.19176],[-67.15688,-15.19079],[-67.15525,-15.19653],[-67.15625,-15.19884],[-67.15488,-15.20059],[-67.15355,-15.20057],[-67.15244,-15.1966],[-67.15137,-15.19682],[-67.1494,-15.2024],[-67.14736,-15.20395],[-67.1474,-15.20739],[-67.14458,-15.2085],[-67.1449,-15.21229],[-67.14192,-15.2154],[-67.14358,-15.21799],[-67.13838,-15.21863],[-67.13688,-15.22131],[-67.13682,-15.22731],[-67.13531,-15.23066],[-67.13798,-15.23071],[-67.13908,-15.23434],[-67.13709,-15.2353],[-67.13536,-15.23275],[-67.13393,-15.23284],[-67.12678,-15.25065],[-67.12777,-15.25177],[-67.13081,-15.24995],[-67.13649,-15.25015],[-67.13536,-15.25348],[-67.13027,-15.25814],[-67.13246,-15.26032],[-67.13387,-15.25893],[-67.13753,-15.25959],[-67.13739,-15.26481],[-67.1322,-15.26294],[-67.1293,-15.26959],[-67.12984,-15.27202],[-67.13422,-15.27101],[-67.13568,-15.27467],[-67.12688,-15.27378],[-67.1256,-15.2772],[-67.11838,-15.27706],[-67.1143,-15.27937],[-67.10899,-15.28984],[-67.1044,-15.29006],[-67.10604,-15.29604],[-67.10213,-15.30052],[-67.09004,-15.30092],[-67.08606,-15.3053],[-67.08448,-15.31156],[-67.08229,-15.31225],[-67.08139,-15.31455],[-67.08068,-15.32118],[-67.08615,-15.32227],[-67.08414,-15.32735],[-67.08327,-15.33737],[-67.08832,-15.34545],[-67.08856,-15.35294],[-67.0937,-15.35582],[-67.0945,-15.36088],[-67.0995,-15.36023],[-67.10296,-15.36256],[-67.10556,-15.36682],[-67.10583,-15.37179],[-67.11651,-15.38708],[-67.11545,-15.3902],[-67.11833,-15.3933],[-67.11042,-15.39236],[-67.10984,-15.39462],[-67.11287,-15.39566],[-67.11272,-15.39859],[-67.11082,-15.40039],[-67.10646,-15.39937],[-67.10453,-15.40563],[-67.10097,-15.40482],[-67.09967,-15.40698],[-67.10041,-15.41119],[-67.09663,-15.41094],[-67.09574,-15.40709],[-67.09065,-15.40723],[-67.09306,-15.41075],[-67.08876,-15.41226],[-67.08704,-15.41144],[-67.08453,-15.41358],[-67.08625,-15.4145],[-67.08661,-15.41871],[-67.08438,-15.42257],[-67.08056,-15.42389],[-67.08099,-15.42748],[-67.07269,-15.42699],[-67.07019,-15.42802],[-67.06707,-15.43104],[-67.0701,-15.43321],[-67.06543,-15.4374],[-67.06589,-15.4398],[-67.05895,-15.44095],[-67.05918,-15.44203],[-67.06379,-15.4417],[-67.06191,-15.44405],[-67.05537,-15.4464],[-67.05176,-15.44504],[-67.05047,-15.45062],[-67.04734,-15.44906],[-67.04669,-15.44639],[-67.04346,-15.45003],[-67.04005,-15.44992],[-67.03993,-15.45248],[-67.04342,-15.45301],[-67.0437,-15.45438],[-67.0366,-15.45539],[-67.03577,-15.45725],[-67.03716,-15.45871],[-67.03226,-15.459],[-67.03058,-15.46259],[-67.0276,-15.46164],[-67.02862,-15.46437],[-67.02595,-15.46387],[-67.02538,-15.46759],[-67.02178,-15.4661],[-67.01589,-15.47278],[-67.0135,-15.47192],[-67.00779,-15.47656],[-67.00249,-15.47664],[-67.00149,-15.47924],[-67.00307,-15.48119],[-67.00278,-15.48512],[-67.00099,-15.48705],[-66.99331,-15.48628],[-66.99209,-15.49029],[-66.98836,-15.48959],[-66.98394,-15.49308],[-66.98642,-15.49502],[-66.98536,-15.49727],[-66.97852,-15.49762],[-66.97814,-15.50192],[-66.97463,-15.49946],[-66.9693,-15.50504],[-66.96696,-15.50575],[-66.96566,-15.50835],[-66.96231,-15.50677],[-66.96277,-15.51106],[-66.95904,-15.5158],[-66.95908,-15.51954],[-66.95588,-15.52218],[-66.95654,-15.52531],[-66.9545,-15.52376],[-66.94967,-15.52577],[-66.9496,-15.5324],[-66.94858,-15.53292],[-66.94735,-15.5313],[-66.94618,-15.53429],[-66.94313,-15.5353],[-66.9407,-15.53934],[-66.94105,-15.54119],[-66.93643,-15.54625],[-66.93695,-15.54858],[-66.93376,-15.54922],[-66.93176,-15.55153],[-66.9311,-15.55372],[-66.93327,-15.55393],[-66.93659,-15.55906],[-66.93451,-15.56094],[-66.9346,-15.5656],[-66.93245,-15.56567],[-66.93086,-15.56839],[-66.92887,-15.56722],[-66.92349,-15.56881],[-66.92172,-15.5723],[-66.92308,-15.57524],[-66.91883,-15.57682],[-66.91968,-15.57898],[-66.91736,-15.57999],[-66.91471,-15.58465],[-66.91121,-15.58583],[-66.91238,-15.58737],[-66.91107,-15.59192],[-66.90712,-15.59363],[-66.90672,-15.59838],[-66.90416,-15.59968],[-66.90266,-15.60364],[-66.90144,-15.60283],[-66.89961,-15.60406],[-66.89921,-15.61518],[-66.90287,-15.61977],[-66.90402,-15.61901],[-66.90667,-15.62121],[-66.90437,-15.62708],[-66.90691,-15.64022],[-66.88968,-15.66254],[-66.87349,-15.69398],[-66.79542,-15.7851],[-66.79438,-15.78779],[-66.79738,-15.79311],[-66.79717,-15.79526],[-66.80151,-15.79948],[-66.80277,-15.80453],[-66.8058,-15.80825],[-66.80886,-15.82336],[-66.80747,-15.82804],[-66.79083,-15.83384],[-66.76631,-15.84644],[-66.74763,-15.86029],[-66.72952,-15.87863],[-66.70712,-15.89393],[-66.6817,-15.90292],[-66.67624,-15.91099],[-66.66888,-15.90613],[-66.6587,-15.90542],[-66.64684,-15.91694],[-66.63882,-15.91596],[-66.63468,-15.92697],[-66.63522,-15.93355],[-66.61556,-15.95168],[-66.56968,-15.96062],[-66.50634,-15.98518],[-66.4769,-16.00439],[-66.40159,-16.07454],[-66.38317,-16.08611],[-66.37828,-16.09282],[-66.37215,-16.0956],[-66.36741,-16.10403],[-66.36098,-16.10748],[-66.35611,-16.10797],[-66.35523,-16.11103],[-66.34974,-16.11458],[-66.34431,-16.11497],[-66.33928,-16.11719],[-66.31043,-16.15898],[-66.2311,-16.28566],[-66.16975,-16.36284],[-66.10981,-16.39663],[-66.0563,-16.41714],[-66.00891,-16.44916],[-65.97123,-16.46698],[-65.91409,-16.48144],[-65.86172,-16.49165],[-65.83535,-16.49044],[-65.59475,-16.46017],[-65.35342,-16.40064],[-65.23995,-16.36876],[-65.13978,-16.23662],[-65.11624,-16.18801],[-65.08895,-16.00581],[-65.08075,-15.93096],[-65.07172,-15.90566],[-65.04121,-15.858],[-65.02157,-15.83707],[-65.00266,-15.82147],[-64.95835,-15.80105],[-64.72966,-15.80201],[-64.48696,-15.82515],[-63.38062,-15.88393],[-63.38187,-15.88053],[-63.38951,-15.87457],[-63.38678,-15.8683],[-63.38392,-15.86586],[-63.38945,-15.86331],[-63.3856,-15.86142],[-63.38677,-15.85693],[-63.38842,-15.85889],[-63.39018,-15.85645],[-63.39402,-15.8548],[-63.4105,-15.85833],[-63.40793,-15.8481],[-63.39943,-15.85086],[-63.39984,-15.84718],[-63.40486,-15.84318],[-63.40958,-15.84188],[-63.41212,-15.8438],[-63.4145,-15.85186],[-63.41616,-15.85287],[-63.42889,-15.84513],[-63.42856,-15.8413],[-63.42133,-15.83802],[-63.42237,-15.83574],[-63.42533,-15.83531],[-63.42999,-15.83195],[-63.42949,-15.82584],[-63.44031,-15.82778],[-63.44425,-15.82484],[-63.4422,-15.8196],[-63.43433,-15.81963],[-63.43517,-15.81711],[-63.43785,-15.81675],[-63.44126,-15.81375],[-63.44041,-15.80898],[-63.43267,-15.80901],[-63.43093,-15.80778],[-63.43905,-15.80145],[-63.44012,-15.78877],[-63.43638,-15.78819],[-63.43283,-15.79353],[-63.42937,-15.79205],[-63.43025,-15.7879],[-63.43812,-15.7836],[-63.43828,-15.78004],[-63.44055,-15.78204],[-63.44511,-15.77825],[-63.44206,-15.77641],[-63.43522,-15.77899],[-63.43497,-15.77543],[-63.44008,-15.76809],[-63.43691,-15.76504],[-63.43133,-15.76463],[-63.42978,-15.76285],[-63.43193,-15.76037],[-63.43653,-15.75957],[-63.44202,-15.76377],[-63.44222,-15.76054],[-63.43981,-15.75775],[-63.43235,-15.75462],[-63.42925,-15.74909],[-63.441,-15.74825],[-63.43434,-15.74297],[-63.44298,-15.73655],[-63.44598,-15.74206],[-63.45765,-15.74039],[-63.4553,-15.7333],[-63.46129,-15.73192],[-63.46237,-15.72925],[-63.46963,-15.73502],[-63.47105,-15.73462],[-63.4721,-15.71911],[-63.47542,-15.7165],[-63.48176,-15.7209],[-63.48311,-15.71813],[-63.47501,-15.71248],[-63.4742,-15.7101],[-63.47544,-15.70636],[-63.4818,-15.7001],[-63.48199,-15.7023],[-63.48749,-15.70602],[-63.49143,-15.70652],[-63.49163,-15.70199],[-63.48902,-15.69874],[-63.49702,-15.69482],[-63.4923,-15.6877],[-63.50052,-15.68669],[-63.50107,-15.68373],[-63.50368,-15.681],[-63.50782,-15.6828],[-63.51309,-15.67486],[-63.51219,-15.6655],[-63.51595,-15.66244],[-63.52416,-15.66248],[-63.52296,-15.65818],[-63.52517,-15.6549],[-63.52731,-15.65801],[-63.53756,-15.6652],[-63.53861,-15.65896],[-63.54109,-15.6547],[-63.54353,-15.65241],[-63.54905,-15.65133],[-63.55337,-15.6554],[-63.5521,-15.66],[-63.56599,-15.65893],[-63.56769,-15.66251],[-63.56691,-15.66666],[-63.57405,-15.66526],[-63.57963,-15.6609],[-63.57298,-15.65297],[-63.5848,-15.64664],[-63.58628,-15.63673],[-63.58193,-15.63622],[-63.58288,-15.63402],[-63.59207,-15.63208],[-63.59813,-15.62883],[-63.59925,-15.63247],[-63.59747,-15.63516],[-63.59764,-15.638],[-63.61737,-15.63168],[-63.62136,-15.6335],[-63.62212,-15.63695],[-63.62382,-15.63766],[-63.63204,-15.63205],[-63.63063,-15.6282],[-63.63214,-15.62557],[-63.63444,-15.6247],[-63.63949,-15.62663],[-63.64199,-15.62451],[-63.64153,-15.62153],[-63.63899,-15.61952],[-63.63206,-15.61947],[-63.63457,-15.61396],[-63.63449,-15.60941],[-63.64651,-15.60926],[-63.6474,-15.60515],[-63.64436,-15.60155],[-63.64828,-15.59727],[-63.64293,-15.59417],[-63.65666,-15.58576],[-63.65753,-15.58351],[-63.65502,-15.58328],[-63.65348,-15.58519],[-63.65157,-15.58365],[-63.65662,-15.57873],[-63.65923,-15.5778],[-63.66371,-15.58145],[-63.66767,-15.58246],[-63.66987,-15.57283],[-63.67142,-15.57135],[-63.67662,-15.57691],[-63.67791,-15.58218],[-63.68148,-15.57517],[-63.68573,-15.57396],[-63.69035,-15.57632],[-63.69033,-15.5816],[-63.69273,-15.58118],[-63.69321,-15.5754],[-63.69029,-15.56865],[-63.68463,-15.5647],[-63.69337,-15.5538],[-63.68907,-15.54123],[-63.68984,-15.53359],[-63.68597,-15.53255],[-63.68201,-15.53745],[-63.68097,-15.53614],[-63.68276,-15.52941],[-63.69075,-15.52272],[-63.68788,-15.51956],[-63.67943,-15.51802],[-63.67808,-15.51623],[-63.6899,-15.50935],[-63.68009,-15.50025],[-63.68044,-15.49729],[-63.69309,-15.48938],[-63.69527,-15.49146],[-63.695,-15.49503],[-63.69646,-15.49553],[-63.69737,-15.48469],[-63.69983,-15.48294],[-63.70677,-15.48872],[-63.71209,-15.48993],[-63.7135,-15.48389],[-63.71207,-15.48128],[-63.71742,-15.47542],[-63.71834,-15.46996],[-63.72535,-15.46568],[-63.72271,-15.46359],[-63.72241,-15.46114],[-63.72663,-15.4597],[-63.72825,-15.45467],[-63.73111,-15.45298],[-63.73692,-15.4555],[-63.73463,-15.45996],[-63.73567,-15.46433],[-63.73288,-15.46917],[-63.74345,-15.46526],[-63.74399,-15.46134],[-63.7417,-15.45565],[-63.74284,-15.45504],[-63.74631,-15.45781],[-63.74899,-15.46585],[-63.74895,-15.47052],[-63.75131,-15.47262],[-63.7534,-15.4693],[-63.75347,-15.46057],[-63.75543,-15.45603],[-63.76117,-15.45147],[-63.76578,-15.45348],[-63.7661,-15.44915],[-63.76282,-15.44174],[-63.7651,-15.43821],[-63.77714,-15.43844],[-63.78062,-15.43639],[-63.78423,-15.43782],[-63.78349,-15.43931],[-63.78798,-15.43596],[-63.79372,-15.42837],[-63.79416,-15.4235],[-63.79845,-15.42005],[-63.79372,-15.4185],[-63.79012,-15.41303],[-63.77917,-15.40717],[-63.77993,-15.40515],[-63.7835,-15.40397],[-63.78714,-15.40592],[-63.78899,-15.40546],[-63.78938,-15.4043],[-63.78477,-15.39968],[-63.77516,-15.40322],[-63.77572,-15.39648],[-63.77836,-15.39072],[-63.78136,-15.38915],[-63.781,-15.39085],[-63.78293,-15.39064],[-63.78606,-15.38574],[-63.7917,-15.38548],[-63.79136,-15.38067],[-63.80074,-15.37513],[-63.79715,-15.36842],[-63.80473,-15.36848],[-63.82452,-15.35975],[-63.82466,-15.35801],[-63.81687,-15.35484],[-63.81926,-15.35252],[-63.82239,-15.35311],[-63.82643,-15.35168],[-63.83183,-15.35299],[-63.83427,-15.34931],[-63.83432,-15.34518],[-63.83768,-15.34256],[-63.83753,-15.34051],[-63.83231,-15.33859],[-63.83668,-15.33169],[-63.83158,-15.32853],[-63.83198,-15.32698],[-63.83483,-15.32478],[-63.84246,-15.32566],[-63.84222,-15.3186],[-63.84697,-15.31454],[-63.85635,-15.30234],[-63.85155,-15.29302],[-63.85518,-15.28548],[-63.85281,-15.28053],[-63.85589,-15.27671],[-63.85314,-15.26937],[-63.85636,-15.26877],[-63.86303,-15.27244],[-63.86401,-15.27125],[-63.86106,-15.26451],[-63.86188,-15.26208],[-63.8636,-15.26133],[-63.87018,-15.26518],[-63.87128,-15.26372],[-63.86744,-15.25522],[-63.86253,-15.25641],[-63.86648,-15.24903],[-63.86103,-15.24392],[-63.86086,-15.24185],[-63.86701,-15.23562],[-63.85852,-15.22696],[-63.87618,-15.21888],[-63.88288,-15.22006],[-63.88409,-15.21838],[-63.88367,-15.21437],[-63.88874,-15.2056],[-63.89243,-15.21067],[-63.89524,-15.21004],[-63.89538,-15.20578],[-63.8913,-15.2021],[-63.89215,-15.19643],[-63.88481,-15.1986],[-63.88313,-15.19676],[-63.88413,-15.19178],[-63.88988,-15.19051],[-63.88742,-15.18755],[-63.88725,-15.18484],[-63.89288,-15.17486],[-63.89464,-15.17396],[-63.89785,-15.17642],[-63.90022,-15.17553],[-63.90139,-15.16635],[-63.90617,-15.16901],[-63.90843,-15.16228],[-63.91237,-15.16639],[-63.91518,-15.1669],[-63.91667,-15.16594],[-63.91813,-15.1607],[-63.92342,-15.15935],[-63.9256,-15.16405],[-63.92889,-15.16493],[-63.93467,-15.16945],[-63.93971,-15.15937],[-63.94362,-15.15999],[-63.93774,-15.14983],[-63.94015,-15.14747],[-63.9393,-15.1429],[-63.94315,-15.14099],[-63.93976,-15.13667],[-63.94452,-15.13248],[-63.94002,-15.12737],[-63.94058,-15.12231],[-63.94466,-15.11589],[-63.94158,-15.10997],[-63.94515,-15.10255],[-63.94823,-15.10339],[-63.95163,-15.10177],[-63.94681,-15.09254],[-63.95814,-15.08282],[-63.95792,-15.08001],[-63.9545,-15.08056],[-63.95244,-15.0792],[-63.95407,-15.07471],[-63.95604,-15.0733],[-63.95747,-15.069],[-63.96361,-15.06901],[-63.96148,-15.06189],[-63.94245,-15.05362],[-63.93096,-15.0401],[-63.91778,-15.03268],[-63.92361,-15.02648],[-63.93026,-15.02689],[-63.93429,-15.0213],[-63.93873,-15.01956],[-63.94061,-15.01429],[-63.94045,-15.01301],[-63.93095,-15.0095],[-63.93101,-15.00318],[-63.92427,-15.00237],[-63.92191,-15.0006],[-63.92355,-14.99262],[-63.92134,-14.98868],[-63.92486,-14.98269],[-63.92281,-14.96758],[-63.92932,-14.9577],[-63.93435,-14.95499],[-63.92859,-14.95014],[-63.92949,-14.94794],[-63.93232,-14.94656],[-63.9331,-14.94054],[-63.93565,-14.93928],[-63.93318,-14.93699],[-63.93533,-14.9331],[-63.93892,-14.93367],[-63.94403,-14.92818],[-63.93879,-14.92014],[-63.93851,-14.91493],[-63.93944,-14.91395],[-63.94225,-14.91539],[-63.94028,-14.91036],[-63.94573,-14.90481],[-63.94235,-14.89849],[-63.93919,-14.89616],[-63.94181,-14.88735],[-63.94658,-14.8807],[-63.94695,-14.87713],[-63.94378,-14.87279],[-63.94509,-14.87109],[-63.94485,-14.86588],[-63.94228,-14.85938],[-63.9438,-14.85347],[-63.94019,-14.85301],[-63.93731,-14.84608],[-63.93773,-14.84131],[-63.94043,-14.84021],[-63.93986,-14.83695],[-63.93673,-14.8326],[-63.93781,-14.83121],[-63.93704,-14.82677],[-63.93513,-14.82607],[-63.9329,-14.82208],[-63.93101,-14.81484],[-63.93098,-14.80697],[-63.92741,-14.80274],[-63.93053,-14.79975],[-63.93283,-14.7945],[-63.93045,-14.79211],[-63.93008,-14.78717],[-63.92619,-14.78051],[-63.92637,-14.77214],[-63.93209,-14.7665],[-63.94254,-14.76309],[-63.94356,-14.75861],[-63.9534,-14.7565],[-63.95596,-14.75861],[-63.95897,-14.75773],[-63.96271,-14.75169],[-63.96765,-14.74829],[-63.96859,-14.74397],[-63.96738,-14.74134],[-63.97354,-14.73978],[-63.97847,-14.73637],[-63.9741,-14.73216],[-63.97501,-14.72839],[-63.56121,-14.29592],[-63.09068,-14.12041],[-62.70489,-13.9758],[-62.13924,-13.76236],[-61.52793,-13.52975]]]}},{"type":"Feature","properties":{"shapeName":"Chuquisaca","shapeISO":"BO-H","shapeID":"26024454B30905576957948","shapeGroup":"BOL","shapeType":"ADM1"},"geometry":{"type":"Polygon","coordinates":[[[-65.34567,-18.41788],[-65.34932,-18.42103],[-65.3511,-18.4329],[-65.35477,-18.4339],[-65.35718,-18.43656],[-65.36608,-18.43559],[-65.37223,-18.43034],[-65.38035,-18.42787],[-65.38594,-18.42296],[-65.39958,-18.4256],[-65.40386,-18.42011],[-65.41061,-18.41986],[-65.42032,-18.41506],[-65.42448,-18.41029],[-65.43279,-18.40956],[-65.4412,-18.40375],[-65.44813,-18.40527],[-65.45282,-18.41009],[-65.45468,-18.41036],[-65.46016,-18.40579],[-65.46226,-18.40043],[-65.46465,-18.39868],[-65.47839,-18.40072],[-65.48351,-18.39939],[-65.48932,-18.39996],[-65.49757,-18.39185],[-65.50703,-18.38672],[-65.51282,-18.3875],[-65.5188,-18.3929],[-65.52375,-18.39483],[-65.52935,-18.39155],[-65.53477,-18.39214],[-65.53678,-18.39932],[-65.54186,-18.40092],[-65.54646,-18.4046],[-65.54902,-18.40083],[-65.55367,-18.40156],[-65.55594,-18.40048],[-65.5648,-18.39155],[-65.57825,-18.38505],[-65.58308,-18.37874],[-65.59083,-18.37481],[-65.62562,-18.37532],[-65.63431,-18.37392],[-65.63838,-18.36973],[-65.64571,-18.36712],[-65.65823,-18.36605],[-65.66626,-18.36087],[-65.674,-18.34736],[-65.67933,-18.34726],[-65.69386,-18.35193],[-65.69258,-18.35994],[-65.6951,-18.3627],[-65.69552,-18.36632],[-65.6904,-18.3746],[-65.68679,-18.37766],[-65.68352,-18.38715],[-65.68451,-18.40246],[-65.68177,-18.4114],[-65.68423,-18.4171],[-65.67905,-18.42362],[-65.67733,-18.42926],[-65.67238,-18.43368],[-65.66625,-18.43675],[-65.65548,-18.44616],[-65.64473,-18.44539],[-65.62407,-18.46203],[-65.62209,-18.47505],[-65.61909,-18.4831],[-65.62381,-18.50112],[-65.61873,-18.50035],[-65.61145,-18.49662],[-65.60059,-18.49826],[-65.58387,-18.49834],[-65.57571,-18.50182],[-65.56392,-18.51182],[-65.55584,-18.51404],[-65.53432,-18.5258],[-65.52987,-18.52741],[-65.52608,-18.52649],[-65.51605,-18.53929],[-65.51428,-18.54748],[-65.50401,-18.54383],[-65.49604,-18.53579],[-65.49302,-18.53849],[-65.49676,-18.54519],[-65.4965,-18.54952],[-65.50133,-18.5597],[-65.5013,-18.56398],[-65.49448,-18.56924],[-65.4951,-18.5758],[-65.49124,-18.5792],[-65.49102,-18.58169],[-65.48887,-18.58235],[-65.48602,-18.59075],[-65.48106,-18.5928],[-65.47879,-18.59185],[-65.47556,-18.59273],[-65.47507,-18.59672],[-65.47081,-18.59631],[-65.46676,-18.59775],[-65.46201,-18.60406],[-65.46205,-18.60599],[-65.45777,-18.60511],[-65.45359,-18.60666],[-65.44763,-18.60635],[-65.43763,-18.61372],[-65.43675,-18.61601],[-65.43404,-18.61307],[-65.43574,-18.60992],[-65.43393,-18.60627],[-65.42772,-18.6034],[-65.42163,-18.60505],[-65.41633,-18.61062],[-65.4124,-18.61304],[-65.40729,-18.61358],[-65.40211,-18.61759],[-65.40003,-18.62123],[-65.39211,-18.62824],[-65.39018,-18.63546],[-65.3844,-18.63752],[-65.38133,-18.64084],[-65.38386,-18.64194],[-65.38941,-18.65325],[-65.39332,-18.6562],[-65.40014,-18.65391],[-65.40282,-18.654],[-65.40388,-18.65589],[-65.40737,-18.65261],[-65.41105,-18.6518],[-65.41435,-18.6598],[-65.41913,-18.66316],[-65.41704,-18.66614],[-65.41813,-18.67015],[-65.41629,-18.67471],[-65.41677,-18.67826],[-65.41452,-18.68122],[-65.41448,-18.68974],[-65.40855,-18.69754],[-65.40062,-18.70199],[-65.40644,-18.71032],[-65.41141,-18.71304],[-65.41049,-18.71748],[-65.41376,-18.71864],[-65.41447,-18.72333],[-65.41883,-18.72907],[-65.41737,-18.73384],[-65.42418,-18.73802],[-65.42548,-18.74451],[-65.42918,-18.74802],[-65.42692,-18.75111],[-65.4272,-18.75422],[-65.42262,-18.7569],[-65.42386,-18.75962],[-65.42262,-18.76111],[-65.40744,-18.77298],[-65.40326,-18.77068],[-65.39558,-18.77768],[-65.38985,-18.77498],[-65.38678,-18.7759],[-65.38285,-18.77183],[-65.3772,-18.77275],[-65.37491,-18.77477],[-65.37024,-18.7733],[-65.36745,-18.77493],[-65.36471,-18.77442],[-65.35937,-18.78034],[-65.36005,-18.78272],[-65.35645,-18.78645],[-65.35973,-18.78923],[-65.36297,-18.78864],[-65.3663,-18.79035],[-65.36661,-18.78675],[-65.36869,-18.78502],[-65.36735,-18.78133],[-65.37144,-18.77883],[-65.37495,-18.78386],[-65.37934,-18.78506],[-65.38083,-18.78263],[-65.38353,-18.7849],[-65.38249,-18.78639],[-65.38656,-18.78764],[-65.38567,-18.79293],[-65.3871,-18.79622],[-65.3911,-18.79489],[-65.40233,-18.7779],[-65.40593,-18.77489],[-65.41197,-18.77691],[-65.41352,-18.77889],[-65.41765,-18.77886],[-65.41711,-18.78079],[-65.41984,-18.78753],[-65.42778,-18.7957],[-65.42684,-18.79956],[-65.43145,-18.80414],[-65.43058,-18.80727],[-65.43181,-18.8094],[-65.43818,-18.81128],[-65.43844,-18.8143],[-65.4343,-18.82161],[-65.43546,-18.82492],[-65.44371,-18.83139],[-65.44298,-18.83528],[-65.4378,-18.83437],[-65.42871,-18.83721],[-65.42389,-18.85267],[-65.42328,-18.85348],[-65.42097,-18.85217],[-65.41971,-18.85894],[-65.41649,-18.86501],[-65.42058,-18.87667],[-65.42422,-18.87894],[-65.41912,-18.88022],[-65.41461,-18.88619],[-65.41216,-18.88543],[-65.41171,-18.88884],[-65.40918,-18.88955],[-65.40962,-18.89348],[-65.40705,-18.89931],[-65.40487,-18.89941],[-65.40166,-18.90376],[-65.39758,-18.91887],[-65.40473,-18.92573],[-65.40303,-18.92814],[-65.40586,-18.93904],[-65.40922,-18.94382],[-65.41377,-18.94542],[-65.42171,-18.93048],[-65.42446,-18.93031],[-65.42548,-18.92741],[-65.42873,-18.92933],[-65.4366,-18.91997],[-65.44104,-18.91848],[-65.44948,-18.921],[-65.45347,-18.92505],[-65.45309,-18.92746],[-65.46028,-18.93038],[-65.46304,-18.92954],[-65.4655,-18.92462],[-65.46806,-18.92326],[-65.48086,-18.92593],[-65.48491,-18.92765],[-65.48615,-18.93172],[-65.48888,-18.93107],[-65.49624,-18.93779],[-65.49942,-18.93782],[-65.50547,-18.94117],[-65.50147,-18.94244],[-65.50249,-18.94355],[-65.50817,-18.94529],[-65.50966,-18.94828],[-65.5157,-18.95118],[-65.51917,-18.95133],[-65.52175,-18.95378],[-65.52452,-18.9579],[-65.52706,-18.96775],[-65.53241,-18.97651],[-65.54586,-18.98195],[-65.54947,-18.98628],[-65.55236,-18.9863],[-65.55351,-18.98869],[-65.55962,-18.9871],[-65.57004,-18.99244],[-65.5779,-18.99398],[-65.58372,-18.99832],[-65.58732,-18.99773],[-65.58462,-19.00106],[-65.58361,-19.00556],[-65.56748,-19.02407],[-65.56703,-19.03244],[-65.56093,-19.04267],[-65.55799,-19.0513],[-65.55806,-19.0638],[-65.553,-19.06582],[-65.54725,-19.07463],[-65.54605,-19.0818],[-65.5416,-19.08329],[-65.54087,-19.08536],[-65.53708,-19.08695],[-65.52804,-19.08625],[-65.52195,-19.09192],[-65.522,-19.09393],[-65.51771,-19.09644],[-65.51268,-19.09193],[-65.50572,-19.09116],[-65.50473,-19.08737],[-65.49672,-19.08916],[-65.48697,-19.09636],[-65.4845,-19.10419],[-65.47831,-19.10999],[-65.47424,-19.11793],[-65.4699,-19.12263],[-65.45661,-19.12409],[-65.45388,-19.12592],[-65.45001,-19.13209],[-65.43915,-19.13676],[-65.43138,-19.13741],[-65.42979,-19.13892],[-65.42486,-19.13764],[-65.41833,-19.14184],[-65.4106,-19.14055],[-65.40625,-19.14382],[-65.40089,-19.161],[-65.38965,-19.17665],[-65.39019,-19.18311],[-65.3886,-19.19141],[-65.39329,-19.2037],[-65.38481,-19.21737],[-65.38305,-19.22609],[-65.37957,-19.23229],[-65.37212,-19.24055],[-65.37281,-19.24693],[-65.36982,-19.2556],[-65.36113,-19.26275],[-65.35628,-19.26317],[-65.35237,-19.26525],[-65.34769,-19.265],[-65.34528,-19.26712],[-65.34123,-19.26757],[-65.33857,-19.2711],[-65.33037,-19.27138],[-65.32402,-19.28146],[-65.31845,-19.2936],[-65.31662,-19.3013],[-65.31316,-19.30284],[-65.31043,-19.30616],[-65.30099,-19.30595],[-65.29463,-19.30852],[-65.28686,-19.30812],[-65.2647,-19.31512],[-65.26048,-19.31586],[-65.25387,-19.31443],[-65.24684,-19.31832],[-65.24173,-19.31843],[-65.23736,-19.32067],[-65.23068,-19.32045],[-65.22196,-19.32932],[-65.22112,-19.33757],[-65.21514,-19.34388],[-65.20842,-19.34566],[-65.20087,-19.34958],[-65.19902,-19.35208],[-65.1869,-19.35656],[-65.17504,-19.35571],[-65.16682,-19.36287],[-65.16435,-19.36929],[-65.15832,-19.37095],[-65.1532,-19.3759],[-65.14843,-19.37565],[-65.14101,-19.37808],[-65.13177,-19.37455],[-65.12632,-19.37574],[-65.1219,-19.37407],[-65.11459,-19.37508],[-65.11042,-19.37328],[-65.10221,-19.37311],[-65.08824,-19.36683],[-65.08224,-19.37113],[-65.08171,-19.37599],[-65.0712,-19.37905],[-65.0661,-19.38424],[-65.05457,-19.3857],[-65.04403,-19.38126],[-65.04434,-19.37726],[-65.03789,-19.37441],[-65.0368,-19.36957],[-65.02563,-19.36779],[-65.01575,-19.35685],[-65.00413,-19.35196],[-64.98853,-19.35275],[-64.97765,-19.34815],[-64.97037,-19.34679],[-64.96206,-19.35148],[-64.95875,-19.35624],[-64.9474,-19.3585],[-64.94169,-19.35665],[-64.93686,-19.36032],[-64.92926,-19.36275],[-64.92112,-19.36173],[-64.91819,-19.35659],[-64.91268,-19.35471],[-64.91123,-19.3587],[-64.91184,-19.36558],[-64.90978,-19.37016],[-64.89911,-19.37467],[-64.89351,-19.38012],[-64.89336,-19.38422],[-64.89758,-19.39211],[-64.89557,-19.39957],[-64.88933,-19.40221],[-64.87822,-19.39729],[-64.86569,-19.40633],[-64.85259,-19.41023],[-64.85245,-19.41482],[-64.85511,-19.42032],[-64.84997,-19.42287],[-64.85178,-19.42881],[-64.84865,-19.43325],[-64.84539,-19.44884],[-64.84032,-19.45513],[-64.84066,-19.46176],[-64.83448,-19.47369],[-64.82862,-19.47626],[-64.82314,-19.48349],[-64.82303,-19.48954],[-64.81844,-19.50133],[-64.82246,-19.50528],[-64.82342,-19.51674],[-64.83118,-19.54324],[-64.8328,-19.56158],[-64.83996,-19.57537],[-64.84285,-19.58958],[-64.83784,-19.5925],[-64.83008,-19.60267],[-64.83011,-19.60907],[-64.82891,-19.61004],[-64.82157,-19.6082],[-64.8179,-19.60968],[-64.81396,-19.62175],[-64.81058,-19.62548],[-64.78704,-19.63317],[-64.78955,-19.64098],[-64.78773,-19.64526],[-64.78786,-19.65295],[-64.77854,-19.66308],[-64.77326,-19.6737],[-64.76832,-19.67934],[-64.76706,-19.68409],[-64.76164,-19.68619],[-64.75809,-19.69393],[-64.75123,-19.70346],[-64.74543,-19.70385],[-64.74178,-19.70704],[-64.74236,-19.71474],[-64.73604,-19.72277],[-64.73488,-19.73732],[-64.72681,-19.74662],[-64.72726,-19.7514],[-64.73004,-19.7562],[-64.7253,-19.76671],[-64.72502,-19.77322],[-64.71728,-19.77597],[-64.71439,-19.77957],[-64.7189,-19.78158],[-64.72429,-19.78793],[-64.73487,-19.78783],[-64.73929,-19.78984],[-64.74836,-19.80424],[-64.76074,-19.81898],[-64.76174,-19.82473],[-64.76646,-19.82691],[-64.77655,-19.841],[-64.78002,-19.84924],[-64.78425,-19.85419],[-64.78396,-19.86072],[-64.78909,-19.86925],[-64.78755,-19.87658],[-64.79271,-19.88848],[-64.79323,-19.89877],[-64.79497,-19.9028],[-64.80564,-19.9123],[-64.80671,-19.91965],[-64.81047,-19.92281],[-64.81075,-19.92522],[-64.81984,-19.93129],[-64.82211,-19.93197],[-64.82357,-19.93084],[-64.82919,-19.93313],[-64.83728,-19.94743],[-64.83826,-19.95561],[-64.84662,-19.97132],[-64.84724,-19.97905],[-64.85083,-19.98109],[-64.85894,-19.9745],[-64.86135,-19.97845],[-64.86649,-19.97807],[-64.87182,-19.98105],[-64.87617,-19.97315],[-64.87878,-19.97244],[-64.88129,-19.96859],[-64.88358,-19.968],[-64.88289,-19.9671],[-64.88641,-19.96775],[-64.88604,-19.96648],[-64.88885,-19.96537],[-64.88853,-19.96381],[-64.89083,-19.96364],[-64.88869,-19.96044],[-64.8929,-19.95709],[-64.89245,-19.95275],[-64.89465,-19.9495],[-64.89461,-19.94644],[-64.89686,-19.94584],[-64.89583,-19.9379],[-64.89703,-19.93385],[-64.89309,-19.92467],[-64.89504,-19.92052],[-64.89664,-19.92032],[-64.89477,-19.91419],[-64.89687,-19.9088],[-64.90527,-19.89817],[-64.90731,-19.88955],[-64.91591,-19.87424],[-64.91906,-19.8636],[-64.91902,-19.85996],[-64.91548,-19.85475],[-64.91593,-19.84997],[-64.91334,-19.84515],[-64.91433,-19.84217],[-64.92796,-19.84383],[-64.93107,-19.85648],[-64.93,-19.85948],[-64.93911,-19.86588],[-64.94162,-19.87651],[-64.95986,-19.869],[-64.97852,-19.85492],[-64.97833,-19.85313],[-64.98271,-19.855],[-64.98311,-19.85336],[-64.98486,-19.85458],[-64.99093,-19.85327],[-64.99098,-19.84783],[-64.98921,-19.84573],[-64.9902,-19.84327],[-64.99162,-19.84349],[-64.99081,-19.84047],[-64.99314,-19.83877],[-64.99503,-19.83232],[-64.99604,-19.83288],[-64.99577,-19.8303],[-64.99723,-19.83065],[-64.99881,-19.82784],[-65.0025,-19.8292],[-65.00395,-19.82831],[-65.00918,-19.81319],[-65.01171,-19.81396],[-65.02067,-19.80349],[-65.0263,-19.80255],[-65.03016,-19.79459],[-65.03586,-19.79452],[-65.03981,-19.79683],[-65.0567,-19.79366],[-65.05252,-19.80617],[-65.05403,-19.8185],[-65.05268,-19.82038],[-65.05705,-19.82771],[-65.0559,-19.83332],[-65.05834,-19.84239],[-65.06103,-19.84401],[-65.06179,-19.86281],[-65.0648,-19.87069],[-65.06924,-19.87484],[-65.06889,-19.88059],[-65.07197,-19.88596],[-65.07207,-19.89175],[-65.07592,-19.89908],[-65.07446,-19.90091],[-65.077,-19.90857],[-65.07754,-19.91829],[-65.08313,-19.93191],[-65.08157,-19.93481],[-65.0768,-19.93542],[-65.07166,-19.93875],[-65.06956,-19.94227],[-65.06612,-19.94387],[-65.06323,-19.94916],[-65.05965,-19.95006],[-65.05984,-19.95331],[-65.06111,-19.95356],[-65.06201,-19.95698],[-65.06585,-19.95906],[-65.06573,-19.9635],[-65.07135,-19.96709],[-65.07498,-19.97448],[-65.07515,-19.9782],[-65.07721,-19.97986],[-65.07747,-19.98381],[-65.07465,-19.98987],[-65.08219,-19.99496],[-65.08647,-19.99531],[-65.08797,-19.99173],[-65.09061,-20.00944],[-65.09964,-20.01295],[-65.10461,-20.01655],[-65.1074,-20.01543],[-65.12808,-20.01519],[-65.14451,-20.0112],[-65.15217,-20.0124],[-65.15416,-20.00742],[-65.16066,-20.00441],[-65.17091,-19.99559],[-65.20326,-19.93795],[-65.21397,-19.93926],[-65.22228,-19.93591],[-65.22296,-19.94127],[-65.22777,-19.94808],[-65.23131,-19.95],[-65.23294,-19.95563],[-65.23813,-19.95895],[-65.24418,-19.97018],[-65.2662,-19.98782],[-65.26833,-19.99162],[-65.27212,-19.99332],[-65.27029,-20.00386],[-65.27507,-20.00517],[-65.27736,-20.00904],[-65.2827,-20.004],[-65.28689,-20.00331],[-65.29378,-20.00665],[-65.29416,-20.00812],[-65.305,-20.00933],[-65.30512,-20.02606],[-65.29821,-20.03715],[-65.29322,-20.04883],[-65.28926,-20.05317],[-65.28303,-20.05222],[-65.28303,-20.0597],[-65.27932,-20.06912],[-65.27222,-20.0795],[-65.26853,-20.09243],[-65.25602,-20.10244],[-65.24954,-20.10344],[-65.24319,-20.11308],[-65.23895,-20.11629],[-65.23366,-20.13055],[-65.23264,-20.14048],[-65.23526,-20.14377],[-65.23505,-20.14638],[-65.25714,-20.1586],[-65.26432,-20.15759],[-65.27134,-20.15136],[-65.28438,-20.17015],[-65.28822,-20.16949],[-65.30163,-20.17779],[-65.31577,-20.19447],[-65.31608,-20.19758],[-65.31206,-20.20695],[-65.31521,-20.21528],[-65.31566,-20.22508],[-65.3137,-20.23053],[-65.29208,-20.22969],[-65.2826,-20.23274],[-65.27964,-20.23977],[-65.26858,-20.25624],[-65.26536,-20.2575],[-65.24515,-20.27613],[-65.22177,-20.31382],[-65.22117,-20.31881],[-65.22547,-20.32664],[-65.23127,-20.33272],[-65.2332,-20.34335],[-65.2285,-20.3516],[-65.23804,-20.35821],[-65.24083,-20.36262],[-65.23933,-20.36583],[-65.24429,-20.36754],[-65.24653,-20.37117],[-65.24627,-20.37517],[-65.25146,-20.3796],[-65.25074,-20.38286],[-65.25264,-20.38676],[-65.24913,-20.39033],[-65.24758,-20.39654],[-65.24797,-20.40563],[-65.24565,-20.40788],[-65.24591,-20.41065],[-65.24354,-20.41506],[-65.24631,-20.41859],[-65.24865,-20.41835],[-65.25553,-20.42349],[-65.26237,-20.42385],[-65.26337,-20.43011],[-65.26116,-20.43679],[-65.25636,-20.44252],[-65.25734,-20.44708],[-65.25909,-20.45043],[-65.26446,-20.45107],[-65.27145,-20.45769],[-65.26924,-20.46298],[-65.27281,-20.47164],[-65.26806,-20.47968],[-65.26989,-20.48877],[-65.26824,-20.49265],[-65.26859,-20.50471],[-65.3276,-20.51187],[-65.35005,-20.54839],[-65.3799,-20.55888],[-65.38777,-20.55755],[-65.38194,-20.57531],[-65.38237,-20.58169],[-65.36829,-20.59737],[-65.36417,-20.59894],[-65.36006,-20.59767],[-65.35449,-20.60244],[-65.35562,-20.60614],[-65.34971,-20.61445],[-65.34717,-20.62264],[-65.35002,-20.62958],[-65.35179,-20.63203],[-65.35798,-20.6466],[-65.35557,-20.65449],[-65.35752,-20.65795],[-65.35839,-20.66736],[-65.36318,-20.67199],[-65.36452,-20.67722],[-65.36443,-20.6881],[-65.36173,-20.69763],[-65.36378,-20.70104],[-65.36363,-20.70813],[-65.35801,-20.71464],[-65.35693,-20.72579],[-65.3579,-20.72891],[-65.36066,-20.72993],[-65.36137,-20.73283],[-65.36884,-20.73651],[-65.36966,-20.73981],[-65.37526,-20.74672],[-65.37453,-20.74953],[-65.37629,-20.75117],[-65.37162,-20.75551],[-65.37226,-20.75863],[-65.36955,-20.76355],[-65.37145,-20.77221],[-65.36641,-20.77947],[-65.36439,-20.79178],[-65.3577,-20.80017],[-65.35858,-20.80525],[-65.35244,-20.81094],[-65.34915,-20.82135],[-65.34911,-20.82671],[-65.34682,-20.83242],[-65.34881,-20.83434],[-65.34852,-20.83895],[-65.35078,-20.84353],[-65.34967,-20.84745],[-65.35059,-20.85178],[-65.34778,-20.85424],[-65.34832,-20.85718],[-65.34618,-20.8632],[-65.35235,-20.86687],[-65.35215,-20.8701],[-65.35398,-20.87329],[-65.35791,-20.87288],[-65.35968,-20.87101],[-65.36246,-20.87173],[-65.36846,-20.86785],[-65.37582,-20.86908],[-65.37778,-20.87399],[-65.37999,-20.87516],[-65.38051,-20.88048],[-65.39471,-20.89214],[-65.39071,-20.89756],[-65.40105,-20.9471],[-65.39831,-20.97008],[-65.39991,-21.00692],[-65.4086,-21.02659],[-65.42061,-21.06127],[-65.41859,-21.09583],[-65.40851,-21.12217],[-65.40249,-21.16071],[-65.40864,-21.17161],[-65.41826,-21.17072],[-65.42484,-21.1768],[-65.43184,-21.17776],[-65.4385,-21.18241],[-65.44166,-21.18107],[-65.44112,-21.19539],[-65.43992,-21.19687],[-65.44132,-21.20092],[-65.44112,-21.2114],[-65.4337,-21.25971],[-65.436,-21.28112],[-65.43183,-21.28696],[-65.43326,-21.28905],[-65.43215,-21.29684],[-65.43328,-21.29887],[-65.43022,-21.31511],[-65.43039,-21.32169],[-65.43196,-21.32234],[-65.43415,-21.33322],[-65.43307,-21.33732],[-65.43699,-21.34166],[-65.43609,-21.35251],[-65.43316,-21.35295],[-65.43251,-21.35935],[-65.42941,-21.36139],[-65.43122,-21.36688],[-65.43379,-21.36939],[-65.43329,-21.37593],[-65.43493,-21.38207],[-65.43336,-21.38661],[-65.43765,-21.39589],[-65.43654,-21.39757],[-65.43492,-21.39725],[-65.43407,-21.40365],[-65.43604,-21.40973],[-65.43462,-21.41297],[-65.43709,-21.42654],[-65.40769,-21.43193],[-65.40908,-21.43869],[-65.4077,-21.44366],[-65.40462,-21.44769],[-65.40468,-21.45143],[-65.39952,-21.45283],[-65.39846,-21.45491],[-65.40115,-21.46621],[-65.40107,-21.47384],[-65.39878,-21.47678],[-65.39844,-21.48029],[-65.4006,-21.48342],[-65.40573,-21.48466],[-65.40143,-21.49038],[-65.40196,-21.50021],[-65.3999,-21.50583],[-65.38771,-21.51635],[-65.35342,-21.50077],[-65.32793,-21.50963],[-65.32011,-21.51732],[-65.31167,-21.4858],[-65.30571,-21.48339],[-65.30089,-21.48511],[-65.29866,-21.48816],[-65.2848,-21.49388],[-65.28035,-21.4912],[-65.27508,-21.49294],[-65.2717,-21.49005],[-65.26498,-21.48902],[-65.26206,-21.48608],[-65.26195,-21.48363],[-65.2552,-21.48056],[-65.24981,-21.48238],[-65.24707,-21.48075],[-65.24614,-21.47807],[-65.24944,-21.46903],[-65.24193,-21.46187],[-65.24393,-21.45309],[-65.24143,-21.44793],[-65.24384,-21.43869],[-65.2428,-21.43147],[-65.23473,-21.42521],[-65.23693,-21.41486],[-65.23519,-21.409],[-65.2373,-21.40733],[-65.23717,-21.40509],[-65.23045,-21.40163],[-65.23062,-21.39631],[-65.23371,-21.39167],[-65.23273,-21.38801],[-65.22964,-21.38626],[-65.23259,-21.38306],[-65.23091,-21.37541],[-65.23159,-21.36719],[-65.22705,-21.36006],[-65.22704,-21.3574],[-65.22453,-21.35609],[-65.22451,-21.35275],[-65.22306,-21.35127],[-65.22831,-21.34643],[-65.22655,-21.33992],[-65.22796,-21.33643],[-65.22628,-21.3349],[-65.22139,-21.33655],[-65.22,-21.33519],[-65.22154,-21.32756],[-65.22532,-21.32631],[-65.22351,-21.32337],[-65.2174,-21.32019],[-65.21918,-21.31539],[-65.21625,-21.31172],[-65.2184,-21.30822],[-65.21697,-21.30408],[-65.21871,-21.30125],[-65.21321,-21.296],[-65.21174,-21.29154],[-65.21718,-21.28642],[-65.21385,-21.27921],[-65.21602,-21.27303],[-65.22036,-21.26878],[-65.22027,-21.2626],[-65.21709,-21.26339],[-65.21619,-21.26077],[-65.21807,-21.25832],[-65.22332,-21.25843],[-65.22425,-21.25636],[-65.2228,-21.2533],[-65.22001,-21.2522],[-65.2135,-21.25772],[-65.21095,-21.25546],[-65.214,-21.24615],[-65.20642,-21.23983],[-65.21194,-21.23644],[-65.21137,-21.23169],[-65.20568,-21.22252],[-65.20034,-21.22112],[-65.20074,-21.21321],[-65.20503,-21.21121],[-65.20614,-21.20848],[-65.20003,-21.204],[-65.20732,-21.19534],[-65.21185,-21.19392],[-65.21178,-21.19198],[-65.20325,-21.18097],[-65.20531,-21.17824],[-65.20458,-21.17542],[-65.19607,-21.1708],[-65.18963,-21.16429],[-65.18839,-21.1604],[-65.19117,-21.15739],[-65.1912,-21.15158],[-65.19463,-21.1487],[-65.19441,-21.14638],[-65.19025,-21.14399],[-65.19042,-21.14026],[-65.19326,-21.13818],[-65.19797,-21.14217],[-65.20004,-21.13985],[-65.19914,-21.12783],[-65.20051,-21.12236],[-65.19769,-21.11536],[-65.19925,-21.10928],[-65.19662,-21.10228],[-65.20193,-21.09712],[-65.19857,-21.09202],[-65.20277,-21.08433],[-65.20126,-21.08029],[-65.20197,-21.07138],[-65.19918,-21.0664],[-65.20049,-21.06229],[-65.19567,-21.04948],[-65.19758,-21.04713],[-65.19674,-21.04454],[-65.19831,-21.04069],[-65.19622,-21.0324],[-65.19741,-21.02903],[-65.1927,-21.02456],[-65.19258,-21.02104],[-65.1883,-21.0133],[-65.19167,-21.0064],[-65.18977,-21.00069],[-65.19237,-20.99767],[-65.19233,-20.98416],[-65.1874,-20.9801],[-65.18928,-20.97583],[-65.18842,-20.971],[-65.1865,-20.97043],[-65.18649,-20.96789],[-65.18395,-20.96574],[-65.18544,-20.96109],[-65.18168,-20.95881],[-65.17933,-20.95461],[-65.17777,-20.95442],[-65.17612,-20.95659],[-65.17442,-20.95575],[-65.17659,-20.9516],[-65.1757,-20.94955],[-65.17228,-20.94807],[-65.16945,-20.9502],[-65.16604,-20.94955],[-65.16308,-20.94523],[-65.1582,-20.94592],[-65.15923,-20.94943],[-65.15678,-20.95259],[-65.15722,-20.95767],[-65.15177,-20.96372],[-65.15063,-20.96372],[-65.14961,-20.96036],[-65.15024,-20.95574],[-65.14758,-20.95336],[-65.14349,-20.9575],[-65.141,-20.96468],[-65.13434,-20.96354],[-65.12927,-20.95744],[-65.12418,-20.96432],[-65.12467,-20.96854],[-65.11879,-20.96858],[-65.11429,-20.97079],[-65.11139,-20.96932],[-65.10906,-20.96983],[-65.10841,-20.97268],[-65.11232,-20.97378],[-65.11479,-20.97755],[-65.11316,-20.98184],[-65.09942,-20.97592],[-65.10004,-20.97408],[-65.10268,-20.97441],[-65.10502,-20.97262],[-65.10133,-20.96862],[-65.09683,-20.96878],[-65.09391,-20.97599],[-65.08885,-20.97698],[-65.08568,-20.97372],[-65.0887,-20.96612],[-65.08678,-20.96256],[-65.08242,-20.96047],[-65.07838,-20.964],[-65.07416,-20.96455],[-65.0729,-20.95923],[-65.06996,-20.95894],[-65.06943,-20.9707],[-65.06504,-20.97076],[-65.06171,-20.9733],[-65.06277,-20.98071],[-65.05719,-20.98046],[-65.05905,-20.98748],[-65.05336,-20.9931],[-65.05395,-20.99692],[-65.04776,-21.00004],[-65.04515,-20.99921],[-65.04429,-21.00019],[-65.04454,-21.00388],[-65.0487,-21.00354],[-65.05136,-21.00537],[-65.05099,-21.00871],[-65.04407,-21.00844],[-65.04027,-21.01431],[-65.03336,-21.01428],[-65.0289,-21.01721],[-65.02649,-21.0167],[-65.02597,-21.0148],[-65.0314,-21.01026],[-65.03169,-21.00653],[-65.02838,-21.00675],[-65.02226,-21.0118],[-65.02164,-21.01675],[-65.02783,-21.02562],[-65.02706,-21.02764],[-65.02087,-21.02527],[-65.01944,-21.02124],[-65.01767,-21.02036],[-65.01459,-21.02133],[-65.01291,-21.02938],[-64.99969,-21.02635],[-64.99954,-21.02395],[-65.00456,-21.01962],[-65.00413,-21.01622],[-65.00079,-21.01418],[-64.99851,-21.02081],[-64.99239,-21.01977],[-64.99215,-21.01063],[-64.98784,-21.00813],[-64.98587,-21.00895],[-64.986,-21.0159],[-64.97936,-21.01598],[-64.9767,-21.01748],[-64.97448,-21.01641],[-64.96954,-21.02106],[-64.96991,-21.02299],[-64.97603,-21.02342],[-64.97745,-21.02701],[-64.96736,-21.02666],[-64.96282,-21.03058],[-64.96001,-21.02907],[-64.96002,-21.02377],[-64.95636,-21.02428],[-64.95459,-21.0262],[-64.95427,-21.03373],[-64.94932,-21.03216],[-64.94735,-21.03336],[-64.9504,-21.04172],[-64.9437,-21.03771],[-64.94053,-21.03781],[-64.94377,-21.03387],[-64.94392,-21.02778],[-64.94534,-21.02579],[-64.94433,-21.02429],[-64.94219,-21.02425],[-64.9394,-21.02711],[-64.93417,-21.02674],[-64.92624,-21.03279],[-64.92592,-21.04015],[-64.92387,-21.04436],[-64.92528,-21.05262],[-64.91863,-21.05923],[-64.9124,-21.05898],[-64.90522,-21.05533],[-64.90001,-21.05453],[-64.88958,-21.05683],[-64.88421,-21.06427],[-64.88964,-21.06747],[-64.8953,-21.06841],[-64.89544,-21.07325],[-64.88609,-21.07836],[-64.88122,-21.07945],[-64.8682,-21.07864],[-64.85169,-21.08997],[-64.85022,-21.0931],[-64.85423,-21.09574],[-64.85591,-21.10168],[-64.85607,-21.10558],[-64.8536,-21.10636],[-64.84502,-21.10488],[-64.83628,-21.10562],[-64.83578,-21.10306],[-64.83929,-21.09614],[-64.8391,-21.09437],[-64.83665,-21.09296],[-64.81784,-21.09324],[-64.80984,-21.0942],[-64.80411,-21.09681],[-64.79783,-21.09474],[-64.79681,-21.0862],[-64.79036,-21.0758],[-64.79196,-21.06775],[-64.78785,-21.062],[-64.77821,-21.06057],[-64.7744,-21.05498],[-64.77594,-21.04815],[-64.77822,-21.04723],[-64.77893,-21.04376],[-64.78177,-21.04251],[-64.78209,-21.03765],[-64.77931,-21.03016],[-64.77085,-21.02737],[-64.76962,-21.02557],[-64.76792,-21.02117],[-64.77117,-21.01604],[-64.76859,-21.01455],[-64.76568,-21.00735],[-64.76025,-21.00115],[-64.76034,-20.99783],[-64.75722,-20.99418],[-64.75661,-20.98769],[-64.75741,-20.98525],[-64.76234,-20.98343],[-64.76096,-20.98024],[-64.73989,-20.97302],[-64.73396,-20.96735],[-64.73508,-20.96211],[-64.73363,-20.95307],[-64.72762,-20.94141],[-64.71975,-20.93652],[-64.71467,-20.93702],[-64.71249,-20.93456],[-64.69888,-20.93101],[-64.69303,-20.93504],[-64.69067,-20.93894],[-64.68658,-20.94106],[-64.67806,-20.9428],[-64.66682,-20.94051],[-64.65952,-20.94427],[-64.65462,-20.94936],[-64.65413,-20.95375],[-64.65095,-20.95531],[-64.64523,-20.9547],[-64.64256,-20.96717],[-64.63835,-20.97121],[-64.6272,-20.97556],[-64.62395,-20.98012],[-64.62001,-20.9815],[-64.61502,-20.97817],[-64.6051,-20.98186],[-64.60129,-20.99104],[-64.60159,-20.99551],[-64.59895,-21.00242],[-64.59227,-21.00762],[-64.58844,-21.00523],[-64.58478,-21.00737],[-64.58469,-21.01642],[-64.57927,-21.01856],[-64.58054,-21.02502],[-64.57739,-21.03261],[-64.57542,-21.03319],[-64.57166,-21.03143],[-64.56761,-21.03424],[-64.5681,-21.04262],[-64.56244,-21.05255],[-64.55709,-21.05602],[-64.55506,-21.06261],[-64.54852,-21.06813],[-64.54643,-21.08124],[-64.5445,-21.0825],[-64.53854,-21.08189],[-64.53587,-21.08354],[-64.53744,-21.0899],[-64.53083,-21.09193],[-64.52723,-21.09756],[-64.52284,-21.09792],[-64.52148,-21.09676],[-64.5174,-21.09921],[-64.51167,-21.09954],[-64.50544,-21.09538],[-64.49614,-21.09608],[-64.49157,-21.09191],[-64.48544,-21.09294],[-64.48178,-21.092],[-64.48047,-21.09131],[-64.48031,-21.08606],[-64.47391,-21.08529],[-64.46765,-21.08656],[-64.45715,-21.08306],[-64.45505,-21.08515],[-64.45068,-21.08473],[-64.44435,-21.08802],[-64.44171,-21.09325],[-64.43519,-21.09666],[-64.43375,-21.10031],[-64.42991,-21.10325],[-64.42347,-21.10177],[-64.41873,-21.09889],[-64.41399,-21.10008],[-64.413,-21.1095],[-64.40657,-21.11004],[-64.39983,-21.11421],[-64.39862,-21.11858],[-64.39424,-21.12031],[-64.39102,-21.12398],[-64.38374,-21.12656],[-64.38032,-21.13638],[-64.3763,-21.13632],[-64.36432,-21.14275],[-64.34259,-21.14599],[-64.33685,-21.14056],[-64.33011,-21.14152],[-64.32332,-21.13607],[-64.31438,-21.13531],[-64.31084,-21.13738],[-64.30558,-21.13375],[-64.29714,-21.13534],[-64.29028,-21.13246],[-64.28687,-21.1342],[-64.28172,-21.13325],[-64.27618,-21.13459],[-64.27295,-21.13839],[-64.26953,-21.13679],[-64.26716,-21.13839],[-64.26183,-21.13887],[-64.25695,-21.14285],[-64.24678,-21.14514],[-64.24457,-21.14931],[-64.23021,-21.15205],[-64.22226,-21.14897],[-64.21925,-21.14387],[-64.21079,-21.13957],[-64.201,-21.13855],[-64.20319,-21.13494],[-64.2005,-21.12766],[-64.20151,-21.12226],[-64.19811,-21.11942],[-64.19933,-21.11319],[-64.19583,-21.10922],[-64.18911,-21.09116],[-64.19347,-21.08398],[-64.19361,-21.07767],[-64.1964,-21.07006],[-64.1997,-21.06616],[-64.19952,-21.06191],[-64.19548,-21.0572],[-64.194,-21.04977],[-64.19488,-21.04425],[-64.19857,-21.0421],[-64.20013,-21.03684],[-64.19928,-21.0336],[-64.18743,-21.03297],[-64.1797,-21.02869],[-64.17963,-21.02666],[-64.18315,-21.0239],[-64.18166,-21.02092],[-64.18477,-21.01498],[-64.18801,-21.01108],[-64.19344,-21.0101],[-64.19575,-21.00534],[-64.1859,-21.00363],[-64.18644,-21.00078],[-64.18352,-20.99267],[-64.18548,-20.98891],[-64.19285,-20.98488],[-64.18984,-20.97772],[-64.19148,-20.97031],[-64.19046,-20.96832],[-64.18423,-20.96665],[-64.18085,-20.96137],[-64.18298,-20.95715],[-64.18531,-20.95584],[-64.19503,-20.95952],[-64.19726,-20.95922],[-64.19763,-20.95738],[-64.19021,-20.95324],[-64.18716,-20.9494],[-64.18752,-20.94422],[-64.18224,-20.94079],[-64.18345,-20.93648],[-64.18733,-20.9342],[-64.18731,-20.93092],[-64.18106,-20.91859],[-64.18268,-20.91348],[-64.18144,-20.90848],[-64.17739,-20.90422],[-64.17487,-20.89837],[-64.18084,-20.89037],[-64.17872,-20.88697],[-64.17324,-20.88592],[-64.16037,-20.88736],[-64.1579,-20.88889],[-64.15778,-20.89612],[-64.16053,-20.90067],[-64.16021,-20.90353],[-64.15557,-20.90583],[-64.14526,-20.9232],[-64.13879,-20.91865],[-64.13198,-20.92196],[-64.13066,-20.92507],[-64.12416,-20.92603],[-64.12203,-20.92354],[-64.11935,-20.91481],[-64.11412,-20.91165],[-64.09972,-20.91918],[-64.09041,-20.91741],[-64.07758,-20.92343],[-64.07424,-20.92777],[-64.07349,-20.93204],[-64.06558,-20.9341],[-64.0628,-20.94468],[-64.06297,-20.9516],[-64.06081,-20.95416],[-64.05493,-20.95385],[-64.05282,-20.95632],[-64.04843,-20.95399],[-64.04599,-20.95726],[-64.04167,-20.9574],[-64.02556,-20.96246],[-64.02263,-20.962],[-64.01857,-20.95606],[-64.01239,-20.95569],[-64.01269,-20.94959],[-64.01145,-20.94717],[-64.00926,-20.94587],[-64.00639,-20.94674],[-64.00565,-20.95082],[-64.01083,-20.9688],[-64.00335,-20.97974],[-64.00341,-20.98165],[-64.01008,-20.99529],[-64.00304,-21.00538],[-63.99874,-21.0064],[-63.98742,-21.00366],[-63.72399,-21.00367],[-63.2566,-21.00366],[-63.00149,-21.00366],[-62.26135,-20.99252],[-62.26665,-20.56274],[-62.20565,-20.47922],[-62.19184,-20.46252],[-62.17937,-20.44262],[-62.69251,-20.44222],[-63.02188,-20.44425],[-63.24909,-20.46063],[-63.35763,-20.46005],[-63.35974,-20.44794],[-63.35808,-20.44517],[-63.36095,-20.43561],[-63.35722,-20.43305],[-63.35243,-20.42275],[-63.35172,-20.41781],[-63.35625,-20.41376],[-63.35471,-20.40528],[-63.35677,-20.4014],[-63.35586,-20.39981],[-63.35705,-20.39252],[-63.36836,-20.39598],[-63.37136,-20.39498],[-63.3902,-20.39964],[-63.39972,-20.39857],[-63.39946,-20.40345],[-63.40435,-20.40711],[-63.40295,-20.41082],[-63.40498,-20.41761],[-63.40911,-20.42055],[-63.4065,-20.42284],[-63.40674,-20.425],[-63.41241,-20.42831],[-63.41515,-20.43817],[-63.42139,-20.44039],[-63.43944,-20.4367],[-63.44368,-20.44222],[-63.46043,-20.4489],[-63.46405,-20.45354],[-63.47341,-20.45341],[-63.48283,-20.45751],[-63.48996,-20.45626],[-63.49671,-20.45833],[-63.50338,-20.45578],[-63.50972,-20.4565],[-63.51379,-20.45863],[-63.51244,-20.46112],[-63.51344,-20.46272],[-63.51948,-20.46011],[-63.52404,-20.45989],[-63.52874,-20.45652],[-63.53417,-20.45654],[-63.53733,-20.45224],[-63.54072,-20.45426],[-63.54754,-20.45111],[-63.55766,-20.45212],[-63.55985,-20.45029],[-63.57134,-20.44881],[-63.57393,-20.44727],[-63.58097,-20.44803],[-63.58179,-20.44545],[-63.58379,-20.44514],[-63.58406,-20.44246],[-63.58711,-20.4427],[-63.58729,-20.44457],[-63.58984,-20.44422],[-63.58843,-20.44672],[-63.59039,-20.44577],[-63.5934,-20.44782],[-63.59695,-20.45411],[-63.5986,-20.45316],[-63.60261,-20.45464],[-63.60392,-20.45682],[-63.61273,-20.46179],[-63.62208,-20.46457],[-63.63627,-20.46354],[-63.64846,-20.46634],[-63.6553,-20.47263],[-63.6672,-20.47321],[-63.68417,-20.46514],[-63.6923,-20.43587],[-63.69076,-20.4288],[-63.69347,-20.4237],[-63.69554,-20.39832],[-63.69259,-20.3815],[-63.69344,-20.37928],[-63.69203,-20.37825],[-63.69422,-20.36961],[-63.6929,-20.36828],[-63.69237,-20.34539],[-63.69471,-20.33108],[-63.69694,-20.32971],[-63.69624,-20.32658],[-63.69741,-20.32466],[-63.69606,-20.32104],[-63.69834,-20.30736],[-63.69631,-20.29874],[-63.69871,-20.29574],[-63.70076,-20.28178],[-63.69429,-20.27725],[-63.69662,-20.27697],[-63.69687,-20.27435],[-63.70176,-20.26867],[-63.69963,-20.26458],[-63.70494,-20.26029],[-63.70246,-20.25731],[-63.70624,-20.25699],[-63.70757,-20.25429],[-63.70244,-20.24653],[-63.69799,-20.24377],[-63.69847,-20.24009],[-63.69503,-20.24046],[-63.69368,-20.23699],[-63.69502,-20.23464],[-63.69357,-20.23412],[-63.69212,-20.22946],[-63.68679,-20.22601],[-63.68802,-20.21955],[-63.68565,-20.21894],[-63.68353,-20.21614],[-63.68077,-20.20837],[-63.68454,-20.205],[-63.68482,-20.19881],[-63.68931,-20.19841],[-63.69097,-20.19602],[-63.68745,-20.18914],[-63.69202,-20.19019],[-63.69815,-20.187],[-63.69625,-20.17276],[-63.69695,-20.16228],[-63.69203,-20.15656],[-63.6923,-20.14873],[-63.69858,-20.14689],[-63.69869,-20.13997],[-63.70208,-20.13469],[-63.7024,-20.13059],[-63.70511,-20.12932],[-63.70576,-20.12643],[-63.71566,-20.12482],[-63.72257,-20.11888],[-63.72309,-20.11687],[-63.72577,-20.11573],[-63.7229,-20.10745],[-63.72663,-20.10481],[-63.72695,-20.10099],[-63.72524,-20.09484],[-63.72816,-20.07107],[-63.72552,-20.06576],[-63.72895,-20.05795],[-63.72802,-20.0471],[-63.72941,-20.04062],[-63.73179,-20.03888],[-63.73229,-20.02725],[-63.72841,-20.02098],[-63.73047,-20.01331],[-63.72856,-20.00742],[-63.72948,-20.00368],[-63.72691,-20.00005],[-63.7278,-19.9954],[-63.72669,-19.99239],[-63.72802,-19.98937],[-63.72173,-19.969],[-63.72184,-19.96137],[-63.71636,-19.95199],[-63.71497,-19.93547],[-63.71773,-19.92067],[-63.71593,-19.91557],[-63.71982,-19.90802],[-63.71743,-19.88722],[-63.71307,-19.87925],[-63.71318,-19.87288],[-63.71,-19.86689],[-63.70901,-19.86108],[-63.71199,-19.83393],[-63.71582,-19.82675],[-63.72039,-19.81043],[-63.71998,-19.79911],[-63.71639,-19.79166],[-63.71975,-19.77786],[-63.71943,-19.76183],[-63.72162,-19.7537],[-63.71819,-19.74257],[-63.71829,-19.73277],[-63.72029,-19.72908],[-63.71793,-19.72367],[-63.71855,-19.71474],[-63.71696,-19.70011],[-63.71406,-19.69138],[-63.71415,-19.68492],[-63.71154,-19.67388],[-63.70088,-19.65465],[-63.7014,-19.64507],[-63.70712,-19.63653],[-63.70451,-19.62548],[-63.7055,-19.61355],[-63.70023,-19.60933],[-63.69805,-19.60195],[-63.69409,-19.60261],[-63.69355,-19.59543],[-63.69222,-19.59443],[-63.69754,-19.58856],[-63.70223,-19.5867],[-63.70457,-19.57663],[-63.71015,-19.57293],[-63.71189,-19.55609],[-63.71035,-19.55262],[-63.71358,-19.55033],[-63.71155,-19.54817],[-63.71152,-19.54503],[-63.70936,-19.54615],[-63.70812,-19.54348],[-63.71054,-19.53622],[-63.70851,-19.53384],[-63.70725,-19.52811],[-63.70977,-19.51291],[-63.70797,-19.50919],[-63.70219,-19.50566],[-63.70451,-19.50293],[-63.7056,-19.4939],[-63.703,-19.48735],[-63.7032,-19.48421],[-63.70797,-19.47352],[-63.70608,-19.46931],[-63.71782,-19.43956],[-63.71488,-19.42803],[-63.7154,-19.42342],[-63.71831,-19.42207],[-63.72088,-19.41728],[-63.71707,-19.40691],[-63.71686,-19.4019],[-63.71818,-19.39815],[-63.72446,-19.39307],[-63.71739,-19.38074],[-63.71297,-19.37647],[-63.71855,-19.37006],[-63.72007,-19.3655],[-63.72544,-19.36353],[-63.72895,-19.34917],[-63.72316,-19.34429],[-63.72529,-19.33994],[-63.72064,-19.33492],[-63.72087,-19.32172],[-63.71786,-19.31677],[-63.71966,-19.31239],[-63.71892,-19.27939],[-63.71448,-19.27212],[-63.71785,-19.26106],[-63.72264,-19.25248],[-63.72278,-19.24333],[-63.72797,-19.22706],[-63.73766,-19.21602],[-63.73932,-19.2087],[-63.73557,-19.20345],[-63.74451,-19.18516],[-63.74368,-19.18053],[-63.74559,-19.17501],[-63.74383,-19.15916],[-63.7397,-19.14824],[-63.7363,-19.14646],[-63.73434,-19.13246],[-63.73192,-19.13024],[-63.73122,-19.12609],[-63.72807,-19.12239],[-63.72252,-19.11935],[-63.7202,-19.11594],[-63.7206,-19.11376],[-63.71857,-19.11301],[-63.72019,-19.10995],[-63.71907,-19.10609],[-63.72038,-19.10029],[-63.71879,-19.09746],[-63.71699,-19.09728],[-63.71515,-19.09061],[-63.7154,-19.08518],[-63.71101,-19.07667],[-63.7115,-19.07347],[-63.71375,-19.07124],[-63.71094,-19.06921],[-63.71075,-19.06642],[-63.70901,-19.06526],[-63.70831,-19.05408],[-63.70947,-19.05177],[-63.70665,-19.05007],[-63.70789,-19.04521],[-63.70517,-19.04308],[-63.71647,-19.04463],[-63.72209,-19.04773],[-63.72311,-19.04618],[-63.72116,-19.04148],[-63.7218,-19.03792],[-63.73062,-19.03002],[-63.73665,-19.03198],[-63.73627,-19.03912],[-63.74309,-19.04218],[-63.75463,-19.03622],[-63.76096,-19.03589],[-63.76868,-19.03163],[-63.7805,-19.03669],[-63.78142,-19.03915],[-63.77757,-19.04695],[-63.77861,-19.04908],[-63.79484,-19.04346],[-63.80946,-19.05514],[-63.81407,-19.04603],[-63.82321,-19.04926],[-63.83055,-19.04935],[-63.83272,-19.05119],[-63.8389,-19.04959],[-63.84187,-19.04115],[-63.84516,-19.03992],[-63.84772,-19.03662],[-63.85638,-19.03698],[-63.86198,-19.0355],[-63.8661,-19.03806],[-63.87163,-19.03738],[-63.88441,-19.02945],[-63.89034,-19.03015],[-63.89123,-19.03363],[-63.89525,-19.03553],[-63.9017,-19.03166],[-63.9043,-19.03656],[-63.89799,-19.04216],[-63.89687,-19.04589],[-63.89866,-19.04692],[-63.90452,-19.04578],[-63.90759,-19.04806],[-63.91112,-19.06372],[-63.90956,-19.08409],[-63.91075,-19.08818],[-63.90431,-19.09555],[-63.90553,-19.09886],[-63.90916,-19.09902],[-63.91005,-19.1006],[-63.90986,-19.1028],[-63.90564,-19.10745],[-63.9049,-19.11118],[-63.90808,-19.11389],[-63.90739,-19.11781],[-63.91013,-19.12062],[-63.91166,-19.12717],[-63.91373,-19.12913],[-63.90865,-19.13322],[-63.91319,-19.15279],[-63.90796,-19.15574],[-63.90719,-19.16031],[-63.91991,-19.16983],[-63.92464,-19.17625],[-63.91963,-19.17897],[-63.91946,-19.18333],[-63.92481,-19.18426],[-63.9303,-19.18191],[-63.93107,-19.17826],[-63.93427,-19.17746],[-63.94211,-19.17849],[-63.94541,-19.18293],[-63.94985,-19.17561],[-63.95306,-19.17507],[-63.95535,-19.17679],[-63.96051,-19.17339],[-63.96772,-19.17947],[-63.9719,-19.18078],[-63.97822,-19.17872],[-63.99477,-19.18213],[-64.00059,-19.17955],[-64.00432,-19.17962],[-64.00793,-19.17605],[-64.00901,-19.17959],[-64.01153,-19.17891],[-64.01653,-19.17399],[-64.01865,-19.1668],[-64.02402,-19.16448],[-64.02208,-19.15966],[-64.02294,-19.1551],[-64.02177,-19.15329],[-64.02383,-19.15024],[-64.02807,-19.15035],[-64.02983,-19.14871],[-64.03229,-19.13212],[-64.03939,-19.13111],[-64.04221,-19.12834],[-64.04123,-19.12093],[-64.04385,-19.11765],[-64.04075,-19.11617],[-64.0373,-19.1165],[-64.03191,-19.11279],[-64.04124,-19.1057],[-64.04087,-19.10409],[-64.03552,-19.10093],[-64.03624,-19.09972],[-64.04011,-19.0982],[-64.0434,-19.09916],[-64.0452,-19.09735],[-64.04534,-19.09322],[-64.04252,-19.08787],[-64.0443,-19.08373],[-64.0418,-19.07912],[-64.04959,-19.06534],[-64.04612,-19.05802],[-64.05226,-19.05191],[-64.05804,-19.04916],[-64.05506,-19.0463],[-64.05795,-19.04206],[-64.05348,-19.03988],[-64.05298,-19.03784],[-64.0577,-19.03028],[-64.0655,-19.02659],[-64.06315,-19.01676],[-64.06847,-19.00527],[-64.07846,-19.00138],[-64.08198,-18.99592],[-64.08968,-19.001],[-64.09152,-18.99524],[-64.08953,-18.99208],[-64.09801,-18.99018],[-64.10019,-18.98617],[-64.1012,-18.9764],[-64.10327,-18.97338],[-64.10634,-18.97348],[-64.11111,-18.97071],[-64.11971,-18.97217],[-64.12255,-18.96852],[-64.1304,-18.96426],[-64.1406,-18.96892],[-64.14527,-18.96688],[-64.15281,-18.96959],[-64.15794,-18.96711],[-64.15949,-18.9688],[-64.164,-18.96941],[-64.17192,-18.96643],[-64.17595,-18.95793],[-64.18462,-18.96119],[-64.18759,-18.95205],[-64.19213,-18.95152],[-64.19592,-18.94817],[-64.19391,-18.94354],[-64.1955,-18.93853],[-64.19703,-18.93775],[-64.1999,-18.93949],[-64.2016,-18.93712],[-64.1965,-18.92719],[-64.19709,-18.92377],[-64.20228,-18.91663],[-64.20009,-18.91286],[-64.20002,-18.90808],[-64.20612,-18.90035],[-64.21239,-18.89601],[-64.21371,-18.89281],[-64.2132,-18.88236],[-64.21676,-18.8796],[-64.22337,-18.87836],[-64.22272,-18.87408],[-64.22418,-18.8685],[-64.22878,-18.86519],[-64.23312,-18.8589],[-64.23877,-18.85997],[-64.24822,-18.84505],[-64.25303,-18.84259],[-64.25827,-18.83738],[-64.2641,-18.83589],[-64.26761,-18.8382],[-64.27728,-18.83662],[-64.28438,-18.82762],[-64.2901,-18.82308],[-64.28932,-18.81875],[-64.28276,-18.81264],[-64.28677,-18.78567],[-64.29238,-18.77869],[-64.29783,-18.76646],[-64.30315,-18.76371],[-64.31595,-18.76058],[-64.31755,-18.75672],[-64.31639,-18.75415],[-64.31113,-18.75218],[-64.30937,-18.74984],[-64.31752,-18.73869],[-64.31981,-18.7267],[-64.3123,-18.71526],[-64.30963,-18.70177],[-64.31015,-18.68617],[-64.31288,-18.67728],[-64.31092,-18.6705],[-64.31456,-18.66775],[-64.32458,-18.66966],[-64.3292,-18.66547],[-64.34067,-18.66761],[-64.34559,-18.66277],[-64.35253,-18.64723],[-64.35826,-18.63904],[-64.36089,-18.6269],[-64.36128,-18.615],[-64.36415,-18.6165],[-64.36601,-18.62077],[-64.37077,-18.62314],[-64.38088,-18.6224],[-64.38575,-18.62451],[-64.38945,-18.62253],[-64.39789,-18.62161],[-64.41609,-18.62872],[-64.42387,-18.62776],[-64.42959,-18.62955],[-64.43324,-18.63213],[-64.43829,-18.64129],[-64.44033,-18.64992],[-64.44601,-18.65319],[-64.45301,-18.65261],[-64.45671,-18.6542],[-64.46408,-18.66399],[-64.46972,-18.66846],[-64.47948,-18.66828],[-64.49079,-18.67157],[-64.50016,-18.67134],[-64.50824,-18.66963],[-64.51144,-18.66739],[-64.51447,-18.66954],[-64.5181,-18.67572],[-64.51996,-18.67626],[-64.5332,-18.67496],[-64.5397,-18.67617],[-64.54456,-18.67379],[-64.55794,-18.6745],[-64.5603,-18.67209],[-64.56363,-18.66234],[-64.57409,-18.65364],[-64.58446,-18.65332],[-64.59485,-18.64402],[-64.60213,-18.6427],[-64.60779,-18.64348],[-64.61174,-18.63915],[-64.62161,-18.63284],[-64.62412,-18.62282],[-64.63373,-18.61739],[-64.63656,-18.60395],[-64.6433,-18.60474],[-64.64685,-18.60318],[-64.64821,-18.59455],[-64.64319,-18.59172],[-64.64306,-18.58863],[-64.65247,-18.57238],[-64.66308,-18.57054],[-64.67064,-18.56649],[-64.67466,-18.56108],[-64.68212,-18.54236],[-64.68644,-18.53853],[-64.69394,-18.53843],[-64.6967,-18.52965],[-64.70081,-18.53046],[-64.70273,-18.53805],[-64.70544,-18.53969],[-64.71195,-18.53499],[-64.7224,-18.53704],[-64.72635,-18.53397],[-64.73515,-18.53779],[-64.7427,-18.53415],[-64.75,-18.53485],[-64.76404,-18.52857],[-64.77083,-18.5292],[-64.78437,-18.52604],[-64.7876,-18.5212],[-64.78562,-18.51646],[-64.79718,-18.50237],[-64.79881,-18.49398],[-64.8073,-18.48847],[-64.81165,-18.48964],[-64.81908,-18.48839],[-64.82723,-18.49013],[-64.83143,-18.48965],[-64.83957,-18.48373],[-64.84333,-18.48417],[-64.85138,-18.48919],[-64.85792,-18.48667],[-64.86287,-18.49363],[-64.8658,-18.49124],[-64.87124,-18.49242],[-64.87251,-18.48944],[-64.87544,-18.48855],[-64.879,-18.49237],[-64.88389,-18.49364],[-64.88834,-18.49791],[-64.90171,-18.50333],[-64.90767,-18.50397],[-64.9143,-18.51077],[-64.93225,-18.51793],[-64.93631,-18.52999],[-64.94973,-18.53602],[-64.95305,-18.54008],[-64.9595,-18.54297],[-64.95681,-18.55152],[-64.95916,-18.55345],[-64.96628,-18.55553],[-64.97103,-18.55512],[-64.97502,-18.55884],[-64.9835,-18.56056],[-64.98594,-18.55936],[-64.99019,-18.56122],[-64.99534,-18.55741],[-65.00056,-18.55902],[-65.00062,-18.56571],[-65.00459,-18.57254],[-65.01356,-18.57685],[-65.01576,-18.58091],[-65.02069,-18.58429],[-65.02219,-18.59259],[-65.0211,-18.59854],[-65.02556,-18.59924],[-65.03087,-18.59788],[-65.03502,-18.59891],[-65.0376,-18.60102],[-65.03908,-18.60943],[-65.04618,-18.61166],[-65.0477,-18.61341],[-65.04516,-18.62396],[-65.05141,-18.62999],[-65.04831,-18.63416],[-65.04947,-18.64085],[-65.04807,-18.64646],[-65.04403,-18.65181],[-65.03892,-18.64906],[-65.03578,-18.663],[-65.03159,-18.66888],[-65.03961,-18.67931],[-65.04351,-18.68181],[-65.04708,-18.67949],[-65.04975,-18.67455],[-65.05838,-18.67542],[-65.07682,-18.65902],[-65.08487,-18.66156],[-65.08889,-18.65784],[-65.0965,-18.65679],[-65.10038,-18.6489],[-65.10199,-18.64022],[-65.10914,-18.63745],[-65.11436,-18.63289],[-65.12234,-18.63331],[-65.1266,-18.62628],[-65.13171,-18.62507],[-65.14499,-18.6167],[-65.14677,-18.61419],[-65.14661,-18.60637],[-65.1547,-18.61349],[-65.16428,-18.61016],[-65.16905,-18.61236],[-65.1758,-18.61855],[-65.18417,-18.61753],[-65.20274,-18.62405],[-65.20556,-18.62302],[-65.20685,-18.61829],[-65.21056,-18.61352],[-65.21528,-18.61097],[-65.23388,-18.61314],[-65.24361,-18.61072],[-65.24801,-18.60119],[-65.2448,-18.59632],[-65.24597,-18.59207],[-65.24548,-18.57994],[-65.23874,-18.56301],[-65.23779,-18.55566],[-65.23917,-18.54687],[-65.24498,-18.53359],[-65.24333,-18.5262],[-65.2467,-18.51981],[-65.24582,-18.50599],[-65.2533,-18.50366],[-65.2622,-18.5071],[-65.27845,-18.50904],[-65.28316,-18.50287],[-65.28835,-18.50114],[-65.28753,-18.49611],[-65.29198,-18.4919],[-65.29322,-18.48591],[-65.2894,-18.475],[-65.28987,-18.47046],[-65.29188,-18.46405],[-65.29565,-18.46004],[-65.2974,-18.45566],[-65.30977,-18.44297],[-65.3125,-18.44265],[-65.31829,-18.44734],[-65.31986,-18.45318],[-65.3255,-18.45861],[-65.32802,-18.45929],[-65.33156,-18.45792],[-65.33454,-18.4538],[-65.33576,-18.44818],[-65.33374,-18.44313],[-65.33398,-18.43241],[-65.33042,-18.42607],[-65.33306,-18.42317],[-65.34567,-18.41788]]]}},{"type":"Feature","properties":{"shapeName":"Cochabamba","shapeISO":"BO-C","shapeID":"26024454B59884138823050","shapeGroup":"BOL","shapeType":"ADM1"},"geometry":{"type":"Polygon","coordinates":[[[-66.79542,-15.7851],[-66.8003,-15.7848],[-66.8027,-15.78261],[-66.80405,-15.78388],[-66.80695,-15.78039],[-66.80931,-15.77992],[-66.8128,-15.78216],[-66.81226,-15.78605],[-66.82617,-15.78864],[-66.83037,-15.79051],[-66.83369,-15.79508],[-66.8368,-15.79666],[-66.84851,-15.7884],[-66.86048,-15.78309],[-66.86412,-15.79155],[-66.87373,-15.7964],[-66.88192,-15.8089],[-66.88352,-15.80875],[-66.89082,-15.81587],[-66.89278,-15.82032],[-66.89544,-15.82056],[-66.89717,-15.8233],[-66.89644,-15.82618],[-66.89904,-15.82823],[-66.90035,-15.83515],[-66.90745,-15.84425],[-66.90735,-15.84832],[-66.90107,-15.84943],[-66.90164,-15.85217],[-66.89987,-15.85556],[-66.90346,-15.86176],[-66.9014,-15.86798],[-66.89483,-15.87181],[-66.88709,-15.87338],[-66.88294,-15.8785],[-66.88179,-15.88447],[-66.88305,-15.88994],[-66.8885,-15.89396],[-66.89016,-15.8975],[-66.88099,-15.90872],[-66.87922,-15.91428],[-66.87468,-15.91901],[-66.87869,-15.92236],[-66.87828,-15.92575],[-66.86881,-15.93543],[-66.87533,-15.93804],[-66.87853,-15.94365],[-66.88397,-15.94168],[-66.88878,-15.95042],[-66.89478,-15.95211],[-66.8987,-15.95561],[-66.90032,-15.96114],[-66.90207,-15.96073],[-66.90515,-15.9629],[-66.90576,-15.9683],[-66.91037,-15.97291],[-66.91375,-15.97974],[-66.91166,-15.98566],[-66.91246,-15.98781],[-66.90992,-15.99128],[-66.92084,-15.99825],[-66.9217,-16.00135],[-66.91703,-16.00432],[-66.91654,-16.01107],[-66.91351,-16.01557],[-66.91558,-16.02159],[-66.91297,-16.0259],[-66.91162,-16.03292],[-66.91316,-16.04245],[-66.90917,-16.04575],[-66.90908,-16.04732],[-66.91096,-16.04895],[-66.90949,-16.05319],[-66.91305,-16.0607],[-66.91029,-16.0642],[-66.91349,-16.06784],[-66.91774,-16.06949],[-66.918,-16.08233],[-66.92003,-16.08511],[-66.92048,-16.09144],[-66.91858,-16.09514],[-66.91333,-16.09649],[-66.9101,-16.10472],[-66.90299,-16.1035],[-66.89825,-16.11201],[-66.89445,-16.11213],[-66.88966,-16.11691],[-66.8882,-16.11989],[-66.88923,-16.12418],[-66.88457,-16.12657],[-66.88437,-16.13124],[-66.8826,-16.13444],[-66.87623,-16.13867],[-66.87447,-16.14747],[-66.86802,-16.15155],[-66.87056,-16.16056],[-66.86292,-16.16462],[-66.85895,-16.17287],[-66.85076,-16.18228],[-66.8479,-16.19277],[-66.84431,-16.195],[-66.84574,-16.2092],[-66.84834,-16.21091],[-66.84784,-16.21252],[-66.8516,-16.21669],[-66.84952,-16.21802],[-66.84978,-16.22354],[-66.84665,-16.22765],[-66.85268,-16.23377],[-66.85034,-16.2372],[-66.85046,-16.24076],[-66.85138,-16.24399],[-66.85351,-16.24455],[-66.84987,-16.25157],[-66.843,-16.25802],[-66.8341,-16.26065],[-66.82768,-16.26864],[-66.81952,-16.26947],[-66.81978,-16.27492],[-66.8163,-16.28117],[-66.80902,-16.28308],[-66.80705,-16.28771],[-66.80039,-16.29561],[-66.80026,-16.29998],[-66.80104,-16.3016],[-66.8038,-16.30186],[-66.80402,-16.30347],[-66.80223,-16.30848],[-66.8029,-16.31186],[-66.79868,-16.32086],[-66.79907,-16.32861],[-66.79763,-16.33032],[-66.79494,-16.34433],[-66.79887,-16.35353],[-66.79557,-16.36561],[-66.79676,-16.37622],[-66.79418,-16.39056],[-66.79465,-16.39831],[-66.78922,-16.40876],[-66.79132,-16.41208],[-66.78568,-16.41424],[-66.783,-16.41981],[-66.78599,-16.42832],[-66.78531,-16.4323],[-66.78741,-16.436],[-66.7882,-16.44337],[-66.78511,-16.45051],[-66.78599,-16.4565],[-66.78246,-16.46175],[-66.78253,-16.46789],[-66.78454,-16.47213],[-66.78817,-16.47354],[-66.78876,-16.48452],[-66.7816,-16.49414],[-66.77313,-16.50002],[-66.76907,-16.50492],[-66.76884,-16.51214],[-66.77677,-16.51742],[-66.77648,-16.52183],[-66.76896,-16.53386],[-66.76489,-16.53561],[-66.76495,-16.543],[-66.75966,-16.54438],[-66.74839,-16.56402],[-66.74211,-16.57128],[-66.74256,-16.57762],[-66.73812,-16.57843],[-66.73211,-16.5901],[-66.73377,-16.59254],[-66.73383,-16.59637],[-66.73817,-16.60012],[-66.73671,-16.60481],[-66.73783,-16.6074],[-66.73399,-16.61288],[-66.73726,-16.617],[-66.73692,-16.6228],[-66.74141,-16.62457],[-66.74226,-16.62814],[-66.74658,-16.63211],[-66.74538,-16.63281],[-66.74467,-16.63998],[-66.742,-16.64382],[-66.74268,-16.64883],[-66.74098,-16.65668],[-66.74687,-16.66211],[-66.747,-16.66692],[-66.75416,-16.67625],[-66.75429,-16.6843],[-66.75607,-16.68616],[-66.75589,-16.68996],[-66.75872,-16.69383],[-66.75662,-16.69713],[-66.758,-16.69911],[-66.75772,-16.7032],[-66.75322,-16.70648],[-66.74361,-16.72032],[-66.74445,-16.73089],[-66.74089,-16.73633],[-66.74466,-16.7382],[-66.7456,-16.74058],[-66.74117,-16.74998],[-66.74118,-16.75519],[-66.75156,-16.76874],[-66.75932,-16.77043],[-66.75964,-16.7755],[-66.76231,-16.78209],[-66.7691,-16.78585],[-66.7759,-16.78414],[-66.78407,-16.7931],[-66.7849,-16.79573],[-66.78056,-16.79987],[-66.78405,-16.80314],[-66.78484,-16.80647],[-66.78925,-16.80674],[-66.79255,-16.81036],[-66.79691,-16.81171],[-66.80028,-16.81796],[-66.80667,-16.82097],[-66.81485,-16.82932],[-66.82122,-16.83129],[-66.82223,-16.83385],[-66.82611,-16.83474],[-66.82719,-16.83697],[-66.83046,-16.83735],[-66.83304,-16.83965],[-66.83742,-16.84081],[-66.8393,-16.8389],[-66.8415,-16.84029],[-66.85442,-16.83439],[-66.85765,-16.8358],[-66.86639,-16.83309],[-66.87029,-16.83517],[-66.88187,-16.83598],[-66.88498,-16.83755],[-66.88751,-16.83399],[-66.89108,-16.83507],[-66.89467,-16.83363],[-66.90148,-16.83392],[-66.90433,-16.83682],[-66.90731,-16.83642],[-66.91074,-16.83294],[-66.91547,-16.83618],[-66.92396,-16.83577],[-66.93546,-16.85236],[-66.93917,-16.85343],[-66.94163,-16.85608],[-66.94661,-16.86854],[-66.95248,-16.87614],[-66.956,-16.87763],[-66.96524,-16.88733],[-66.97197,-16.88997],[-66.97363,-16.89207],[-66.97623,-16.90636],[-66.97023,-16.921],[-66.97053,-16.92433],[-66.97786,-16.92853],[-66.99174,-16.93326],[-66.99216,-16.94164],[-67.00306,-16.94768],[-67.00574,-16.95488],[-67.00443,-16.95934],[-67.00098,-16.9616],[-66.99996,-16.96842],[-67.00216,-16.9767],[-67.00184,-16.98927],[-66.99061,-17.01441],[-66.99067,-17.01961],[-66.98669,-17.02556],[-66.98403,-17.03443],[-66.98494,-17.03879],[-66.98071,-17.04683],[-66.97359,-17.05146],[-66.96947,-17.0572],[-66.9573,-17.06561],[-66.95652,-17.07177],[-66.9524,-17.07741],[-66.94436,-17.08446],[-66.94031,-17.09432],[-66.93064,-17.10705],[-66.92563,-17.11093],[-66.91538,-17.11353],[-66.90469,-17.12295],[-66.89708,-17.13359],[-66.89044,-17.13983],[-66.8892,-17.14781],[-66.88392,-17.15655],[-66.88312,-17.16131],[-66.88516,-17.16594],[-66.88625,-17.17809],[-66.88526,-17.18523],[-66.8898,-17.18979],[-66.89055,-17.19456],[-66.88877,-17.19615],[-66.88856,-17.2004],[-66.89005,-17.20605],[-66.88853,-17.21372],[-66.88221,-17.22032],[-66.88235,-17.22556],[-66.87714,-17.23425],[-66.87874,-17.24844],[-66.88865,-17.26607],[-66.88657,-17.27088],[-66.88891,-17.27276],[-66.88804,-17.27567],[-66.88941,-17.2777],[-66.88751,-17.29004],[-66.88295,-17.29162],[-66.87318,-17.30211],[-66.86694,-17.3039],[-66.85745,-17.31074],[-66.84748,-17.31543],[-66.84411,-17.3157],[-66.84258,-17.31747],[-66.84721,-17.33653],[-66.84916,-17.33806],[-66.85586,-17.33775],[-66.85946,-17.34116],[-66.85781,-17.34775],[-66.84974,-17.34862],[-66.8454,-17.35404],[-66.84675,-17.36057],[-66.8458,-17.36498],[-66.85147,-17.37801],[-66.84982,-17.38193],[-66.84636,-17.3843],[-66.84742,-17.38604],[-66.85333,-17.38457],[-66.86489,-17.38874],[-66.86694,-17.40257],[-66.87392,-17.41017],[-66.8769,-17.41682],[-66.87532,-17.4219],[-66.87201,-17.42589],[-66.86853,-17.42739],[-66.8629,-17.43607],[-66.84387,-17.44151],[-66.84039,-17.44724],[-66.83568,-17.45109],[-66.83725,-17.46342],[-66.8368,-17.46843],[-66.83463,-17.47212],[-66.83473,-17.47673],[-66.83137,-17.47984],[-66.8274,-17.48916],[-66.82275,-17.49295],[-66.82195,-17.49902],[-66.81626,-17.50355],[-66.81739,-17.50705],[-66.81568,-17.51155],[-66.81746,-17.51658],[-66.82493,-17.52563],[-66.82908,-17.52776],[-66.8346,-17.52693],[-66.84034,-17.53357],[-66.84774,-17.53395],[-66.86131,-17.53995],[-66.86995,-17.53936],[-66.87771,-17.54155],[-66.87349,-17.55702],[-66.87579,-17.55966],[-66.87992,-17.56083],[-66.88305,-17.56745],[-66.88562,-17.56865],[-66.88495,-17.57495],[-66.89161,-17.58553],[-66.89989,-17.5905],[-66.886,-17.59969],[-66.87275,-17.61727],[-66.87237,-17.62476],[-66.8833,-17.63328],[-66.88756,-17.63918],[-66.89196,-17.66606],[-66.87903,-17.67887],[-66.87721,-17.68963],[-66.87139,-17.6925],[-66.86968,-17.70174],[-66.86079,-17.71262],[-66.8513,-17.71907],[-66.83452,-17.7264],[-66.82161,-17.73734],[-66.8157,-17.75666],[-66.79673,-17.77671],[-66.79565,-17.78176],[-66.78186,-17.78101],[-66.77905,-17.78443],[-66.77199,-17.78183],[-66.77609,-17.79141],[-66.7708,-17.79333],[-66.76412,-17.80292],[-66.75699,-17.82496],[-66.75112,-17.83482],[-66.74707,-17.8377],[-66.7308,-17.84052],[-66.72269,-17.8476],[-66.72342,-17.85117],[-66.72061,-17.85745],[-66.72288,-17.86624],[-66.72248,-17.87012],[-66.71622,-17.87807],[-66.71364,-17.88462],[-66.71338,-17.89371],[-66.71513,-17.9001],[-66.73794,-17.93966],[-66.74822,-17.95294],[-66.78142,-17.98464],[-66.78842,-17.98819],[-66.80122,-18.0037],[-66.82247,-18.02544],[-66.827,-18.03696],[-66.83558,-18.04754],[-66.84143,-18.05169],[-66.83287,-18.06152],[-66.83206,-18.08331],[-66.82234,-18.09381],[-66.81804,-18.10186],[-66.81572,-18.11132],[-66.79898,-18.12453],[-66.79581,-18.12956],[-66.78523,-18.13565],[-66.76101,-18.13592],[-66.7575,-18.13493],[-66.72471,-18.11588],[-66.71242,-18.11662],[-66.70494,-18.12042],[-66.69559,-18.12129],[-66.69024,-18.12022],[-66.68387,-18.11604],[-66.68398,-18.11439],[-66.68625,-18.11374],[-66.68479,-18.11198],[-66.6815,-18.11143],[-66.68031,-18.11342],[-66.67794,-18.11336],[-66.67644,-18.10928],[-66.67061,-18.11083],[-66.65954,-18.11784],[-66.63694,-18.11889],[-66.63061,-18.11628],[-66.62615,-18.11253],[-66.62043,-18.10558],[-66.6185,-18.09711],[-66.61399,-18.09688],[-66.61293,-18.09296],[-66.60751,-18.08554],[-66.6011,-18.08235],[-66.59532,-18.08428],[-66.57655,-18.08285],[-66.56459,-18.07599],[-66.54847,-18.08029],[-66.54571,-18.08289],[-66.54004,-18.08213],[-66.53723,-18.08405],[-66.53576,-18.08343],[-66.53508,-18.08502],[-66.53149,-18.08526],[-66.52745,-18.0891],[-66.52341,-18.08953],[-66.5243,-18.08213],[-66.52967,-18.06866],[-66.53211,-18.06578],[-66.53345,-18.05844],[-66.51839,-18.0466],[-66.51207,-18.03635],[-66.49343,-18.02205],[-66.48528,-18.01381],[-66.47448,-18.00658],[-66.47184,-18.00367],[-66.47261,-18.00056],[-66.46127,-17.99338],[-66.44615,-17.98115],[-66.44494,-17.97856],[-66.43142,-17.97344],[-66.41935,-17.97566],[-66.41292,-17.97071],[-66.39534,-17.96332],[-66.38783,-17.96409],[-66.38105,-17.95992],[-66.37208,-17.95809],[-66.37196,-17.95662],[-66.35929,-17.95692],[-66.35092,-17.96002],[-66.34352,-17.95969],[-66.34268,-17.9569],[-66.33765,-17.95355],[-66.32682,-17.95279],[-66.32017,-17.94947],[-66.30925,-17.96176],[-66.28731,-17.96262],[-66.28089,-17.96602],[-66.27798,-17.96403],[-66.27196,-17.95385],[-66.26652,-17.95136],[-66.2662,-17.94607],[-66.26083,-17.93919],[-66.25166,-17.93426],[-66.2496,-17.93741],[-66.24724,-17.95317],[-66.23662,-17.94869],[-66.22603,-17.95263],[-66.22334,-17.94933],[-66.22202,-17.9423],[-66.21921,-17.94136],[-66.21929,-17.93758],[-66.21606,-17.9352],[-66.21068,-17.93529],[-66.20987,-17.9319],[-66.20336,-17.93092],[-66.19697,-17.92621],[-66.19025,-17.9305],[-66.17988,-17.93343],[-66.1722,-17.92799],[-66.16538,-17.92559],[-66.16597,-17.91519],[-66.16167,-17.91157],[-66.16391,-17.907],[-66.1594,-17.90343],[-66.15693,-17.9033],[-66.15864,-17.8993],[-66.15221,-17.89072],[-66.14626,-17.88444],[-66.1339,-17.87807],[-66.11646,-17.85831],[-66.11574,-17.85353],[-66.11752,-17.84988],[-66.11556,-17.84243],[-66.11669,-17.8396],[-66.11624,-17.83679],[-66.11355,-17.83382],[-66.11244,-17.82725],[-66.10989,-17.82708],[-66.10771,-17.8195],[-66.1042,-17.81554],[-66.10048,-17.80711],[-66.092,-17.80817],[-66.08268,-17.81384],[-66.08087,-17.81923],[-66.07759,-17.81871],[-66.07329,-17.82188],[-66.06925,-17.82235],[-66.0624,-17.82729],[-66.05941,-17.82729],[-66.0533,-17.83469],[-66.04387,-17.83884],[-66.04106,-17.84643],[-66.03558,-17.85055],[-66.03491,-17.85552],[-66.02538,-17.86355],[-66.02571,-17.86802],[-66.02307,-17.87397],[-66.01691,-17.8752],[-66.01659,-17.88583],[-66.01328,-17.88887],[-66.01003,-17.89764],[-66.00658,-17.90026],[-66.00176,-17.91069],[-65.99278,-17.91799],[-65.98855,-17.93519],[-65.98444,-17.93901],[-65.97451,-17.94233],[-65.96755,-17.95163],[-65.96427,-17.95318],[-65.96061,-17.95296],[-65.95951,-17.94695],[-65.95646,-17.94671],[-65.95041,-17.9492],[-65.94866,-17.95476],[-65.94309,-17.95619],[-65.94311,-17.9602],[-65.94129,-17.96238],[-65.94309,-17.97737],[-65.94121,-17.98137],[-65.93444,-17.98381],[-65.93396,-17.99209],[-65.92566,-17.99448],[-65.91399,-17.99158],[-65.90656,-17.98692],[-65.89499,-17.98727],[-65.89242,-17.98372],[-65.88792,-17.98307],[-65.88773,-17.97987],[-65.87517,-17.97765],[-65.87119,-17.97559],[-65.86758,-17.97094],[-65.86411,-17.97133],[-65.85769,-17.97501],[-65.85277,-17.97444],[-65.85124,-17.97629],[-65.84879,-17.97396],[-65.84508,-17.97424],[-65.84327,-17.97965],[-65.83664,-17.98455],[-65.83566,-17.98693],[-65.83034,-17.98775],[-65.82707,-17.99691],[-65.81589,-18.00219],[-65.8125,-18.00839],[-65.80649,-18.01048],[-65.80406,-18.00875],[-65.80067,-18.00904],[-65.79823,-18.01275],[-65.7908,-18.01387],[-65.78775,-18.01688],[-65.78695,-18.0199],[-65.78252,-18.02101],[-65.78127,-18.02395],[-65.78337,-18.02726],[-65.78339,-18.0319],[-65.77223,-18.03703],[-65.76789,-18.03609],[-65.76443,-18.04126],[-65.75567,-18.04339],[-65.75196,-18.0487],[-65.74408,-18.04972],[-65.74075,-18.0543],[-65.74132,-18.05877],[-65.73324,-18.06115],[-65.72955,-18.06063],[-65.72801,-18.06746],[-65.72404,-18.06807],[-65.71505,-18.0755],[-65.70891,-18.07828],[-65.70423,-18.08872],[-65.69757,-18.09426],[-65.69341,-18.09421],[-65.6882,-18.09923],[-65.68424,-18.10756],[-65.68409,-18.11257],[-65.68086,-18.11655],[-65.6763,-18.12014],[-65.67067,-18.12042],[-65.66852,-18.12567],[-65.66522,-18.12638],[-65.66117,-18.13156],[-65.65421,-18.13349],[-65.65061,-18.13912],[-65.64554,-18.13889],[-65.64087,-18.13663],[-65.63798,-18.13741],[-65.63921,-18.14216],[-65.63355,-18.14627],[-65.63221,-18.15208],[-65.62258,-18.15698],[-65.61668,-18.16448],[-65.61416,-18.16571],[-65.61259,-18.1696],[-65.60421,-18.17589],[-65.6031,-18.18503],[-65.60007,-18.18788],[-65.59669,-18.20356],[-65.59396,-18.20357],[-65.59371,-18.20579],[-65.59163,-18.20715],[-65.58459,-18.20787],[-65.58387,-18.21429],[-65.5789,-18.21561],[-65.57481,-18.22132],[-65.5716,-18.22247],[-65.56477,-18.2342],[-65.56129,-18.23416],[-65.55429,-18.23824],[-65.54945,-18.23762],[-65.54405,-18.24641],[-65.53887,-18.24533],[-65.53552,-18.2467],[-65.53381,-18.24234],[-65.52681,-18.2454],[-65.52232,-18.25332],[-65.51543,-18.2522],[-65.51008,-18.25528],[-65.50231,-18.25727],[-65.50115,-18.26893],[-65.4931,-18.27828],[-65.4883,-18.29158],[-65.4839,-18.29612],[-65.47855,-18.29324],[-65.47711,-18.29441],[-65.47961,-18.29769],[-65.47923,-18.30188],[-65.47287,-18.30474],[-65.47563,-18.31016],[-65.47503,-18.31469],[-65.47129,-18.32534],[-65.46343,-18.33409],[-65.46352,-18.34113],[-65.45753,-18.34528],[-65.45549,-18.34966],[-65.44856,-18.35388],[-65.44697,-18.3575],[-65.44117,-18.36044],[-65.43941,-18.36514],[-65.42927,-18.36855],[-65.42229,-18.36281],[-65.42006,-18.36249],[-65.40438,-18.36728],[-65.39569,-18.37315],[-65.39313,-18.37725],[-65.38765,-18.38012],[-65.38203,-18.38649],[-65.37891,-18.38771],[-65.37365,-18.39402],[-65.36496,-18.39828],[-65.3636,-18.40045],[-65.35122,-18.40796],[-65.34567,-18.41788],[-65.33306,-18.42317],[-65.33042,-18.42607],[-65.33398,-18.43241],[-65.33374,-18.44313],[-65.33576,-18.44818],[-65.33454,-18.4538],[-65.33156,-18.45792],[-65.32802,-18.45929],[-65.3255,-18.45861],[-65.31986,-18.45318],[-65.31829,-18.44734],[-65.3125,-18.44265],[-65.30977,-18.44297],[-65.2974,-18.45566],[-65.29565,-18.46004],[-65.29188,-18.46405],[-65.28987,-18.47046],[-65.2894,-18.475],[-65.29322,-18.48591],[-65.29198,-18.4919],[-65.28753,-18.49611],[-65.28835,-18.50114],[-65.28316,-18.50287],[-65.27845,-18.50904],[-65.2622,-18.5071],[-65.2533,-18.50366],[-65.24582,-18.50599],[-65.2467,-18.51981],[-65.24333,-18.5262],[-65.24498,-18.53359],[-65.23917,-18.54687],[-65.23779,-18.55566],[-65.23874,-18.56301],[-65.24548,-18.57994],[-65.24597,-18.59207],[-65.2448,-18.59632],[-65.24801,-18.60119],[-65.24361,-18.61072],[-65.23388,-18.61314],[-65.21528,-18.61097],[-65.21056,-18.61352],[-65.20685,-18.61829],[-65.20556,-18.62302],[-65.20274,-18.62405],[-65.18417,-18.61753],[-65.1758,-18.61855],[-65.16905,-18.61236],[-65.16428,-18.61016],[-65.1547,-18.61349],[-65.14661,-18.60637],[-65.14677,-18.61419],[-65.14499,-18.6167],[-65.13171,-18.62507],[-65.1266,-18.62628],[-65.12234,-18.63331],[-65.11436,-18.63289],[-65.10914,-18.63745],[-65.10199,-18.64022],[-65.10038,-18.6489],[-65.0965,-18.65679],[-65.08889,-18.65784],[-65.08487,-18.66156],[-65.07682,-18.65902],[-65.05838,-18.67542],[-65.04975,-18.67455],[-65.04708,-18.67949],[-65.04351,-18.68181],[-65.03961,-18.67931],[-65.03159,-18.66888],[-65.03578,-18.663],[-65.03892,-18.64906],[-65.04403,-18.65181],[-65.04807,-18.64646],[-65.04947,-18.64085],[-65.04831,-18.63416],[-65.05141,-18.62999],[-65.04516,-18.62396],[-65.0477,-18.61341],[-65.04618,-18.61166],[-65.03908,-18.60943],[-65.0376,-18.60102],[-65.03502,-18.59891],[-65.03087,-18.59788],[-65.02556,-18.59924],[-65.0211,-18.59854],[-65.02219,-18.59259],[-65.02069,-18.58429],[-65.01576,-18.58091],[-65.01356,-18.57685],[-65.00459,-18.57254],[-65.00062,-18.56571],[-65.00056,-18.55902],[-64.99534,-18.55741],[-64.99019,-18.56122],[-64.98594,-18.55936],[-64.9835,-18.56056],[-64.97502,-18.55884],[-64.97103,-18.55512],[-64.96628,-18.55553],[-64.95916,-18.55345],[-64.95681,-18.55152],[-64.9595,-18.54297],[-64.95305,-18.54008],[-64.94973,-18.53602],[-64.93631,-18.52999],[-64.93225,-18.51793],[-64.9143,-18.51077],[-64.90767,-18.50397],[-64.90171,-18.50333],[-64.88834,-18.49791],[-64.88389,-18.49364],[-64.879,-18.49237],[-64.87544,-18.48855],[-64.87251,-18.48944],[-64.87124,-18.49242],[-64.8658,-18.49124],[-64.86287,-18.49363],[-64.85792,-18.48667],[-64.85138,-18.48919],[-64.84333,-18.48417],[-64.83957,-18.48373],[-64.83143,-18.48965],[-64.82723,-18.49013],[-64.81908,-18.48839],[-64.81165,-18.48964],[-64.8073,-18.48847],[-64.79881,-18.49398],[-64.79718,-18.50237],[-64.78562,-18.51646],[-64.7876,-18.5212],[-64.78437,-18.52604],[-64.77083,-18.5292],[-64.76404,-18.52857],[-64.75,-18.53485],[-64.7427,-18.53415],[-64.73515,-18.53779],[-64.72635,-18.53397],[-64.7224,-18.53704],[-64.71195,-18.53499],[-64.70544,-18.53969],[-64.70273,-18.53805],[-64.70081,-18.53046],[-64.6967,-18.52965],[-64.69394,-18.53843],[-64.68644,-18.53853],[-64.68212,-18.54236],[-64.67466,-18.56108],[-64.67064,-18.56649],[-64.66308,-18.57054],[-64.65247,-18.57238],[-64.64306,-18.58863],[-64.64319,-18.59172],[-64.64821,-18.59455],[-64.64685,-18.60318],[-64.6433,-18.60474],[-64.63656,-18.60395],[-64.63373,-18.61739],[-64.62412,-18.62282],[-64.62161,-18.63284],[-64.61174,-18.63915],[-64.60779,-18.64348],[-64.60213,-18.6427],[-64.59485,-18.64402],[-64.58446,-18.65332],[-64.57409,-18.65364],[-64.56363,-18.66234],[-64.5603,-18.67209],[-64.55794,-18.6745],[-64.54456,-18.67379],[-64.5397,-18.67617],[-64.5332,-18.67496],[-64.51996,-18.67626],[-64.5181,-18.67572],[-64.51447,-18.66954],[-64.51144,-18.66739],[-64.50824,-18.66963],[-64.50016,-18.67134],[-64.49079,-18.67157],[-64.47948,-18.66828],[-64.46972,-18.66846],[-64.46408,-18.66399],[-64.45671,-18.6542],[-64.45301,-18.65261],[-64.44601,-18.65319],[-64.44033,-18.64992],[-64.43829,-18.64129],[-64.43324,-18.63213],[-64.42959,-18.62955],[-64.42387,-18.62776],[-64.41609,-18.62872],[-64.39789,-18.62161],[-64.38945,-18.62253],[-64.38575,-18.62451],[-64.38088,-18.6224],[-64.37077,-18.62314],[-64.36601,-18.62077],[-64.36415,-18.6165],[-64.36128,-18.615],[-64.36089,-18.6269],[-64.35826,-18.63904],[-64.35253,-18.64723],[-64.34559,-18.66277],[-64.34067,-18.66761],[-64.3292,-18.66547],[-64.32467,-18.65993],[-64.32468,-18.65735],[-64.31905,-18.65425],[-64.31981,-18.65092],[-64.31793,-18.64243],[-64.31344,-18.64636],[-64.31003,-18.64576],[-64.3112,-18.6417],[-64.31491,-18.6379],[-64.31428,-18.63476],[-64.31656,-18.63063],[-64.31489,-18.62617],[-64.30973,-18.6236],[-64.30547,-18.62372],[-64.30523,-18.61822],[-64.30356,-18.61579],[-64.29825,-18.61604],[-64.29578,-18.61138],[-64.29358,-18.61251],[-64.2932,-18.61553],[-64.29087,-18.61576],[-64.28898,-18.61321],[-64.28773,-18.60602],[-64.28085,-18.59994],[-64.28038,-18.59603],[-64.28442,-18.59463],[-64.2858,-18.58952],[-64.29105,-18.58754],[-64.29228,-18.5845],[-64.28761,-18.58055],[-64.28684,-18.57781],[-64.28884,-18.56943],[-64.29668,-18.5655],[-64.29291,-18.55957],[-64.29629,-18.55994],[-64.29859,-18.55848],[-64.29813,-18.55705],[-64.29375,-18.55571],[-64.29135,-18.55139],[-64.28763,-18.5559],[-64.28476,-18.55456],[-64.29083,-18.54403],[-64.2882,-18.54031],[-64.28844,-18.5378],[-64.29168,-18.53372],[-64.30055,-18.5332],[-64.29808,-18.51995],[-64.30002,-18.51814],[-64.30292,-18.51924],[-64.30427,-18.51833],[-64.30421,-18.50987],[-64.30597,-18.50455],[-64.30282,-18.50049],[-64.3056,-18.4957],[-64.30716,-18.4946],[-64.31023,-18.4972],[-64.31773,-18.49482],[-64.32268,-18.49884],[-64.32512,-18.49738],[-64.32814,-18.489],[-64.33541,-18.48472],[-64.33382,-18.47828],[-64.33545,-18.47605],[-64.34397,-18.47412],[-64.34987,-18.47465],[-64.35767,-18.46809],[-64.36219,-18.4696],[-64.36418,-18.4641],[-64.3702,-18.46343],[-64.37311,-18.46025],[-64.38112,-18.45721],[-64.38215,-18.45326],[-64.39198,-18.45002],[-64.40264,-18.45069],[-64.4054,-18.44838],[-64.40609,-18.44511],[-64.41054,-18.44271],[-64.4119,-18.43738],[-64.41743,-18.43318],[-64.41662,-18.4306],[-64.41902,-18.42979],[-64.42137,-18.42331],[-64.42757,-18.41812],[-64.42848,-18.41427],[-64.42742,-18.40894],[-64.4296,-18.40526],[-64.43294,-18.40383],[-64.43427,-18.40027],[-64.42932,-18.39221],[-64.43106,-18.38523],[-64.42929,-18.38005],[-64.42967,-18.37635],[-64.43172,-18.37298],[-64.43618,-18.37219],[-64.44017,-18.3689],[-64.44612,-18.37474],[-64.44836,-18.37353],[-64.44533,-18.36631],[-64.44003,-18.36473],[-64.44002,-18.35892],[-64.44433,-18.35784],[-64.4454,-18.35594],[-64.4414,-18.35331],[-64.43982,-18.34761],[-64.43652,-18.34385],[-64.43677,-18.34149],[-64.43382,-18.33881],[-64.4337,-18.33627],[-64.43925,-18.32915],[-64.44501,-18.32761],[-64.44588,-18.32508],[-64.45146,-18.32731],[-64.45261,-18.32308],[-64.45897,-18.3245],[-64.46103,-18.31946],[-64.46264,-18.32101],[-64.46147,-18.32329],[-64.46257,-18.32435],[-64.47121,-18.3123],[-64.46652,-18.30961],[-64.46368,-18.30614],[-64.4641,-18.3047],[-64.4714,-18.30421],[-64.47322,-18.30076],[-64.47292,-18.29548],[-64.48354,-18.29519],[-64.48541,-18.29365],[-64.48351,-18.28415],[-64.4805,-18.27924],[-64.48256,-18.27197],[-64.48487,-18.27135],[-64.48889,-18.27302],[-64.48902,-18.26998],[-64.48621,-18.2695],[-64.48166,-18.26093],[-64.48481,-18.26099],[-64.48877,-18.25551],[-64.49061,-18.23956],[-64.49429,-18.23714],[-64.49229,-18.23422],[-64.49715,-18.23553],[-64.49959,-18.23243],[-64.49736,-18.22658],[-64.50061,-18.22503],[-64.50217,-18.22157],[-64.49911,-18.21569],[-64.4966,-18.21458],[-64.49713,-18.21284],[-64.5036,-18.20534],[-64.50879,-18.20306],[-64.50957,-18.19896],[-64.51411,-18.19902],[-64.51422,-18.19752],[-64.50841,-18.19179],[-64.50808,-18.18931],[-64.51174,-18.18546],[-64.51369,-18.18607],[-64.52262,-18.18128],[-64.52214,-18.17599],[-64.51957,-18.17233],[-64.52646,-18.16538],[-64.5255,-18.16341],[-64.52237,-18.16227],[-64.52219,-18.16036],[-64.52938,-18.15953],[-64.52976,-18.15849],[-64.52773,-18.15754],[-64.52969,-18.15516],[-64.53742,-18.15302],[-64.53927,-18.15039],[-64.53793,-18.14677],[-64.54285,-18.13864],[-64.5456,-18.13557],[-64.54974,-18.13581],[-64.55601,-18.13203],[-64.55843,-18.12996],[-64.56026,-18.12483],[-64.57322,-18.12093],[-64.57892,-18.11494],[-64.58259,-18.11488],[-64.59635,-18.10841],[-64.60409,-18.10927],[-64.60671,-18.10444],[-64.6104,-18.10365],[-64.61123,-18.09622],[-64.6157,-18.09335],[-64.62061,-18.09643],[-64.62364,-18.09436],[-64.6264,-18.09656],[-64.63498,-18.09595],[-64.63887,-18.09914],[-64.64344,-18.10043],[-64.6447,-18.1029],[-64.65458,-18.10048],[-64.66146,-18.10422],[-64.66607,-18.1045],[-64.66978,-18.10042],[-64.67933,-18.10142],[-64.68246,-18.09877],[-64.68603,-18.09967],[-64.69187,-18.09876],[-64.69351,-18.09396],[-64.69765,-18.09263],[-64.70121,-18.08724],[-64.70638,-18.08498],[-64.70971,-18.08145],[-64.71139,-18.07807],[-64.7113,-18.07297],[-64.7134,-18.07185],[-64.7143,-18.07364],[-64.71562,-18.07226],[-64.7144,-18.0661],[-64.71919,-18.06103],[-64.7156,-18.05689],[-64.71539,-18.04951],[-64.71732,-18.04618],[-64.71659,-18.04281],[-64.71793,-18.04216],[-64.72021,-18.04377],[-64.72536,-18.04057],[-64.7345,-18.03802],[-64.7369,-18.03928],[-64.74712,-18.02731],[-64.75033,-18.01689],[-64.75359,-18.01498],[-64.7633,-18.00148],[-64.7668,-17.98984],[-64.76632,-17.9849],[-64.77075,-17.98213],[-64.77438,-17.97719],[-64.77724,-17.98135],[-64.77997,-17.97887],[-64.78327,-17.98184],[-64.7826,-17.97963],[-64.78507,-17.97904],[-64.78643,-17.97468],[-64.79614,-17.96805],[-64.79884,-17.96375],[-64.79948,-17.95784],[-64.80412,-17.95315],[-64.80741,-17.94689],[-64.81061,-17.9447],[-64.78659,-17.93331],[-64.7954,-17.91598],[-64.8024,-17.8975],[-64.80638,-17.89307],[-64.79154,-17.8445],[-64.77763,-17.82976],[-64.77729,-17.8262],[-64.77397,-17.8211],[-64.77428,-17.81562],[-64.77765,-17.81159],[-64.77471,-17.80753],[-64.7633,-17.77494],[-64.75622,-17.75014],[-64.75279,-17.7472],[-64.75132,-17.74245],[-64.74628,-17.73602],[-64.74003,-17.73739],[-64.73239,-17.73572],[-64.72938,-17.7335],[-64.71769,-17.73311],[-64.71325,-17.73158],[-64.7052,-17.72246],[-64.70482,-17.71763],[-64.70193,-17.71608],[-64.69897,-17.71541],[-64.68784,-17.71867],[-64.68222,-17.71618],[-64.67439,-17.71623],[-64.67049,-17.714],[-64.65889,-17.71659],[-64.65203,-17.71437],[-64.64846,-17.70893],[-64.63979,-17.70818],[-64.63934,-17.70499],[-64.64195,-17.70365],[-64.64018,-17.70089],[-64.63978,-17.69531],[-64.64153,-17.68733],[-64.64094,-17.68281],[-64.64227,-17.68069],[-64.64025,-17.67913],[-64.64086,-17.67577],[-64.63868,-17.67525],[-64.63557,-17.66978],[-64.63333,-17.66982],[-64.62955,-17.66626],[-64.62748,-17.65899],[-64.62461,-17.65886],[-64.62107,-17.66293],[-64.61652,-17.66395],[-64.61428,-17.65868],[-64.61409,-17.65101],[-64.60158,-17.6408],[-64.60189,-17.63615],[-64.59742,-17.63468],[-64.59447,-17.62674],[-64.59472,-17.62375],[-64.59211,-17.61896],[-64.5911,-17.6135],[-64.59216,-17.60688],[-64.58843,-17.60061],[-64.59198,-17.59774],[-64.59408,-17.59304],[-64.59857,-17.59023],[-64.59971,-17.57273],[-64.60303,-17.56481],[-64.60249,-17.55741],[-64.58458,-17.55644],[-64.56209,-17.5637],[-64.55022,-17.56583],[-64.54614,-17.56075],[-64.54374,-17.55352],[-64.53215,-17.54808],[-64.52579,-17.54034],[-64.52215,-17.54035],[-64.51976,-17.53397],[-64.51485,-17.53809],[-64.51408,-17.54326],[-64.5087,-17.54844],[-64.50585,-17.54951],[-64.50475,-17.55164],[-64.50095,-17.55256],[-64.49921,-17.55485],[-64.49556,-17.55334],[-64.4894,-17.56004],[-64.48321,-17.55732],[-64.48099,-17.55763],[-64.47814,-17.55961],[-64.47418,-17.55901],[-64.46668,-17.56359],[-64.43228,-17.56001],[-64.42942,-17.54861],[-64.42979,-17.53966],[-64.42382,-17.53655],[-64.42352,-17.53504],[-64.42807,-17.528],[-64.42757,-17.52347],[-64.41551,-17.521],[-64.41119,-17.51871],[-64.4089,-17.51589],[-64.4106,-17.50886],[-64.40936,-17.50611],[-64.41098,-17.50384],[-64.40907,-17.50285],[-64.40874,-17.49763],[-64.40676,-17.49747],[-64.40588,-17.49518],[-64.40299,-17.49614],[-64.40061,-17.4939],[-64.40123,-17.4873],[-64.4036,-17.4796],[-64.40585,-17.4776],[-64.40645,-17.4715],[-64.40542,-17.4672],[-64.40151,-17.46696],[-64.39992,-17.46352],[-64.40507,-17.45746],[-64.40575,-17.4533],[-64.40085,-17.45375],[-64.39875,-17.45099],[-64.39719,-17.45114],[-64.39094,-17.45558],[-64.38391,-17.45712],[-64.37843,-17.45544],[-64.37646,-17.4534],[-64.37265,-17.45316],[-64.37048,-17.44554],[-64.36753,-17.4455],[-64.3659,-17.44352],[-64.35746,-17.44464],[-64.35738,-17.44162],[-64.36173,-17.44175],[-64.36219,-17.43959],[-64.35953,-17.43793],[-64.35842,-17.43373],[-64.35675,-17.43837],[-64.35503,-17.43764],[-64.35279,-17.43426],[-64.35273,-17.42928],[-64.3491,-17.42346],[-64.3402,-17.42796],[-64.33536,-17.42639],[-64.33353,-17.42262],[-64.3238,-17.42206],[-64.31595,-17.42731],[-64.31363,-17.43348],[-64.30616,-17.43738],[-64.29556,-17.43675],[-64.28971,-17.4331],[-64.28187,-17.42525],[-64.27518,-17.42335],[-64.26911,-17.4253],[-64.26055,-17.42302],[-64.25496,-17.42649],[-64.25401,-17.4231],[-64.25811,-17.41712],[-64.25366,-17.4164],[-64.25295,-17.41257],[-64.24933,-17.41248],[-64.24889,-17.4114],[-64.2537,-17.40551],[-64.25381,-17.40313],[-64.24268,-17.39919],[-64.23411,-17.37366],[-64.23776,-17.36688],[-64.23656,-17.36242],[-64.23906,-17.36063],[-64.23661,-17.34987],[-64.24094,-17.34319],[-64.24021,-17.34004],[-64.24207,-17.3391],[-64.24147,-17.33572],[-64.24513,-17.33112],[-64.2412,-17.32575],[-64.24152,-17.32208],[-64.239,-17.31844],[-64.24526,-17.31776],[-64.24604,-17.31034],[-64.24845,-17.307],[-64.24606,-17.30476],[-64.24728,-17.30196],[-64.25817,-17.29603],[-64.26076,-17.29665],[-64.26175,-17.29936],[-64.26457,-17.29949],[-64.26609,-17.29745],[-64.26519,-17.29389],[-64.26687,-17.29244],[-64.27086,-17.29435],[-64.27455,-17.29113],[-64.27868,-17.2908],[-64.27491,-17.28512],[-64.28127,-17.28435],[-64.28442,-17.281],[-64.28491,-17.27575],[-64.28218,-17.26847],[-64.28382,-17.26473],[-64.29553,-17.26335],[-64.30557,-17.2574],[-64.31048,-17.25866],[-64.31225,-17.26191],[-64.31128,-17.26486],[-64.30162,-17.27219],[-64.30127,-17.27654],[-64.30446,-17.27787],[-64.31146,-17.27443],[-64.31246,-17.26781],[-64.31538,-17.26481],[-64.3304,-17.26218],[-64.33694,-17.26503],[-64.34019,-17.26379],[-64.34002,-17.25158],[-64.33728,-17.24445],[-64.3338,-17.24317],[-64.32531,-17.24452],[-64.32105,-17.24075],[-64.32324,-17.2368],[-64.33251,-17.23432],[-64.33615,-17.23183],[-64.33687,-17.22446],[-64.33289,-17.21424],[-64.33621,-17.20802],[-64.34396,-17.2098],[-64.3529,-17.21395],[-64.35504,-17.22073],[-64.3527,-17.22769],[-64.35324,-17.22992],[-64.35642,-17.23106],[-64.37119,-17.2299],[-64.37142,-17.22647],[-64.36614,-17.21555],[-64.36832,-17.2088],[-64.37505,-17.20162],[-64.37487,-17.19975],[-64.37285,-17.19713],[-64.3603,-17.19892],[-64.35883,-17.19802],[-64.35644,-17.19246],[-64.35727,-17.18712],[-64.35927,-17.18467],[-64.36434,-17.18414],[-64.3753,-17.18947],[-64.38515,-17.17437],[-64.3984,-17.17648],[-64.40008,-17.1727],[-64.39878,-17.16914],[-64.38696,-17.16529],[-64.38626,-17.16145],[-64.38769,-17.15586],[-64.39232,-17.15339],[-64.39479,-17.15354],[-64.40067,-17.16064],[-64.40488,-17.16302],[-64.4094,-17.16074],[-64.41031,-17.15628],[-64.40734,-17.15173],[-64.4046,-17.15033],[-64.39163,-17.14908],[-64.39094,-17.14486],[-64.39462,-17.14065],[-64.39853,-17.13874],[-64.40227,-17.13997],[-64.40678,-17.14895],[-64.41069,-17.15142],[-64.41379,-17.15025],[-64.41948,-17.14093],[-64.42413,-17.14142],[-64.42508,-17.15547],[-64.42835,-17.15936],[-64.43264,-17.1585],[-64.43533,-17.15425],[-64.43529,-17.14757],[-64.43028,-17.13753],[-64.43158,-17.13298],[-64.43542,-17.13002],[-64.44015,-17.1307],[-64.44786,-17.14022],[-64.45119,-17.14192],[-64.45738,-17.14053],[-64.46039,-17.13487],[-64.46422,-17.13267],[-64.46945,-17.13365],[-64.47668,-17.13829],[-64.48698,-17.13537],[-64.48956,-17.13133],[-64.48818,-17.12681],[-64.47825,-17.12297],[-64.47653,-17.12026],[-64.47698,-17.11807],[-64.48075,-17.11396],[-64.49786,-17.10289],[-64.50033,-17.09092],[-64.50423,-17.08967],[-64.50798,-17.09061],[-64.51909,-17.09897],[-64.53629,-17.08933],[-64.54779,-17.08958],[-64.54973,-17.08734],[-64.54705,-17.07917],[-64.5431,-17.07421],[-64.53442,-17.07211],[-64.52786,-17.06414],[-64.51714,-17.06429],[-64.5155,-17.06253],[-64.51575,-17.06044],[-64.51881,-17.05679],[-64.53517,-17.05743],[-64.54416,-17.05477],[-64.54692,-17.05531],[-64.54993,-17.05833],[-64.54911,-17.06776],[-64.55331,-17.07024],[-64.56007,-17.06571],[-64.56579,-17.05866],[-64.56839,-17.05786],[-64.57746,-17.06016],[-64.5809,-17.05608],[-64.57906,-17.05141],[-64.57277,-17.0487],[-64.56444,-17.04021],[-64.56475,-17.03573],[-64.56988,-17.03251],[-64.57483,-17.03309],[-64.58247,-17.04127],[-64.58469,-17.04409],[-64.58553,-17.05041],[-64.58783,-17.05389],[-64.59269,-17.05381],[-64.59875,-17.04667],[-64.60883,-17.04412],[-64.61096,-17.04235],[-64.61156,-17.03778],[-64.60855,-17.03505],[-64.60577,-17.03518],[-64.59877,-17.0376],[-64.59261,-17.04224],[-64.58983,-17.04227],[-64.58806,-17.04147],[-64.58719,-17.0363],[-64.59377,-17.03081],[-64.60396,-17.02578],[-64.60986,-17.02801],[-64.61288,-17.03495],[-64.61763,-17.03534],[-64.61976,-17.03347],[-64.62057,-17.02824],[-64.61593,-17.01898],[-64.6175,-17.0152],[-64.6195,-17.01448],[-64.62587,-17.01786],[-64.62893,-17.02279],[-64.62762,-17.02801],[-64.62456,-17.03157],[-64.62565,-17.0358],[-64.63431,-17.03913],[-64.63931,-17.03724],[-64.64163,-17.03144],[-64.64012,-17.01958],[-64.63849,-17.01687],[-64.62838,-17.01255],[-64.62669,-17.00841],[-64.62895,-17.00493],[-64.63764,-17.00511],[-64.64431,-17.00812],[-64.65115,-17.00846],[-64.65923,-17.00214],[-64.66201,-17.00191],[-64.66447,-17.00282],[-64.66607,-17.00668],[-64.66255,-17.01261],[-64.66415,-17.0158],[-64.67283,-17.01289],[-64.68034,-17.01818],[-64.68748,-17.01923],[-64.69112,-17.01452],[-64.68967,-17.0086],[-64.69139,-17.00036],[-64.68996,-16.99645],[-64.68538,-16.99544],[-64.68054,-16.99902],[-64.67529,-17.00011],[-64.67198,-16.99689],[-64.67186,-16.99431],[-64.67559,-16.98949],[-64.68201,-16.98552],[-64.69064,-16.98363],[-64.69633,-16.9855],[-64.69824,-16.98787],[-64.69807,-16.99122],[-64.69513,-16.99603],[-64.69545,-16.99861],[-64.70065,-17.00239],[-64.70463,-17.00302],[-64.7074,-17.00157],[-64.70989,-16.99122],[-64.70786,-16.98626],[-64.6979,-16.98338],[-64.6927,-16.97998],[-64.68972,-16.96952],[-64.68564,-16.96889],[-64.68347,-16.97034],[-64.68045,-16.97715],[-64.67689,-16.97919],[-64.67329,-16.97654],[-64.67453,-16.9707],[-64.69074,-16.96062],[-64.69813,-16.95377],[-64.70388,-16.95248],[-64.70739,-16.95637],[-64.70401,-16.9673],[-64.70483,-16.97016],[-64.70942,-16.97213],[-64.712,-16.97144],[-64.71723,-16.96738],[-64.71877,-16.96239],[-64.71715,-16.95916],[-64.70935,-16.9531],[-64.70872,-16.94599],[-64.71019,-16.94378],[-64.71325,-16.94194],[-64.71594,-16.94239],[-64.72318,-16.9517],[-64.72936,-16.95442],[-64.7356,-16.95198],[-64.73943,-16.9464],[-64.74674,-16.94232],[-64.74672,-16.93974],[-64.73938,-16.94105],[-64.73478,-16.93803],[-64.73492,-16.93219],[-64.73935,-16.92775],[-64.73643,-16.92338],[-64.73177,-16.92371],[-64.72635,-16.92949],[-64.72328,-16.9299],[-64.72027,-16.92639],[-64.72171,-16.92092],[-64.73188,-16.91464],[-64.73555,-16.91384],[-64.74206,-16.91953],[-64.74841,-16.91899],[-64.74999,-16.91735],[-64.75023,-16.9119],[-64.74431,-16.90449],[-64.73823,-16.90225],[-64.73256,-16.90239],[-64.72807,-16.89937],[-64.72881,-16.89343],[-64.73224,-16.88815],[-64.7346,-16.88612],[-64.74046,-16.88645],[-64.74381,-16.89417],[-64.7515,-16.89793],[-64.75675,-16.89683],[-64.76077,-16.89068],[-64.75834,-16.8862],[-64.74759,-16.8831],[-64.7385,-16.87773],[-64.73635,-16.87153],[-64.73702,-16.86808],[-64.74176,-16.86555],[-64.74475,-16.8661],[-64.75476,-16.87453],[-64.76064,-16.87715],[-64.76511,-16.8774],[-64.77037,-16.87305],[-64.76913,-16.8679],[-64.76613,-16.8663],[-64.74195,-16.86096],[-64.73974,-16.85802],[-64.73961,-16.85515],[-64.74256,-16.8521],[-64.74514,-16.8516],[-64.75369,-16.85306],[-64.75904,-16.85217],[-64.76332,-16.85483],[-64.76685,-16.86083],[-64.76934,-16.86148],[-64.7778,-16.85308],[-64.78944,-16.84474],[-64.79091,-16.84176],[-64.79263,-16.82421],[-64.79019,-16.81849],[-64.78051,-16.81274],[-64.77894,-16.80501],[-64.78138,-16.8003],[-64.78859,-16.79603],[-64.79774,-16.79796],[-64.8017,-16.79697],[-64.80408,-16.79203],[-64.80451,-16.78524],[-64.80863,-16.78013],[-64.81544,-16.77587],[-64.81659,-16.77146],[-64.81607,-16.76926],[-64.81228,-16.76719],[-64.80832,-16.76818],[-64.80173,-16.77436],[-64.79686,-16.77373],[-64.79403,-16.76831],[-64.79637,-16.76437],[-64.80172,-16.76241],[-64.80737,-16.76245],[-64.81848,-16.76699],[-64.8306,-16.77573],[-64.8342,-16.77498],[-64.83567,-16.77306],[-64.82967,-16.7608],[-64.82986,-16.75632],[-64.8342,-16.7494],[-64.84097,-16.7456],[-64.84241,-16.74043],[-64.84034,-16.73406],[-64.83177,-16.7251],[-64.82448,-16.72524],[-64.81442,-16.73157],[-64.80388,-16.73524],[-64.80004,-16.73901],[-64.79714,-16.74699],[-64.79263,-16.74997],[-64.78771,-16.7488],[-64.78357,-16.74453],[-64.78001,-16.72986],[-64.78246,-16.72152],[-64.79008,-16.71564],[-64.80049,-16.7149],[-64.80648,-16.71148],[-64.80927,-16.70737],[-64.8101,-16.70005],[-64.80708,-16.69512],[-64.79282,-16.69051],[-64.78749,-16.68572],[-64.78422,-16.67851],[-64.78339,-16.66123],[-64.77977,-16.6561],[-64.77321,-16.65386],[-64.76759,-16.65835],[-64.76698,-16.6646],[-64.77353,-16.68061],[-64.77252,-16.68492],[-64.76852,-16.68668],[-64.76345,-16.68564],[-64.75895,-16.68174],[-64.75796,-16.67888],[-64.75839,-16.66869],[-64.75531,-16.65742],[-64.75749,-16.65256],[-64.77224,-16.63737],[-64.78723,-16.63629],[-64.78926,-16.6349],[-64.79053,-16.63124],[-64.78113,-16.61317],[-64.77825,-16.61056],[-64.765,-16.60488],[-64.75045,-16.59342],[-64.74862,-16.59008],[-64.74719,-16.58207],[-64.75017,-16.55579],[-64.75381,-16.55348],[-64.75926,-16.5538],[-64.76122,-16.55115],[-64.75738,-16.54461],[-64.75203,-16.54137],[-64.74264,-16.53845],[-64.74012,-16.53399],[-64.74178,-16.52531],[-64.75026,-16.51781],[-64.75077,-16.5126],[-64.74602,-16.50702],[-64.73962,-16.50528],[-64.72279,-16.50775],[-64.71989,-16.50951],[-64.71857,-16.51436],[-64.72642,-16.52618],[-64.72645,-16.52935],[-64.72333,-16.5341],[-64.72074,-16.53543],[-64.7112,-16.53629],[-64.70627,-16.53167],[-64.70141,-16.51609],[-64.7026,-16.51076],[-64.71145,-16.50256],[-64.71121,-16.49575],[-64.7084,-16.49343],[-64.69294,-16.49015],[-64.68883,-16.48731],[-64.68794,-16.48505],[-64.68835,-16.48236],[-64.6918,-16.47976],[-64.69739,-16.48091],[-64.7048,-16.48617],[-64.70988,-16.48613],[-64.71245,-16.48234],[-64.71108,-16.47466],[-64.70901,-16.47175],[-64.7026,-16.46846],[-64.69697,-16.46874],[-64.69203,-16.47081],[-64.68213,-16.47914],[-64.67748,-16.4787],[-64.67405,-16.47628],[-64.67329,-16.47401],[-64.67593,-16.46431],[-64.68555,-16.45234],[-64.68761,-16.44664],[-64.68689,-16.44228],[-64.67835,-16.4361],[-64.6767,-16.43157],[-64.68137,-16.42675],[-64.69516,-16.42497],[-64.69848,-16.42171],[-64.69888,-16.41764],[-64.69606,-16.41408],[-64.68321,-16.41083],[-64.67941,-16.408],[-64.65646,-16.37812],[-64.65625,-16.37479],[-64.65985,-16.37178],[-64.66454,-16.37111],[-64.68553,-16.37881],[-64.69267,-16.37881],[-64.69574,-16.37643],[-64.69614,-16.3735],[-64.69317,-16.36782],[-64.6872,-16.36483],[-64.68674,-16.35972],[-64.692,-16.3563],[-64.70087,-16.3568],[-64.70596,-16.35498],[-64.70884,-16.35088],[-64.7088,-16.34641],[-64.70586,-16.34293],[-64.70151,-16.34256],[-64.68472,-16.34935],[-64.67911,-16.35365],[-64.67681,-16.36313],[-64.6735,-16.36511],[-64.66565,-16.35788],[-64.66682,-16.34144],[-64.66517,-16.3364],[-64.65829,-16.33041],[-64.64811,-16.32882],[-64.64529,-16.32575],[-64.644,-16.32076],[-64.64635,-16.31639],[-64.65085,-16.31515],[-64.65603,-16.31631],[-64.67208,-16.32445],[-64.67773,-16.32429],[-64.68032,-16.32134],[-64.67842,-16.31453],[-64.67398,-16.30989],[-64.66372,-16.30475],[-64.64954,-16.29998],[-64.64745,-16.29879],[-64.64665,-16.29616],[-64.64997,-16.29111],[-64.6553,-16.28825],[-64.67096,-16.28584],[-64.6778,-16.2863],[-64.68078,-16.28794],[-64.68762,-16.29552],[-64.68988,-16.29561],[-64.69277,-16.29312],[-64.69318,-16.28553],[-64.6841,-16.27338],[-64.67337,-16.26108],[-64.66477,-16.25679],[-64.66626,-16.25018],[-64.66586,-16.24182],[-64.66733,-16.24048],[-64.67446,-16.2398],[-64.67739,-16.23564],[-64.67206,-16.22361],[-64.67003,-16.20837],[-64.67149,-16.20486],[-64.68334,-16.20127],[-64.70368,-16.19181],[-64.70658,-16.18981],[-64.70821,-16.1859],[-64.70734,-16.1824],[-64.70035,-16.17747],[-64.69464,-16.16908],[-64.69085,-16.17054],[-64.69361,-16.18056],[-64.6918,-16.18408],[-64.68766,-16.18618],[-64.68421,-16.18477],[-64.68168,-16.1814],[-64.68188,-16.16995],[-64.67391,-16.15383],[-64.67244,-16.14191],[-64.67371,-16.13726],[-64.68349,-16.12857],[-64.68453,-16.12455],[-64.68272,-16.12152],[-64.67486,-16.11844],[-64.67174,-16.11519],[-64.6693,-16.1066],[-64.6634,-16.09712],[-64.66783,-16.09427],[-64.6779,-16.09867],[-64.68215,-16.1034],[-64.68289,-16.11384],[-64.68642,-16.11651],[-64.68879,-16.11638],[-64.69779,-16.1109],[-64.69965,-16.10652],[-64.69683,-16.10213],[-64.68872,-16.09806],[-64.68845,-16.09416],[-64.69186,-16.09011],[-64.69801,-16.0879],[-64.70787,-16.08891],[-64.71506,-16.08225],[-64.72716,-16.08118],[-64.72701,-16.07774],[-64.72215,-16.0721],[-64.71892,-16.06902],[-64.71159,-16.06604],[-64.70798,-16.06641],[-64.70255,-16.06984],[-64.70046,-16.07611],[-64.70147,-16.08236],[-64.69942,-16.08565],[-64.69729,-16.08653],[-64.69288,-16.08472],[-64.69012,-16.0808],[-64.69055,-16.07563],[-64.69506,-16.06831],[-64.69322,-16.05424],[-64.69653,-16.05301],[-64.69903,-16.05368],[-64.70467,-16.06144],[-64.7095,-16.06415],[-64.71353,-16.06274],[-64.71598,-16.05876],[-64.70201,-16.03485],[-64.70249,-16.02871],[-64.71426,-16.0242],[-64.71926,-16.01848],[-64.72328,-16.01724],[-64.72597,-16.0198],[-64.72593,-16.02158],[-64.72041,-16.02837],[-64.71951,-16.03412],[-64.7237,-16.03862],[-64.72679,-16.03911],[-64.73164,-16.03695],[-64.73275,-16.03447],[-64.73054,-16.01892],[-64.72674,-16.01218],[-64.72322,-16.00951],[-64.71579,-16.00871],[-64.70568,-16.01252],[-64.70152,-16.01158],[-64.70095,-16.007],[-64.70241,-16.00457],[-64.70868,-16.00094],[-64.71752,-16.00145],[-64.72747,-16.00596],[-64.73097,-16.00622],[-64.73409,-16.00269],[-64.73361,-15.9961],[-64.73163,-15.99318],[-64.71097,-15.97773],[-64.70952,-15.96753],[-64.71358,-15.96308],[-64.71986,-15.96303],[-64.72406,-15.9685],[-64.72457,-15.97963],[-64.7288,-15.98166],[-64.74001,-15.98157],[-64.74172,-15.97943],[-64.73292,-15.9705],[-64.72615,-15.95561],[-64.72682,-15.95124],[-64.73309,-15.94884],[-64.75366,-15.95308],[-64.75619,-15.95022],[-64.7554,-15.94213],[-64.75077,-15.92586],[-64.74558,-15.92209],[-64.73489,-15.92256],[-64.73042,-15.9202],[-64.7297,-15.91772],[-64.73044,-15.91129],[-64.73259,-15.90821],[-64.74656,-15.89707],[-64.74591,-15.89123],[-64.73998,-15.89224],[-64.73155,-15.90208],[-64.72918,-15.90306],[-64.72521,-15.90194],[-64.72299,-15.89678],[-64.73027,-15.87925],[-64.73636,-15.8747],[-64.749,-15.8709],[-64.75124,-15.86657],[-64.75031,-15.86111],[-64.74498,-15.85205],[-64.74318,-15.83798],[-64.73317,-15.82572],[-64.73035,-15.8199],[-64.72902,-15.81387],[-64.72966,-15.80201],[-64.95835,-15.80105],[-65.00266,-15.82147],[-65.02157,-15.83707],[-65.04121,-15.858],[-65.07172,-15.90566],[-65.08075,-15.93096],[-65.08895,-16.00581],[-65.11624,-16.18801],[-65.13978,-16.23662],[-65.23995,-16.36876],[-65.35342,-16.40064],[-65.59475,-16.46017],[-65.83535,-16.49044],[-65.86172,-16.49165],[-65.91409,-16.48144],[-65.97123,-16.46698],[-66.00891,-16.44916],[-66.0563,-16.41714],[-66.10981,-16.39663],[-66.16975,-16.36284],[-66.2311,-16.28566],[-66.31043,-16.15898],[-66.33928,-16.11719],[-66.34431,-16.11497],[-66.34974,-16.11458],[-66.35523,-16.11103],[-66.35611,-16.10797],[-66.36098,-16.10748],[-66.36741,-16.10403],[-66.37215,-16.0956],[-66.37828,-16.09282],[-66.38317,-16.08611],[-66.40159,-16.07454],[-66.4769,-16.00439],[-66.50634,-15.98518],[-66.56968,-15.96062],[-66.61556,-15.95168],[-66.63522,-15.93355],[-66.63468,-15.92697],[-66.63882,-15.91596],[-66.64684,-15.91694],[-66.6587,-15.90542],[-66.66888,-15.90613],[-66.67624,-15.91099],[-66.6817,-15.90292],[-66.70712,-15.89393],[-66.72952,-15.87863],[-66.74763,-15.86029],[-66.76631,-15.84644],[-66.79083,-15.83384],[-66.80747,-15.82804],[-66.80886,-15.82336],[-66.8058,-15.80825],[-66.80277,-15.80453],[-66.80151,-15.79948],[-66.79717,-15.79526],[-66.79738,-15.79311],[-66.79438,-15.78779],[-66.79542,-15.7851]]]}},{"type":"Feature","properties":{"shapeName":"La Paz","shapeISO":"BO-L","shapeID":"26024454B78392246351569","shapeGroup":"BOL","shapeType":"ADM1"},"geometry":{"type":"MultiPolygon","coordinates":[[[[-68.7719,-16.36937],[-68.77406,-16.37042],[-68.77372,-16.37263],[-68.77049,-16.37248],[-68.76693,-16.37434],[-68.76707,-16.37152],[-68.7719,-16.36937]]],[[[-68.69977,-16.35778],[-68.70024,-16.35283],[-68.70487,-16.35608],[-68.70379,-16.35921],[-68.69977,-16.35778]]],[[[-68.68757,-16.35119],[-68.6872,-16.34679],[-68.69259,-16.34666],[-68.69401,-16.34921],[-68.69331,-16.35198],[-68.69219,-16.35128],[-68.68814,-16.35312],[-68.68757,-16.35119]]],[[[-68.73917,-16.34495],[-68.74394,-16.34206],[-68.74477,-16.34879],[-68.74227,-16.35232],[-68.73629,-16.35609],[-68.73435,-16.36299],[-68.72998,-16.36536],[-68.73448,-16.35678],[-68.73213,-16.35516],[-68.73213,-16.35333],[-68.73593,-16.34951],[-68.736,-16.34647],[-68.73917,-16.34495]]],[[[-68.75349,-16.33012],[-68.75225,-16.32952],[-68.7529,-16.32773],[-68.7587,-16.32376],[-68.75857,-16.32959],[-68.75349,-16.33012]]],[[[-68.7696,-16.29304],[-68.77205,-16.29184],[-68.77759,-16.29308],[-68.78021,-16.2957],[-68.78115,-16.30098],[-68.77651,-16.30884],[-68.77412,-16.30965],[-68.76994,-16.30857],[-68.76811,-16.31342],[-68.7612,-16.3171],[-68.75955,-16.3153],[-68.76066,-16.31433],[-68.76046,-16.30914],[-68.75913,-16.30905],[-68.75622,-16.31317],[-68.75517,-16.31075],[-68.74672,-16.3088],[-68.74721,-16.30742],[-68.75617,-16.30487],[-68.75561,-16.30248],[-68.75134,-16.29995],[-68.75178,-16.29881],[-68.75878,-16.29679],[-68.76203,-16.29724],[-68.7696,-16.29304]]],[[[-68.82383,-16.2759],[-68.82985,-16.27622],[-68.82606,-16.2804],[-68.82523,-16.28465],[-68.82045,-16.28725],[-68.82419,-16.2919],[-68.82347,-16.29566],[-68.81677,-16.30216],[-68.81454,-16.30271],[-68.80992,-16.29835],[-68.80459,-16.2966],[-68.80655,-16.30102],[-68.80554,-16.30267],[-68.80399,-16.30242],[-68.80241,-16.29979],[-68.80405,-16.29606],[-68.80155,-16.29156],[-68.8041,-16.28588],[-68.812,-16.28134],[-68.81782,-16.28274],[-68.81781,-16.28059],[-68.82244,-16.2782],[-68.82383,-16.2759]]],[[[-68.84715,-16.27024],[-68.85121,-16.27429],[-68.8505,-16.27979],[-68.84921,-16.27813],[-68.85067,-16.27501],[-68.84715,-16.27024]]],[[[-68.86745,-16.26836],[-68.86901,-16.26711],[-68.87114,-16.26882],[-68.87241,-16.27133],[-68.87107,-16.27471],[-68.86687,-16.27283],[-68.86614,-16.27025],[-68.86745,-16.26836]]],[[[-68.60324,-16.22472],[-68.60511,-16.22303],[-68.60519,-16.2247],[-68.60029,-16.2292],[-68.59867,-16.24268],[-68.59615,-16.24635],[-68.59269,-16.24783],[-68.58841,-16.23905],[-68.5907,-16.23746],[-68.59282,-16.22985],[-68.59726,-16.22749],[-68.59973,-16.22838],[-68.60324,-16.22472]]],[[[-68.86544,-16.07331],[-68.8622,-16.07142],[-68.86198,-16.06899],[-68.86508,-16.06936],[-68.86649,-16.07228],[-68.86544,-16.07331]]],[[[-69.13153,-16.05554],[-69.13262,-16.05683],[-69.12838,-16.06413],[-69.12959,-16.06645],[-69.12513,-16.07062],[-69.12501,-16.07334],[-69.12157,-16.07327],[-69.12084,-16.07807],[-69.11711,-16.08099],[-69.11181,-16.09029],[-69.11176,-16.09472],[-69.11959,-16.0907],[-69.13562,-16.07753],[-69.11506,-16.09725],[-69.10551,-16.10163],[-69.10257,-16.1016],[-69.10003,-16.09927],[-69.09857,-16.10074],[-69.1013,-16.10197],[-69.10117,-16.1031],[-69.09795,-16.1042],[-69.09729,-16.10071],[-69.09287,-16.10231],[-69.09186,-16.10536],[-69.09362,-16.10676],[-69.09549,-16.10609],[-69.09557,-16.1084],[-69.09059,-16.11417],[-69.08488,-16.11739],[-69.08259,-16.12491],[-69.08554,-16.129],[-69.091,-16.12673],[-69.09377,-16.12999],[-69.09241,-16.13155],[-69.08964,-16.13142],[-69.08797,-16.13474],[-69.08237,-16.13969],[-69.07889,-16.13985],[-69.0773,-16.14541],[-69.07492,-16.14706],[-69.07767,-16.15451],[-69.08317,-16.15915],[-69.08706,-16.15786],[-69.09295,-16.15979],[-69.09347,-16.16286],[-69.08997,-16.16723],[-69.09855,-16.17817],[-69.10186,-16.17967],[-69.11968,-16.18156],[-69.12346,-16.18555],[-69.12421,-16.19204],[-69.12675,-16.19793],[-69.1256,-16.20049],[-69.12381,-16.20064],[-69.12046,-16.19463],[-69.11602,-16.19686],[-69.10811,-16.19792],[-69.10534,-16.2033],[-69.10685,-16.2067],[-69.09838,-16.20717],[-69.09669,-16.21162],[-69.09317,-16.21478],[-69.09459,-16.21559],[-69.0952,-16.21981],[-69.10241,-16.22564],[-69.09586,-16.22562],[-69.07828,-16.22086],[-69.06219,-16.2074],[-69.05545,-16.19819],[-69.02758,-16.20979],[-69.02069,-16.21489],[-69.01711,-16.22308],[-69.00857,-16.21958],[-69.00522,-16.20568],[-68.99888,-16.1997],[-68.98959,-16.19618],[-68.98502,-16.19142],[-68.97889,-16.19002],[-68.97592,-16.19254],[-68.96304,-16.19216],[-68.95925,-16.19649],[-68.95275,-16.19455],[-68.93889,-16.19449],[-68.93069,-16.20043],[-68.92366,-16.20095],[-68.91971,-16.20316],[-68.91652,-16.2059],[-68.91583,-16.20865],[-68.9165,-16.21046],[-68.91945,-16.21038],[-68.91903,-16.21408],[-68.91725,-16.21629],[-68.9139,-16.2173],[-68.91323,-16.22122],[-68.91198,-16.21886],[-68.90933,-16.21868],[-68.90301,-16.2257],[-68.88892,-16.23403],[-68.89046,-16.23778],[-68.89682,-16.243],[-68.89773,-16.24614],[-68.895,-16.25697],[-68.89188,-16.2601],[-68.88166,-16.26587],[-68.87916,-16.26426],[-68.87424,-16.26449],[-68.87555,-16.2667],[-68.86611,-16.26329],[-68.86591,-16.26562],[-68.86319,-16.26655],[-68.86065,-16.26532],[-68.85419,-16.26755],[-68.84838,-16.26748],[-68.84539,-16.26423],[-68.84328,-16.27012],[-68.83654,-16.27264],[-68.83846,-16.26237],[-68.83288,-16.26409],[-68.83939,-16.25266],[-68.83691,-16.25173],[-68.8344,-16.25309],[-68.83323,-16.24899],[-68.83034,-16.24663],[-68.83065,-16.23702],[-68.83651,-16.23406],[-68.8405,-16.22921],[-68.84982,-16.22459],[-68.85761,-16.2159],[-68.86228,-16.21662],[-68.86778,-16.21061],[-68.87224,-16.21122],[-68.87554,-16.20585],[-68.88065,-16.20486],[-68.88215,-16.20074],[-68.88708,-16.20208],[-68.89175,-16.20038],[-68.89317,-16.19655],[-68.89672,-16.19727],[-68.89781,-16.194],[-68.90051,-16.1938],[-68.90545,-16.18981],[-68.91162,-16.18855],[-68.91329,-16.18951],[-68.91439,-16.18833],[-68.91751,-16.18922],[-68.9187,-16.18771],[-68.93056,-16.1841],[-68.93737,-16.18365],[-68.94203,-16.17939],[-68.94648,-16.18107],[-68.94826,-16.17798],[-68.95093,-16.17987],[-68.95027,-16.17589],[-68.9523,-16.1742],[-68.95488,-16.17678],[-68.96047,-16.17401],[-68.96121,-16.16829],[-68.9672,-16.15659],[-68.97442,-16.14975],[-68.97611,-16.1407],[-68.98348,-16.13605],[-68.99113,-16.12844],[-68.99606,-16.12763],[-69.00655,-16.12024],[-69.00747,-16.11662],[-69.0122,-16.11274],[-69.02212,-16.10954],[-69.03908,-16.10082],[-69.0425,-16.10174],[-69.04541,-16.1007],[-69.04635,-16.09818],[-69.05029,-16.09541],[-69.05526,-16.09661],[-69.05734,-16.09328],[-69.07204,-16.09145],[-69.07589,-16.08978],[-69.08266,-16.08239],[-69.08519,-16.08182],[-69.08864,-16.07692],[-69.09192,-16.07664],[-69.09328,-16.07392],[-69.09692,-16.07366],[-69.09825,-16.07084],[-69.10575,-16.06606],[-69.1097,-16.06734],[-69.10948,-16.06463],[-69.11288,-16.06431],[-69.11318,-16.0613],[-69.12422,-16.05945],[-69.13153,-16.05554]]],[[[-69.07035,-16.03791],[-69.08175,-16.0315],[-69.08102,-16.03481],[-69.07101,-16.04483],[-69.06514,-16.04545],[-69.06131,-16.048],[-69.06581,-16.04055],[-69.07035,-16.03791]]],[[[-69.22441,-15.99392],[-69.21609,-15.99846],[-69.21431,-15.99781],[-69.22441,-15.99392]]],[[[-69.1777,-15.98516],[-69.17862,-15.98592],[-69.17607,-15.98737],[-69.1777,-15.98516]]],[[[-69.19281,-15.98156],[-69.19393,-15.9807],[-69.19223,-15.98538],[-69.19227,-15.98917],[-69.19374,-15.99058],[-69.19707,-15.98882],[-69.20054,-15.98897],[-69.20052,-15.98692],[-69.20234,-15.98584],[-69.20407,-15.98701],[-69.21065,-15.9848],[-69.21431,-15.98821],[-69.21072,-15.99287],[-69.20559,-15.99076],[-69.20309,-15.99143],[-69.20211,-15.99391],[-69.19744,-15.99652],[-69.19703,-15.99958],[-69.18981,-16.00709],[-69.18985,-16.00943],[-69.19255,-16.01238],[-69.20134,-16.00646],[-69.2018,-16.00846],[-69.18672,-16.03275],[-69.17406,-16.04001],[-69.17096,-16.04981],[-69.16266,-16.05644],[-69.16918,-16.04507],[-69.17146,-16.0371],[-69.17563,-16.03167],[-69.17273,-16.02909],[-69.16549,-16.03297],[-69.16379,-16.03602],[-69.16201,-16.03602],[-69.16146,-16.03849],[-69.15825,-16.03754],[-69.15779,-16.03992],[-69.15322,-16.03973],[-69.15313,-16.04342],[-69.14786,-16.04615],[-69.14515,-16.05285],[-69.14099,-16.05264],[-69.14358,-16.04816],[-69.14182,-16.04351],[-69.14469,-16.0338],[-69.14309,-16.02882],[-69.14527,-16.02572],[-69.14422,-16.02359],[-69.15093,-16.01997],[-69.15687,-16.01917],[-69.1576,-16.01701],[-69.15494,-16.01372],[-69.15687,-16.00927],[-69.16196,-16.00445],[-69.16248,-16.00795],[-69.16634,-16.00944],[-69.16872,-16.01286],[-69.17407,-16.01049],[-69.17372,-16.00875],[-69.18095,-16.00143],[-69.18148,-15.99719],[-69.1775,-15.99533],[-69.17599,-15.99692],[-69.17065,-15.99765],[-69.16832,-15.99675],[-69.16914,-15.99454],[-69.17391,-15.99211],[-69.17566,-15.98934],[-69.1783,-15.99065],[-69.17964,-15.9897],[-69.18143,-15.99564],[-69.18306,-15.99708],[-69.1857,-15.99668],[-69.1891,-15.99275],[-69.18626,-15.98863],[-69.19109,-15.98598],[-69.19281,-15.98156]]],[[[-69.19027,-15.97696],[-69.19221,-15.97579],[-69.19061,-15.97857],[-69.19027,-15.97696]]],[[[-69.20752,-15.96858],[-69.20749,-15.97108],[-69.20631,-15.96995],[-69.20752,-15.96858]]],[[[-69.21555,-15.95826],[-69.21773,-15.95469],[-69.2181,-15.95654],[-69.21555,-15.95826]]],[[[-69.33675,-15.67826],[-69.33997,-15.67476],[-69.34066,-15.67125],[-69.34067,-15.67494],[-69.33876,-15.6776],[-69.33018,-15.68561],[-69.32431,-15.68908],[-69.32322,-15.69271],[-69.32015,-15.69443],[-69.32926,-15.68114],[-69.33675,-15.67826]]],[[[-66.96731,-12.49034],[-67.99626,-11.84968],[-67.99696,-11.85878],[-67.98813,-11.87285],[-67.97757,-11.89949],[-67.97457,-11.91933],[-67.97759,-11.93587],[-67.98708,-11.94827],[-68.01255,-11.97261],[-68.01777,-11.97672],[-68.04637,-11.98849],[-68.06136,-11.99816],[-68.09835,-12.03481],[-68.10358,-12.03725],[-68.11066,-12.03667],[-68.11714,-12.03426],[-68.1281,-12.02444],[-68.13335,-12.02188],[-68.15127,-12.02296],[-68.15645,-12.02211],[-68.1842,-12.01112],[-68.20856,-12.00983],[-68.23335,-12.01081],[-68.23658,-12.01279],[-68.23856,-12.02113],[-68.23173,-12.04097],[-68.23107,-12.05634],[-68.22637,-12.08422],[-68.23064,-12.09833],[-68.23108,-12.10485],[-68.22532,-12.12705],[-68.22529,-12.13827],[-68.23416,-12.16934],[-68.24428,-12.18741],[-68.24982,-12.19228],[-68.2712,-12.20476],[-68.28288,-12.21722],[-68.29288,-12.22462],[-68.3015,-12.22813],[-68.31059,-12.22891],[-68.31753,-12.22771],[-68.33327,-12.22108],[-68.33897,-12.22003],[-68.35823,-12.2225],[-68.3687,-12.22601],[-68.37824,-12.23119],[-68.4041,-12.25422],[-68.41168,-12.2641],[-68.41501,-12.27458],[-68.41438,-12.28115],[-68.40291,-12.30271],[-68.40018,-12.33226],[-68.40166,-12.34982],[-68.40462,-12.36359],[-68.41935,-12.38203],[-68.43849,-12.39748],[-68.45022,-12.41092],[-68.4609,-12.42034],[-68.47199,-12.42323],[-68.48563,-12.42029],[-68.49216,-12.41676],[-68.50222,-12.40329],[-68.50816,-12.39928],[-68.51956,-12.39519],[-68.5639,-12.38969],[-68.57244,-12.38988],[-68.58368,-12.39357],[-68.58818,-12.39693],[-68.59106,-12.40361],[-68.58261,-12.41819],[-68.55968,-12.44433],[-68.55811,-12.44779],[-68.55862,-12.45426],[-68.5626,-12.45914],[-68.58491,-12.47276],[-68.59036,-12.47755],[-68.60323,-12.48444],[-68.61063,-12.49097],[-68.61833,-12.49537],[-68.63754,-12.49844],[-68.65221,-12.49774],[-68.65345,-12.50983],[-68.65876,-12.51435],[-68.66104,-12.51918],[-68.65546,-12.52544],[-68.65414,-12.53031],[-68.65515,-12.53423],[-68.65684,-12.5363],[-68.6614,-12.53608],[-68.66159,-12.53057],[-68.66428,-12.5246],[-68.67094,-12.52541],[-68.68053,-12.52255],[-68.68304,-12.52336],[-68.68193,-12.52789],[-68.67479,-12.53024],[-68.67273,-12.54235],[-68.67421,-12.55234],[-68.67647,-12.55493],[-68.69167,-12.55739],[-68.69195,-12.56381],[-68.69985,-12.57215],[-68.69762,-12.57824],[-68.69229,-12.5821],[-68.69265,-12.58506],[-68.69657,-12.58886],[-68.69809,-12.58871],[-68.6992,-12.58112],[-68.70097,-12.57953],[-68.70258,-12.58515],[-68.71143,-12.59267],[-68.71419,-12.60518],[-68.71967,-12.60557],[-68.72123,-12.603],[-68.7233,-12.60285],[-68.72555,-12.60713],[-68.73258,-12.61057],[-68.73457,-12.62548],[-68.74172,-12.63407],[-68.73425,-12.64345],[-68.73147,-12.65183],[-68.73216,-12.65423],[-68.73777,-12.65734],[-68.73447,-12.66811],[-68.7327,-12.66931],[-68.72987,-12.66751],[-68.7291,-12.6724],[-68.72666,-12.67473],[-68.72502,-12.66848],[-68.72085,-12.66743],[-68.71779,-12.67768],[-68.71242,-12.6806],[-68.72042,-12.68767],[-68.72872,-12.6889],[-68.73519,-12.69228],[-68.73581,-12.69551],[-68.73273,-12.6972],[-68.72899,-12.69107],[-68.72631,-12.69101],[-68.72515,-12.69651],[-68.72737,-12.69989],[-68.73279,-12.70136],[-68.73617,-12.70498],[-68.74239,-12.70715],[-68.74331,-12.70873],[-68.74301,-12.71122],[-68.74028,-12.71394],[-68.73528,-12.70958],[-68.72901,-12.71169],[-68.72858,-12.71352],[-68.73534,-12.71721],[-68.74143,-12.718],[-68.74228,-12.72551],[-68.74704,-12.73059],[-68.75314,-12.73136],[-68.75555,-12.73466],[-68.75858,-12.73559],[-68.76731,-12.74294],[-68.76904,-12.74231],[-68.77035,-12.73857],[-68.77752,-12.73807],[-68.77847,-12.73272],[-68.78037,-12.73215],[-68.78132,-12.73664],[-68.78439,-12.74031],[-68.78358,-12.74487],[-68.78698,-12.74814],[-68.78767,-12.7547],[-68.79157,-12.76037],[-68.80057,-12.75546],[-68.80474,-12.75579],[-68.80547,-12.75813],[-68.80338,-12.76365],[-68.80847,-12.76562],[-68.80485,-12.76941],[-68.80486,-12.77154],[-68.80943,-12.77658],[-68.80829,-12.78021],[-68.80474,-12.78419],[-68.80664,-12.78548],[-68.8122,-12.7839],[-68.81801,-12.78842],[-68.81893,-12.79194],[-68.81647,-12.79811],[-68.81292,-12.79818],[-68.8108,-12.80005],[-68.80769,-12.80866],[-68.81006,-12.81028],[-68.81499,-12.80469],[-68.82048,-12.80604],[-68.82413,-12.80427],[-68.82538,-12.81328],[-68.8277,-12.81338],[-68.83126,-12.80965],[-68.83409,-12.81015],[-68.83494,-12.81845],[-68.83984,-12.82313],[-68.83927,-12.82595],[-68.83157,-12.82585],[-68.82925,-12.82848],[-68.82971,-12.83073],[-68.83208,-12.83166],[-68.83627,-12.82853],[-68.83964,-12.82914],[-68.83881,-12.83114],[-68.83466,-12.83341],[-68.83388,-12.838],[-68.83131,-12.84116],[-68.83177,-12.84399],[-68.8344,-12.84437],[-68.83904,-12.84146],[-68.84226,-12.84337],[-68.83435,-12.85543],[-68.8344,-12.85816],[-68.83713,-12.8595],[-68.84366,-12.85675],[-68.84769,-12.86532],[-68.85139,-12.86698],[-68.85516,-12.86382],[-68.85578,-12.85858],[-68.85761,-12.85805],[-68.85929,-12.86492],[-68.86463,-12.86738],[-68.86908,-12.86715],[-68.87124,-12.86979],[-68.87059,-12.87238],[-68.86617,-12.87166],[-68.86406,-12.87378],[-68.86658,-12.88056],[-68.87148,-12.88513],[-68.8733,-12.88889],[-68.86797,-12.89092],[-68.86494,-12.8947],[-68.8663,-12.89685],[-68.87063,-12.89681],[-68.87323,-12.89864],[-68.86734,-12.9028],[-68.8714,-12.90797],[-68.87574,-12.9183],[-68.87249,-12.92153],[-68.86517,-12.9221],[-68.86014,-12.92576],[-68.86066,-12.92752],[-68.86532,-12.92779],[-68.86611,-12.93312],[-68.87358,-12.93503],[-68.87508,-12.93821],[-68.87425,-12.93979],[-68.8608,-12.9443],[-68.85912,-12.94768],[-68.86202,-12.94918],[-68.86943,-12.94781],[-68.87327,-12.94368],[-68.87577,-12.94901],[-68.87604,-12.9538],[-68.8826,-12.95342],[-68.88394,-12.95599],[-68.87818,-12.95635],[-68.87429,-12.96468],[-68.87436,-12.97107],[-68.87678,-12.9769],[-68.87608,-12.97969],[-68.87249,-12.98106],[-68.87,-12.98034],[-68.87286,-12.97453],[-68.86642,-12.96961],[-68.86477,-12.97578],[-68.86137,-12.98037],[-68.86243,-12.98392],[-68.86583,-12.98586],[-68.87524,-12.98465],[-68.87897,-12.98683],[-68.87922,-12.9887],[-68.87721,-12.99038],[-68.87037,-12.98722],[-68.86604,-12.99526],[-68.86721,-12.99881],[-68.87325,-13.00188],[-68.87285,-13.00389],[-68.8673,-13.00792],[-68.86766,-13.01088],[-68.87477,-13.01122],[-68.8759,-13.01464],[-68.87132,-13.0194],[-68.85848,-13.01293],[-68.85354,-13.01547],[-68.85302,-13.01825],[-68.85738,-13.01948],[-68.85875,-13.02133],[-68.85945,-13.02797],[-68.86601,-13.02842],[-68.86775,-13.03156],[-68.86131,-13.03616],[-68.85597,-13.03161],[-68.85207,-13.03263],[-68.85005,-13.03729],[-68.85429,-13.03914],[-68.85514,-13.04214],[-68.8542,-13.0439],[-68.84898,-13.04521],[-68.84864,-13.04716],[-68.84992,-13.04883],[-68.86118,-13.04627],[-68.86356,-13.04746],[-68.86261,-13.05741],[-68.86004,-13.05878],[-68.85541,-13.05812],[-68.85501,-13.06516],[-68.85812,-13.06834],[-68.86025,-13.07426],[-68.86909,-13.07887],[-68.87034,-13.08163],[-68.85975,-13.09513],[-68.86471,-13.10611],[-68.86519,-13.11019],[-68.8713,-13.1112],[-68.87529,-13.11436],[-68.87489,-13.11802],[-68.87298,-13.11863],[-68.86764,-13.11636],[-68.86636,-13.11841],[-68.87075,-13.12242],[-68.87338,-13.13189],[-68.87744,-13.13387],[-68.87858,-13.13703],[-68.8748,-13.14153],[-68.87348,-13.14067],[-68.87272,-13.1346],[-68.86785,-13.13396],[-68.86627,-13.13744],[-68.87167,-13.14877],[-68.86663,-13.14641],[-68.86337,-13.15042],[-68.85783,-13.15002],[-68.85805,-13.15138],[-68.86266,-13.15282],[-68.86695,-13.15718],[-68.86735,-13.16023],[-68.86555,-13.16486],[-68.86646,-13.16676],[-68.87174,-13.16716],[-68.86573,-13.17236],[-68.85936,-13.17002],[-68.85628,-13.17063],[-68.85661,-13.1721],[-68.86371,-13.1763],[-68.86008,-13.18432],[-68.86206,-13.18551],[-68.86961,-13.17887],[-68.87254,-13.1793],[-68.87334,-13.1812],[-68.86865,-13.18425],[-68.86737,-13.19109],[-68.86272,-13.19033],[-68.86085,-13.19155],[-68.86084,-13.19786],[-68.85615,-13.20156],[-68.85223,-13.21068],[-68.85228,-13.21498],[-68.85451,-13.21791],[-68.85856,-13.21171],[-68.86072,-13.21131],[-68.86242,-13.21269],[-68.86154,-13.21832],[-68.86324,-13.22527],[-68.86181,-13.22639],[-68.85781,-13.22174],[-68.8551,-13.22125],[-68.85447,-13.22842],[-68.8585,-13.23205],[-68.85893,-13.23504],[-68.85754,-13.23618],[-68.85377,-13.23514],[-68.84996,-13.23607],[-68.84926,-13.24099],[-68.84493,-13.24694],[-68.84889,-13.24941],[-68.85285,-13.24819],[-68.85534,-13.24916],[-68.86094,-13.25741],[-68.85929,-13.25996],[-68.85471,-13.25888],[-68.85258,-13.26124],[-68.85412,-13.26279],[-68.86002,-13.26376],[-68.86115,-13.26663],[-68.84941,-13.26968],[-68.85265,-13.2748],[-68.8594,-13.26927],[-68.86205,-13.27032],[-68.86251,-13.27271],[-68.8589,-13.27975],[-68.8545,-13.28184],[-68.8538,-13.28349],[-68.85453,-13.28453],[-68.85911,-13.28376],[-68.86128,-13.28561],[-68.86073,-13.2895],[-68.85694,-13.2925],[-68.85798,-13.2966],[-68.86167,-13.2978],[-68.86573,-13.29505],[-68.86802,-13.29592],[-68.86946,-13.29864],[-68.86872,-13.30223],[-68.86149,-13.30193],[-68.86234,-13.30638],[-68.85968,-13.31157],[-68.86261,-13.31354],[-68.86224,-13.31991],[-68.86468,-13.32063],[-68.86716,-13.31842],[-68.8703,-13.31839],[-68.87198,-13.32546],[-68.87756,-13.32693],[-68.88028,-13.331],[-68.87811,-13.33312],[-68.87381,-13.33007],[-68.86791,-13.33246],[-68.86812,-13.33401],[-68.87237,-13.33458],[-68.87486,-13.33829],[-68.88104,-13.34248],[-68.87606,-13.34493],[-68.87433,-13.34898],[-68.86764,-13.3495],[-68.86791,-13.35371],[-68.8737,-13.35219],[-68.87599,-13.35318],[-68.87673,-13.35523],[-68.86986,-13.35583],[-68.86771,-13.35796],[-68.87323,-13.35876],[-68.87337,-13.36306],[-68.87489,-13.36419],[-68.87831,-13.36268],[-68.88139,-13.36422],[-68.87809,-13.3691],[-68.87809,-13.37202],[-68.88454,-13.37009],[-68.88881,-13.37134],[-68.88238,-13.38061],[-68.88358,-13.38217],[-68.8893,-13.37999],[-68.89152,-13.38201],[-68.89066,-13.38704],[-68.8881,-13.38293],[-68.88622,-13.38362],[-68.8845,-13.39037],[-68.88523,-13.39705],[-68.88765,-13.39961],[-68.89327,-13.39798],[-68.89518,-13.40042],[-68.89283,-13.40493],[-68.88794,-13.40155],[-68.88582,-13.4016],[-68.8864,-13.40739],[-68.88779,-13.40833],[-68.89073,-13.40598],[-68.89244,-13.40938],[-68.89769,-13.41154],[-68.89481,-13.41563],[-68.89686,-13.42161],[-68.89081,-13.42325],[-68.89349,-13.42709],[-68.89162,-13.43107],[-68.90103,-13.43517],[-68.90104,-13.43769],[-68.8963,-13.44289],[-68.89777,-13.44737],[-68.89953,-13.44748],[-68.90257,-13.44382],[-68.90206,-13.43984],[-68.90346,-13.43844],[-68.90514,-13.4393],[-68.90734,-13.44562],[-68.89997,-13.45151],[-68.89989,-13.45671],[-68.89666,-13.45868],[-68.89582,-13.4636],[-68.89761,-13.46493],[-68.89941,-13.46041],[-68.90161,-13.46084],[-68.90345,-13.46401],[-68.9008,-13.46839],[-68.9019,-13.47187],[-68.90359,-13.47162],[-68.90572,-13.46843],[-68.90985,-13.46872],[-68.90936,-13.47035],[-68.90516,-13.47183],[-68.90496,-13.47475],[-68.91757,-13.48533],[-68.91679,-13.4893],[-68.91253,-13.48552],[-68.90745,-13.48599],[-68.90647,-13.488],[-68.90769,-13.49011],[-68.91322,-13.48906],[-68.91493,-13.49054],[-68.91498,-13.49217],[-68.90793,-13.4947],[-68.90818,-13.49695],[-68.9137,-13.49647],[-68.91615,-13.49786],[-68.91585,-13.49963],[-68.91165,-13.50054],[-68.91087,-13.50308],[-68.92216,-13.50814],[-68.92402,-13.51039],[-68.92221,-13.51255],[-68.91795,-13.50986],[-68.91585,-13.51025],[-68.91507,-13.51364],[-68.91717,-13.51714],[-68.91624,-13.52058],[-68.918,-13.52063],[-68.92167,-13.51599],[-68.93205,-13.52035],[-68.93403,-13.52326],[-68.93219,-13.52814],[-68.93457,-13.53065],[-68.93769,-13.52918],[-68.93806,-13.52677],[-68.93549,-13.52247],[-68.93615,-13.52039],[-68.9381,-13.5197],[-68.94268,-13.52778],[-68.94591,-13.52864],[-68.94517,-13.53503],[-68.95268,-13.53545],[-68.94489,-13.54285],[-68.94827,-13.54467],[-68.95327,-13.55121],[-68.95139,-13.55333],[-68.94681,-13.55379],[-68.9454,-13.55626],[-68.94605,-13.56304],[-68.94855,-13.56639],[-68.94739,-13.57123],[-68.95418,-13.57378],[-68.95295,-13.58329],[-68.95851,-13.58831],[-68.95698,-13.594],[-68.95221,-13.60178],[-68.95309,-13.60494],[-68.96102,-13.60332],[-68.96635,-13.60542],[-68.96973,-13.60135],[-68.97384,-13.60174],[-68.97555,-13.6038],[-68.97281,-13.60901],[-68.97359,-13.61174],[-68.9775,-13.60901],[-68.98078,-13.60944],[-68.98196,-13.61164],[-68.98586,-13.61114],[-68.99195,-13.61853],[-68.99702,-13.61781],[-68.9998,-13.61889],[-68.99892,-13.62363],[-69.00435,-13.62248],[-69.00571,-13.62517],[-69.00065,-13.63081],[-68.99735,-13.63335],[-68.99401,-13.6322],[-68.99025,-13.63559],[-68.99722,-13.64017],[-68.99487,-13.64651],[-68.99282,-13.64801],[-68.99414,-13.65207],[-69.00176,-13.65366],[-69.00533,-13.65165],[-69.01037,-13.65218],[-69.01238,-13.65471],[-69.01663,-13.65356],[-69.01977,-13.65787],[-69.02569,-13.65083],[-69.02862,-13.65304],[-69.02882,-13.65514],[-69.03077,-13.65538],[-69.03425,-13.65313],[-69.03713,-13.64715],[-69.03652,-13.64482],[-69.03294,-13.64398],[-69.03254,-13.64078],[-69.03367,-13.63928],[-69.03655,-13.63958],[-69.04049,-13.64308],[-69.04511,-13.64329],[-69.04609,-13.64687],[-69.05098,-13.65022],[-69.05299,-13.65486],[-69.06351,-13.65847],[-69.06415,-13.66182],[-69.06219,-13.66685],[-69.06365,-13.67335],[-69.06728,-13.67285],[-69.06523,-13.67992],[-69.06791,-13.68573],[-69.06703,-13.68787],[-69.05917,-13.69121],[-69.05851,-13.69361],[-69.05565,-13.69286],[-69.05371,-13.69871],[-69.05617,-13.70216],[-69.05048,-13.70381],[-69.04956,-13.71018],[-69.04739,-13.70994],[-69.04696,-13.712],[-69.04155,-13.71394],[-69.04121,-13.71786],[-69.03846,-13.71732],[-69.038,-13.7143],[-69.03568,-13.71604],[-69.03406,-13.72154],[-69.03247,-13.72226],[-69.03409,-13.72378],[-69.03198,-13.72665],[-69.03458,-13.72847],[-69.03125,-13.73017],[-69.02671,-13.73854],[-69.02109,-13.73725],[-69.01889,-13.7393],[-69.01526,-13.73682],[-69.01584,-13.73926],[-69.01335,-13.74023],[-69.01243,-13.73837],[-69.00845,-13.73739],[-69.00683,-13.74038],[-68.99979,-13.74271],[-68.99802,-13.74576],[-68.99618,-13.74505],[-68.99355,-13.74648],[-68.98982,-13.75079],[-68.99074,-13.7533],[-68.9878,-13.753],[-68.98597,-13.75509],[-68.98444,-13.75438],[-68.97742,-13.75831],[-68.97556,-13.76118],[-68.97663,-13.76597],[-68.97399,-13.77879],[-68.9919,-13.8258],[-68.99505,-13.84479],[-68.98666,-13.85997],[-68.97886,-13.88045],[-68.97852,-13.88915],[-68.98337,-13.89511],[-68.98229,-13.90013],[-68.98479,-13.90441],[-68.98474,-13.91264],[-68.98062,-13.91977],[-68.98346,-13.92983],[-68.97846,-13.93392],[-68.97577,-13.94226],[-68.97192,-13.9476],[-68.96474,-13.94778],[-68.96342,-13.9495],[-68.96452,-13.95187],[-68.96996,-13.95352],[-68.97121,-13.95553],[-68.97251,-13.96694],[-68.97643,-13.96924],[-68.97946,-13.97576],[-68.97546,-13.98178],[-68.96936,-13.98324],[-68.96764,-13.98491],[-68.96375,-13.99058],[-68.96448,-13.99483],[-68.95946,-14.00105],[-68.95468,-14.00463],[-68.94678,-14.00368],[-68.94669,-14.01363],[-68.94448,-14.015],[-68.93928,-14.015],[-68.93995,-14.01919],[-68.94307,-14.02056],[-68.93848,-14.02266],[-68.93664,-14.02648],[-68.93296,-14.02786],[-68.93082,-14.02654],[-68.92832,-14.03093],[-68.92749,-14.02825],[-68.9243,-14.03031],[-68.91989,-14.02887],[-68.91857,-14.02653],[-68.91729,-14.02806],[-68.91832,-14.03055],[-68.91607,-14.03428],[-68.91391,-14.03394],[-68.90945,-14.03643],[-68.90933,-14.0407],[-68.90345,-14.03968],[-68.89055,-14.04703],[-68.89349,-14.05148],[-68.88254,-14.05937],[-68.88238,-14.0632],[-68.87956,-14.06604],[-68.88299,-14.06843],[-68.88284,-14.07196],[-68.87916,-14.07373],[-68.88262,-14.07655],[-68.88449,-14.08061],[-68.88433,-14.08444],[-68.87955,-14.0891],[-68.87762,-14.08734],[-68.87541,-14.08758],[-68.87575,-14.09473],[-68.87428,-14.09676],[-68.87544,-14.09933],[-68.87204,-14.1105],[-68.85975,-14.12442],[-68.85899,-14.12901],[-68.85626,-14.12943],[-68.85332,-14.13232],[-68.85383,-14.13493],[-68.85054,-14.13493],[-68.84992,-14.13834],[-68.8479,-14.1381],[-68.84489,-14.141],[-68.83895,-14.1406],[-68.83784,-14.14404],[-68.83417,-14.14415],[-68.83641,-14.14666],[-68.83316,-14.14956],[-68.83404,-14.15464],[-68.83708,-14.15195],[-68.84124,-14.15369],[-68.84667,-14.15288],[-68.85099,-14.15592],[-68.85335,-14.16178],[-68.85614,-14.1613],[-68.85654,-14.16402],[-68.85292,-14.16627],[-68.85438,-14.1752],[-68.85018,-14.17883],[-68.85273,-14.18167],[-68.85088,-14.1843],[-68.85123,-14.18658],[-68.84629,-14.18966],[-68.84757,-14.19672],[-68.84463,-14.19639],[-68.84334,-14.19902],[-68.83988,-14.19946],[-68.8351,-14.20277],[-68.83427,-14.2049],[-68.83179,-14.20546],[-68.82957,-14.21134],[-68.82737,-14.21229],[-68.82729,-14.21586],[-68.82869,-14.21758],[-68.82772,-14.22976],[-68.83281,-14.23462],[-68.84668,-14.23735],[-68.85964,-14.23575],[-68.88943,-14.23578],[-68.91531,-14.23777],[-68.93166,-14.23561],[-68.95023,-14.23769],[-68.98525,-14.23744],[-68.98668,-14.27085],[-68.98413,-14.31037],[-68.98462,-14.33503],[-68.99128,-14.34753],[-68.99297,-14.36636],[-69.00194,-14.38472],[-69.01501,-14.39012],[-69.01961,-14.39676],[-69.02486,-14.40922],[-69.03802,-14.42193],[-69.04856,-14.44808],[-69.06174,-14.4616],[-69.09507,-14.48321],[-69.10173,-14.48348],[-69.11348,-14.48811],[-69.11587,-14.50445],[-69.12221,-14.50948],[-69.12848,-14.50623],[-69.13582,-14.50516],[-69.14933,-14.51268],[-69.14893,-14.51622],[-69.144,-14.5187],[-69.14086,-14.52665],[-69.14267,-14.53478],[-69.14792,-14.54109],[-69.14758,-14.56484],[-69.14925,-14.57631],[-69.16534,-14.58353],[-69.16798,-14.58118],[-69.17142,-14.58062],[-69.17779,-14.58394],[-69.18261,-14.57986],[-69.18924,-14.57885],[-69.19847,-14.58646],[-69.22551,-14.58094],[-69.22675,-14.58559],[-69.22396,-14.595],[-69.22606,-14.59812],[-69.23056,-14.59911],[-69.23426,-14.61762],[-69.22965,-14.62068],[-69.22645,-14.6276],[-69.23063,-14.63407],[-69.2404,-14.65965],[-69.24586,-14.66466],[-69.24785,-14.67018],[-69.25101,-14.67053],[-69.25803,-14.68547],[-69.25346,-14.70194],[-69.24294,-14.71646],[-69.23637,-14.71741],[-69.23408,-14.72307],[-69.23453,-14.72587],[-69.22615,-14.73658],[-69.23051,-14.74874],[-69.23566,-14.75561],[-69.2423,-14.75946],[-69.26775,-14.76728],[-69.27203,-14.76819],[-69.27907,-14.76621],[-69.30127,-14.76725],[-69.31627,-14.77479],[-69.33918,-14.79433],[-69.34338,-14.79375],[-69.34668,-14.7954],[-69.35231,-14.80101],[-69.35747,-14.81276],[-69.35497,-14.83158],[-69.35405,-14.85792],[-69.3435,-14.88275],[-69.35239,-14.9242],[-69.35583,-14.92927],[-69.36439,-14.92978],[-69.36039,-14.95893],[-69.35261,-14.97485],[-69.33019,-14.99666],[-69.32635,-15.00291],[-69.3268,-15.00506],[-69.32442,-15.0054],[-69.32573,-15.0081],[-69.32336,-15.0109],[-69.32472,-15.0122],[-69.32278,-15.01271],[-69.3236,-15.0165],[-69.31984,-15.02267],[-69.32012,-15.02806],[-69.31881,-15.02851],[-69.31767,-15.03403],[-69.31517,-15.03698],[-69.3147,-15.04251],[-69.31101,-15.04004],[-69.31097,-15.04415],[-69.30881,-15.04396],[-69.30656,-15.04069],[-69.30538,-15.0416],[-69.30574,-15.04706],[-69.30101,-15.04689],[-69.29968,-15.04842],[-69.30437,-15.05417],[-69.29971,-15.06081],[-69.29923,-15.06551],[-69.29655,-15.06822],[-69.29887,-15.07089],[-69.29476,-15.07181],[-69.29572,-15.07438],[-69.29154,-15.0745],[-69.29017,-15.08242],[-69.29346,-15.08329],[-69.29274,-15.08543],[-69.28724,-15.0834],[-69.2855,-15.09691],[-69.28164,-15.09435],[-69.28266,-15.09924],[-69.27999,-15.10083],[-69.28005,-15.10258],[-69.27927,-15.10347],[-69.27725,-15.10236],[-69.27323,-15.10463],[-69.27414,-15.1067],[-69.278,-15.10845],[-69.2771,-15.11146],[-69.27389,-15.11233],[-69.27359,-15.10816],[-69.27146,-15.10778],[-69.27107,-15.10513],[-69.26962,-15.10489],[-69.26844,-15.10564],[-69.26977,-15.10898],[-69.26732,-15.11015],[-69.26848,-15.11579],[-69.26743,-15.11692],[-69.26567,-15.11672],[-69.26344,-15.11017],[-69.25835,-15.11077],[-69.25766,-15.11359],[-69.2518,-15.11167],[-69.24941,-15.11269],[-69.2481,-15.11542],[-69.24344,-15.11211],[-69.24385,-15.11481],[-69.24117,-15.1178],[-69.24434,-15.12003],[-69.24416,-15.12169],[-69.24137,-15.12252],[-69.23676,-15.11961],[-69.23707,-15.12334],[-69.23339,-15.12358],[-69.23423,-15.1266],[-69.22998,-15.12845],[-69.22952,-15.1326],[-69.2258,-15.13123],[-69.22432,-15.13657],[-69.21712,-15.13656],[-69.21506,-15.14237],[-69.20656,-15.14675],[-69.19715,-15.15568],[-69.19627,-15.15828],[-69.19014,-15.15881],[-69.19132,-15.16491],[-69.18589,-15.16868],[-69.18169,-15.1751],[-69.17508,-15.18025],[-69.16896,-15.1903],[-69.16638,-15.19147],[-69.1663,-15.19363],[-69.15264,-15.1993],[-69.15336,-15.20217],[-69.15021,-15.20488],[-69.14987,-15.21314],[-69.14022,-15.21631],[-69.13775,-15.21942],[-69.13516,-15.21931],[-69.13282,-15.22319],[-69.132,-15.22892],[-69.1333,-15.24512],[-69.12706,-15.2469],[-69.12207,-15.25277],[-69.11985,-15.25897],[-69.12153,-15.26027],[-69.12436,-15.25885],[-69.1307,-15.25873],[-69.13648,-15.25501],[-69.148,-15.26364],[-69.15236,-15.26896],[-69.15698,-15.26829],[-69.1638,-15.25143],[-69.17602,-15.26155],[-69.18074,-15.2772],[-69.19213,-15.29563],[-69.19595,-15.31411],[-69.20652,-15.32415],[-69.21541,-15.31768],[-69.23074,-15.33589],[-69.24055,-15.35283],[-69.24747,-15.37099],[-69.24763,-15.39973],[-69.25021,-15.42698],[-69.23328,-15.44137],[-69.24058,-15.46062],[-69.25337,-15.46956],[-69.29045,-15.43704],[-69.30254,-15.45987],[-69.31593,-15.46953],[-69.30489,-15.48022],[-69.30881,-15.48838],[-69.31246,-15.49077],[-69.31359,-15.49349],[-69.30905,-15.49791],[-69.30854,-15.50313],[-69.31426,-15.51308],[-69.31432,-15.51828],[-69.33091,-15.53695],[-69.32645,-15.53864],[-69.32538,-15.54378],[-69.32114,-15.54298],[-69.3218,-15.54548],[-69.32065,-15.54684],[-69.31585,-15.5474],[-69.31612,-15.54638],[-69.31379,-15.54632],[-69.31286,-15.55012],[-69.30923,-15.55148],[-69.30004,-15.55059],[-69.29267,-15.55368],[-69.28229,-15.56158],[-69.27852,-15.56891],[-69.28071,-15.57563],[-69.28444,-15.57506],[-69.29111,-15.57718],[-69.2928,-15.57565],[-69.29474,-15.57704],[-69.29377,-15.58232],[-69.28746,-15.59169],[-69.28879,-15.60148],[-69.29158,-15.60379],[-69.29548,-15.60054],[-69.30376,-15.60164],[-69.30462,-15.60616],[-69.29962,-15.60628],[-69.29779,-15.6137],[-69.29064,-15.62664],[-69.28602,-15.62902],[-69.2838,-15.63245],[-69.27999,-15.63216],[-69.27793,-15.63066],[-69.27802,-15.62783],[-69.27475,-15.62698],[-69.26954,-15.62944],[-69.26999,-15.63343],[-69.26603,-15.63374],[-69.26662,-15.63719],[-69.27063,-15.63724],[-69.26867,-15.64118],[-69.26571,-15.64067],[-69.26645,-15.63789],[-69.26328,-15.63681],[-69.25905,-15.64048],[-69.25807,-15.64295],[-69.25913,-15.64607],[-69.25688,-15.64685],[-69.26439,-15.65384],[-69.26302,-15.65543],[-69.26348,-15.65998],[-69.2621,-15.66111],[-69.26214,-15.66903],[-69.26136,-15.67035],[-69.25864,-15.67052],[-69.25743,-15.67429],[-69.25467,-15.67667],[-69.24315,-15.68029],[-69.2376,-15.67956],[-69.2329,-15.677],[-69.23129,-15.67264],[-69.2265,-15.67108],[-69.22189,-15.67694],[-69.2203,-15.67604],[-69.21788,-15.67731],[-69.21129,-15.67726],[-69.19951,-15.66758],[-69.19379,-15.66696],[-69.18786,-15.65627],[-69.17515,-15.66614],[-69.17487,-15.66809],[-69.17741,-15.66984],[-69.17389,-15.66952],[-69.17474,-15.67308],[-69.17081,-15.67446],[-69.16565,-15.67135],[-69.1631,-15.67231],[-69.15402,-15.68033],[-69.15722,-15.68427],[-69.15668,-15.68687],[-69.15228,-15.68767],[-69.14808,-15.68549],[-69.14639,-15.68761],[-69.1471,-15.68903],[-69.14607,-15.68881],[-69.14772,-15.69094],[-69.14655,-15.69216],[-69.14937,-15.69262],[-69.14886,-15.69446],[-69.15662,-15.69358],[-69.15687,-15.69626],[-69.15268,-15.69621],[-69.15351,-15.69763],[-69.15808,-15.69796],[-69.16235,-15.6946],[-69.16679,-15.69729],[-69.17715,-15.69427],[-69.18579,-15.69839],[-69.18974,-15.69658],[-69.18589,-15.70538],[-69.18153,-15.71002],[-69.17056,-15.71554],[-69.15071,-15.72001],[-69.13045,-15.72196],[-69.11124,-15.7284],[-69.10503,-15.72776],[-69.10397,-15.72605],[-69.10589,-15.72523],[-69.10936,-15.7264],[-69.10936,-15.72272],[-69.11377,-15.71857],[-69.11473,-15.71423],[-69.1039,-15.71711],[-69.10434,-15.72035],[-69.10569,-15.72135],[-69.10733,-15.71987],[-69.10825,-15.72203],[-69.10556,-15.72156],[-69.10561,-15.72303],[-69.10171,-15.71996],[-69.09782,-15.72298],[-69.08766,-15.73534],[-69.08586,-15.74534],[-69.07311,-15.75463],[-69.07061,-15.75843],[-69.06886,-15.75836],[-69.07079,-15.76175],[-69.06635,-15.76793],[-69.0652,-15.77511],[-69.06191,-15.78243],[-69.05396,-15.79556],[-69.05135,-15.79778],[-69.0391,-15.8024],[-69.03157,-15.80859],[-69.02821,-15.8154],[-69.0278,-15.81951],[-69.02439,-15.82159],[-69.02222,-15.82693],[-69.01952,-15.83878],[-69.01546,-15.84468],[-69.01162,-15.86102],[-69.00953,-15.86381],[-69.00276,-15.86634],[-68.996,-15.86539],[-68.98988,-15.86733],[-68.98574,-15.87741],[-68.98568,-15.88092],[-68.9875,-15.88217],[-68.98563,-15.88212],[-68.9855,-15.8847],[-68.98223,-15.88813],[-68.97504,-15.89177],[-68.97055,-15.891],[-68.96128,-15.89682],[-68.95411,-15.89659],[-68.94626,-15.89933],[-68.93851,-15.89935],[-68.92454,-15.91257],[-68.91415,-15.91951],[-68.90795,-15.92156],[-68.90075,-15.93518],[-68.89553,-15.93914],[-68.88769,-15.94278],[-68.88224,-15.94179],[-68.87799,-15.93807],[-68.87125,-15.9383],[-68.87034,-15.93753],[-68.8713,-15.93655],[-68.87544,-15.93715],[-68.87598,-15.93596],[-68.87166,-15.93408],[-68.86828,-15.93653],[-68.86645,-15.93386],[-68.85892,-15.93068],[-68.8555,-15.92692],[-68.84965,-15.92701],[-68.84883,-15.92578],[-68.85048,-15.92329],[-68.84942,-15.92257],[-68.84297,-15.92666],[-68.84001,-15.9261],[-68.83952,-15.92854],[-68.83542,-15.93113],[-68.83191,-15.93013],[-68.82938,-15.93314],[-68.82699,-15.93258],[-68.82679,-15.93473],[-68.82971,-15.93403],[-68.83197,-15.93732],[-68.82448,-15.93391],[-68.82098,-15.93574],[-68.818,-15.93557],[-68.8157,-15.93695],[-68.81604,-15.93874],[-68.81283,-15.93925],[-68.80943,-15.94528],[-68.80452,-15.94944],[-68.79717,-15.94826],[-68.7949,-15.95044],[-68.79511,-15.95271],[-68.79401,-15.95106],[-68.79082,-15.9511],[-68.7838,-15.95579],[-68.77804,-15.95007],[-68.77641,-15.94531],[-68.77383,-15.94561],[-68.77228,-15.94872],[-68.76839,-15.94528],[-68.76724,-15.93956],[-68.76258,-15.94051],[-68.75436,-15.9321],[-68.75085,-15.93268],[-68.74663,-15.94339],[-68.74012,-15.94614],[-68.73549,-15.94685],[-68.73315,-15.94525],[-68.73442,-15.94759],[-68.73133,-15.94538],[-68.72895,-15.94703],[-68.72416,-15.94248],[-68.72161,-15.94367],[-68.72416,-15.94548],[-68.72165,-15.95343],[-68.72329,-15.95424],[-68.71915,-15.95869],[-68.71513,-15.95928],[-68.72165,-15.96096],[-68.72214,-15.95836],[-68.7248,-15.95603],[-68.72722,-15.9559],[-68.72808,-15.95754],[-68.72442,-15.96014],[-68.72853,-15.96073],[-68.73003,-15.96926],[-68.72739,-15.97048],[-68.72615,-15.96892],[-68.72175,-15.96914],[-68.71524,-15.97316],[-68.71906,-15.97217],[-68.7209,-15.97003],[-68.72483,-15.96955],[-68.72956,-15.97283],[-68.73369,-15.97318],[-68.73557,-15.97623],[-68.74807,-15.97554],[-68.75063,-15.97899],[-68.75268,-15.97923],[-68.75287,-15.98311],[-68.75111,-15.98621],[-68.75337,-15.98932],[-68.75024,-15.98935],[-68.74769,-15.99262],[-68.74512,-15.99148],[-68.74272,-15.99233],[-68.74242,-15.99374],[-68.74696,-15.99515],[-68.74794,-15.99725],[-68.74478,-16.00207],[-68.73955,-16.00238],[-68.7442,-16.00377],[-68.74561,-16.00169],[-68.74936,-16.0027],[-68.75266,-16.0013],[-68.75476,-15.99808],[-68.75654,-16.00162],[-68.74984,-16.00479],[-68.75026,-16.00771],[-68.74228,-16.01284],[-68.741,-16.0124],[-68.73947,-16.01528],[-68.74004,-16.01736],[-68.74166,-16.01354],[-68.74291,-16.01582],[-68.74327,-16.01368],[-68.74758,-16.01492],[-68.74767,-16.01859],[-68.74947,-16.01621],[-68.75083,-16.01852],[-68.75291,-16.01814],[-68.75263,-16.02154],[-68.75392,-16.01939],[-68.75731,-16.02037],[-68.75914,-16.02595],[-68.76833,-16.02996],[-68.77026,-16.0256],[-68.77465,-16.02458],[-68.77867,-16.02646],[-68.78067,-16.02085],[-68.78683,-16.02114],[-68.78836,-16.01887],[-68.79409,-16.01597],[-68.79504,-16.01368],[-68.80033,-16.01359],[-68.80138,-16.01241],[-68.80282,-16.01501],[-68.80603,-16.01526],[-68.81832,-16.01072],[-68.82134,-16.01233],[-68.82032,-16.01792],[-68.8236,-16.023],[-68.8278,-16.02505],[-68.8348,-16.03182],[-68.8362,-16.05498],[-68.83743,-16.05661],[-68.83941,-16.05623],[-68.84332,-16.06389],[-68.84794,-16.06275],[-68.8572,-16.0676],[-68.85785,-16.06965],[-68.85563,-16.07057],[-68.85822,-16.0757],[-68.85997,-16.07315],[-68.86402,-16.07558],[-68.86794,-16.07331],[-68.87367,-16.075],[-68.87178,-16.07082],[-68.87228,-16.06782],[-68.86685,-16.0661],[-68.86559,-16.05702],[-68.86162,-16.05296],[-68.86216,-16.04903],[-68.8649,-16.04701],[-68.8672,-16.04853],[-68.87142,-16.05983],[-68.87569,-16.06353],[-68.88085,-16.06326],[-68.88513,-16.06756],[-68.88752,-16.06649],[-68.88998,-16.06782],[-68.89449,-16.07706],[-68.89807,-16.07654],[-68.89842,-16.07328],[-68.90012,-16.07411],[-68.90398,-16.07347],[-68.90674,-16.07402],[-68.91029,-16.07224],[-68.90819,-16.07385],[-68.90532,-16.07463],[-68.90384,-16.0769],[-68.90445,-16.08196],[-68.90323,-16.08513],[-68.90018,-16.08612],[-68.89709,-16.08519],[-68.8889,-16.09404],[-68.88783,-16.10305],[-68.89001,-16.10544],[-68.89253,-16.10486],[-68.89121,-16.11117],[-68.88259,-16.11645],[-68.87979,-16.12505],[-68.87544,-16.12769],[-68.87226,-16.13562],[-68.86445,-16.14288],[-68.86371,-16.14798],[-68.8685,-16.15781],[-68.86705,-16.16443],[-68.86305,-16.17125],[-68.86161,-16.1636],[-68.85712,-16.16214],[-68.85712,-16.15887],[-68.8555,-16.15761],[-68.85334,-16.15795],[-68.85146,-16.16125],[-68.84713,-16.16198],[-68.84626,-16.16565],[-68.84361,-16.16628],[-68.84532,-16.16703],[-68.84432,-16.16981],[-68.846,-16.17443],[-68.84879,-16.17497],[-68.85087,-16.17793],[-68.84201,-16.19292],[-68.84892,-16.19931],[-68.84848,-16.20126],[-68.85009,-16.20302],[-68.85232,-16.20409],[-68.85546,-16.20319],[-68.85631,-16.20446],[-68.84926,-16.21581],[-68.84261,-16.22053],[-68.83655,-16.22262],[-68.83575,-16.22423],[-68.83254,-16.22329],[-68.83184,-16.22571],[-68.8322,-16.22266],[-68.82635,-16.22349],[-68.82885,-16.21647],[-68.82763,-16.21318],[-68.82435,-16.2112],[-68.8247,-16.20819],[-68.82195,-16.20662],[-68.81631,-16.20804],[-68.81474,-16.2062],[-68.81556,-16.19952],[-68.81297,-16.18989],[-68.81417,-16.18722],[-68.81573,-16.18716],[-68.81603,-16.18399],[-68.81102,-16.18434],[-68.80807,-16.18137],[-68.80452,-16.18033],[-68.80179,-16.18233],[-68.79433,-16.18118],[-68.78765,-16.18299],[-68.78079,-16.18193],[-68.75757,-16.19098],[-68.74875,-16.19942],[-68.74168,-16.20192],[-68.74098,-16.20076],[-68.73726,-16.2029],[-68.72177,-16.20318],[-68.71313,-16.20707],[-68.71033,-16.2114],[-68.70637,-16.21228],[-68.70426,-16.21433],[-68.69419,-16.21245],[-68.67778,-16.21589],[-68.67297,-16.2187],[-68.66724,-16.21721],[-68.66448,-16.21882],[-68.6616,-16.21812],[-68.65851,-16.22014],[-68.65378,-16.21812],[-68.64396,-16.21814],[-68.64258,-16.21404],[-68.62991,-16.20478],[-68.62943,-16.2003],[-68.62653,-16.1975],[-68.61692,-16.20286],[-68.61247,-16.20257],[-68.60965,-16.19981],[-68.60822,-16.20139],[-68.60371,-16.19976],[-68.60167,-16.20102],[-68.60124,-16.21003],[-68.59291,-16.21551],[-68.59359,-16.21775],[-68.59117,-16.22025],[-68.58782,-16.23029],[-68.5813,-16.23319],[-68.57995,-16.23767],[-68.57719,-16.23941],[-68.57813,-16.24306],[-68.57191,-16.2499],[-68.57335,-16.25075],[-68.57224,-16.25186],[-68.57371,-16.2565],[-68.57174,-16.26059],[-68.57431,-16.26328],[-68.56881,-16.26418],[-68.56706,-16.26756],[-68.57432,-16.26902],[-68.57912,-16.27288],[-68.57955,-16.27763],[-68.57775,-16.2816],[-68.57909,-16.28445],[-68.58174,-16.28387],[-68.58229,-16.28244],[-68.58045,-16.27924],[-68.58137,-16.27308],[-68.58368,-16.27657],[-68.589,-16.2774],[-68.58957,-16.28356],[-68.59328,-16.2859],[-68.59402,-16.28495],[-68.59155,-16.28242],[-68.59448,-16.27906],[-68.59679,-16.28006],[-68.59797,-16.28269],[-68.59979,-16.28139],[-68.60148,-16.28248],[-68.60224,-16.28738],[-68.60414,-16.28887],[-68.60187,-16.29664],[-68.59763,-16.29998],[-68.59551,-16.30749],[-68.59437,-16.30753],[-68.59521,-16.30323],[-68.59069,-16.30918],[-68.58979,-16.31293],[-68.58608,-16.31504],[-68.58522,-16.32146],[-68.58675,-16.32285],[-68.5899,-16.32255],[-68.59249,-16.3255],[-68.59411,-16.32483],[-68.59454,-16.32778],[-68.60706,-16.33579],[-68.61475,-16.3366],[-68.6244,-16.32956],[-68.63027,-16.32713],[-68.63175,-16.32739],[-68.62795,-16.33244],[-68.62725,-16.33606],[-68.62935,-16.33367],[-68.63418,-16.33578],[-68.64048,-16.3298],[-68.64019,-16.3276],[-68.6417,-16.32636],[-68.64308,-16.32705],[-68.65553,-16.31756],[-68.66122,-16.31918],[-68.66793,-16.3185],[-68.68101,-16.30844],[-68.69381,-16.30615],[-68.69843,-16.30848],[-68.69083,-16.31543],[-68.69064,-16.32106],[-68.69188,-16.32272],[-68.68966,-16.32501],[-68.69156,-16.32641],[-68.69981,-16.32158],[-68.70524,-16.32017],[-68.71561,-16.32105],[-68.7196,-16.32795],[-68.71592,-16.33246],[-68.72441,-16.33038],[-68.72686,-16.32814],[-68.73127,-16.32838],[-68.72827,-16.33768],[-68.72121,-16.33902],[-68.72142,-16.34678],[-68.71695,-16.35025],[-68.71219,-16.35066],[-68.70797,-16.34709],[-68.71393,-16.33451],[-68.70942,-16.33586],[-68.70726,-16.33344],[-68.70257,-16.33471],[-68.70001,-16.33186],[-68.69502,-16.33116],[-68.69242,-16.33576],[-68.68707,-16.33944],[-68.67803,-16.34098],[-68.67884,-16.34765],[-68.67661,-16.34841],[-68.67603,-16.35071],[-68.67637,-16.35422],[-68.68586,-16.36176],[-68.68655,-16.36505],[-68.68354,-16.3684],[-68.68968,-16.37361],[-68.68938,-16.37771],[-68.69229,-16.37755],[-68.69241,-16.3805],[-68.70177,-16.38634],[-68.70698,-16.38023],[-68.70927,-16.38014],[-68.70816,-16.38788],[-68.72156,-16.39746],[-68.71922,-16.3998],[-68.71407,-16.4011],[-68.71422,-16.40282],[-68.72221,-16.41121],[-68.72789,-16.42163],[-68.73209,-16.42241],[-68.73773,-16.42058],[-68.73716,-16.42334],[-68.73935,-16.42344],[-68.74489,-16.41946],[-68.74762,-16.42039],[-68.75268,-16.41901],[-68.75341,-16.42214],[-68.75631,-16.42356],[-68.76246,-16.42254],[-68.76906,-16.4279],[-68.77723,-16.42831],[-68.77802,-16.42656],[-68.78181,-16.42491],[-68.78442,-16.42672],[-68.79101,-16.42585],[-68.79534,-16.42952],[-68.79988,-16.42715],[-68.80208,-16.41945],[-68.80507,-16.4207],[-68.80746,-16.42391],[-68.80993,-16.42335],[-68.81244,-16.42507],[-68.81546,-16.42507],[-68.8205,-16.42248],[-68.8211,-16.42378],[-68.82146,-16.42207],[-68.82398,-16.42153],[-68.82555,-16.42251],[-68.82535,-16.42455],[-68.83153,-16.42519],[-68.83372,-16.42328],[-68.83784,-16.42526],[-68.83898,-16.42733],[-68.84169,-16.42613],[-68.84647,-16.42842],[-68.85162,-16.42647],[-68.85848,-16.42808],[-68.85926,-16.42554],[-68.86884,-16.42433],[-68.87016,-16.42643],[-68.87463,-16.42738],[-68.8806,-16.42544],[-68.88236,-16.42319],[-68.88384,-16.42578],[-68.8902,-16.42656],[-68.89517,-16.42888],[-68.89981,-16.42853],[-68.90227,-16.43141],[-68.90762,-16.43311],[-68.90993,-16.43184],[-68.91214,-16.43413],[-68.92262,-16.43442],[-68.92417,-16.43046],[-68.92648,-16.42939],[-68.93261,-16.43075],[-68.94664,-16.43739],[-68.95362,-16.44621],[-68.95352,-16.44784],[-68.95193,-16.44829],[-68.95189,-16.44468],[-68.949,-16.44145],[-68.94751,-16.44465],[-68.9485,-16.45239],[-68.95009,-16.45352],[-68.95022,-16.45788],[-68.95286,-16.46172],[-68.95371,-16.46712],[-68.95564,-16.4698],[-68.95827,-16.47036],[-68.957,-16.47165],[-68.94301,-16.47407],[-68.93086,-16.47259],[-68.92914,-16.47488],[-68.92753,-16.47333],[-68.92582,-16.47404],[-68.92073,-16.472],[-68.91203,-16.47371],[-68.90637,-16.47227],[-68.90071,-16.47278],[-68.89871,-16.47144],[-68.89756,-16.473],[-68.89634,-16.4696],[-68.89411,-16.47004],[-68.89167,-16.46788],[-68.88189,-16.46798],[-68.8659,-16.4765],[-68.85441,-16.47757],[-68.85018,-16.47901],[-68.84811,-16.48184],[-68.84594,-16.4809],[-68.84191,-16.48717],[-68.83584,-16.48868],[-68.82597,-16.48813],[-68.82382,-16.4919],[-68.82973,-16.49204],[-68.8241,-16.49414],[-68.82862,-16.49733],[-68.82882,-16.49447],[-68.8309,-16.494],[-68.83238,-16.49725],[-68.83121,-16.49717],[-68.83083,-16.49959],[-68.83349,-16.50067],[-68.83183,-16.50368],[-68.83503,-16.50521],[-68.83998,-16.5151],[-68.8363,-16.52037],[-68.83494,-16.52677],[-68.82893,-16.52662],[-68.82706,-16.52487],[-68.82209,-16.52835],[-68.826,-16.53055],[-68.83406,-16.53016],[-68.83531,-16.5276],[-68.83818,-16.52792],[-68.84238,-16.5258],[-68.84392,-16.52774],[-68.84177,-16.52848],[-68.84433,-16.53042],[-68.8441,-16.53196],[-68.8457,-16.52926],[-68.84759,-16.52928],[-68.84669,-16.53311],[-68.8499,-16.53393],[-68.83664,-16.54215],[-68.83691,-16.54387],[-68.83441,-16.54549],[-68.83391,-16.54925],[-68.83026,-16.55274],[-68.82893,-16.55728],[-68.83062,-16.55923],[-68.82973,-16.5606],[-68.83379,-16.55873],[-68.83143,-16.56068],[-68.83418,-16.56507],[-68.83528,-16.56422],[-68.83788,-16.56559],[-68.83679,-16.56921],[-68.83943,-16.56691],[-68.84133,-16.57056],[-68.84121,-16.56888],[-68.84544,-16.57044],[-68.84575,-16.57333],[-68.844,-16.57678],[-68.84688,-16.5773],[-68.84569,-16.57977],[-68.84677,-16.58221],[-68.84467,-16.58553],[-68.85194,-16.5877],[-68.8545,-16.58439],[-68.85562,-16.58886],[-68.86142,-16.58726],[-68.85442,-16.59049],[-68.85501,-16.59132],[-68.85915,-16.58932],[-68.85526,-16.59268],[-68.85873,-16.59287],[-68.85955,-16.59503],[-68.86226,-16.5936],[-68.86286,-16.59476],[-68.86593,-16.59387],[-68.86773,-16.59648],[-68.86915,-16.59469],[-68.87042,-16.59771],[-68.87389,-16.59894],[-68.87669,-16.59875],[-68.88053,-16.59596],[-68.8866,-16.59529],[-68.88938,-16.59735],[-68.89235,-16.59518],[-68.89539,-16.59544],[-68.89765,-16.59818],[-68.90228,-16.59573],[-68.90679,-16.59581],[-68.90976,-16.59868],[-68.9129,-16.59502],[-68.91531,-16.597],[-68.91757,-16.59542],[-68.92026,-16.59746],[-68.92397,-16.59345],[-68.9261,-16.5951],[-68.9316,-16.59285],[-68.93138,-16.5896],[-68.93381,-16.58835],[-68.9412,-16.59019],[-68.95,-16.58417],[-68.95364,-16.5848],[-68.95538,-16.58098],[-68.95766,-16.58116],[-68.95874,-16.57937],[-68.96762,-16.57959],[-68.97016,-16.57422],[-68.97544,-16.57544],[-68.97924,-16.57333],[-68.97913,-16.5711],[-68.98155,-16.56985],[-68.98344,-16.57103],[-68.9861,-16.56813],[-68.98792,-16.56957],[-68.99175,-16.5695],[-68.99376,-16.56831],[-68.99328,-16.56716],[-68.99663,-16.56781],[-69.00412,-16.56196],[-69.02936,-16.55322],[-69.02772,-16.55647],[-69.02827,-16.559],[-69.03342,-16.56299],[-69.03596,-16.56287],[-69.04023,-16.57256],[-69.0348,-16.5836],[-69.03581,-16.58704],[-69.03392,-16.60599],[-69.02242,-16.61595],[-69.01023,-16.63328],[-68.99846,-16.63955],[-68.99725,-16.64188],[-68.99892,-16.6515],[-69.00957,-16.66708],[-69.01398,-16.66983],[-69.01604,-16.66871],[-69.0227,-16.67143],[-69.02508,-16.67311],[-69.02636,-16.67687],[-69.032,-16.67819],[-69.03903,-16.68239],[-69.04381,-16.68846],[-69.04848,-16.68637],[-69.05406,-16.68682],[-69.0576,-16.69161],[-69.08783,-16.70244],[-69.10069,-16.71114],[-69.11996,-16.71621],[-69.12455,-16.71594],[-69.12579,-16.71388],[-69.13329,-16.70979],[-69.14688,-16.71828],[-69.1698,-16.72733],[-69.1818,-16.75706],[-69.18773,-16.79661],[-69.19916,-16.79765],[-69.21208,-16.82061],[-69.21911,-16.83676],[-69.25333,-16.86052],[-69.30445,-16.91661],[-69.32445,-16.95202],[-69.32031,-16.96088],[-69.32638,-16.9598],[-69.33456,-16.98089],[-69.34003,-16.98753],[-69.36863,-16.98892],[-69.38072,-17.00706],[-69.38332,-17.00752],[-69.3834,-17.00976],[-69.39458,-17.02216],[-69.3946,-17.0251],[-69.38437,-17.03141],[-69.38261,-17.03814],[-69.37262,-17.05081],[-69.37397,-17.0724],[-69.39361,-17.09068],[-69.40715,-17.09998],[-69.43253,-17.11033],[-69.45115,-17.09404],[-69.47912,-17.11525],[-69.51551,-17.14971],[-69.54702,-17.1631],[-69.55796,-17.16559],[-69.56259,-17.1755],[-69.57207,-17.18624],[-69.56918,-17.19446],[-69.57696,-17.2019],[-69.57837,-17.20646],[-69.5839,-17.20921],[-69.5868,-17.2086],[-69.59039,-17.2101],[-69.59236,-17.20898],[-69.59487,-17.21314],[-69.59936,-17.21468],[-69.60369,-17.21965],[-69.6041,-17.22605],[-69.60688,-17.22763],[-69.60593,-17.22924],[-69.6168,-17.26166],[-69.62841,-17.2739],[-69.63626,-17.27082],[-69.63904,-17.27673],[-69.64525,-17.28142],[-69.64172,-17.28687],[-69.57586,-17.29141],[-69.51326,-17.34241],[-69.46917,-17.37354],[-69.4679,-17.41525],[-69.46884,-17.43338],[-69.46787,-17.60488],[-69.34363,-17.72387],[-69.34211,-17.72789],[-69.33789,-17.72921],[-69.33795,-17.73185],[-69.33486,-17.7344],[-69.33558,-17.7368],[-69.33375,-17.73949],[-69.3363,-17.74171],[-69.33522,-17.7445],[-69.33841,-17.74581],[-69.33594,-17.75021],[-69.33682,-17.75381],[-69.33477,-17.7543],[-69.33533,-17.75745],[-69.33188,-17.75949],[-69.33307,-17.76133],[-69.33231,-17.76601],[-69.32984,-17.77071],[-69.32712,-17.77248],[-69.32478,-17.77674],[-69.3219,-17.77688],[-69.32096,-17.78113],[-69.31303,-17.78889],[-69.31253,-17.79353],[-69.31066,-17.79439],[-69.31173,-17.79712],[-69.30806,-17.80409],[-69.30948,-17.80616],[-69.3078,-17.80656],[-69.30941,-17.8079],[-69.30775,-17.81048],[-69.30904,-17.81083],[-69.31031,-17.81633],[-69.30914,-17.82275],[-69.30713,-17.82358],[-69.30598,-17.82719],[-69.30711,-17.82891],[-69.30559,-17.83336],[-69.30622,-17.84407],[-69.30082,-17.84936],[-69.3014,-17.85091],[-69.29996,-17.85095],[-69.29929,-17.85527],[-69.30069,-17.86163],[-69.30875,-17.86866],[-69.30508,-17.88379],[-69.3082,-17.887],[-69.30731,-17.8945],[-69.31293,-17.90892],[-69.31238,-17.91363],[-69.30999,-17.9205],[-69.30049,-17.93373],[-69.29961,-17.93927],[-69.29734,-17.94102],[-69.2961,-17.94713],[-69.29105,-17.95377],[-69.28882,-17.95989],[-69.2851,-17.96242],[-69.28128,-17.96916],[-69.27597,-17.96933],[-69.25654,-17.95396],[-69.25491,-17.95475],[-69.25373,-17.96198],[-69.2562,-17.97485],[-69.24723,-17.98214],[-69.23914,-17.98425],[-69.23047,-17.98356],[-69.22719,-17.97995],[-69.22212,-17.97966],[-69.12628,-18.032],[-69.08799,-18.0419],[-69.07949,-18.04686],[-69.07249,-18.03817],[-69.05722,-18.0343],[-69.04622,-18.02905],[-69.03422,-18.01709],[-69.02347,-18.00992],[-69.01413,-18.0071],[-69.00573,-17.99772],[-68.99198,-17.99487],[-68.93269,-17.96671],[-68.91039,-17.9496],[-68.87017,-17.94345],[-68.85035,-17.93832],[-68.83825,-17.94193],[-68.83432,-17.93729],[-68.82994,-17.93473],[-68.81849,-17.93075],[-68.81257,-17.93139],[-68.80652,-17.92708],[-68.801,-17.92878],[-68.78456,-17.93],[-68.77895,-17.92581],[-68.77801,-17.92355],[-68.75973,-17.9142],[-68.75795,-17.9082],[-68.75941,-17.90565],[-68.75833,-17.90294],[-68.75444,-17.89833],[-68.74187,-17.89137],[-68.74001,-17.88694],[-68.72778,-17.88463],[-68.72106,-17.89008],[-68.71866,-17.88841],[-68.71135,-17.88736],[-68.69581,-17.88912],[-68.69085,-17.88001],[-68.68114,-17.8777],[-68.67254,-17.87881],[-68.66903,-17.87799],[-68.66198,-17.86927],[-68.64893,-17.8675],[-68.64451,-17.86336],[-68.6394,-17.8633],[-68.6337,-17.85349],[-68.62241,-17.84871],[-68.62018,-17.84168],[-68.61507,-17.83687],[-68.60858,-17.83616],[-68.58658,-17.81991],[-68.57534,-17.81636],[-68.56829,-17.81568],[-68.55941,-17.81961],[-68.54788,-17.8148],[-68.54302,-17.81102],[-68.53647,-17.80969],[-68.53749,-17.80028],[-68.54443,-17.79549],[-68.54379,-17.78911],[-68.54121,-17.78443],[-68.54364,-17.77052],[-68.54357,-17.75951],[-68.53849,-17.73196],[-68.5395,-17.71478],[-68.53293,-17.70283],[-68.52156,-17.70151],[-68.51337,-17.70603],[-68.50969,-17.70502],[-68.50474,-17.70601],[-68.49813,-17.70036],[-68.49939,-17.69601],[-68.49749,-17.69058],[-68.48113,-17.68401],[-68.47818,-17.68458],[-68.4747,-17.68843],[-68.47251,-17.68804],[-68.46541,-17.67524],[-68.46319,-17.66829],[-68.458,-17.66844],[-68.45264,-17.66259],[-68.4491,-17.66281],[-68.44225,-17.66725],[-68.43602,-17.66757],[-68.43557,-17.66011],[-68.41752,-17.63935],[-68.41422,-17.63063],[-68.41544,-17.6292],[-68.41493,-17.62567],[-68.41063,-17.62331],[-68.40615,-17.62439],[-68.39983,-17.61957],[-68.3887,-17.61829],[-68.38584,-17.61655],[-68.38454,-17.61242],[-68.3857,-17.60262],[-68.38409,-17.59957],[-68.37588,-17.59433],[-68.36061,-17.59075],[-68.34808,-17.59346],[-68.33273,-17.6084],[-68.32435,-17.59933],[-68.32187,-17.59843],[-68.32198,-17.59684],[-68.31602,-17.59873],[-68.30968,-17.59386],[-68.30707,-17.59899],[-68.29908,-17.603],[-68.292,-17.6132],[-68.27643,-17.62865],[-68.27047,-17.64273],[-68.26589,-17.64315],[-68.25603,-17.63822],[-68.25122,-17.63879],[-68.2378,-17.6476],[-68.22751,-17.64911],[-68.22415,-17.65107],[-68.21233,-17.66339],[-68.20882,-17.66921],[-68.2049,-17.67108],[-68.2006,-17.6706],[-68.20103,-17.66843],[-68.1983,-17.6648],[-68.19011,-17.66325],[-68.18882,-17.65941],[-68.19055,-17.65813],[-68.19049,-17.65459],[-68.14352,-17.66875],[-68.13727,-17.67606],[-68.10012,-17.69913],[-68.08534,-17.71521],[-68.07399,-17.71866],[-68.05482,-17.71792],[-68.01635,-17.73285],[-68.00027,-17.74113],[-67.99948,-17.73923],[-67.99542,-17.73806],[-67.98854,-17.74118],[-67.98363,-17.74159],[-67.96898,-17.7327],[-67.96516,-17.73772],[-67.96632,-17.74806],[-67.95757,-17.76442],[-67.93942,-17.77399],[-67.92628,-17.78295],[-67.90239,-17.7911],[-67.88494,-17.80496],[-67.87479,-17.81018],[-67.86827,-17.81147],[-67.86387,-17.81478],[-67.8605,-17.81431],[-67.861,-17.82252],[-67.85257,-17.82474],[-67.85156,-17.82651],[-67.85244,-17.8289],[-67.84819,-17.82941],[-67.83369,-17.84921],[-67.83172,-17.84883],[-67.82667,-17.8517],[-67.82744,-17.85372],[-67.82297,-17.85984],[-67.8235,-17.86116],[-67.81786,-17.86266],[-67.81717,-17.86507],[-67.81125,-17.86865],[-67.80766,-17.87322],[-67.79696,-17.87671],[-67.79053,-17.88064],[-67.77205,-17.87782],[-67.75344,-17.8719],[-67.73221,-17.8596],[-67.70764,-17.84804],[-67.70161,-17.80217],[-67.67984,-17.77806],[-67.67698,-17.76389],[-67.64449,-17.75805],[-67.63246,-17.76492],[-67.58585,-17.7682],[-67.58629,-17.71191],[-67.55816,-17.70348],[-67.53125,-17.67383],[-67.51609,-17.67172],[-67.5083,-17.65034],[-67.50865,-17.64264],[-67.51509,-17.63668],[-67.53072,-17.61035],[-67.52766,-17.59848],[-67.52908,-17.59676],[-67.54696,-17.58895],[-67.54887,-17.58635],[-67.5492,-17.58255],[-67.5474,-17.57687],[-67.5318,-17.55955],[-67.52139,-17.55381],[-67.52035,-17.5509],[-67.52279,-17.5465],[-67.52167,-17.54415],[-67.51625,-17.54027],[-67.51505,-17.53572],[-67.51071,-17.53117],[-67.50536,-17.51818],[-67.50345,-17.51731],[-67.49526,-17.5211],[-67.48183,-17.52138],[-67.47542,-17.51686],[-67.47249,-17.5081],[-67.46858,-17.50575],[-67.46436,-17.51191],[-67.44735,-17.52582],[-67.44644,-17.52939],[-67.44858,-17.53339],[-67.4479,-17.53745],[-67.43914,-17.54683],[-67.43765,-17.55083],[-67.43038,-17.55761],[-67.42967,-17.56053],[-67.41898,-17.5635],[-67.41695,-17.56674],[-67.41425,-17.56767],[-67.41273,-17.5713],[-67.40624,-17.57239],[-67.40323,-17.57438],[-67.39376,-17.56055],[-67.39082,-17.54883],[-67.38132,-17.5393],[-67.37965,-17.53932],[-67.38157,-17.53123],[-67.37975,-17.52839],[-67.38032,-17.52568],[-67.38664,-17.52001],[-67.38761,-17.51658],[-67.3819,-17.50933],[-67.38213,-17.50094],[-67.37585,-17.49064],[-67.37707,-17.47704],[-67.37451,-17.46177],[-67.36664,-17.45295],[-67.34947,-17.45191],[-67.3447,-17.44888],[-67.34169,-17.45041],[-67.34009,-17.44897],[-67.33734,-17.43054],[-67.33245,-17.42729],[-67.3216,-17.42525],[-67.31983,-17.42078],[-67.3138,-17.41355],[-67.31922,-17.395],[-67.31491,-17.39224],[-67.31344,-17.3838],[-67.30979,-17.3807],[-67.30589,-17.38254],[-67.3037,-17.3819],[-67.29691,-17.38365],[-67.2943,-17.38052],[-67.29369,-17.37555],[-67.28582,-17.36834],[-67.28513,-17.35702],[-67.27753,-17.34484],[-67.25672,-17.33254],[-67.2535,-17.32824],[-67.25345,-17.32403],[-67.24825,-17.32404],[-67.24329,-17.32829],[-67.23435,-17.33258],[-67.23281,-17.33533],[-67.22852,-17.33667],[-67.22733,-17.33423],[-67.22302,-17.33222],[-67.21812,-17.33731],[-67.2155,-17.33513],[-67.21318,-17.3361],[-67.20921,-17.33481],[-67.20328,-17.33635],[-67.19823,-17.3464],[-67.19405,-17.34856],[-67.19677,-17.35158],[-67.19622,-17.3559],[-67.19823,-17.35734],[-67.1996,-17.36551],[-67.19375,-17.36954],[-67.19152,-17.37489],[-67.18748,-17.37857],[-67.18862,-17.38644],[-67.18694,-17.40737],[-67.19128,-17.41391],[-67.19028,-17.41671],[-67.18386,-17.42276],[-67.17125,-17.43273],[-67.15658,-17.44127],[-67.15095,-17.44935],[-67.14206,-17.45343],[-67.13593,-17.45427],[-67.12452,-17.46537],[-67.08771,-17.46601],[-67.08424,-17.46467],[-67.07739,-17.46998],[-67.06737,-17.4701],[-67.05898,-17.47599],[-67.05986,-17.47907],[-67.04983,-17.49573],[-67.03598,-17.50024],[-67.02612,-17.51194],[-67.01982,-17.52814],[-67.0213,-17.53899],[-67.05097,-17.58769],[-67.04143,-17.60225],[-67.03579,-17.60687],[-67.014,-17.61815],[-67.01036,-17.62938],[-67.00685,-17.63193],[-66.97468,-17.62091],[-66.93649,-17.61094],[-66.89989,-17.5905],[-66.89161,-17.58553],[-66.88495,-17.57495],[-66.88562,-17.56865],[-66.88305,-17.56745],[-66.87992,-17.56083],[-66.87579,-17.55966],[-66.87349,-17.55702],[-66.87771,-17.54155],[-66.86995,-17.53936],[-66.86131,-17.53995],[-66.84774,-17.53395],[-66.84034,-17.53357],[-66.8346,-17.52693],[-66.82908,-17.52776],[-66.82493,-17.52563],[-66.81746,-17.51658],[-66.81568,-17.51155],[-66.81739,-17.50705],[-66.81626,-17.50355],[-66.82195,-17.49902],[-66.82275,-17.49295],[-66.8274,-17.48916],[-66.83137,-17.47984],[-66.83473,-17.47673],[-66.83463,-17.47212],[-66.8368,-17.46843],[-66.83725,-17.46342],[-66.83568,-17.45109],[-66.84039,-17.44724],[-66.84387,-17.44151],[-66.8629,-17.43607],[-66.86853,-17.42739],[-66.87201,-17.42589],[-66.87532,-17.4219],[-66.8769,-17.41682],[-66.87392,-17.41017],[-66.86694,-17.40257],[-66.86489,-17.38874],[-66.85333,-17.38457],[-66.84742,-17.38604],[-66.84636,-17.3843],[-66.84982,-17.38193],[-66.85147,-17.37801],[-66.8458,-17.36498],[-66.84675,-17.36057],[-66.8454,-17.35404],[-66.84974,-17.34862],[-66.85781,-17.34775],[-66.85946,-17.34116],[-66.85586,-17.33775],[-66.84916,-17.33806],[-66.84721,-17.33653],[-66.84258,-17.31747],[-66.84411,-17.3157],[-66.84748,-17.31543],[-66.85745,-17.31074],[-66.86694,-17.3039],[-66.87318,-17.30211],[-66.88295,-17.29162],[-66.88751,-17.29004],[-66.88941,-17.2777],[-66.88804,-17.27567],[-66.88891,-17.27276],[-66.88657,-17.27088],[-66.88865,-17.26607],[-66.87874,-17.24844],[-66.87714,-17.23425],[-66.88235,-17.22556],[-66.88221,-17.22032],[-66.88853,-17.21372],[-66.89005,-17.20605],[-66.88856,-17.2004],[-66.88877,-17.19615],[-66.89055,-17.19456],[-66.8898,-17.18979],[-66.88526,-17.18523],[-66.88625,-17.17809],[-66.88516,-17.16594],[-66.88312,-17.16131],[-66.88392,-17.15655],[-66.8892,-17.14781],[-66.89044,-17.13983],[-66.89708,-17.13359],[-66.90469,-17.12295],[-66.91538,-17.11353],[-66.92563,-17.11093],[-66.93064,-17.10705],[-66.94031,-17.09432],[-66.94436,-17.08446],[-66.9524,-17.07741],[-66.95652,-17.07177],[-66.9573,-17.06561],[-66.96947,-17.0572],[-66.97359,-17.05146],[-66.98071,-17.04683],[-66.98494,-17.03879],[-66.98403,-17.03443],[-66.98669,-17.02556],[-66.99067,-17.01961],[-66.99061,-17.01441],[-67.00184,-16.98927],[-67.00216,-16.9767],[-66.99996,-16.96842],[-67.00098,-16.9616],[-67.00443,-16.95934],[-67.00574,-16.95488],[-67.00306,-16.94768],[-66.99216,-16.94164],[-66.99174,-16.93326],[-66.97786,-16.92853],[-66.97053,-16.92433],[-66.97023,-16.921],[-66.97623,-16.90636],[-66.97363,-16.89207],[-66.97197,-16.88997],[-66.96524,-16.88733],[-66.956,-16.87763],[-66.95248,-16.87614],[-66.94661,-16.86854],[-66.94163,-16.85608],[-66.93917,-16.85343],[-66.93546,-16.85236],[-66.92396,-16.83577],[-66.91547,-16.83618],[-66.91074,-16.83294],[-66.90731,-16.83642],[-66.90433,-16.83682],[-66.90148,-16.83392],[-66.89467,-16.83363],[-66.89108,-16.83507],[-66.88751,-16.83399],[-66.88498,-16.83755],[-66.88187,-16.83598],[-66.87029,-16.83517],[-66.86639,-16.83309],[-66.85765,-16.8358],[-66.85442,-16.83439],[-66.8415,-16.84029],[-66.8393,-16.8389],[-66.83742,-16.84081],[-66.83304,-16.83965],[-66.83046,-16.83735],[-66.82719,-16.83697],[-66.82611,-16.83474],[-66.82223,-16.83385],[-66.82122,-16.83129],[-66.81485,-16.82932],[-66.80667,-16.82097],[-66.80028,-16.81796],[-66.79691,-16.81171],[-66.79255,-16.81036],[-66.78925,-16.80674],[-66.78484,-16.80647],[-66.78405,-16.80314],[-66.78056,-16.79987],[-66.7849,-16.79573],[-66.78407,-16.7931],[-66.7759,-16.78414],[-66.7691,-16.78585],[-66.76231,-16.78209],[-66.75964,-16.7755],[-66.75932,-16.77043],[-66.75156,-16.76874],[-66.74118,-16.75519],[-66.74117,-16.74998],[-66.7456,-16.74058],[-66.74466,-16.7382],[-66.74089,-16.73633],[-66.74445,-16.73089],[-66.74361,-16.72032],[-66.75322,-16.70648],[-66.75772,-16.7032],[-66.758,-16.69911],[-66.75662,-16.69713],[-66.75872,-16.69383],[-66.75589,-16.68996],[-66.75607,-16.68616],[-66.75429,-16.6843],[-66.75416,-16.67625],[-66.747,-16.66692],[-66.74687,-16.66211],[-66.74098,-16.65668],[-66.74268,-16.64883],[-66.742,-16.64382],[-66.74467,-16.63998],[-66.74538,-16.63281],[-66.74658,-16.63211],[-66.74226,-16.62814],[-66.74141,-16.62457],[-66.73692,-16.6228],[-66.73726,-16.617],[-66.73399,-16.61288],[-66.73783,-16.6074],[-66.73671,-16.60481],[-66.73817,-16.60012],[-66.73383,-16.59637],[-66.73377,-16.59254],[-66.73211,-16.5901],[-66.73812,-16.57843],[-66.74256,-16.57762],[-66.74211,-16.57128],[-66.74839,-16.56402],[-66.75966,-16.54438],[-66.76495,-16.543],[-66.76489,-16.53561],[-66.76896,-16.53386],[-66.77648,-16.52183],[-66.77677,-16.51742],[-66.76884,-16.51214],[-66.76907,-16.50492],[-66.77313,-16.50002],[-66.7816,-16.49414],[-66.78876,-16.48452],[-66.78817,-16.47354],[-66.78454,-16.47213],[-66.78253,-16.46789],[-66.78246,-16.46175],[-66.78599,-16.4565],[-66.78511,-16.45051],[-66.7882,-16.44337],[-66.78741,-16.436],[-66.78531,-16.4323],[-66.78599,-16.42832],[-66.783,-16.41981],[-66.78568,-16.41424],[-66.79132,-16.41208],[-66.78922,-16.40876],[-66.79465,-16.39831],[-66.79418,-16.39056],[-66.79676,-16.37622],[-66.79557,-16.36561],[-66.79887,-16.35353],[-66.79494,-16.34433],[-66.79763,-16.33032],[-66.79907,-16.32861],[-66.79868,-16.32086],[-66.8029,-16.31186],[-66.80223,-16.30848],[-66.80402,-16.30347],[-66.8038,-16.30186],[-66.80104,-16.3016],[-66.80026,-16.29998],[-66.80039,-16.29561],[-66.80705,-16.28771],[-66.80902,-16.28308],[-66.8163,-16.28117],[-66.81978,-16.27492],[-66.81952,-16.26947],[-66.82768,-16.26864],[-66.8341,-16.26065],[-66.843,-16.25802],[-66.84987,-16.25157],[-66.85351,-16.24455],[-66.85138,-16.24399],[-66.85046,-16.24076],[-66.85034,-16.2372],[-66.85268,-16.23377],[-66.84665,-16.22765],[-66.84978,-16.22354],[-66.84952,-16.21802],[-66.8516,-16.21669],[-66.84784,-16.21252],[-66.84834,-16.21091],[-66.84574,-16.2092],[-66.84431,-16.195],[-66.8479,-16.19277],[-66.85076,-16.18228],[-66.85895,-16.17287],[-66.86292,-16.16462],[-66.87056,-16.16056],[-66.86802,-16.15155],[-66.87447,-16.14747],[-66.87623,-16.13867],[-66.8826,-16.13444],[-66.88437,-16.13124],[-66.88457,-16.12657],[-66.88923,-16.12418],[-66.8882,-16.11989],[-66.88966,-16.11691],[-66.89445,-16.11213],[-66.89825,-16.11201],[-66.90299,-16.1035],[-66.9101,-16.10472],[-66.91333,-16.09649],[-66.91858,-16.09514],[-66.92048,-16.09144],[-66.92003,-16.08511],[-66.918,-16.08233],[-66.91774,-16.06949],[-66.91349,-16.06784],[-66.91029,-16.0642],[-66.91305,-16.0607],[-66.90949,-16.05319],[-66.91096,-16.04895],[-66.90908,-16.04732],[-66.90917,-16.04575],[-66.91316,-16.04245],[-66.91162,-16.03292],[-66.91297,-16.0259],[-66.91558,-16.02159],[-66.91351,-16.01557],[-66.91654,-16.01107],[-66.91703,-16.00432],[-66.9217,-16.00135],[-66.92084,-15.99825],[-66.90992,-15.99128],[-66.91246,-15.98781],[-66.91166,-15.98566],[-66.91375,-15.97974],[-66.91037,-15.97291],[-66.90576,-15.9683],[-66.90515,-15.9629],[-66.90207,-15.96073],[-66.90032,-15.96114],[-66.8987,-15.95561],[-66.89478,-15.95211],[-66.88878,-15.95042],[-66.88397,-15.94168],[-66.87853,-15.94365],[-66.87533,-15.93804],[-66.86881,-15.93543],[-66.87828,-15.92575],[-66.87869,-15.92236],[-66.87468,-15.91901],[-66.87922,-15.91428],[-66.88099,-15.90872],[-66.89016,-15.8975],[-66.8885,-15.89396],[-66.88305,-15.88994],[-66.88179,-15.88447],[-66.88294,-15.8785],[-66.88709,-15.87338],[-66.89483,-15.87181],[-66.9014,-15.86798],[-66.90346,-15.86176],[-66.89987,-15.85556],[-66.90164,-15.85217],[-66.90107,-15.84943],[-66.90735,-15.84832],[-66.90745,-15.84425],[-66.90035,-15.83515],[-66.89904,-15.82823],[-66.89644,-15.82618],[-66.89717,-15.8233],[-66.89544,-15.82056],[-66.89278,-15.82032],[-66.89082,-15.81587],[-66.88352,-15.80875],[-66.88192,-15.8089],[-66.87373,-15.7964],[-66.86412,-15.79155],[-66.86048,-15.78309],[-66.84851,-15.7884],[-66.8368,-15.79666],[-66.83369,-15.79508],[-66.83037,-15.79051],[-66.82617,-15.78864],[-66.81226,-15.78605],[-66.8128,-15.78216],[-66.80931,-15.77992],[-66.80695,-15.78039],[-66.80405,-15.78388],[-66.8027,-15.78261],[-66.8003,-15.7848],[-66.79542,-15.7851],[-66.87349,-15.69398],[-66.88968,-15.66254],[-66.90691,-15.64022],[-66.90437,-15.62708],[-66.90667,-15.62121],[-66.90402,-15.61901],[-66.90287,-15.61977],[-66.89921,-15.61518],[-66.89961,-15.60406],[-66.90144,-15.60283],[-66.90266,-15.60364],[-66.90416,-15.59968],[-66.90672,-15.59838],[-66.90712,-15.59363],[-66.91107,-15.59192],[-66.91238,-15.58737],[-66.91121,-15.58583],[-66.91471,-15.58465],[-66.91736,-15.57999],[-66.91968,-15.57898],[-66.91883,-15.57682],[-66.92308,-15.57524],[-66.92172,-15.5723],[-66.92349,-15.56881],[-66.92887,-15.56722],[-66.93086,-15.56839],[-66.93245,-15.56567],[-66.9346,-15.5656],[-66.93451,-15.56094],[-66.93659,-15.55906],[-66.93327,-15.55393],[-66.9311,-15.55372],[-66.93176,-15.55153],[-66.93376,-15.54922],[-66.93695,-15.54858],[-66.93643,-15.54625],[-66.94105,-15.54119],[-66.9407,-15.53934],[-66.94313,-15.5353],[-66.94618,-15.53429],[-66.94735,-15.5313],[-66.94858,-15.53292],[-66.9496,-15.5324],[-66.94967,-15.52577],[-66.9545,-15.52376],[-66.95654,-15.52531],[-66.95588,-15.52218],[-66.95908,-15.51954],[-66.95904,-15.5158],[-66.96277,-15.51106],[-66.96231,-15.50677],[-66.96566,-15.50835],[-66.96696,-15.50575],[-66.9693,-15.50504],[-66.97463,-15.49946],[-66.97814,-15.50192],[-66.97852,-15.49762],[-66.98536,-15.49727],[-66.98642,-15.49502],[-66.98394,-15.49308],[-66.98836,-15.48959],[-66.99209,-15.49029],[-66.99331,-15.48628],[-67.00099,-15.48705],[-67.00278,-15.48512],[-67.00307,-15.48119],[-67.00149,-15.47924],[-67.00249,-15.47664],[-67.00779,-15.47656],[-67.0135,-15.47192],[-67.01589,-15.47278],[-67.02178,-15.4661],[-67.02538,-15.46759],[-67.02595,-15.46387],[-67.02862,-15.46437],[-67.0276,-15.46164],[-67.03058,-15.46259],[-67.03226,-15.459],[-67.03716,-15.45871],[-67.03577,-15.45725],[-67.0366,-15.45539],[-67.0437,-15.45438],[-67.04342,-15.45301],[-67.03993,-15.45248],[-67.04005,-15.44992],[-67.04346,-15.45003],[-67.04669,-15.44639],[-67.04734,-15.44906],[-67.05047,-15.45062],[-67.05176,-15.44504],[-67.05537,-15.4464],[-67.06191,-15.44405],[-67.06379,-15.4417],[-67.05918,-15.44203],[-67.05895,-15.44095],[-67.06589,-15.4398],[-67.06543,-15.4374],[-67.0701,-15.43321],[-67.06707,-15.43104],[-67.07019,-15.42802],[-67.07269,-15.42699],[-67.08099,-15.42748],[-67.08056,-15.42389],[-67.08438,-15.42257],[-67.08661,-15.41871],[-67.08625,-15.4145],[-67.08453,-15.41358],[-67.08704,-15.41144],[-67.08876,-15.41226],[-67.09306,-15.41075],[-67.09065,-15.40723],[-67.09574,-15.40709],[-67.09663,-15.41094],[-67.10041,-15.41119],[-67.09967,-15.40698],[-67.10097,-15.40482],[-67.10453,-15.40563],[-67.10646,-15.39937],[-67.11082,-15.40039],[-67.11272,-15.39859],[-67.11287,-15.39566],[-67.10984,-15.39462],[-67.11042,-15.39236],[-67.11833,-15.3933],[-67.11545,-15.3902],[-67.11651,-15.38708],[-67.10583,-15.37179],[-67.10556,-15.36682],[-67.10296,-15.36256],[-67.0995,-15.36023],[-67.0945,-15.36088],[-67.0937,-15.35582],[-67.08856,-15.35294],[-67.08832,-15.34545],[-67.08327,-15.33737],[-67.08414,-15.32735],[-67.08615,-15.32227],[-67.08068,-15.32118],[-67.08139,-15.31455],[-67.08229,-15.31225],[-67.08448,-15.31156],[-67.08606,-15.3053],[-67.09004,-15.30092],[-67.10213,-15.30052],[-67.10604,-15.29604],[-67.1044,-15.29006],[-67.10899,-15.28984],[-67.1143,-15.27937],[-67.11838,-15.27706],[-67.1256,-15.2772],[-67.12688,-15.27378],[-67.13568,-15.27467],[-67.13422,-15.27101],[-67.12984,-15.27202],[-67.1293,-15.26959],[-67.1322,-15.26294],[-67.13739,-15.26481],[-67.13753,-15.25959],[-67.13387,-15.25893],[-67.13246,-15.26032],[-67.13027,-15.25814],[-67.13536,-15.25348],[-67.13649,-15.25015],[-67.13081,-15.24995],[-67.12777,-15.25177],[-67.12678,-15.25065],[-67.13393,-15.23284],[-67.13536,-15.23275],[-67.13709,-15.2353],[-67.13908,-15.23434],[-67.13798,-15.23071],[-67.13531,-15.23066],[-67.13682,-15.22731],[-67.13688,-15.22131],[-67.13838,-15.21863],[-67.14358,-15.21799],[-67.14192,-15.2154],[-67.1449,-15.21229],[-67.14458,-15.2085],[-67.1474,-15.20739],[-67.14736,-15.20395],[-67.1494,-15.2024],[-67.15137,-15.19682],[-67.15244,-15.1966],[-67.15355,-15.20057],[-67.15488,-15.20059],[-67.15625,-15.19884],[-67.15525,-15.19653],[-67.15688,-15.19079],[-67.16097,-15.19176],[-67.1603,-15.18922],[-67.15787,-15.18864],[-67.15735,-15.18373],[-67.1593,-15.18354],[-67.16214,-15.18607],[-67.16708,-15.18444],[-67.16754,-15.1767],[-67.16914,-15.17377],[-67.1678,-15.17073],[-67.17257,-15.17056],[-67.17078,-15.16446],[-67.17361,-15.16199],[-67.17573,-15.16341],[-67.17735,-15.16253],[-67.18007,-15.15631],[-67.18151,-15.15763],[-67.18641,-15.15794],[-67.18624,-15.1512],[-67.19,-15.14799],[-67.19251,-15.15223],[-67.19655,-15.15465],[-67.19769,-15.15053],[-67.19436,-15.14892],[-67.19425,-15.14511],[-67.19602,-15.14303],[-67.19426,-15.1395],[-67.19099,-15.14035],[-67.19092,-15.1383],[-67.19692,-15.13411],[-67.19667,-15.13211],[-67.19924,-15.1299],[-67.20556,-15.13009],[-67.20371,-15.12748],[-67.20538,-15.12217],[-67.21315,-15.11261],[-67.21606,-15.11197],[-67.2181,-15.11752],[-67.21941,-15.11574],[-67.21877,-15.11319],[-67.22382,-15.10842],[-67.22565,-15.10958],[-67.22428,-15.11628],[-67.22552,-15.11735],[-67.22913,-15.11689],[-67.23169,-15.11244],[-67.23847,-15.11463],[-67.23712,-15.10831],[-67.23457,-15.10995],[-67.23318,-15.10849],[-67.23787,-15.10473],[-67.23954,-15.101],[-67.24315,-15.09938],[-67.24502,-15.0918],[-67.24179,-15.08858],[-67.23939,-15.09233],[-67.23802,-15.09215],[-67.23892,-15.08929],[-67.23774,-15.08582],[-67.23468,-15.08681],[-67.23316,-15.08526],[-67.23903,-15.07927],[-67.23592,-15.07826],[-67.23556,-15.07666],[-67.23857,-15.07486],[-67.2433,-15.07627],[-67.24468,-15.0731],[-67.23877,-15.06987],[-67.23792,-15.06258],[-67.24083,-15.0601],[-67.23791,-15.05856],[-67.24123,-15.05726],[-67.24301,-15.05231],[-67.24431,-15.05529],[-67.24623,-15.05402],[-67.24751,-15.04858],[-67.24943,-15.04699],[-67.25069,-15.04702],[-67.25179,-15.05678],[-67.25309,-15.05766],[-67.25651,-15.05663],[-67.25513,-15.05428],[-67.25677,-15.05246],[-67.25901,-15.05399],[-67.26155,-15.05346],[-67.26039,-15.0513],[-67.26396,-15.04663],[-67.26681,-15.04685],[-67.27506,-15.04137],[-67.28001,-15.04272],[-67.28099,-15.04079],[-67.27932,-15.02889],[-67.28296,-15.02892],[-67.28497,-15.03044],[-67.28567,-15.03692],[-67.28721,-15.0382],[-67.29123,-15.03722],[-67.29171,-15.03434],[-67.28831,-15.02994],[-67.29026,-15.02711],[-67.29788,-15.02854],[-67.30116,-15.03227],[-67.30286,-15.03833],[-67.30016,-15.0418],[-67.30084,-15.04345],[-67.3038,-15.04408],[-67.30878,-15.03957],[-67.31533,-15.03704],[-67.31808,-15.03905],[-67.31899,-15.0462],[-67.32163,-15.04551],[-67.32941,-15.03766],[-67.33496,-15.04481],[-67.33661,-15.03905],[-67.34319,-15.03673],[-67.34246,-15.02959],[-67.3475,-15.03345],[-67.34936,-15.03814],[-67.35208,-15.03685],[-67.35182,-15.03375],[-67.35454,-15.02871],[-67.35447,-15.02279],[-67.35595,-15.02095],[-67.35898,-15.0227],[-67.36039,-15.03151],[-67.36234,-15.03314],[-67.36759,-15.02822],[-67.37157,-15.02843],[-67.37345,-15.02714],[-67.37668,-15.02183],[-67.37816,-15.01483],[-67.38058,-15.0155],[-67.38154,-15.01964],[-67.38606,-15.01983],[-67.38636,-15.01277],[-67.39611,-15.00933],[-67.40079,-14.99886],[-67.40014,-14.99357],[-67.39417,-14.99216],[-67.3938,-14.98835],[-67.39973,-14.98814],[-67.40329,-14.99404],[-67.40566,-14.99476],[-67.40905,-14.9924],[-67.41362,-14.99288],[-67.4164,-14.9892],[-67.41579,-14.98611],[-67.41098,-14.98117],[-67.41002,-14.97532],[-67.40661,-14.9718],[-67.40793,-14.96901],[-67.41042,-14.96825],[-67.41647,-14.97109],[-67.41921,-14.97079],[-67.42069,-14.96418],[-67.41669,-14.96054],[-67.41816,-14.95544],[-67.41328,-14.95234],[-67.41266,-14.95049],[-67.42294,-14.94466],[-67.42049,-14.9401],[-67.42243,-14.93381],[-67.41756,-14.93104],[-67.41799,-14.92807],[-67.42154,-14.92652],[-67.42263,-14.92216],[-67.42426,-14.92261],[-67.42498,-14.92684],[-67.42771,-14.92588],[-67.42865,-14.92371],[-67.42437,-14.91186],[-67.42113,-14.90983],[-67.41706,-14.90953],[-67.41554,-14.90741],[-67.41741,-14.9046],[-67.4225,-14.90519],[-67.42419,-14.89837],[-67.42627,-14.89729],[-67.43002,-14.89816],[-67.4315,-14.89402],[-67.42893,-14.88298],[-67.42249,-14.88089],[-67.42012,-14.87648],[-67.41511,-14.8727],[-67.41277,-14.8671],[-67.40808,-14.86567],[-67.40195,-14.86721],[-67.40033,-14.86572],[-67.40059,-14.86365],[-67.40273,-14.86211],[-67.40996,-14.86106],[-67.4059,-14.85722],[-67.40346,-14.85053],[-67.40514,-14.84698],[-67.41053,-14.84501],[-67.41095,-14.8434],[-67.40934,-14.84079],[-67.40522,-14.84441],[-67.40272,-14.84257],[-67.40313,-14.83994],[-67.40986,-14.83664],[-67.40891,-14.83407],[-67.40038,-14.83655],[-67.39835,-14.83325],[-67.39987,-14.83088],[-67.40749,-14.83039],[-67.40822,-14.82779],[-67.40193,-14.8259],[-67.39577,-14.82623],[-67.39305,-14.82017],[-67.38718,-14.82016],[-67.38656,-14.81791],[-67.38875,-14.81628],[-67.39901,-14.81725],[-67.39953,-14.81334],[-67.39675,-14.80409],[-67.39419,-14.80136],[-67.39299,-14.79406],[-67.39659,-14.79277],[-67.40017,-14.79537],[-67.40413,-14.79491],[-67.40651,-14.78046],[-67.4094,-14.77944],[-67.41341,-14.78189],[-67.41636,-14.77725],[-67.41574,-14.77437],[-67.41158,-14.77112],[-67.41435,-14.76235],[-67.41681,-14.76207],[-67.41924,-14.76603],[-67.42424,-14.7623],[-67.42435,-14.75979],[-67.42017,-14.75187],[-67.41575,-14.7472],[-67.41638,-14.74479],[-67.4197,-14.74397],[-67.42293,-14.74848],[-67.42765,-14.74781],[-67.42868,-14.74528],[-67.42488,-14.7396],[-67.42619,-14.73644],[-67.42945,-14.73548],[-67.4339,-14.73718],[-67.43702,-14.73599],[-67.43888,-14.73278],[-67.442,-14.73139],[-67.442,-14.72625],[-67.46055,-14.71385],[-67.46986,-14.70019],[-67.47629,-14.69943],[-67.47946,-14.69764],[-67.47935,-14.69493],[-67.47504,-14.6883],[-67.47573,-14.68659],[-67.4861,-14.68877],[-67.49721,-14.68631],[-67.49786,-14.68361],[-67.49105,-14.68054],[-67.4896,-14.67858],[-67.49389,-14.67484],[-67.50318,-14.67104],[-67.51309,-14.6593],[-67.51406,-14.65498],[-67.50934,-14.64817],[-67.51039,-14.64485],[-67.51461,-14.64328],[-67.51809,-14.64471],[-67.52366,-14.65435],[-67.52747,-14.65369],[-67.52879,-14.65167],[-67.52841,-14.6451],[-67.52489,-14.64354],[-67.52067,-14.64389],[-67.51981,-14.64203],[-67.52158,-14.63925],[-67.5294,-14.63717],[-67.52942,-14.6326],[-67.52565,-14.6274],[-67.52605,-14.61504],[-67.52896,-14.60962],[-67.53675,-14.60221],[-67.53843,-14.59623],[-67.53763,-14.59309],[-67.52756,-14.5897],[-67.52331,-14.58634],[-67.52053,-14.58243],[-67.52191,-14.57353],[-67.52012,-14.57086],[-67.50406,-14.56439],[-67.4994,-14.56093],[-67.50006,-14.55113],[-67.49858,-14.54834],[-67.4991,-14.53986],[-67.49672,-14.5223],[-67.4943,-14.51573],[-67.49198,-14.51289],[-67.48587,-14.51068],[-67.48325,-14.5082],[-67.48157,-14.50355],[-67.48233,-14.49869],[-67.48512,-14.49419],[-67.49119,-14.49273],[-67.50079,-14.49538],[-67.50917,-14.49302],[-67.51684,-14.4732],[-67.5224,-14.46885],[-67.52762,-14.46714],[-67.53104,-14.45869],[-67.53093,-14.45507],[-67.53395,-14.45008],[-67.53124,-14.43062],[-67.53288,-14.41709],[-67.54966,-14.41469],[-67.55716,-14.4107],[-67.55966,-14.40555],[-67.55799,-14.39934],[-67.54264,-14.39045],[-67.5417,-14.38606],[-67.54356,-14.38113],[-67.55746,-14.37287],[-67.55813,-14.36952],[-67.55465,-14.36684],[-67.54199,-14.36399],[-67.53797,-14.36021],[-67.53625,-14.35368],[-67.53788,-14.34521],[-67.54201,-14.34073],[-67.5458,-14.34053],[-67.549,-14.34178],[-67.55249,-14.34572],[-67.55952,-14.34697],[-67.56217,-14.34385],[-67.56059,-14.33795],[-67.54138,-14.32548],[-67.53667,-14.32069],[-67.52561,-14.30263],[-67.51701,-14.29407],[-67.51034,-14.29074],[-67.5052,-14.29072],[-67.48688,-14.29834],[-67.4826,-14.29854],[-67.47519,-14.29511],[-67.47261,-14.28823],[-67.47514,-14.27996],[-67.48442,-14.27322],[-67.48998,-14.26989],[-67.51258,-14.26195],[-67.51859,-14.25623],[-67.52032,-14.25083],[-67.51046,-14.23515],[-67.5088,-14.23113],[-67.50909,-14.2273],[-67.5126,-14.2196],[-67.53067,-14.19948],[-67.53431,-14.19214],[-67.53606,-14.17576],[-67.53464,-14.16591],[-67.51852,-14.13682],[-67.5069,-14.12423],[-67.50488,-14.11875],[-67.50483,-14.11239],[-67.50839,-14.10688],[-67.51521,-14.10324],[-67.52359,-14.10409],[-67.53969,-14.11008],[-67.5466,-14.10347],[-67.55043,-14.0966],[-67.55058,-14.09352],[-67.54807,-14.08891],[-67.54215,-14.08659],[-67.52616,-14.0899],[-67.5197,-14.0893],[-67.51666,-14.08757],[-67.51326,-14.08255],[-67.49424,-14.06792],[-67.49402,-14.0648],[-67.49836,-14.06009],[-67.50792,-14.05663],[-67.52557,-14.04586],[-67.54588,-14.03758],[-67.54835,-14.03157],[-67.54766,-14.02741],[-67.54483,-14.02344],[-67.53246,-14.02248],[-67.52905,-14.02045],[-67.527,-14.01721],[-67.52741,-14.00736],[-67.53949,-13.98257],[-67.53877,-13.97721],[-67.53239,-13.96626],[-67.53256,-13.95988],[-67.52741,-13.95334],[-67.49526,-13.92927],[-67.48615,-13.91981],[-67.48468,-13.91507],[-67.48614,-13.91117],[-67.49021,-13.90885],[-67.49433,-13.90863],[-67.51123,-13.91413],[-67.513,-13.91097],[-67.51184,-13.90622],[-67.50432,-13.89622],[-67.49767,-13.89172],[-67.47966,-13.884],[-67.47822,-13.88074],[-67.47791,-13.87255],[-67.47394,-13.86442],[-67.46053,-13.84957],[-67.45955,-13.84601],[-67.46144,-13.8415],[-67.46461,-13.83951],[-67.46706,-13.84006],[-67.4815,-13.85277],[-67.4864,-13.85357],[-67.49014,-13.84992],[-67.49168,-13.84244],[-67.49618,-13.83848],[-67.50146,-13.8354],[-67.51591,-13.83271],[-67.51561,-13.82868],[-67.51283,-13.82338],[-67.50689,-13.81633],[-67.48404,-13.80226],[-67.48176,-13.79455],[-67.48458,-13.79047],[-67.48945,-13.78993],[-67.50448,-13.79398],[-67.51517,-13.79438],[-67.52125,-13.79308],[-67.52545,-13.78942],[-67.52517,-13.78316],[-67.52208,-13.77931],[-67.50901,-13.77225],[-67.49021,-13.76901],[-67.48391,-13.76644],[-67.47816,-13.76133],[-67.47351,-13.74948],[-67.46382,-13.74534],[-67.45647,-13.74393],[-67.45042,-13.73842],[-67.45116,-13.73469],[-67.46099,-13.72633],[-67.46229,-13.71822],[-67.45878,-13.71268],[-67.45201,-13.71505],[-67.4502,-13.71979],[-67.45016,-13.72713],[-67.4487,-13.72929],[-67.43494,-13.73546],[-67.43073,-13.73633],[-67.42661,-13.7345],[-67.4313,-13.72045],[-67.4315,-13.71022],[-67.4285,-13.70671],[-67.42036,-13.70744],[-67.41712,-13.70426],[-67.41899,-13.69946],[-67.42789,-13.69247],[-67.43557,-13.68332],[-67.43908,-13.66691],[-67.43871,-13.6636],[-67.43482,-13.65762],[-67.4189,-13.65336],[-67.41343,-13.64791],[-67.39344,-13.64071],[-67.38432,-13.63975],[-67.36765,-13.64144],[-67.36354,-13.63823],[-67.36494,-13.6348],[-67.36949,-13.63189],[-67.37857,-13.61763],[-67.38683,-13.61068],[-67.38819,-13.60353],[-67.38473,-13.60128],[-67.38112,-13.60174],[-67.37638,-13.60477],[-67.37411,-13.60933],[-67.36735,-13.61079],[-67.36329,-13.60896],[-67.36152,-13.60022],[-67.36457,-13.58764],[-67.36217,-13.58335],[-67.35389,-13.5762],[-67.35341,-13.56964],[-67.3579,-13.56533],[-67.37262,-13.57006],[-67.37782,-13.56805],[-67.3798,-13.56614],[-67.37813,-13.54909],[-67.38188,-13.53858],[-67.38597,-13.53452],[-67.40059,-13.53503],[-67.40443,-13.52946],[-67.40334,-13.52633],[-67.3965,-13.51858],[-67.39002,-13.5168],[-67.38043,-13.51938],[-67.37541,-13.51586],[-67.37391,-13.50927],[-67.37549,-13.49947],[-67.36923,-13.49353],[-67.35876,-13.49064],[-67.35143,-13.4822],[-67.34777,-13.47147],[-67.35121,-13.4674],[-67.3556,-13.46737],[-67.36011,-13.4692],[-67.36694,-13.47653],[-67.37079,-13.48389],[-67.37707,-13.48604],[-67.38252,-13.48427],[-67.38748,-13.47811],[-67.3915,-13.46616],[-67.39147,-13.46068],[-67.38888,-13.45615],[-67.38213,-13.45509],[-67.36477,-13.4571],[-67.35888,-13.45544],[-67.35674,-13.45284],[-67.35521,-13.44621],[-67.35529,-13.44482],[-67.35923,-13.44298],[-67.3762,-13.44346],[-67.39136,-13.44056],[-67.39589,-13.4377],[-67.39786,-13.43016],[-67.39622,-13.42658],[-67.3799,-13.42213],[-67.37721,-13.42004],[-67.37712,-13.41673],[-67.37917,-13.41374],[-67.3889,-13.40863],[-67.39098,-13.4013],[-67.39022,-13.39674],[-67.38631,-13.39144],[-67.3779,-13.3859],[-67.33377,-13.36985],[-67.32873,-13.36578],[-67.32661,-13.36277],[-67.32687,-13.35853],[-67.33027,-13.35565],[-67.34143,-13.35376],[-67.35608,-13.35386],[-67.35801,-13.35108],[-67.35702,-13.34786],[-67.34851,-13.34046],[-67.32607,-13.32686],[-67.31607,-13.31393],[-67.30014,-13.30513],[-67.29624,-13.29869],[-67.29626,-13.29579],[-67.30296,-13.2887],[-67.30298,-13.28487],[-67.30077,-13.27844],[-67.29406,-13.2725],[-67.28813,-13.27286],[-67.2877,-13.30131],[-67.2861,-13.3041],[-67.28294,-13.30532],[-67.27823,-13.30311],[-67.26636,-13.29279],[-67.26393,-13.28677],[-67.26279,-13.27202],[-67.2643,-13.26583],[-67.26703,-13.26171],[-67.28675,-13.25998],[-67.29331,-13.25568],[-67.29536,-13.25321],[-67.29537,-13.25052],[-67.29404,-13.24772],[-67.28474,-13.24196],[-67.27573,-13.24169],[-67.2721,-13.24529],[-67.26889,-13.25365],[-67.26537,-13.25725],[-67.25803,-13.25958],[-67.25117,-13.25829],[-67.24953,-13.25186],[-67.2582,-13.23479],[-67.26466,-13.22883],[-67.26776,-13.22058],[-67.26847,-13.21624],[-67.26675,-13.20963],[-67.25393,-13.20695],[-67.24578,-13.19727],[-67.23793,-13.1938],[-67.21221,-13.19983],[-67.204,-13.19853],[-67.19795,-13.19528],[-67.19844,-13.18881],[-67.2015,-13.18635],[-67.21729,-13.18242],[-67.22565,-13.17834],[-67.22815,-13.17495],[-67.22807,-13.17112],[-67.22067,-13.1662],[-67.19419,-13.16219],[-67.16623,-13.16737],[-67.16027,-13.1664],[-67.15928,-13.16297],[-67.16104,-13.1543],[-67.16936,-13.13476],[-67.18437,-13.12939],[-67.18708,-13.12775],[-67.18743,-13.12579],[-67.18622,-13.12247],[-67.18342,-13.1209],[-67.17039,-13.12558],[-67.16591,-13.12379],[-67.16307,-13.11146],[-67.15908,-13.10294],[-67.13889,-13.09825],[-67.13443,-13.09222],[-67.13502,-13.08881],[-67.14407,-13.08198],[-67.14649,-13.07476],[-67.14811,-13.05294],[-67.14051,-13.04678],[-67.11485,-13.04794],[-67.11145,-13.05092],[-67.117,-13.06079],[-67.11674,-13.06575],[-67.11075,-13.06829],[-67.10636,-13.06847],[-67.10189,-13.06492],[-67.10086,-13.05311],[-67.11086,-13.04036],[-67.11234,-13.03685],[-67.11126,-13.03115],[-67.10455,-13.02686],[-67.09601,-13.02546],[-67.09228,-13.02688],[-67.09203,-13.03091],[-67.09783,-13.03747],[-67.09802,-13.04161],[-67.09343,-13.04571],[-67.0896,-13.04558],[-67.06543,-13.02874],[-67.06115,-13.02985],[-67.05887,-13.03294],[-67.06056,-13.0466],[-67.0576,-13.05113],[-67.05309,-13.05327],[-67.04669,-13.05126],[-67.04294,-13.0415],[-67.04339,-13.01313],[-67.04608,-13.01096],[-67.06529,-13.00379],[-67.06942,-12.99971],[-67.07024,-12.99436],[-67.06804,-12.98965],[-67.0599,-12.9828],[-67.04345,-12.97789],[-67.03841,-12.97413],[-67.03944,-12.96686],[-67.04435,-12.96269],[-67.04693,-12.95669],[-67.04237,-12.94221],[-67.03659,-12.93193],[-67.0312,-12.92902],[-67.02065,-12.93076],[-67.01208,-12.92945],[-67.00025,-12.92084],[-66.99814,-12.91662],[-67.00041,-12.91272],[-67.01116,-12.90989],[-67.02402,-12.91152],[-67.0336,-12.90891],[-67.03629,-12.9009],[-67.0348,-12.89237],[-67.02753,-12.88648],[-67.01887,-12.88403],[-67.01194,-12.88522],[-67.00098,-12.88982],[-66.99515,-12.88853],[-66.99316,-12.88077],[-66.99408,-12.86289],[-66.99018,-12.85119],[-66.98654,-12.84953],[-66.97909,-12.85168],[-66.97623,-12.85106],[-66.97339,-12.84716],[-66.9729,-12.83998],[-66.9694,-12.83684],[-66.96087,-12.83618],[-66.95138,-12.84414],[-66.94919,-12.84355],[-66.94645,-12.83879],[-66.9429,-12.826],[-66.94394,-12.82342],[-66.95757,-12.82008],[-66.97385,-12.8186],[-66.98309,-12.80971],[-66.98689,-12.79181],[-66.98561,-12.78462],[-66.98343,-12.78305],[-66.98074,-12.78363],[-66.97031,-12.79276],[-66.95404,-12.80219],[-66.95003,-12.80037],[-66.9478,-12.79031],[-66.95237,-12.78162],[-66.96817,-12.77158],[-66.96892,-12.76895],[-66.96704,-12.76059],[-66.96868,-12.75379],[-66.9806,-12.74061],[-66.98309,-12.73334],[-66.98044,-12.72961],[-66.97376,-12.72764],[-66.97083,-12.7281],[-66.96164,-12.73508],[-66.95884,-12.7353],[-66.95329,-12.72808],[-66.95259,-12.72444],[-66.95384,-12.72063],[-66.96076,-12.70849],[-66.97071,-12.69697],[-66.97125,-12.69027],[-66.96932,-12.6887],[-66.95825,-12.68738],[-66.9452,-12.68979],[-66.93974,-12.68747],[-66.93939,-12.68496],[-66.94705,-12.67091],[-66.95146,-12.66796],[-66.96877,-12.66522],[-66.97317,-12.66322],[-66.97502,-12.6606],[-66.97529,-12.6569],[-66.97083,-12.65184],[-66.9628,-12.65035],[-66.95663,-12.64528],[-66.95509,-12.64084],[-66.95461,-12.62984],[-66.95113,-12.6236],[-66.94589,-12.62439],[-66.94369,-12.62605],[-66.94059,-12.6326],[-66.9368,-12.63413],[-66.93,-12.63228],[-66.92734,-12.62999],[-66.92652,-12.62556],[-66.92896,-12.61929],[-66.93952,-12.6105],[-66.94677,-12.59937],[-66.95643,-12.59686],[-66.97309,-12.59584],[-66.97691,-12.59271],[-66.97456,-12.57648],[-66.97299,-12.57159],[-66.96951,-12.56783],[-66.94687,-12.55961],[-66.94369,-12.55735],[-66.93565,-12.54317],[-66.92789,-12.53938],[-66.91903,-12.53855],[-66.91742,-12.53385],[-66.92048,-12.52842],[-66.95546,-12.50845],[-66.96067,-12.50386],[-66.96731,-12.49034]]]]}},{"type":"Feature","properties":{"shapeName":"Oruro","shapeISO":"BO-O","shapeID":"26024454B78289653685394","shapeGroup":"BOL","shapeType":"ADM1"},"geometry":{"type":"MultiPolygon","coordinates":[[[[-67.52934,-19.86014],[-67.53061,-19.86008],[-67.52952,-19.86019],[-67.53175,-19.86512],[-67.53101,-19.86666],[-67.52918,-19.8622],[-67.52534,-19.86137],[-67.52934,-19.86014]]],[[[-68.29076,-19.42351],[-68.30559,-19.42284],[-68.30274,-19.42598],[-68.30768,-19.42879],[-68.29359,-19.42728],[-68.28393,-19.42885],[-68.28372,-19.43155],[-68.27899,-19.43156],[-68.278,-19.42734],[-68.28249,-19.42704],[-68.29076,-19.42351]]],[[[-68.3115,-19.42499],[-68.31373,-19.42196],[-68.32185,-19.42508],[-68.32822,-19.4229],[-68.33922,-19.4238],[-68.33508,-19.4256],[-68.33158,-19.43047],[-68.3249,-19.43176],[-68.32303,-19.43435],[-68.32022,-19.43476],[-68.31692,-19.43248],[-68.31216,-19.43371],[-68.30946,-19.43236],[-68.31154,-19.43033],[-68.31048,-19.42839],[-68.3115,-19.42499]]],[[[-68.40804,-19.42303],[-68.40574,-19.42056],[-68.408,-19.41847],[-68.41259,-19.42186],[-68.41239,-19.43102],[-68.41605,-19.43231],[-68.40805,-19.43967],[-68.40692,-19.43074],[-68.40993,-19.42725],[-68.40804,-19.42303]]],[[[-68.40233,-19.41881],[-68.40318,-19.41532],[-68.40553,-19.41548],[-68.40587,-19.4169],[-68.40233,-19.41881]]],[[[-68.33837,-19.41101],[-68.34193,-19.40118],[-68.34312,-19.40361],[-68.34192,-19.40874],[-68.34033,-19.41085],[-68.33837,-19.41101]]],[[[-68.44912,-19.36639],[-68.45227,-19.36744],[-68.44945,-19.37015],[-68.44912,-19.36639]]],[[[-68.40561,-19.30518],[-68.41264,-19.3087],[-68.41227,-19.31293],[-68.4088,-19.31707],[-68.40645,-19.31488],[-68.40362,-19.31643],[-68.40461,-19.31917],[-68.40203,-19.32031],[-68.40205,-19.31905],[-68.40377,-19.31951],[-68.40241,-19.31586],[-68.40692,-19.31032],[-68.40622,-19.30903],[-68.40489,-19.31097],[-68.40326,-19.30872],[-68.40269,-19.31096],[-68.40217,-19.30588],[-68.40292,-19.30815],[-68.40487,-19.30846],[-68.40561,-19.30518]]],[[[-68.21479,-19.29635],[-68.21821,-19.29296],[-68.22493,-19.28976],[-68.22527,-19.29539],[-68.2306,-19.29708],[-68.22746,-19.30036],[-68.22425,-19.29714],[-68.2183,-19.3001],[-68.21735,-19.30337],[-68.22099,-19.30505],[-68.21733,-19.30688],[-68.21596,-19.31489],[-68.21274,-19.31492],[-68.20662,-19.31847],[-68.20232,-19.31676],[-68.20176,-19.31506],[-68.20531,-19.31162],[-68.21085,-19.31114],[-68.21328,-19.30905],[-68.21295,-19.29807],[-68.21479,-19.29635]]],[[[-68.22809,-19.28612],[-68.22902,-19.28478],[-68.23309,-19.28632],[-68.23478,-19.28892],[-68.22752,-19.28833],[-68.22809,-19.28612]]],[[[-68.2296,-19.26683],[-68.23043,-19.26584],[-68.23274,-19.26709],[-68.23093,-19.27163],[-68.23596,-19.27526],[-68.24034,-19.27253],[-68.24324,-19.2729],[-68.24183,-19.27861],[-68.23411,-19.27992],[-68.22287,-19.2747],[-68.22674,-19.26869],[-68.2296,-19.26683]]],[[[-68.35675,-19.27257],[-68.35852,-19.27143],[-68.35978,-19.26668],[-68.35684,-19.26283],[-68.35903,-19.25219],[-68.35724,-19.24802],[-68.36291,-19.24621],[-68.37469,-19.25304],[-68.37798,-19.25882],[-68.38407,-19.26477],[-68.38669,-19.27565],[-68.39634,-19.27949],[-68.39822,-19.28354],[-68.39953,-19.30037],[-68.4013,-19.30028],[-68.4029,-19.3031],[-68.40109,-19.30279],[-68.40047,-19.3008],[-68.39749,-19.30031],[-68.39356,-19.2955],[-68.38681,-19.29657],[-68.38655,-19.29365],[-68.38414,-19.29242],[-68.38566,-19.29152],[-68.38248,-19.29054],[-68.38185,-19.2924],[-68.37621,-19.29284],[-68.37559,-19.28932],[-68.37302,-19.28696],[-68.37006,-19.28725],[-68.36715,-19.29042],[-68.36319,-19.3077],[-68.36633,-19.31496],[-68.36754,-19.33409],[-68.36849,-19.33717],[-68.3714,-19.33794],[-68.37273,-19.34007],[-68.36877,-19.34685],[-68.36912,-19.35953],[-68.37064,-19.36366],[-68.37402,-19.36441],[-68.37457,-19.36614],[-68.37269,-19.36736],[-68.37027,-19.36643],[-68.36748,-19.36838],[-68.36623,-19.37425],[-68.3623,-19.37798],[-68.36345,-19.389],[-68.36098,-19.39307],[-68.36316,-19.40448],[-68.35825,-19.40709],[-68.35319,-19.40615],[-68.35528,-19.40306],[-68.35503,-19.39929],[-68.35036,-19.39202],[-68.34656,-19.39241],[-68.33954,-19.39687],[-68.3371,-19.4061],[-68.33165,-19.41426],[-68.33164,-19.41674],[-68.32823,-19.41766],[-68.32569,-19.41454],[-68.32526,-19.4114],[-68.32801,-19.40364],[-68.32662,-19.39638],[-68.31682,-19.39668],[-68.3117,-19.39319],[-68.30651,-19.39536],[-68.29864,-19.39599],[-68.29189,-19.40147],[-68.2854,-19.40145],[-68.27668,-19.3958],[-68.27538,-19.39027],[-68.27103,-19.38715],[-68.27039,-19.38413],[-68.26548,-19.38275],[-68.26366,-19.37868],[-68.25907,-19.37942],[-68.26093,-19.37585],[-68.25334,-19.37196],[-68.24654,-19.36471],[-68.24646,-19.36073],[-68.23923,-19.34959],[-68.24052,-19.34809],[-68.23963,-19.34316],[-68.24391,-19.33998],[-68.24314,-19.33221],[-68.24549,-19.32882],[-68.24502,-19.32236],[-68.24165,-19.31497],[-68.24577,-19.31279],[-68.25041,-19.30624],[-68.2534,-19.30829],[-68.25711,-19.30682],[-68.26517,-19.29849],[-68.25791,-19.28369],[-68.25946,-19.28032],[-68.26282,-19.27811],[-68.26756,-19.27744],[-68.27107,-19.27888],[-68.26906,-19.27313],[-68.26234,-19.27023],[-68.2641,-19.26576],[-68.26114,-19.26214],[-68.26158,-19.25874],[-68.26666,-19.25484],[-68.29821,-19.25111],[-68.3107,-19.25782],[-68.31373,-19.25686],[-68.31634,-19.25389],[-68.32012,-19.25366],[-68.32533,-19.25506],[-68.32616,-19.25711],[-68.33207,-19.26054],[-68.34102,-19.2714],[-68.35675,-19.27257]]],[[[-66.89989,-17.5905],[-66.93649,-17.61094],[-66.97468,-17.62091],[-67.00685,-17.63193],[-67.01036,-17.62938],[-67.014,-17.61815],[-67.03579,-17.60687],[-67.04143,-17.60225],[-67.05097,-17.58769],[-67.0213,-17.53899],[-67.01982,-17.52814],[-67.02612,-17.51194],[-67.03598,-17.50024],[-67.04983,-17.49573],[-67.05986,-17.47907],[-67.05898,-17.47599],[-67.06737,-17.4701],[-67.07739,-17.46998],[-67.08424,-17.46467],[-67.08771,-17.46601],[-67.12452,-17.46537],[-67.13593,-17.45427],[-67.14206,-17.45343],[-67.15095,-17.44935],[-67.15658,-17.44127],[-67.17125,-17.43273],[-67.18386,-17.42276],[-67.19028,-17.41671],[-67.19128,-17.41391],[-67.18694,-17.40737],[-67.18862,-17.38644],[-67.18748,-17.37857],[-67.19152,-17.37489],[-67.19375,-17.36954],[-67.1996,-17.36551],[-67.19823,-17.35734],[-67.19622,-17.3559],[-67.19677,-17.35158],[-67.19405,-17.34856],[-67.19823,-17.3464],[-67.20328,-17.33635],[-67.20921,-17.33481],[-67.21318,-17.3361],[-67.2155,-17.33513],[-67.21812,-17.33731],[-67.22302,-17.33222],[-67.22733,-17.33423],[-67.22852,-17.33667],[-67.23281,-17.33533],[-67.23435,-17.33258],[-67.24329,-17.32829],[-67.24825,-17.32404],[-67.25345,-17.32403],[-67.2535,-17.32824],[-67.25672,-17.33254],[-67.27753,-17.34484],[-67.28513,-17.35702],[-67.28582,-17.36834],[-67.29369,-17.37555],[-67.2943,-17.38052],[-67.29691,-17.38365],[-67.3037,-17.3819],[-67.30589,-17.38254],[-67.30979,-17.3807],[-67.31344,-17.3838],[-67.31491,-17.39224],[-67.31922,-17.395],[-67.3138,-17.41355],[-67.31983,-17.42078],[-67.3216,-17.42525],[-67.33245,-17.42729],[-67.33734,-17.43054],[-67.34009,-17.44897],[-67.34169,-17.45041],[-67.3447,-17.44888],[-67.34947,-17.45191],[-67.36664,-17.45295],[-67.37451,-17.46177],[-67.37707,-17.47704],[-67.37585,-17.49064],[-67.38213,-17.50094],[-67.3819,-17.50933],[-67.38761,-17.51658],[-67.38664,-17.52001],[-67.38032,-17.52568],[-67.37975,-17.52839],[-67.38157,-17.53123],[-67.37965,-17.53932],[-67.38132,-17.5393],[-67.39082,-17.54883],[-67.39376,-17.56055],[-67.40323,-17.57438],[-67.40624,-17.57239],[-67.41273,-17.5713],[-67.41425,-17.56767],[-67.41695,-17.56674],[-67.41898,-17.5635],[-67.42967,-17.56053],[-67.43038,-17.55761],[-67.43765,-17.55083],[-67.43914,-17.54683],[-67.4479,-17.53745],[-67.44858,-17.53339],[-67.44644,-17.52939],[-67.44735,-17.52582],[-67.46436,-17.51191],[-67.46858,-17.50575],[-67.47249,-17.5081],[-67.47542,-17.51686],[-67.48183,-17.52138],[-67.49526,-17.5211],[-67.50345,-17.51731],[-67.50536,-17.51818],[-67.51071,-17.53117],[-67.51505,-17.53572],[-67.51625,-17.54027],[-67.52167,-17.54415],[-67.52279,-17.5465],[-67.52035,-17.5509],[-67.52139,-17.55381],[-67.5318,-17.55955],[-67.5474,-17.57687],[-67.5492,-17.58255],[-67.54887,-17.58635],[-67.54696,-17.58895],[-67.52908,-17.59676],[-67.52766,-17.59848],[-67.53072,-17.61035],[-67.51509,-17.63668],[-67.50865,-17.64264],[-67.5083,-17.65034],[-67.51609,-17.67172],[-67.53125,-17.67383],[-67.55816,-17.70348],[-67.58629,-17.71191],[-67.58585,-17.7682],[-67.63246,-17.76492],[-67.64449,-17.75805],[-67.67698,-17.76389],[-67.67984,-17.77806],[-67.70161,-17.80217],[-67.70764,-17.84804],[-67.73221,-17.8596],[-67.75344,-17.8719],[-67.77205,-17.87782],[-67.79053,-17.88064],[-67.79696,-17.87671],[-67.80766,-17.87322],[-67.81125,-17.86865],[-67.81717,-17.86507],[-67.81786,-17.86266],[-67.8235,-17.86116],[-67.82297,-17.85984],[-67.82744,-17.85372],[-67.82667,-17.8517],[-67.83172,-17.84883],[-67.83369,-17.84921],[-67.84819,-17.82941],[-67.85244,-17.8289],[-67.85156,-17.82651],[-67.85257,-17.82474],[-67.861,-17.82252],[-67.8605,-17.81431],[-67.86387,-17.81478],[-67.86827,-17.81147],[-67.87479,-17.81018],[-67.88494,-17.80496],[-67.90239,-17.7911],[-67.92628,-17.78295],[-67.93942,-17.77399],[-67.95757,-17.76442],[-67.96632,-17.74806],[-67.96516,-17.73772],[-67.96898,-17.7327],[-67.98363,-17.74159],[-67.98854,-17.74118],[-67.99542,-17.73806],[-67.99948,-17.73923],[-68.00027,-17.74113],[-68.01635,-17.73285],[-68.05482,-17.71792],[-68.07399,-17.71866],[-68.08534,-17.71521],[-68.10012,-17.69913],[-68.13727,-17.67606],[-68.14352,-17.66875],[-68.19049,-17.65459],[-68.19055,-17.65813],[-68.18882,-17.65941],[-68.19011,-17.66325],[-68.1983,-17.6648],[-68.20103,-17.66843],[-68.2006,-17.6706],[-68.2049,-17.67108],[-68.20882,-17.66921],[-68.21233,-17.66339],[-68.22415,-17.65107],[-68.22751,-17.64911],[-68.2378,-17.6476],[-68.25122,-17.63879],[-68.25603,-17.63822],[-68.26589,-17.64315],[-68.27047,-17.64273],[-68.27643,-17.62865],[-68.292,-17.6132],[-68.29908,-17.603],[-68.30707,-17.59899],[-68.30968,-17.59386],[-68.31602,-17.59873],[-68.32198,-17.59684],[-68.32187,-17.59843],[-68.32435,-17.59933],[-68.33273,-17.6084],[-68.34808,-17.59346],[-68.36061,-17.59075],[-68.37588,-17.59433],[-68.38409,-17.59957],[-68.3857,-17.60262],[-68.38454,-17.61242],[-68.38584,-17.61655],[-68.3887,-17.61829],[-68.39983,-17.61957],[-68.40615,-17.62439],[-68.41063,-17.62331],[-68.41493,-17.62567],[-68.41544,-17.6292],[-68.41422,-17.63063],[-68.41752,-17.63935],[-68.43557,-17.66011],[-68.43602,-17.66757],[-68.44225,-17.66725],[-68.4491,-17.66281],[-68.45264,-17.66259],[-68.458,-17.66844],[-68.46319,-17.66829],[-68.46541,-17.67524],[-68.47251,-17.68804],[-68.4747,-17.68843],[-68.47818,-17.68458],[-68.48113,-17.68401],[-68.49749,-17.69058],[-68.49939,-17.69601],[-68.49813,-17.70036],[-68.50474,-17.70601],[-68.50969,-17.70502],[-68.51337,-17.70603],[-68.52156,-17.70151],[-68.53293,-17.70283],[-68.5395,-17.71478],[-68.53849,-17.73196],[-68.54357,-17.75951],[-68.54364,-17.77052],[-68.54121,-17.78443],[-68.54379,-17.78911],[-68.54443,-17.79549],[-68.53749,-17.80028],[-68.53647,-17.80969],[-68.54302,-17.81102],[-68.54788,-17.8148],[-68.55941,-17.81961],[-68.56829,-17.81568],[-68.57534,-17.81636],[-68.58658,-17.81991],[-68.60858,-17.83616],[-68.61507,-17.83687],[-68.62018,-17.84168],[-68.62241,-17.84871],[-68.6337,-17.85349],[-68.6394,-17.8633],[-68.64451,-17.86336],[-68.64893,-17.8675],[-68.66198,-17.86927],[-68.66903,-17.87799],[-68.67254,-17.87881],[-68.68114,-17.8777],[-68.69085,-17.88001],[-68.69581,-17.88912],[-68.71135,-17.88736],[-68.71866,-17.88841],[-68.72106,-17.89008],[-68.72778,-17.88463],[-68.74001,-17.88694],[-68.74187,-17.89137],[-68.75444,-17.89833],[-68.75833,-17.90294],[-68.75941,-17.90565],[-68.75795,-17.9082],[-68.75973,-17.9142],[-68.77801,-17.92355],[-68.77895,-17.92581],[-68.78456,-17.93],[-68.801,-17.92878],[-68.80652,-17.92708],[-68.81257,-17.93139],[-68.81849,-17.93075],[-68.82994,-17.93473],[-68.83432,-17.93729],[-68.83825,-17.94193],[-68.85035,-17.93832],[-68.87017,-17.94345],[-68.91039,-17.9496],[-68.93269,-17.96671],[-68.99198,-17.99487],[-69.00573,-17.99772],[-69.01413,-18.0071],[-69.02347,-18.00992],[-69.03422,-18.01709],[-69.04622,-18.02905],[-69.05722,-18.0343],[-69.07249,-18.03817],[-69.07949,-18.04686],[-69.07133,-18.07492],[-69.08122,-18.09143],[-69.12694,-18.12734],[-69.14234,-18.16325],[-69.1025,-18.21033],[-69.06527,-18.23991],[-69.0702,-18.25216],[-69.0749,-18.29172],[-69.07089,-18.29746],[-69.06372,-18.30227],[-69.05923,-18.3076],[-69.05222,-18.31157],[-69.04466,-18.31351],[-69.03799,-18.32266],[-69.0462,-18.33497],[-69.05036,-18.33698],[-69.05225,-18.3397],[-69.05352,-18.347],[-69.05001,-18.35468],[-69.05052,-18.36074],[-69.04693,-18.36658],[-69.05501,-18.3756],[-69.05234,-18.38103],[-69.04779,-18.38294],[-69.04651,-18.40954],[-69.03832,-18.44236],[-69.02519,-18.46118],[-69.02838,-18.46455],[-69.0291,-18.46984],[-69.02159,-18.50366],[-69.01161,-18.53724],[-69.01691,-18.57237],[-69.00867,-18.57953],[-69.00219,-18.58838],[-69.00744,-18.60147],[-69.01636,-18.59865],[-69.02543,-18.5994],[-69.02764,-18.60112],[-69.03139,-18.61173],[-69.03703,-18.61355],[-69.03306,-18.62941],[-69.01416,-18.63337],[-69.00874,-18.6465],[-69.00255,-18.65021],[-68.9854,-18.67738],[-68.98352,-18.69806],[-68.98698,-18.70081],[-68.98728,-18.70562],[-68.98421,-18.71204],[-68.97777,-18.71785],[-68.97633,-18.72516],[-68.97152,-18.73242],[-68.97319,-18.73899],[-68.98089,-18.73977],[-68.98257,-18.74599],[-68.98704,-18.75014],[-68.9505,-18.79305],[-68.92622,-18.84313],[-68.91235,-18.89245],[-68.9502,-18.93677],[-68.92001,-18.97673],[-68.88965,-19.04343],[-68.8709,-19.06038],[-68.85233,-19.06426],[-68.80589,-19.08341],[-68.78139,-19.10826],[-68.75094,-19.13295],[-68.73637,-19.15561],[-68.71309,-19.17023],[-68.62828,-19.25104],[-68.61973,-19.27651],[-68.54276,-19.29667],[-68.47194,-19.35205],[-68.47326,-19.34822],[-68.47055,-19.3432],[-68.47113,-19.33315],[-68.47397,-19.33281],[-68.47482,-19.33086],[-68.47301,-19.32931],[-68.47273,-19.32508],[-68.47406,-19.32325],[-68.47287,-19.31681],[-68.47119,-19.31445],[-68.46726,-19.31364],[-68.45686,-19.31521],[-68.45385,-19.31222],[-68.45397,-19.31101],[-68.46456,-19.30818],[-68.4667,-19.29929],[-68.47052,-19.29809],[-68.46986,-19.29585],[-68.4668,-19.2951],[-68.46708,-19.29638],[-68.46466,-19.29632],[-68.4645,-19.29835],[-68.4614,-19.30061],[-68.45867,-19.29971],[-68.45904,-19.29612],[-68.45292,-19.29196],[-68.45515,-19.29012],[-68.45318,-19.28925],[-68.45223,-19.28088],[-68.45072,-19.28034],[-68.45121,-19.27851],[-68.45242,-19.27988],[-68.45182,-19.27779],[-68.44873,-19.2766],[-68.44628,-19.28159],[-68.44737,-19.27711],[-68.44541,-19.27264],[-68.44365,-19.27186],[-68.44458,-19.27625],[-68.44313,-19.27691],[-68.442,-19.27478],[-68.44057,-19.27487],[-68.44209,-19.27219],[-68.44106,-19.26816],[-68.4388,-19.2686],[-68.43783,-19.26615],[-68.43575,-19.26782],[-68.43696,-19.27126],[-68.43478,-19.27271],[-68.43303,-19.27136],[-68.43098,-19.2721],[-68.43511,-19.26979],[-68.43402,-19.26688],[-68.43569,-19.26665],[-68.43127,-19.2609],[-68.42752,-19.26182],[-68.42457,-19.25903],[-68.42585,-19.26133],[-68.42521,-19.26546],[-68.42209,-19.26721],[-68.42056,-19.26455],[-68.42233,-19.26588],[-68.42419,-19.26192],[-68.42304,-19.25867],[-68.42057,-19.26081],[-68.41966,-19.2575],[-68.41615,-19.25615],[-68.41192,-19.25975],[-68.41111,-19.2578],[-68.40004,-19.2505],[-68.38374,-19.24609],[-68.37793,-19.24119],[-68.37404,-19.243],[-68.37413,-19.24013],[-68.36805,-19.23282],[-68.37023,-19.22828],[-68.37467,-19.2261],[-68.3773,-19.22197],[-68.37749,-19.21351],[-68.35514,-19.19768],[-68.34908,-19.19606],[-68.34567,-19.19874],[-68.34574,-19.19665],[-68.34448,-19.19634],[-68.31564,-19.20216],[-68.28258,-19.19599],[-68.25754,-19.19673],[-68.24352,-19.1935],[-68.2385,-19.19157],[-68.21099,-19.16819],[-68.19525,-19.15817],[-68.18226,-19.14495],[-68.17661,-19.14241],[-68.16874,-19.14264],[-68.16686,-19.14096],[-68.1656,-19.14227],[-68.16082,-19.14213],[-68.15404,-19.13887],[-68.13977,-19.12709],[-68.13414,-19.11965],[-68.12569,-19.11336],[-68.10742,-19.11955],[-68.10599,-19.12223],[-68.10515,-19.13284],[-68.10213,-19.13716],[-68.1021,-19.14358],[-68.09821,-19.14628],[-68.0968,-19.14974],[-68.09115,-19.14948],[-68.08904,-19.14337],[-68.08529,-19.13929],[-68.07927,-19.13651],[-68.0774,-19.13339],[-68.06789,-19.12888],[-68.06745,-19.12385],[-68.06227,-19.1183],[-68.05899,-19.12423],[-68.05624,-19.11755],[-68.05379,-19.09806],[-68.05091,-19.09518],[-68.05357,-19.09268],[-68.05184,-19.08789],[-68.05361,-19.08551],[-68.0511,-19.08525],[-68.04102,-19.11057],[-68.03837,-19.11199],[-68.0389,-19.10649],[-68.0374,-19.10469],[-68.03284,-19.11148],[-68.03117,-19.11774],[-68.02633,-19.11747],[-68.0226,-19.12026],[-68.01876,-19.12096],[-68.02994,-19.12375],[-68.0343,-19.13449],[-68.04142,-19.13959],[-68.04221,-19.1418],[-68.03939,-19.14274],[-68.03836,-19.14713],[-68.0317,-19.1496],[-68.03509,-19.15227],[-68.03469,-19.15383],[-68.02523,-19.1554],[-68.0241,-19.16027],[-68.02137,-19.16293],[-68.02042,-19.17039],[-68.01564,-19.17753],[-68.00423,-19.18474],[-68.00248,-19.18999],[-67.99944,-19.193],[-67.99402,-19.19],[-67.9977,-19.1971],[-67.99298,-19.19573],[-67.99346,-19.1988],[-68.00537,-19.22665],[-68.00681,-19.23955],[-68.00374,-19.24711],[-68.0008,-19.25025],[-68.00247,-19.25667],[-68.00091,-19.26527],[-68.00198,-19.27088],[-68.00099,-19.28464],[-68.00308,-19.29039],[-68.00798,-19.29549],[-68.00505,-19.29643],[-68.00165,-19.30021],[-67.98849,-19.30215],[-67.96418,-19.29493],[-67.94977,-19.29638],[-67.95577,-19.30301],[-67.95623,-19.30894],[-67.95209,-19.31129],[-67.95056,-19.31482],[-67.94472,-19.31431],[-67.94196,-19.31726],[-67.93713,-19.31559],[-67.93259,-19.31682],[-67.94423,-19.31979],[-67.93906,-19.31897],[-67.93516,-19.32646],[-67.93411,-19.32501],[-67.93121,-19.32818],[-67.92859,-19.32541],[-67.92885,-19.328],[-67.92717,-19.32831],[-67.92851,-19.33108],[-67.92626,-19.33055],[-67.91807,-19.33654],[-67.91551,-19.33647],[-67.91418,-19.33903],[-67.90948,-19.33935],[-67.91112,-19.34117],[-67.9135,-19.34008],[-67.91477,-19.34169],[-67.90702,-19.34227],[-67.89408,-19.34853],[-67.88532,-19.34791],[-67.87251,-19.35391],[-67.86624,-19.36007],[-67.85875,-19.35997],[-67.85202,-19.35782],[-67.84828,-19.35866],[-67.84672,-19.36544],[-67.83984,-19.36912],[-67.83606,-19.37517],[-67.83289,-19.37709],[-67.81649,-19.38087],[-67.81015,-19.3783],[-67.80574,-19.38173],[-67.80015,-19.38369],[-67.80122,-19.38524],[-67.79932,-19.38617],[-67.79985,-19.38925],[-67.80316,-19.39257],[-67.81099,-19.39586],[-67.81847,-19.3968],[-67.82145,-19.39957],[-67.82124,-19.40104],[-67.81898,-19.40213],[-67.80394,-19.40088],[-67.79923,-19.39673],[-67.79342,-19.39475],[-67.79382,-19.3962],[-67.79236,-19.39674],[-67.7965,-19.39939],[-67.79889,-19.40765],[-67.78905,-19.40932],[-67.77514,-19.40479],[-67.77323,-19.4096],[-67.78038,-19.41323],[-67.79164,-19.42418],[-67.79315,-19.43018],[-67.79835,-19.43946],[-67.8039,-19.44464],[-67.79263,-19.45638],[-67.79223,-19.46821],[-67.79457,-19.47884],[-67.80101,-19.49507],[-67.8059,-19.50242],[-67.8147,-19.51243],[-67.82504,-19.51967],[-67.82743,-19.52399],[-67.82596,-19.52641],[-67.82821,-19.52887],[-67.83141,-19.52588],[-67.83962,-19.52548],[-67.87022,-19.53369],[-67.88248,-19.53999],[-67.88644,-19.53971],[-67.89815,-19.54277],[-67.9042,-19.54257],[-67.91568,-19.54132],[-67.9205,-19.53705],[-67.92681,-19.53661],[-67.94704,-19.52728],[-67.96116,-19.52653],[-67.97552,-19.52816],[-68.00575,-19.52248],[-68.01163,-19.52555],[-68.0258,-19.52786],[-68.02632,-19.52933],[-68.02162,-19.5307],[-68.02406,-19.53416],[-68.04596,-19.53684],[-68.05681,-19.54024],[-68.06372,-19.54829],[-68.06677,-19.55467],[-68.07236,-19.55993],[-68.07494,-19.55987],[-68.07583,-19.56281],[-68.08814,-19.57642],[-68.07849,-19.58756],[-68.0735,-19.5908],[-68.06016,-19.59578],[-68.05882,-19.60121],[-68.05393,-19.60997],[-68.0422,-19.61835],[-68.03188,-19.62228],[-67.98952,-19.68702],[-67.97135,-19.70788],[-67.95969,-19.72624],[-67.95948,-19.7294],[-67.93531,-19.73378],[-67.91444,-19.74314],[-67.89936,-19.75715],[-67.87643,-19.76188],[-67.86051,-19.77253],[-67.84564,-19.79647],[-67.82168,-19.8096],[-67.80305,-19.8111],[-67.78589,-19.808],[-67.7586,-19.80592],[-67.75823,-19.80919],[-67.76032,-19.81226],[-67.75193,-19.81316],[-67.75039,-19.8164],[-67.74354,-19.82295],[-67.73844,-19.826],[-67.73818,-19.8303],[-67.73393,-19.83163],[-67.72994,-19.82837],[-67.72048,-19.82673],[-67.71455,-19.81198],[-67.67754,-19.83045],[-67.6644,-19.83858],[-67.64622,-19.84214],[-67.63521,-19.84649],[-67.61471,-19.86034],[-67.60485,-19.86437],[-67.59906,-19.87155],[-67.58092,-19.8746],[-67.57303,-19.88132],[-67.5713,-19.88671],[-67.56722,-19.88528],[-67.56318,-19.87166],[-67.55941,-19.86579],[-67.55852,-19.86642],[-67.55668,-19.86455],[-67.54449,-19.86479],[-67.54033,-19.85517],[-67.53762,-19.85244],[-67.53481,-19.85116],[-67.53328,-19.84837],[-67.52775,-19.84887],[-67.53036,-19.84095],[-67.52874,-19.83709],[-67.51946,-19.83354],[-67.52041,-19.82912],[-67.52338,-19.83357],[-67.52905,-19.83361],[-67.53111,-19.83023],[-67.52958,-19.82863],[-67.53634,-19.82548],[-67.54368,-19.81842],[-67.54739,-19.80477],[-67.53559,-19.79401],[-67.53446,-19.78984],[-67.53754,-19.78718],[-67.53779,-19.78202],[-67.53995,-19.78507],[-67.54243,-19.78562],[-67.54674,-19.7811],[-67.54965,-19.78067],[-67.54678,-19.78636],[-67.55308,-19.78458],[-67.55543,-19.78236],[-67.55602,-19.78538],[-67.5596,-19.77878],[-67.56313,-19.7768],[-67.56092,-19.77718],[-67.55975,-19.77503],[-67.55725,-19.77425],[-67.55943,-19.77343],[-67.55875,-19.77173],[-67.55687,-19.77147],[-67.56767,-19.76435],[-67.56611,-19.76267],[-67.56603,-19.75723],[-67.56854,-19.75245],[-67.56777,-19.74681],[-67.57117,-19.73867],[-67.57169,-19.72785],[-67.56226,-19.71517],[-67.55996,-19.71673],[-67.5474,-19.71347],[-67.54028,-19.71432],[-67.53975,-19.71268],[-67.53866,-19.71465],[-67.53249,-19.71664],[-67.52167,-19.71663],[-67.51436,-19.71388],[-67.50182,-19.7121],[-67.49772,-19.70944],[-67.48439,-19.705],[-67.46969,-19.70317],[-67.44864,-19.70675],[-67.43484,-19.71205],[-67.42646,-19.7115],[-67.41747,-19.7143],[-67.38064,-19.71301],[-67.34713,-19.72232],[-67.33557,-19.73071],[-67.33376,-19.73457],[-67.32861,-19.73949],[-67.32196,-19.74346],[-67.31513,-19.7442],[-67.31059,-19.74794],[-67.30157,-19.74978],[-67.29938,-19.75441],[-67.29607,-19.75525],[-67.29104,-19.75938],[-67.291,-19.76517],[-67.27391,-19.7489],[-67.26502,-19.72613],[-67.25737,-19.71593],[-67.25809,-19.70663],[-67.25655,-19.69927],[-67.24305,-19.69112],[-67.23185,-19.69137],[-67.22582,-19.68957],[-67.21387,-19.6818],[-67.21436,-19.67738],[-67.21324,-19.67788],[-67.21232,-19.67439],[-67.21006,-19.67491],[-67.20635,-19.67034],[-67.20723,-19.65805],[-67.21181,-19.64938],[-67.21258,-19.64262],[-67.21034,-19.63184],[-67.20709,-19.62921],[-67.20935,-19.62535],[-67.20808,-19.61711],[-67.20363,-19.61671],[-67.20294,-19.61534],[-67.20924,-19.6011],[-67.2318,-19.58357],[-67.23027,-19.58151],[-67.23212,-19.57839],[-67.23047,-19.57342],[-67.23092,-19.5672],[-67.22485,-19.56557],[-67.21829,-19.55932],[-67.2187,-19.55426],[-67.22328,-19.55023],[-67.22975,-19.53624],[-67.22588,-19.53333],[-67.23067,-19.5245],[-67.22915,-19.51401],[-67.23152,-19.51248],[-67.23257,-19.50884],[-67.23687,-19.50709],[-67.23719,-19.50448],[-67.23485,-19.50388],[-67.23169,-19.49798],[-67.22772,-19.49564],[-67.22536,-19.49111],[-67.22584,-19.48393],[-67.22904,-19.48155],[-67.23523,-19.4809],[-67.24375,-19.47204],[-67.25626,-19.46377],[-67.25991,-19.45499],[-67.25918,-19.44928],[-67.26225,-19.44856],[-67.26452,-19.44062],[-67.26991,-19.4347],[-67.26775,-19.42856],[-67.256,-19.43148],[-67.25061,-19.43147],[-67.24172,-19.43521],[-67.23438,-19.43625],[-67.22408,-19.44258],[-67.21797,-19.44136],[-67.21106,-19.4462],[-67.20296,-19.44675],[-67.19289,-19.44956],[-67.18063,-19.44476],[-67.17267,-19.44347],[-67.17186,-19.44208],[-67.16198,-19.43865],[-67.14335,-19.42039],[-67.10889,-19.41133],[-67.10127,-19.39482],[-67.08923,-19.37556],[-67.08549,-19.35821],[-67.08077,-19.35601],[-67.0746,-19.36033],[-67.06718,-19.37267],[-67.06371,-19.37439],[-67.0595,-19.37409],[-67.0586,-19.37089],[-67.05515,-19.36965],[-67.05063,-19.37776],[-67.04371,-19.38096],[-67.0416,-19.3808],[-67.03522,-19.37379],[-67.02381,-19.36929],[-67.01878,-19.36875],[-67.01314,-19.37084],[-67.00357,-19.3786],[-66.9992,-19.38049],[-66.99541,-19.37953],[-66.9865,-19.37347],[-66.98026,-19.3719],[-66.96012,-19.36798],[-66.95223,-19.36955],[-66.94818,-19.37271],[-66.94795,-19.3774],[-66.93959,-19.37834],[-66.93725,-19.38213],[-66.92696,-19.38871],[-66.92295,-19.39338],[-66.91404,-19.39772],[-66.90112,-19.40772],[-66.89172,-19.40962],[-66.88601,-19.41341],[-66.88173,-19.41362],[-66.88086,-19.42199],[-66.87718,-19.42425],[-66.87703,-19.42742],[-66.87337,-19.43034],[-66.87148,-19.43638],[-66.86414,-19.43895],[-66.85659,-19.44741],[-66.84936,-19.4477],[-66.84525,-19.45472],[-66.82311,-19.45495],[-66.81818,-19.45067],[-66.81527,-19.45074],[-66.81438,-19.44937],[-66.80734,-19.45025],[-66.80241,-19.44734],[-66.80197,-19.44291],[-66.79657,-19.44182],[-66.79318,-19.43638],[-66.78929,-19.43558],[-66.78818,-19.43352],[-66.76963,-19.42968],[-66.76161,-19.43],[-66.75461,-19.42736],[-66.7521,-19.42731],[-66.7533,-19.43139],[-66.75027,-19.43693],[-66.74522,-19.43546],[-66.7413,-19.43693],[-66.73492,-19.42925],[-66.73184,-19.42986],[-66.72642,-19.43729],[-66.71726,-19.44086],[-66.7089,-19.44632],[-66.69976,-19.44841],[-66.67997,-19.44438],[-66.66903,-19.43423],[-66.66213,-19.4302],[-66.65878,-19.43048],[-66.6577,-19.43264],[-66.6391,-19.42726],[-66.62137,-19.42557],[-66.60294,-19.42768],[-66.59058,-19.42615],[-66.58395,-19.42099],[-66.57557,-19.40128],[-66.56355,-19.39874],[-66.55726,-19.39559],[-66.54577,-19.38625],[-66.50208,-19.3599],[-66.46027,-19.38077],[-66.42898,-19.40627],[-66.3903,-19.45758],[-66.35688,-19.45367],[-66.33583,-19.41542],[-66.30403,-19.37058],[-66.28429,-19.32857],[-66.27655,-19.31706],[-66.27106,-19.3141],[-66.27212,-19.30323],[-66.26997,-19.2986],[-66.26241,-19.30154],[-66.25741,-19.30029],[-66.24579,-19.2934],[-66.22912,-19.28622],[-66.22282,-19.27426],[-66.22129,-19.26206],[-66.21706,-19.2565],[-66.20184,-19.25275],[-66.18886,-19.24208],[-66.17882,-19.2418],[-66.17183,-19.23774],[-66.16455,-19.23637],[-66.16139,-19.23374],[-66.15304,-19.23407],[-66.15073,-19.2389],[-66.14601,-19.2394],[-66.13909,-19.24531],[-66.13015,-19.24558],[-66.13001,-19.24311],[-66.12527,-19.23735],[-66.12946,-19.22261],[-66.12912,-19.21887],[-66.12565,-19.21561],[-66.12418,-19.20828],[-66.11895,-19.19686],[-66.11413,-19.19021],[-66.10408,-19.18124],[-66.10073,-19.17449],[-66.10117,-19.17239],[-66.10447,-19.17077],[-66.10776,-19.1633],[-66.11273,-19.15701],[-66.11272,-19.14996],[-66.10304,-19.14001],[-66.09901,-19.12909],[-66.10282,-19.12083],[-66.09304,-19.10572],[-66.09136,-19.10393],[-66.0872,-19.10338],[-66.0861,-19.09978],[-66.08731,-19.0967],[-66.09081,-19.0923],[-66.09297,-19.08509],[-66.10199,-19.08589],[-66.10602,-19.08465],[-66.10633,-19.07647],[-66.11481,-19.07028],[-66.12041,-19.06182],[-66.12496,-19.05927],[-66.13005,-19.05361],[-66.13531,-19.05408],[-66.15287,-19.03072],[-66.17188,-19.01988],[-66.17623,-19.02067],[-66.17915,-18.99057],[-66.18109,-18.98655],[-66.18388,-18.98485],[-66.18388,-18.98222],[-66.18822,-18.98274],[-66.19339,-18.98672],[-66.19827,-18.98696],[-66.20337,-18.99094],[-66.21227,-18.99459],[-66.21522,-18.99384],[-66.22136,-18.99602],[-66.22516,-18.99421],[-66.22809,-18.9949],[-66.24153,-19.00516],[-66.24845,-19.00819],[-66.26894,-19.00891],[-66.28167,-19.01477],[-66.29509,-18.99607],[-66.30174,-18.99064],[-66.29849,-18.97074],[-66.30173,-18.9478],[-66.30182,-18.93325],[-66.31318,-18.92175],[-66.31129,-18.90956],[-66.31577,-18.89907],[-66.32007,-18.89595],[-66.32215,-18.88476],[-66.33052,-18.86749],[-66.33002,-18.86276],[-66.33313,-18.85245],[-66.34285,-18.82973],[-66.3417,-18.82311],[-66.34607,-18.81],[-66.3512,-18.80393],[-66.35242,-18.7922],[-66.35716,-18.78053],[-66.36435,-18.76533],[-66.37429,-18.75199],[-66.37747,-18.74091],[-66.39234,-18.71702],[-66.3982,-18.71281],[-66.41013,-18.71237],[-66.4133,-18.7077],[-66.4233,-18.70974],[-66.42345,-18.70777],[-66.42797,-18.70417],[-66.42984,-18.70665],[-66.43733,-18.70851],[-66.44224,-18.7017],[-66.44596,-18.7044],[-66.44819,-18.70377],[-66.45558,-18.70689],[-66.46047,-18.70705],[-66.47076,-18.71941],[-66.47494,-18.73151],[-66.47816,-18.75176],[-66.47747,-18.76133],[-66.48314,-18.76966],[-66.4997,-18.7873],[-66.50253,-18.78813],[-66.52176,-18.78228],[-66.52916,-18.7778],[-66.5321,-18.77369],[-66.53718,-18.74906],[-66.53822,-18.73676],[-66.53697,-18.72104],[-66.55575,-18.71915],[-66.5621,-18.71665],[-66.56475,-18.71822],[-66.57616,-18.71441],[-66.57641,-18.70748],[-66.57748,-18.70598],[-66.5796,-18.70655],[-66.58132,-18.70278],[-66.58859,-18.69584],[-66.59783,-18.69781],[-66.60191,-18.69417],[-66.59487,-18.68701],[-66.59587,-18.68421],[-66.59454,-18.68258],[-66.59479,-18.67896],[-66.59562,-18.67449],[-66.60056,-18.66617],[-66.60523,-18.66676],[-66.60489,-18.6628],[-66.61195,-18.65998],[-66.60695,-18.65064],[-66.61792,-18.64559],[-66.62923,-18.6494],[-66.63198,-18.64908],[-66.63581,-18.64592],[-66.64417,-18.63032],[-66.64658,-18.61719],[-66.64541,-18.61347],[-66.64069,-18.61178],[-66.63947,-18.59881],[-66.64233,-18.58957],[-66.64987,-18.57809],[-66.65094,-18.57297],[-66.65659,-18.56932],[-66.65772,-18.5669],[-66.65679,-18.5532],[-66.65781,-18.54809],[-66.66279,-18.54103],[-66.6644,-18.53542],[-66.66306,-18.53285],[-66.66612,-18.52111],[-66.67153,-18.515],[-66.67554,-18.50461],[-66.68143,-18.50116],[-66.68113,-18.4928],[-66.68409,-18.47429],[-66.68152,-18.47167],[-66.68706,-18.46238],[-66.69763,-18.4356],[-66.7,-18.41901],[-66.69719,-18.40835],[-66.69861,-18.40323],[-66.71424,-18.37804],[-66.71489,-18.36201],[-66.72932,-18.34045],[-66.7081,-18.32881],[-66.70291,-18.32354],[-66.67859,-18.31641],[-66.66606,-18.30724],[-66.6614,-18.29561],[-66.64395,-18.29355],[-66.63862,-18.28837],[-66.63526,-18.28689],[-66.62728,-18.28734],[-66.61444,-18.27929],[-66.58669,-18.28203],[-66.5807,-18.27916],[-66.57436,-18.27827],[-66.5685,-18.27933],[-66.56569,-18.27678],[-66.56238,-18.27716],[-66.55863,-18.27508],[-66.55411,-18.27669],[-66.54972,-18.27438],[-66.54804,-18.27087],[-66.54648,-18.27236],[-66.544,-18.27175],[-66.54407,-18.26571],[-66.54278,-18.26819],[-66.54024,-18.26921],[-66.53778,-18.26589],[-66.53459,-18.26664],[-66.53366,-18.26347],[-66.52983,-18.26145],[-66.52817,-18.24929],[-66.53143,-18.24686],[-66.54137,-18.24717],[-66.54483,-18.2442],[-66.55036,-18.24273],[-66.55146,-18.24472],[-66.55268,-18.24326],[-66.55898,-18.24361],[-66.56227,-18.2477],[-66.56666,-18.24815],[-66.56948,-18.25026],[-66.57844,-18.24662],[-66.58464,-18.24613],[-66.58929,-18.24128],[-66.5978,-18.23616],[-66.60527,-18.23836],[-66.61593,-18.23707],[-66.62184,-18.23836],[-66.63153,-18.23665],[-66.63969,-18.24084],[-66.64425,-18.241],[-66.65227,-18.23882],[-66.65598,-18.23573],[-66.66755,-18.23838],[-66.67567,-18.23265],[-66.68898,-18.23271],[-66.69614,-18.23461],[-66.72174,-18.24509],[-66.72465,-18.2446],[-66.72568,-18.24198],[-66.72971,-18.24043],[-66.7462,-18.24098],[-66.74873,-18.23258],[-66.75767,-18.22737],[-66.76372,-18.21641],[-66.76294,-18.2087],[-66.7576,-18.20618],[-66.75975,-18.16991],[-66.76753,-18.16577],[-66.7728,-18.16027],[-66.77907,-18.14995],[-66.78523,-18.13565],[-66.79581,-18.12956],[-66.79898,-18.12453],[-66.81572,-18.11132],[-66.81804,-18.10186],[-66.82234,-18.09381],[-66.83206,-18.08331],[-66.83287,-18.06152],[-66.84143,-18.05169],[-66.83558,-18.04754],[-66.827,-18.03696],[-66.82247,-18.02544],[-66.80122,-18.0037],[-66.78842,-17.98819],[-66.78142,-17.98464],[-66.74822,-17.95294],[-66.73794,-17.93966],[-66.71513,-17.9001],[-66.71338,-17.89371],[-66.71364,-17.88462],[-66.71622,-17.87807],[-66.72248,-17.87012],[-66.72288,-17.86624],[-66.72061,-17.85745],[-66.72342,-17.85117],[-66.72269,-17.8476],[-66.7308,-17.84052],[-66.74707,-17.8377],[-66.75112,-17.83482],[-66.75699,-17.82496],[-66.76412,-17.80292],[-66.7708,-17.79333],[-66.77609,-17.79141],[-66.77199,-17.78183],[-66.77905,-17.78443],[-66.78186,-17.78101],[-66.79565,-17.78176],[-66.79673,-17.77671],[-66.8157,-17.75666],[-66.82161,-17.73734],[-66.83452,-17.7264],[-66.8513,-17.71907],[-66.86079,-17.71262],[-66.86968,-17.70174],[-66.87139,-17.6925],[-66.87721,-17.68963],[-66.87903,-17.67887],[-66.89196,-17.66606],[-66.88756,-17.63918],[-66.8833,-17.63328],[-66.87237,-17.62476],[-66.87275,-17.61727],[-66.886,-17.59969],[-66.89989,-17.5905]],[[-67.10413,-18.02615],[-67.09824,-18.02726],[-67.09373,-18.03858],[-67.08932,-18.04087],[-67.08931,-18.04488],[-67.08551,-18.0458],[-67.08104,-18.05353],[-67.08015,-18.0532],[-67.08344,-18.04377],[-67.07826,-18.03936],[-67.0736,-18.03994],[-67.07166,-18.04403],[-67.05755,-18.05656],[-67.05021,-18.0744],[-67.0479,-18.07543],[-67.04677,-18.07791],[-67.05471,-18.08747],[-67.05655,-18.09318],[-67.06209,-18.0897],[-67.05993,-18.09479],[-67.06093,-18.09979],[-67.07066,-18.11811],[-67.0721,-18.12778],[-67.07777,-18.13124],[-67.07695,-18.13309],[-67.07807,-18.13482],[-67.07551,-18.13996],[-67.07638,-18.14303],[-67.07452,-18.14392],[-67.07381,-18.14932],[-67.08039,-18.16015],[-67.08227,-18.17048],[-67.0844,-18.17068],[-67.0824,-18.17536],[-67.08412,-18.17624],[-67.08353,-18.17898],[-67.08999,-18.18134],[-67.09339,-18.18566],[-67.09527,-18.18532],[-67.09569,-18.18729],[-67.09993,-18.1835],[-67.10931,-18.18054],[-67.10902,-18.17494],[-67.10522,-18.17462],[-67.10371,-18.17121],[-67.11149,-18.17315],[-67.11363,-18.16977],[-67.11122,-18.1655],[-67.1162,-18.1676],[-67.12129,-18.16469],[-67.12574,-18.16429],[-67.12503,-18.15974],[-67.12657,-18.16071],[-67.13181,-18.15227],[-67.13183,-18.14741],[-67.13385,-18.14468],[-67.13236,-18.14314],[-67.13559,-18.14025],[-67.13213,-18.13684],[-67.13023,-18.13702],[-67.12686,-18.1243],[-67.13004,-18.11724],[-67.13022,-18.1095],[-67.13654,-18.09828],[-67.13546,-18.09568],[-67.13623,-18.08957],[-67.13307,-18.08332],[-67.13623,-18.07432],[-67.14925,-18.07044],[-67.15223,-18.06641],[-67.15486,-18.06625],[-67.15977,-18.06827],[-67.16189,-18.07487],[-67.16308,-18.07482],[-67.16791,-18.0723],[-67.16741,-18.06207],[-67.17075,-18.0602],[-67.16744,-18.05929],[-67.16823,-18.05552],[-67.1646,-18.04994],[-67.15657,-18.04775],[-67.14627,-18.04889],[-67.13986,-18.04541],[-67.1362,-18.03965],[-67.12907,-18.04116],[-67.12327,-18.03957],[-67.11911,-18.0468],[-67.12057,-18.03911],[-67.11931,-18.03575],[-67.11092,-18.04388],[-67.11143,-18.04109],[-67.11438,-18.03851],[-67.11457,-18.03519],[-67.11301,-18.03474],[-67.11672,-18.0303],[-67.11102,-18.03339],[-67.10878,-18.03778],[-67.10777,-18.0297],[-67.10622,-18.02641],[-67.10413,-18.02615]],[[-67.06368,-18.44837],[-67.06038,-18.44774],[-67.05927,-18.45094],[-67.05247,-18.45206],[-67.04901,-18.46399],[-67.05247,-18.47185],[-67.05869,-18.47908],[-67.0605,-18.49282],[-67.05769,-18.50357],[-67.06136,-18.50821],[-67.06201,-18.51356],[-67.06643,-18.51455],[-67.06803,-18.51661],[-67.06749,-18.52598],[-67.07253,-18.53456],[-67.07302,-18.54052],[-67.07542,-18.54308],[-67.07861,-18.54158],[-67.08592,-18.5481],[-67.09123,-18.56482],[-67.09147,-18.56916],[-67.0895,-18.57264],[-67.0923,-18.57607],[-67.09377,-18.58829],[-67.09077,-18.60133],[-67.09364,-18.60475],[-67.09325,-18.61284],[-67.0899,-18.61242],[-67.09046,-18.61743],[-67.10045,-18.62452],[-67.09838,-18.63235],[-67.09857,-18.64067],[-67.10554,-18.65478],[-67.10217,-18.67001],[-67.10368,-18.67491],[-67.10199,-18.67619],[-67.08817,-18.67426],[-67.06808,-18.6636],[-67.06002,-18.66618],[-67.03129,-18.68746],[-67.01824,-18.70161],[-67.01439,-18.70357],[-67.01093,-18.70965],[-67.00437,-18.71363],[-67.00344,-18.71879],[-66.99668,-18.72561],[-66.99025,-18.74501],[-66.98099,-18.76222],[-66.97458,-18.79624],[-66.97304,-18.814],[-66.96692,-18.83702],[-66.96529,-18.83815],[-66.9593,-18.85552],[-66.93545,-18.90588],[-66.92084,-18.92662],[-66.91366,-18.93446],[-66.86972,-18.96382],[-66.86369,-18.97082],[-66.86384,-18.97573],[-66.86102,-18.98236],[-66.86262,-19.001],[-66.86143,-19.01453],[-66.86413,-19.04292],[-66.86796,-19.04755],[-66.87017,-19.05391],[-66.87795,-19.0607],[-66.8853,-19.07238],[-66.89006,-19.08368],[-66.89089,-19.09811],[-66.90448,-19.12255],[-66.91532,-19.13669],[-66.91508,-19.1381],[-66.92058,-19.13864],[-66.92319,-19.14758],[-66.92546,-19.14692],[-66.9291,-19.14897],[-66.93062,-19.14736],[-66.93684,-19.14606],[-66.93753,-19.14783],[-66.93455,-19.15005],[-66.93612,-19.15358],[-66.94341,-19.1516],[-66.94237,-19.15493],[-66.94337,-19.15699],[-66.94517,-19.15708],[-66.94825,-19.15441],[-66.94931,-19.15959],[-66.95159,-19.15897],[-66.95437,-19.16143],[-66.95601,-19.16058],[-66.95953,-19.16164],[-66.95875,-19.16389],[-66.95979,-19.16461],[-66.96231,-19.16232],[-66.96515,-19.16315],[-66.97269,-19.16065],[-66.97698,-19.16223],[-66.9782,-19.16639],[-66.98029,-19.16383],[-66.98397,-19.16479],[-66.98863,-19.17032],[-66.98746,-19.1713],[-66.98828,-19.17317],[-66.99799,-19.18053],[-67.00051,-19.19328],[-67.00864,-19.20018],[-67.0095,-19.19882],[-67.0042,-19.19192],[-67.00443,-19.18935],[-67.00867,-19.18981],[-67.01572,-19.19637],[-67.01712,-19.19489],[-67.01526,-19.18421],[-67.01971,-19.18623],[-67.02251,-19.1898],[-67.02523,-19.18996],[-67.02512,-19.18768],[-67.01497,-19.17494],[-67.01488,-19.17253],[-67.02064,-19.17085],[-67.02575,-19.16331],[-67.04216,-19.1522],[-67.04854,-19.14547],[-67.05111,-19.14054],[-67.05324,-19.12589],[-67.05154,-19.10134],[-67.05309,-19.09004],[-67.05039,-19.07963],[-67.053,-19.0738],[-67.05984,-19.06585],[-67.05988,-19.05798],[-67.05715,-19.04631],[-67.06425,-19.03466],[-67.07417,-19.02708],[-67.08123,-19.01528],[-67.08048,-19.00804],[-67.06943,-18.99233],[-67.07069,-18.96782],[-67.06883,-18.95486],[-67.07504,-18.94389],[-67.08598,-18.92981],[-67.08771,-18.92377],[-67.0797,-18.91795],[-67.06335,-18.91142],[-67.06207,-18.90959],[-67.0626,-18.90376],[-67.08488,-18.88319],[-67.09295,-18.87386],[-67.12209,-18.8632],[-67.14536,-18.84921],[-67.16467,-18.84085],[-67.16804,-18.83608],[-67.17597,-18.83101],[-67.18105,-18.82537],[-67.19833,-18.81396],[-67.2076,-18.80314],[-67.20687,-18.79936],[-67.20932,-18.79512],[-67.20803,-18.79225],[-67.19606,-18.78742],[-67.1945,-18.78469],[-67.19072,-18.78306],[-67.18787,-18.78625],[-67.18541,-18.78164],[-67.18134,-18.77895],[-67.16316,-18.77443],[-67.1539,-18.76726],[-67.13905,-18.75907],[-67.12833,-18.75424],[-67.12235,-18.75473],[-67.12051,-18.75099],[-67.12614,-18.74628],[-67.13538,-18.72664],[-67.14151,-18.71705],[-67.15761,-18.70571],[-67.16485,-18.69885],[-67.16746,-18.69421],[-67.16879,-18.68727],[-67.1717,-18.68327],[-67.17929,-18.67937],[-67.19059,-18.67994],[-67.19354,-18.67892],[-67.19197,-18.6746],[-67.19324,-18.67036],[-67.19702,-18.66467],[-67.19939,-18.66353],[-67.20943,-18.66386],[-67.2224,-18.67248],[-67.22976,-18.67062],[-67.24776,-18.65905],[-67.25193,-18.65326],[-67.26073,-18.64535],[-67.26642,-18.63288],[-67.26173,-18.61999],[-67.26675,-18.61345],[-67.26595,-18.60232],[-67.26174,-18.59576],[-67.24339,-18.57842],[-67.21865,-18.56282],[-67.21023,-18.56115],[-67.1994,-18.55191],[-67.18321,-18.55001],[-67.17227,-18.55042],[-67.1613,-18.54532],[-67.15782,-18.53957],[-67.14854,-18.53107],[-67.14214,-18.51812],[-67.12668,-18.50504],[-67.12953,-18.47621],[-67.1216,-18.46809],[-67.11355,-18.45559],[-67.10264,-18.45251],[-67.09963,-18.45481],[-67.10053,-18.45838],[-67.09291,-18.45673],[-67.08845,-18.45997],[-67.08176,-18.45685],[-67.07633,-18.44928],[-67.07065,-18.44988],[-67.06368,-18.44837]]]]}},{"type":"Feature","properties":{"shapeName":"Pando","shapeISO":"BO-N","shapeID":"26024454B66401228554177","shapeGroup":"BOL","shapeType":"ADM1"},"geometry":{"type":"Polygon","coordinates":[[[-65.391,-10.38122],[-65.39224,-10.37877],[-65.39188,-10.37428],[-65.38548,-10.36294],[-65.3744,-10.35651],[-65.36182,-10.34236],[-65.34977,-10.32146],[-65.3267,-10.30484],[-65.32128,-10.29471],[-65.31261,-10.26341],[-65.31254,-10.25479],[-65.30695,-10.2513],[-65.30053,-10.24196],[-65.29182,-10.22369],[-65.29355,-10.21462],[-65.29229,-10.21043],[-65.29746,-10.20012],[-65.29962,-10.1915],[-65.30623,-10.1803],[-65.30785,-10.17333],[-65.308,-10.16449],[-65.30196,-10.14498],[-65.30443,-10.13249],[-65.30269,-10.10644],[-65.30451,-10.09857],[-65.30759,-10.09424],[-65.31645,-10.08767],[-65.32329,-10.07834],[-65.33042,-10.06371],[-65.3312,-10.04968],[-65.32061,-10.00393],[-65.32483,-9.98711],[-65.3336,-9.97268],[-65.33511,-9.9359],[-65.32921,-9.9187],[-65.32031,-9.9043],[-65.2988,-9.88458],[-65.29317,-9.87645],[-65.28944,-9.86886],[-65.28681,-9.85661],[-65.29158,-9.84046],[-65.29567,-9.8359],[-65.31782,-9.82237],[-65.32288,-9.81571],[-65.32732,-9.78496],[-65.33645,-9.77098],[-65.35616,-9.72246],[-65.36232,-9.71446],[-65.37324,-9.70223],[-65.38762,-9.69239],[-65.39498,-9.6882],[-65.42505,-9.67846],[-65.4328,-9.67443],[-65.43821,-9.66963],[-65.44011,-9.67392],[-65.43901,-9.67865],[-65.43574,-9.68191],[-65.43558,-9.68972],[-65.44012,-9.69773],[-65.46872,-9.7156],[-65.47907,-9.71592],[-65.48083,-9.70883],[-65.48395,-9.7087],[-65.4875,-9.71261],[-65.48759,-9.7146],[-65.4833,-9.72413],[-65.47848,-9.72701],[-65.47887,-9.72944],[-65.49002,-9.73182],[-65.49928,-9.73023],[-65.50088,-9.7311],[-65.50076,-9.74426],[-65.50533,-9.75004],[-65.50365,-9.76254],[-65.50477,-9.76802],[-65.49927,-9.77524],[-65.49803,-9.77913],[-65.5024,-9.7869],[-65.50821,-9.78961],[-65.51217,-9.79378],[-65.51455,-9.79402],[-65.52806,-9.78786],[-65.53239,-9.7816],[-65.53903,-9.80236],[-65.54477,-9.80533],[-65.5506,-9.80602],[-65.5534,-9.80456],[-65.55802,-9.81119],[-65.56586,-9.81194],[-65.56656,-9.81576],[-65.56416,-9.82212],[-65.55511,-9.83136],[-65.55332,-9.83496],[-65.55493,-9.84165],[-65.55953,-9.84577],[-65.56154,-9.84568],[-65.57019,-9.83802],[-65.59571,-9.84443],[-65.59838,-9.84384],[-65.59963,-9.83848],[-65.59785,-9.82996],[-65.59905,-9.82659],[-65.60082,-9.82614],[-65.60796,-9.82671],[-65.62521,-9.83894],[-65.6287,-9.83898],[-65.63256,-9.83245],[-65.63539,-9.80898],[-65.63711,-9.80646],[-65.64147,-9.80838],[-65.64808,-9.81746],[-65.65083,-9.81891],[-65.65366,-9.81568],[-65.65547,-9.81002],[-65.64749,-9.80074],[-65.64582,-9.79708],[-65.64632,-9.79483],[-65.64905,-9.79346],[-65.66313,-9.79507],[-65.66661,-9.78635],[-65.67141,-9.78269],[-65.67517,-9.78502],[-65.6916,-9.80378],[-65.69118,-9.81495],[-65.69686,-9.81501],[-65.70564,-9.81018],[-65.71262,-9.81031],[-65.7133,-9.80842],[-65.71013,-9.80244],[-65.70236,-9.7933],[-65.70401,-9.78341],[-65.71248,-9.77464],[-65.71155,-9.77085],[-65.70709,-9.76558],[-65.69046,-9.77134],[-65.68286,-9.7685],[-65.68095,-9.76163],[-65.68609,-9.76386],[-65.68923,-9.7627],[-65.68719,-9.75789],[-65.6873,-9.75034],[-65.69088,-9.75204],[-65.69863,-9.75113],[-65.70797,-9.75841],[-65.71899,-9.75729],[-65.72925,-9.76011],[-65.73899,-9.76762],[-65.73905,-9.78195],[-65.74731,-9.78401],[-65.75269,-9.78039],[-65.76007,-9.76925],[-65.77546,-9.76202],[-65.77468,-9.75326],[-65.77001,-9.74164],[-65.77191,-9.73879],[-65.77539,-9.7382],[-65.77934,-9.7392],[-65.78324,-9.74458],[-65.78267,-9.75442],[-65.77809,-9.76913],[-65.78382,-9.77579],[-65.78356,-9.78416],[-65.78775,-9.78988],[-65.7919,-9.78966],[-65.79797,-9.79517],[-65.79969,-9.78886],[-65.80432,-9.79206],[-65.80887,-9.79017],[-65.80976,-9.7856],[-65.81597,-9.77548],[-65.81408,-9.77181],[-65.80518,-9.76891],[-65.80255,-9.76154],[-65.80376,-9.75943],[-65.8096,-9.76523],[-65.81182,-9.76473],[-65.81608,-9.7595],[-65.81896,-9.75852],[-65.82213,-9.75944],[-65.82374,-9.76142],[-65.82224,-9.76751],[-65.82306,-9.76971],[-65.82933,-9.76972],[-65.83268,-9.77117],[-65.83655,-9.77986],[-65.84745,-9.78799],[-65.84724,-9.78954],[-65.84436,-9.79126],[-65.8439,-9.79373],[-65.85099,-9.79344],[-65.85728,-9.7985],[-65.86553,-9.79887],[-65.87283,-9.79714],[-65.87638,-9.79213],[-65.87632,-9.79022],[-65.8715,-9.7861],[-65.87234,-9.77725],[-65.86527,-9.77138],[-65.87281,-9.76409],[-65.8741,-9.7571],[-65.89,-9.75556],[-65.89362,-9.7612],[-65.90337,-9.76398],[-65.90433,-9.76909],[-65.90708,-9.76994],[-65.91818,-9.76568],[-65.91957,-9.76379],[-65.91707,-9.75865],[-65.92427,-9.75604],[-65.92595,-9.75746],[-65.92564,-9.76037],[-65.92815,-9.76223],[-65.92536,-9.76553],[-65.92892,-9.76513],[-65.9323,-9.76893],[-65.93841,-9.77167],[-65.94145,-9.77124],[-65.94199,-9.7653],[-65.94584,-9.76286],[-65.95162,-9.7659],[-65.95736,-9.77178],[-65.97095,-9.77413],[-65.9759,-9.77917],[-65.97717,-9.79138],[-65.97538,-9.79997],[-65.96611,-9.80277],[-65.96554,-9.80456],[-65.96866,-9.8066],[-65.98304,-9.80317],[-65.98451,-9.80538],[-65.98258,-9.80852],[-65.98327,-9.81094],[-65.99025,-9.80317],[-65.99347,-9.80569],[-66.00584,-9.79833],[-66.01181,-9.8036],[-66.02095,-9.81532],[-66.02616,-9.81607],[-66.02819,-9.81488],[-66.03136,-9.80772],[-66.03466,-9.79209],[-66.03853,-9.79009],[-66.0436,-9.79078],[-66.05095,-9.78849],[-66.06039,-9.79022],[-66.07088,-9.7881],[-66.08254,-9.79104],[-66.08585,-9.79363],[-66.08583,-9.79628],[-66.08003,-9.79707],[-66.07854,-9.79927],[-66.08591,-9.80462],[-66.0878,-9.81165],[-66.09111,-9.81787],[-66.09299,-9.81859],[-66.09816,-9.8156],[-66.1005,-9.81001],[-66.10084,-9.80632],[-66.09628,-9.7938],[-66.09777,-9.79062],[-66.10198,-9.78758],[-66.10956,-9.78975],[-66.10916,-9.79404],[-66.11245,-9.79292],[-66.11533,-9.79505],[-66.12131,-9.7962],[-66.12284,-9.7921],[-66.12633,-9.79101],[-66.13001,-9.79438],[-66.13536,-9.79218],[-66.14058,-9.79215],[-66.14169,-9.79512],[-66.14327,-9.79555],[-66.14509,-9.79125],[-66.15025,-9.78941],[-66.17072,-9.79802],[-66.17371,-9.80236],[-66.17355,-9.80758],[-66.17792,-9.8068],[-66.18445,-9.80922],[-66.18874,-9.80756],[-66.19111,-9.80818],[-66.1929,-9.81128],[-66.19338,-9.81781],[-66.18891,-9.81842],[-66.1836,-9.82382],[-66.18355,-9.82577],[-66.18589,-9.82703],[-66.19026,-9.82254],[-66.1925,-9.82218],[-66.19446,-9.82696],[-66.19126,-9.83005],[-66.19109,-9.83204],[-66.19712,-9.83476],[-66.20253,-9.83946],[-66.20996,-9.83779],[-66.21234,-9.83312],[-66.21768,-9.82994],[-66.22005,-9.82643],[-66.22914,-9.82042],[-66.233,-9.81617],[-66.2375,-9.82364],[-66.23723,-9.82908],[-66.23867,-9.82868],[-66.23957,-9.82486],[-66.24307,-9.82293],[-66.24494,-9.82464],[-66.24401,-9.82831],[-66.2497,-9.83496],[-66.25311,-9.83503],[-66.25763,-9.83172],[-66.27175,-9.83641],[-66.27278,-9.83394],[-66.27046,-9.82772],[-66.27141,-9.82724],[-66.27298,-9.8297],[-66.27658,-9.82909],[-66.27787,-9.8321],[-66.28089,-9.83295],[-66.27886,-9.84146],[-66.28306,-9.84521],[-66.28714,-9.84179],[-66.29342,-9.84154],[-66.30151,-9.83421],[-66.30275,-9.83478],[-66.30354,-9.84023],[-66.30558,-9.84021],[-66.30948,-9.83108],[-66.31403,-9.82991],[-66.31523,-9.8306],[-66.31437,-9.83442],[-66.31655,-9.83613],[-66.32509,-9.8342],[-66.33401,-9.83934],[-66.34371,-9.83784],[-66.34938,-9.83882],[-66.35175,-9.84064],[-66.35038,-9.84593],[-66.35584,-9.84875],[-66.35503,-9.85449],[-66.35829,-9.86535],[-66.36037,-9.86686],[-66.36374,-9.86557],[-66.38027,-9.86824],[-66.39595,-9.86377],[-66.40458,-9.86344],[-66.40522,-9.86549],[-66.40324,-9.86865],[-66.40828,-9.87196],[-66.40861,-9.8751],[-66.41168,-9.8757],[-66.41207,-9.8815],[-66.41797,-9.88248],[-66.42482,-9.88973],[-66.42377,-9.89386],[-66.42138,-9.89589],[-66.41446,-9.89342],[-66.41265,-9.89338],[-66.41261,-9.8946],[-66.4267,-9.89972],[-66.42894,-9.89961],[-66.43345,-9.89415],[-66.42494,-9.87289],[-66.42771,-9.86949],[-66.43596,-9.86513],[-66.44473,-9.87103],[-66.45037,-9.87216],[-66.45591,-9.87057],[-66.46072,-9.87336],[-66.46076,-9.87473],[-66.45502,-9.87771],[-66.45677,-9.87977],[-66.46555,-9.87656],[-66.4717,-9.86812],[-66.48443,-9.86678],[-66.49103,-9.86792],[-66.49334,-9.88079],[-66.49735,-9.88434],[-66.5016,-9.88194],[-66.50572,-9.88333],[-66.50204,-9.87495],[-66.50435,-9.87292],[-66.51274,-9.87542],[-66.51807,-9.8746],[-66.51874,-9.88056],[-66.521,-9.88308],[-66.53224,-9.88668],[-66.54062,-9.88416],[-66.54694,-9.87654],[-66.54864,-9.87693],[-66.5485,-9.87967],[-66.55109,-9.88243],[-66.54982,-9.88598],[-66.55291,-9.88912],[-66.5606,-9.88231],[-66.56461,-9.88087],[-66.56986,-9.88581],[-66.56902,-9.88696],[-66.5659,-9.88651],[-66.56544,-9.88813],[-66.57041,-9.89443],[-66.57221,-9.89487],[-66.5777,-9.88978],[-66.58209,-9.89478],[-66.58229,-9.90309],[-66.58406,-9.90627],[-66.59663,-9.89971],[-66.60272,-9.89989],[-66.6131,-9.89639],[-66.62455,-9.89724],[-66.62782,-9.90086],[-66.63194,-9.90216],[-66.62834,-9.90853],[-66.6326,-9.90977],[-66.63803,-9.91513],[-66.63734,-9.91652],[-66.63216,-9.91701],[-66.62936,-9.92264],[-66.63589,-9.92375],[-66.63829,-9.93007],[-66.63703,-9.93082],[-66.63412,-9.92869],[-66.6349,-9.93157],[-66.6291,-9.93287],[-66.62807,-9.93578],[-66.63269,-9.93909],[-66.63527,-9.9375],[-66.63908,-9.9522],[-66.64564,-9.95125],[-66.64273,-9.94903],[-66.64754,-9.94825],[-66.65072,-9.94584],[-66.65192,-9.94355],[-66.65152,-9.93774],[-66.65294,-9.93844],[-66.65476,-9.9439],[-66.6583,-9.93779],[-66.66394,-9.94062],[-66.6667,-9.94717],[-66.66438,-9.95212],[-66.66819,-9.95343],[-66.66972,-9.95768],[-66.66937,-9.96231],[-66.67046,-9.96253],[-66.67231,-9.9595],[-66.67603,-9.95872],[-66.67824,-9.96205],[-66.67613,-9.96366],[-66.67603,-9.96955],[-66.67814,-9.96976],[-66.68246,-9.96727],[-66.69161,-9.96793],[-66.69569,-9.96987],[-66.69507,-9.97333],[-66.7006,-9.97425],[-66.70565,-9.97864],[-66.70977,-9.97857],[-66.71359,-9.98059],[-66.71792,-9.97553],[-66.72262,-9.98061],[-66.72178,-9.9832],[-66.71935,-9.98304],[-66.71993,-9.98443],[-66.72348,-9.98553],[-66.72824,-9.98308],[-66.73265,-9.9856],[-66.7359,-9.99325],[-66.74174,-9.99922],[-66.75038,-9.99592],[-66.7538,-10.00268],[-66.76084,-10.0],[-66.76353,-10.00125],[-66.76514,-10.00787],[-66.77165,-10.01049],[-66.77339,-10.0128],[-66.77114,-10.01853],[-66.77217,-10.02249],[-66.78049,-10.01813],[-66.79234,-10.02326],[-66.79433,-10.02658],[-66.79387,-10.02826],[-66.7989,-10.03003],[-66.80246,-10.03539],[-66.80893,-10.03865],[-66.80333,-10.04392],[-66.80356,-10.04508],[-66.80866,-10.04576],[-66.80956,-10.05001],[-66.81294,-10.04989],[-66.81805,-10.05216],[-66.82395,-10.06041],[-66.83427,-10.06052],[-66.83753,-10.0636],[-66.83756,-10.06532],[-66.83499,-10.06774],[-66.84157,-10.07157],[-66.83854,-10.08126],[-66.83923,-10.08403],[-66.84524,-10.0869],[-66.85018,-10.08642],[-66.85252,-10.08777],[-66.85435,-10.08689],[-66.85152,-10.0828],[-66.8523,-10.08189],[-66.85627,-10.08468],[-66.86565,-10.08349],[-66.86687,-10.08582],[-66.87113,-10.08175],[-66.87473,-10.08153],[-66.87661,-10.08438],[-66.87373,-10.08706],[-66.875,-10.09196],[-66.87206,-10.0958],[-66.87381,-10.10199],[-66.87711,-10.10205],[-66.88071,-10.09664],[-66.8822,-10.1009],[-66.88151,-10.10669],[-66.8848,-10.10906],[-66.88685,-10.10742],[-66.88586,-10.10109],[-66.88802,-10.09935],[-66.88974,-10.10271],[-66.8897,-10.11557],[-66.89392,-10.11318],[-66.89518,-10.11044],[-66.89945,-10.11149],[-66.89793,-10.11384],[-66.89855,-10.1178],[-66.89727,-10.11857],[-66.89846,-10.12057],[-66.89739,-10.12318],[-66.90205,-10.12342],[-66.90334,-10.1279],[-66.91117,-10.12593],[-66.91,-10.13282],[-66.91365,-10.13222],[-66.91428,-10.1295],[-66.91858,-10.13071],[-66.91867,-10.13554],[-66.91451,-10.13636],[-66.91149,-10.13954],[-66.91101,-10.14669],[-66.91216,-10.14789],[-66.9132,-10.14853],[-66.91635,-10.14556],[-66.92463,-10.14335],[-66.93151,-10.14898],[-66.93477,-10.1477],[-66.93358,-10.1556],[-66.93995,-10.1547],[-66.94645,-10.15862],[-66.94749,-10.16175],[-66.94632,-10.16658],[-66.95013,-10.17434],[-66.95147,-10.18465],[-66.95426,-10.18848],[-66.95899,-10.19102],[-66.95952,-10.19],[-66.95683,-10.1863],[-66.95993,-10.18467],[-66.96111,-10.18185],[-66.96473,-10.18456],[-66.96467,-10.18735],[-66.96879,-10.19101],[-66.97365,-10.19135],[-66.97693,-10.18911],[-66.97333,-10.18744],[-66.97531,-10.18478],[-66.98236,-10.18999],[-66.97643,-10.19334],[-66.97585,-10.19605],[-66.98212,-10.19397],[-66.98433,-10.19735],[-66.99221,-10.20345],[-66.99407,-10.20176],[-66.99303,-10.19846],[-66.99695,-10.19875],[-66.99757,-10.20296],[-66.99334,-10.20533],[-66.99535,-10.20718],[-66.99404,-10.21095],[-66.99904,-10.21232],[-67.0009,-10.21782],[-66.99723,-10.2192],[-66.99268,-10.21716],[-66.98927,-10.2208],[-66.99566,-10.22257],[-66.99543,-10.22852],[-66.99951,-10.23266],[-67.00087,-10.22907],[-67.00676,-10.23112],[-67.0053,-10.24335],[-67.00943,-10.24686],[-67.01074,-10.25318],[-67.01585,-10.25848],[-67.0177,-10.25749],[-67.01801,-10.25453],[-67.02335,-10.25433],[-67.02471,-10.25836],[-67.03101,-10.2571],[-67.03499,-10.2647],[-67.04156,-10.26214],[-67.04358,-10.26691],[-67.04616,-10.2653],[-67.05091,-10.2675],[-67.05226,-10.26957],[-67.0525,-10.27303],[-67.04762,-10.27465],[-67.04796,-10.27602],[-67.05267,-10.27687],[-67.05394,-10.27966],[-67.05826,-10.27959],[-67.07184,-10.28633],[-67.07612,-10.28532],[-67.07945,-10.29039],[-67.08212,-10.28867],[-67.08477,-10.29095],[-67.08895,-10.29056],[-67.08755,-10.28649],[-67.09795,-10.28348],[-67.09879,-10.2875],[-67.10444,-10.28673],[-67.10548,-10.28916],[-67.10948,-10.28976],[-67.11399,-10.29298],[-67.12068,-10.29355],[-67.12551,-10.29138],[-67.13707,-10.2983],[-67.13751,-10.30292],[-67.14051,-10.30761],[-67.13745,-10.31063],[-67.13257,-10.31053],[-67.12676,-10.31663],[-67.12984,-10.3176],[-67.13298,-10.31655],[-67.13461,-10.31979],[-67.13777,-10.31577],[-67.13901,-10.31748],[-67.13852,-10.31998],[-67.14287,-10.32627],[-67.14436,-10.32646],[-67.14613,-10.32364],[-67.15397,-10.32859],[-67.16177,-10.32896],[-67.16324,-10.33272],[-67.16941,-10.33714],[-67.17656,-10.33857],[-67.18738,-10.3369],[-67.1869,-10.33459],[-67.1906,-10.32816],[-67.1913,-10.32244],[-67.19377,-10.32319],[-67.20028,-10.32096],[-67.20928,-10.32056],[-67.21082,-10.32357],[-67.21232,-10.32328],[-67.21418,-10.3197],[-67.21666,-10.32263],[-67.2186,-10.32109],[-67.21956,-10.31574],[-67.22284,-10.31352],[-67.22527,-10.31515],[-67.22947,-10.31353],[-67.23447,-10.31453],[-67.23711,-10.31863],[-67.23986,-10.31652],[-67.24139,-10.32239],[-67.24542,-10.32227],[-67.25204,-10.32677],[-67.25354,-10.3296],[-67.25499,-10.32778],[-67.25705,-10.32814],[-67.26603,-10.33278],[-67.26638,-10.33041],[-67.26886,-10.33032],[-67.26969,-10.32736],[-67.27205,-10.3257],[-67.2745,-10.32593],[-67.27711,-10.32438],[-67.27755,-10.32186],[-67.2853,-10.31865],[-67.29123,-10.32057],[-67.29216,-10.32429],[-67.29579,-10.32468],[-67.29721,-10.32359],[-67.29663,-10.32079],[-67.30089,-10.32082],[-67.30192,-10.32358],[-67.30384,-10.32374],[-67.31049,-10.3208],[-67.31152,-10.3228],[-67.31235,-10.31983],[-67.31745,-10.31982],[-67.31621,-10.32149],[-67.32336,-10.32356],[-67.32187,-10.32713],[-67.32548,-10.32773],[-67.32811,-10.33691],[-67.32719,-10.33966],[-67.31963,-10.34271],[-67.31678,-10.34801],[-67.31804,-10.3497],[-67.3164,-10.35141],[-67.3181,-10.35761],[-67.31701,-10.3584],[-67.31947,-10.36033],[-67.31726,-10.36383],[-67.31877,-10.36594],[-67.31853,-10.37042],[-67.31632,-10.37342],[-67.31419,-10.37092],[-67.31306,-10.37169],[-67.31183,-10.3781],[-67.31789,-10.37823],[-67.31988,-10.38248],[-67.32283,-10.38176],[-67.32464,-10.38417],[-67.32657,-10.38131],[-67.3299,-10.38477],[-67.33229,-10.38386],[-67.33235,-10.38248],[-67.33699,-10.38088],[-67.33853,-10.38165],[-67.34261,-10.37912],[-67.34347,-10.38103],[-67.34486,-10.37867],[-67.34797,-10.38243],[-67.3511,-10.38164],[-67.35461,-10.38489],[-67.35489,-10.38856],[-67.35313,-10.38621],[-67.3504,-10.38807],[-67.35269,-10.3909],[-67.3518,-10.39559],[-67.35355,-10.39378],[-67.35657,-10.39588],[-67.35605,-10.39338],[-67.35899,-10.39239],[-67.36055,-10.38814],[-67.36325,-10.38705],[-67.36344,-10.3823],[-67.36867,-10.3789],[-67.37285,-10.38423],[-67.37502,-10.38356],[-67.37954,-10.38586],[-67.38346,-10.38313],[-67.3921,-10.38071],[-67.39449,-10.38565],[-67.39901,-10.37542],[-67.40224,-10.3748],[-67.40315,-10.37655],[-67.40738,-10.37646],[-67.41347,-10.38592],[-67.4176,-10.38899],[-67.41887,-10.38785],[-67.42357,-10.39557],[-67.42057,-10.40251],[-67.41599,-10.40241],[-67.41417,-10.40435],[-67.41604,-10.4097],[-67.41423,-10.40947],[-67.41365,-10.41542],[-67.41096,-10.41971],[-67.41321,-10.42673],[-67.41577,-10.42733],[-67.41721,-10.43062],[-67.42665,-10.42896],[-67.43337,-10.43341],[-67.43241,-10.43742],[-67.43438,-10.44225],[-67.43642,-10.44346],[-67.43474,-10.4453],[-67.43569,-10.44743],[-67.43823,-10.44809],[-67.45244,-10.45906],[-67.45119,-10.46489],[-67.45877,-10.46255],[-67.46246,-10.46031],[-67.4644,-10.45723],[-67.46737,-10.45672],[-67.47347,-10.46336],[-67.4867,-10.47169],[-67.49435,-10.47369],[-67.50306,-10.47268],[-67.50806,-10.47664],[-67.51204,-10.47544],[-67.51647,-10.4792],[-67.51522,-10.48424],[-67.51918,-10.49053],[-67.52286,-10.4933],[-67.54092,-10.4883],[-67.56044,-10.49772],[-67.56526,-10.49738],[-67.57001,-10.50275],[-67.56837,-10.50865],[-67.57148,-10.51488],[-67.57413,-10.51577],[-67.57565,-10.51834],[-67.57975,-10.51881],[-67.57998,-10.52029],[-67.59246,-10.52127],[-67.59492,-10.52392],[-67.59495,-10.5263],[-67.59838,-10.52764],[-67.60366,-10.53727],[-67.60467,-10.54516],[-67.60804,-10.5529],[-67.60715,-10.55775],[-67.60824,-10.56277],[-67.61479,-10.56937],[-67.62518,-10.57269],[-67.62806,-10.57644],[-67.63069,-10.57612],[-67.63695,-10.58528],[-67.63557,-10.5872],[-67.63764,-10.5955],[-67.64336,-10.59539],[-67.64334,-10.59659],[-67.63977,-10.59694],[-67.6409,-10.60108],[-67.64688,-10.60342],[-67.6519,-10.61051],[-67.66133,-10.61704],[-67.67231,-10.60532],[-67.67671,-10.60545],[-67.70918,-10.70994],[-67.71016,-10.70743],[-67.71379,-10.70598],[-67.71347,-10.70818],[-67.71552,-10.70699],[-67.71775,-10.70906],[-67.72072,-10.70891],[-67.72182,-10.7109],[-67.72682,-10.70641],[-67.72887,-10.71254],[-67.7308,-10.71006],[-67.73237,-10.71088],[-67.73088,-10.71268],[-67.73285,-10.71265],[-67.73343,-10.71098],[-67.73559,-10.71078],[-67.73601,-10.71191],[-67.74486,-10.70379],[-67.74533,-10.69545],[-67.74665,-10.69506],[-67.74776,-10.6971],[-67.75597,-10.69435],[-67.75644,-10.68834],[-67.75788,-10.6883],[-67.75788,-10.68637],[-67.76024,-10.68411],[-67.76245,-10.68404],[-67.76625,-10.68817],[-67.76784,-10.68572],[-67.76901,-10.68709],[-67.77157,-10.68442],[-67.7741,-10.68512],[-67.77664,-10.68288],[-67.77441,-10.68164],[-67.77725,-10.68124],[-67.77598,-10.68003],[-67.7777,-10.67927],[-67.77969,-10.68156],[-67.77899,-10.67984],[-67.78118,-10.67951],[-67.78201,-10.67632],[-67.78587,-10.67603],[-67.78657,-10.67792],[-67.78849,-10.67338],[-67.79166,-10.67707],[-67.79853,-10.67075],[-67.79859,-10.6686],[-67.80038,-10.66951],[-67.80484,-10.66648],[-67.80925,-10.66642],[-67.80873,-10.66453],[-67.80718,-10.66528],[-67.80632,-10.6641],[-67.80907,-10.66304],[-67.80888,-10.66062],[-67.81036,-10.65959],[-67.81543,-10.66398],[-67.81791,-10.66299],[-67.81906,-10.66123],[-67.81749,-10.66081],[-67.81922,-10.65899],[-67.81771,-10.65735],[-67.82272,-10.65435],[-67.82224,-10.65181],[-67.82395,-10.65092],[-67.82502,-10.6531],[-67.82793,-10.64996],[-67.83305,-10.65146],[-67.83424,-10.64942],[-67.83451,-10.65062],[-67.83697,-10.65018],[-67.83731,-10.6479],[-67.84007,-10.65062],[-67.84348,-10.65124],[-67.84598,-10.6466],[-67.85344,-10.64633],[-67.85293,-10.64865],[-67.85401,-10.64916],[-67.85595,-10.64614],[-67.85865,-10.64672],[-67.85799,-10.64412],[-67.85935,-10.64547],[-67.86484,-10.63923],[-67.86586,-10.64085],[-67.8664,-10.63931],[-67.86959,-10.64105],[-67.87432,-10.6409],[-67.87625,-10.64326],[-67.87792,-10.64082],[-67.87671,-10.63869],[-67.88074,-10.63986],[-67.88281,-10.63839],[-67.88585,-10.64038],[-67.88635,-10.63823],[-67.88977,-10.63972],[-67.89189,-10.63914],[-67.89003,-10.6433],[-67.89466,-10.64648],[-67.89636,-10.64507],[-67.89802,-10.64596],[-67.89745,-10.64323],[-67.89908,-10.64171],[-67.90113,-10.6432],[-67.90377,-10.64055],[-67.90508,-10.64154],[-67.90527,-10.63992],[-67.90966,-10.64022],[-67.91109,-10.64357],[-67.91345,-10.64465],[-67.91328,-10.64827],[-67.91508,-10.6474],[-67.91659,-10.64837],[-67.91925,-10.65254],[-67.91999,-10.64998],[-67.92357,-10.64911],[-67.9237,-10.65159],[-67.92645,-10.65126],[-67.92908,-10.65286],[-67.92933,-10.65472],[-67.93047,-10.65347],[-67.93504,-10.65465],[-67.93574,-10.65329],[-67.93719,-10.65471],[-67.93832,-10.6529],[-67.94165,-10.65495],[-67.94317,-10.65397],[-67.94189,-10.6539],[-67.94232,-10.65274],[-67.94517,-10.65312],[-67.94794,-10.6495],[-67.94794,-10.65171],[-67.94986,-10.65188],[-67.95045,-10.64984],[-67.95352,-10.65186],[-67.95493,-10.64813],[-67.95695,-10.64995],[-67.95793,-10.64837],[-67.9626,-10.64804],[-67.9643,-10.64849],[-67.96578,-10.65364],[-67.96791,-10.65279],[-67.96713,-10.65455],[-67.96878,-10.65344],[-67.96853,-10.65492],[-67.97093,-10.65422],[-67.97271,-10.65777],[-67.97676,-10.66116],[-67.97809,-10.6597],[-67.97966,-10.66058],[-67.98226,-10.65664],[-67.98533,-10.65619],[-67.98465,-10.65431],[-67.98783,-10.65585],[-67.9894,-10.65334],[-67.9921,-10.65399],[-67.99101,-10.65242],[-67.99282,-10.65061],[-67.99611,-10.65232],[-67.99657,-10.65056],[-68.00247,-10.65008],[-68.00591,-10.65241],[-68.00771,-10.65066],[-68.00829,-10.6527],[-68.00931,-10.6498],[-68.0107,-10.65118],[-68.01066,-10.64954],[-68.01503,-10.64927],[-68.01534,-10.65267],[-68.01658,-10.65053],[-68.02318,-10.65197],[-68.02471,-10.65575],[-68.02719,-10.65534],[-68.02649,-10.65727],[-68.02821,-10.65807],[-68.02999,-10.65604],[-68.03236,-10.65617],[-68.03205,-10.65805],[-68.03355,-10.65804],[-68.03249,-10.65972],[-68.03388,-10.66071],[-68.03336,-10.66203],[-68.03044,-10.66236],[-68.03391,-10.66701],[-68.03663,-10.6661],[-68.03678,-10.66809],[-68.03889,-10.6679],[-68.04066,-10.66962],[-68.04553,-10.66947],[-68.04793,-10.6722],[-68.0526,-10.67258],[-68.05605,-10.67047],[-68.05802,-10.67547],[-68.06113,-10.67537],[-68.06659,-10.67988],[-68.06514,-10.68296],[-68.06728,-10.68526],[-68.0682,-10.68387],[-68.06888,-10.68553],[-68.07254,-10.68678],[-68.07761,-10.68508],[-68.07769,-10.68855],[-68.07884,-10.68807],[-68.07989,-10.68964],[-68.07902,-10.69228],[-68.08189,-10.69295],[-68.08277,-10.69554],[-68.08406,-10.69404],[-68.08716,-10.69649],[-68.0872,-10.69957],[-68.08931,-10.69928],[-68.089,-10.7017],[-68.09081,-10.70168],[-68.09275,-10.70578],[-68.09786,-10.70639],[-68.09795,-10.70785],[-68.09517,-10.70974],[-68.09609,-10.71114],[-68.09977,-10.71105],[-68.10128,-10.7132],[-68.10378,-10.71291],[-68.10229,-10.71504],[-68.10388,-10.71478],[-68.10375,-10.71679],[-68.10632,-10.71654],[-68.10736,-10.71817],[-68.10592,-10.72174],[-68.1064,-10.72527],[-68.10882,-10.72768],[-68.10582,-10.72872],[-68.1086,-10.73182],[-68.10765,-10.74029],[-68.10633,-10.74268],[-68.10418,-10.74248],[-68.10394,-10.74523],[-68.09904,-10.74964],[-68.10349,-10.75412],[-68.10403,-10.76216],[-68.10689,-10.76781],[-68.10532,-10.77773],[-68.10748,-10.77949],[-68.10734,-10.78194],[-68.11509,-10.78479],[-68.12162,-10.78955],[-68.12121,-10.79071],[-68.12323,-10.79065],[-68.12608,-10.79457],[-68.12639,-10.79745],[-68.12851,-10.79766],[-68.12953,-10.80032],[-68.13214,-10.80073],[-68.13305,-10.80561],[-68.13613,-10.80776],[-68.13782,-10.80681],[-68.13792,-10.80913],[-68.13901,-10.809],[-68.1396,-10.81117],[-68.14057,-10.81036],[-68.14383,-10.81656],[-68.14849,-10.82033],[-68.15346,-10.82107],[-68.15378,-10.82439],[-68.15978,-10.82971],[-68.1593,-10.83184],[-68.16067,-10.83303],[-68.16184,-10.83191],[-68.16164,-10.83381],[-68.16492,-10.83461],[-68.16545,-10.83662],[-68.16826,-10.83668],[-68.17442,-10.84211],[-68.17622,-10.84892],[-68.17784,-10.84967],[-68.17841,-10.85271],[-68.18131,-10.85421],[-68.18193,-10.85706],[-68.18918,-10.8575],[-68.1958,-10.85971],[-68.19611,-10.86928],[-68.20154,-10.87473],[-68.20148,-10.87838],[-68.20416,-10.88377],[-68.20323,-10.89002],[-68.20561,-10.89827],[-68.20808,-10.89986],[-68.20726,-10.9056],[-68.22031,-10.90843],[-68.21986,-10.91252],[-68.22448,-10.91503],[-68.22509,-10.91918],[-68.22833,-10.92344],[-68.22701,-10.92615],[-68.22918,-10.9265],[-68.22755,-10.93187],[-68.2312,-10.94104],[-68.22847,-10.94676],[-68.23312,-10.94778],[-68.23666,-10.96098],[-68.24063,-10.96054],[-68.24575,-10.9644],[-68.25252,-10.96676],[-68.2628,-10.97793],[-68.26732,-10.97736],[-68.27403,-10.98146],[-68.27338,-10.98592],[-68.27747,-10.99065],[-68.2868,-10.99396],[-68.29132,-10.99087],[-68.30858,-10.99496],[-68.31172,-10.99918],[-68.32376,-11.00534],[-68.32656,-11.01248],[-68.33141,-11.01585],[-68.33634,-11.01502],[-68.33586,-11.00983],[-68.33703,-11.00872],[-68.34069,-11.00772],[-68.34424,-11.00906],[-68.35102,-11.00709],[-68.36521,-11.01052],[-68.36804,-11.01331],[-68.37521,-11.01469],[-68.38525,-11.02024],[-68.38838,-11.02593],[-68.38732,-11.03109],[-68.38863,-11.04061],[-68.38659,-11.04527],[-68.38878,-11.04874],[-68.40156,-11.05624],[-68.40321,-11.05645],[-68.40883,-11.05145],[-68.40944,-11.0468],[-68.41316,-11.04344],[-68.42448,-11.04443],[-68.42898,-11.03557],[-68.43635,-11.03629],[-68.438,-11.0436],[-68.4467,-11.04934],[-68.45215,-11.04767],[-68.45883,-11.05237],[-68.47215,-11.05427],[-68.4811,-11.05251],[-68.49195,-11.05731],[-68.4941,-11.06092],[-68.50167,-11.06366],[-68.50512,-11.06944],[-68.50835,-11.07061],[-68.52136,-11.08935],[-68.5387,-11.09413],[-68.54186,-11.09683],[-68.54409,-11.10099],[-68.54478,-11.10885],[-68.59035,-11.1154],[-68.64745,-11.13373],[-68.71565,-11.14746],[-68.7109,-11.13665],[-68.71707,-11.12108],[-68.72126,-11.11571],[-68.72205,-11.10676],[-68.73496,-11.09601],[-68.74096,-11.09733],[-68.74932,-11.09555],[-68.75123,-11.09087],[-68.75695,-11.0878],[-68.75961,-11.08248],[-68.75875,-11.07807],[-68.76421,-11.07476],[-68.76596,-11.06921],[-68.76251,-11.06178],[-68.76497,-11.05813],[-68.76491,-11.05177],[-68.76134,-11.04814],[-68.75991,-11.04273],[-68.75267,-11.04035],[-68.74969,-11.03646],[-68.74964,-11.03496],[-68.75133,-11.03556],[-68.7507,-11.03443],[-68.75287,-11.03362],[-68.75141,-11.03117],[-68.75338,-11.03032],[-68.7531,-11.02873],[-68.75118,-11.02872],[-68.75131,-11.02583],[-68.7524,-11.02609],[-68.75153,-11.02401],[-68.75468,-11.02319],[-68.74869,-11.0204],[-68.74856,-11.01882],[-68.75058,-11.01911],[-68.75139,-11.0171],[-68.74752,-11.01022],[-68.74994,-11.00864],[-68.75375,-11.00906],[-68.75808,-11.01229],[-68.75998,-11.01831],[-68.7624,-11.0187],[-68.76386,-11.0161],[-68.76286,-11.01171],[-68.75658,-11.00963],[-68.75937,-11.00391],[-68.75717,-11.00058],[-68.75976,-11.00073],[-68.76972,-11.00746],[-68.77212,-11.00538],[-68.77839,-11.00554],[-68.77953,-10.99872],[-68.78162,-10.99923],[-68.78251,-11.00196],[-68.7871,-11.00479],[-68.78758,-11.00941],[-68.78588,-11.01292],[-68.78883,-11.01515],[-68.79078,-11.01098],[-68.7895,-11.00061],[-68.79686,-11.00078],[-68.79878,-10.998],[-68.79834,-10.9963],[-68.79207,-10.99254],[-68.79268,-10.99037],[-68.79852,-10.99049],[-68.80165,-10.99516],[-68.81158,-10.99512],[-68.8106,-10.99785],[-68.80349,-10.99985],[-68.80315,-11.00155],[-68.81141,-11.00141],[-68.81651,-11.00565],[-68.82194,-11.00279],[-68.82691,-11.00733],[-68.82912,-11.00652],[-68.83133,-11.0014],[-68.82677,-11.00068],[-68.82675,-10.99647],[-68.83387,-10.99293],[-68.83733,-11.00165],[-68.84162,-11.00231],[-68.84584,-10.99956],[-68.84499,-10.99828],[-68.84077,-10.99818],[-68.84195,-10.99303],[-68.84703,-10.99242],[-68.8503,-10.99393],[-68.85448,-11.00186],[-68.86007,-11.00511],[-68.85861,-11.01186],[-68.85973,-11.01688],[-68.87149,-11.01382],[-68.8728,-11.00933],[-68.88292,-11.00904],[-68.88553,-11.01178],[-68.8843,-11.01692],[-68.88064,-11.01776],[-68.87948,-11.01237],[-68.87575,-11.0151],[-68.87732,-11.02137],[-68.88038,-11.02171],[-68.88801,-11.0174],[-68.88838,-11.01218],[-68.89543,-11.00649],[-68.9041,-11.01315],[-68.9076,-11.02141],[-68.91024,-11.02278],[-68.91634,-11.01866],[-68.92048,-11.01373],[-68.92506,-11.01895],[-68.92653,-11.01266],[-68.93112,-11.01357],[-68.93298,-11.00541],[-68.93695,-11.00469],[-68.94079,-11.01022],[-68.94492,-11.01274],[-68.9478,-11.01265],[-68.9472,-11.00472],[-68.95461,-11.00454],[-68.95704,-11.00179],[-68.95262,-10.99019],[-68.96187,-10.99327],[-68.9665,-10.98803],[-68.97213,-10.98905],[-68.98119,-10.99719],[-68.98716,-10.99859],[-68.98676,-11.00338],[-68.98364,-11.00872],[-68.99176,-11.0121],[-68.99483,-11.00963],[-68.99561,-11.00359],[-68.99803,-11.00383],[-69.0003,-11.00877],[-69.00188,-11.00922],[-69.00727,-11.00244],[-69.01547,-11.00274],[-69.01514,-11.00038],[-69.01044,-10.99691],[-69.01153,-10.99251],[-69.01514,-10.99087],[-69.02443,-10.99368],[-69.02699,-10.98949],[-69.02632,-10.98276],[-69.03041,-10.98662],[-69.03365,-10.98686],[-69.03837,-10.97726],[-69.04327,-10.9815],[-69.04854,-10.98186],[-69.0499,-10.97932],[-69.04775,-10.97486],[-69.05133,-10.97516],[-69.05561,-10.98291],[-69.06091,-10.98638],[-69.06406,-10.98024],[-69.06811,-10.97747],[-69.0695,-10.96919],[-69.07192,-10.96751],[-69.07789,-10.97639],[-69.0793,-10.97675],[-69.08326,-10.97173],[-69.08695,-10.97053],[-69.09655,-10.97959],[-69.10194,-10.98189],[-69.10391,-10.98129],[-69.10733,-10.97336],[-69.11181,-10.97175],[-69.11408,-10.97336],[-69.11793,-10.9812],[-69.12047,-10.98179],[-69.12186,-10.97874],[-69.12025,-10.96997],[-69.12276,-10.96695],[-69.12758,-10.96794],[-69.13669,-10.97487],[-69.1379,-10.97364],[-69.1363,-10.97032],[-69.13851,-10.96844],[-69.14747,-10.97247],[-69.15086,-10.97187],[-69.15083,-10.96993],[-69.14395,-10.96397],[-69.14619,-10.96323],[-69.15538,-10.96546],[-69.15604,-10.96256],[-69.15156,-10.95847],[-69.15159,-10.9556],[-69.1548,-10.95616],[-69.16195,-10.9666],[-69.16933,-10.96435],[-69.17084,-10.95917],[-69.18174,-10.95642],[-69.18578,-10.94846],[-69.18971,-10.95085],[-69.20028,-10.94821],[-69.21551,-10.95852],[-69.21994,-10.94903],[-69.22448,-10.9492],[-69.23299,-10.93994],[-69.23517,-10.94757],[-69.24023,-10.95178],[-69.25432,-10.94905],[-69.25807,-10.94614],[-69.25756,-10.94417],[-69.2512,-10.94423],[-69.24977,-10.9413],[-69.25071,-10.93966],[-69.25889,-10.94267],[-69.26338,-10.94114],[-69.27092,-10.94206],[-69.27558,-10.94526],[-69.27501,-10.9487],[-69.27059,-10.95172],[-69.27417,-10.95531],[-69.27805,-10.94822],[-69.2825,-10.94406],[-69.28674,-10.94465],[-69.28513,-10.94896],[-69.28692,-10.95034],[-69.29095,-10.95075],[-69.29698,-10.94692],[-69.30396,-10.9485],[-69.30908,-10.9452],[-69.32048,-10.9445],[-69.32259,-10.93691],[-69.32522,-10.93573],[-69.32703,-10.93766],[-69.32724,-10.94809],[-69.32848,-10.9501],[-69.33068,-10.95025],[-69.33462,-10.94707],[-69.33479,-10.94231],[-69.33653,-10.94083],[-69.34055,-10.94412],[-69.34263,-10.95221],[-69.34708,-10.94761],[-69.34534,-10.93838],[-69.3469,-10.93737],[-69.35016,-10.93877],[-69.35142,-10.93632],[-69.35353,-10.93599],[-69.35792,-10.93794],[-69.35429,-10.94309],[-69.35564,-10.94558],[-69.35772,-10.94535],[-69.36446,-10.93994],[-69.37011,-10.93854],[-69.37373,-10.9405],[-69.37226,-10.94904],[-69.37282,-10.95497],[-69.37474,-10.95651],[-69.37686,-10.95473],[-69.37787,-10.95117],[-69.37812,-10.9421],[-69.38036,-10.94039],[-69.38514,-10.94302],[-69.38882,-10.93934],[-69.38635,-10.93526],[-69.38703,-10.9339],[-69.39547,-10.93512],[-69.39545,-10.93904],[-69.39023,-10.94303],[-69.3934,-10.94579],[-69.39765,-10.94118],[-69.40105,-10.9304],[-69.40521,-10.92927],[-69.41178,-10.93816],[-69.41373,-10.93462],[-69.41395,-10.92715],[-69.41724,-10.92544],[-69.42528,-10.92768],[-69.42482,-10.9347],[-69.42903,-10.93816],[-69.43506,-10.93397],[-69.44785,-10.93507],[-69.45213,-10.93675],[-69.45431,-10.94952],[-69.45822,-10.94687],[-69.46071,-10.95035],[-69.46502,-10.95089],[-69.46819,-10.94971],[-69.4736,-10.94452],[-69.47829,-10.94542],[-69.47615,-10.9517],[-69.47824,-10.95503],[-69.48556,-10.95004],[-69.49347,-10.95119],[-69.49923,-10.94418],[-69.49899,-10.93838],[-69.50099,-10.93633],[-69.50229,-10.93682],[-69.50358,-10.94182],[-69.50768,-10.94391],[-69.52196,-10.93603],[-69.52739,-10.93758],[-69.53285,-10.93617],[-69.53881,-10.93716],[-69.54336,-10.94123],[-69.54094,-10.95157],[-69.54716,-10.95364],[-69.55049,-10.95274],[-69.55073,-10.9475],[-69.55766,-10.94825],[-69.56653,-10.94409],[-69.57098,-10.94605],[-69.57475,-10.94514],[-69.46817,-11.11695],[-69.39612,-11.23738],[-69.32321,-11.35553],[-69.25562,-11.45747],[-69.14855,-11.63641],[-68.96998,-11.9125],[-68.65221,-12.49774],[-68.63754,-12.49844],[-68.61833,-12.49537],[-68.61063,-12.49097],[-68.60323,-12.48444],[-68.59036,-12.47755],[-68.58491,-12.47276],[-68.5626,-12.45914],[-68.55862,-12.45426],[-68.55811,-12.44779],[-68.55968,-12.44433],[-68.58261,-12.41819],[-68.59106,-12.40361],[-68.58818,-12.39693],[-68.58368,-12.39357],[-68.57244,-12.38988],[-68.5639,-12.38969],[-68.51956,-12.39519],[-68.50816,-12.39928],[-68.50222,-12.40329],[-68.49216,-12.41676],[-68.48563,-12.42029],[-68.47199,-12.42323],[-68.4609,-12.42034],[-68.45022,-12.41092],[-68.43849,-12.39748],[-68.41935,-12.38203],[-68.40462,-12.36359],[-68.40166,-12.34982],[-68.40018,-12.33226],[-68.40291,-12.30271],[-68.41438,-12.28115],[-68.41501,-12.27458],[-68.41168,-12.2641],[-68.4041,-12.25422],[-68.37824,-12.23119],[-68.3687,-12.22601],[-68.35823,-12.2225],[-68.33897,-12.22003],[-68.33327,-12.22108],[-68.31753,-12.22771],[-68.31059,-12.22891],[-68.3015,-12.22813],[-68.29288,-12.22462],[-68.28288,-12.21722],[-68.2712,-12.20476],[-68.24982,-12.19228],[-68.24428,-12.18741],[-68.23416,-12.16934],[-68.22529,-12.13827],[-68.22532,-12.12705],[-68.23108,-12.10485],[-68.23064,-12.09833],[-68.22637,-12.08422],[-68.23107,-12.05634],[-68.23173,-12.04097],[-68.23856,-12.02113],[-68.23658,-12.01279],[-68.23335,-12.01081],[-68.20856,-12.00983],[-68.1842,-12.01112],[-68.15645,-12.02211],[-68.15127,-12.02296],[-68.13335,-12.02188],[-68.1281,-12.02444],[-68.11714,-12.03426],[-68.11066,-12.03667],[-68.10358,-12.03725],[-68.09835,-12.03481],[-68.06136,-11.99816],[-68.04637,-11.98849],[-68.01777,-11.97672],[-68.01255,-11.97261],[-67.98708,-11.94827],[-67.97759,-11.93587],[-67.97457,-11.91933],[-67.97757,-11.89949],[-67.98813,-11.87285],[-67.99696,-11.85878],[-67.99626,-11.84968],[-66.96731,-12.49034],[-66.96786,-12.48653],[-66.96624,-12.4823],[-66.96427,-12.48093],[-66.95265,-12.47512],[-66.93664,-12.47559],[-66.93267,-12.47218],[-66.93523,-12.46546],[-66.95319,-12.44552],[-66.96528,-12.42963],[-66.96925,-12.42332],[-66.96977,-12.41863],[-66.93854,-12.39866],[-66.9193,-12.37843],[-66.91294,-12.37563],[-66.89948,-12.3732],[-66.89733,-12.3692],[-66.89758,-12.36123],[-66.9,-12.35169],[-66.90661,-12.342],[-66.92019,-12.3339],[-66.93714,-12.33172],[-66.94605,-12.32757],[-66.94879,-12.3115],[-66.9486,-12.305],[-66.9456,-12.29741],[-66.91008,-12.28539],[-66.89669,-12.26269],[-66.88694,-12.25124],[-66.88518,-12.23794],[-66.88581,-12.21466],[-66.8892,-12.20001],[-66.89312,-12.19372],[-66.89712,-12.19026],[-66.91809,-12.18612],[-66.92064,-12.18435],[-66.9242,-12.17293],[-66.92532,-12.1615],[-66.92195,-12.15344],[-66.87612,-12.11346],[-66.87311,-12.10632],[-66.88432,-12.07655],[-66.88654,-12.06243],[-66.88855,-12.0581],[-66.89533,-12.05477],[-66.90861,-12.05686],[-66.91074,-12.05254],[-66.91001,-12.0473],[-66.89851,-12.02296],[-66.89371,-12.00738],[-66.89383,-12.00288],[-66.90194,-11.97899],[-66.90586,-11.95294],[-66.90843,-11.95045],[-66.91366,-11.9493],[-66.92248,-11.95414],[-66.92527,-11.95464],[-66.92796,-11.95275],[-66.93004,-11.95025],[-66.93094,-11.94416],[-66.9264,-11.93454],[-66.92757,-11.92391],[-66.93455,-11.91547],[-66.94601,-11.90981],[-66.95377,-11.91119],[-66.95737,-11.91695],[-66.95045,-11.93304],[-66.94993,-11.9371],[-66.95234,-11.94011],[-66.9561,-11.94062],[-66.96942,-11.92888],[-66.97384,-11.92221],[-66.97803,-11.91399],[-66.97967,-11.90659],[-66.97911,-11.90001],[-66.97586,-11.89592],[-66.97186,-11.89458],[-66.96468,-11.89692],[-66.9585,-11.89544],[-66.95646,-11.89315],[-66.95546,-11.88016],[-66.95329,-11.87823],[-66.94139,-11.87802],[-66.91885,-11.86554],[-66.91316,-11.86347],[-66.9037,-11.86256],[-66.89366,-11.85794],[-66.85673,-11.82261],[-66.8564,-11.81723],[-66.86785,-11.81229],[-66.87127,-11.80909],[-66.87315,-11.80157],[-66.87104,-11.79259],[-66.87184,-11.78858],[-66.87718,-11.777],[-66.8804,-11.77386],[-66.88653,-11.77291],[-66.89728,-11.77571],[-66.90962,-11.78111],[-66.915,-11.78172],[-66.91792,-11.7806],[-66.91883,-11.77673],[-66.91732,-11.76467],[-66.91046,-11.74711],[-66.90466,-11.7442],[-66.87963,-11.74201],[-66.87016,-11.74294],[-66.8665,-11.74507],[-66.86089,-11.75492],[-66.85209,-11.76289],[-66.83984,-11.76639],[-66.83766,-11.76465],[-66.83509,-11.73981],[-66.8314,-11.72744],[-66.82912,-11.71256],[-66.82611,-11.70622],[-66.81672,-11.69726],[-66.81149,-11.69535],[-66.7792,-11.69281],[-66.77453,-11.69421],[-66.77189,-11.69663],[-66.77112,-11.70193],[-66.77408,-11.71343],[-66.78289,-11.72182],[-66.79363,-11.72721],[-66.79593,-11.73087],[-66.79411,-11.74004],[-66.79074,-11.74274],[-66.78125,-11.74496],[-66.7721,-11.74231],[-66.76487,-11.73608],[-66.76359,-11.7322],[-66.7639,-11.71226],[-66.76204,-11.70851],[-66.72536,-11.69055],[-66.71174,-11.68183],[-66.70601,-11.67132],[-66.70534,-11.66457],[-66.70668,-11.66071],[-66.70859,-11.65857],[-66.71705,-11.65577],[-66.7294,-11.65802],[-66.73349,-11.65733],[-66.73584,-11.65477],[-66.73527,-11.65232],[-66.72948,-11.64855],[-66.72704,-11.64494],[-66.72192,-11.62952],[-66.71096,-11.61796],[-66.71276,-11.61051],[-66.71657,-11.60753],[-66.72051,-11.6067],[-66.73403,-11.60839],[-66.76092,-11.59425],[-66.76283,-11.59125],[-66.76242,-11.5878],[-66.75968,-11.58463],[-66.74767,-11.57618],[-66.72142,-11.56622],[-66.69687,-11.56072],[-66.69222,-11.56097],[-66.68039,-11.56575],[-66.67778,-11.56545],[-66.67577,-11.5617],[-66.67683,-11.53876],[-66.67908,-11.53103],[-66.68636,-11.5122],[-66.69594,-11.49722],[-66.70092,-11.49252],[-66.70881,-11.48814],[-66.71959,-11.48621],[-66.72947,-11.48787],[-66.73401,-11.48417],[-66.73331,-11.47986],[-66.71778,-11.45808],[-66.70529,-11.44653],[-66.695,-11.44287],[-66.68918,-11.44339],[-66.66743,-11.45269],[-66.65059,-11.46676],[-66.64254,-11.47257],[-66.63948,-11.47327],[-66.63615,-11.47166],[-66.63386,-11.46734],[-66.63347,-11.46203],[-66.63353,-11.455],[-66.63896,-11.43063],[-66.63899,-11.42733],[-66.63741,-11.42545],[-66.6316,-11.42397],[-66.61514,-11.428],[-66.5907,-11.42937],[-66.58213,-11.42787],[-66.57387,-11.4245],[-66.55984,-11.41621],[-66.55433,-11.41444],[-66.54706,-11.41438],[-66.53437,-11.41829],[-66.51902,-11.42003],[-66.51507,-11.42229],[-66.51257,-11.42571],[-66.51093,-11.43],[-66.51073,-11.43703],[-66.50719,-11.44202],[-66.50544,-11.44315],[-66.49503,-11.44103],[-66.48295,-11.43019],[-66.47025,-11.42781],[-66.46398,-11.42381],[-66.46307,-11.41759],[-66.46705,-11.40567],[-66.46459,-11.39633],[-66.46138,-11.39214],[-66.44034,-11.37635],[-66.43023,-11.37369],[-66.38963,-11.37818],[-66.3737,-11.37456],[-66.3578,-11.36745],[-66.34157,-11.36435],[-66.32705,-11.3635],[-66.32096,-11.36115],[-66.31794,-11.35869],[-66.31769,-11.35366],[-66.31916,-11.35167],[-66.32965,-11.34904],[-66.33593,-11.34565],[-66.33825,-11.33113],[-66.33149,-11.32347],[-66.31092,-11.31582],[-66.29655,-11.31412],[-66.29029,-11.31549],[-66.2722,-11.32293],[-66.24355,-11.34016],[-66.23306,-11.34264],[-66.22814,-11.34044],[-66.22542,-11.3364],[-66.22578,-11.32909],[-66.2379,-11.30812],[-66.24303,-11.3033],[-66.2699,-11.28963],[-66.27757,-11.27766],[-66.2776,-11.2745],[-66.27544,-11.27262],[-66.27093,-11.27272],[-66.26612,-11.27483],[-66.25625,-11.2733],[-66.25251,-11.26968],[-66.25138,-11.26608],[-66.25509,-11.25783],[-66.26343,-11.25131],[-66.26847,-11.24103],[-66.26969,-11.23487],[-66.26695,-11.21721],[-66.26152,-11.20798],[-66.25805,-11.20637],[-66.2534,-11.20661],[-66.25018,-11.20902],[-66.2472,-11.21645],[-66.24412,-11.21958],[-66.24092,-11.22041],[-66.21645,-11.21158],[-66.20288,-11.20279],[-66.18879,-11.1876],[-66.1858,-11.18183],[-66.1908,-11.14548],[-66.19634,-11.13234],[-66.20045,-11.12836],[-66.21425,-11.12237],[-66.21468,-11.11855],[-66.19591,-11.07681],[-66.19379,-11.07487],[-66.18643,-11.07538],[-66.18332,-11.07707],[-66.17783,-11.08467],[-66.17035,-11.09741],[-66.16518,-11.11113],[-66.16015,-11.1312],[-66.1574,-11.13442],[-66.15294,-11.13553],[-66.13769,-11.1306],[-66.13078,-11.12461],[-66.12639,-11.11826],[-66.12163,-11.10028],[-66.12339,-11.08381],[-66.12695,-11.07581],[-66.1433,-11.05196],[-66.14394,-11.04609],[-66.14178,-11.04363],[-66.13744,-11.04216],[-66.10425,-11.05145],[-66.09337,-11.05063],[-66.09152,-11.04731],[-66.09853,-11.04322],[-66.10347,-11.04255],[-66.10669,-11.03928],[-66.10821,-11.0327],[-66.10656,-11.02279],[-66.0923,-10.99008],[-66.0882,-10.99198],[-66.08139,-10.99252],[-66.06613,-10.99132],[-66.06085,-10.98978],[-66.05786,-10.98661],[-66.04697,-10.94185],[-66.04911,-10.91401],[-66.04728,-10.903],[-66.04373,-10.89555],[-66.03823,-10.88905],[-66.02068,-10.87908],[-66.01543,-10.87186],[-66.0131,-10.86371],[-66.01545,-10.8582],[-66.02145,-10.85492],[-66.0285,-10.85454],[-66.04862,-10.86548],[-66.05595,-10.86707],[-66.06286,-10.86607],[-66.07101,-10.86312],[-66.07612,-10.85666],[-66.07633,-10.85166],[-66.07177,-10.84753],[-66.0442,-10.83137],[-66.01032,-10.81311],[-66.00055,-10.81037],[-65.98253,-10.79855],[-65.97575,-10.79699],[-65.9688,-10.79767],[-65.9354,-10.81347],[-65.91494,-10.82744],[-65.90467,-10.82983],[-65.88107,-10.83055],[-65.85974,-10.83549],[-65.85396,-10.8339],[-65.85072,-10.82966],[-65.84982,-10.82296],[-65.8486,-10.79179],[-65.85177,-10.78437],[-65.86838,-10.7676],[-65.88124,-10.75741],[-65.90302,-10.74558],[-65.90558,-10.74083],[-65.90564,-10.7349],[-65.90376,-10.72915],[-65.8958,-10.71377],[-65.88781,-10.70146],[-65.87997,-10.69335],[-65.8688,-10.68903],[-65.86396,-10.68975],[-65.86026,-10.69258],[-65.84047,-10.718],[-65.83198,-10.73569],[-65.82708,-10.74175],[-65.8201,-10.74417],[-65.81257,-10.74333],[-65.78773,-10.73065],[-65.75308,-10.71691],[-65.73353,-10.70693],[-65.71963,-10.69515],[-65.71106,-10.68359],[-65.70194,-10.65138],[-65.70411,-10.64462],[-65.72465,-10.6119],[-65.73424,-10.59166],[-65.7343,-10.57769],[-65.73198,-10.57167],[-65.72787,-10.56685],[-65.72324,-10.56495],[-65.70989,-10.56571],[-65.68361,-10.56418],[-65.64728,-10.56613],[-65.63333,-10.56358],[-65.62448,-10.55775],[-65.62354,-10.54569],[-65.61805,-10.53991],[-65.58725,-10.53684],[-65.5798,-10.52919],[-65.57484,-10.5202],[-65.55543,-10.5078],[-65.54438,-10.50469],[-65.53598,-10.50422],[-65.52998,-10.50123],[-65.5099,-10.49673],[-65.50208,-10.49159],[-65.49392,-10.4785],[-65.48784,-10.46238],[-65.4864,-10.4463],[-65.48384,-10.43812],[-65.47212,-10.4292],[-65.44817,-10.41466],[-65.43818,-10.41314],[-65.42495,-10.41691],[-65.40815,-10.41405],[-65.40062,-10.4073],[-65.39767,-10.39849],[-65.39782,-10.39259],[-65.391,-10.38122]]]}},{"type":"Feature","properties":{"shapeName":"Potosí","shapeISO":"BO-P","shapeID":"26024454B37550803023778","shapeGroup":"BOL","shapeType":"ADM1"},"geometry":{"type":"MultiPolygon","coordinates":[[[[-68.12957,-20.47813],[-68.13498,-20.4791],[-68.13585,-20.48154],[-68.13475,-20.48432],[-68.13215,-20.48574],[-68.12339,-20.48474],[-68.12317,-20.48085],[-68.12957,-20.47813]]],[[[-68.09072,-20.43996],[-68.09757,-20.43923],[-68.10106,-20.44957],[-68.09839,-20.45354],[-68.10182,-20.45802],[-68.10189,-20.4614],[-68.09791,-20.46725],[-68.10037,-20.46859],[-68.10054,-20.47178],[-68.0998,-20.4754],[-68.09589,-20.47861],[-68.0759,-20.47835],[-68.06402,-20.47514],[-68.05309,-20.46882],[-68.03737,-20.46484],[-68.03259,-20.46],[-68.03447,-20.45562],[-68.03799,-20.45387],[-68.04152,-20.45429],[-68.04717,-20.45065],[-68.0522,-20.45037],[-68.0557,-20.44598],[-68.06598,-20.43931],[-68.07431,-20.44056],[-68.07618,-20.44315],[-68.08338,-20.44014],[-68.09072,-20.43996]]],[[[-67.76271,-20.4176],[-67.77291,-20.41956],[-67.7744,-20.42438],[-67.76777,-20.42611],[-67.76435,-20.42528],[-67.76063,-20.42092],[-67.7605,-20.41869],[-67.76271,-20.4176]]],[[[-68.24275,-20.36556],[-68.25178,-20.36552],[-68.25354,-20.36969],[-68.25085,-20.37364],[-68.2548,-20.37512],[-68.25385,-20.37749],[-68.25155,-20.37826],[-68.24923,-20.38677],[-68.24305,-20.38933],[-68.23758,-20.38596],[-68.23503,-20.38102],[-68.23565,-20.37906],[-68.24072,-20.37771],[-68.23599,-20.37682],[-68.24275,-20.36556]]],[[[-68.04252,-20.36474],[-68.04127,-20.36282],[-68.04419,-20.36165],[-68.04587,-20.36446],[-68.04252,-20.36474]]],[[[-67.7569,-20.36293],[-67.76734,-20.35825],[-67.76473,-20.36193],[-67.76556,-20.36486],[-67.7643,-20.36778],[-67.76782,-20.38545],[-67.77346,-20.39725],[-67.77208,-20.39964],[-67.76031,-20.39995],[-67.74686,-20.39153],[-67.74348,-20.38482],[-67.73735,-20.38278],[-67.73727,-20.38016],[-67.74161,-20.37342],[-67.75032,-20.36878],[-67.7569,-20.36293]]],[[[-68.07975,-20.35417],[-68.08084,-20.35456],[-68.07987,-20.35574],[-68.07853,-20.35435],[-68.07975,-20.35417]]],[[[-67.66905,-20.34714],[-67.67009,-20.3458],[-67.67208,-20.34688],[-67.67222,-20.35177],[-67.67625,-20.35523],[-67.68116,-20.35463],[-67.68261,-20.3587],[-67.67624,-20.35911],[-67.671,-20.36342],[-67.66298,-20.36191],[-67.66122,-20.35802],[-67.66449,-20.34905],[-67.66652,-20.34715],[-67.66905,-20.34714]]],[[[-67.85888,-20.3105],[-67.86389,-20.31131],[-67.86455,-20.31437],[-67.86185,-20.31832],[-67.85469,-20.31888],[-67.85401,-20.31714],[-67.85593,-20.31327],[-67.85888,-20.3105]]],[[[-67.84739,-20.30681],[-67.85387,-20.30707],[-67.85492,-20.31138],[-67.85015,-20.31366],[-67.84677,-20.31293],[-67.84539,-20.30937],[-67.84739,-20.30681]]],[[[-67.82605,-20.28657],[-67.83104,-20.28248],[-67.83598,-20.28462],[-67.84501,-20.29713],[-67.84529,-20.30285],[-67.83589,-20.3036],[-67.82536,-20.30022],[-67.82225,-20.29283],[-67.82487,-20.28343],[-67.82763,-20.28267],[-67.8279,-20.28377],[-67.82504,-20.28547],[-67.82605,-20.28657]]],[[[-67.86541,-20.28311],[-67.86867,-20.28249],[-67.87733,-20.28469],[-67.87588,-20.28669],[-67.87345,-20.28581],[-67.87498,-20.28854],[-67.86918,-20.2945],[-67.86363,-20.29176],[-67.86259,-20.28664],[-67.86541,-20.28311]]],[[[-68.04533,-20.28385],[-68.04603,-20.28218],[-68.04923,-20.28192],[-68.06089,-20.28607],[-68.05864,-20.29133],[-68.05936,-20.29331],[-68.05653,-20.29441],[-68.05424,-20.30747],[-68.05643,-20.31369],[-68.06237,-20.31761],[-68.06177,-20.33035],[-68.05871,-20.33686],[-68.05827,-20.34238],[-68.04953,-20.34889],[-68.05649,-20.35065],[-68.05721,-20.35251],[-68.05519,-20.35319],[-68.04709,-20.35269],[-68.04226,-20.34867],[-68.04137,-20.34936],[-68.04449,-20.35194],[-68.04381,-20.35263],[-68.02759,-20.34204],[-68.0212,-20.34451],[-68.01547,-20.33941],[-68.00746,-20.33869],[-68.00398,-20.33411],[-67.99998,-20.33223],[-67.99556,-20.3239],[-67.99521,-20.31924],[-67.99751,-20.31536],[-67.99697,-20.30784],[-67.99247,-20.29996],[-67.99335,-20.29016],[-67.99959,-20.2858],[-68.00424,-20.28763],[-68.00229,-20.2973],[-68.00343,-20.30775],[-67.99998,-20.31348],[-68.00083,-20.31498],[-68.00819,-20.3141],[-68.00632,-20.31587],[-68.00704,-20.31947],[-68.0114,-20.32297],[-68.0108,-20.32633],[-68.0081,-20.32717],[-68.00666,-20.3295],[-68.00768,-20.3329],[-68.01062,-20.33329],[-68.01316,-20.33665],[-68.02001,-20.33913],[-68.02165,-20.3367],[-68.02025,-20.3308],[-68.02142,-20.32944],[-68.01948,-20.32577],[-68.02152,-20.32333],[-68.02118,-20.31905],[-68.0097,-20.31709],[-68.00969,-20.31299],[-68.0135,-20.31212],[-68.01769,-20.30094],[-68.02003,-20.30163],[-68.02055,-20.3081],[-68.02309,-20.3086],[-68.02527,-20.30739],[-68.02447,-20.30141],[-68.02648,-20.30087],[-68.02835,-20.30578],[-68.03212,-20.30958],[-68.02925,-20.31462],[-68.0223,-20.31539],[-68.02259,-20.31806],[-68.02321,-20.31937],[-68.02708,-20.31948],[-68.02804,-20.32109],[-68.02565,-20.32452],[-68.02613,-20.32758],[-68.03098,-20.32988],[-68.03351,-20.32387],[-68.03241,-20.3224],[-68.03419,-20.32134],[-68.03223,-20.3194],[-68.03037,-20.32045],[-68.02823,-20.31758],[-68.03163,-20.3172],[-68.03308,-20.31504],[-68.03743,-20.3137],[-68.03777,-20.31247],[-68.03561,-20.31146],[-68.04033,-20.30725],[-68.04081,-20.30345],[-68.04209,-20.30318],[-68.04142,-20.30127],[-68.04353,-20.30085],[-68.04316,-20.29864],[-68.04601,-20.29792],[-68.04495,-20.29545],[-68.04287,-20.29665],[-68.0377,-20.29623],[-68.03594,-20.29342],[-68.03897,-20.29111],[-68.04334,-20.29256],[-68.04132,-20.28869],[-68.04428,-20.2866],[-68.04533,-20.28385]]],[[[-68.05666,-20.27862],[-68.0602,-20.2788],[-68.0618,-20.28056],[-68.05893,-20.2828],[-68.05632,-20.28107],[-68.05666,-20.27862]]],[[[-67.84366,-20.2831],[-67.84084,-20.28184],[-67.83741,-20.27701],[-67.83763,-20.27323],[-67.83956,-20.27178],[-67.84362,-20.27525],[-67.84976,-20.2778],[-67.84921,-20.28215],[-67.84366,-20.2831]]],[[[-67.81864,-20.26381],[-67.81794,-20.26292],[-67.81919,-20.26282],[-67.81864,-20.26381]]],[[[-67.84388,-20.26587],[-67.84259,-20.25872],[-67.8451,-20.25716],[-67.85001,-20.25964],[-67.85178,-20.264],[-67.85064,-20.26591],[-67.85457,-20.2664],[-67.85302,-20.2701],[-67.85583,-20.27029],[-67.85685,-20.2725],[-67.85373,-20.27375],[-67.85255,-20.27021],[-67.84789,-20.26892],[-67.84939,-20.26619],[-67.84731,-20.26726],[-67.84388,-20.26587]]],[[[-68.0645,-20.25657],[-68.06614,-20.25719],[-68.06882,-20.27033],[-68.0665,-20.27649],[-68.06443,-20.27708],[-68.05959,-20.27433],[-68.05901,-20.26871],[-68.05569,-20.26732],[-68.05504,-20.26946],[-68.0531,-20.26968],[-68.05069,-20.26725],[-68.05053,-20.26456],[-68.05236,-20.25809],[-68.0645,-20.25657]]],[[[-67.9778,-20.25747],[-67.978,-20.25638],[-67.9799,-20.25733],[-67.9778,-20.25747]]],[[[-67.62213,-20.23921],[-67.62569,-20.24106],[-67.62766,-20.24004],[-67.6284,-20.24288],[-67.62617,-20.24576],[-67.62465,-20.2458],[-67.62213,-20.23921]]],[[[-67.97816,-20.23787],[-67.97726,-20.23707],[-67.97926,-20.23595],[-67.97816,-20.23787]]],[[[-67.80908,-20.23337],[-67.80844,-20.2312],[-67.81046,-20.23271],[-67.80908,-20.23337]]],[[[-67.97449,-20.23079],[-67.97586,-20.22945],[-67.97765,-20.23091],[-67.97564,-20.23482],[-67.97294,-20.23222],[-67.97449,-20.23079]]],[[[-67.87855,-20.23332],[-67.87532,-20.23158],[-67.87565,-20.22892],[-67.88024,-20.23114],[-67.87855,-20.23332]]],[[[-67.81057,-20.2184],[-67.81728,-20.21802],[-67.82043,-20.221],[-67.81026,-20.22369],[-67.81057,-20.2184]]],[[[-67.87113,-20.22601],[-67.86928,-20.22079],[-67.87112,-20.21614],[-67.87113,-20.22601]]],[[[-67.93988,-20.20048],[-67.9397,-20.19951],[-67.94359,-20.20303],[-67.94487,-20.20693],[-67.9401,-20.21262],[-67.9358,-20.21286],[-67.93199,-20.20822],[-67.93203,-20.20391],[-67.93427,-20.20084],[-67.93988,-20.20048]]],[[[-67.93858,-20.18679],[-67.94369,-20.18706],[-67.94381,-20.19062],[-67.9368,-20.19426],[-67.92979,-20.19294],[-67.93212,-20.18802],[-67.93858,-20.18679]]],[[[-67.87211,-20.18831],[-67.87702,-20.18562],[-67.88112,-20.18],[-67.88429,-20.17952],[-67.88715,-20.18135],[-67.88529,-20.1871],[-67.88225,-20.18877],[-67.87842,-20.18846],[-67.86895,-20.19448],[-67.86951,-20.19042],[-67.87211,-20.18831]]],[[[-67.9437,-20.17272],[-67.94648,-20.17073],[-67.95005,-20.17768],[-67.94953,-20.18064],[-67.94643,-20.18219],[-67.94178,-20.1803],[-67.94099,-20.17868],[-67.9437,-20.17272]]],[[[-67.80755,-20.15465],[-67.80235,-20.14449],[-67.80204,-20.14102],[-67.80518,-20.13487],[-67.80983,-20.13155],[-67.81194,-20.13302],[-67.81022,-20.13454],[-67.81181,-20.13835],[-67.81043,-20.14166],[-67.81374,-20.14556],[-67.81463,-20.14973],[-67.81149,-20.15444],[-67.80755,-20.15465]]],[[[-67.808,-20.11735],[-67.81045,-20.1173],[-67.80756,-20.12094],[-67.808,-20.11735]]],[[[-67.80265,-20.10908],[-67.80214,-20.10762],[-67.80358,-20.10873],[-67.80265,-20.10908]]],[[[-68.19778,-19.98771],[-68.19632,-19.98403],[-68.19768,-19.98306],[-68.19947,-19.98606],[-68.19778,-19.98771]]],[[[-68.17171,-19.98204],[-68.17373,-19.98289],[-68.17037,-19.98533],[-68.16978,-19.98247],[-68.17171,-19.98204]]],[[[-68.16182,-19.97742],[-68.16436,-19.97748],[-68.16625,-19.97992],[-68.16114,-19.98279],[-68.15808,-19.98105],[-68.15859,-19.97864],[-68.16182,-19.97742]]],[[[-68.18557,-19.97098],[-68.18866,-19.96903],[-68.19198,-19.97098],[-68.20146,-19.97087],[-68.20436,-19.97272],[-68.19873,-19.97965],[-68.1953,-19.98162],[-68.18889,-19.98372],[-68.18248,-19.98203],[-68.18205,-19.9852],[-68.1807,-19.98523],[-68.17891,-19.98217],[-68.18557,-19.97098]]],[[[-68.2012,-19.96965],[-68.20503,-19.96647],[-68.20883,-19.96929],[-68.20709,-19.97251],[-68.20508,-19.97028],[-68.2012,-19.96965]]],[[[-67.77078,-19.96848],[-67.76671,-19.96437],[-67.76622,-19.9591],[-67.7719,-19.9653],[-67.77078,-19.96848]]],[[[-67.81121,-19.94816],[-67.81557,-19.9496],[-67.8102,-19.94848],[-67.81121,-19.94816]]],[[[-67.76297,-19.94605],[-67.76371,-19.94312],[-67.75829,-19.93293],[-67.75982,-19.93181],[-67.77169,-19.94793],[-67.77164,-19.94897],[-67.76933,-19.94813],[-67.76788,-19.94921],[-67.76613,-19.9536],[-67.76378,-19.95535],[-67.76387,-19.95731],[-67.75916,-19.95417],[-67.75446,-19.94746],[-67.75766,-19.94871],[-67.75868,-19.94465],[-67.76297,-19.94605]]],[[[-67.78379,-19.94593],[-67.77532,-19.93578],[-67.77479,-19.93107],[-67.78379,-19.94593]]],[[[-67.84363,-19.89543],[-67.84143,-19.89326],[-67.842,-19.89165],[-67.84468,-19.89468],[-67.84363,-19.89543]]],[[[-67.83486,-19.84075],[-67.839,-19.83426],[-67.83985,-19.83851],[-67.83884,-19.84047],[-67.83705,-19.8418],[-67.83486,-19.84075]]],[[[-65.34567,-18.41788],[-65.35122,-18.40796],[-65.3636,-18.40045],[-65.36496,-18.39828],[-65.37365,-18.39402],[-65.37891,-18.38771],[-65.38203,-18.38649],[-65.38765,-18.38012],[-65.39313,-18.37725],[-65.39569,-18.37315],[-65.40438,-18.36728],[-65.42006,-18.36249],[-65.42229,-18.36281],[-65.42927,-18.36855],[-65.43941,-18.36514],[-65.44117,-18.36044],[-65.44697,-18.3575],[-65.44856,-18.35388],[-65.45549,-18.34966],[-65.45753,-18.34528],[-65.46352,-18.34113],[-65.46343,-18.33409],[-65.47129,-18.32534],[-65.47503,-18.31469],[-65.47563,-18.31016],[-65.47287,-18.30474],[-65.47923,-18.30188],[-65.47961,-18.29769],[-65.47711,-18.29441],[-65.47855,-18.29324],[-65.4839,-18.29612],[-65.4883,-18.29158],[-65.4931,-18.27828],[-65.50115,-18.26893],[-65.50231,-18.25727],[-65.51008,-18.25528],[-65.51543,-18.2522],[-65.52232,-18.25332],[-65.52681,-18.2454],[-65.53381,-18.24234],[-65.53552,-18.2467],[-65.53887,-18.24533],[-65.54405,-18.24641],[-65.54945,-18.23762],[-65.55429,-18.23824],[-65.56129,-18.23416],[-65.56477,-18.2342],[-65.5716,-18.22247],[-65.57481,-18.22132],[-65.5789,-18.21561],[-65.58387,-18.21429],[-65.58459,-18.20787],[-65.59163,-18.20715],[-65.59371,-18.20579],[-65.59396,-18.20357],[-65.59669,-18.20356],[-65.60007,-18.18788],[-65.6031,-18.18503],[-65.60421,-18.17589],[-65.61259,-18.1696],[-65.61416,-18.16571],[-65.61668,-18.16448],[-65.62258,-18.15698],[-65.63221,-18.15208],[-65.63355,-18.14627],[-65.63921,-18.14216],[-65.63798,-18.13741],[-65.64087,-18.13663],[-65.64554,-18.13889],[-65.65061,-18.13912],[-65.65421,-18.13349],[-65.66117,-18.13156],[-65.66522,-18.12638],[-65.66852,-18.12567],[-65.67067,-18.12042],[-65.6763,-18.12014],[-65.68086,-18.11655],[-65.68409,-18.11257],[-65.68424,-18.10756],[-65.6882,-18.09923],[-65.69341,-18.09421],[-65.69757,-18.09426],[-65.70423,-18.08872],[-65.70891,-18.07828],[-65.71505,-18.0755],[-65.72404,-18.06807],[-65.72801,-18.06746],[-65.72955,-18.06063],[-65.73324,-18.06115],[-65.74132,-18.05877],[-65.74075,-18.0543],[-65.74408,-18.04972],[-65.75196,-18.0487],[-65.75567,-18.04339],[-65.76443,-18.04126],[-65.76789,-18.03609],[-65.77223,-18.03703],[-65.78339,-18.0319],[-65.78337,-18.02726],[-65.78127,-18.02395],[-65.78252,-18.02101],[-65.78695,-18.0199],[-65.78775,-18.01688],[-65.7908,-18.01387],[-65.79823,-18.01275],[-65.80067,-18.00904],[-65.80406,-18.00875],[-65.80649,-18.01048],[-65.8125,-18.00839],[-65.81589,-18.00219],[-65.82707,-17.99691],[-65.83034,-17.98775],[-65.83566,-17.98693],[-65.83664,-17.98455],[-65.84327,-17.97965],[-65.84508,-17.97424],[-65.84879,-17.97396],[-65.85124,-17.97629],[-65.85277,-17.97444],[-65.85769,-17.97501],[-65.86411,-17.97133],[-65.86758,-17.97094],[-65.87119,-17.97559],[-65.87517,-17.97765],[-65.88773,-17.97987],[-65.88792,-17.98307],[-65.89242,-17.98372],[-65.89499,-17.98727],[-65.90656,-17.98692],[-65.91399,-17.99158],[-65.92566,-17.99448],[-65.93396,-17.99209],[-65.93444,-17.98381],[-65.94121,-17.98137],[-65.94309,-17.97737],[-65.94129,-17.96238],[-65.94311,-17.9602],[-65.94309,-17.95619],[-65.94866,-17.95476],[-65.95041,-17.9492],[-65.95646,-17.94671],[-65.95951,-17.94695],[-65.96061,-17.95296],[-65.96427,-17.95318],[-65.96755,-17.95163],[-65.97451,-17.94233],[-65.98444,-17.93901],[-65.98855,-17.93519],[-65.99278,-17.91799],[-66.00176,-17.91069],[-66.00658,-17.90026],[-66.01003,-17.89764],[-66.01328,-17.88887],[-66.01659,-17.88583],[-66.01691,-17.8752],[-66.02307,-17.87397],[-66.02571,-17.86802],[-66.02538,-17.86355],[-66.03491,-17.85552],[-66.03558,-17.85055],[-66.04106,-17.84643],[-66.04387,-17.83884],[-66.0533,-17.83469],[-66.05941,-17.82729],[-66.0624,-17.82729],[-66.06925,-17.82235],[-66.07329,-17.82188],[-66.07759,-17.81871],[-66.08087,-17.81923],[-66.08268,-17.81384],[-66.092,-17.80817],[-66.10048,-17.80711],[-66.1042,-17.81554],[-66.10771,-17.8195],[-66.10989,-17.82708],[-66.11244,-17.82725],[-66.11355,-17.83382],[-66.11624,-17.83679],[-66.11669,-17.8396],[-66.11556,-17.84243],[-66.11752,-17.84988],[-66.11574,-17.85353],[-66.11646,-17.85831],[-66.1339,-17.87807],[-66.14626,-17.88444],[-66.15221,-17.89072],[-66.15864,-17.8993],[-66.15693,-17.9033],[-66.1594,-17.90343],[-66.16391,-17.907],[-66.16167,-17.91157],[-66.16597,-17.91519],[-66.16538,-17.92559],[-66.1722,-17.92799],[-66.17988,-17.93343],[-66.19025,-17.9305],[-66.19697,-17.92621],[-66.20336,-17.93092],[-66.20987,-17.9319],[-66.21068,-17.93529],[-66.21606,-17.9352],[-66.21929,-17.93758],[-66.21921,-17.94136],[-66.22202,-17.9423],[-66.22334,-17.94933],[-66.22603,-17.95263],[-66.23662,-17.94869],[-66.24724,-17.95317],[-66.2496,-17.93741],[-66.25166,-17.93426],[-66.26083,-17.93919],[-66.2662,-17.94607],[-66.26652,-17.95136],[-66.27196,-17.95385],[-66.27798,-17.96403],[-66.28089,-17.96602],[-66.28731,-17.96262],[-66.30925,-17.96176],[-66.32017,-17.94947],[-66.32682,-17.95279],[-66.33765,-17.95355],[-66.34268,-17.9569],[-66.34352,-17.95969],[-66.35092,-17.96002],[-66.35929,-17.95692],[-66.37196,-17.95662],[-66.37208,-17.95809],[-66.38105,-17.95992],[-66.38783,-17.96409],[-66.39534,-17.96332],[-66.41292,-17.97071],[-66.41935,-17.97566],[-66.43142,-17.97344],[-66.44494,-17.97856],[-66.44615,-17.98115],[-66.46127,-17.99338],[-66.47261,-18.00056],[-66.47184,-18.00367],[-66.47448,-18.00658],[-66.48528,-18.01381],[-66.49343,-18.02205],[-66.51207,-18.03635],[-66.51839,-18.0466],[-66.53345,-18.05844],[-66.53211,-18.06578],[-66.52967,-18.06866],[-66.5243,-18.08213],[-66.52341,-18.08953],[-66.52745,-18.0891],[-66.53149,-18.08526],[-66.53508,-18.08502],[-66.53576,-18.08343],[-66.53723,-18.08405],[-66.54004,-18.08213],[-66.54571,-18.08289],[-66.54847,-18.08029],[-66.56459,-18.07599],[-66.57655,-18.08285],[-66.59532,-18.08428],[-66.6011,-18.08235],[-66.60751,-18.08554],[-66.61293,-18.09296],[-66.61399,-18.09688],[-66.6185,-18.09711],[-66.62043,-18.10558],[-66.62615,-18.11253],[-66.63061,-18.11628],[-66.63694,-18.11889],[-66.65954,-18.11784],[-66.67061,-18.11083],[-66.67644,-18.10928],[-66.67794,-18.11336],[-66.68031,-18.11342],[-66.6815,-18.11143],[-66.68479,-18.11198],[-66.68625,-18.11374],[-66.68398,-18.11439],[-66.68387,-18.11604],[-66.69024,-18.12022],[-66.69559,-18.12129],[-66.70494,-18.12042],[-66.71242,-18.11662],[-66.72471,-18.11588],[-66.7575,-18.13493],[-66.76101,-18.13592],[-66.78523,-18.13565],[-66.77907,-18.14995],[-66.7728,-18.16027],[-66.76753,-18.16577],[-66.75975,-18.16991],[-66.7576,-18.20618],[-66.76294,-18.2087],[-66.76372,-18.21641],[-66.75767,-18.22737],[-66.74873,-18.23258],[-66.7462,-18.24098],[-66.72971,-18.24043],[-66.72568,-18.24198],[-66.72465,-18.2446],[-66.72174,-18.24509],[-66.69614,-18.23461],[-66.68898,-18.23271],[-66.67567,-18.23265],[-66.66755,-18.23838],[-66.65598,-18.23573],[-66.65227,-18.23882],[-66.64425,-18.241],[-66.63969,-18.24084],[-66.63153,-18.23665],[-66.62184,-18.23836],[-66.61593,-18.23707],[-66.60527,-18.23836],[-66.5978,-18.23616],[-66.58929,-18.24128],[-66.58464,-18.24613],[-66.57844,-18.24662],[-66.56948,-18.25026],[-66.56666,-18.24815],[-66.56227,-18.2477],[-66.55898,-18.24361],[-66.55268,-18.24326],[-66.55146,-18.24472],[-66.55036,-18.24273],[-66.54483,-18.2442],[-66.54137,-18.24717],[-66.53143,-18.24686],[-66.52817,-18.24929],[-66.52983,-18.26145],[-66.53366,-18.26347],[-66.53459,-18.26664],[-66.53778,-18.26589],[-66.54024,-18.26921],[-66.54278,-18.26819],[-66.54407,-18.26571],[-66.544,-18.27175],[-66.54648,-18.27236],[-66.54804,-18.27087],[-66.54972,-18.27438],[-66.55411,-18.27669],[-66.55863,-18.27508],[-66.56238,-18.27716],[-66.56569,-18.27678],[-66.5685,-18.27933],[-66.57436,-18.27827],[-66.5807,-18.27916],[-66.58669,-18.28203],[-66.61444,-18.27929],[-66.62728,-18.28734],[-66.63526,-18.28689],[-66.63862,-18.28837],[-66.64395,-18.29355],[-66.6614,-18.29561],[-66.66606,-18.30724],[-66.67859,-18.31641],[-66.70291,-18.32354],[-66.7081,-18.32881],[-66.72932,-18.34045],[-66.71489,-18.36201],[-66.71424,-18.37804],[-66.69861,-18.40323],[-66.69719,-18.40835],[-66.7,-18.41901],[-66.69763,-18.4356],[-66.68706,-18.46238],[-66.68152,-18.47167],[-66.68409,-18.47429],[-66.68113,-18.4928],[-66.68143,-18.50116],[-66.67554,-18.50461],[-66.67153,-18.515],[-66.66612,-18.52111],[-66.66306,-18.53285],[-66.6644,-18.53542],[-66.66279,-18.54103],[-66.65781,-18.54809],[-66.65679,-18.5532],[-66.65772,-18.5669],[-66.65659,-18.56932],[-66.65094,-18.57297],[-66.64987,-18.57809],[-66.64233,-18.58957],[-66.63947,-18.59881],[-66.64069,-18.61178],[-66.64541,-18.61347],[-66.64658,-18.61719],[-66.64417,-18.63032],[-66.63581,-18.64592],[-66.63198,-18.64908],[-66.62923,-18.6494],[-66.61792,-18.64559],[-66.60695,-18.65064],[-66.61195,-18.65998],[-66.60489,-18.6628],[-66.60523,-18.66676],[-66.60056,-18.66617],[-66.59562,-18.67449],[-66.59479,-18.67896],[-66.59454,-18.68258],[-66.59587,-18.68421],[-66.59487,-18.68701],[-66.60191,-18.69417],[-66.59783,-18.69781],[-66.58859,-18.69584],[-66.58132,-18.70278],[-66.5796,-18.70655],[-66.57748,-18.70598],[-66.57641,-18.70748],[-66.57616,-18.71441],[-66.56475,-18.71822],[-66.5621,-18.71665],[-66.55575,-18.71915],[-66.53697,-18.72104],[-66.53822,-18.73676],[-66.53718,-18.74906],[-66.5321,-18.77369],[-66.52916,-18.7778],[-66.52176,-18.78228],[-66.50253,-18.78813],[-66.4997,-18.7873],[-66.48314,-18.76966],[-66.47747,-18.76133],[-66.47816,-18.75176],[-66.47494,-18.73151],[-66.47076,-18.71941],[-66.46047,-18.70705],[-66.45558,-18.70689],[-66.44819,-18.70377],[-66.44596,-18.7044],[-66.44224,-18.7017],[-66.43733,-18.70851],[-66.42984,-18.70665],[-66.42797,-18.70417],[-66.42345,-18.70777],[-66.4233,-18.70974],[-66.4133,-18.7077],[-66.41013,-18.71237],[-66.3982,-18.71281],[-66.39234,-18.71702],[-66.37747,-18.74091],[-66.37429,-18.75199],[-66.36435,-18.76533],[-66.35716,-18.78053],[-66.35242,-18.7922],[-66.3512,-18.80393],[-66.34607,-18.81],[-66.3417,-18.82311],[-66.34285,-18.82973],[-66.33313,-18.85245],[-66.33002,-18.86276],[-66.33052,-18.86749],[-66.32215,-18.88476],[-66.32007,-18.89595],[-66.31577,-18.89907],[-66.31129,-18.90956],[-66.31318,-18.92175],[-66.30182,-18.93325],[-66.30173,-18.9478],[-66.29849,-18.97074],[-66.30174,-18.99064],[-66.29509,-18.99607],[-66.28167,-19.01477],[-66.26894,-19.00891],[-66.24845,-19.00819],[-66.24153,-19.00516],[-66.22809,-18.9949],[-66.22516,-18.99421],[-66.22136,-18.99602],[-66.21522,-18.99384],[-66.21227,-18.99459],[-66.20337,-18.99094],[-66.19827,-18.98696],[-66.19339,-18.98672],[-66.18822,-18.98274],[-66.18388,-18.98222],[-66.18388,-18.98485],[-66.18109,-18.98655],[-66.17915,-18.99057],[-66.17623,-19.02067],[-66.17188,-19.01988],[-66.15287,-19.03072],[-66.13531,-19.05408],[-66.13005,-19.05361],[-66.12496,-19.05927],[-66.12041,-19.06182],[-66.11481,-19.07028],[-66.10633,-19.07647],[-66.10602,-19.08465],[-66.10199,-19.08589],[-66.09297,-19.08509],[-66.09081,-19.0923],[-66.08731,-19.0967],[-66.0861,-19.09978],[-66.0872,-19.10338],[-66.09136,-19.10393],[-66.09304,-19.10572],[-66.10282,-19.12083],[-66.09901,-19.12909],[-66.10304,-19.14001],[-66.11272,-19.14996],[-66.11273,-19.15701],[-66.10776,-19.1633],[-66.10447,-19.17077],[-66.10117,-19.17239],[-66.10073,-19.17449],[-66.10408,-19.18124],[-66.11413,-19.19021],[-66.11895,-19.19686],[-66.12418,-19.20828],[-66.12565,-19.21561],[-66.12912,-19.21887],[-66.12946,-19.22261],[-66.12527,-19.23735],[-66.13001,-19.24311],[-66.13015,-19.24558],[-66.13909,-19.24531],[-66.14601,-19.2394],[-66.15073,-19.2389],[-66.15304,-19.23407],[-66.16139,-19.23374],[-66.16455,-19.23637],[-66.17183,-19.23774],[-66.17882,-19.2418],[-66.18886,-19.24208],[-66.20184,-19.25275],[-66.21706,-19.2565],[-66.22129,-19.26206],[-66.22282,-19.27426],[-66.22912,-19.28622],[-66.24579,-19.2934],[-66.25741,-19.30029],[-66.26241,-19.30154],[-66.26997,-19.2986],[-66.27212,-19.30323],[-66.27106,-19.3141],[-66.27655,-19.31706],[-66.28429,-19.32857],[-66.30403,-19.37058],[-66.33583,-19.41542],[-66.35688,-19.45367],[-66.3903,-19.45758],[-66.42898,-19.40627],[-66.46027,-19.38077],[-66.50208,-19.3599],[-66.54577,-19.38625],[-66.55726,-19.39559],[-66.56355,-19.39874],[-66.57557,-19.40128],[-66.58395,-19.42099],[-66.59058,-19.42615],[-66.60294,-19.42768],[-66.62137,-19.42557],[-66.6391,-19.42726],[-66.6577,-19.43264],[-66.65878,-19.43048],[-66.66213,-19.4302],[-66.66903,-19.43423],[-66.67997,-19.44438],[-66.69976,-19.44841],[-66.7089,-19.44632],[-66.71726,-19.44086],[-66.72642,-19.43729],[-66.73184,-19.42986],[-66.73492,-19.42925],[-66.7413,-19.43693],[-66.74522,-19.43546],[-66.75027,-19.43693],[-66.7533,-19.43139],[-66.7521,-19.42731],[-66.75461,-19.42736],[-66.76161,-19.43],[-66.76963,-19.42968],[-66.78818,-19.43352],[-66.78929,-19.43558],[-66.79318,-19.43638],[-66.79657,-19.44182],[-66.80197,-19.44291],[-66.80241,-19.44734],[-66.80734,-19.45025],[-66.81438,-19.44937],[-66.81527,-19.45074],[-66.81818,-19.45067],[-66.82311,-19.45495],[-66.84525,-19.45472],[-66.84936,-19.4477],[-66.85659,-19.44741],[-66.86414,-19.43895],[-66.87148,-19.43638],[-66.87337,-19.43034],[-66.87703,-19.42742],[-66.87718,-19.42425],[-66.88086,-19.42199],[-66.88173,-19.41362],[-66.88601,-19.41341],[-66.89172,-19.40962],[-66.90112,-19.40772],[-66.91404,-19.39772],[-66.92295,-19.39338],[-66.92696,-19.38871],[-66.93725,-19.38213],[-66.93959,-19.37834],[-66.94795,-19.3774],[-66.94818,-19.37271],[-66.95223,-19.36955],[-66.96012,-19.36798],[-66.98026,-19.3719],[-66.9865,-19.37347],[-66.99541,-19.37953],[-66.9992,-19.38049],[-67.00357,-19.3786],[-67.01314,-19.37084],[-67.01878,-19.36875],[-67.02381,-19.36929],[-67.03522,-19.37379],[-67.0416,-19.3808],[-67.04371,-19.38096],[-67.05063,-19.37776],[-67.05515,-19.36965],[-67.0586,-19.37089],[-67.0595,-19.37409],[-67.06371,-19.37439],[-67.06718,-19.37267],[-67.0746,-19.36033],[-67.08077,-19.35601],[-67.08549,-19.35821],[-67.08923,-19.37556],[-67.10127,-19.39482],[-67.10889,-19.41133],[-67.14335,-19.42039],[-67.16198,-19.43865],[-67.17186,-19.44208],[-67.17267,-19.44347],[-67.18063,-19.44476],[-67.19289,-19.44956],[-67.20296,-19.44675],[-67.21106,-19.4462],[-67.21797,-19.44136],[-67.22408,-19.44258],[-67.23438,-19.43625],[-67.24172,-19.43521],[-67.25061,-19.43147],[-67.256,-19.43148],[-67.26775,-19.42856],[-67.26991,-19.4347],[-67.26452,-19.44062],[-67.26225,-19.44856],[-67.25918,-19.44928],[-67.25991,-19.45499],[-67.25626,-19.46377],[-67.24375,-19.47204],[-67.23523,-19.4809],[-67.22904,-19.48155],[-67.22584,-19.48393],[-67.22536,-19.49111],[-67.22772,-19.49564],[-67.23169,-19.49798],[-67.23485,-19.50388],[-67.23719,-19.50448],[-67.23687,-19.50709],[-67.23257,-19.50884],[-67.23152,-19.51248],[-67.22915,-19.51401],[-67.23067,-19.5245],[-67.22588,-19.53333],[-67.22975,-19.53624],[-67.22328,-19.55023],[-67.2187,-19.55426],[-67.21829,-19.55932],[-67.22485,-19.56557],[-67.23092,-19.5672],[-67.23047,-19.57342],[-67.23212,-19.57839],[-67.23027,-19.58151],[-67.2318,-19.58357],[-67.20924,-19.6011],[-67.20294,-19.61534],[-67.20363,-19.61671],[-67.20808,-19.61711],[-67.20935,-19.62535],[-67.20709,-19.62921],[-67.21034,-19.63184],[-67.21258,-19.64262],[-67.21181,-19.64938],[-67.20723,-19.65805],[-67.20635,-19.67034],[-67.21006,-19.67491],[-67.21232,-19.67439],[-67.21324,-19.67788],[-67.21436,-19.67738],[-67.21387,-19.6818],[-67.22582,-19.68957],[-67.23185,-19.69137],[-67.24305,-19.69112],[-67.25655,-19.69927],[-67.25809,-19.70663],[-67.25737,-19.71593],[-67.26502,-19.72613],[-67.27391,-19.7489],[-67.291,-19.76517],[-67.28462,-19.76417],[-67.2774,-19.76941],[-67.27747,-19.7757],[-67.27484,-19.7792],[-67.26785,-19.77803],[-67.26414,-19.77879],[-67.25827,-19.78332],[-67.24426,-19.78888],[-67.23673,-19.79514],[-67.22988,-19.80294],[-67.22367,-19.81585],[-67.22412,-19.82348],[-67.21933,-19.83277],[-67.22214,-19.84373],[-67.22035,-19.85098],[-67.21539,-19.85231],[-67.21435,-19.85592],[-67.21139,-19.85856],[-67.20526,-19.85911],[-67.20396,-19.86136],[-67.20035,-19.86216],[-67.1943,-19.87075],[-67.19299,-19.87848],[-67.19421,-19.88175],[-67.1918,-19.88503],[-67.19122,-19.89028],[-67.18861,-19.89292],[-67.18852,-19.89703],[-67.18218,-19.90679],[-67.18223,-19.91647],[-67.17797,-19.92139],[-67.17876,-19.9248],[-67.17395,-19.93362],[-67.17532,-19.9376],[-67.17423,-19.94039],[-67.17552,-19.94356],[-67.17511,-19.95077],[-67.17772,-19.95205],[-67.17912,-19.95559],[-67.17604,-19.95925],[-67.17616,-19.96387],[-67.17988,-19.96717],[-67.18225,-19.96721],[-67.18641,-19.97185],[-67.18023,-19.97276],[-67.1845,-19.9738],[-67.1851,-19.97574],[-67.18106,-19.97541],[-67.18028,-19.97834],[-67.17692,-19.97913],[-67.18301,-19.98419],[-67.18679,-19.98978],[-67.18433,-19.99027],[-67.1794,-19.98509],[-67.1763,-19.98445],[-67.17974,-19.98656],[-67.1796,-19.98909],[-67.18418,-19.99441],[-67.19057,-19.99716],[-67.18845,-19.99898],[-67.18933,-20.00182],[-67.1856,-20.00215],[-67.18554,-20.00544],[-67.18324,-20.00636],[-67.1789,-20.00274],[-67.17522,-20.00282],[-67.16545,-19.99685],[-67.16029,-19.99831],[-67.15773,-20.00271],[-67.15757,-20.01002],[-67.15209,-20.01468],[-67.15277,-20.02147],[-67.1548,-20.02366],[-67.15248,-20.02581],[-67.15075,-20.0367],[-67.1404,-20.04637],[-67.14139,-20.05041],[-67.13892,-20.05261],[-67.15081,-20.06667],[-67.1504,-20.06925],[-67.15354,-20.07326],[-67.15323,-20.07947],[-67.16007,-20.09609],[-67.15785,-20.10294],[-67.16193,-20.10985],[-67.16777,-20.12999],[-67.16762,-20.13358],[-67.16199,-20.14063],[-67.15992,-20.14831],[-67.15508,-20.1563],[-67.14267,-20.16495],[-67.13534,-20.17486],[-67.12472,-20.17973],[-67.11981,-20.18491],[-67.11529,-20.18726],[-67.1123,-20.19374],[-67.1062,-20.1986],[-67.10381,-20.20357],[-67.09889,-20.20876],[-67.0854,-20.21847],[-67.06614,-20.22533],[-67.0554,-20.22543],[-67.04582,-20.22789],[-67.0346,-20.22785],[-67.02688,-20.23119],[-67.01853,-20.23824],[-67.01349,-20.24507],[-67.01053,-20.25259],[-67.01073,-20.26661],[-66.99909,-20.28731],[-66.99134,-20.29345],[-66.98095,-20.31262],[-66.96723,-20.32797],[-66.96168,-20.33081],[-66.9236,-20.36054],[-66.91677,-20.37845],[-66.90943,-20.39174],[-66.9096,-20.39329],[-66.91291,-20.39417],[-66.91347,-20.39631],[-66.9201,-20.39819],[-66.92577,-20.39734],[-66.92807,-20.39813],[-66.93032,-20.40177],[-66.93842,-20.40195],[-66.94063,-20.40405],[-66.95033,-20.40247],[-66.95437,-20.4031],[-66.95702,-20.39982],[-66.96493,-20.39638],[-66.96541,-20.3944],[-66.96901,-20.39446],[-66.97085,-20.39705],[-66.97022,-20.39443],[-66.97431,-20.39191],[-66.97411,-20.39578],[-66.97627,-20.3994],[-66.97978,-20.3999],[-66.98168,-20.39489],[-66.98237,-20.39831],[-66.98619,-20.39703],[-66.98981,-20.4032],[-66.98744,-20.40764],[-66.98176,-20.40925],[-66.98497,-20.41392],[-66.97828,-20.41365],[-66.97934,-20.41539],[-66.98657,-20.41718],[-66.98452,-20.41804],[-66.9837,-20.42149],[-66.99024,-20.41996],[-66.99155,-20.42346],[-66.98936,-20.42304],[-66.98943,-20.42399],[-66.99122,-20.42657],[-66.99225,-20.42516],[-66.99608,-20.4266],[-66.99558,-20.43058],[-66.99779,-20.43186],[-66.99024,-20.43946],[-66.98545,-20.4422],[-66.98881,-20.44112],[-66.98961,-20.44253],[-66.99753,-20.43963],[-67.00245,-20.43388],[-67.00652,-20.43407],[-67.00843,-20.43154],[-67.0117,-20.43442],[-67.01397,-20.43432],[-67.01427,-20.43599],[-67.01679,-20.43536],[-67.01764,-20.43701],[-67.01907,-20.4355],[-67.03004,-20.44833],[-67.03874,-20.45199],[-67.04025,-20.4573],[-67.04659,-20.46288],[-67.05382,-20.47784],[-67.05868,-20.47787],[-67.05971,-20.48047],[-67.06876,-20.47965],[-67.07071,-20.48261],[-67.07521,-20.48241],[-67.0761,-20.48353],[-67.07799,-20.48802],[-67.07521,-20.49181],[-67.06759,-20.49564],[-67.05531,-20.50535],[-67.05536,-20.5075],[-67.07135,-20.49441],[-67.07612,-20.49257],[-67.07941,-20.49506],[-67.08439,-20.49509],[-67.08971,-20.49043],[-67.08936,-20.48686],[-67.09097,-20.48563],[-67.09577,-20.48504],[-67.09949,-20.48196],[-67.1052,-20.48243],[-67.1065,-20.48371],[-67.10815,-20.4888],[-67.10367,-20.49165],[-67.10154,-20.49719],[-67.10112,-20.50066],[-67.10331,-20.50657],[-67.09951,-20.51131],[-67.09957,-20.5137],[-67.1041,-20.52564],[-67.10416,-20.53648],[-67.10998,-20.54462],[-67.11502,-20.56157],[-67.11654,-20.57211],[-67.11449,-20.57365],[-67.10397,-20.57357],[-67.10101,-20.5764],[-67.09961,-20.58083],[-67.10284,-20.58419],[-67.10386,-20.58836],[-67.10877,-20.58596],[-67.11417,-20.57953],[-67.11797,-20.57781],[-67.12279,-20.58457],[-67.12249,-20.58737],[-67.12557,-20.59178],[-67.13074,-20.60569],[-67.12841,-20.61024],[-67.11842,-20.60838],[-67.12211,-20.60965],[-67.12383,-20.6125],[-67.12193,-20.6135],[-67.11943,-20.61088],[-67.11536,-20.61403],[-67.1111,-20.62148],[-67.11303,-20.62554],[-67.10914,-20.6243],[-67.10622,-20.62504],[-67.1063,-20.6278],[-67.10229,-20.62971],[-67.10383,-20.63407],[-67.10973,-20.63478],[-67.11357,-20.63813],[-67.11383,-20.64032],[-67.11598,-20.64084],[-67.11895,-20.63848],[-67.11744,-20.63508],[-67.12176,-20.63364],[-67.12169,-20.63078],[-67.12548,-20.62849],[-67.13071,-20.63085],[-67.1342,-20.62857],[-67.13595,-20.62967],[-67.13947,-20.62844],[-67.14364,-20.62911],[-67.15371,-20.62397],[-67.19378,-20.62462],[-67.20102,-20.62645],[-67.20449,-20.63066],[-67.20391,-20.63677],[-67.20549,-20.63679],[-67.20401,-20.64034],[-67.20565,-20.64012],[-67.20472,-20.64791],[-67.20659,-20.6378],[-67.20864,-20.64205],[-67.20889,-20.64757],[-67.20724,-20.6522],[-67.21022,-20.64616],[-67.20796,-20.63786],[-67.21016,-20.63848],[-67.21051,-20.63265],[-67.21641,-20.63179],[-67.21811,-20.63442],[-67.22191,-20.63518],[-67.22856,-20.63359],[-67.23335,-20.62903],[-67.2326,-20.62044],[-67.22837,-20.6215],[-67.22808,-20.61993],[-67.23392,-20.61869],[-67.23973,-20.61965],[-67.24662,-20.61699],[-67.25642,-20.61933],[-67.26404,-20.62537],[-67.26692,-20.62992],[-67.26795,-20.63636],[-67.27187,-20.64159],[-67.27387,-20.64143],[-67.27685,-20.6437],[-67.27289,-20.63687],[-67.27439,-20.63386],[-67.2796,-20.64404],[-67.2927,-20.65139],[-67.29421,-20.66243],[-67.29931,-20.67079],[-67.28661,-20.66001],[-67.28472,-20.66052],[-67.28591,-20.66468],[-67.28262,-20.66426],[-67.28011,-20.6669],[-67.28702,-20.67063],[-67.28816,-20.67447],[-67.28718,-20.67742],[-67.28924,-20.67637],[-67.28865,-20.6785],[-67.2907,-20.6782],[-67.29085,-20.68084],[-67.29295,-20.67952],[-67.29466,-20.68067],[-67.29327,-20.68185],[-67.29511,-20.68242],[-67.29532,-20.68642],[-67.30218,-20.68506],[-67.29786,-20.68808],[-67.30671,-20.68494],[-67.30437,-20.68658],[-67.30567,-20.68867],[-67.30728,-20.68839],[-67.30343,-20.69144],[-67.30935,-20.68875],[-67.30471,-20.69296],[-67.31044,-20.68917],[-67.30514,-20.69734],[-67.30722,-20.69696],[-67.30554,-20.69991],[-67.30753,-20.69799],[-67.31113,-20.69751],[-67.30783,-20.69986],[-67.30597,-20.70425],[-67.31033,-20.69865],[-67.30907,-20.70257],[-67.31302,-20.70243],[-67.31456,-20.70325],[-67.3136,-20.70501],[-67.31522,-20.7039],[-67.31647,-20.70548],[-67.31215,-20.71038],[-67.3156,-20.71144],[-67.32071,-20.70793],[-67.32636,-20.70689],[-67.32058,-20.71211],[-67.31928,-20.71444],[-67.32084,-20.71243],[-67.3216,-20.71351],[-67.31869,-20.71606],[-67.32144,-20.71563],[-67.32044,-20.71727],[-67.32454,-20.71773],[-67.32432,-20.71878],[-67.32572,-20.71797],[-67.325,-20.71939],[-67.32744,-20.71902],[-67.32865,-20.72218],[-67.33573,-20.71979],[-67.3444,-20.71449],[-67.34709,-20.70998],[-67.34886,-20.71058],[-67.35114,-20.70694],[-67.35868,-20.70913],[-67.36144,-20.70787],[-67.3682,-20.71044],[-67.37271,-20.70854],[-67.37706,-20.70974],[-67.37514,-20.70693],[-67.38633,-20.70175],[-67.39213,-20.70065],[-67.39411,-20.70334],[-67.39339,-20.70044],[-67.3946,-20.69826],[-67.40212,-20.69394],[-67.41205,-20.69163],[-67.41796,-20.6942],[-67.41863,-20.69194],[-67.42755,-20.68823],[-67.43892,-20.67958],[-67.44441,-20.67989],[-67.44791,-20.67688],[-67.45036,-20.67751],[-67.45962,-20.67047],[-67.46474,-20.6701],[-67.46866,-20.66791],[-67.48211,-20.6684],[-67.48277,-20.6651],[-67.48641,-20.66393],[-67.48443,-20.66315],[-67.48156,-20.6649],[-67.47907,-20.66407],[-67.47308,-20.66518],[-67.47154,-20.66426],[-67.47827,-20.66184],[-67.49103,-20.6502],[-67.49935,-20.64867],[-67.50329,-20.65022],[-67.5226,-20.63707],[-67.536,-20.62412],[-67.54121,-20.62188],[-67.54541,-20.61538],[-67.55134,-20.61026],[-67.55629,-20.59964],[-67.56254,-20.59528],[-67.57123,-20.57119],[-67.57856,-20.55571],[-67.58293,-20.55217],[-67.59604,-20.53577],[-67.60394,-20.52901],[-67.61126,-20.51541],[-67.62359,-20.50458],[-67.64239,-20.47761],[-67.65274,-20.46679],[-67.69081,-20.43386],[-67.70149,-20.41878],[-67.69986,-20.41153],[-67.70118,-20.40763],[-67.72621,-20.38531],[-67.73106,-20.39444],[-67.73283,-20.39479],[-67.73569,-20.39872],[-67.74356,-20.40058],[-67.74709,-20.40689],[-67.74853,-20.41844],[-67.74752,-20.42718],[-67.7456,-20.43076],[-67.7472,-20.43112],[-67.75133,-20.44146],[-67.75911,-20.44744],[-67.75922,-20.45007],[-67.75497,-20.45359],[-67.75521,-20.45631],[-67.75998,-20.46622],[-67.76241,-20.48284],[-67.76933,-20.49372],[-67.77393,-20.49521],[-67.77691,-20.4999],[-67.77747,-20.50151],[-67.77379,-20.51019],[-67.77762,-20.51295],[-67.78167,-20.50654],[-67.78449,-20.50599],[-67.78204,-20.51132],[-67.78523,-20.51636],[-67.78057,-20.51697],[-67.78125,-20.51862],[-67.78367,-20.51891],[-67.78373,-20.52499],[-67.78613,-20.5248],[-67.78653,-20.52145],[-67.78898,-20.52675],[-67.78913,-20.5277],[-67.78723,-20.52751],[-67.78946,-20.53413],[-67.80567,-20.53857],[-67.80994,-20.53749],[-67.81061,-20.53473],[-67.8089,-20.53264],[-67.80524,-20.53298],[-67.80221,-20.52913],[-67.79908,-20.53005],[-67.79542,-20.52657],[-67.78877,-20.52425],[-67.78758,-20.52262],[-67.78835,-20.51875],[-67.79071,-20.51845],[-67.79233,-20.51606],[-67.79303,-20.51106],[-67.79529,-20.51146],[-67.79707,-20.51421],[-67.79805,-20.52037],[-67.79958,-20.51861],[-67.80212,-20.52008],[-67.80202,-20.52478],[-67.80369,-20.52559],[-67.80416,-20.52123],[-67.80678,-20.51783],[-67.80546,-20.51226],[-67.80895,-20.5132],[-67.8138,-20.51209],[-67.81558,-20.51555],[-67.81758,-20.51399],[-67.81983,-20.51529],[-67.82075,-20.51326],[-67.82288,-20.51578],[-67.82358,-20.51404],[-67.82675,-20.51581],[-67.83323,-20.5147],[-67.83618,-20.5106],[-67.84134,-20.51431],[-67.84611,-20.51482],[-67.85233,-20.51327],[-67.85916,-20.51534],[-67.86246,-20.51404],[-67.8731,-20.4937],[-67.87036,-20.48015],[-67.87276,-20.47527],[-67.87269,-20.46001],[-67.8696,-20.45209],[-67.8635,-20.44453],[-67.8612,-20.43897],[-67.85847,-20.42312],[-67.85377,-20.41829],[-67.8519,-20.40718],[-67.8551,-20.39958],[-67.85151,-20.39167],[-67.8509,-20.37852],[-67.8472,-20.37653],[-67.83888,-20.3628],[-67.83716,-20.35302],[-67.83856,-20.34612],[-67.84782,-20.33518],[-67.85026,-20.32901],[-67.85554,-20.32314],[-67.86186,-20.32162],[-67.86585,-20.32333],[-67.86872,-20.32124],[-67.87225,-20.32109],[-67.87798,-20.31673],[-67.88104,-20.30453],[-67.88909,-20.30669],[-67.89485,-20.29715],[-67.89631,-20.29196],[-67.8953,-20.28884],[-67.90078,-20.27981],[-67.89963,-20.27302],[-67.90146,-20.26897],[-67.89988,-20.26705],[-67.90031,-20.26466],[-67.90423,-20.26264],[-67.9123,-20.25254],[-67.91764,-20.23815],[-67.92445,-20.23084],[-67.9294,-20.22092],[-67.93314,-20.22197],[-67.93305,-20.22556],[-67.93839,-20.22253],[-67.93972,-20.22559],[-67.93776,-20.233],[-67.9388,-20.23666],[-67.94805,-20.24629],[-67.95266,-20.2489],[-67.95538,-20.24817],[-67.96037,-20.23406],[-67.96721,-20.23277],[-67.9671,-20.23008],[-67.971,-20.23073],[-67.97129,-20.23325],[-67.9695,-20.23428],[-67.97402,-20.23756],[-67.97349,-20.24033],[-67.97621,-20.24228],[-67.97697,-20.24789],[-67.97471,-20.25092],[-67.97641,-20.25455],[-67.97121,-20.25676],[-67.97883,-20.26189],[-67.97059,-20.26882],[-67.97641,-20.26873],[-67.97638,-20.28055],[-67.9846,-20.27628],[-67.98569,-20.27688],[-67.98332,-20.28327],[-67.98578,-20.2837],[-67.98475,-20.29426],[-67.98623,-20.29932],[-67.99156,-20.30236],[-67.99322,-20.31198],[-67.99128,-20.32905],[-67.98693,-20.34117],[-67.99099,-20.35405],[-67.98959,-20.35895],[-67.99183,-20.36148],[-68.00011,-20.36466],[-67.99994,-20.36749],[-68.00143,-20.36782],[-68.00174,-20.37258],[-67.99955,-20.37503],[-67.99939,-20.37789],[-67.9952,-20.38117],[-67.99144,-20.38809],[-67.99016,-20.39324],[-67.99146,-20.39586],[-67.99105,-20.40115],[-67.98956,-20.40574],[-67.99589,-20.41184],[-67.99713,-20.41039],[-67.9995,-20.41426],[-68.00032,-20.41202],[-68.00485,-20.41152],[-68.01282,-20.40725],[-68.02462,-20.40632],[-68.02787,-20.40918],[-68.02647,-20.41196],[-68.0269,-20.41799],[-68.02202,-20.42035],[-68.00817,-20.42114],[-68.00693,-20.42326],[-68.00895,-20.42662],[-68.01625,-20.42448],[-68.01979,-20.426],[-68.02279,-20.42784],[-68.02489,-20.43305],[-68.02443,-20.44121],[-68.02815,-20.44935],[-68.02975,-20.46615],[-68.03221,-20.46909],[-68.03265,-20.47315],[-68.03208,-20.47428],[-68.02885,-20.47427],[-68.03073,-20.47541],[-68.02845,-20.47681],[-68.03002,-20.47701],[-68.02965,-20.48005],[-68.0316,-20.48099],[-68.0306,-20.48295],[-68.02772,-20.48291],[-68.02794,-20.48603],[-68.02304,-20.49525],[-68.02223,-20.50673],[-68.02508,-20.51931],[-68.02935,-20.52339],[-68.03075,-20.52926],[-68.03523,-20.53306],[-68.03766,-20.5398],[-68.05293,-20.54976],[-68.05608,-20.54928],[-68.05727,-20.55198],[-68.06463,-20.55536],[-68.06698,-20.55549],[-68.06734,-20.55387],[-68.07607,-20.55529],[-68.0776,-20.55363],[-68.08135,-20.55432],[-68.08686,-20.55281],[-68.08853,-20.55519],[-68.09014,-20.55315],[-68.09221,-20.55396],[-68.09397,-20.55091],[-68.09997,-20.5507],[-68.10139,-20.54849],[-68.1062,-20.54847],[-68.12713,-20.54054],[-68.12929,-20.53655],[-68.13431,-20.53814],[-68.13666,-20.53727],[-68.13905,-20.54002],[-68.14071,-20.53775],[-68.14222,-20.53912],[-68.14664,-20.53745],[-68.15269,-20.53903],[-68.15394,-20.53754],[-68.15946,-20.53661],[-68.16512,-20.539],[-68.17115,-20.53787],[-68.1864,-20.54151],[-68.197,-20.54071],[-68.20761,-20.5381],[-68.21286,-20.53318],[-68.21633,-20.53184],[-68.21663,-20.5271],[-68.22174,-20.5266],[-68.22512,-20.52456],[-68.2258,-20.52296],[-68.22412,-20.51929],[-68.22745,-20.5174],[-68.22555,-20.51561],[-68.23298,-20.51306],[-68.23407,-20.50186],[-68.23799,-20.49802],[-68.23334,-20.49004],[-68.23377,-20.48304],[-68.23187,-20.48116],[-68.23197,-20.47898],[-68.23436,-20.47564],[-68.24383,-20.47281],[-68.24412,-20.46735],[-68.2482,-20.46336],[-68.2462,-20.46311],[-68.24168,-20.45856],[-68.24023,-20.44809],[-68.23811,-20.44527],[-68.24067,-20.43954],[-68.23828,-20.43715],[-68.24181,-20.43304],[-68.24313,-20.42564],[-68.25344,-20.41776],[-68.24938,-20.41346],[-68.24877,-20.40866],[-68.2538,-20.40317],[-68.25657,-20.40233],[-68.25529,-20.40091],[-68.25678,-20.39973],[-68.25551,-20.39899],[-68.25804,-20.39792],[-68.25963,-20.39292],[-68.26388,-20.39242],[-68.26589,-20.38627],[-68.27177,-20.38105],[-68.27047,-20.37592],[-68.26671,-20.37753],[-68.26689,-20.37264],[-68.26302,-20.37395],[-68.25872,-20.36838],[-68.25902,-20.3649],[-68.2645,-20.36028],[-68.2618,-20.35894],[-68.26123,-20.3562],[-68.26677,-20.35624],[-68.26012,-20.34879],[-68.26241,-20.34784],[-68.2674,-20.341],[-68.2694,-20.33398],[-68.27249,-20.32961],[-68.27515,-20.32766],[-68.27632,-20.32901],[-68.27675,-20.32662],[-68.27245,-20.32719],[-68.26286,-20.3209],[-68.26407,-20.30392],[-68.26238,-20.30021],[-68.23645,-20.28787],[-68.2317,-20.28207],[-68.23103,-20.27944],[-68.23279,-20.27369],[-68.22959,-20.26585],[-68.23265,-20.25757],[-68.23266,-20.25185],[-68.22765,-20.24086],[-68.22776,-20.23636],[-68.22358,-20.23075],[-68.22625,-20.21719],[-68.21806,-20.20461],[-68.21636,-20.19916],[-68.21931,-20.19064],[-68.21473,-20.18815],[-68.21676,-20.1853],[-68.21474,-20.1794],[-68.21888,-20.17343],[-68.21544,-20.16391],[-68.21629,-20.16073],[-68.21377,-20.15771],[-68.21186,-20.15815],[-68.20009,-20.1531],[-68.18732,-20.14261],[-68.18248,-20.14137],[-68.17952,-20.1386],[-68.16403,-20.13729],[-68.15909,-20.13448],[-68.16046,-20.1317],[-68.16417,-20.12933],[-68.1807,-20.12562],[-68.18678,-20.1264],[-68.19338,-20.1237],[-68.20139,-20.11798],[-68.21686,-20.11264],[-68.2219,-20.10474],[-68.22252,-20.09698],[-68.22104,-20.09416],[-68.21709,-20.09297],[-68.21376,-20.09521],[-68.20724,-20.09636],[-68.20029,-20.09215],[-68.19587,-20.08447],[-68.19756,-20.07846],[-68.21065,-20.06812],[-68.20926,-20.05262],[-68.20686,-20.05079],[-68.20071,-20.04984],[-68.20092,-20.04649],[-68.19864,-20.04452],[-68.19861,-20.04023],[-68.20305,-20.03512],[-68.20533,-20.0291],[-68.21352,-20.02103],[-68.21137,-20.01959],[-68.21242,-20.01814],[-68.20578,-20.00709],[-68.20362,-19.99431],[-68.20044,-19.99542],[-68.1989,-20.00209],[-68.20269,-20.00587],[-68.20224,-20.01076],[-68.20482,-20.01252],[-68.20685,-20.01698],[-68.20642,-20.01946],[-68.19629,-20.0277],[-68.19327,-20.03672],[-68.18864,-20.0365],[-68.18719,-20.03299],[-68.19214,-20.02134],[-68.19092,-20.01353],[-68.19494,-20.00393],[-68.19883,-20.00115],[-68.19663,-19.9971],[-68.19905,-19.99397],[-68.20398,-19.99392],[-68.20561,-19.9809],[-68.20964,-19.97076],[-68.21483,-19.96391],[-68.23344,-19.94782],[-68.23502,-19.94024],[-68.23105,-19.93346],[-68.23236,-19.93223],[-68.23096,-19.93128],[-68.23311,-19.93016],[-68.22794,-19.92986],[-68.22663,-19.92852],[-68.22881,-19.9281],[-68.22761,-19.92763],[-68.22067,-19.92891],[-68.21791,-19.92773],[-68.21329,-19.92222],[-68.20528,-19.91823],[-68.20309,-19.90732],[-68.19844,-19.90522],[-68.19053,-19.90527],[-68.18696,-19.90233],[-68.18165,-19.90225],[-68.18209,-19.90056],[-68.17906,-19.89833],[-68.17727,-19.89327],[-68.1828,-19.88178],[-68.179,-19.87904],[-68.17864,-19.88195],[-68.17504,-19.88255],[-68.17097,-19.87742],[-68.16991,-19.87058],[-68.16843,-19.8737],[-68.16398,-19.87175],[-68.16128,-19.87233],[-68.16179,-19.86953],[-68.16616,-19.86897],[-68.16693,-19.86716],[-68.16124,-19.86425],[-68.15437,-19.86453],[-68.14613,-19.86029],[-68.14148,-19.84955],[-68.1341,-19.84561],[-68.12836,-19.83883],[-68.10484,-19.83273],[-68.10498,-19.82769],[-68.10906,-19.82539],[-68.11378,-19.8272],[-68.11404,-19.82483],[-68.11189,-19.82514],[-68.11026,-19.82336],[-68.11014,-19.81716],[-68.10896,-19.81854],[-68.10549,-19.81878],[-68.10142,-19.81675],[-68.10299,-19.81115],[-68.10494,-19.8117],[-68.10505,-19.80809],[-68.10378,-19.80881],[-68.1022,-19.80764],[-68.10337,-19.80588],[-68.09914,-19.79922],[-68.09108,-19.79587],[-68.08269,-19.78752],[-68.06874,-19.78297],[-68.05662,-19.78214],[-68.04821,-19.78524],[-68.02909,-19.78039],[-68.01901,-19.78182],[-68.00606,-19.78576],[-68.00048,-19.78945],[-67.98165,-19.80755],[-67.97847,-19.81198],[-67.97808,-19.81566],[-67.96868,-19.82312],[-67.96712,-19.82793],[-67.96305,-19.82939],[-67.95394,-19.82405],[-67.94867,-19.81724],[-67.93279,-19.81073],[-67.92395,-19.79661],[-67.92012,-19.79579],[-67.9168,-19.79022],[-67.91582,-19.78389],[-67.9096,-19.78017],[-67.90505,-19.78356],[-67.8959,-19.78679],[-67.88721,-19.78737],[-67.88639,-19.78997],[-67.88483,-19.79035],[-67.88226,-19.78934],[-67.87791,-19.7975],[-67.8698,-19.80062],[-67.86756,-19.80395],[-67.86368,-19.80509],[-67.85201,-19.81882],[-67.84725,-19.82028],[-67.8435,-19.81953],[-67.83954,-19.82262],[-67.8329,-19.81774],[-67.83181,-19.82045],[-67.83698,-19.82553],[-67.83473,-19.82932],[-67.83451,-19.8339],[-67.82921,-19.83285],[-67.83026,-19.82978],[-67.8278,-19.82287],[-67.82366,-19.82247],[-67.80874,-19.82547],[-67.80593,-19.82504],[-67.79967,-19.81977],[-67.80176,-19.82327],[-67.80083,-19.82532],[-67.79807,-19.82446],[-67.79798,-19.82998],[-67.79964,-19.833],[-67.80273,-19.83265],[-67.79827,-19.83413],[-67.79878,-19.83209],[-67.79746,-19.83077],[-67.7951,-19.83369],[-67.79227,-19.83378],[-67.79187,-19.83549],[-67.78794,-19.83641],[-67.79,-19.83693],[-67.78555,-19.84134],[-67.78031,-19.84315],[-67.78015,-19.84435],[-67.77711,-19.84403],[-67.77225,-19.85093],[-67.769,-19.85102],[-67.76728,-19.85467],[-67.76902,-19.85617],[-67.76763,-19.86035],[-67.76543,-19.85761],[-67.7609,-19.86468],[-67.76312,-19.86706],[-67.76261,-19.87228],[-67.7638,-19.87301],[-67.7623,-19.87282],[-67.76178,-19.87623],[-67.75996,-19.877],[-67.76085,-19.87806],[-67.75932,-19.87737],[-67.7579,-19.87955],[-67.75745,-19.88256],[-67.76053,-19.88655],[-67.75955,-19.89357],[-67.75747,-19.89437],[-67.75812,-19.89725],[-67.75523,-19.89425],[-67.75399,-19.89598],[-67.75463,-19.89889],[-67.75929,-19.89951],[-67.76068,-19.90374],[-67.75999,-19.90473],[-67.75617,-19.90406],[-67.75268,-19.90209],[-67.74792,-19.90681],[-67.74536,-19.91191],[-67.74944,-19.92148],[-67.75339,-19.92434],[-67.75491,-19.92811],[-67.75156,-19.92845],[-67.74888,-19.93294],[-67.74692,-19.93341],[-67.72607,-19.91468],[-67.71341,-19.9088],[-67.71047,-19.90643],[-67.71124,-19.90576],[-67.70839,-19.906],[-67.70676,-19.90168],[-67.70354,-19.90278],[-67.70568,-19.9056],[-67.70416,-19.90408],[-67.70428,-19.90529],[-67.70188,-19.90532],[-67.70329,-19.90716],[-67.70194,-19.90869],[-67.69782,-19.90643],[-67.70119,-19.90577],[-67.69769,-19.90483],[-67.6949,-19.90493],[-67.69479,-19.90735],[-67.69441,-19.90543],[-67.69024,-19.90635],[-67.68617,-19.90529],[-67.68549,-19.90777],[-67.6829,-19.9085],[-67.67969,-19.90584],[-67.67546,-19.90739],[-67.67074,-19.90531],[-67.65986,-19.91072],[-67.66049,-19.90914],[-67.65682,-19.91002],[-67.65285,-19.9088],[-67.64187,-19.90885],[-67.63543,-19.90671],[-67.63193,-19.90777],[-67.63137,-19.90673],[-67.62163,-19.9071],[-67.61916,-19.90513],[-67.61535,-19.90663],[-67.60536,-19.90425],[-67.59259,-19.90523],[-67.58021,-19.89133],[-67.57658,-19.88841],[-67.5713,-19.88671],[-67.57303,-19.88132],[-67.58092,-19.8746],[-67.59906,-19.87155],[-67.60485,-19.86437],[-67.61471,-19.86034],[-67.63521,-19.84649],[-67.64622,-19.84214],[-67.6644,-19.83858],[-67.67754,-19.83045],[-67.71455,-19.81198],[-67.72048,-19.82673],[-67.72994,-19.82837],[-67.73393,-19.83163],[-67.73818,-19.8303],[-67.73844,-19.826],[-67.74354,-19.82295],[-67.75039,-19.8164],[-67.75193,-19.81316],[-67.76032,-19.81226],[-67.75823,-19.80919],[-67.7586,-19.80592],[-67.78589,-19.808],[-67.80305,-19.8111],[-67.82168,-19.8096],[-67.84564,-19.79647],[-67.86051,-19.77253],[-67.87643,-19.76188],[-67.89936,-19.75715],[-67.91444,-19.74314],[-67.93531,-19.73378],[-67.95948,-19.7294],[-67.95969,-19.72624],[-67.97135,-19.70788],[-67.98952,-19.68702],[-68.03188,-19.62228],[-68.0422,-19.61835],[-68.05393,-19.60997],[-68.05882,-19.60121],[-68.06016,-19.59578],[-68.0735,-19.5908],[-68.07849,-19.58756],[-68.08814,-19.57642],[-68.095,-19.5905],[-68.09918,-19.59176],[-68.10727,-19.58803],[-68.10929,-19.58804],[-68.11014,-19.59033],[-68.11534,-19.58998],[-68.11355,-19.59399],[-68.1153,-19.59624],[-68.12526,-19.59701],[-68.12549,-19.59953],[-68.12992,-19.60208],[-68.14475,-19.60404],[-68.15552,-19.61081],[-68.16695,-19.61426],[-68.16583,-19.61174],[-68.17566,-19.59993],[-68.17769,-19.59856],[-68.19253,-19.59795],[-68.19848,-19.59637],[-68.20225,-19.58993],[-68.20685,-19.58747],[-68.20718,-19.58255],[-68.21156,-19.58472],[-68.21222,-19.58272],[-68.2161,-19.5835],[-68.21798,-19.58207],[-68.22115,-19.58348],[-68.22456,-19.57852],[-68.22521,-19.58072],[-68.22961,-19.57887],[-68.2326,-19.57511],[-68.23084,-19.573],[-68.23443,-19.57129],[-68.23713,-19.56647],[-68.24513,-19.56284],[-68.25042,-19.56315],[-68.25603,-19.56155],[-68.26089,-19.55899],[-68.26206,-19.55636],[-68.27398,-19.55179],[-68.28503,-19.55045],[-68.29402,-19.54626],[-68.29638,-19.54182],[-68.28726,-19.53461],[-68.28773,-19.53024],[-68.29108,-19.52667],[-68.29063,-19.52423],[-68.29237,-19.52373],[-68.29448,-19.52625],[-68.31075,-19.52545],[-68.32181,-19.51839],[-68.3315,-19.5157],[-68.33899,-19.51602],[-68.34351,-19.52134],[-68.34632,-19.51841],[-68.35206,-19.52001],[-68.36467,-19.50714],[-68.37563,-19.50101],[-68.38086,-19.49637],[-68.39631,-19.48005],[-68.39754,-19.47432],[-68.40396,-19.47144],[-68.40455,-19.46394],[-68.40691,-19.46212],[-68.4128,-19.45066],[-68.41153,-19.43991],[-68.42586,-19.43553],[-68.44063,-19.44039],[-68.55685,-19.5964],[-68.57245,-19.60549],[-68.59875,-19.64067],[-68.60429,-19.66627],[-68.62317,-19.70061],[-68.65943,-19.7088],[-68.68355,-19.71941],[-68.68886,-19.74841],[-68.66732,-19.75212],[-68.65186,-19.77222],[-68.62076,-19.78907],[-68.59934,-19.82803],[-68.52815,-19.84529],[-68.5423,-19.88999],[-68.52162,-19.92427],[-68.5515,-20.02131],[-68.56624,-20.05007],[-68.64042,-20.04886],[-68.69297,-20.06828],[-68.76348,-20.07868],[-68.77387,-20.12969],[-68.76173,-20.13411],[-68.74174,-20.12521],[-68.72348,-20.13531],[-68.70207,-20.14351],[-68.70469,-20.15895],[-68.6917,-20.17721],[-68.71395,-20.19505],[-68.71498,-20.24675],[-68.69502,-20.27905],[-68.69239,-20.29553],[-68.66562,-20.30579],[-68.65937,-20.33549],[-68.71076,-20.36643],[-68.74182,-20.36945],[-68.73874,-20.45679],[-68.66619,-20.51664],[-68.60846,-20.54563],[-68.59284,-20.54857],[-68.57093,-20.57555],[-68.52004,-20.58727],[-68.44868,-20.62416],[-68.4391,-20.64096],[-68.43932,-20.64405],[-68.45049,-20.64767],[-68.48162,-20.66539],[-68.50161,-20.66885],[-68.50318,-20.67603],[-68.5262,-20.69666],[-68.52823,-20.71656],[-68.53212,-20.72289],[-68.55157,-20.72815],[-68.555,-20.73673],[-68.55259,-20.74837],[-68.54469,-20.77156],[-68.54106,-20.80138],[-68.54579,-20.81976],[-68.54957,-20.84928],[-68.55439,-20.86441],[-68.56914,-20.89453],[-68.54295,-20.90367],[-68.52862,-20.91479],[-68.50347,-20.9429],[-68.48437,-20.94701],[-68.4784,-20.94078],[-68.46224,-20.94606],[-68.43614,-20.9457],[-68.42258,-20.94126],[-68.41572,-20.94143],[-68.3638,-21.00221],[-68.29506,-21.09782],[-68.17837,-21.30354],[-68.18056,-21.60407],[-68.13787,-21.65678],[-68.11792,-21.6786],[-68.10018,-21.71647],[-68.05987,-21.7779],[-68.06307,-21.85279],[-68.07196,-21.98016],[-68.01477,-22.02401],[-68.00741,-22.0395],[-68.00237,-22.03934],[-67.96516,-22.05414],[-67.96646,-22.07108],[-67.96396,-22.07866],[-67.95448,-22.08655],[-67.9392,-22.10856],[-67.94047,-22.11676],[-67.95413,-22.14898],[-67.95777,-22.1514],[-67.95519,-22.17783],[-67.94355,-22.18527],[-67.93423,-22.20585],[-67.92217,-22.24233],[-67.92252,-22.25254],[-67.92571,-22.27592],[-67.93847,-22.29414],[-67.93875,-22.31239],[-67.95138,-22.33044],[-67.9229,-22.39246],[-67.89863,-22.42394],[-67.89288,-22.4822],[-67.89261,-22.49914],[-67.88713,-22.50803],[-67.87834,-22.51402],[-67.85336,-22.55729],[-67.87796,-22.6661],[-67.87197,-22.67167],[-67.86835,-22.67903],[-67.86912,-22.69142],[-67.88601,-22.68945],[-67.88919,-22.70234],[-67.8909,-22.71912],[-67.87882,-22.80045],[-67.88315,-22.83445],[-67.83254,-22.85044],[-67.79903,-22.88116],[-67.75167,-22.88462],[-67.58799,-22.90657],[-67.56325,-22.89816],[-67.35858,-22.85271],[-67.30618,-22.84292],[-67.18051,-22.81397],[-67.12777,-22.72211],[-67.01408,-22.65481],[-67.02727,-22.54088],[-66.97296,-22.54066],[-66.92857,-22.49223],[-66.80177,-22.44729],[-66.78248,-22.43807],[-66.78516,-22.42388],[-66.78432,-22.40177],[-66.76161,-22.34591],[-66.75963,-22.3254],[-66.73929,-22.23846],[-66.68625,-22.20954],[-66.65249,-22.21642],[-66.63826,-22.22549],[-66.62318,-22.19738],[-66.41836,-22.14595],[-66.35698,-22.13216],[-66.34547,-22.12756],[-66.34943,-22.12325],[-66.34752,-22.11959],[-66.34306,-22.1195],[-66.33987,-22.11682],[-66.33653,-22.12011],[-66.33203,-22.11883],[-66.3317,-22.11185],[-66.32803,-22.10928],[-66.3284,-22.10296],[-66.32315,-22.09636],[-66.32272,-22.092],[-66.32517,-22.08762],[-66.32049,-22.08438],[-66.31749,-22.08391],[-66.3167,-22.08832],[-66.3142,-22.08822],[-66.31254,-22.09131],[-66.31049,-22.09121],[-66.30833,-22.0938],[-66.30047,-22.08937],[-66.29559,-22.08971],[-66.28949,-22.08698],[-66.28766,-22.08259],[-66.29008,-22.07977],[-66.2907,-22.07423],[-66.28534,-22.07018],[-66.28456,-22.06766],[-66.28931,-22.06697],[-66.29343,-22.0625],[-66.28337,-22.04967],[-66.28717,-22.04824],[-66.28891,-22.05102],[-66.29095,-22.05153],[-66.29139,-22.04879],[-66.28577,-22.04109],[-66.28702,-22.0392],[-66.29108,-22.03789],[-66.29211,-22.03421],[-66.28956,-22.03052],[-66.28393,-22.03019],[-66.28337,-22.02576],[-66.27929,-22.02504],[-66.27766,-22.0231],[-66.28192,-22.01457],[-66.27935,-22.00844],[-66.27952,-21.99286],[-66.28324,-21.98898],[-66.28389,-21.98511],[-66.28294,-21.98151],[-66.27648,-21.97773],[-66.27803,-21.97382],[-66.27726,-21.97034],[-66.27495,-21.96708],[-66.2717,-21.96637],[-66.27436,-21.96444],[-66.27513,-21.96099],[-66.27282,-21.95451],[-66.27475,-21.95096],[-66.27285,-21.94662],[-66.27482,-21.9441],[-66.27049,-21.94202],[-66.26731,-21.93538],[-66.26262,-21.93566],[-66.26127,-21.93377],[-66.26388,-21.9298],[-66.25835,-21.9165],[-66.26009,-21.90571],[-66.25342,-21.90137],[-66.24883,-21.89628],[-66.25118,-21.89015],[-66.24681,-21.88585],[-66.24828,-21.87714],[-66.24405,-21.87343],[-66.24114,-21.86521],[-66.24031,-21.85638],[-66.23535,-21.85075],[-66.23915,-21.84494],[-66.23855,-21.84006],[-66.24186,-21.83272],[-66.23701,-21.81759],[-66.24283,-21.79366],[-66.24126,-21.78882],[-66.23937,-21.78766],[-66.22498,-21.78777],[-66.22148,-21.78137],[-66.21893,-21.78403],[-66.19415,-21.79596],[-66.07631,-21.83498],[-66.04329,-21.87194],[-66.04819,-21.91902],[-65.9248,-21.93355],[-65.80484,-22.07525],[-65.79416,-22.07471],[-65.78841,-22.08165],[-65.78565,-22.08194],[-65.78334,-22.08691],[-65.78056,-22.08679],[-65.77845,-22.0887],[-65.77566,-22.09373],[-65.76234,-22.10104],[-65.7565,-22.10162],[-65.75339,-22.10611],[-65.74802,-22.10924],[-65.73476,-22.10915],[-65.72522,-22.10694],[-65.71572,-22.09715],[-65.70864,-22.09946],[-65.70468,-22.09873],[-65.69359,-22.10275],[-65.68558,-22.10955],[-65.67617,-22.11168],[-65.65553,-22.11078],[-65.65126,-22.10532],[-65.63908,-22.10689],[-65.633,-22.10341],[-65.62735,-22.10349],[-65.61955,-22.09661],[-65.61439,-22.0981],[-65.61252,-22.09537],[-65.60639,-22.09456],[-65.60286,-22.09769],[-65.60067,-22.09632],[-65.59757,-22.09716],[-65.5928,-22.09585],[-65.59116,-22.09895],[-65.58936,-22.0987],[-65.58605,-22.09767],[-65.58476,-22.09677],[-65.58534,-22.09491],[-65.58233,-22.09397],[-65.58244,-22.0913],[-65.58492,-22.09092],[-65.58475,-22.08963],[-65.58301,-22.08955],[-65.5841,-22.08849],[-65.58159,-22.08842],[-65.58338,-22.08473],[-65.58161,-22.08481],[-65.58094,-22.0806],[-65.57917,-22.08069],[-65.57913,-22.07837],[-65.57492,-22.07554],[-65.48482,-22.09555],[-65.47655,-22.09265],[-65.4735,-22.08869],[-65.18664,-22.08535],[-65.19156,-22.07699],[-65.18087,-22.0242],[-65.18068,-22.01942],[-65.185,-22.01309],[-65.20074,-22.01174],[-65.20424,-22.00607],[-65.21683,-21.99593],[-65.23512,-21.99066],[-65.2424,-21.98489],[-65.24679,-21.97898],[-65.26176,-21.97118],[-65.26726,-21.97015],[-65.27611,-21.97111],[-65.29876,-21.97816],[-65.31364,-21.97502],[-65.32322,-21.9691],[-65.33618,-21.96477],[-65.35166,-21.9541],[-65.35589,-21.94896],[-65.36426,-21.94551],[-65.36573,-21.94358],[-65.36932,-21.9438],[-65.38255,-21.93305],[-65.38709,-21.93301],[-65.39269,-21.92917],[-65.39733,-21.92349],[-65.40863,-21.91564],[-65.4117,-21.90551],[-65.41715,-21.89702],[-65.41991,-21.89563],[-65.41536,-21.88934],[-65.41619,-21.88194],[-65.41423,-21.88146],[-65.41055,-21.88325],[-65.40765,-21.88197],[-65.40177,-21.88221],[-65.3967,-21.8793],[-65.39595,-21.8773],[-65.39842,-21.87452],[-65.39489,-21.87379],[-65.39265,-21.86788],[-65.39307,-21.86437],[-65.3895,-21.86185],[-65.39094,-21.85788],[-65.3898,-21.85438],[-65.39113,-21.84775],[-65.38952,-21.84147],[-65.38484,-21.84184],[-65.38201,-21.8367],[-65.37847,-21.8356],[-65.3737,-21.8374],[-65.37186,-21.84042],[-65.36513,-21.84035],[-65.3622,-21.83783],[-65.35717,-21.83951],[-65.35464,-21.83761],[-65.35392,-21.83304],[-65.34807,-21.82632],[-65.34922,-21.8196],[-65.34784,-21.8122],[-65.33605,-21.80566],[-65.33602,-21.80074],[-65.33355,-21.79471],[-65.33388,-21.7892],[-65.3275,-21.78522],[-65.33003,-21.77988],[-65.32952,-21.77684],[-65.3246,-21.76901],[-65.31995,-21.76707],[-65.31944,-21.76363],[-65.32333,-21.76038],[-65.32375,-21.75617],[-65.32078,-21.75388],[-65.32012,-21.75054],[-65.31543,-21.74656],[-65.31553,-21.73923],[-65.31294,-21.73699],[-65.31455,-21.73358],[-65.31386,-21.73094],[-65.31101,-21.7306],[-65.30232,-21.73333],[-65.29399,-21.73313],[-65.29255,-21.7318],[-65.29384,-21.72323],[-65.30021,-21.72138],[-65.3011,-21.71975],[-65.30005,-21.71538],[-65.30211,-21.70946],[-65.30721,-21.70765],[-65.30734,-21.70515],[-65.30173,-21.69834],[-65.3043,-21.68875],[-65.30027,-21.68569],[-65.29713,-21.67613],[-65.2903,-21.67077],[-65.28557,-21.67023],[-65.28443,-21.66541],[-65.28015,-21.66634],[-65.27699,-21.66418],[-65.27717,-21.65678],[-65.27292,-21.65589],[-65.27193,-21.65291],[-65.27949,-21.6491],[-65.27993,-21.64618],[-65.27581,-21.64443],[-65.27003,-21.64449],[-65.26739,-21.63918],[-65.2628,-21.63658],[-65.26163,-21.63036],[-65.26631,-21.62128],[-65.26297,-21.61392],[-65.26432,-21.60955],[-65.25868,-21.60151],[-65.25382,-21.60055],[-65.25492,-21.59692],[-65.25201,-21.58883],[-65.25403,-21.58303],[-65.25003,-21.58065],[-65.25307,-21.57636],[-65.24515,-21.57004],[-65.24673,-21.56],[-65.24515,-21.55339],[-65.24816,-21.54819],[-65.25211,-21.54647],[-65.24999,-21.54276],[-65.24581,-21.54142],[-65.24814,-21.53326],[-65.24477,-21.52993],[-65.24716,-21.52817],[-65.24485,-21.52264],[-65.24797,-21.52286],[-65.24945,-21.51989],[-65.25234,-21.52047],[-65.25343,-21.51901],[-65.25236,-21.51502],[-65.24584,-21.50732],[-65.24475,-21.50018],[-65.2472,-21.49594],[-65.24707,-21.48911],[-65.25005,-21.48447],[-65.24981,-21.48238],[-65.2552,-21.48056],[-65.26195,-21.48363],[-65.26206,-21.48608],[-65.26498,-21.48902],[-65.2717,-21.49005],[-65.27508,-21.49294],[-65.28035,-21.4912],[-65.2848,-21.49388],[-65.29866,-21.48816],[-65.30089,-21.48511],[-65.30571,-21.48339],[-65.31167,-21.4858],[-65.32011,-21.51732],[-65.32793,-21.50963],[-65.35342,-21.50077],[-65.38771,-21.51635],[-65.3999,-21.50583],[-65.40196,-21.50021],[-65.40143,-21.49038],[-65.40573,-21.48466],[-65.4006,-21.48342],[-65.39844,-21.48029],[-65.39878,-21.47678],[-65.40107,-21.47384],[-65.40115,-21.46621],[-65.39846,-21.45491],[-65.39952,-21.45283],[-65.40468,-21.45143],[-65.40462,-21.44769],[-65.4077,-21.44366],[-65.40908,-21.43869],[-65.40769,-21.43193],[-65.43709,-21.42654],[-65.43462,-21.41297],[-65.43604,-21.40973],[-65.43407,-21.40365],[-65.43492,-21.39725],[-65.43654,-21.39757],[-65.43765,-21.39589],[-65.43336,-21.38661],[-65.43493,-21.38207],[-65.43329,-21.37593],[-65.43379,-21.36939],[-65.43122,-21.36688],[-65.42941,-21.36139],[-65.43251,-21.35935],[-65.43316,-21.35295],[-65.43609,-21.35251],[-65.43699,-21.34166],[-65.43307,-21.33732],[-65.43415,-21.33322],[-65.43196,-21.32234],[-65.43039,-21.32169],[-65.43022,-21.31511],[-65.43328,-21.29887],[-65.43215,-21.29684],[-65.43326,-21.28905],[-65.43183,-21.28696],[-65.436,-21.28112],[-65.4337,-21.25971],[-65.44112,-21.2114],[-65.44132,-21.20092],[-65.43992,-21.19687],[-65.44112,-21.19539],[-65.44166,-21.18107],[-65.4385,-21.18241],[-65.43184,-21.17776],[-65.42484,-21.1768],[-65.41826,-21.17072],[-65.40864,-21.17161],[-65.40249,-21.16071],[-65.40851,-21.12217],[-65.41859,-21.09583],[-65.42061,-21.06127],[-65.4086,-21.02659],[-65.39991,-21.00692],[-65.39831,-20.97008],[-65.40105,-20.9471],[-65.39071,-20.89756],[-65.39471,-20.89214],[-65.38051,-20.88048],[-65.37999,-20.87516],[-65.37778,-20.87399],[-65.37582,-20.86908],[-65.36846,-20.86785],[-65.36246,-20.87173],[-65.35968,-20.87101],[-65.35791,-20.87288],[-65.35398,-20.87329],[-65.35215,-20.8701],[-65.35235,-20.86687],[-65.34618,-20.8632],[-65.34832,-20.85718],[-65.34778,-20.85424],[-65.35059,-20.85178],[-65.34967,-20.84745],[-65.35078,-20.84353],[-65.34852,-20.83895],[-65.34881,-20.83434],[-65.34682,-20.83242],[-65.34911,-20.82671],[-65.34915,-20.82135],[-65.35244,-20.81094],[-65.35858,-20.80525],[-65.3577,-20.80017],[-65.36439,-20.79178],[-65.36641,-20.77947],[-65.37145,-20.77221],[-65.36955,-20.76355],[-65.37226,-20.75863],[-65.37162,-20.75551],[-65.37629,-20.75117],[-65.37453,-20.74953],[-65.37526,-20.74672],[-65.36966,-20.73981],[-65.36884,-20.73651],[-65.36137,-20.73283],[-65.36066,-20.72993],[-65.3579,-20.72891],[-65.35693,-20.72579],[-65.35801,-20.71464],[-65.36363,-20.70813],[-65.36378,-20.70104],[-65.36173,-20.69763],[-65.36443,-20.6881],[-65.36452,-20.67722],[-65.36318,-20.67199],[-65.35839,-20.66736],[-65.35752,-20.65795],[-65.35557,-20.65449],[-65.35798,-20.6466],[-65.35179,-20.63203],[-65.35002,-20.62958],[-65.34717,-20.62264],[-65.34971,-20.61445],[-65.35562,-20.60614],[-65.35449,-20.60244],[-65.36006,-20.59767],[-65.36417,-20.59894],[-65.36829,-20.59737],[-65.38237,-20.58169],[-65.38194,-20.57531],[-65.38777,-20.55755],[-65.3799,-20.55888],[-65.35005,-20.54839],[-65.3276,-20.51187],[-65.26859,-20.50471],[-65.26824,-20.49265],[-65.26989,-20.48877],[-65.26806,-20.47968],[-65.27281,-20.47164],[-65.26924,-20.46298],[-65.27145,-20.45769],[-65.26446,-20.45107],[-65.25909,-20.45043],[-65.25734,-20.44708],[-65.25636,-20.44252],[-65.26116,-20.43679],[-65.26337,-20.43011],[-65.26237,-20.42385],[-65.25553,-20.42349],[-65.24865,-20.41835],[-65.24631,-20.41859],[-65.24354,-20.41506],[-65.24591,-20.41065],[-65.24565,-20.40788],[-65.24797,-20.40563],[-65.24758,-20.39654],[-65.24913,-20.39033],[-65.25264,-20.38676],[-65.25074,-20.38286],[-65.25146,-20.3796],[-65.24627,-20.37517],[-65.24653,-20.37117],[-65.24429,-20.36754],[-65.23933,-20.36583],[-65.24083,-20.36262],[-65.23804,-20.35821],[-65.2285,-20.3516],[-65.2332,-20.34335],[-65.23127,-20.33272],[-65.22547,-20.32664],[-65.22117,-20.31881],[-65.22177,-20.31382],[-65.24515,-20.27613],[-65.26536,-20.2575],[-65.26858,-20.25624],[-65.27964,-20.23977],[-65.2826,-20.23274],[-65.29208,-20.22969],[-65.3137,-20.23053],[-65.31566,-20.22508],[-65.31521,-20.21528],[-65.31206,-20.20695],[-65.31608,-20.19758],[-65.31577,-20.19447],[-65.30163,-20.17779],[-65.28822,-20.16949],[-65.28438,-20.17015],[-65.27134,-20.15136],[-65.26432,-20.15759],[-65.25714,-20.1586],[-65.23505,-20.14638],[-65.23526,-20.14377],[-65.23264,-20.14048],[-65.23366,-20.13055],[-65.23895,-20.11629],[-65.24319,-20.11308],[-65.24954,-20.10344],[-65.25602,-20.10244],[-65.26853,-20.09243],[-65.27222,-20.0795],[-65.27932,-20.06912],[-65.28303,-20.0597],[-65.28303,-20.05222],[-65.28926,-20.05317],[-65.29322,-20.04883],[-65.29821,-20.03715],[-65.30512,-20.02606],[-65.305,-20.00933],[-65.29416,-20.00812],[-65.29378,-20.00665],[-65.28689,-20.00331],[-65.2827,-20.004],[-65.27736,-20.00904],[-65.27507,-20.00517],[-65.27029,-20.00386],[-65.27212,-19.99332],[-65.26833,-19.99162],[-65.2662,-19.98782],[-65.24418,-19.97018],[-65.23813,-19.95895],[-65.23294,-19.95563],[-65.23131,-19.95],[-65.22777,-19.94808],[-65.22296,-19.94127],[-65.22228,-19.93591],[-65.21397,-19.93926],[-65.20326,-19.93795],[-65.17091,-19.99559],[-65.16066,-20.00441],[-65.15416,-20.00742],[-65.15217,-20.0124],[-65.14451,-20.0112],[-65.12808,-20.01519],[-65.1074,-20.01543],[-65.10461,-20.01655],[-65.09964,-20.01295],[-65.09061,-20.00944],[-65.08797,-19.99173],[-65.08647,-19.99531],[-65.08219,-19.99496],[-65.07465,-19.98987],[-65.07747,-19.98381],[-65.07721,-19.97986],[-65.07515,-19.9782],[-65.07498,-19.97448],[-65.07135,-19.96709],[-65.06573,-19.9635],[-65.06585,-19.95906],[-65.06201,-19.95698],[-65.06111,-19.95356],[-65.05984,-19.95331],[-65.05965,-19.95006],[-65.06323,-19.94916],[-65.06612,-19.94387],[-65.06956,-19.94227],[-65.07166,-19.93875],[-65.0768,-19.93542],[-65.08157,-19.93481],[-65.08313,-19.93191],[-65.07754,-19.91829],[-65.077,-19.90857],[-65.07446,-19.90091],[-65.07592,-19.89908],[-65.07207,-19.89175],[-65.07197,-19.88596],[-65.06889,-19.88059],[-65.06924,-19.87484],[-65.0648,-19.87069],[-65.06179,-19.86281],[-65.06103,-19.84401],[-65.05834,-19.84239],[-65.0559,-19.83332],[-65.05705,-19.82771],[-65.05268,-19.82038],[-65.05403,-19.8185],[-65.05252,-19.80617],[-65.0567,-19.79366],[-65.03981,-19.79683],[-65.03586,-19.79452],[-65.03016,-19.79459],[-65.0263,-19.80255],[-65.02067,-19.80349],[-65.01171,-19.81396],[-65.00918,-19.81319],[-65.00395,-19.82831],[-65.0025,-19.8292],[-64.99881,-19.82784],[-64.99723,-19.83065],[-64.99577,-19.8303],[-64.99604,-19.83288],[-64.99503,-19.83232],[-64.99314,-19.83877],[-64.99081,-19.84047],[-64.99162,-19.84349],[-64.9902,-19.84327],[-64.98921,-19.84573],[-64.99098,-19.84783],[-64.99093,-19.85327],[-64.98486,-19.85458],[-64.98311,-19.85336],[-64.98271,-19.855],[-64.97833,-19.85313],[-64.97852,-19.85492],[-64.95986,-19.869],[-64.94162,-19.87651],[-64.93911,-19.86588],[-64.93,-19.85948],[-64.93107,-19.85648],[-64.92796,-19.84383],[-64.91433,-19.84217],[-64.91334,-19.84515],[-64.91593,-19.84997],[-64.91548,-19.85475],[-64.91902,-19.85996],[-64.91906,-19.8636],[-64.91591,-19.87424],[-64.90731,-19.88955],[-64.90527,-19.89817],[-64.89687,-19.9088],[-64.89477,-19.91419],[-64.89664,-19.92032],[-64.89504,-19.92052],[-64.89309,-19.92467],[-64.89703,-19.93385],[-64.89583,-19.9379],[-64.89686,-19.94584],[-64.89461,-19.94644],[-64.89465,-19.9495],[-64.89245,-19.95275],[-64.8929,-19.95709],[-64.88869,-19.96044],[-64.89083,-19.96364],[-64.88853,-19.96381],[-64.88885,-19.96537],[-64.88604,-19.96648],[-64.88641,-19.96775],[-64.88289,-19.9671],[-64.88358,-19.968],[-64.88129,-19.96859],[-64.87878,-19.97244],[-64.87617,-19.97315],[-64.87182,-19.98105],[-64.86649,-19.97807],[-64.86135,-19.97845],[-64.85894,-19.9745],[-64.85083,-19.98109],[-64.84724,-19.97905],[-64.84662,-19.97132],[-64.83826,-19.95561],[-64.83728,-19.94743],[-64.82919,-19.93313],[-64.82357,-19.93084],[-64.82211,-19.93197],[-64.81984,-19.93129],[-64.81075,-19.92522],[-64.81047,-19.92281],[-64.80671,-19.91965],[-64.80564,-19.9123],[-64.79497,-19.9028],[-64.79323,-19.89877],[-64.79271,-19.88848],[-64.78755,-19.87658],[-64.78909,-19.86925],[-64.78396,-19.86072],[-64.78425,-19.85419],[-64.78002,-19.84924],[-64.77655,-19.841],[-64.76646,-19.82691],[-64.76174,-19.82473],[-64.76074,-19.81898],[-64.74836,-19.80424],[-64.73929,-19.78984],[-64.73487,-19.78783],[-64.72429,-19.78793],[-64.7189,-19.78158],[-64.71439,-19.77957],[-64.71728,-19.77597],[-64.72502,-19.77322],[-64.7253,-19.76671],[-64.73004,-19.7562],[-64.72726,-19.7514],[-64.72681,-19.74662],[-64.73488,-19.73732],[-64.73604,-19.72277],[-64.74236,-19.71474],[-64.74178,-19.70704],[-64.74543,-19.70385],[-64.75123,-19.70346],[-64.75809,-19.69393],[-64.76164,-19.68619],[-64.76706,-19.68409],[-64.76832,-19.67934],[-64.77326,-19.6737],[-64.77854,-19.66308],[-64.78786,-19.65295],[-64.78773,-19.64526],[-64.78955,-19.64098],[-64.78704,-19.63317],[-64.81058,-19.62548],[-64.81396,-19.62175],[-64.8179,-19.60968],[-64.82157,-19.6082],[-64.82891,-19.61004],[-64.83011,-19.60907],[-64.83008,-19.60267],[-64.83784,-19.5925],[-64.84285,-19.58958],[-64.83996,-19.57537],[-64.8328,-19.56158],[-64.83118,-19.54324],[-64.82342,-19.51674],[-64.82246,-19.50528],[-64.81844,-19.50133],[-64.82303,-19.48954],[-64.82314,-19.48349],[-64.82862,-19.47626],[-64.83448,-19.47369],[-64.84066,-19.46176],[-64.84032,-19.45513],[-64.84539,-19.44884],[-64.84865,-19.43325],[-64.85178,-19.42881],[-64.84997,-19.42287],[-64.85511,-19.42032],[-64.85245,-19.41482],[-64.85259,-19.41023],[-64.86569,-19.40633],[-64.87822,-19.39729],[-64.88933,-19.40221],[-64.89557,-19.39957],[-64.89758,-19.39211],[-64.89336,-19.38422],[-64.89351,-19.38012],[-64.89911,-19.37467],[-64.90978,-19.37016],[-64.91184,-19.36558],[-64.91123,-19.3587],[-64.91268,-19.35471],[-64.91819,-19.35659],[-64.92112,-19.36173],[-64.92926,-19.36275],[-64.93686,-19.36032],[-64.94169,-19.35665],[-64.9474,-19.3585],[-64.95875,-19.35624],[-64.96206,-19.35148],[-64.97037,-19.34679],[-64.97765,-19.34815],[-64.98853,-19.35275],[-65.00413,-19.35196],[-65.01575,-19.35685],[-65.02563,-19.36779],[-65.0368,-19.36957],[-65.03789,-19.37441],[-65.04434,-19.37726],[-65.04403,-19.38126],[-65.05457,-19.3857],[-65.0661,-19.38424],[-65.0712,-19.37905],[-65.08171,-19.37599],[-65.08224,-19.37113],[-65.08824,-19.36683],[-65.10221,-19.37311],[-65.11042,-19.37328],[-65.11459,-19.37508],[-65.1219,-19.37407],[-65.12632,-19.37574],[-65.13177,-19.37455],[-65.14101,-19.37808],[-65.14843,-19.37565],[-65.1532,-19.3759],[-65.15832,-19.37095],[-65.16435,-19.36929],[-65.16682,-19.36287],[-65.17504,-19.35571],[-65.1869,-19.35656],[-65.19902,-19.35208],[-65.20087,-19.34958],[-65.20842,-19.34566],[-65.21514,-19.34388],[-65.22112,-19.33757],[-65.22196,-19.32932],[-65.23068,-19.32045],[-65.23736,-19.32067],[-65.24173,-19.31843],[-65.24684,-19.31832],[-65.25387,-19.31443],[-65.26048,-19.31586],[-65.2647,-19.31512],[-65.28686,-19.30812],[-65.29463,-19.30852],[-65.30099,-19.30595],[-65.31043,-19.30616],[-65.31316,-19.30284],[-65.31662,-19.3013],[-65.31845,-19.2936],[-65.32402,-19.28146],[-65.33037,-19.27138],[-65.33857,-19.2711],[-65.34123,-19.26757],[-65.34528,-19.26712],[-65.34769,-19.265],[-65.35237,-19.26525],[-65.35628,-19.26317],[-65.36113,-19.26275],[-65.36982,-19.2556],[-65.37281,-19.24693],[-65.37212,-19.24055],[-65.37957,-19.23229],[-65.38305,-19.22609],[-65.38481,-19.21737],[-65.39329,-19.2037],[-65.3886,-19.19141],[-65.39019,-19.18311],[-65.38965,-19.17665],[-65.40089,-19.161],[-65.40625,-19.14382],[-65.4106,-19.14055],[-65.41833,-19.14184],[-65.42486,-19.13764],[-65.42979,-19.13892],[-65.43138,-19.13741],[-65.43915,-19.13676],[-65.45001,-19.13209],[-65.45388,-19.12592],[-65.45661,-19.12409],[-65.4699,-19.12263],[-65.47424,-19.11793],[-65.47831,-19.10999],[-65.4845,-19.10419],[-65.48697,-19.09636],[-65.49672,-19.08916],[-65.50473,-19.08737],[-65.50572,-19.09116],[-65.51268,-19.09193],[-65.51771,-19.09644],[-65.522,-19.09393],[-65.52195,-19.09192],[-65.52804,-19.08625],[-65.53708,-19.08695],[-65.54087,-19.08536],[-65.5416,-19.08329],[-65.54605,-19.0818],[-65.54725,-19.07463],[-65.553,-19.06582],[-65.55806,-19.0638],[-65.55799,-19.0513],[-65.56093,-19.04267],[-65.56703,-19.03244],[-65.56748,-19.02407],[-65.58361,-19.00556],[-65.58462,-19.00106],[-65.58732,-18.99773],[-65.58372,-18.99832],[-65.5779,-18.99398],[-65.57004,-18.99244],[-65.55962,-18.9871],[-65.55351,-18.98869],[-65.55236,-18.9863],[-65.54947,-18.98628],[-65.54586,-18.98195],[-65.53241,-18.97651],[-65.52706,-18.96775],[-65.52452,-18.9579],[-65.52175,-18.95378],[-65.51917,-18.95133],[-65.5157,-18.95118],[-65.50966,-18.94828],[-65.50817,-18.94529],[-65.50249,-18.94355],[-65.50147,-18.94244],[-65.50547,-18.94117],[-65.49942,-18.93782],[-65.49624,-18.93779],[-65.48888,-18.93107],[-65.48615,-18.93172],[-65.48491,-18.92765],[-65.48086,-18.92593],[-65.46806,-18.92326],[-65.4655,-18.92462],[-65.46304,-18.92954],[-65.46028,-18.93038],[-65.45309,-18.92746],[-65.45347,-18.92505],[-65.44948,-18.921],[-65.44104,-18.91848],[-65.4366,-18.91997],[-65.42873,-18.92933],[-65.42548,-18.92741],[-65.42446,-18.93031],[-65.42171,-18.93048],[-65.41377,-18.94542],[-65.40922,-18.94382],[-65.40586,-18.93904],[-65.40303,-18.92814],[-65.40473,-18.92573],[-65.39758,-18.91887],[-65.40166,-18.90376],[-65.40487,-18.89941],[-65.40705,-18.89931],[-65.40962,-18.89348],[-65.40918,-18.88955],[-65.41171,-18.88884],[-65.41216,-18.88543],[-65.41461,-18.88619],[-65.41912,-18.88022],[-65.42422,-18.87894],[-65.42058,-18.87667],[-65.41649,-18.86501],[-65.41971,-18.85894],[-65.42097,-18.85217],[-65.42328,-18.85348],[-65.42389,-18.85267],[-65.42871,-18.83721],[-65.4378,-18.83437],[-65.44298,-18.83528],[-65.44371,-18.83139],[-65.43546,-18.82492],[-65.4343,-18.82161],[-65.43844,-18.8143],[-65.43818,-18.81128],[-65.43181,-18.8094],[-65.43058,-18.80727],[-65.43145,-18.80414],[-65.42684,-18.79956],[-65.42778,-18.7957],[-65.41984,-18.78753],[-65.41711,-18.78079],[-65.41765,-18.77886],[-65.41352,-18.77889],[-65.41197,-18.77691],[-65.40593,-18.77489],[-65.40233,-18.7779],[-65.3911,-18.79489],[-65.3871,-18.79622],[-65.38567,-18.79293],[-65.38656,-18.78764],[-65.38249,-18.78639],[-65.38353,-18.7849],[-65.38083,-18.78263],[-65.37934,-18.78506],[-65.37495,-18.78386],[-65.37144,-18.77883],[-65.36735,-18.78133],[-65.36869,-18.78502],[-65.36661,-18.78675],[-65.3663,-18.79035],[-65.36297,-18.78864],[-65.35973,-18.78923],[-65.35645,-18.78645],[-65.36005,-18.78272],[-65.35937,-18.78034],[-65.36471,-18.77442],[-65.36745,-18.77493],[-65.37024,-18.7733],[-65.37491,-18.77477],[-65.3772,-18.77275],[-65.38285,-18.77183],[-65.38678,-18.7759],[-65.38985,-18.77498],[-65.39558,-18.77768],[-65.40326,-18.77068],[-65.40744,-18.77298],[-65.42262,-18.76111],[-65.42386,-18.75962],[-65.42262,-18.7569],[-65.4272,-18.75422],[-65.42692,-18.75111],[-65.42918,-18.74802],[-65.42548,-18.74451],[-65.42418,-18.73802],[-65.41737,-18.73384],[-65.41883,-18.72907],[-65.41447,-18.72333],[-65.41376,-18.71864],[-65.41049,-18.71748],[-65.41141,-18.71304],[-65.40644,-18.71032],[-65.40062,-18.70199],[-65.40855,-18.69754],[-65.41448,-18.68974],[-65.41452,-18.68122],[-65.41677,-18.67826],[-65.41629,-18.67471],[-65.41813,-18.67015],[-65.41704,-18.66614],[-65.41913,-18.66316],[-65.41435,-18.6598],[-65.41105,-18.6518],[-65.40737,-18.65261],[-65.40388,-18.65589],[-65.40282,-18.654],[-65.40014,-18.65391],[-65.39332,-18.6562],[-65.38941,-18.65325],[-65.38386,-18.64194],[-65.38133,-18.64084],[-65.3844,-18.63752],[-65.39018,-18.63546],[-65.39211,-18.62824],[-65.40003,-18.62123],[-65.40211,-18.61759],[-65.40729,-18.61358],[-65.4124,-18.61304],[-65.41633,-18.61062],[-65.42163,-18.60505],[-65.42772,-18.6034],[-65.43393,-18.60627],[-65.43574,-18.60992],[-65.43404,-18.61307],[-65.43675,-18.61601],[-65.43763,-18.61372],[-65.44763,-18.60635],[-65.45359,-18.60666],[-65.45777,-18.60511],[-65.46205,-18.60599],[-65.46201,-18.60406],[-65.46676,-18.59775],[-65.47081,-18.59631],[-65.47507,-18.59672],[-65.47556,-18.59273],[-65.47879,-18.59185],[-65.48106,-18.5928],[-65.48602,-18.59075],[-65.48887,-18.58235],[-65.49102,-18.58169],[-65.49124,-18.5792],[-65.4951,-18.5758],[-65.49448,-18.56924],[-65.5013,-18.56398],[-65.50133,-18.5597],[-65.4965,-18.54952],[-65.49676,-18.54519],[-65.49302,-18.53849],[-65.49604,-18.53579],[-65.50401,-18.54383],[-65.51428,-18.54748],[-65.51605,-18.53929],[-65.52608,-18.52649],[-65.52987,-18.52741],[-65.53432,-18.5258],[-65.55584,-18.51404],[-65.56392,-18.51182],[-65.57571,-18.50182],[-65.58387,-18.49834],[-65.60059,-18.49826],[-65.61145,-18.49662],[-65.61873,-18.50035],[-65.62381,-18.50112],[-65.61909,-18.4831],[-65.62209,-18.47505],[-65.62407,-18.46203],[-65.64473,-18.44539],[-65.65548,-18.44616],[-65.66625,-18.43675],[-65.67238,-18.43368],[-65.67733,-18.42926],[-65.67905,-18.42362],[-65.68423,-18.4171],[-65.68177,-18.4114],[-65.68451,-18.40246],[-65.68352,-18.38715],[-65.68679,-18.37766],[-65.6904,-18.3746],[-65.69552,-18.36632],[-65.6951,-18.3627],[-65.69258,-18.35994],[-65.69386,-18.35193],[-65.67933,-18.34726],[-65.674,-18.34736],[-65.66626,-18.36087],[-65.65823,-18.36605],[-65.64571,-18.36712],[-65.63838,-18.36973],[-65.63431,-18.37392],[-65.62562,-18.37532],[-65.59083,-18.37481],[-65.58308,-18.37874],[-65.57825,-18.38505],[-65.5648,-18.39155],[-65.55594,-18.40048],[-65.55367,-18.40156],[-65.54902,-18.40083],[-65.54646,-18.4046],[-65.54186,-18.40092],[-65.53678,-18.39932],[-65.53477,-18.39214],[-65.52935,-18.39155],[-65.52375,-18.39483],[-65.5188,-18.3929],[-65.51282,-18.3875],[-65.50703,-18.38672],[-65.49757,-18.39185],[-65.48932,-18.39996],[-65.48351,-18.39939],[-65.47839,-18.40072],[-65.46465,-18.39868],[-65.46226,-18.40043],[-65.46016,-18.40579],[-65.45468,-18.41036],[-65.45282,-18.41009],[-65.44813,-18.40527],[-65.4412,-18.40375],[-65.43279,-18.40956],[-65.42448,-18.41029],[-65.42032,-18.41506],[-65.41061,-18.41986],[-65.40386,-18.42011],[-65.39958,-18.4256],[-65.38594,-18.42296],[-65.38035,-18.42787],[-65.37223,-18.43034],[-65.36608,-18.43559],[-65.35718,-18.43656],[-65.35477,-18.4339],[-65.3511,-18.4329],[-65.34932,-18.42103],[-65.34567,-18.41788]]]]}},{"type":"Feature","properties":{"shapeName":"Santa Cruz","shapeISO":"BO-S","shapeID":"26024454B26939592883549","shapeGroup":"BOL","shapeType":"ADM1"},"geometry":{"type":"Polygon","coordinates":[[[-64.72966,-15.80201],[-64.72902,-15.81387],[-64.73035,-15.8199],[-64.73317,-15.82572],[-64.74318,-15.83798],[-64.74498,-15.85205],[-64.75031,-15.86111],[-64.75124,-15.86657],[-64.749,-15.8709],[-64.73636,-15.8747],[-64.73027,-15.87925],[-64.72299,-15.89678],[-64.72521,-15.90194],[-64.72918,-15.90306],[-64.73155,-15.90208],[-64.73998,-15.89224],[-64.74591,-15.89123],[-64.74656,-15.89707],[-64.73259,-15.90821],[-64.73044,-15.91129],[-64.7297,-15.91772],[-64.73042,-15.9202],[-64.73489,-15.92256],[-64.74558,-15.92209],[-64.75077,-15.92586],[-64.7554,-15.94213],[-64.75619,-15.95022],[-64.75366,-15.95308],[-64.73309,-15.94884],[-64.72682,-15.95124],[-64.72615,-15.95561],[-64.73292,-15.9705],[-64.74172,-15.97943],[-64.74001,-15.98157],[-64.7288,-15.98166],[-64.72457,-15.97963],[-64.72406,-15.9685],[-64.71986,-15.96303],[-64.71358,-15.96308],[-64.70952,-15.96753],[-64.71097,-15.97773],[-64.73163,-15.99318],[-64.73361,-15.9961],[-64.73409,-16.00269],[-64.73097,-16.00622],[-64.72747,-16.00596],[-64.71752,-16.00145],[-64.70868,-16.00094],[-64.70241,-16.00457],[-64.70095,-16.007],[-64.70152,-16.01158],[-64.70568,-16.01252],[-64.71579,-16.00871],[-64.72322,-16.00951],[-64.72674,-16.01218],[-64.73054,-16.01892],[-64.73275,-16.03447],[-64.73164,-16.03695],[-64.72679,-16.03911],[-64.7237,-16.03862],[-64.71951,-16.03412],[-64.72041,-16.02837],[-64.72593,-16.02158],[-64.72597,-16.0198],[-64.72328,-16.01724],[-64.71926,-16.01848],[-64.71426,-16.0242],[-64.70249,-16.02871],[-64.70201,-16.03485],[-64.71598,-16.05876],[-64.71353,-16.06274],[-64.7095,-16.06415],[-64.70467,-16.06144],[-64.69903,-16.05368],[-64.69653,-16.05301],[-64.69322,-16.05424],[-64.69506,-16.06831],[-64.69055,-16.07563],[-64.69012,-16.0808],[-64.69288,-16.08472],[-64.69729,-16.08653],[-64.69942,-16.08565],[-64.70147,-16.08236],[-64.70046,-16.07611],[-64.70255,-16.06984],[-64.70798,-16.06641],[-64.71159,-16.06604],[-64.71892,-16.06902],[-64.72215,-16.0721],[-64.72701,-16.07774],[-64.72716,-16.08118],[-64.71506,-16.08225],[-64.70787,-16.08891],[-64.69801,-16.0879],[-64.69186,-16.09011],[-64.68845,-16.09416],[-64.68872,-16.09806],[-64.69683,-16.10213],[-64.69965,-16.10652],[-64.69779,-16.1109],[-64.68879,-16.11638],[-64.68642,-16.11651],[-64.68289,-16.11384],[-64.68215,-16.1034],[-64.6779,-16.09867],[-64.66783,-16.09427],[-64.6634,-16.09712],[-64.6693,-16.1066],[-64.67174,-16.11519],[-64.67486,-16.11844],[-64.68272,-16.12152],[-64.68453,-16.12455],[-64.68349,-16.12857],[-64.67371,-16.13726],[-64.67244,-16.14191],[-64.67391,-16.15383],[-64.68188,-16.16995],[-64.68168,-16.1814],[-64.68421,-16.18477],[-64.68766,-16.18618],[-64.6918,-16.18408],[-64.69361,-16.18056],[-64.69085,-16.17054],[-64.69464,-16.16908],[-64.70035,-16.17747],[-64.70734,-16.1824],[-64.70821,-16.1859],[-64.70658,-16.18981],[-64.70368,-16.19181],[-64.68334,-16.20127],[-64.67149,-16.20486],[-64.67003,-16.20837],[-64.67206,-16.22361],[-64.67739,-16.23564],[-64.67446,-16.2398],[-64.66733,-16.24048],[-64.66586,-16.24182],[-64.66626,-16.25018],[-64.66477,-16.25679],[-64.67337,-16.26108],[-64.6841,-16.27338],[-64.69318,-16.28553],[-64.69277,-16.29312],[-64.68988,-16.29561],[-64.68762,-16.29552],[-64.68078,-16.28794],[-64.6778,-16.2863],[-64.67096,-16.28584],[-64.6553,-16.28825],[-64.64997,-16.29111],[-64.64665,-16.29616],[-64.64745,-16.29879],[-64.64954,-16.29998],[-64.66372,-16.30475],[-64.67398,-16.30989],[-64.67842,-16.31453],[-64.68032,-16.32134],[-64.67773,-16.32429],[-64.67208,-16.32445],[-64.65603,-16.31631],[-64.65085,-16.31515],[-64.64635,-16.31639],[-64.644,-16.32076],[-64.64529,-16.32575],[-64.64811,-16.32882],[-64.65829,-16.33041],[-64.66517,-16.3364],[-64.66682,-16.34144],[-64.66565,-16.35788],[-64.6735,-16.36511],[-64.67681,-16.36313],[-64.67911,-16.35365],[-64.68472,-16.34935],[-64.70151,-16.34256],[-64.70586,-16.34293],[-64.7088,-16.34641],[-64.70884,-16.35088],[-64.70596,-16.35498],[-64.70087,-16.3568],[-64.692,-16.3563],[-64.68674,-16.35972],[-64.6872,-16.36483],[-64.69317,-16.36782],[-64.69614,-16.3735],[-64.69574,-16.37643],[-64.69267,-16.37881],[-64.68553,-16.37881],[-64.66454,-16.37111],[-64.65985,-16.37178],[-64.65625,-16.37479],[-64.65646,-16.37812],[-64.67941,-16.408],[-64.68321,-16.41083],[-64.69606,-16.41408],[-64.69888,-16.41764],[-64.69848,-16.42171],[-64.69516,-16.42497],[-64.68137,-16.42675],[-64.6767,-16.43157],[-64.67835,-16.4361],[-64.68689,-16.44228],[-64.68761,-16.44664],[-64.68555,-16.45234],[-64.67593,-16.46431],[-64.67329,-16.47401],[-64.67405,-16.47628],[-64.67748,-16.4787],[-64.68213,-16.47914],[-64.69203,-16.47081],[-64.69697,-16.46874],[-64.7026,-16.46846],[-64.70901,-16.47175],[-64.71108,-16.47466],[-64.71245,-16.48234],[-64.70988,-16.48613],[-64.7048,-16.48617],[-64.69739,-16.48091],[-64.6918,-16.47976],[-64.68835,-16.48236],[-64.68794,-16.48505],[-64.68883,-16.48731],[-64.69294,-16.49015],[-64.7084,-16.49343],[-64.71121,-16.49575],[-64.71145,-16.50256],[-64.7026,-16.51076],[-64.70141,-16.51609],[-64.70627,-16.53167],[-64.7112,-16.53629],[-64.72074,-16.53543],[-64.72333,-16.5341],[-64.72645,-16.52935],[-64.72642,-16.52618],[-64.71857,-16.51436],[-64.71989,-16.50951],[-64.72279,-16.50775],[-64.73962,-16.50528],[-64.74602,-16.50702],[-64.75077,-16.5126],[-64.75026,-16.51781],[-64.74178,-16.52531],[-64.74012,-16.53399],[-64.74264,-16.53845],[-64.75203,-16.54137],[-64.75738,-16.54461],[-64.76122,-16.55115],[-64.75926,-16.5538],[-64.75381,-16.55348],[-64.75017,-16.55579],[-64.74719,-16.58207],[-64.74862,-16.59008],[-64.75045,-16.59342],[-64.765,-16.60488],[-64.77825,-16.61056],[-64.78113,-16.61317],[-64.79053,-16.63124],[-64.78926,-16.6349],[-64.78723,-16.63629],[-64.77224,-16.63737],[-64.75749,-16.65256],[-64.75531,-16.65742],[-64.75839,-16.66869],[-64.75796,-16.67888],[-64.75895,-16.68174],[-64.76345,-16.68564],[-64.76852,-16.68668],[-64.77252,-16.68492],[-64.77353,-16.68061],[-64.76698,-16.6646],[-64.76759,-16.65835],[-64.77321,-16.65386],[-64.77977,-16.6561],[-64.78339,-16.66123],[-64.78422,-16.67851],[-64.78749,-16.68572],[-64.79282,-16.69051],[-64.80708,-16.69512],[-64.8101,-16.70005],[-64.80927,-16.70737],[-64.80648,-16.71148],[-64.80049,-16.7149],[-64.79008,-16.71564],[-64.78246,-16.72152],[-64.78001,-16.72986],[-64.78357,-16.74453],[-64.78771,-16.7488],[-64.79263,-16.74997],[-64.79714,-16.74699],[-64.80004,-16.73901],[-64.80388,-16.73524],[-64.81442,-16.73157],[-64.82448,-16.72524],[-64.83177,-16.7251],[-64.84034,-16.73406],[-64.84241,-16.74043],[-64.84097,-16.7456],[-64.8342,-16.7494],[-64.82986,-16.75632],[-64.82967,-16.7608],[-64.83567,-16.77306],[-64.8342,-16.77498],[-64.8306,-16.77573],[-64.81848,-16.76699],[-64.80737,-16.76245],[-64.80172,-16.76241],[-64.79637,-16.76437],[-64.79403,-16.76831],[-64.79686,-16.77373],[-64.80173,-16.77436],[-64.80832,-16.76818],[-64.81228,-16.76719],[-64.81607,-16.76926],[-64.81659,-16.77146],[-64.81544,-16.77587],[-64.80863,-16.78013],[-64.80451,-16.78524],[-64.80408,-16.79203],[-64.8017,-16.79697],[-64.79774,-16.79796],[-64.78859,-16.79603],[-64.78138,-16.8003],[-64.77894,-16.80501],[-64.78051,-16.81274],[-64.79019,-16.81849],[-64.79263,-16.82421],[-64.79091,-16.84176],[-64.78944,-16.84474],[-64.7778,-16.85308],[-64.76934,-16.86148],[-64.76685,-16.86083],[-64.76332,-16.85483],[-64.75904,-16.85217],[-64.75369,-16.85306],[-64.74514,-16.8516],[-64.74256,-16.8521],[-64.73961,-16.85515],[-64.73974,-16.85802],[-64.74195,-16.86096],[-64.76613,-16.8663],[-64.76913,-16.8679],[-64.77037,-16.87305],[-64.76511,-16.8774],[-64.76064,-16.87715],[-64.75476,-16.87453],[-64.74475,-16.8661],[-64.74176,-16.86555],[-64.73702,-16.86808],[-64.73635,-16.87153],[-64.7385,-16.87773],[-64.74759,-16.8831],[-64.75834,-16.8862],[-64.76077,-16.89068],[-64.75675,-16.89683],[-64.7515,-16.89793],[-64.74381,-16.89417],[-64.74046,-16.88645],[-64.7346,-16.88612],[-64.73224,-16.88815],[-64.72881,-16.89343],[-64.72807,-16.89937],[-64.73256,-16.90239],[-64.73823,-16.90225],[-64.74431,-16.90449],[-64.75023,-16.9119],[-64.74999,-16.91735],[-64.74841,-16.91899],[-64.74206,-16.91953],[-64.73555,-16.91384],[-64.73188,-16.91464],[-64.72171,-16.92092],[-64.72027,-16.92639],[-64.72328,-16.9299],[-64.72635,-16.92949],[-64.73177,-16.92371],[-64.73643,-16.92338],[-64.73935,-16.92775],[-64.73492,-16.93219],[-64.73478,-16.93803],[-64.73938,-16.94105],[-64.74672,-16.93974],[-64.74674,-16.94232],[-64.73943,-16.9464],[-64.7356,-16.95198],[-64.72936,-16.95442],[-64.72318,-16.9517],[-64.71594,-16.94239],[-64.71325,-16.94194],[-64.71019,-16.94378],[-64.70872,-16.94599],[-64.70935,-16.9531],[-64.71715,-16.95916],[-64.71877,-16.96239],[-64.71723,-16.96738],[-64.712,-16.97144],[-64.70942,-16.97213],[-64.70483,-16.97016],[-64.70401,-16.9673],[-64.70739,-16.95637],[-64.70388,-16.95248],[-64.69813,-16.95377],[-64.69074,-16.96062],[-64.67453,-16.9707],[-64.67329,-16.97654],[-64.67689,-16.97919],[-64.68045,-16.97715],[-64.68347,-16.97034],[-64.68564,-16.96889],[-64.68972,-16.96952],[-64.6927,-16.97998],[-64.6979,-16.98338],[-64.70786,-16.98626],[-64.70989,-16.99122],[-64.7074,-17.00157],[-64.70463,-17.00302],[-64.70065,-17.00239],[-64.69545,-16.99861],[-64.69513,-16.99603],[-64.69807,-16.99122],[-64.69824,-16.98787],[-64.69633,-16.9855],[-64.69064,-16.98363],[-64.68201,-16.98552],[-64.67559,-16.98949],[-64.67186,-16.99431],[-64.67198,-16.99689],[-64.67529,-17.00011],[-64.68054,-16.99902],[-64.68538,-16.99544],[-64.68996,-16.99645],[-64.69139,-17.00036],[-64.68967,-17.0086],[-64.69112,-17.01452],[-64.68748,-17.01923],[-64.68034,-17.01818],[-64.67283,-17.01289],[-64.66415,-17.0158],[-64.66255,-17.01261],[-64.66607,-17.00668],[-64.66447,-17.00282],[-64.66201,-17.00191],[-64.65923,-17.00214],[-64.65115,-17.00846],[-64.64431,-17.00812],[-64.63764,-17.00511],[-64.62895,-17.00493],[-64.62669,-17.00841],[-64.62838,-17.01255],[-64.63849,-17.01687],[-64.64012,-17.01958],[-64.64163,-17.03144],[-64.63931,-17.03724],[-64.63431,-17.03913],[-64.62565,-17.0358],[-64.62456,-17.03157],[-64.62762,-17.02801],[-64.62893,-17.02279],[-64.62587,-17.01786],[-64.6195,-17.01448],[-64.6175,-17.0152],[-64.61593,-17.01898],[-64.62057,-17.02824],[-64.61976,-17.03347],[-64.61763,-17.03534],[-64.61288,-17.03495],[-64.60986,-17.02801],[-64.60396,-17.02578],[-64.59377,-17.03081],[-64.58719,-17.0363],[-64.58806,-17.04147],[-64.58983,-17.04227],[-64.59261,-17.04224],[-64.59877,-17.0376],[-64.60577,-17.03518],[-64.60855,-17.03505],[-64.61156,-17.03778],[-64.61096,-17.04235],[-64.60883,-17.04412],[-64.59875,-17.04667],[-64.59269,-17.05381],[-64.58783,-17.05389],[-64.58553,-17.05041],[-64.58469,-17.04409],[-64.58247,-17.04127],[-64.57483,-17.03309],[-64.56988,-17.03251],[-64.56475,-17.03573],[-64.56444,-17.04021],[-64.57277,-17.0487],[-64.57906,-17.05141],[-64.5809,-17.05608],[-64.57746,-17.06016],[-64.56839,-17.05786],[-64.56579,-17.05866],[-64.56007,-17.06571],[-64.55331,-17.07024],[-64.54911,-17.06776],[-64.54993,-17.05833],[-64.54692,-17.05531],[-64.54416,-17.05477],[-64.53517,-17.05743],[-64.51881,-17.05679],[-64.51575,-17.06044],[-64.5155,-17.06253],[-64.51714,-17.06429],[-64.52786,-17.06414],[-64.53442,-17.07211],[-64.5431,-17.07421],[-64.54705,-17.07917],[-64.54973,-17.08734],[-64.54779,-17.08958],[-64.53629,-17.08933],[-64.51909,-17.09897],[-64.50798,-17.09061],[-64.50423,-17.08967],[-64.50033,-17.09092],[-64.49786,-17.10289],[-64.48075,-17.11396],[-64.47698,-17.11807],[-64.47653,-17.12026],[-64.47825,-17.12297],[-64.48818,-17.12681],[-64.48956,-17.13133],[-64.48698,-17.13537],[-64.47668,-17.13829],[-64.46945,-17.13365],[-64.46422,-17.13267],[-64.46039,-17.13487],[-64.45738,-17.14053],[-64.45119,-17.14192],[-64.44786,-17.14022],[-64.44015,-17.1307],[-64.43542,-17.13002],[-64.43158,-17.13298],[-64.43028,-17.13753],[-64.43529,-17.14757],[-64.43533,-17.15425],[-64.43264,-17.1585],[-64.42835,-17.15936],[-64.42508,-17.15547],[-64.42413,-17.14142],[-64.41948,-17.14093],[-64.41379,-17.15025],[-64.41069,-17.15142],[-64.40678,-17.14895],[-64.40227,-17.13997],[-64.39853,-17.13874],[-64.39462,-17.14065],[-64.39094,-17.14486],[-64.39163,-17.14908],[-64.4046,-17.15033],[-64.40734,-17.15173],[-64.41031,-17.15628],[-64.4094,-17.16074],[-64.40488,-17.16302],[-64.40067,-17.16064],[-64.39479,-17.15354],[-64.39232,-17.15339],[-64.38769,-17.15586],[-64.38626,-17.16145],[-64.38696,-17.16529],[-64.39878,-17.16914],[-64.40008,-17.1727],[-64.3984,-17.17648],[-64.38515,-17.17437],[-64.3753,-17.18947],[-64.36434,-17.18414],[-64.35927,-17.18467],[-64.35727,-17.18712],[-64.35644,-17.19246],[-64.35883,-17.19802],[-64.3603,-17.19892],[-64.37285,-17.19713],[-64.37487,-17.19975],[-64.37505,-17.20162],[-64.36832,-17.2088],[-64.36614,-17.21555],[-64.37142,-17.22647],[-64.37119,-17.2299],[-64.35642,-17.23106],[-64.35324,-17.22992],[-64.3527,-17.22769],[-64.35504,-17.22073],[-64.3529,-17.21395],[-64.34396,-17.2098],[-64.33621,-17.20802],[-64.33289,-17.21424],[-64.33687,-17.22446],[-64.33615,-17.23183],[-64.33251,-17.23432],[-64.32324,-17.2368],[-64.32105,-17.24075],[-64.32531,-17.24452],[-64.3338,-17.24317],[-64.33728,-17.24445],[-64.34002,-17.25158],[-64.34019,-17.26379],[-64.33694,-17.26503],[-64.3304,-17.26218],[-64.31538,-17.26481],[-64.31246,-17.26781],[-64.31146,-17.27443],[-64.30446,-17.27787],[-64.30127,-17.27654],[-64.30162,-17.27219],[-64.31128,-17.26486],[-64.31225,-17.26191],[-64.31048,-17.25866],[-64.30557,-17.2574],[-64.29553,-17.26335],[-64.28382,-17.26473],[-64.28218,-17.26847],[-64.28491,-17.27575],[-64.28442,-17.281],[-64.28127,-17.28435],[-64.27491,-17.28512],[-64.27868,-17.2908],[-64.27455,-17.29113],[-64.27086,-17.29435],[-64.26687,-17.29244],[-64.26519,-17.29389],[-64.26609,-17.29745],[-64.26457,-17.29949],[-64.26175,-17.29936],[-64.26076,-17.29665],[-64.25817,-17.29603],[-64.24728,-17.30196],[-64.24606,-17.30476],[-64.24845,-17.307],[-64.24604,-17.31034],[-64.24526,-17.31776],[-64.239,-17.31844],[-64.24152,-17.32208],[-64.2412,-17.32575],[-64.24513,-17.33112],[-64.24147,-17.33572],[-64.24207,-17.3391],[-64.24021,-17.34004],[-64.24094,-17.34319],[-64.23661,-17.34987],[-64.23906,-17.36063],[-64.23656,-17.36242],[-64.23776,-17.36688],[-64.23411,-17.37366],[-64.24268,-17.39919],[-64.25381,-17.40313],[-64.2537,-17.40551],[-64.24889,-17.4114],[-64.24933,-17.41248],[-64.25295,-17.41257],[-64.25366,-17.4164],[-64.25811,-17.41712],[-64.25401,-17.4231],[-64.25496,-17.42649],[-64.26055,-17.42302],[-64.26911,-17.4253],[-64.27518,-17.42335],[-64.28187,-17.42525],[-64.28971,-17.4331],[-64.29556,-17.43675],[-64.30616,-17.43738],[-64.31363,-17.43348],[-64.31595,-17.42731],[-64.3238,-17.42206],[-64.33353,-17.42262],[-64.33536,-17.42639],[-64.3402,-17.42796],[-64.3491,-17.42346],[-64.35273,-17.42928],[-64.35279,-17.43426],[-64.35503,-17.43764],[-64.35675,-17.43837],[-64.35842,-17.43373],[-64.35953,-17.43793],[-64.36219,-17.43959],[-64.36173,-17.44175],[-64.35738,-17.44162],[-64.35746,-17.44464],[-64.3659,-17.44352],[-64.36753,-17.4455],[-64.37048,-17.44554],[-64.37265,-17.45316],[-64.37646,-17.4534],[-64.37843,-17.45544],[-64.38391,-17.45712],[-64.39094,-17.45558],[-64.39719,-17.45114],[-64.39875,-17.45099],[-64.40085,-17.45375],[-64.40575,-17.4533],[-64.40507,-17.45746],[-64.39992,-17.46352],[-64.40151,-17.46696],[-64.40542,-17.4672],[-64.40645,-17.4715],[-64.40585,-17.4776],[-64.4036,-17.4796],[-64.40123,-17.4873],[-64.40061,-17.4939],[-64.40299,-17.49614],[-64.40588,-17.49518],[-64.40676,-17.49747],[-64.40874,-17.49763],[-64.40907,-17.50285],[-64.41098,-17.50384],[-64.40936,-17.50611],[-64.4106,-17.50886],[-64.4089,-17.51589],[-64.41119,-17.51871],[-64.41551,-17.521],[-64.42757,-17.52347],[-64.42807,-17.528],[-64.42352,-17.53504],[-64.42382,-17.53655],[-64.42979,-17.53966],[-64.42942,-17.54861],[-64.43228,-17.56001],[-64.46668,-17.56359],[-64.47418,-17.55901],[-64.47814,-17.55961],[-64.48099,-17.55763],[-64.48321,-17.55732],[-64.4894,-17.56004],[-64.49556,-17.55334],[-64.49921,-17.55485],[-64.50095,-17.55256],[-64.50475,-17.55164],[-64.50585,-17.54951],[-64.5087,-17.54844],[-64.51408,-17.54326],[-64.51485,-17.53809],[-64.51976,-17.53397],[-64.52215,-17.54035],[-64.52579,-17.54034],[-64.53215,-17.54808],[-64.54374,-17.55352],[-64.54614,-17.56075],[-64.55022,-17.56583],[-64.56209,-17.5637],[-64.58458,-17.55644],[-64.60249,-17.55741],[-64.60303,-17.56481],[-64.59971,-17.57273],[-64.59857,-17.59023],[-64.59408,-17.59304],[-64.59198,-17.59774],[-64.58843,-17.60061],[-64.59216,-17.60688],[-64.5911,-17.6135],[-64.59211,-17.61896],[-64.59472,-17.62375],[-64.59447,-17.62674],[-64.59742,-17.63468],[-64.60189,-17.63615],[-64.60158,-17.6408],[-64.61409,-17.65101],[-64.61428,-17.65868],[-64.61652,-17.66395],[-64.62107,-17.66293],[-64.62461,-17.65886],[-64.62748,-17.65899],[-64.62955,-17.66626],[-64.63333,-17.66982],[-64.63557,-17.66978],[-64.63868,-17.67525],[-64.64086,-17.67577],[-64.64025,-17.67913],[-64.64227,-17.68069],[-64.64094,-17.68281],[-64.64153,-17.68733],[-64.63978,-17.69531],[-64.64018,-17.70089],[-64.64195,-17.70365],[-64.63934,-17.70499],[-64.63979,-17.70818],[-64.64846,-17.70893],[-64.65203,-17.71437],[-64.65889,-17.71659],[-64.67049,-17.714],[-64.67439,-17.71623],[-64.68222,-17.71618],[-64.68784,-17.71867],[-64.69897,-17.71541],[-64.70193,-17.71608],[-64.70482,-17.71763],[-64.7052,-17.72246],[-64.71325,-17.73158],[-64.71769,-17.73311],[-64.72938,-17.7335],[-64.73239,-17.73572],[-64.74003,-17.73739],[-64.74628,-17.73602],[-64.75132,-17.74245],[-64.75279,-17.7472],[-64.75622,-17.75014],[-64.7633,-17.77494],[-64.77471,-17.80753],[-64.77765,-17.81159],[-64.77428,-17.81562],[-64.77397,-17.8211],[-64.77729,-17.8262],[-64.77763,-17.82976],[-64.79154,-17.8445],[-64.80638,-17.89307],[-64.8024,-17.8975],[-64.7954,-17.91598],[-64.78659,-17.93331],[-64.81061,-17.9447],[-64.80741,-17.94689],[-64.80412,-17.95315],[-64.79948,-17.95784],[-64.79884,-17.96375],[-64.79614,-17.96805],[-64.78643,-17.97468],[-64.78507,-17.97904],[-64.7826,-17.97963],[-64.78327,-17.98184],[-64.77997,-17.97887],[-64.77724,-17.98135],[-64.77438,-17.97719],[-64.77075,-17.98213],[-64.76632,-17.9849],[-64.7668,-17.98984],[-64.7633,-18.00148],[-64.75359,-18.01498],[-64.75033,-18.01689],[-64.74712,-18.02731],[-64.7369,-18.03928],[-64.7345,-18.03802],[-64.72536,-18.04057],[-64.72021,-18.04377],[-64.71793,-18.04216],[-64.71659,-18.04281],[-64.71732,-18.04618],[-64.71539,-18.04951],[-64.7156,-18.05689],[-64.71919,-18.06103],[-64.7144,-18.0661],[-64.71562,-18.07226],[-64.7143,-18.07364],[-64.7134,-18.07185],[-64.7113,-18.07297],[-64.71139,-18.07807],[-64.70971,-18.08145],[-64.70638,-18.08498],[-64.70121,-18.08724],[-64.69765,-18.09263],[-64.69351,-18.09396],[-64.69187,-18.09876],[-64.68603,-18.09967],[-64.68246,-18.09877],[-64.67933,-18.10142],[-64.66978,-18.10042],[-64.66607,-18.1045],[-64.66146,-18.10422],[-64.65458,-18.10048],[-64.6447,-18.1029],[-64.64344,-18.10043],[-64.63887,-18.09914],[-64.63498,-18.09595],[-64.6264,-18.09656],[-64.62364,-18.09436],[-64.62061,-18.09643],[-64.6157,-18.09335],[-64.61123,-18.09622],[-64.6104,-18.10365],[-64.60671,-18.10444],[-64.60409,-18.10927],[-64.59635,-18.10841],[-64.58259,-18.11488],[-64.57892,-18.11494],[-64.57322,-18.12093],[-64.56026,-18.12483],[-64.55843,-18.12996],[-64.55601,-18.13203],[-64.54974,-18.13581],[-64.5456,-18.13557],[-64.54285,-18.13864],[-64.53793,-18.14677],[-64.53927,-18.15039],[-64.53742,-18.15302],[-64.52969,-18.15516],[-64.52773,-18.15754],[-64.52976,-18.15849],[-64.52938,-18.15953],[-64.52219,-18.16036],[-64.52237,-18.16227],[-64.5255,-18.16341],[-64.52646,-18.16538],[-64.51957,-18.17233],[-64.52214,-18.17599],[-64.52262,-18.18128],[-64.51369,-18.18607],[-64.51174,-18.18546],[-64.50808,-18.18931],[-64.50841,-18.19179],[-64.51422,-18.19752],[-64.51411,-18.19902],[-64.50957,-18.19896],[-64.50879,-18.20306],[-64.5036,-18.20534],[-64.49713,-18.21284],[-64.4966,-18.21458],[-64.49911,-18.21569],[-64.50217,-18.22157],[-64.50061,-18.22503],[-64.49736,-18.22658],[-64.49959,-18.23243],[-64.49715,-18.23553],[-64.49229,-18.23422],[-64.49429,-18.23714],[-64.49061,-18.23956],[-64.48877,-18.25551],[-64.48481,-18.26099],[-64.48166,-18.26093],[-64.48621,-18.2695],[-64.48902,-18.26998],[-64.48889,-18.27302],[-64.48487,-18.27135],[-64.48256,-18.27197],[-64.4805,-18.27924],[-64.48351,-18.28415],[-64.48541,-18.29365],[-64.48354,-18.29519],[-64.47292,-18.29548],[-64.47322,-18.30076],[-64.4714,-18.30421],[-64.4641,-18.3047],[-64.46368,-18.30614],[-64.46652,-18.30961],[-64.47121,-18.3123],[-64.46257,-18.32435],[-64.46147,-18.32329],[-64.46264,-18.32101],[-64.46103,-18.31946],[-64.45897,-18.3245],[-64.45261,-18.32308],[-64.45146,-18.32731],[-64.44588,-18.32508],[-64.44501,-18.32761],[-64.43925,-18.32915],[-64.4337,-18.33627],[-64.43382,-18.33881],[-64.43677,-18.34149],[-64.43652,-18.34385],[-64.43982,-18.34761],[-64.4414,-18.35331],[-64.4454,-18.35594],[-64.44433,-18.35784],[-64.44002,-18.35892],[-64.44003,-18.36473],[-64.44533,-18.36631],[-64.44836,-18.37353],[-64.44612,-18.37474],[-64.44017,-18.3689],[-64.43618,-18.37219],[-64.43172,-18.37298],[-64.42967,-18.37635],[-64.42929,-18.38005],[-64.43106,-18.38523],[-64.42932,-18.39221],[-64.43427,-18.40027],[-64.43294,-18.40383],[-64.4296,-18.40526],[-64.42742,-18.40894],[-64.42848,-18.41427],[-64.42757,-18.41812],[-64.42137,-18.42331],[-64.41902,-18.42979],[-64.41662,-18.4306],[-64.41743,-18.43318],[-64.4119,-18.43738],[-64.41054,-18.44271],[-64.40609,-18.44511],[-64.4054,-18.44838],[-64.40264,-18.45069],[-64.39198,-18.45002],[-64.38215,-18.45326],[-64.38112,-18.45721],[-64.37311,-18.46025],[-64.3702,-18.46343],[-64.36418,-18.4641],[-64.36219,-18.4696],[-64.35767,-18.46809],[-64.34987,-18.47465],[-64.34397,-18.47412],[-64.33545,-18.47605],[-64.33382,-18.47828],[-64.33541,-18.48472],[-64.32814,-18.489],[-64.32512,-18.49738],[-64.32268,-18.49884],[-64.31773,-18.49482],[-64.31023,-18.4972],[-64.30716,-18.4946],[-64.3056,-18.4957],[-64.30282,-18.50049],[-64.30597,-18.50455],[-64.30421,-18.50987],[-64.30427,-18.51833],[-64.30292,-18.51924],[-64.30002,-18.51814],[-64.29808,-18.51995],[-64.30055,-18.5332],[-64.29168,-18.53372],[-64.28844,-18.5378],[-64.2882,-18.54031],[-64.29083,-18.54403],[-64.28476,-18.55456],[-64.28763,-18.5559],[-64.29135,-18.55139],[-64.29375,-18.55571],[-64.29813,-18.55705],[-64.29859,-18.55848],[-64.29629,-18.55994],[-64.29291,-18.55957],[-64.29668,-18.5655],[-64.28884,-18.56943],[-64.28684,-18.57781],[-64.28761,-18.58055],[-64.29228,-18.5845],[-64.29105,-18.58754],[-64.2858,-18.58952],[-64.28442,-18.59463],[-64.28038,-18.59603],[-64.28085,-18.59994],[-64.28773,-18.60602],[-64.28898,-18.61321],[-64.29087,-18.61576],[-64.2932,-18.61553],[-64.29358,-18.61251],[-64.29578,-18.61138],[-64.29825,-18.61604],[-64.30356,-18.61579],[-64.30523,-18.61822],[-64.30547,-18.62372],[-64.30973,-18.6236],[-64.31489,-18.62617],[-64.31656,-18.63063],[-64.31428,-18.63476],[-64.31491,-18.6379],[-64.3112,-18.6417],[-64.31003,-18.64576],[-64.31344,-18.64636],[-64.31793,-18.64243],[-64.31981,-18.65092],[-64.31905,-18.65425],[-64.32468,-18.65735],[-64.32467,-18.65993],[-64.3292,-18.66547],[-64.32458,-18.66966],[-64.31456,-18.66775],[-64.31092,-18.6705],[-64.31288,-18.67728],[-64.31015,-18.68617],[-64.30963,-18.70177],[-64.3123,-18.71526],[-64.31981,-18.7267],[-64.31752,-18.73869],[-64.30937,-18.74984],[-64.31113,-18.75218],[-64.31639,-18.75415],[-64.31755,-18.75672],[-64.31595,-18.76058],[-64.30315,-18.76371],[-64.29783,-18.76646],[-64.29238,-18.77869],[-64.28677,-18.78567],[-64.28276,-18.81264],[-64.28932,-18.81875],[-64.2901,-18.82308],[-64.28438,-18.82762],[-64.27728,-18.83662],[-64.26761,-18.8382],[-64.2641,-18.83589],[-64.25827,-18.83738],[-64.25303,-18.84259],[-64.24822,-18.84505],[-64.23877,-18.85997],[-64.23312,-18.8589],[-64.22878,-18.86519],[-64.22418,-18.8685],[-64.22272,-18.87408],[-64.22337,-18.87836],[-64.21676,-18.8796],[-64.2132,-18.88236],[-64.21371,-18.89281],[-64.21239,-18.89601],[-64.20612,-18.90035],[-64.20002,-18.90808],[-64.20009,-18.91286],[-64.20228,-18.91663],[-64.19709,-18.92377],[-64.1965,-18.92719],[-64.2016,-18.93712],[-64.1999,-18.93949],[-64.19703,-18.93775],[-64.1955,-18.93853],[-64.19391,-18.94354],[-64.19592,-18.94817],[-64.19213,-18.95152],[-64.18759,-18.95205],[-64.18462,-18.96119],[-64.17595,-18.95793],[-64.17192,-18.96643],[-64.164,-18.96941],[-64.15949,-18.9688],[-64.15794,-18.96711],[-64.15281,-18.96959],[-64.14527,-18.96688],[-64.1406,-18.96892],[-64.1304,-18.96426],[-64.12255,-18.96852],[-64.11971,-18.97217],[-64.11111,-18.97071],[-64.10634,-18.97348],[-64.10327,-18.97338],[-64.1012,-18.9764],[-64.10019,-18.98617],[-64.09801,-18.99018],[-64.08953,-18.99208],[-64.09152,-18.99524],[-64.08968,-19.001],[-64.08198,-18.99592],[-64.07846,-19.00138],[-64.06847,-19.00527],[-64.06315,-19.01676],[-64.0655,-19.02659],[-64.0577,-19.03028],[-64.05298,-19.03784],[-64.05348,-19.03988],[-64.05795,-19.04206],[-64.05506,-19.0463],[-64.05804,-19.04916],[-64.05226,-19.05191],[-64.04612,-19.05802],[-64.04959,-19.06534],[-64.0418,-19.07912],[-64.0443,-19.08373],[-64.04252,-19.08787],[-64.04534,-19.09322],[-64.0452,-19.09735],[-64.0434,-19.09916],[-64.04011,-19.0982],[-64.03624,-19.09972],[-64.03552,-19.10093],[-64.04087,-19.10409],[-64.04124,-19.1057],[-64.03191,-19.11279],[-64.0373,-19.1165],[-64.04075,-19.11617],[-64.04385,-19.11765],[-64.04123,-19.12093],[-64.04221,-19.12834],[-64.03939,-19.13111],[-64.03229,-19.13212],[-64.02983,-19.14871],[-64.02807,-19.15035],[-64.02383,-19.15024],[-64.02177,-19.15329],[-64.02294,-19.1551],[-64.02208,-19.15966],[-64.02402,-19.16448],[-64.01865,-19.1668],[-64.01653,-19.17399],[-64.01153,-19.17891],[-64.00901,-19.17959],[-64.00793,-19.17605],[-64.00432,-19.17962],[-64.00059,-19.17955],[-63.99477,-19.18213],[-63.97822,-19.17872],[-63.9719,-19.18078],[-63.96772,-19.17947],[-63.96051,-19.17339],[-63.95535,-19.17679],[-63.95306,-19.17507],[-63.94985,-19.17561],[-63.94541,-19.18293],[-63.94211,-19.17849],[-63.93427,-19.17746],[-63.93107,-19.17826],[-63.9303,-19.18191],[-63.92481,-19.18426],[-63.91946,-19.18333],[-63.91963,-19.17897],[-63.92464,-19.17625],[-63.91991,-19.16983],[-63.90719,-19.16031],[-63.90796,-19.15574],[-63.91319,-19.15279],[-63.90865,-19.13322],[-63.91373,-19.12913],[-63.91166,-19.12717],[-63.91013,-19.12062],[-63.90739,-19.11781],[-63.90808,-19.11389],[-63.9049,-19.11118],[-63.90564,-19.10745],[-63.90986,-19.1028],[-63.91005,-19.1006],[-63.90916,-19.09902],[-63.90553,-19.09886],[-63.90431,-19.09555],[-63.91075,-19.08818],[-63.90956,-19.08409],[-63.91112,-19.06372],[-63.90759,-19.04806],[-63.90452,-19.04578],[-63.89866,-19.04692],[-63.89687,-19.04589],[-63.89799,-19.04216],[-63.9043,-19.03656],[-63.9017,-19.03166],[-63.89525,-19.03553],[-63.89123,-19.03363],[-63.89034,-19.03015],[-63.88441,-19.02945],[-63.87163,-19.03738],[-63.8661,-19.03806],[-63.86198,-19.0355],[-63.85638,-19.03698],[-63.84772,-19.03662],[-63.84516,-19.03992],[-63.84187,-19.04115],[-63.8389,-19.04959],[-63.83272,-19.05119],[-63.83055,-19.04935],[-63.82321,-19.04926],[-63.81407,-19.04603],[-63.80946,-19.05514],[-63.79484,-19.04346],[-63.77861,-19.04908],[-63.77757,-19.04695],[-63.78142,-19.03915],[-63.7805,-19.03669],[-63.76868,-19.03163],[-63.76096,-19.03589],[-63.75463,-19.03622],[-63.74309,-19.04218],[-63.73627,-19.03912],[-63.73665,-19.03198],[-63.73062,-19.03002],[-63.7218,-19.03792],[-63.72116,-19.04148],[-63.72311,-19.04618],[-63.72209,-19.04773],[-63.71647,-19.04463],[-63.70517,-19.04308],[-63.70789,-19.04521],[-63.70665,-19.05007],[-63.70947,-19.05177],[-63.70831,-19.05408],[-63.70901,-19.06526],[-63.71075,-19.06642],[-63.71094,-19.06921],[-63.71375,-19.07124],[-63.7115,-19.07347],[-63.71101,-19.07667],[-63.7154,-19.08518],[-63.71515,-19.09061],[-63.71699,-19.09728],[-63.71879,-19.09746],[-63.72038,-19.10029],[-63.71907,-19.10609],[-63.72019,-19.10995],[-63.71857,-19.11301],[-63.7206,-19.11376],[-63.7202,-19.11594],[-63.72252,-19.11935],[-63.72807,-19.12239],[-63.73122,-19.12609],[-63.73192,-19.13024],[-63.73434,-19.13246],[-63.7363,-19.14646],[-63.7397,-19.14824],[-63.74383,-19.15916],[-63.74559,-19.17501],[-63.74368,-19.18053],[-63.74451,-19.18516],[-63.73557,-19.20345],[-63.73932,-19.2087],[-63.73766,-19.21602],[-63.72797,-19.22706],[-63.72278,-19.24333],[-63.72264,-19.25248],[-63.71785,-19.26106],[-63.71448,-19.27212],[-63.71892,-19.27939],[-63.71966,-19.31239],[-63.71786,-19.31677],[-63.72087,-19.32172],[-63.72064,-19.33492],[-63.72529,-19.33994],[-63.72316,-19.34429],[-63.72895,-19.34917],[-63.72544,-19.36353],[-63.72007,-19.3655],[-63.71855,-19.37006],[-63.71297,-19.37647],[-63.71739,-19.38074],[-63.72446,-19.39307],[-63.71818,-19.39815],[-63.71686,-19.4019],[-63.71707,-19.40691],[-63.72088,-19.41728],[-63.71831,-19.42207],[-63.7154,-19.42342],[-63.71488,-19.42803],[-63.71782,-19.43956],[-63.70608,-19.46931],[-63.70797,-19.47352],[-63.7032,-19.48421],[-63.703,-19.48735],[-63.7056,-19.4939],[-63.70451,-19.50293],[-63.70219,-19.50566],[-63.70797,-19.50919],[-63.70977,-19.51291],[-63.70725,-19.52811],[-63.70851,-19.53384],[-63.71054,-19.53622],[-63.70812,-19.54348],[-63.70936,-19.54615],[-63.71152,-19.54503],[-63.71155,-19.54817],[-63.71358,-19.55033],[-63.71035,-19.55262],[-63.71189,-19.55609],[-63.71015,-19.57293],[-63.70457,-19.57663],[-63.70223,-19.5867],[-63.69754,-19.58856],[-63.69222,-19.59443],[-63.69355,-19.59543],[-63.69409,-19.60261],[-63.69805,-19.60195],[-63.70023,-19.60933],[-63.7055,-19.61355],[-63.70451,-19.62548],[-63.70712,-19.63653],[-63.7014,-19.64507],[-63.70088,-19.65465],[-63.71154,-19.67388],[-63.71415,-19.68492],[-63.71406,-19.69138],[-63.71696,-19.70011],[-63.71855,-19.71474],[-63.71793,-19.72367],[-63.72029,-19.72908],[-63.71829,-19.73277],[-63.71819,-19.74257],[-63.72162,-19.7537],[-63.71943,-19.76183],[-63.71975,-19.77786],[-63.71639,-19.79166],[-63.71998,-19.79911],[-63.72039,-19.81043],[-63.71582,-19.82675],[-63.71199,-19.83393],[-63.70901,-19.86108],[-63.71,-19.86689],[-63.71318,-19.87288],[-63.71307,-19.87925],[-63.71743,-19.88722],[-63.71982,-19.90802],[-63.71593,-19.91557],[-63.71773,-19.92067],[-63.71497,-19.93547],[-63.71636,-19.95199],[-63.72184,-19.96137],[-63.72173,-19.969],[-63.72802,-19.98937],[-63.72669,-19.99239],[-63.7278,-19.9954],[-63.72691,-20.00005],[-63.72948,-20.00368],[-63.72856,-20.00742],[-63.73047,-20.01331],[-63.72841,-20.02098],[-63.73229,-20.02725],[-63.73179,-20.03888],[-63.72941,-20.04062],[-63.72802,-20.0471],[-63.72895,-20.05795],[-63.72552,-20.06576],[-63.72816,-20.07107],[-63.72524,-20.09484],[-63.72695,-20.10099],[-63.72663,-20.10481],[-63.7229,-20.10745],[-63.72577,-20.11573],[-63.72309,-20.11687],[-63.72257,-20.11888],[-63.71566,-20.12482],[-63.70576,-20.12643],[-63.70511,-20.12932],[-63.7024,-20.13059],[-63.70208,-20.13469],[-63.69869,-20.13997],[-63.69858,-20.14689],[-63.6923,-20.14873],[-63.69203,-20.15656],[-63.69695,-20.16228],[-63.69625,-20.17276],[-63.69815,-20.187],[-63.69202,-20.19019],[-63.68745,-20.18914],[-63.69097,-20.19602],[-63.68931,-20.19841],[-63.68482,-20.19881],[-63.68454,-20.205],[-63.68077,-20.20837],[-63.68353,-20.21614],[-63.68565,-20.21894],[-63.68802,-20.21955],[-63.68679,-20.22601],[-63.69212,-20.22946],[-63.69357,-20.23412],[-63.69502,-20.23464],[-63.69368,-20.23699],[-63.69503,-20.24046],[-63.69847,-20.24009],[-63.69799,-20.24377],[-63.70244,-20.24653],[-63.70757,-20.25429],[-63.70624,-20.25699],[-63.70246,-20.25731],[-63.70494,-20.26029],[-63.69963,-20.26458],[-63.70176,-20.26867],[-63.69687,-20.27435],[-63.69662,-20.27697],[-63.69429,-20.27725],[-63.70076,-20.28178],[-63.69871,-20.29574],[-63.69631,-20.29874],[-63.69834,-20.30736],[-63.69606,-20.32104],[-63.69741,-20.32466],[-63.69624,-20.32658],[-63.69694,-20.32971],[-63.69471,-20.33108],[-63.69237,-20.34539],[-63.6929,-20.36828],[-63.69422,-20.36961],[-63.69203,-20.37825],[-63.69344,-20.37928],[-63.69259,-20.3815],[-63.69554,-20.39832],[-63.69347,-20.4237],[-63.69076,-20.4288],[-63.6923,-20.43587],[-63.68417,-20.46514],[-63.6672,-20.47321],[-63.6553,-20.47263],[-63.64846,-20.46634],[-63.63627,-20.46354],[-63.62208,-20.46457],[-63.61273,-20.46179],[-63.60392,-20.45682],[-63.60261,-20.45464],[-63.5986,-20.45316],[-63.59695,-20.45411],[-63.5934,-20.44782],[-63.59039,-20.44577],[-63.58843,-20.44672],[-63.58984,-20.44422],[-63.58729,-20.44457],[-63.58711,-20.4427],[-63.58406,-20.44246],[-63.58379,-20.44514],[-63.58179,-20.44545],[-63.58097,-20.44803],[-63.57393,-20.44727],[-63.57134,-20.44881],[-63.55985,-20.45029],[-63.55766,-20.45212],[-63.54754,-20.45111],[-63.54072,-20.45426],[-63.53733,-20.45224],[-63.53417,-20.45654],[-63.52874,-20.45652],[-63.52404,-20.45989],[-63.51948,-20.46011],[-63.51344,-20.46272],[-63.51244,-20.46112],[-63.51379,-20.45863],[-63.50972,-20.4565],[-63.50338,-20.45578],[-63.49671,-20.45833],[-63.48996,-20.45626],[-63.48283,-20.45751],[-63.47341,-20.45341],[-63.46405,-20.45354],[-63.46043,-20.4489],[-63.44368,-20.44222],[-63.43944,-20.4367],[-63.42139,-20.44039],[-63.41515,-20.43817],[-63.41241,-20.42831],[-63.40674,-20.425],[-63.4065,-20.42284],[-63.40911,-20.42055],[-63.40498,-20.41761],[-63.40295,-20.41082],[-63.40435,-20.40711],[-63.39946,-20.40345],[-63.39972,-20.39857],[-63.3902,-20.39964],[-63.37136,-20.39498],[-63.36836,-20.39598],[-63.35705,-20.39252],[-63.35586,-20.39981],[-63.35677,-20.4014],[-63.35471,-20.40528],[-63.35625,-20.41376],[-63.35172,-20.41781],[-63.35243,-20.42275],[-63.35722,-20.43305],[-63.36095,-20.43561],[-63.35808,-20.44517],[-63.35974,-20.44794],[-63.35763,-20.46005],[-63.24909,-20.46063],[-63.02188,-20.44425],[-62.69251,-20.44222],[-62.17937,-20.44262],[-61.99839,-20.19209],[-61.9224,-20.08924],[-61.83285,-19.87419],[-61.73547,-19.63418],[-61.16241,-19.54541],[-60.74184,-19.47772],[-60.601,-19.45593],[-59.97692,-19.29517],[-59.93276,-19.29883],[-59.88384,-19.30012],[-59.64569,-19.31248],[-59.24974,-19.34079],[-59.11449,-19.34401],[-59.09957,-19.34943],[-58.99964,-19.40154],[-58.95536,-19.42658],[-58.82349,-19.49691],[-58.74427,-19.53639],[-58.64058,-19.58638],[-58.50113,-19.65017],[-58.23544,-19.77548],[-58.16476,-19.82708],[-58.16784,-19.83133],[-58.17435,-19.83489],[-58.17812,-19.84456],[-58.19207,-19.85329],[-58.19752,-19.86228],[-58.20189,-19.8648],[-58.20368,-19.88145],[-58.20515,-19.8838],[-58.20484,-19.89772],[-58.20033,-19.9052],[-58.19594,-19.92818],[-58.20203,-19.93813],[-58.21312,-19.95139],[-58.21314,-19.95375],[-58.20076,-19.96187],[-58.19205,-19.96154],[-58.18548,-19.97119],[-58.17649,-20.00477],[-58.17742,-20.01359],[-58.17367,-20.02155],[-58.17509,-20.02836],[-58.16786,-20.0359],[-58.15679,-20.04386],[-58.16173,-20.04901],[-58.16685,-20.05079],[-58.16335,-20.05694],[-58.16487,-20.06505],[-58.16041,-20.07301],[-58.1621,-20.07666],[-58.15966,-20.07709],[-58.15807,-20.07511],[-58.15282,-20.07543],[-58.15449,-20.0853],[-58.1446,-20.09784],[-58.13694,-20.11869],[-58.13761,-20.12403],[-58.14196,-20.12833],[-58.14338,-20.13638],[-58.14544,-20.13974],[-58.15936,-20.14537],[-58.16722,-20.15272],[-58.16983,-20.16586],[-58.15187,-20.15274],[-58.13433,-20.15178],[-58.12394,-20.14938],[-58.11456,-20.14355],[-58.10718,-20.12759],[-58.09375,-20.10868],[-58.07162,-20.10459],[-58.05532,-20.10829],[-58.05054,-20.10689],[-58.04347,-20.09752],[-58.0413,-20.09237],[-58.03902,-20.07696],[-58.03651,-20.07041],[-58.03016,-20.06187],[-58.02519,-20.05857],[-58.01821,-20.05775],[-57.99713,-20.0566],[-57.98561,-20.05913],[-57.98301,-20.05819],[-57.97333,-20.05166],[-57.96961,-20.04384],[-57.96693,-20.03309],[-57.9629,-20.02749],[-57.9569,-20.02263],[-57.94641,-20.01906],[-57.93451,-20.02027],[-57.92028,-20.03009],[-57.90711,-20.04256],[-57.90288,-20.0435],[-57.89217,-20.02225],[-57.86786,-19.99108],[-57.85911,-19.97175],[-58.00117,-19.86279],[-58.13138,-19.75837],[-58.00884,-19.50376],[-57.86222,-19.20161],[-57.78367,-19.03524],[-57.71097,-19.03479],[-57.70771,-19.02593],[-57.70549,-19.02421],[-57.70186,-19.01676],[-57.69667,-19.01074],[-57.6912,-19.0115],[-57.6996,-19.00629],[-57.69666,-18.99777],[-57.70192,-18.99318],[-57.70285,-18.98813],[-57.71137,-18.97873],[-57.71586,-18.97743],[-57.71967,-18.97811],[-57.71875,-18.8984],[-57.74462,-18.90058],[-57.76718,-18.90055],[-57.6665,-18.58123],[-57.55969,-18.24214],[-57.50268,-18.23771],[-57.45711,-18.2361],[-57.45443,-18.23102],[-57.45793,-18.22686],[-57.46469,-18.22441],[-57.46976,-18.21966],[-57.47217,-18.2148],[-57.47627,-18.21156],[-57.47867,-18.20705],[-57.47902,-18.20242],[-57.48144,-18.20011],[-57.49256,-18.20123],[-57.49907,-18.1959],[-57.50372,-18.19607],[-57.50404,-18.19886],[-57.5082,-18.19873],[-57.57974,-18.12008],[-57.60115,-18.04363],[-57.72288,-17.83021],[-57.68446,-17.83074],[-57.68514,-17.81064],[-57.7132,-17.77555],[-57.71098,-17.73079],[-57.72066,-17.72136],[-57.72744,-17.72157],[-57.73207,-17.71856],[-57.74139,-17.69475],[-57.748,-17.69476],[-57.75181,-17.69097],[-57.75859,-17.6681],[-57.76221,-17.66156],[-57.77533,-17.65765],[-57.77698,-17.65006],[-57.781,-17.64607],[-57.78351,-17.63926],[-57.78217,-17.63532],[-57.77408,-17.626],[-57.77204,-17.61532],[-57.77301,-17.61305],[-57.77547,-17.61248],[-57.78111,-17.6159],[-57.78407,-17.61138],[-57.78426,-17.60819],[-57.7595,-17.59142],[-57.75799,-17.58898],[-57.75948,-17.58616],[-57.75869,-17.58513],[-57.75263,-17.58234],[-57.75129,-17.579],[-57.74486,-17.57542],[-57.73846,-17.56864],[-57.73709,-17.56477],[-57.73816,-17.56144],[-57.75126,-17.55068],[-57.81846,-17.50372],[-57.8878,-17.45279],[-57.96954,-17.51451],[-57.96998,-17.50637],[-57.97225,-17.50599],[-57.98084,-17.51031],[-57.99708,-17.5154],[-58.00003,-17.5128],[-57.99988,-17.50639],[-58.00074,-17.50547],[-58.00693,-17.50631],[-58.0116,-17.49922],[-58.01442,-17.49861],[-58.01718,-17.50002],[-58.02293,-17.49505],[-58.02993,-17.49653],[-58.04418,-17.49232],[-58.04382,-17.4859],[-58.04655,-17.47451],[-58.05101,-17.46261],[-58.05586,-17.4582],[-58.06728,-17.45379],[-58.06761,-17.45199],[-58.07019,-17.45114],[-58.07462,-17.45564],[-58.09255,-17.46278],[-58.10609,-17.45419],[-58.1203,-17.45023],[-58.12165,-17.44593],[-58.11991,-17.42455],[-58.12281,-17.41427],[-58.128,-17.41212],[-58.14077,-17.4164],[-58.15134,-17.40968],[-58.15553,-17.40199],[-58.15262,-17.38899],[-58.15709,-17.38502],[-58.16011,-17.38492],[-58.16948,-17.38952],[-58.18127,-17.39212],[-58.19288,-17.39263],[-58.19975,-17.39026],[-58.20127,-17.38781],[-58.20063,-17.38334],[-58.19401,-17.37399],[-58.19362,-17.37073],[-58.19604,-17.36691],[-58.19652,-17.36048],[-58.20291,-17.35435],[-58.20906,-17.35507],[-58.21906,-17.36085],[-58.22863,-17.35721],[-58.2265,-17.3509],[-58.22902,-17.34823],[-58.23408,-17.3515],[-58.24077,-17.34958],[-58.24644,-17.35521],[-58.24807,-17.35307],[-58.25133,-17.35547],[-58.25522,-17.35404],[-58.25752,-17.34669],[-58.26509,-17.34516],[-58.26256,-17.33433],[-58.26394,-17.33146],[-58.26739,-17.32793],[-58.27686,-17.32537],[-58.27787,-17.32053],[-58.28014,-17.3194],[-58.27656,-17.30497],[-58.27807,-17.30035],[-58.2855,-17.2994],[-58.2915,-17.30266],[-58.29644,-17.30155],[-58.29999,-17.29874],[-58.29738,-17.29181],[-58.29268,-17.29018],[-58.29264,-17.28789],[-58.29675,-17.28293],[-58.30238,-17.28145],[-58.30429,-17.27926],[-58.30424,-17.26988],[-58.30816,-17.2675],[-58.31628,-17.26849],[-58.32018,-17.2657],[-58.3221,-17.2617],[-58.31976,-17.25655],[-58.32054,-17.25361],[-58.33472,-17.23894],[-58.34717,-17.23155],[-58.35428,-17.21381],[-58.36657,-17.20145],[-58.39739,-17.18638],[-58.40005,-17.15069],[-58.3995,-17.08376],[-58.43133,-17.06555],[-58.43235,-17.05985],[-58.43122,-17.05763],[-58.42567,-17.05495],[-58.42203,-17.05084],[-58.43078,-17.04757],[-58.43424,-17.04064],[-58.43394,-17.03766],[-58.43092,-17.0359],[-58.42193,-17.03797],[-58.41735,-17.03751],[-58.41801,-17.03252],[-58.42089,-17.02925],[-58.43097,-17.02971],[-58.43479,-17.02826],[-58.4323,-17.02298],[-58.43506,-17.008],[-58.43299,-17.00477],[-58.42684,-17.00238],[-58.42316,-16.98881],[-58.42539,-16.98819],[-58.43124,-16.99174],[-58.43784,-16.98622],[-58.44493,-16.98548],[-58.44851,-16.97599],[-58.44708,-16.9689],[-58.44921,-16.96794],[-58.45569,-16.9691],[-58.46295,-16.96247],[-58.46158,-16.9578],[-58.46239,-16.95113],[-58.45802,-16.94636],[-58.45752,-16.94007],[-58.45982,-16.93893],[-58.46879,-16.9428],[-58.47144,-16.93954],[-58.4765,-16.93814],[-58.47195,-16.92199],[-58.47698,-16.91571],[-58.4771,-16.91372],[-58.46603,-16.91182],[-58.46054,-16.90198],[-58.46284,-16.89903],[-58.46863,-16.89921],[-58.47054,-16.89755],[-58.46392,-16.89141],[-58.46919,-16.88495],[-58.46419,-16.87772],[-58.46754,-16.8719],[-58.46786,-16.86647],[-58.4601,-16.86416],[-58.46063,-16.86234],[-58.46871,-16.85915],[-58.46119,-16.8537],[-58.46195,-16.85114],[-58.46738,-16.85164],[-58.46885,-16.8505],[-58.46203,-16.84102],[-58.46995,-16.83394],[-58.4767,-16.83061],[-58.47867,-16.82276],[-58.47687,-16.8155],[-58.47753,-16.81307],[-58.47434,-16.80733],[-58.47272,-16.79526],[-58.46981,-16.79308],[-58.46099,-16.79592],[-58.45961,-16.7939],[-58.46125,-16.79049],[-58.4585,-16.78854],[-58.46053,-16.78522],[-58.4655,-16.78318],[-58.46706,-16.78069],[-58.46612,-16.77698],[-58.46948,-16.77455],[-58.46674,-16.77129],[-58.46557,-16.75921],[-58.46793,-16.7568],[-58.46713,-16.75387],[-58.47136,-16.75029],[-58.47028,-16.73166],[-58.46702,-16.71423],[-58.46891,-16.71206],[-58.46715,-16.69489],[-58.46079,-16.66826],[-58.45929,-16.65281],[-58.43515,-16.59451],[-58.42787,-16.58668],[-58.42191,-16.57525],[-58.40177,-16.56883],[-58.39501,-16.56485],[-58.33813,-16.51628],[-58.33389,-16.48444],[-58.34286,-16.46231],[-58.34791,-16.45727],[-58.35485,-16.44039],[-58.3539,-16.4346],[-58.35616,-16.42667],[-58.35261,-16.41877],[-58.35223,-16.41209],[-58.34508,-16.39978],[-58.34548,-16.39653],[-58.34759,-16.39548],[-58.34613,-16.38987],[-58.34001,-16.38747],[-58.33479,-16.3909],[-58.3279,-16.38037],[-58.32018,-16.37812],[-58.31607,-16.37343],[-58.30764,-16.37184],[-58.30958,-16.36144],[-58.3071,-16.33903],[-58.30397,-16.33042],[-58.3037,-16.30974],[-58.3174,-16.29258],[-58.32199,-16.266],[-58.32473,-16.26682],[-58.32887,-16.27124],[-58.33922,-16.27379],[-58.34708,-16.27444],[-58.3531,-16.27063],[-58.3655,-16.27421],[-58.38194,-16.26747],[-58.38896,-16.26285],[-58.39195,-16.27092],[-58.39053,-16.27711],[-58.39154,-16.28656],[-58.39582,-16.29879],[-58.40115,-16.30547],[-58.4247,-16.3177],[-58.43115,-16.32243],[-59.00128,-16.29939],[-59.00229,-16.30041],[-59.13645,-16.29534],[-59.18409,-16.2922],[-59.49555,-16.27925],[-59.53707,-16.27603],[-59.81531,-16.27173],[-60.17346,-16.26301],[-60.1799,-15.99767],[-60.2376,-15.4735],[-60.48803,-15.19178],[-60.57487,-15.09602],[-60.24436,-15.09531],[-60.25005,-14.99826],[-60.25158,-14.99439],[-60.25643,-14.87994],[-60.26298,-14.77199],[-60.26663,-14.74052],[-60.26782,-14.68944],[-60.27218,-14.6228],[-60.27319,-14.62039],[-60.28337,-14.62288],[-60.29272,-14.6232],[-60.30254,-14.61607],[-60.3124,-14.61487],[-60.32165,-14.60952],[-60.32762,-14.59604],[-60.32895,-14.5882],[-60.32743,-14.58112],[-60.33018,-14.57115],[-60.32971,-14.56202],[-60.33549,-14.54807],[-60.33772,-14.53473],[-60.34381,-14.53091],[-60.34296,-14.52919],[-60.33696,-14.52918],[-60.33836,-14.526],[-60.34338,-14.52179],[-60.34214,-14.51467],[-60.33932,-14.5123],[-60.33953,-14.50945],[-60.34675,-14.50419],[-60.34747,-14.49859],[-60.35749,-14.48487],[-60.37764,-14.44945],[-60.38614,-14.43945],[-60.39953,-14.41204],[-60.40048,-14.40475],[-60.39634,-14.39681],[-60.39364,-14.39401],[-60.38136,-14.39022],[-60.38056,-14.38872],[-60.38249,-14.36765],[-60.38533,-14.36553],[-60.39092,-14.36576],[-60.39417,-14.35635],[-60.39796,-14.35547],[-60.40252,-14.35034],[-60.41115,-14.34553],[-60.41983,-14.32828],[-60.42452,-14.32469],[-60.43118,-14.32319],[-60.44329,-14.31631],[-60.44734,-14.30513],[-60.44886,-14.29076],[-60.45328,-14.28109],[-60.45457,-14.27379],[-60.46041,-14.26371],[-60.46004,-14.25257],[-60.45107,-14.24309],[-60.45083,-14.23827],[-60.45251,-14.23513],[-60.45893,-14.23143],[-60.46112,-14.22812],[-60.46328,-14.21817],[-60.46463,-14.19689],[-60.46701,-14.18748],[-60.47217,-14.18461],[-60.48135,-14.18448],[-60.4821,-14.18242],[-60.48212,-14.17421],[-60.47454,-14.1569],[-60.47179,-14.14577],[-60.4717,-14.13426],[-60.47044,-14.13078],[-60.4723,-14.11039],[-60.46663,-14.09645],[-60.44766,-14.0799],[-60.43319,-14.06302],[-60.42804,-14.05328],[-60.42658,-14.04735],[-60.41152,-14.02699],[-60.40608,-14.00934],[-60.40733,-13.9896],[-60.41089,-13.98364],[-60.42768,-13.96731],[-60.43705,-13.94338],[-60.44207,-13.93429],[-60.44479,-13.91541],[-60.44225,-13.90477],[-60.44382,-13.88976],[-60.44666,-13.88469],[-60.45165,-13.88466],[-60.45353,-13.8824],[-60.45007,-13.8676],[-60.45073,-13.857],[-60.45856,-13.85437],[-60.46959,-13.85406],[-60.47197,-13.85174],[-60.47081,-13.84727],[-60.46757,-13.84357],[-60.46698,-13.83775],[-60.46779,-13.8361],[-60.47229,-13.83515],[-60.47369,-13.83277],[-60.46993,-13.83024],[-60.46659,-13.83017],[-60.46216,-13.82366],[-60.46241,-13.81194],[-60.45925,-13.80413],[-60.4606,-13.79926],[-60.466,-13.79694],[-60.48638,-13.79528],[-60.50027,-13.78966],[-60.50364,-13.7933],[-60.50316,-13.7962],[-60.50428,-13.79695],[-60.51043,-13.79329],[-60.52139,-13.79555],[-60.52847,-13.79467],[-60.52797,-13.79134],[-60.52117,-13.78536],[-60.51851,-13.77977],[-60.51826,-13.77373],[-60.521,-13.77086],[-60.52549,-13.77031],[-60.53226,-13.77265],[-60.54641,-13.76926],[-60.54889,-13.77263],[-60.54633,-13.78231],[-60.54824,-13.78302],[-60.55143,-13.78173],[-60.55898,-13.77088],[-60.57082,-13.76863],[-60.5706,-13.76646],[-60.56703,-13.76236],[-60.56698,-13.75946],[-60.56866,-13.75843],[-60.57638,-13.75879],[-60.57908,-13.75719],[-60.57572,-13.75132],[-60.57649,-13.74641],[-60.5869,-13.74773],[-60.58932,-13.743],[-60.59164,-13.74277],[-60.59821,-13.74741],[-60.60626,-13.74758],[-60.60599,-13.73615],[-60.60816,-13.73611],[-60.61017,-13.73921],[-60.61154,-13.73839],[-60.60943,-13.72708],[-60.61236,-13.72456],[-60.61908,-13.72437],[-60.62095,-13.71699],[-60.62558,-13.71913],[-60.63021,-13.72496],[-60.63958,-13.72546],[-60.64289,-13.7334],[-60.64575,-13.73572],[-60.64981,-13.73385],[-60.65177,-13.72819],[-60.65469,-13.72829],[-60.65581,-13.73083],[-60.65508,-13.73456],[-60.65626,-13.73531],[-60.67125,-13.72223],[-60.67829,-13.71963],[-60.6833,-13.71545],[-60.68643,-13.71003],[-60.68823,-13.69827],[-60.69036,-13.69621],[-60.69572,-13.69784],[-60.69608,-13.70149],[-60.69368,-13.71061],[-60.69443,-13.71338],[-60.69584,-13.71357],[-60.70494,-13.70129],[-60.70687,-13.6913],[-60.70867,-13.68992],[-60.71982,-13.69075],[-60.7404,-13.68257],[-60.75567,-13.68714],[-60.76339,-13.6862],[-60.77144,-13.67949],[-60.7696,-13.667],[-60.7735,-13.66046],[-60.78217,-13.65819],[-60.78779,-13.65479],[-60.80194,-13.65633],[-60.81043,-13.6542],[-60.81332,-13.65033],[-60.81312,-13.64598],[-60.81606,-13.64142],[-60.81647,-13.63703],[-60.8231,-13.63026],[-60.83804,-13.62598],[-60.84175,-13.62711],[-60.84722,-13.63222],[-60.84957,-13.63241],[-60.86072,-13.62474],[-60.87783,-13.61917],[-60.88034,-13.61696],[-60.88982,-13.59809],[-60.90286,-13.59038],[-60.91033,-13.5838],[-60.92337,-13.56647],[-60.92529,-13.56033],[-60.92509,-13.55552],[-60.92393,-13.55265],[-60.9178,-13.54754],[-60.91873,-13.54255],[-60.92958,-13.53835],[-60.933,-13.53868],[-60.94194,-13.54523],[-60.94656,-13.55052],[-60.95681,-13.55125],[-60.96082,-13.5489],[-60.96513,-13.53672],[-60.97219,-13.53485],[-60.97875,-13.53945],[-60.98667,-13.53661],[-60.98806,-13.53916],[-60.98582,-13.5441],[-60.98758,-13.54604],[-60.99633,-13.54806],[-61.00182,-13.55217],[-61.00692,-13.55125],[-61.00833,-13.54898],[-61.00747,-13.54397],[-61.00897,-13.53683],[-61.01254,-13.53001],[-61.01208,-13.52571],[-61.00686,-13.52556],[-61.00168,-13.53261],[-60.99974,-13.53094],[-60.99969,-13.52736],[-61.00972,-13.51598],[-61.01074,-13.50921],[-61.00634,-13.50231],[-60.99797,-13.50179],[-60.99339,-13.50501],[-60.99072,-13.50408],[-60.98928,-13.50153],[-60.98963,-13.49395],[-60.99345,-13.48953],[-61.01188,-13.48492],[-61.02437,-13.47962],[-61.04509,-13.47576],[-61.05351,-13.48074],[-61.05477,-13.48492],[-61.05414,-13.49012],[-61.04159,-13.49739],[-61.03936,-13.49961],[-61.03883,-13.50351],[-61.04219,-13.50778],[-61.05448,-13.51205],[-61.06043,-13.51038],[-61.06329,-13.50223],[-61.06574,-13.50015],[-61.08212,-13.49852],[-61.08786,-13.50013],[-61.08936,-13.49382],[-61.09209,-13.49317],[-61.09873,-13.50953],[-61.10602,-13.51551],[-61.10575,-13.52149],[-61.10249,-13.52371],[-61.10582,-13.53102],[-61.11417,-13.52797],[-61.12374,-13.52008],[-61.13055,-13.52135],[-61.13675,-13.52894],[-61.13992,-13.52833],[-61.14133,-13.52672],[-61.14132,-13.52267],[-61.13931,-13.51365],[-61.14275,-13.51176],[-61.14616,-13.51391],[-61.1474,-13.5175],[-61.14521,-13.5298],[-61.15008,-13.53103],[-61.15281,-13.52812],[-61.15449,-13.52112],[-61.15778,-13.51656],[-61.17227,-13.51069],[-61.17903,-13.51514],[-61.18215,-13.51527],[-61.18347,-13.51342],[-61.18199,-13.50938],[-61.18316,-13.50597],[-61.18581,-13.50697],[-61.18715,-13.51176],[-61.19065,-13.51594],[-61.18991,-13.51963],[-61.18435,-13.52373],[-61.18431,-13.52673],[-61.19355,-13.5355],[-61.20025,-13.53286],[-61.20905,-13.52456],[-61.22093,-13.52987],[-61.22518,-13.53023],[-61.23541,-13.52565],[-61.23827,-13.51731],[-61.24511,-13.51393],[-61.24548,-13.51177],[-61.24228,-13.50358],[-61.2433,-13.49965],[-61.26056,-13.49409],[-61.26949,-13.49862],[-61.2752,-13.50495],[-61.27935,-13.50484],[-61.2854,-13.5018],[-61.28899,-13.49721],[-61.29336,-13.49686],[-61.29971,-13.49968],[-61.30014,-13.5044],[-61.3021,-13.50659],[-61.30488,-13.50659],[-61.312,-13.50298],[-61.33518,-13.50449],[-61.33906,-13.5071],[-61.34068,-13.51008],[-61.3407,-13.51688],[-61.353,-13.52121],[-61.38123,-13.51924],[-61.39127,-13.51991],[-61.39877,-13.5224],[-61.40398,-13.5261],[-61.40359,-13.538],[-61.41033,-13.53773],[-61.43921,-13.54662],[-61.44901,-13.54711],[-61.4695,-13.55458],[-61.4768,-13.55426],[-61.49064,-13.54789],[-61.50688,-13.54886],[-61.51027,-13.54741],[-61.51363,-13.54371],[-61.51803,-13.53296],[-61.52793,-13.52975],[-62.13924,-13.76236],[-62.70489,-13.9758],[-63.09068,-14.12041],[-63.56121,-14.29592],[-63.97501,-14.72839],[-63.9741,-14.73216],[-63.97847,-14.73637],[-63.97354,-14.73978],[-63.96738,-14.74134],[-63.96859,-14.74397],[-63.96765,-14.74829],[-63.96271,-14.75169],[-63.95897,-14.75773],[-63.95596,-14.75861],[-63.9534,-14.7565],[-63.94356,-14.75861],[-63.94254,-14.76309],[-63.93209,-14.7665],[-63.92637,-14.77214],[-63.92619,-14.78051],[-63.93008,-14.78717],[-63.93045,-14.79211],[-63.93283,-14.7945],[-63.93053,-14.79975],[-63.92741,-14.80274],[-63.93098,-14.80697],[-63.93101,-14.81484],[-63.9329,-14.82208],[-63.93513,-14.82607],[-63.93704,-14.82677],[-63.93781,-14.83121],[-63.93673,-14.8326],[-63.93986,-14.83695],[-63.94043,-14.84021],[-63.93773,-14.84131],[-63.93731,-14.84608],[-63.94019,-14.85301],[-63.9438,-14.85347],[-63.94228,-14.85938],[-63.94485,-14.86588],[-63.94509,-14.87109],[-63.94378,-14.87279],[-63.94695,-14.87713],[-63.94658,-14.8807],[-63.94181,-14.88735],[-63.93919,-14.89616],[-63.94235,-14.89849],[-63.94573,-14.90481],[-63.94028,-14.91036],[-63.94225,-14.91539],[-63.93944,-14.91395],[-63.93851,-14.91493],[-63.93879,-14.92014],[-63.94403,-14.92818],[-63.93892,-14.93367],[-63.93533,-14.9331],[-63.93318,-14.93699],[-63.93565,-14.93928],[-63.9331,-14.94054],[-63.93232,-14.94656],[-63.92949,-14.94794],[-63.92859,-14.95014],[-63.93435,-14.95499],[-63.92932,-14.9577],[-63.92281,-14.96758],[-63.92486,-14.98269],[-63.92134,-14.98868],[-63.92355,-14.99262],[-63.92191,-15.0006],[-63.92427,-15.00237],[-63.93101,-15.00318],[-63.93095,-15.0095],[-63.94045,-15.01301],[-63.94061,-15.01429],[-63.93873,-15.01956],[-63.93429,-15.0213],[-63.93026,-15.02689],[-63.92361,-15.02648],[-63.91778,-15.03268],[-63.93096,-15.0401],[-63.94245,-15.05362],[-63.96148,-15.06189],[-63.96361,-15.06901],[-63.95747,-15.069],[-63.95604,-15.0733],[-63.95407,-15.07471],[-63.95244,-15.0792],[-63.9545,-15.08056],[-63.95792,-15.08001],[-63.95814,-15.08282],[-63.94681,-15.09254],[-63.95163,-15.10177],[-63.94823,-15.10339],[-63.94515,-15.10255],[-63.94158,-15.10997],[-63.94466,-15.11589],[-63.94058,-15.12231],[-63.94002,-15.12737],[-63.94452,-15.13248],[-63.93976,-15.13667],[-63.94315,-15.14099],[-63.9393,-15.1429],[-63.94015,-15.14747],[-63.93774,-15.14983],[-63.94362,-15.15999],[-63.93971,-15.15937],[-63.93467,-15.16945],[-63.92889,-15.16493],[-63.9256,-15.16405],[-63.92342,-15.15935],[-63.91813,-15.1607],[-63.91667,-15.16594],[-63.91518,-15.1669],[-63.91237,-15.16639],[-63.90843,-15.16228],[-63.90617,-15.16901],[-63.90139,-15.16635],[-63.90022,-15.17553],[-63.89785,-15.17642],[-63.89464,-15.17396],[-63.89288,-15.17486],[-63.88725,-15.18484],[-63.88742,-15.18755],[-63.88988,-15.19051],[-63.88413,-15.19178],[-63.88313,-15.19676],[-63.88481,-15.1986],[-63.89215,-15.19643],[-63.8913,-15.2021],[-63.89538,-15.20578],[-63.89524,-15.21004],[-63.89243,-15.21067],[-63.88874,-15.2056],[-63.88367,-15.21437],[-63.88409,-15.21838],[-63.88288,-15.22006],[-63.87618,-15.21888],[-63.85852,-15.22696],[-63.86701,-15.23562],[-63.86086,-15.24185],[-63.86103,-15.24392],[-63.86648,-15.24903],[-63.86253,-15.25641],[-63.86744,-15.25522],[-63.87128,-15.26372],[-63.87018,-15.26518],[-63.8636,-15.26133],[-63.86188,-15.26208],[-63.86106,-15.26451],[-63.86401,-15.27125],[-63.86303,-15.27244],[-63.85636,-15.26877],[-63.85314,-15.26937],[-63.85589,-15.27671],[-63.85281,-15.28053],[-63.85518,-15.28548],[-63.85155,-15.29302],[-63.85635,-15.30234],[-63.84697,-15.31454],[-63.84222,-15.3186],[-63.84246,-15.32566],[-63.83483,-15.32478],[-63.83198,-15.32698],[-63.83158,-15.32853],[-63.83668,-15.33169],[-63.83231,-15.33859],[-63.83753,-15.34051],[-63.83768,-15.34256],[-63.83432,-15.34518],[-63.83427,-15.34931],[-63.83183,-15.35299],[-63.82643,-15.35168],[-63.82239,-15.35311],[-63.81926,-15.35252],[-63.81687,-15.35484],[-63.82466,-15.35801],[-63.82452,-15.35975],[-63.80473,-15.36848],[-63.79715,-15.36842],[-63.80074,-15.37513],[-63.79136,-15.38067],[-63.7917,-15.38548],[-63.78606,-15.38574],[-63.78293,-15.39064],[-63.781,-15.39085],[-63.78136,-15.38915],[-63.77836,-15.39072],[-63.77572,-15.39648],[-63.77516,-15.40322],[-63.78477,-15.39968],[-63.78938,-15.4043],[-63.78899,-15.40546],[-63.78714,-15.40592],[-63.7835,-15.40397],[-63.77993,-15.40515],[-63.77917,-15.40717],[-63.79012,-15.41303],[-63.79372,-15.4185],[-63.79845,-15.42005],[-63.79416,-15.4235],[-63.79372,-15.42837],[-63.78798,-15.43596],[-63.78349,-15.43931],[-63.78423,-15.43782],[-63.78062,-15.43639],[-63.77714,-15.43844],[-63.7651,-15.43821],[-63.76282,-15.44174],[-63.7661,-15.44915],[-63.76578,-15.45348],[-63.76117,-15.45147],[-63.75543,-15.45603],[-63.75347,-15.46057],[-63.7534,-15.4693],[-63.75131,-15.47262],[-63.74895,-15.47052],[-63.74899,-15.46585],[-63.74631,-15.45781],[-63.74284,-15.45504],[-63.7417,-15.45565],[-63.74399,-15.46134],[-63.74345,-15.46526],[-63.73288,-15.46917],[-63.73567,-15.46433],[-63.73463,-15.45996],[-63.73692,-15.4555],[-63.73111,-15.45298],[-63.72825,-15.45467],[-63.72663,-15.4597],[-63.72241,-15.46114],[-63.72271,-15.46359],[-63.72535,-15.46568],[-63.71834,-15.46996],[-63.71742,-15.47542],[-63.71207,-15.48128],[-63.7135,-15.48389],[-63.71209,-15.48993],[-63.70677,-15.48872],[-63.69983,-15.48294],[-63.69737,-15.48469],[-63.69646,-15.49553],[-63.695,-15.49503],[-63.69527,-15.49146],[-63.69309,-15.48938],[-63.68044,-15.49729],[-63.68009,-15.50025],[-63.6899,-15.50935],[-63.67808,-15.51623],[-63.67943,-15.51802],[-63.68788,-15.51956],[-63.69075,-15.52272],[-63.68276,-15.52941],[-63.68097,-15.53614],[-63.68201,-15.53745],[-63.68597,-15.53255],[-63.68984,-15.53359],[-63.68907,-15.54123],[-63.69337,-15.5538],[-63.68463,-15.5647],[-63.69029,-15.56865],[-63.69321,-15.5754],[-63.69273,-15.58118],[-63.69033,-15.5816],[-63.69035,-15.57632],[-63.68573,-15.57396],[-63.68148,-15.57517],[-63.67791,-15.58218],[-63.67662,-15.57691],[-63.67142,-15.57135],[-63.66987,-15.57283],[-63.66767,-15.58246],[-63.66371,-15.58145],[-63.65923,-15.5778],[-63.65662,-15.57873],[-63.65157,-15.58365],[-63.65348,-15.58519],[-63.65502,-15.58328],[-63.65753,-15.58351],[-63.65666,-15.58576],[-63.64293,-15.59417],[-63.64828,-15.59727],[-63.64436,-15.60155],[-63.6474,-15.60515],[-63.64651,-15.60926],[-63.63449,-15.60941],[-63.63457,-15.61396],[-63.63206,-15.61947],[-63.63899,-15.61952],[-63.64153,-15.62153],[-63.64199,-15.62451],[-63.63949,-15.62663],[-63.63444,-15.6247],[-63.63214,-15.62557],[-63.63063,-15.6282],[-63.63204,-15.63205],[-63.62382,-15.63766],[-63.62212,-15.63695],[-63.62136,-15.6335],[-63.61737,-15.63168],[-63.59764,-15.638],[-63.59747,-15.63516],[-63.59925,-15.63247],[-63.59813,-15.62883],[-63.59207,-15.63208],[-63.58288,-15.63402],[-63.58193,-15.63622],[-63.58628,-15.63673],[-63.5848,-15.64664],[-63.57298,-15.65297],[-63.57963,-15.6609],[-63.57405,-15.66526],[-63.56691,-15.66666],[-63.56769,-15.66251],[-63.56599,-15.65893],[-63.5521,-15.66],[-63.55337,-15.6554],[-63.54905,-15.65133],[-63.54353,-15.65241],[-63.54109,-15.6547],[-63.53861,-15.65896],[-63.53756,-15.6652],[-63.52731,-15.65801],[-63.52517,-15.6549],[-63.52296,-15.65818],[-63.52416,-15.66248],[-63.51595,-15.66244],[-63.51219,-15.6655],[-63.51309,-15.67486],[-63.50782,-15.6828],[-63.50368,-15.681],[-63.50107,-15.68373],[-63.50052,-15.68669],[-63.4923,-15.6877],[-63.49702,-15.69482],[-63.48902,-15.69874],[-63.49163,-15.70199],[-63.49143,-15.70652],[-63.48749,-15.70602],[-63.48199,-15.7023],[-63.4818,-15.7001],[-63.47544,-15.70636],[-63.4742,-15.7101],[-63.47501,-15.71248],[-63.48311,-15.71813],[-63.48176,-15.7209],[-63.47542,-15.7165],[-63.4721,-15.71911],[-63.47105,-15.73462],[-63.46963,-15.73502],[-63.46237,-15.72925],[-63.46129,-15.73192],[-63.4553,-15.7333],[-63.45765,-15.74039],[-63.44598,-15.74206],[-63.44298,-15.73655],[-63.43434,-15.74297],[-63.441,-15.74825],[-63.42925,-15.74909],[-63.43235,-15.75462],[-63.43981,-15.75775],[-63.44222,-15.76054],[-63.44202,-15.76377],[-63.43653,-15.75957],[-63.43193,-15.76037],[-63.42978,-15.76285],[-63.43133,-15.76463],[-63.43691,-15.76504],[-63.44008,-15.76809],[-63.43497,-15.77543],[-63.43522,-15.77899],[-63.44206,-15.77641],[-63.44511,-15.77825],[-63.44055,-15.78204],[-63.43828,-15.78004],[-63.43812,-15.7836],[-63.43025,-15.7879],[-63.42937,-15.79205],[-63.43283,-15.79353],[-63.43638,-15.78819],[-63.44012,-15.78877],[-63.43905,-15.80145],[-63.43093,-15.80778],[-63.43267,-15.80901],[-63.44041,-15.80898],[-63.44126,-15.81375],[-63.43785,-15.81675],[-63.43517,-15.81711],[-63.43433,-15.81963],[-63.4422,-15.8196],[-63.44425,-15.82484],[-63.44031,-15.82778],[-63.42949,-15.82584],[-63.42999,-15.83195],[-63.42533,-15.83531],[-63.42237,-15.83574],[-63.42133,-15.83802],[-63.42856,-15.8413],[-63.42889,-15.84513],[-63.41616,-15.85287],[-63.4145,-15.85186],[-63.41212,-15.8438],[-63.40958,-15.84188],[-63.40486,-15.84318],[-63.39984,-15.84718],[-63.39943,-15.85086],[-63.40793,-15.8481],[-63.4105,-15.85833],[-63.39402,-15.8548],[-63.39018,-15.85645],[-63.38842,-15.85889],[-63.38677,-15.85693],[-63.3856,-15.86142],[-63.38945,-15.86331],[-63.38392,-15.86586],[-63.38678,-15.8683],[-63.38951,-15.87457],[-63.38187,-15.88053],[-63.38062,-15.88393],[-64.48696,-15.82515],[-64.72966,-15.80201]]]}},{"type":"Feature","properties":{"shapeName":"Tarija","shapeISO":"BO-T","shapeID":"26024454B43037921046937","shapeGroup":"BOL","shapeType":"ADM1"},"geometry":{"type":"Polygon","coordinates":[[[-65.24981,-21.48238],[-65.25005,-21.48447],[-65.24707,-21.48911],[-65.2472,-21.49594],[-65.24475,-21.50018],[-65.24584,-21.50732],[-65.25236,-21.51502],[-65.25343,-21.51901],[-65.25234,-21.52047],[-65.24945,-21.51989],[-65.24797,-21.52286],[-65.24485,-21.52264],[-65.24716,-21.52817],[-65.24477,-21.52993],[-65.24814,-21.53326],[-65.24581,-21.54142],[-65.24999,-21.54276],[-65.25211,-21.54647],[-65.24816,-21.54819],[-65.24515,-21.55339],[-65.24673,-21.56],[-65.24515,-21.57004],[-65.25307,-21.57636],[-65.25003,-21.58065],[-65.25403,-21.58303],[-65.25201,-21.58883],[-65.25492,-21.59692],[-65.25382,-21.60055],[-65.25868,-21.60151],[-65.26432,-21.60955],[-65.26297,-21.61392],[-65.26631,-21.62128],[-65.26163,-21.63036],[-65.2628,-21.63658],[-65.26739,-21.63918],[-65.27003,-21.64449],[-65.27581,-21.64443],[-65.27993,-21.64618],[-65.27949,-21.6491],[-65.27193,-21.65291],[-65.27292,-21.65589],[-65.27717,-21.65678],[-65.27699,-21.66418],[-65.28015,-21.66634],[-65.28443,-21.66541],[-65.28557,-21.67023],[-65.2903,-21.67077],[-65.29713,-21.67613],[-65.30027,-21.68569],[-65.3043,-21.68875],[-65.30173,-21.69834],[-65.30734,-21.70515],[-65.30721,-21.70765],[-65.30211,-21.70946],[-65.30005,-21.71538],[-65.3011,-21.71975],[-65.30021,-21.72138],[-65.29384,-21.72323],[-65.29255,-21.7318],[-65.29399,-21.73313],[-65.30232,-21.73333],[-65.31101,-21.7306],[-65.31386,-21.73094],[-65.31455,-21.73358],[-65.31294,-21.73699],[-65.31553,-21.73923],[-65.31543,-21.74656],[-65.32012,-21.75054],[-65.32078,-21.75388],[-65.32375,-21.75617],[-65.32333,-21.76038],[-65.31944,-21.76363],[-65.31995,-21.76707],[-65.3246,-21.76901],[-65.32952,-21.77684],[-65.33003,-21.77988],[-65.3275,-21.78522],[-65.33388,-21.7892],[-65.33355,-21.79471],[-65.33602,-21.80074],[-65.33605,-21.80566],[-65.34784,-21.8122],[-65.34922,-21.8196],[-65.34807,-21.82632],[-65.35392,-21.83304],[-65.35464,-21.83761],[-65.35717,-21.83951],[-65.3622,-21.83783],[-65.36513,-21.84035],[-65.37186,-21.84042],[-65.3737,-21.8374],[-65.37847,-21.8356],[-65.38201,-21.8367],[-65.38484,-21.84184],[-65.38952,-21.84147],[-65.39113,-21.84775],[-65.3898,-21.85438],[-65.39094,-21.85788],[-65.3895,-21.86185],[-65.39307,-21.86437],[-65.39265,-21.86788],[-65.39489,-21.87379],[-65.39842,-21.87452],[-65.39595,-21.8773],[-65.3967,-21.8793],[-65.40177,-21.88221],[-65.40765,-21.88197],[-65.41055,-21.88325],[-65.41423,-21.88146],[-65.41619,-21.88194],[-65.41536,-21.88934],[-65.41991,-21.89563],[-65.41715,-21.89702],[-65.4117,-21.90551],[-65.40863,-21.91564],[-65.39733,-21.92349],[-65.39269,-21.92917],[-65.38709,-21.93301],[-65.38255,-21.93305],[-65.36932,-21.9438],[-65.36573,-21.94358],[-65.36426,-21.94551],[-65.35589,-21.94896],[-65.35166,-21.9541],[-65.33618,-21.96477],[-65.32322,-21.9691],[-65.31364,-21.97502],[-65.29876,-21.97816],[-65.27611,-21.97111],[-65.26726,-21.97015],[-65.26176,-21.97118],[-65.24679,-21.97898],[-65.2424,-21.98489],[-65.23512,-21.99066],[-65.21683,-21.99593],[-65.20424,-22.00607],[-65.20074,-22.01174],[-65.185,-22.01309],[-65.18068,-22.01942],[-65.18087,-22.0242],[-65.19156,-22.07699],[-65.18664,-22.08535],[-65.05251,-22.08335],[-64.99431,-22.08405],[-64.99264,-22.08695],[-64.98867,-22.089],[-64.98718,-22.09409],[-64.98443,-22.09441],[-64.98142,-22.09787],[-64.97096,-22.10008],[-64.96866,-22.10411],[-64.96391,-22.10298],[-64.96146,-22.10449],[-64.95979,-22.10247],[-64.95709,-22.10266],[-64.95319,-22.1054],[-64.95337,-22.10718],[-64.94778,-22.10769],[-64.94523,-22.11004],[-64.93827,-22.10985],[-64.93531,-22.11631],[-64.9329,-22.11791],[-64.92661,-22.11842],[-64.92396,-22.12112],[-64.90276,-22.11956],[-64.89655,-22.124],[-64.89303,-22.12383],[-64.89061,-22.12725],[-64.88669,-22.12935],[-64.88157,-22.12252],[-64.87979,-22.1225],[-64.88069,-22.12121],[-64.8787,-22.11745],[-64.87437,-22.11737],[-64.86903,-22.12255],[-64.86742,-22.12207],[-64.86789,-22.1233],[-64.86179,-22.12238],[-64.86183,-22.12487],[-64.84936,-22.13161],[-64.8488,-22.1333],[-64.84494,-22.13421],[-64.84027,-22.13933],[-64.83584,-22.13932],[-64.8323,-22.14418],[-64.83038,-22.14154],[-64.82012,-22.14572],[-64.81896,-22.14483],[-64.81779,-22.14842],[-64.81233,-22.15115],[-64.81266,-22.1533],[-64.81054,-22.15268],[-64.8077,-22.15612],[-64.80494,-22.15601],[-64.80431,-22.15804],[-64.79779,-22.16015],[-64.79683,-22.16236],[-64.79587,-22.16093],[-64.79485,-22.16201],[-64.79343,-22.16124],[-64.79344,-22.16273],[-64.79485,-22.16291],[-64.79358,-22.16488],[-64.7905,-22.16436],[-64.78904,-22.16842],[-64.78676,-22.1685],[-64.78231,-22.17497],[-64.77791,-22.17788],[-64.77682,-22.17641],[-64.77437,-22.1783],[-64.76982,-22.17757],[-64.76636,-22.17887],[-64.76447,-22.17732],[-64.75799,-22.18118],[-64.75653,-22.17937],[-64.75263,-22.17912],[-64.74954,-22.18195],[-64.746,-22.18257],[-64.74523,-22.18883],[-64.73687,-22.19417],[-64.72336,-22.19496],[-64.72192,-22.19658],[-64.71316,-22.19244],[-64.7099,-22.18908],[-64.70579,-22.19031],[-64.70246,-22.18931],[-64.69979,-22.19066],[-64.69733,-22.18892],[-64.6867,-22.18714],[-64.67515,-22.18845],[-64.65993,-22.1955],[-64.65095,-22.18974],[-64.64547,-22.19278],[-64.63818,-22.19449],[-64.63576,-22.20021],[-64.62667,-22.20299],[-64.62361,-22.20855],[-64.61942,-22.2049],[-64.61659,-22.2056],[-64.61698,-22.21258],[-64.61379,-22.21511],[-64.6138,-22.2174],[-64.60803,-22.2204],[-64.60196,-22.227],[-64.60203,-22.23023],[-64.59964,-22.2323],[-64.59886,-22.24032],[-64.59727,-22.24279],[-64.59499,-22.24216],[-64.59255,-22.24727],[-64.58074,-22.25005],[-64.53762,-22.28321],[-64.53655,-22.28564],[-64.53592,-22.29003],[-64.53755,-22.29672],[-64.54756,-22.31679],[-64.55162,-22.31867],[-64.55923,-22.3194],[-64.56357,-22.3259],[-64.56655,-22.33887],[-64.56469,-22.34299],[-64.56486,-22.34832],[-64.56172,-22.35022],[-64.56133,-22.35214],[-64.56459,-22.35607],[-64.56339,-22.36078],[-64.56676,-22.36801],[-64.56376,-22.37634],[-64.55862,-22.38212],[-64.55,-22.38884],[-64.53299,-22.3977],[-64.51289,-22.41565],[-64.51324,-22.42176],[-64.51715,-22.42845],[-64.52188,-22.43264],[-64.5251,-22.44124],[-64.52105,-22.44491],[-64.51462,-22.44586],[-64.49948,-22.43969],[-64.49509,-22.43507],[-64.49208,-22.43656],[-64.48994,-22.44183],[-64.48868,-22.45748],[-64.47912,-22.46188],[-64.47479,-22.46896],[-64.48213,-22.47198],[-64.48411,-22.47598],[-64.48295,-22.4805],[-64.47711,-22.48235],[-64.4754,-22.48882],[-64.46911,-22.48746],[-64.46869,-22.49235],[-64.46363,-22.49238],[-64.46093,-22.49098],[-64.45858,-22.49527],[-64.45878,-22.50214],[-64.4552,-22.50416],[-64.44888,-22.50351],[-64.446,-22.50492],[-64.44563,-22.50874],[-64.45143,-22.51394],[-64.45078,-22.51879],[-64.44458,-22.52187],[-64.43109,-22.52172],[-64.42256,-22.53378],[-64.4168,-22.53494],[-64.41287,-22.5382],[-64.41206,-22.54405],[-64.41644,-22.54938],[-64.41725,-22.55278],[-64.41517,-22.5561],[-64.40993,-22.55801],[-64.41013,-22.56305],[-64.4171,-22.57485],[-64.42328,-22.57819],[-64.43022,-22.57866],[-64.43176,-22.5814],[-64.42895,-22.58617],[-64.42497,-22.58713],[-64.42498,-22.58857],[-64.42975,-22.59845],[-64.42595,-22.60388],[-64.42887,-22.60787],[-64.42887,-22.61714],[-64.43482,-22.62317],[-64.43286,-22.62807],[-64.43393,-22.63107],[-64.43216,-22.63284],[-64.42506,-22.62965],[-64.42394,-22.63533],[-64.4272,-22.63896],[-64.4351,-22.63464],[-64.44024,-22.63547],[-64.4423,-22.63797],[-64.44166,-22.63952],[-64.43525,-22.64239],[-64.43385,-22.64836],[-64.43115,-22.65098],[-64.41626,-22.65531],[-64.41445,-22.657],[-64.41861,-22.6708],[-64.41555,-22.67903],[-64.39808,-22.68333],[-64.39444,-22.68806],[-64.39456,-22.69025],[-64.40091,-22.69741],[-64.39737,-22.70628],[-64.39738,-22.71007],[-64.39217,-22.71016],[-64.39139,-22.71258],[-64.40156,-22.7153],[-64.40305,-22.71941],[-64.39818,-22.72022],[-64.39479,-22.71862],[-64.39167,-22.72217],[-64.38915,-22.7225],[-64.3848,-22.71767],[-64.38124,-22.71735],[-64.37855,-22.71994],[-64.37403,-22.72123],[-64.3724,-22.72736],[-64.36509,-22.72383],[-64.36118,-22.72432],[-64.35252,-22.73092],[-64.34914,-22.73884],[-64.34165,-22.74934],[-64.34071,-22.75245],[-64.34215,-22.76414],[-64.33932,-22.76835],[-64.33827,-22.77797],[-64.33969,-22.78506],[-64.3442,-22.79346],[-64.3422,-22.80657],[-64.33431,-22.80803],[-64.33056,-22.8121],[-64.3287,-22.83123],[-64.32681,-22.83645],[-64.3286,-22.86253],[-64.33144,-22.86308],[-64.33767,-22.8557],[-64.34066,-22.85833],[-64.33879,-22.86818],[-64.33442,-22.87413],[-64.32812,-22.87218],[-64.32446,-22.87423],[-64.32053,-22.8684],[-64.31477,-22.86706],[-64.31276,-22.8721],[-64.31721,-22.88129],[-64.31575,-22.88276],[-64.31157,-22.88202],[-64.30952,-22.86452],[-64.30728,-22.86192],[-64.29813,-22.86222],[-64.29806,-22.85288],[-64.30656,-22.84075],[-64.30497,-22.83776],[-64.28785,-22.83612],[-64.28447,-22.82977],[-64.28626,-22.80799],[-64.28514,-22.79526],[-64.27694,-22.79117],[-64.27573,-22.78882],[-64.27847,-22.78376],[-64.27764,-22.77841],[-64.26762,-22.77013],[-64.26512,-22.76408],[-64.26744,-22.75775],[-64.27884,-22.75518],[-64.2835,-22.75205],[-64.28139,-22.74748],[-64.27517,-22.74463],[-64.26786,-22.74444],[-64.26407,-22.74085],[-64.26898,-22.73951],[-64.2701,-22.73695],[-64.27067,-22.73427],[-64.2673,-22.72805],[-64.27202,-22.71354],[-64.27114,-22.70829],[-64.26389,-22.70092],[-64.26484,-22.69597],[-64.26161,-22.68716],[-64.26121,-22.67632],[-64.25722,-22.67211],[-64.2444,-22.67057],[-64.2422,-22.66535],[-64.26455,-22.64998],[-64.2561,-22.62829],[-64.2476,-22.63287],[-64.2412,-22.62743],[-64.23889,-22.62056],[-64.2379,-22.60869],[-64.24322,-22.59858],[-64.24412,-22.58004],[-64.24277,-22.56395],[-64.23976,-22.55545],[-64.23076,-22.55737],[-64.2274,-22.54316],[-64.21631,-22.54347],[-64.21405,-22.5259],[-64.20738,-22.50573],[-64.19772,-22.48959],[-64.19011,-22.49165],[-64.18763,-22.48871],[-64.18682,-22.47978],[-64.18323,-22.47319],[-64.17379,-22.46635],[-64.16638,-22.47001],[-64.16182,-22.46734],[-64.16086,-22.4546],[-64.15441,-22.45246],[-64.15063,-22.43614],[-64.14714,-22.43399],[-64.14208,-22.43329],[-64.13872,-22.43063],[-64.13838,-22.42706],[-64.14461,-22.4162],[-64.1426,-22.41174],[-64.13336,-22.40667],[-64.12143,-22.40839],[-64.11669,-22.40706],[-64.11612,-22.40346],[-64.11951,-22.39406],[-64.12075,-22.38433],[-64.11989,-22.38212],[-64.11718,-22.38177],[-64.1121,-22.38421],[-64.10949,-22.38363],[-64.10856,-22.38185],[-64.11662,-22.36766],[-64.11705,-22.36431],[-64.10408,-22.35544],[-64.09807,-22.34301],[-64.09912,-22.33808],[-64.10349,-22.33676],[-64.09926,-22.33518],[-64.10182,-22.32897],[-64.09982,-22.32616],[-64.09218,-22.32396],[-64.09033,-22.31891],[-64.09269,-22.31743],[-64.09736,-22.31866],[-64.09853,-22.31704],[-64.09474,-22.31351],[-64.08586,-22.30975],[-64.08601,-22.30459],[-64.09089,-22.30349],[-64.0915,-22.30039],[-64.08129,-22.285],[-64.08057,-22.282],[-64.08195,-22.27835],[-64.07964,-22.27751],[-64.07749,-22.28357],[-64.07498,-22.28295],[-64.0739,-22.2807],[-64.07344,-22.2767],[-64.07653,-22.27455],[-64.07328,-22.26725],[-64.07384,-22.25918],[-64.06536,-22.2462],[-64.06176,-22.23794],[-64.05797,-22.23785],[-64.05628,-22.24568],[-64.0511,-22.24458],[-64.04259,-22.2474],[-64.03946,-22.24501],[-64.04295,-22.24401],[-64.04218,-22.24177],[-64.03567,-22.24349],[-64.03331,-22.24239],[-64.03341,-22.23934],[-64.03905,-22.238],[-64.03977,-22.23501],[-64.03218,-22.23461],[-64.03198,-22.22736],[-64.03828,-22.22587],[-64.039,-22.22144],[-64.03115,-22.21819],[-64.02851,-22.21572],[-64.02804,-22.21163],[-64.02579,-22.21001],[-64.03226,-22.20275],[-64.03307,-22.19653],[-64.02566,-22.18823],[-64.01659,-22.1873],[-64.0162,-22.18613],[-64.01961,-22.18451],[-64.02384,-22.17656],[-64.01679,-22.16789],[-64.00944,-22.16598],[-64.00692,-22.16064],[-64.00375,-22.16074],[-64.00065,-22.15799],[-64.00036,-22.15641],[-64.00498,-22.1533],[-64.00093,-22.14602],[-63.99687,-22.14204],[-63.99947,-22.13824],[-63.99598,-22.13333],[-63.9925,-22.13304],[-63.9937,-22.13022],[-63.99752,-22.12898],[-63.99849,-22.12468],[-63.99557,-22.12048],[-63.98999,-22.11775],[-63.98943,-22.11428],[-63.99322,-22.1139],[-63.9927,-22.10834],[-63.99757,-22.11066],[-64.00013,-22.10758],[-63.99278,-22.10514],[-63.98976,-22.1066],[-63.98879,-22.10965],[-63.98589,-22.10903],[-63.98625,-22.10442],[-63.99012,-22.10512],[-63.99094,-22.10396],[-63.98646,-22.09358],[-63.98008,-22.09117],[-63.9781,-22.09305],[-63.97682,-22.09198],[-63.97729,-22.0859],[-63.98277,-22.08626],[-63.97982,-22.08093],[-63.97496,-22.08034],[-63.97455,-22.08717],[-63.97034,-22.08846],[-63.96627,-22.09257],[-63.9632,-22.09233],[-63.96071,-22.08711],[-63.95823,-22.08615],[-63.95808,-22.08407],[-63.96133,-22.08479],[-63.96187,-22.08372],[-63.95746,-22.08104],[-63.9602,-22.07722],[-63.95726,-22.06772],[-63.96238,-22.06561],[-63.96059,-22.06311],[-63.95158,-22.05943],[-63.94966,-22.05723],[-63.95112,-22.05556],[-63.95401,-22.05774],[-63.95665,-22.05743],[-63.95511,-22.05269],[-63.94999,-22.05011],[-63.95547,-22.04605],[-63.95517,-22.04479],[-63.94961,-22.04307],[-63.95345,-22.03683],[-63.94674,-22.0363],[-63.94164,-22.03027],[-63.94132,-22.02898],[-63.94516,-22.02478],[-63.93781,-22.01564],[-63.9436,-22.01211],[-63.94455,-22.00986],[-63.94079,-22.00881],[-63.93792,-22.01136],[-63.9384,-22.00692],[-63.93078,-21.99933],[-63.71775,-21.99951],[-63.70989,-22.0037],[-63.70627,-22.00947],[-63.70696,-22.0122],[-63.70254,-22.01592],[-63.69821,-22.01347],[-63.69684,-22.01521],[-63.68889,-22.01173],[-63.68949,-22.01614],[-63.68769,-22.02589],[-63.68621,-22.02783],[-63.68465,-22.0274],[-63.68419,-22.02931],[-63.68238,-22.02931],[-63.68309,-22.03071],[-63.68173,-22.03147],[-63.68462,-22.03296],[-63.6868,-22.03943],[-63.68475,-22.04079],[-63.68656,-22.04039],[-63.68368,-22.04707],[-63.68361,-22.05478],[-63.67844,-22.05111],[-63.68001,-22.04849],[-63.67665,-22.04535],[-63.67862,-22.04287],[-63.67435,-22.04048],[-63.67414,-22.03856],[-63.67628,-22.03666],[-63.67498,-22.03639],[-63.67346,-22.03043],[-63.66983,-22.02772],[-63.67123,-22.02291],[-63.66783,-22.01849],[-63.66738,-22.01507],[-63.67033,-22.01324],[-63.66706,-22.00346],[-63.24663,-22.00356],[-62.80773,-22.0039],[-62.80478,-22.00223],[-62.80151,-22.00683],[-62.80124,-22.01613],[-62.80866,-22.02753],[-62.81698,-22.03352],[-62.81422,-22.04151],[-62.81466,-22.04707],[-62.8126,-22.05312],[-62.79631,-22.05897],[-62.79309,-22.06398],[-62.79975,-22.07068],[-62.81088,-22.09076],[-62.81164,-22.09883],[-62.8065,-22.10954],[-62.81072,-22.11552],[-62.81359,-22.12992],[-62.81215,-22.13383],[-62.80032,-22.14615],[-62.79029,-22.15929],[-62.7853,-22.17128],[-62.78221,-22.17453],[-62.77836,-22.17452],[-62.77606,-22.17299],[-62.77054,-22.16105],[-62.76563,-22.15487],[-62.75942,-22.15185],[-62.75552,-22.15266],[-62.73628,-22.16995],[-62.73273,-22.17554],[-62.72721,-22.18614],[-62.72291,-22.20688],[-62.72042,-22.21075],[-62.70938,-22.21121],[-62.69694,-22.19541],[-62.69105,-22.19105],[-62.68966,-22.19225],[-62.68778,-22.2044],[-62.68375,-22.21692],[-62.67937,-22.22688],[-62.66546,-22.24473],[-62.65759,-22.25016],[-62.65137,-22.25236],[-62.64388,-22.24665],[-62.45737,-21.67008],[-62.26067,-21.0585],[-62.26135,-20.99252],[-63.00149,-21.00366],[-63.2566,-21.00366],[-63.72399,-21.00367],[-63.98742,-21.00366],[-63.99874,-21.0064],[-64.00304,-21.00538],[-64.01008,-20.99529],[-64.00341,-20.98165],[-64.00335,-20.97974],[-64.01083,-20.9688],[-64.00565,-20.95082],[-64.00639,-20.94674],[-64.00926,-20.94587],[-64.01145,-20.94717],[-64.01269,-20.94959],[-64.01239,-20.95569],[-64.01857,-20.95606],[-64.02263,-20.962],[-64.02556,-20.96246],[-64.04167,-20.9574],[-64.04599,-20.95726],[-64.04843,-20.95399],[-64.05282,-20.95632],[-64.05493,-20.95385],[-64.06081,-20.95416],[-64.06297,-20.9516],[-64.0628,-20.94468],[-64.06558,-20.9341],[-64.07349,-20.93204],[-64.07424,-20.92777],[-64.07758,-20.92343],[-64.09041,-20.91741],[-64.09972,-20.91918],[-64.11412,-20.91165],[-64.11935,-20.91481],[-64.12203,-20.92354],[-64.12416,-20.92603],[-64.13066,-20.92507],[-64.13198,-20.92196],[-64.13879,-20.91865],[-64.14526,-20.9232],[-64.15557,-20.90583],[-64.16021,-20.90353],[-64.16053,-20.90067],[-64.15778,-20.89612],[-64.1579,-20.88889],[-64.16037,-20.88736],[-64.17324,-20.88592],[-64.17872,-20.88697],[-64.18084,-20.89037],[-64.17487,-20.89837],[-64.17739,-20.90422],[-64.18144,-20.90848],[-64.18268,-20.91348],[-64.18106,-20.91859],[-64.18731,-20.93092],[-64.18733,-20.9342],[-64.18345,-20.93648],[-64.18224,-20.94079],[-64.18752,-20.94422],[-64.18716,-20.9494],[-64.19021,-20.95324],[-64.19763,-20.95738],[-64.19726,-20.95922],[-64.19503,-20.95952],[-64.18531,-20.95584],[-64.18298,-20.95715],[-64.18085,-20.96137],[-64.18423,-20.96665],[-64.19046,-20.96832],[-64.19148,-20.97031],[-64.18984,-20.97772],[-64.19285,-20.98488],[-64.18548,-20.98891],[-64.18352,-20.99267],[-64.18644,-21.00078],[-64.1859,-21.00363],[-64.19575,-21.00534],[-64.19344,-21.0101],[-64.18801,-21.01108],[-64.18477,-21.01498],[-64.18166,-21.02092],[-64.18315,-21.0239],[-64.17963,-21.02666],[-64.1797,-21.02869],[-64.18743,-21.03297],[-64.19928,-21.0336],[-64.20013,-21.03684],[-64.19857,-21.0421],[-64.19488,-21.04425],[-64.194,-21.04977],[-64.19548,-21.0572],[-64.19952,-21.06191],[-64.1997,-21.06616],[-64.1964,-21.07006],[-64.19361,-21.07767],[-64.19347,-21.08398],[-64.18911,-21.09116],[-64.19583,-21.10922],[-64.19933,-21.11319],[-64.19811,-21.11942],[-64.20151,-21.12226],[-64.2005,-21.12766],[-64.20319,-21.13494],[-64.201,-21.13855],[-64.21079,-21.13957],[-64.21925,-21.14387],[-64.22226,-21.14897],[-64.23021,-21.15205],[-64.24457,-21.14931],[-64.24678,-21.14514],[-64.25695,-21.14285],[-64.26183,-21.13887],[-64.26716,-21.13839],[-64.26953,-21.13679],[-64.27295,-21.13839],[-64.27618,-21.13459],[-64.28172,-21.13325],[-64.28687,-21.1342],[-64.29028,-21.13246],[-64.29714,-21.13534],[-64.30558,-21.13375],[-64.31084,-21.13738],[-64.31438,-21.13531],[-64.32332,-21.13607],[-64.33011,-21.14152],[-64.33685,-21.14056],[-64.34259,-21.14599],[-64.36432,-21.14275],[-64.3763,-21.13632],[-64.38032,-21.13638],[-64.38374,-21.12656],[-64.39102,-21.12398],[-64.39424,-21.12031],[-64.39862,-21.11858],[-64.39983,-21.11421],[-64.40657,-21.11004],[-64.413,-21.1095],[-64.41399,-21.10008],[-64.41873,-21.09889],[-64.42347,-21.10177],[-64.42991,-21.10325],[-64.43375,-21.10031],[-64.43519,-21.09666],[-64.44171,-21.09325],[-64.44435,-21.08802],[-64.45068,-21.08473],[-64.45505,-21.08515],[-64.45715,-21.08306],[-64.46765,-21.08656],[-64.47391,-21.08529],[-64.48031,-21.08606],[-64.48047,-21.09131],[-64.48178,-21.092],[-64.48544,-21.09294],[-64.49157,-21.09191],[-64.49614,-21.09608],[-64.50544,-21.09538],[-64.51167,-21.09954],[-64.5174,-21.09921],[-64.52148,-21.09676],[-64.52284,-21.09792],[-64.52723,-21.09756],[-64.53083,-21.09193],[-64.53744,-21.0899],[-64.53587,-21.08354],[-64.53854,-21.08189],[-64.5445,-21.0825],[-64.54643,-21.08124],[-64.54852,-21.06813],[-64.55506,-21.06261],[-64.55709,-21.05602],[-64.56244,-21.05255],[-64.5681,-21.04262],[-64.56761,-21.03424],[-64.57166,-21.03143],[-64.57542,-21.03319],[-64.57739,-21.03261],[-64.58054,-21.02502],[-64.57927,-21.01856],[-64.58469,-21.01642],[-64.58478,-21.00737],[-64.58844,-21.00523],[-64.59227,-21.00762],[-64.59895,-21.00242],[-64.60159,-20.99551],[-64.60129,-20.99104],[-64.6051,-20.98186],[-64.61502,-20.97817],[-64.62001,-20.9815],[-64.62395,-20.98012],[-64.6272,-20.97556],[-64.63835,-20.97121],[-64.64256,-20.96717],[-64.64523,-20.9547],[-64.65095,-20.95531],[-64.65413,-20.95375],[-64.65462,-20.94936],[-64.65952,-20.94427],[-64.66682,-20.94051],[-64.67806,-20.9428],[-64.68658,-20.94106],[-64.69067,-20.93894],[-64.69303,-20.93504],[-64.69888,-20.93101],[-64.71249,-20.93456],[-64.71467,-20.93702],[-64.71975,-20.93652],[-64.72762,-20.94141],[-64.73363,-20.95307],[-64.73508,-20.96211],[-64.73396,-20.96735],[-64.73989,-20.97302],[-64.76096,-20.98024],[-64.76234,-20.98343],[-64.75741,-20.98525],[-64.75661,-20.98769],[-64.75722,-20.99418],[-64.76034,-20.99783],[-64.76025,-21.00115],[-64.76568,-21.00735],[-64.76859,-21.01455],[-64.77117,-21.01604],[-64.76792,-21.02117],[-64.76962,-21.02557],[-64.77085,-21.02737],[-64.77931,-21.03016],[-64.78209,-21.03765],[-64.78177,-21.04251],[-64.77893,-21.04376],[-64.77822,-21.04723],[-64.77594,-21.04815],[-64.7744,-21.05498],[-64.77821,-21.06057],[-64.78785,-21.062],[-64.79196,-21.06775],[-64.79036,-21.0758],[-64.79681,-21.0862],[-64.79783,-21.09474],[-64.80411,-21.09681],[-64.80984,-21.0942],[-64.81784,-21.09324],[-64.83665,-21.09296],[-64.8391,-21.09437],[-64.83929,-21.09614],[-64.83578,-21.10306],[-64.83628,-21.10562],[-64.84502,-21.10488],[-64.8536,-21.10636],[-64.85607,-21.10558],[-64.85591,-21.10168],[-64.85423,-21.09574],[-64.85022,-21.0931],[-64.85169,-21.08997],[-64.8682,-21.07864],[-64.88122,-21.07945],[-64.88609,-21.07836],[-64.89544,-21.07325],[-64.8953,-21.06841],[-64.88964,-21.06747],[-64.88421,-21.06427],[-64.88958,-21.05683],[-64.90001,-21.05453],[-64.90522,-21.05533],[-64.9124,-21.05898],[-64.91863,-21.05923],[-64.92528,-21.05262],[-64.92387,-21.04436],[-64.92592,-21.04015],[-64.92624,-21.03279],[-64.93417,-21.02674],[-64.9394,-21.02711],[-64.94219,-21.02425],[-64.94433,-21.02429],[-64.94534,-21.02579],[-64.94392,-21.02778],[-64.94377,-21.03387],[-64.94053,-21.03781],[-64.9437,-21.03771],[-64.9504,-21.04172],[-64.94735,-21.03336],[-64.94932,-21.03216],[-64.95427,-21.03373],[-64.95459,-21.0262],[-64.95636,-21.02428],[-64.96002,-21.02377],[-64.96001,-21.02907],[-64.96282,-21.03058],[-64.96736,-21.02666],[-64.97745,-21.02701],[-64.97603,-21.02342],[-64.96991,-21.02299],[-64.96954,-21.02106],[-64.97448,-21.01641],[-64.9767,-21.01748],[-64.97936,-21.01598],[-64.986,-21.0159],[-64.98587,-21.00895],[-64.98784,-21.00813],[-64.99215,-21.01063],[-64.99239,-21.01977],[-64.99851,-21.02081],[-65.00079,-21.01418],[-65.00413,-21.01622],[-65.00456,-21.01962],[-64.99954,-21.02395],[-64.99969,-21.02635],[-65.01291,-21.02938],[-65.01459,-21.02133],[-65.01767,-21.02036],[-65.01944,-21.02124],[-65.02087,-21.02527],[-65.02706,-21.02764],[-65.02783,-21.02562],[-65.02164,-21.01675],[-65.02226,-21.0118],[-65.02838,-21.00675],[-65.03169,-21.00653],[-65.0314,-21.01026],[-65.02597,-21.0148],[-65.02649,-21.0167],[-65.0289,-21.01721],[-65.03336,-21.01428],[-65.04027,-21.01431],[-65.04407,-21.00844],[-65.05099,-21.00871],[-65.05136,-21.00537],[-65.0487,-21.00354],[-65.04454,-21.00388],[-65.04429,-21.00019],[-65.04515,-20.99921],[-65.04776,-21.00004],[-65.05395,-20.99692],[-65.05336,-20.9931],[-65.05905,-20.98748],[-65.05719,-20.98046],[-65.06277,-20.98071],[-65.06171,-20.9733],[-65.06504,-20.97076],[-65.06943,-20.9707],[-65.06996,-20.95894],[-65.0729,-20.95923],[-65.07416,-20.96455],[-65.07838,-20.964],[-65.08242,-20.96047],[-65.08678,-20.96256],[-65.0887,-20.96612],[-65.08568,-20.97372],[-65.08885,-20.97698],[-65.09391,-20.97599],[-65.09683,-20.96878],[-65.10133,-20.96862],[-65.10502,-20.97262],[-65.10268,-20.97441],[-65.10004,-20.97408],[-65.09942,-20.97592],[-65.11316,-20.98184],[-65.11479,-20.97755],[-65.11232,-20.97378],[-65.10841,-20.97268],[-65.10906,-20.96983],[-65.11139,-20.96932],[-65.11429,-20.97079],[-65.11879,-20.96858],[-65.12467,-20.96854],[-65.12418,-20.96432],[-65.12927,-20.95744],[-65.13434,-20.96354],[-65.141,-20.96468],[-65.14349,-20.9575],[-65.14758,-20.95336],[-65.15024,-20.95574],[-65.14961,-20.96036],[-65.15063,-20.96372],[-65.15177,-20.96372],[-65.15722,-20.95767],[-65.15678,-20.95259],[-65.15923,-20.94943],[-65.1582,-20.94592],[-65.16308,-20.94523],[-65.16604,-20.94955],[-65.16945,-20.9502],[-65.17228,-20.94807],[-65.1757,-20.94955],[-65.17659,-20.9516],[-65.17442,-20.95575],[-65.17612,-20.95659],[-65.17777,-20.95442],[-65.17933,-20.95461],[-65.18168,-20.95881],[-65.18544,-20.96109],[-65.18395,-20.96574],[-65.18649,-20.96789],[-65.1865,-20.97043],[-65.18842,-20.971],[-65.18928,-20.97583],[-65.1874,-20.9801],[-65.19233,-20.98416],[-65.19237,-20.99767],[-65.18977,-21.00069],[-65.19167,-21.0064],[-65.1883,-21.0133],[-65.19258,-21.02104],[-65.1927,-21.02456],[-65.19741,-21.02903],[-65.19622,-21.0324],[-65.19831,-21.04069],[-65.19674,-21.04454],[-65.19758,-21.04713],[-65.19567,-21.04948],[-65.20049,-21.06229],[-65.19918,-21.0664],[-65.20197,-21.07138],[-65.20126,-21.08029],[-65.20277,-21.08433],[-65.19857,-21.09202],[-65.20193,-21.09712],[-65.19662,-21.10228],[-65.19925,-21.10928],[-65.19769,-21.11536],[-65.20051,-21.12236],[-65.19914,-21.12783],[-65.20004,-21.13985],[-65.19797,-21.14217],[-65.19326,-21.13818],[-65.19042,-21.14026],[-65.19025,-21.14399],[-65.19441,-21.14638],[-65.19463,-21.1487],[-65.1912,-21.15158],[-65.19117,-21.15739],[-65.18839,-21.1604],[-65.18963,-21.16429],[-65.19607,-21.1708],[-65.20458,-21.17542],[-65.20531,-21.17824],[-65.20325,-21.18097],[-65.21178,-21.19198],[-65.21185,-21.19392],[-65.20732,-21.19534],[-65.20003,-21.204],[-65.20614,-21.20848],[-65.20503,-21.21121],[-65.20074,-21.21321],[-65.20034,-21.22112],[-65.20568,-21.22252],[-65.21137,-21.23169],[-65.21194,-21.23644],[-65.20642,-21.23983],[-65.214,-21.24615],[-65.21095,-21.25546],[-65.2135,-21.25772],[-65.22001,-21.2522],[-65.2228,-21.2533],[-65.22425,-21.25636],[-65.22332,-21.25843],[-65.21807,-21.25832],[-65.21619,-21.26077],[-65.21709,-21.26339],[-65.22027,-21.2626],[-65.22036,-21.26878],[-65.21602,-21.27303],[-65.21385,-21.27921],[-65.21718,-21.28642],[-65.21174,-21.29154],[-65.21321,-21.296],[-65.21871,-21.30125],[-65.21697,-21.30408],[-65.2184,-21.30822],[-65.21625,-21.31172],[-65.21918,-21.31539],[-65.2174,-21.32019],[-65.22351,-21.32337],[-65.22532,-21.32631],[-65.22154,-21.32756],[-65.22,-21.33519],[-65.22139,-21.33655],[-65.22628,-21.3349],[-65.22796,-21.33643],[-65.22655,-21.33992],[-65.22831,-21.34643],[-65.22306,-21.35127],[-65.22451,-21.35275],[-65.22453,-21.35609],[-65.22704,-21.3574],[-65.22705,-21.36006],[-65.23159,-21.36719],[-65.23091,-21.37541],[-65.23259,-21.38306],[-65.22964,-21.38626],[-65.23273,-21.38801],[-65.23371,-21.39167],[-65.23062,-21.39631],[-65.23045,-21.40163],[-65.23717,-21.40509],[-65.2373,-21.40733],[-65.23519,-21.409],[-65.23693,-21.41486],[-65.23473,-21.42521],[-65.2428,-21.43147],[-65.24384,-21.43869],[-65.24143,-21.44793],[-65.24393,-21.45309],[-65.24193,-21.46187],[-65.24944,-21.46903],[-65.24614,-21.47807],[-65.24707,-21.48075],[-65.24981,-21.48238]]]}}]}