{"type":"FeatureCollection","crs":{"type":"name","properties":{"name":"urn:ogc:def:crs:OGC:1.3:CRS84"}},"features":[{"type":"Feature","properties":{"shapeName":"Caldas","shapeISO":"CO-CAL","shapeID":"13589884B36646919284035","shapeGroup":"COL","shapeType":"ADM1"},"geometry":{"type":"Polygon","coordinates":[[[-75.8674,5.48817],[-75.86089,5.44345],[-75.85757,5.4383],[-75.85936,5.4343],[-75.8587,5.42833],[-75.85644,5.42824],[-75.85422,5.42439],[-75.85214,5.41926],[-75.85266,5.41452],[-75.85073,5.41334],[-75.85342,5.40902],[-75.85257,5.40672],[-75.85394,5.40512],[-75.85129,5.4022],[-75.85516,5.39445],[-75.85384,5.38933],[-75.8587,5.38627],[-75.85757,5.38124],[-75.8604,5.37251],[-75.85384,5.37416],[-75.84664,5.36947],[-75.83804,5.36925],[-75.83343,5.36109],[-75.83102,5.36637],[-75.82322,5.36383],[-75.81372,5.3647],[-75.80923,5.36206],[-75.80536,5.3644],[-75.79802,5.36576],[-75.79515,5.36817],[-75.78795,5.36858],[-75.78467,5.37287],[-75.77856,5.37501],[-75.77276,5.37946],[-75.77198,5.38312],[-75.76773,5.38472],[-75.76577,5.38733],[-75.76126,5.38668],[-75.75941,5.38804],[-75.75494,5.38436],[-75.75046,5.38644],[-75.74585,5.38426],[-75.74149,5.38417],[-75.73864,5.38827],[-75.73933,5.39629],[-75.7343,5.39686],[-75.7301,5.3955],[-75.72594,5.39747],[-75.71408,5.38931],[-75.70725,5.39022],[-75.70307,5.37657],[-75.69969,5.37565],[-75.69793,5.37244],[-75.69031,5.37131],[-75.6831,5.36173],[-75.67846,5.3609],[-75.67474,5.35644],[-75.66986,5.35546],[-75.66605,5.35013],[-75.65851,5.3498],[-75.65311,5.35149],[-75.64571,5.33864],[-75.64021,5.3392],[-75.63668,5.33807],[-75.63553,5.33586],[-75.63681,5.33264],[-75.63577,5.32888],[-75.63693,5.32303],[-75.63517,5.31566],[-75.63921,5.30453],[-75.64486,5.3069],[-75.65122,5.30702],[-75.65597,5.2964],[-75.66168,5.29125],[-75.66292,5.28146],[-75.667,5.27699],[-75.66528,5.27238],[-75.66573,5.26829],[-75.69247,5.25574],[-75.69384,5.25946],[-75.6964,5.26014],[-75.69691,5.26238],[-75.70069,5.26107],[-75.70505,5.26181],[-75.70539,5.26039],[-75.70772,5.25994],[-75.71412,5.26289],[-75.71942,5.2613],[-75.72986,5.26583],[-75.7347,5.26442],[-75.73512,5.26648],[-75.73649,5.26663],[-75.73689,5.27093],[-75.73885,5.26954],[-75.74076,5.27286],[-75.74366,5.27292],[-75.74569,5.27527],[-75.748,5.28441],[-75.75383,5.28299],[-75.76284,5.27353],[-75.76724,5.27316],[-75.77377,5.27402],[-75.77965,5.27717],[-75.78677,5.28466],[-75.79435,5.28575],[-75.79556,5.28191],[-75.79941,5.28011],[-75.80341,5.28093],[-75.81311,5.27184],[-75.81718,5.27007],[-75.82349,5.2703],[-75.82477,5.25958],[-75.8201,5.24992],[-75.81997,5.24323],[-75.81261,5.23612],[-75.81138,5.23707],[-75.80553,5.23591],[-75.80371,5.2215],[-75.80611,5.21771],[-75.80828,5.20739],[-75.80246,5.20157],[-75.80441,5.19482],[-75.80854,5.1885],[-75.81409,5.18807],[-75.81438,5.18511],[-75.8159,5.18479],[-75.81395,5.1827],[-75.81483,5.18021],[-75.81773,5.17898],[-75.81685,5.17604],[-75.81917,5.17264],[-75.82212,5.17224],[-75.82399,5.16354],[-75.8265,5.16194],[-75.82553,5.15909],[-75.82819,5.15317],[-75.83255,5.15164],[-75.83406,5.14958],[-75.83079,5.14589],[-75.83365,5.14335],[-75.83241,5.13932],[-75.83367,5.13307],[-75.83791,5.12886],[-75.83864,5.12582],[-75.83686,5.12392],[-75.83623,5.11546],[-75.83876,5.11257],[-75.84333,5.11103],[-75.84394,5.10697],[-75.84712,5.10549],[-75.84752,5.10815],[-75.85026,5.11072],[-75.85445,5.11192],[-75.86544,5.12134],[-75.87509,5.13458],[-75.87699,5.13031],[-75.8891,5.12922],[-75.88957,5.12613],[-75.89147,5.12615],[-75.89188,5.12367],[-75.89093,5.11779],[-75.89386,5.11725],[-75.8977,5.11867],[-75.89775,5.1164],[-75.90225,5.11023],[-75.90147,5.10454],[-75.90334,5.09824],[-75.90886,5.08746],[-75.91345,5.08436],[-75.91364,5.07609],[-75.91102,5.07366],[-75.91101,5.06933],[-75.91405,5.06312],[-75.91754,5.05961],[-75.92108,5.04795],[-75.91977,5.04463],[-75.92262,5.04133],[-75.91475,5.03509],[-75.90992,5.02536],[-75.90742,5.02569],[-75.90564,5.02364],[-75.90353,5.02425],[-75.90231,5.01147],[-75.90459,5.00727],[-75.90298,4.99953],[-75.90431,4.99327],[-75.89981,4.98785],[-75.89881,4.98348],[-75.89676,4.98133],[-75.89681,4.97474],[-75.89482,4.96938],[-75.89559,4.96257],[-75.89121,4.96097],[-75.88704,4.95726],[-75.88043,4.9594],[-75.87815,4.95138],[-75.87471,4.95022],[-75.87227,4.95105],[-75.86819,4.94535],[-75.86397,4.94364],[-75.86414,4.9418],[-75.86065,4.94259],[-75.86078,4.94038],[-75.86324,4.93794],[-75.86573,4.94077],[-75.86656,4.9395],[-75.86448,4.93517],[-75.85963,4.93414],[-75.85779,4.93155],[-75.85053,4.9309],[-75.84627,4.92807],[-75.84054,4.92923],[-75.83607,4.9263],[-75.83175,4.92728],[-75.82578,4.92164],[-75.81511,4.91915],[-75.81341,4.92265],[-75.80709,4.92838],[-75.80353,4.93612],[-75.79229,4.93755],[-75.78845,4.94984],[-75.79299,4.95502],[-75.79596,4.96806],[-75.79089,4.97471],[-75.79309,4.98039],[-75.78897,4.98378],[-75.78636,4.98418],[-75.78568,4.99036],[-75.77804,4.99299],[-75.77868,4.9943],[-75.78446,4.99454],[-75.78573,4.99703],[-75.78035,5.00268],[-75.78102,5.01104],[-75.77864,5.01045],[-75.77779,5.00693],[-75.77034,5.00768],[-75.77047,5.01047],[-75.77399,5.01507],[-75.77281,5.01964],[-75.76882,5.02325],[-75.76622,5.0217],[-75.76312,5.02409],[-75.75996,5.02794],[-75.75904,5.0369],[-75.74776,5.04582],[-75.74414,5.0436],[-75.73892,5.02925],[-75.73188,5.02396],[-75.73096,5.02098],[-75.73475,5.02117],[-75.73499,5.01953],[-75.72773,5.01041],[-75.72865,5.00786],[-75.72644,5.00674],[-75.72551,5.00237],[-75.72094,4.99571],[-75.72024,4.98448],[-75.71909,4.98257],[-75.71637,4.98287],[-75.71707,4.98062],[-75.71456,4.97375],[-75.71576,4.97014],[-75.71238,4.96009],[-75.70977,4.95932],[-75.7067,4.95243],[-75.70382,4.95092],[-75.69928,4.94436],[-75.68797,4.94418],[-75.68207,4.94269],[-75.67541,4.94432],[-75.66288,4.94271],[-75.65287,4.94682],[-75.65115,4.94777],[-75.65314,4.95266],[-75.65267,4.95845],[-75.64496,4.96245],[-75.64543,4.9659],[-75.64331,4.96809],[-75.64001,4.96722],[-75.63988,4.97021],[-75.64184,4.97125],[-75.64035,4.97338],[-75.64112,4.97515],[-75.63909,4.97613],[-75.63565,4.97125],[-75.63103,4.97229],[-75.62868,4.97071],[-75.62245,4.97138],[-75.62475,4.96768],[-75.62417,4.96534],[-75.62291,4.96338],[-75.61976,4.96283],[-75.61987,4.9584],[-75.61691,4.95474],[-75.6176,4.93202],[-75.60877,4.93344],[-75.59881,4.93034],[-75.59467,4.9274],[-75.5924,4.92815],[-75.58874,4.93325],[-75.58405,4.93219],[-75.56895,4.93646],[-75.56159,4.934],[-75.55863,4.92494],[-75.55705,4.92386],[-75.5521,4.92401],[-75.54777,4.92646],[-75.54403,4.92576],[-75.54217,4.91935],[-75.53962,4.91743],[-75.53045,4.9175],[-75.52372,4.92275],[-75.5096,4.92454],[-75.494,4.92065],[-75.48685,4.91706],[-75.48093,4.91698],[-75.47983,4.9148],[-75.48378,4.90884],[-75.48255,4.90619],[-75.4759,4.90381],[-75.47423,4.88892],[-75.47059,4.88701],[-75.45876,4.88648],[-75.45572,4.88396],[-75.45494,4.87472],[-75.45212,4.8688],[-75.43935,4.85484],[-75.43848,4.84996],[-75.44025,4.84462],[-75.4383,4.84185],[-75.43872,4.8401],[-75.43009,4.83445],[-75.43029,4.82559],[-75.42749,4.81767],[-75.41785,4.81293],[-75.40677,4.80486],[-75.39852,4.80729],[-75.38969,4.80251],[-75.38228,4.80453],[-75.37526,4.80385],[-75.37154,4.80707],[-75.37025,4.81229],[-75.35773,4.82708],[-75.35559,4.83974],[-75.35344,4.84191],[-75.34325,4.84494],[-75.33925,4.85151],[-75.32666,4.86202],[-75.32167,4.87195],[-75.31959,4.89234],[-75.33195,4.89655],[-75.33832,4.90098],[-75.34619,4.91487],[-75.34815,4.93026],[-75.35159,4.93404],[-75.35269,4.9657],[-75.33596,4.97428],[-75.32814,4.98637],[-75.32724,4.99105],[-75.32224,4.99482],[-75.31782,5.00121],[-75.31738,5.00532],[-75.31879,5.03073],[-75.32654,5.04086],[-75.33346,5.04507],[-75.33606,5.04425],[-75.33951,5.04606],[-75.34204,5.05301],[-75.34801,5.05664],[-75.34333,5.0724],[-75.34289,5.08216],[-75.34163,5.08483],[-75.33566,5.08755],[-75.33302,5.09125],[-75.32684,5.09522],[-75.32505,5.0993],[-75.31772,5.10248],[-75.30897,5.10983],[-75.30416,5.11923],[-75.30107,5.12112],[-75.2985,5.12094],[-75.29781,5.12539],[-75.29455,5.12727],[-75.293,5.13137],[-75.28888,5.13445],[-75.28751,5.13828],[-75.28322,5.14078],[-75.27584,5.14061],[-75.25146,5.12949],[-75.24511,5.12898],[-75.24039,5.1259],[-75.23802,5.12718],[-75.23534,5.12485],[-75.23172,5.12693],[-75.23071,5.12957],[-75.22817,5.13033],[-75.22844,5.13244],[-75.22207,5.1346],[-75.22134,5.13621],[-75.21816,5.13352],[-75.21484,5.13448],[-75.20734,5.14796],[-75.20391,5.14813],[-75.20065,5.15121],[-75.19787,5.15752],[-75.19811,5.16157],[-75.19383,5.16416],[-75.19175,5.16442],[-75.18804,5.16222],[-75.18664,5.16417],[-75.18335,5.1631],[-75.18241,5.1644],[-75.17849,5.16409],[-75.17361,5.16665],[-75.17294,5.16923],[-75.17068,5.17088],[-75.16516,5.16739],[-75.16239,5.17038],[-75.16114,5.16894],[-75.15844,5.17073],[-75.15587,5.16986],[-75.1548,5.17082],[-75.14952,5.16648],[-75.1492,5.16458],[-75.14357,5.16379],[-75.14177,5.1596],[-75.13895,5.15756],[-75.13392,5.158],[-75.12947,5.15536],[-75.12403,5.16036],[-75.11945,5.15907],[-75.11586,5.16004],[-75.11496,5.16243],[-75.1125,5.16238],[-75.11181,5.16379],[-75.11242,5.1657],[-75.11553,5.16535],[-75.11425,5.16959],[-75.11515,5.17378],[-75.11203,5.17857],[-75.11345,5.18023],[-75.10908,5.18429],[-75.1055,5.18549],[-75.10515,5.18923],[-75.10686,5.19133],[-75.10434,5.19483],[-75.1053,5.19739],[-75.09472,5.2144],[-75.09094,5.21544],[-75.09026,5.22063],[-75.08401,5.22352],[-75.08448,5.22598],[-75.08001,5.23064],[-75.07436,5.24375],[-75.07155,5.24442],[-75.0707,5.24757],[-75.06563,5.24713],[-75.06283,5.25091],[-75.06307,5.25401],[-75.06083,5.25601],[-75.06323,5.26038],[-75.06161,5.26173],[-75.06246,5.26405],[-75.06044,5.2652],[-75.05946,5.27016],[-75.05692,5.27227],[-75.05629,5.27498],[-75.03262,5.27717],[-75.03005,5.27929],[-75.02896,5.28231],[-75.02991,5.28418],[-75.02778,5.28591],[-75.02747,5.28838],[-75.02258,5.28589],[-75.02145,5.28791],[-75.01857,5.28756],[-75.01284,5.28983],[-75.00984,5.29373],[-75.00775,5.29124],[-74.99994,5.2913],[-74.99046,5.28882],[-74.9889,5.28971],[-74.98635,5.28794],[-74.98399,5.29074],[-74.97957,5.29216],[-74.97885,5.2947],[-74.96888,5.29618],[-74.96632,5.30121],[-74.96108,5.3024],[-74.95425,5.30134],[-74.94999,5.30636],[-74.94515,5.30643],[-74.93905,5.31256],[-74.93095,5.31247],[-74.92782,5.31009],[-74.92052,5.30827],[-74.91301,5.31006],[-74.90459,5.30527],[-74.90441,5.30194],[-74.90166,5.30246],[-74.89783,5.29867],[-74.89211,5.29753],[-74.88903,5.3001],[-74.88546,5.29731],[-74.87656,5.29692],[-74.87555,5.29523],[-74.87228,5.2944],[-74.87038,5.29652],[-74.87015,5.30041],[-74.86791,5.30136],[-74.86949,5.30282],[-74.86928,5.30495],[-74.86468,5.30749],[-74.86281,5.30472],[-74.86061,5.30574],[-74.85397,5.31494],[-74.85113,5.31355],[-74.84811,5.31637],[-74.84579,5.31376],[-74.84416,5.31525],[-74.8412,5.31479],[-74.84028,5.31734],[-74.83739,5.31558],[-74.83439,5.31751],[-74.83068,5.31606],[-74.82708,5.31897],[-74.82227,5.31741],[-74.8191,5.31252],[-74.81522,5.30975],[-74.81425,5.30672],[-74.80515,5.30253],[-74.79823,5.304],[-74.79598,5.3],[-74.79153,5.29767],[-74.7869,5.29849],[-74.78471,5.29686],[-74.78169,5.29923],[-74.77934,5.29698],[-74.77441,5.29877],[-74.76619,5.28772],[-74.76219,5.2888],[-74.75908,5.28549],[-74.75562,5.28542],[-74.75314,5.28209],[-74.74313,5.29054],[-74.74176,5.29002],[-74.74249,5.28526],[-74.7366,5.28741],[-74.73386,5.2863],[-74.73326,5.29439],[-74.73001,5.30198],[-74.72586,5.30668],[-74.7146,5.31503],[-74.70845,5.34251],[-74.69976,5.35312],[-74.69942,5.35631],[-74.70668,5.36605],[-74.70726,5.37124],[-74.70405,5.37237],[-74.69693,5.36457],[-74.69173,5.36343],[-74.68524,5.36677],[-74.67866,5.37417],[-74.67795,5.37912],[-74.68295,5.3883],[-74.68428,5.39932],[-74.68128,5.40233],[-74.66724,5.40503],[-74.66581,5.41081],[-74.66631,5.41655],[-74.67336,5.42765],[-74.67642,5.43559],[-74.6759,5.43834],[-74.67193,5.44144],[-74.65461,5.44099],[-74.65168,5.44369],[-74.65995,5.4516],[-74.66376,5.46574],[-74.66474,5.47808],[-74.66802,5.49077],[-74.66761,5.49526],[-74.67413,5.51206],[-74.66991,5.51759],[-74.65088,5.52552],[-74.64038,5.53926],[-74.64131,5.54866],[-74.65038,5.56277],[-74.65256,5.57452],[-74.64889,5.58417],[-74.64468,5.58901],[-74.64225,5.59487],[-74.64495,5.60593],[-74.64459,5.60966],[-74.63688,5.62306],[-74.62985,5.63008],[-74.63584,5.65922],[-74.62459,5.68427],[-74.62335,5.69653],[-74.62652,5.70053],[-74.63779,5.70768],[-74.64463,5.7186],[-74.64911,5.72154],[-74.65586,5.72348],[-74.66052,5.72794],[-74.66256,5.73594],[-74.65933,5.75137],[-74.6575,5.76332],[-74.65755,5.77526],[-74.66887,5.76945],[-74.68138,5.77904],[-74.68504,5.77862],[-74.69367,5.77232],[-74.70106,5.76979],[-74.70644,5.77084],[-74.70813,5.77577],[-74.71245,5.77464],[-74.71518,5.76895],[-74.71211,5.75893],[-74.71676,5.75081],[-74.72402,5.74927],[-74.72791,5.74643],[-74.72839,5.74235],[-74.72491,5.72526],[-74.7316,5.71654],[-74.73098,5.71198],[-74.73716,5.70637],[-74.73865,5.70055],[-74.7451,5.70029],[-74.74936,5.69731],[-74.75453,5.69925],[-74.76008,5.69596],[-74.76524,5.69686],[-74.76891,5.69186],[-74.77365,5.68863],[-74.78124,5.69534],[-74.79064,5.69575],[-74.79758,5.70222],[-74.80535,5.69805],[-74.81056,5.70888],[-74.8208,5.7082],[-74.82712,5.71199],[-74.83367,5.71945],[-74.83244,5.72592],[-74.83322,5.72772],[-74.83647,5.7292],[-74.83617,5.73297],[-74.84057,5.73837],[-74.84591,5.73845],[-74.8552,5.74458],[-74.86486,5.74778],[-74.87879,5.74758],[-74.88627,5.73972],[-74.89512,5.7391],[-74.90083,5.73642],[-74.93141,5.73368],[-74.93792,5.72839],[-74.93929,5.72571],[-74.94546,5.72597],[-74.95126,5.72194],[-74.95172,5.72019],[-74.96349,5.71875],[-74.97025,5.71533],[-74.98218,5.71802],[-74.99323,5.71542],[-74.99147,5.70595],[-74.99998,5.7023],[-75.00111,5.69464],[-75.00382,5.68877],[-75.00733,5.68573],[-75.00834,5.68255],[-75.01376,5.67874],[-75.02596,5.67647],[-75.0321,5.66949],[-75.04105,5.66669],[-75.04755,5.66084],[-75.05027,5.66189],[-75.0529,5.66529],[-75.06009,5.66643],[-75.06159,5.66477],[-75.06562,5.66591],[-75.07343,5.65796],[-75.07703,5.65665],[-75.07835,5.65874],[-75.08212,5.6604],[-75.08721,5.6611],[-75.09169,5.65525],[-75.09353,5.65578],[-75.09423,5.65123],[-75.09599,5.64992],[-75.09906,5.64145],[-75.09722,5.63997],[-75.09774,5.63761],[-75.09564,5.63604],[-75.09616,5.63316],[-75.09204,5.62914],[-75.09116,5.62582],[-75.0923,5.62172],[-75.08888,5.61569],[-75.09169,5.61001],[-75.09678,5.60844],[-75.09502,5.60608],[-75.09634,5.60364],[-75.09537,5.60206],[-75.09414,5.60364],[-75.0916,5.60381],[-75.08941,5.60241],[-75.088,5.59883],[-75.08774,5.59464],[-75.09002,5.5942],[-75.09107,5.59202],[-75.09248,5.5839],[-75.09537,5.58067],[-75.09669,5.58128],[-75.10117,5.57857],[-75.10248,5.57516],[-75.10582,5.57429],[-75.10608,5.57219],[-75.1088,5.57333],[-75.11012,5.57167],[-75.11231,5.57167],[-75.1131,5.56704],[-75.11898,5.56538],[-75.1203,5.56416],[-75.12074,5.55962],[-75.12819,5.55525],[-75.13287,5.54447],[-75.13179,5.53691],[-75.1375,5.52704],[-75.14311,5.52948],[-75.15013,5.53018],[-75.17488,5.5252],[-75.17876,5.52248],[-75.18148,5.52329],[-75.18994,5.5185],[-75.1991,5.51787],[-75.2017,5.51556],[-75.20541,5.50783],[-75.20883,5.50518],[-75.21242,5.50691],[-75.21526,5.50437],[-75.21943,5.50333],[-75.23207,5.48655],[-75.23346,5.47997],[-75.23658,5.47778],[-75.23975,5.46972],[-75.2443,5.46376],[-75.24949,5.46124],[-75.25402,5.45232],[-75.25456,5.44827],[-75.25871,5.44184],[-75.26109,5.44145],[-75.26171,5.43686],[-75.26382,5.43365],[-75.27628,5.41863],[-75.27716,5.42379],[-75.27964,5.42769],[-75.27842,5.44024],[-75.28431,5.44394],[-75.28549,5.45903],[-75.28194,5.46654],[-75.28148,5.47658],[-75.28832,5.47309],[-75.29559,5.47449],[-75.30205,5.47246],[-75.30558,5.46807],[-75.31403,5.46815],[-75.31675,5.46989],[-75.31681,5.47205],[-75.31422,5.47555],[-75.31493,5.48182],[-75.31354,5.48136],[-75.31462,5.48551],[-75.31523,5.4842],[-75.31708,5.48551],[-75.31516,5.48735],[-75.31577,5.49548],[-75.31408,5.503],[-75.31053,5.50814],[-75.31362,5.51106],[-75.31539,5.51673],[-75.32194,5.51858],[-75.32487,5.5231],[-75.32849,5.52448],[-75.3278,5.52863],[-75.33042,5.53208],[-75.32996,5.53845],[-75.32695,5.54152],[-75.3325,5.54466],[-75.33373,5.5495],[-75.33327,5.55141],[-75.32734,5.5564],[-75.32965,5.56277],[-75.33805,5.56806],[-75.33898,5.5788],[-75.34113,5.58394],[-75.34561,5.58686],[-75.34584,5.59047],[-75.34376,5.59062],[-75.34221,5.59537],[-75.34052,5.59499],[-75.33967,5.59898],[-75.34083,5.60343],[-75.34214,5.60558],[-75.3446,5.60312],[-75.35208,5.60151],[-75.35424,5.60297],[-75.3601,5.60289],[-75.36187,5.60098],[-75.36622,5.60241],[-75.36873,5.60466],[-75.37035,5.60903],[-75.37328,5.60918],[-75.3769,5.61218],[-75.3786,5.6177],[-75.38307,5.62177],[-75.38353,5.62698],[-75.37906,5.62875],[-75.37605,5.6325],[-75.37413,5.63243],[-75.36827,5.63972],[-75.36966,5.64846],[-75.36765,5.65498],[-75.36835,5.65813],[-75.37405,5.66603],[-75.37636,5.67377],[-75.38392,5.67654],[-75.39386,5.67707],[-75.40095,5.68175],[-75.40542,5.68076],[-75.41043,5.68597],[-75.41012,5.68866],[-75.41251,5.69372],[-75.41568,5.69602],[-75.42731,5.69625],[-75.43333,5.69168],[-75.44033,5.68998],[-75.442,5.68581],[-75.4443,5.68656],[-75.44517,5.68451],[-75.45571,5.68108],[-75.46114,5.67204],[-75.46786,5.667],[-75.47331,5.66759],[-75.47796,5.6635],[-75.48652,5.67078],[-75.48842,5.67697],[-75.494,5.68026],[-75.49822,5.68092],[-75.5036,5.68429],[-75.50537,5.68339],[-75.5052,5.67869],[-75.50815,5.68055],[-75.51772,5.68963],[-75.51927,5.69523],[-75.52247,5.69536],[-75.52355,5.69212],[-75.52702,5.69424],[-75.53167,5.69267],[-75.53062,5.68935],[-75.53457,5.69038],[-75.5372,5.69372],[-75.53664,5.69641],[-75.53824,5.69968],[-75.54216,5.70281],[-75.54346,5.70865],[-75.54208,5.71228],[-75.54041,5.71257],[-75.54322,5.72054],[-75.54887,5.72098],[-75.55411,5.72476],[-75.56335,5.72465],[-75.56446,5.72299],[-75.56784,5.72476],[-75.57078,5.72432],[-75.57832,5.72748],[-75.58014,5.73051],[-75.58382,5.73112],[-75.58689,5.73512],[-75.59651,5.73617],[-75.59904,5.73863],[-75.59975,5.71825],[-75.5955,5.71215],[-75.59808,5.70574],[-75.59957,5.69613],[-75.59791,5.68378],[-75.59954,5.68044],[-75.58846,5.6743],[-75.57466,5.67076],[-75.5723,5.6658],[-75.57569,5.66013],[-75.58396,5.65666],[-75.58383,5.65422],[-75.58734,5.65184],[-75.5896,5.64475],[-75.58903,5.6404],[-75.58753,5.63723],[-75.58548,5.63658],[-75.58237,5.62617],[-75.584,5.62057],[-75.57963,5.60643],[-75.58109,5.60374],[-75.58026,5.5935],[-75.57632,5.584],[-75.57677,5.57941],[-75.57477,5.5752],[-75.57698,5.56471],[-75.57597,5.54986],[-75.56919,5.53997],[-75.56905,5.52307],[-75.57021,5.52096],[-75.57807,5.5157],[-75.58274,5.51865],[-75.58957,5.51782],[-75.59212,5.5198],[-75.59667,5.51802],[-75.60166,5.52095],[-75.60443,5.52513],[-75.61183,5.52743],[-75.61236,5.53036],[-75.61754,5.53187],[-75.622,5.52779],[-75.6269,5.52584],[-75.63525,5.52607],[-75.63585,5.52805],[-75.64097,5.5303],[-75.64885,5.53054],[-75.65308,5.52971],[-75.65625,5.52443],[-75.66189,5.52743],[-75.66336,5.52673],[-75.6699,5.52891],[-75.67316,5.52712],[-75.6761,5.52773],[-75.6813,5.52427],[-75.68591,5.52505],[-75.69679,5.53139],[-75.70614,5.54015],[-75.70886,5.54042],[-75.71651,5.55039],[-75.72053,5.55158],[-75.72614,5.55642],[-75.73071,5.56355],[-75.73669,5.56089],[-75.7449,5.55232],[-75.76134,5.5538],[-75.76756,5.55203],[-75.77211,5.54334],[-75.77187,5.54044],[-75.76992,5.53851],[-75.77065,5.53485],[-75.77387,5.53472],[-75.77627,5.53965],[-75.78594,5.54054],[-75.792,5.53242],[-75.80162,5.52632],[-75.80722,5.51443],[-75.81537,5.51351],[-75.81761,5.51166],[-75.82729,5.49921],[-75.82788,5.49231],[-75.83128,5.48809],[-75.84399,5.49272],[-75.84957,5.49214],[-75.85368,5.49598],[-75.85973,5.49611],[-75.86454,5.49397],[-75.8674,5.48817]]]}},{"type":"Feature","properties":{"shapeName":"Amazonas","shapeISO":"CO-AMA","shapeID":"13589884B76063723503478","shapeGroup":"COL","shapeType":"ADM1"},"geometry":{"type":"Polygon","coordinates":[[[-74.38759,-0.55933],[-74.38989,-0.57571],[-74.38354,-0.58584],[-74.38148,-0.59957],[-74.37479,-0.60919],[-74.36346,-0.61519],[-74.35951,-0.63013],[-74.36431,-0.6406],[-74.37185,-0.64601],[-74.37391,-0.65373],[-74.36841,-0.66231],[-74.33788,-0.6775],[-74.33771,-0.68557],[-74.33977,-0.69467],[-74.34303,-0.70085],[-74.35366,-0.71111],[-74.37169,-0.71352],[-74.37667,-0.71904],[-74.37513,-0.72797],[-74.37015,-0.73724],[-74.35245,-0.75393],[-74.34437,-0.75835],[-74.33633,-0.75904],[-74.32277,-0.75406],[-74.31573,-0.75423],[-74.31282,-0.75921],[-74.30924,-0.76201],[-74.30873,-0.7675],[-74.31779,-0.77809],[-74.319,-0.7853],[-74.31642,-0.79113],[-74.31251,-0.79335],[-74.30497,-0.79364],[-74.29476,-0.77772],[-74.28752,-0.77413],[-74.27907,-0.77901],[-74.27863,-0.78716],[-74.28569,-0.79379],[-74.29222,-0.81568],[-74.28861,-0.82151],[-74.27947,-0.82819],[-74.2678,-0.82499],[-74.25067,-0.81499],[-74.24587,-0.81568],[-74.24339,-0.82076],[-74.2475,-0.83013],[-74.25728,-0.83378],[-74.26561,-0.84125],[-74.27042,-0.85413],[-74.2667,-0.87429],[-74.27026,-0.88063],[-74.27648,-0.88218],[-74.28554,-0.87167],[-74.30154,-0.86514],[-74.30575,-0.86523],[-74.31341,-0.86965],[-74.31824,-0.87515],[-74.32046,-0.88073],[-74.31773,-0.89082],[-74.31192,-0.89604],[-74.28768,-0.8938],[-74.28351,-0.89509],[-74.27933,-0.89906],[-74.27206,-0.91658],[-74.27089,-0.93036],[-74.26218,-0.94115],[-74.26235,-0.94681],[-74.26469,-0.95355],[-74.27093,-0.95934],[-74.27543,-0.96705],[-74.2755,-0.97402],[-74.27258,-0.9788],[-74.25891,-0.98715],[-74.23556,-0.99775],[-74.22527,-1.00843],[-74.21445,-1.01066],[-74.18606,-1.01065],[-74.17273,-1.00574],[-74.13504,-1.02231],[-74.12608,-1.03269],[-74.06494,-1.05357],[-74.05687,-1.0522],[-74.04382,-1.04413],[-74.0359,-1.03076],[-74.0383,-1.02064],[-74.02919,-1.00304],[-74.01807,-1.00568],[-74.01317,-1.01678],[-74.01383,-1.02127],[-74.02418,-1.04703],[-74.02683,-1.0615],[-74.02066,-1.07574],[-74.00606,-1.09888],[-73.99541,-1.10609],[-73.97842,-1.10643],[-73.97441,-1.09083],[-73.96479,-1.08177],[-73.95679,-1.08566],[-73.94989,-1.0978],[-73.96452,-1.11381],[-73.96658,-1.12085],[-73.9628,-1.12703],[-73.95816,-1.13115],[-73.94932,-1.13318],[-73.93297,-1.13161],[-73.92218,-1.11999],[-73.91207,-1.11646],[-73.90394,-1.1243],[-73.90109,-1.13869],[-73.89521,-1.15382],[-73.89705,-1.16049],[-73.89535,-1.16932],[-73.87714,-1.19207],[-73.87062,-1.19791],[-73.86718,-1.20872],[-73.86684,-1.22382],[-73.86135,-1.22932],[-73.85294,-1.23361],[-73.82375,-1.23824],[-73.81025,-1.24948],[-73.80195,-1.24974],[-73.79491,-1.2451],[-73.78925,-1.23893],[-73.78307,-1.23944],[-73.77954,-1.24512],[-73.78366,-1.25804],[-73.77019,-1.26158],[-73.76298,-1.25815],[-73.75955,-1.25248],[-73.75509,-1.23704],[-73.75183,-1.20443],[-73.75028,-1.20134],[-73.74393,-1.20048],[-73.74033,-1.23841],[-73.72694,-1.24837],[-73.71097,-1.25163],[-73.70274,-1.24712],[-73.69363,-1.24716],[-73.68282,-1.24013],[-73.67392,-1.24062],[-73.66529,-1.24797],[-73.65769,-1.26054],[-73.64849,-1.26724],[-73.62963,-1.26955],[-73.62202,-1.26332],[-73.6194,-1.26378],[-73.61518,-1.29299],[-73.61561,-1.30424],[-73.61106,-1.31873],[-73.60462,-1.32451],[-73.59613,-1.32885],[-73.5841,-1.32691],[-73.57645,-1.31875],[-73.57234,-1.31848],[-73.56874,-1.32174],[-73.56711,-1.32878],[-73.5805,-1.3407],[-73.57793,-1.36155],[-73.56457,-1.37378],[-73.55479,-1.39055],[-73.55205,-1.39827],[-73.55238,-1.41693],[-73.55753,-1.42002],[-73.56519,-1.42074],[-73.57656,-1.41329],[-73.57986,-1.41618],[-73.57989,-1.42823],[-73.5752,-1.43029],[-73.54207,-1.4297],[-73.53605,-1.43234],[-73.53124,-1.43748],[-73.53063,-1.46227],[-73.52459,-1.47327],[-73.50962,-1.48337],[-73.50006,-1.48503],[-73.49087,-1.48362],[-73.48694,-1.49326],[-73.48743,-1.50089],[-73.4962,-1.50985],[-73.49335,-1.5181],[-73.47786,-1.52346],[-73.47927,-1.53253],[-73.48318,-1.54165],[-73.48177,-1.55856],[-73.49033,-1.57081],[-73.48543,-1.57626],[-73.47592,-1.57738],[-73.47132,-1.56995],[-73.46421,-1.56665],[-73.45727,-1.57535],[-73.463,-1.58901],[-73.47204,-1.59796],[-73.49661,-1.61549],[-73.5103,-1.63019],[-73.51631,-1.63997],[-73.51517,-1.65929],[-73.52026,-1.67017],[-73.53655,-1.6827],[-73.54068,-1.69093],[-73.5386,-1.70065],[-73.53159,-1.70809],[-73.52146,-1.71478],[-73.50499,-1.72133],[-73.49582,-1.73115],[-73.46395,-1.73537],[-73.45434,-1.74189],[-73.43477,-1.76523],[-73.43202,-1.77518],[-73.43265,-1.78743],[-73.42782,-1.79051],[-73.41108,-1.78565],[-73.3867,-1.77209],[-73.37743,-1.77587],[-73.36301,-1.79165],[-73.35237,-1.798],[-73.34497,-1.79811],[-73.33472,-1.80187],[-73.32405,-1.82185],[-73.32096,-1.82562],[-73.31512,-1.82751],[-73.30928,-1.82803],[-73.30379,-1.82631],[-73.30104,-1.82219],[-73.30081,-1.81402],[-73.30791,-1.80435],[-73.31014,-1.79697],[-73.31014,-1.79028],[-73.3074,-1.7829],[-73.29994,-1.77748],[-73.2928,-1.77604],[-73.28731,-1.7769],[-73.27289,-1.7829],[-73.2662,-1.78342],[-73.25212,-1.78035],[-73.24663,-1.78239],[-73.24354,-1.78651],[-73.24319,-1.79045],[-73.24611,-1.79405],[-73.25864,-1.79852],[-73.25607,-1.80641],[-73.2504,-1.80744],[-73.23547,-1.80263],[-73.23118,-1.79457],[-73.22998,-1.78771],[-73.23169,-1.76214],[-73.2262,-1.74979],[-73.21779,-1.74859],[-73.21178,-1.75219],[-73.19444,-1.78856],[-73.17247,-1.80075],[-73.15033,-1.80246],[-73.14625,-1.80541],[-73.14363,-1.81979],[-73.14449,-1.827],[-73.1529,-1.84467],[-73.15239,-1.85925],[-73.15067,-1.86286],[-73.14209,-1.86955],[-73.13196,-1.87315],[-73.1196,-1.87126],[-73.11129,-1.87384],[-73.10827,-1.88585],[-73.1081,-1.89494],[-73.11548,-1.90403],[-73.11908,-1.91192],[-73.11473,-1.92744],[-73.11342,-1.9392],[-73.11513,-1.95876],[-73.11925,-1.97489],[-73.12715,-1.98484],[-73.13006,-1.99157],[-73.11822,-2.0164],[-73.09969,-2.02651],[-73.09333,-2.03253],[-73.09213,-2.04162],[-73.0966,-2.04848],[-73.11033,-2.06375],[-73.11359,-2.07182],[-73.11187,-2.07799],[-73.10517,-2.08324],[-73.08593,-2.0848],[-73.07256,-2.08297],[-73.0693,-2.09326],[-73.07032,-2.10571],[-73.10518,-2.12294],[-73.11651,-2.13066],[-73.12526,-2.17303],[-73.13093,-2.18332],[-73.14226,-2.18761],[-73.16809,-2.18625],[-73.17292,-2.19349],[-73.16528,-2.23675],[-73.15513,-2.25843],[-73.14204,-2.26987],[-73.12269,-2.27903],[-73.11565,-2.28898],[-73.11359,-2.29619],[-73.11719,-2.3027],[-73.12303,-2.30871],[-73.1244,-2.32088],[-73.1196,-2.32723],[-73.1105,-2.32792],[-73.0962,-2.32424],[-73.09353,-2.33037],[-73.07205,-2.33975],[-73.06827,-2.35159],[-73.05814,-2.36102],[-73.04355,-2.35742],[-73.04098,-2.3485],[-73.04235,-2.33701],[-73.04012,-2.32277],[-73.03789,-2.31677],[-73.03274,-2.31368],[-73.0245,-2.3166],[-73.02141,-2.32037],[-73.01643,-2.34353],[-73.01042,-2.35313],[-73.00287,-2.36033],[-72.9972,-2.35999],[-72.98999,-2.35467],[-72.97866,-2.34061],[-72.97145,-2.33564],[-72.96339,-2.33649],[-72.95789,-2.33512],[-72.95257,-2.33701],[-72.95079,-2.34509],[-72.95602,-2.35079],[-72.95658,-2.35395],[-72.95628,-2.38601],[-72.95152,-2.40194],[-72.94688,-2.40657],[-72.93796,-2.41017],[-72.93133,-2.4182],[-72.93044,-2.434],[-72.93728,-2.45047],[-72.93093,-2.45719],[-72.92575,-2.45524],[-72.92028,-2.44923],[-72.89597,-2.43474],[-72.88577,-2.43436],[-72.85728,-2.43967],[-72.84303,-2.43281],[-72.82895,-2.42015],[-72.81779,-2.41789],[-72.80166,-2.41103],[-72.79147,-2.40259],[-72.78621,-2.39062],[-72.78194,-2.38708],[-72.77711,-2.38531],[-72.77059,-2.38668],[-72.76457,-2.39045],[-72.75935,-2.39717],[-72.75783,-2.41208],[-72.75256,-2.4251],[-72.7445,-2.42767],[-72.73505,-2.42389],[-72.73122,-2.41231],[-72.73107,-2.39425],[-72.72629,-2.38935],[-72.71883,-2.38626],[-72.71166,-2.38641],[-72.69351,-2.40726],[-72.68668,-2.42052],[-72.68693,-2.42899],[-72.69118,-2.4388],[-72.69077,-2.45082],[-72.68528,-2.45304],[-72.68117,-2.45197],[-72.6673,-2.44096],[-72.66574,-2.43382],[-72.6662,-2.42008],[-72.65795,-2.40676],[-72.63807,-2.39182],[-72.63532,-2.37999],[-72.64173,-2.36607],[-72.64089,-2.36124],[-72.63519,-2.35849],[-72.61935,-2.36303],[-72.60661,-2.3625],[-72.59154,-2.37004],[-72.57644,-2.39371],[-72.56631,-2.40108],[-72.56013,-2.40349],[-72.54914,-2.40228],[-72.51462,-2.4129],[-72.49885,-2.41292],[-72.49286,-2.41974],[-72.48498,-2.42146],[-72.47225,-2.41915],[-72.44855,-2.43367],[-72.43154,-2.43468],[-72.41645,-2.42818],[-72.40976,-2.41347],[-72.40804,-2.41415],[-72.39563,-2.44273],[-72.38006,-2.45288],[-72.37697,-2.46677],[-72.3804,-2.48118],[-72.37525,-2.48889],[-72.36856,-2.49078],[-72.34006,-2.47963],[-72.32766,-2.47188],[-72.31071,-2.47466],[-72.29869,-2.47449],[-72.28846,-2.47023],[-72.28564,-2.45511],[-72.28012,-2.45276],[-72.25921,-2.45957],[-72.25475,-2.45339],[-72.25766,-2.44533],[-72.2623,-2.4394],[-72.25933,-2.43224],[-72.24041,-2.43048],[-72.22683,-2.44705],[-72.21648,-2.44876],[-72.20119,-2.44499],[-72.18196,-2.43058],[-72.17138,-2.42648],[-72.16241,-2.4331],[-72.16216,-2.44508],[-72.16921,-2.47028],[-72.1658,-2.47816],[-72.1573,-2.47994],[-72.14527,-2.47309],[-72.13733,-2.45391],[-72.13233,-2.43715],[-72.13321,-2.41669],[-72.12892,-2.41],[-72.09802,-2.38976],[-72.086,-2.37896],[-72.07896,-2.36627],[-72.06008,-2.34311],[-72.04498,-2.33574],[-72.02935,-2.34088],[-72.01579,-2.36181],[-72.00542,-2.37057],[-71.98472,-2.37124],[-71.96944,-2.36764],[-71.95932,-2.35683],[-71.9449,-2.3558],[-71.93807,-2.36122],[-71.937,-2.37622],[-71.93082,-2.38205],[-71.92241,-2.38067],[-71.91743,-2.37141],[-71.91968,-2.36339],[-71.93646,-2.33881],[-71.93932,-2.31611],[-71.92709,-2.30849],[-71.88709,-2.31415],[-71.88087,-2.30881],[-71.87177,-2.29646],[-71.86473,-2.27811],[-71.85446,-2.23068],[-71.841,-2.21256],[-71.83706,-2.19879],[-71.82894,-2.18738],[-71.82019,-2.1885],[-71.80712,-2.20692],[-71.79655,-2.20483],[-71.79126,-2.18479],[-71.78233,-2.17639],[-71.77166,-2.17294],[-71.75504,-2.17502],[-71.74628,-2.16987],[-71.74509,-2.1598],[-71.75019,-2.14931],[-71.73445,-2.14098],[-71.72347,-2.1431],[-71.71899,-2.15597],[-71.71727,-2.17021],[-71.72706,-2.19611],[-71.72877,-2.20864],[-71.72826,-2.22339],[-71.72094,-2.23095],[-71.70839,-2.23155],[-71.68792,-2.21859],[-71.6788,-2.20952],[-71.66369,-2.20249],[-71.65236,-2.19991],[-71.63762,-2.20177],[-71.59917,-2.23904],[-71.58435,-2.24023],[-71.56839,-2.23851],[-71.55076,-2.24226],[-71.53326,-2.25017],[-71.52021,-2.24912],[-71.51542,-2.25425],[-71.52001,-2.30124],[-71.51471,-2.31138],[-71.51197,-2.32699],[-71.50636,-2.34595],[-71.49638,-2.35595],[-71.48536,-2.35426],[-71.4802,-2.34862],[-71.47921,-2.33414],[-71.48502,-2.31773],[-71.49974,-2.28932],[-71.4951,-2.27621],[-71.47916,-2.26972],[-71.46768,-2.27176],[-71.45274,-2.27999],[-71.44622,-2.28685],[-71.43283,-2.31378],[-71.42339,-2.32939],[-71.41515,-2.33299],[-71.40124,-2.34328],[-71.3918,-2.35512],[-71.39421,-2.36712],[-71.40021,-2.37536],[-71.40691,-2.39199],[-71.40433,-2.40331],[-71.39322,-2.4105],[-71.38271,-2.4064],[-71.36623,-2.38908],[-71.35352,-2.37947],[-71.32657,-2.3834],[-71.31662,-2.37913],[-71.30941,-2.36455],[-71.30431,-2.34018],[-71.29635,-2.33627],[-71.28091,-2.33865],[-71.27559,-2.34843],[-71.2761,-2.36112],[-71.29001,-2.38067],[-71.28898,-2.38616],[-71.28091,-2.38942],[-71.27422,-2.38685],[-71.2658,-2.37707],[-71.25962,-2.36215],[-71.24367,-2.33818],[-71.23197,-2.33679],[-71.22441,-2.34245],[-71.21229,-2.35787],[-71.2071,-2.36884],[-71.19367,-2.38238],[-71.18632,-2.38376],[-71.1762,-2.38222],[-71.17139,-2.37433],[-71.16985,-2.35752],[-71.17067,-2.3444],[-71.16158,-2.33291],[-71.14939,-2.33582],[-71.14118,-2.34328],[-71.13277,-2.34397],[-71.12882,-2.33882],[-71.13088,-2.32699],[-71.13671,-2.31515],[-71.14186,-2.30829],[-71.14334,-2.29685],[-71.13269,-2.28588],[-71.11268,-2.28102],[-71.10118,-2.28291],[-71.09001,-2.28211],[-71.04608,-2.2649],[-71.03921,-2.26764],[-71.02423,-2.28203],[-71.01569,-2.298],[-71.01037,-2.30435],[-71.00145,-2.30847],[-70.99389,-2.30658],[-70.98857,-2.30126],[-70.99355,-2.28102],[-71.01738,-2.24384],[-71.02041,-2.2293],[-71.01395,-2.21579],[-71.00084,-2.2102],[-70.9781,-2.21274],[-70.96268,-2.22532],[-70.95802,-2.24174],[-70.94154,-2.25529],[-70.92403,-2.25392],[-70.91447,-2.24507],[-70.9079,-2.23412],[-70.89811,-2.22383],[-70.87751,-2.2215],[-70.86343,-2.22596],[-70.85433,-2.24123],[-70.84523,-2.26781],[-70.84282,-2.28533],[-70.83249,-2.29466],[-70.8169,-2.29732],[-70.78789,-2.29244],[-70.76781,-2.29783],[-70.76474,-2.30399],[-70.76155,-2.32041],[-70.75053,-2.32875],[-70.73645,-2.33424],[-70.71997,-2.33493],[-70.69709,-2.33917],[-70.6704,-2.35016],[-70.66339,-2.35496],[-70.66156,-2.36301],[-70.6643,-2.37656],[-70.67323,-2.38397],[-70.677,-2.39073],[-70.67864,-2.39887],[-70.67733,-2.40539],[-70.67384,-2.41047],[-70.6655,-2.41292],[-70.64971,-2.41035],[-70.64181,-2.40657],[-70.63225,-2.39708],[-70.62717,-2.39576],[-70.62592,-2.40768],[-70.62808,-2.42235],[-70.631,-2.43161],[-70.64165,-2.4477],[-70.64251,-2.45867],[-70.63169,-2.47466],[-70.61744,-2.48186],[-70.60113,-2.48461],[-70.57693,-2.47981],[-70.5577,-2.47209],[-70.55107,-2.46211],[-70.55317,-2.44895],[-70.55983,-2.44177],[-70.59462,-2.43167],[-70.59776,-2.42174],[-70.59023,-2.41923],[-70.5704,-2.41841],[-70.55083,-2.42338],[-70.53744,-2.43607],[-70.52457,-2.46317],[-70.50861,-2.47638],[-70.49718,-2.47394],[-70.48322,-2.46349],[-70.47945,-2.45658],[-70.47192,-2.45407],[-70.46406,-2.4613],[-70.4537,-2.47606],[-70.44836,-2.50307],[-70.44459,-2.51186],[-70.43297,-2.52411],[-70.42072,-2.52631],[-70.4113,-2.52599],[-70.39874,-2.51594],[-70.38555,-2.5015],[-70.36796,-2.49176],[-70.35382,-2.49019],[-70.33027,-2.49867],[-70.31928,-2.50118],[-70.30294,-2.5015],[-70.29761,-2.50527],[-70.29541,-2.51186],[-70.29509,-2.52066],[-70.30012,-2.52725],[-70.30828,-2.53228],[-70.32116,-2.53667],[-70.3309,-2.53636],[-70.34001,-2.53824],[-70.34817,-2.54264],[-70.35759,-2.55583],[-70.35728,-2.56306],[-70.35351,-2.56808],[-70.34723,-2.57248],[-70.33341,-2.57813],[-70.31457,-2.57719],[-70.30294,-2.57373],[-70.2841,-2.55991],[-70.26526,-2.54924],[-70.25615,-2.54924],[-70.24673,-2.55206],[-70.23887,-2.55929],[-70.22882,-2.58159],[-70.22348,-2.61739],[-70.22348,-2.63152],[-70.21909,-2.64534],[-70.21218,-2.65476],[-70.20621,-2.65853],[-70.19616,-2.65853],[-70.19145,-2.65696],[-70.18799,-2.65162],[-70.18328,-2.63655],[-70.18046,-2.63247],[-70.17512,-2.63215],[-70.16538,-2.63655],[-70.15659,-2.64723],[-70.15533,-2.65571],[-70.15753,-2.67267],[-70.16224,-2.68335],[-70.16036,-2.69088],[-70.14247,-2.69851],[-70.13554,-2.70376],[-70.12204,-2.70188],[-70.1145,-2.69716],[-70.10728,-2.67706],[-70.10696,-2.66639],[-70.0988,-2.65571],[-70.08623,-2.65351],[-70.0809,-2.65508],[-70.07336,-2.66481],[-70.0677,-2.67549],[-70.06645,-2.68868],[-70.06739,-2.7025],[-70.07022,-2.71475],[-70.06928,-2.72857],[-70.06551,-2.75181],[-70.05883,-2.75727],[-70.06281,-2.76335],[-70.07407,-2.79037],[-70.08031,-2.79492],[-70.33568,-3.19751],[-70.50274,-3.46281],[-70.71319,-3.79652],[-70.70642,-3.79322],[-70.70046,-3.79217],[-70.68512,-3.79399],[-70.67089,-3.80648],[-70.65252,-3.83004],[-70.64331,-3.8323],[-70.6272,-3.83263],[-70.62142,-3.84001],[-70.61882,-3.84048],[-70.61645,-3.84348],[-70.61081,-3.83571],[-70.59722,-3.8217],[-70.58871,-3.81794],[-70.57749,-3.81657],[-70.56967,-3.82032],[-70.56048,-3.82715],[-70.55538,-3.83432],[-70.55027,-3.84798],[-70.54039,-3.8671],[-70.52372,-3.88007],[-70.51487,-3.88075],[-70.47815,-3.87287],[-70.45333,-3.86294],[-70.43419,-3.848],[-70.41482,-3.8282],[-70.4078,-3.82629],[-70.38507,-3.8259],[-70.37854,-3.82336],[-70.37186,-3.81898],[-70.35984,-3.80582],[-70.35475,-3.80206],[-70.34761,-3.80035],[-70.33774,-3.80239],[-70.32448,-3.8075],[-70.3095,-3.81125],[-70.284,-3.82376],[-70.26855,-3.84334],[-70.25928,-3.87515],[-70.24761,-3.89673],[-70.21649,-3.91543],[-70.18719,-3.92379],[-70.18032,-3.93064],[-70.17297,-3.95955],[-70.16097,-3.98745],[-70.14032,-4.01735],[-70.12632,-4.03521],[-70.11342,-4.04738],[-70.06187,-4.0827],[-70.05173,-4.106],[-70.04059,-4.12482],[-70.0244,-4.14384],[-70.00855,-4.1554],[-69.9617,-4.20404],[-69.95254,-4.21687],[-69.94793,-4.23169],[-69.94534,-4.22666],[-69.93574,-4.21948],[-69.93329,-4.21969],[-69.83614,-3.68615],[-69.71383,-3.0028],[-69.59853,-2.35828],[-69.535,-2.00295],[-69.45089,-1.53247],[-69.45419,-1.51521],[-69.45659,-1.49119],[-69.45287,-1.48365],[-69.44106,-1.47089],[-69.43562,-1.46281],[-69.43263,-1.4542],[-69.43599,-1.40092],[-69.42116,-1.37735],[-69.40242,-1.36917],[-69.3973,-1.36508],[-69.39679,-1.35673],[-69.40719,-1.3322],[-69.4093,-1.31949],[-69.40699,-1.2898],[-69.41031,-1.27628],[-69.42165,-1.25744],[-69.42758,-1.24329],[-69.43056,-1.22756],[-69.42723,-1.21021],[-69.41593,-1.18642],[-69.41274,-1.15472],[-69.40682,-1.14623],[-69.40017,-1.14426],[-69.39592,-1.13812],[-69.39523,-1.12555],[-69.39719,-1.11435],[-69.42475,-1.07732],[-69.43287,-1.0714],[-69.44121,-1.06969],[-69.44793,-1.06995],[-69.45859,-1.0746],[-69.46443,-1.08007],[-69.46893,-1.08863],[-69.47028,-1.10205],[-69.46051,-1.1244],[-69.45943,-1.13347],[-69.46032,-1.13646],[-69.46418,-1.14333],[-69.46725,-1.14553],[-69.47072,-1.14632],[-69.48319,-1.14442],[-69.48656,-1.14601],[-69.48933,-1.1497],[-69.48815,-1.15528],[-69.47637,-1.15818],[-69.47172,-1.16137],[-69.46667,-1.16964],[-69.46478,-1.17694],[-69.46491,-1.19016],[-69.46738,-1.19815],[-69.47174,-1.20591],[-69.47837,-1.2115],[-69.48976,-1.21658],[-69.50835,-1.21736],[-69.53395,-1.1941],[-69.54634,-1.19049],[-69.55065,-1.19196],[-69.55185,-1.19576],[-69.55702,-1.19249],[-69.56115,-1.19452],[-69.56351,-1.19375],[-69.56959,-1.1848],[-69.57196,-1.17538],[-69.57647,-1.16573],[-69.57754,-1.1581],[-69.58144,-1.15092],[-69.58598,-1.14766],[-69.59392,-1.14634],[-69.60315,-1.15186],[-69.60945,-1.1583],[-69.61645,-1.16269],[-69.62293,-1.16465],[-69.63077,-1.16464],[-69.63576,-1.16822],[-69.63775,-1.17469],[-69.63458,-1.19794],[-69.6403,-1.21793],[-69.64333,-1.22247],[-69.64824,-1.22587],[-69.65373,-1.22767],[-69.66149,-1.2272],[-69.67543,-1.21428],[-69.68062,-1.19927],[-69.68128,-1.18165],[-69.67806,-1.13661],[-69.68097,-1.12167],[-69.67997,-1.11776],[-69.67321,-1.11463],[-69.66067,-1.11708],[-69.65801,-1.12735],[-69.65501,-1.13215],[-69.65202,-1.13315],[-69.64953,-1.13073],[-69.64889,-1.11833],[-69.65862,-1.10332],[-69.67224,-1.09223],[-69.67938,-1.08375],[-69.70014,-1.05178],[-69.71247,-1.0433],[-69.72163,-1.03894],[-69.729,-1.03739],[-69.73352,-1.04124],[-69.73769,-1.04177],[-69.74169,-1.03809],[-69.7469,-1.02865],[-69.74968,-1.0269],[-69.75212,-1.02778],[-69.75611,-1.03233],[-69.77071,-1.03583],[-69.77453,-1.03951],[-69.76966,-1.04458],[-69.76461,-1.06312],[-69.75922,-1.07029],[-69.75523,-1.07483],[-69.75192,-1.07641],[-69.74184,-1.07588],[-69.73906,-1.07693],[-69.73628,-1.0785],[-69.73367,-1.08409],[-69.73732,-1.09162],[-69.74184,-1.09477],[-69.75209,-1.09792],[-69.75852,-1.0974],[-69.77607,-1.09268],[-69.78494,-1.08517],[-69.81768,-1.03123],[-69.82394,-1.02801],[-69.83451,-1.02775],[-69.84488,-1.03036],[-69.85266,-1.03885],[-69.86044,-1.04865],[-69.86562,-1.06497],[-69.8708,-1.07411],[-69.87858,-1.07933],[-69.89155,-1.0813],[-69.91065,-1.08065],[-69.91742,-1.08319],[-69.93097,-1.09271],[-69.93948,-1.09589],[-69.95082,-1.09684],[-69.9576,-1.09494],[-69.96658,-1.08829],[-69.97084,-1.07972],[-69.97179,-1.07449],[-69.97053,-1.06545],[-69.96722,-1.05958],[-69.95872,-1.04863],[-69.9436,-1.03844],[-69.9415,-1.03105],[-69.94269,-1.0227],[-69.95448,-1.00581],[-69.95558,-0.99994],[-69.95448,-0.99518],[-69.95102,-0.99153],[-69.93432,-0.98217],[-69.91886,-0.97143],[-69.91604,-0.97217],[-69.90962,-0.97895],[-69.90517,-0.97851],[-69.90312,-0.9766],[-69.90234,-0.97311],[-69.90344,-0.96899],[-69.91305,-0.9598],[-69.93118,-0.94949],[-69.93953,-0.94632],[-69.94615,-0.94807],[-69.95581,-0.96449],[-69.96357,-0.96905],[-69.99016,-0.97624],[-70.00053,-0.97429],[-70.00519,-0.97053],[-70.00772,-0.96261],[-70.00598,-0.95734],[-70.00038,-0.94985],[-70.00046,-0.94497],[-70.00299,-0.94066],[-70.00783,-0.93712],[-70.01683,-0.93564],[-70.02097,-0.93621],[-70.02546,-0.94123],[-70.02574,-0.95177],[-70.02296,-0.96651],[-70.02373,-0.97089],[-70.02854,-0.97634],[-70.03416,-0.97846],[-70.04393,-0.97861],[-70.05053,-0.97479],[-70.05566,-0.96451],[-70.06733,-0.95146],[-70.07317,-0.94624],[-70.0829,-0.94559],[-70.09857,-0.95091],[-70.12634,-0.97628],[-70.13745,-0.99035],[-70.1392,-0.99503],[-70.13934,-1.00531],[-70.13409,-1.01643],[-70.1287,-1.01985],[-70.1219,-1.02056],[-70.11241,-1.01329],[-70.10362,-1.00929],[-70.08888,-1.01128],[-70.08421,-1.01328],[-70.08024,-1.02012],[-70.07797,-1.02939],[-70.07839,-1.03581],[-70.08222,-1.04416],[-70.11399,-1.07746],[-70.12111,-1.10161],[-70.12655,-1.10764],[-70.13149,-1.11075],[-70.15094,-1.11598],[-70.16795,-1.11288],[-70.17254,-1.10909],[-70.17723,-1.10146],[-70.17826,-1.09099],[-70.1762,-1.07908],[-70.17791,-1.07377],[-70.18237,-1.07205],[-70.20603,-1.06931],[-70.21323,-1.06657],[-70.2218,-1.05919],[-70.2278,-1.04685],[-70.22848,-1.04188],[-70.22505,-1.03194],[-70.22008,-1.02611],[-70.20191,-1.01068],[-70.19939,-1.0064],[-70.19509,-0.9931],[-70.19509,-0.98773],[-70.19683,-0.98504],[-70.19925,-0.98302],[-70.20825,-0.98101],[-70.2186,-0.98316],[-70.22397,-0.98826],[-70.22652,-0.99283],[-70.23002,-1.01003],[-70.23337,-1.01486],[-70.24117,-1.0193],[-70.25339,-1.01889],[-70.26011,-1.01701],[-70.27918,-1.00412],[-70.30135,-0.97886],[-70.30726,-0.96583],[-70.30726,-0.95952],[-70.30511,-0.95199],[-70.29517,-0.9352],[-70.29033,-0.93211],[-70.28523,-0.93211],[-70.26951,-0.93883],[-70.26158,-0.93695],[-70.25809,-0.93399],[-70.25406,-0.92566],[-70.25312,-0.91572],[-70.25111,-0.91035],[-70.24842,-0.90686],[-70.24278,-0.90336],[-70.22531,-0.89504],[-70.22128,-0.88899],[-70.22128,-0.88321],[-70.22424,-0.87784],[-70.23122,-0.8726],[-70.23714,-0.86575],[-70.25755,-0.83176],[-70.26293,-0.82693],[-70.27515,-0.82088],[-70.28872,-0.8096],[-70.29624,-0.79334],[-70.29691,-0.7873],[-70.29396,-0.76191],[-70.28953,-0.75076],[-70.28335,-0.74552],[-70.2777,-0.74364],[-70.26427,-0.74592],[-70.25433,-0.74485],[-70.25111,-0.74216],[-70.24882,-0.73692],[-70.24909,-0.73249],[-70.25178,-0.72725],[-70.25997,-0.71865],[-70.26293,-0.71046],[-70.26279,-0.7024],[-70.26024,-0.693],[-70.25352,-0.67634],[-70.25352,-0.66814],[-70.26051,-0.65122],[-70.25688,-0.64638],[-70.2554,-0.62704],[-70.26051,-0.61468],[-70.25876,-0.60151],[-70.26405,-0.5821],[-70.26881,-0.57329],[-70.27524,-0.56741],[-70.28125,-0.55722],[-70.29426,-0.55489],[-70.30062,-0.55745],[-70.30364,-0.56305],[-70.30103,-0.57751],[-70.30289,-0.58409],[-70.30866,-0.58802],[-70.31249,-0.5883],[-70.32296,-0.58236],[-70.32597,-0.57844],[-70.32747,-0.57264],[-70.32662,-0.56373],[-70.32461,-0.55644],[-70.3192,-0.54663],[-70.30754,-0.53251],[-70.29368,-0.51173],[-70.28347,-0.50421],[-70.26464,-0.49639],[-70.25536,-0.48707],[-70.24498,-0.46869],[-70.24192,-0.46668],[-70.23513,-0.46614],[-70.20864,-0.47659],[-70.20265,-0.47203],[-70.19999,-0.46426],[-70.20092,-0.45887],[-70.21157,-0.44014],[-70.21716,-0.43639],[-70.22342,-0.43452],[-70.22861,-0.43626],[-70.24059,-0.44403],[-70.24445,-0.4447],[-70.24924,-0.4435],[-70.25137,-0.44176],[-70.25598,-0.43196],[-70.26934,-0.41697],[-70.27826,-0.41255],[-70.28891,-0.41228],[-70.29836,-0.41711],[-70.302,-0.43039],[-70.30742,-0.43966],[-70.31942,-0.44205],[-70.33143,-0.43657],[-70.33744,-0.4394],[-70.34865,-0.44851],[-70.35929,-0.44973],[-70.36556,-0.45371],[-70.36702,-0.45695],[-70.36624,-0.46229],[-70.36335,-0.46616],[-70.35209,-0.47177],[-70.34357,-0.47302],[-70.33811,-0.47182],[-70.3278,-0.46627],[-70.3243,-0.46701],[-70.32191,-0.46976],[-70.32021,-0.47817],[-70.32276,-0.48899],[-70.33453,-0.49843],[-70.34323,-0.49929],[-70.36744,-0.49603],[-70.37546,-0.49775],[-70.37887,-0.49689],[-70.38125,-0.49277],[-70.38671,-0.47011],[-70.39285,-0.46376],[-70.39831,-0.46238],[-70.40718,-0.46324],[-70.41315,-0.46548],[-70.43907,-0.47818],[-70.45148,-0.49369],[-70.4572,-0.49484],[-70.46294,-0.49055],[-70.46516,-0.48042],[-70.46039,-0.47063],[-70.45271,-0.46514],[-70.44981,-0.46102],[-70.44913,-0.45295],[-70.45391,-0.43698],[-70.4722,-0.41135],[-70.4793,-0.39829],[-70.49554,-0.38754],[-70.50918,-0.37421],[-70.51394,-0.3678],[-70.51752,-0.35853],[-70.51974,-0.35664],[-70.52554,-0.35561],[-70.5298,-0.35921],[-70.53082,-0.36248],[-70.52975,-0.37172],[-70.53105,-0.37422],[-70.53491,-0.37359],[-70.53976,-0.36752],[-70.5481,-0.36199],[-70.55354,-0.3619],[-70.56026,-0.36437],[-70.56401,-0.369],[-70.56776,-0.38617],[-70.56947,-0.38892],[-70.57168,-0.39064],[-70.58072,-0.39149],[-70.5884,-0.38686],[-70.59027,-0.3836],[-70.59982,-0.36591],[-70.6058,-0.34693],[-70.6099,-0.33988],[-70.61614,-0.33791],[-70.62698,-0.322],[-70.63432,-0.31891],[-70.63739,-0.31908],[-70.65771,-0.3349],[-70.6613,-0.3392],[-70.66386,-0.34693],[-70.67052,-0.35089],[-70.67615,-0.3514],[-70.67974,-0.3502],[-70.68503,-0.3447],[-70.68981,-0.33146],[-70.69305,-0.32757],[-70.71034,-0.31356],[-70.72006,-0.30222],[-70.72551,-0.29793],[-70.72927,-0.28986],[-70.73558,-0.28712],[-70.74144,-0.28659],[-70.74383,-0.28723],[-70.74619,-0.29031],[-70.76527,-0.29378],[-70.77464,-0.30226],[-70.7806,-0.31167],[-70.77889,-0.31665],[-70.76116,-0.31716],[-70.75826,-0.32231],[-70.75894,-0.32849],[-70.76832,-0.33419],[-70.79674,-0.34402],[-70.80518,-0.34552],[-70.80805,-0.35013],[-70.80822,-0.35871],[-70.81112,-0.36421],[-70.82187,-0.36575],[-70.82647,-0.36438],[-70.82954,-0.36112],[-70.83278,-0.34496],[-70.83892,-0.34086],[-70.84249,-0.33537],[-70.8423,-0.32833],[-70.8653,-0.31005],[-70.86748,-0.29112],[-70.87816,-0.28283],[-70.87857,-0.27655],[-70.87279,-0.26275],[-70.87325,-0.24697],[-70.8742,-0.24175],[-70.88573,-0.2239],[-70.88304,-0.21584],[-70.88364,-0.21333],[-70.88858,-0.20827],[-70.90988,-0.20407],[-70.9149,-0.20191],[-70.91719,-0.19784],[-70.91605,-0.18765],[-70.91777,-0.18311],[-70.93321,-0.17496],[-70.94297,-0.16376],[-70.947,-0.15375],[-70.94537,-0.1435],[-70.94262,-0.13955],[-70.93294,-0.13008],[-70.92546,-0.12591],[-70.91402,-0.12323],[-70.90535,-0.13269],[-70.90036,-0.13256],[-70.89175,-0.11613],[-70.89226,-0.11151],[-70.89671,-0.10318],[-70.90075,-0.10092],[-70.91837,-0.09885],[-70.92716,-0.08679],[-70.92348,-0.08303],[-70.92317,-0.08077],[-70.93059,-0.0763],[-70.92593,-0.07064],[-70.9288,-0.0667],[-70.9284,-0.06099],[-70.92479,-0.05675],[-70.92745,-0.05046],[-70.93383,-0.05205],[-70.94416,-0.04134],[-70.9598,-0.04],[-70.97297,-0.02607],[-70.96905,-0.01499],[-70.96943,-0.00839],[-70.98199,-0.0035],[-70.99458,-0.00185],[-71.00065,-0.00358],[-71.01626,-0.01275],[-71.01797,-0.0183],[-71.01802,-0.02533],[-71.0115,-0.03852],[-71.01274,-0.04272],[-71.01955,-0.04789],[-71.02695,-0.04854],[-71.03571,-0.04447],[-71.05111,-0.03368],[-71.05312,-0.02523],[-71.0498,-0.02248],[-71.04094,-0.01954],[-71.03505,-0.01059],[-71.03542,-0.00655],[-71.03778,-0.00508],[-71.04482,-0.00358],[-71.06126,-0.00955],[-71.06498,-0.00962],[-71.06838,-0.00792],[-71.07328,3e-05],[-71.07948,0.00217],[-71.08329,0.00088],[-71.08979,-0.00729],[-71.09631,-0.00694],[-71.09929,-0.00082],[-71.09728,0.00788],[-71.09956,0.02258],[-71.10391,0.02688],[-71.10947,0.02644],[-71.11308,0.02377],[-71.11553,0.01148],[-71.1254,0.0034],[-71.13202,0.00368],[-71.1373,0.01026],[-71.14182,0.0276],[-71.14933,0.03979],[-71.14875,0.04579],[-71.14442,0.05358],[-71.14522,0.06274],[-71.147,0.06602],[-71.15142,0.06947],[-71.15704,0.07188],[-71.16804,0.08826],[-71.17761,0.09547],[-71.18662,0.09817],[-71.19055,0.09643],[-71.19147,0.0925],[-71.18619,0.08611],[-71.18656,0.08154],[-71.19729,0.07906],[-71.20121,0.07352],[-71.2111,0.07091],[-71.21953,0.06297],[-71.22475,0.05501],[-71.22672,0.05496],[-71.22979,0.0636],[-71.23642,0.06708],[-71.24793,0.05869],[-71.2527,0.05914],[-71.25776,0.06659],[-71.26341,0.07063],[-71.28077,0.06622],[-71.29541,0.07059],[-71.29681,0.07357],[-71.28905,0.08736],[-71.28905,0.09479],[-71.29121,0.09843],[-71.30775,0.1026],[-71.3227,0.11176],[-71.33295,0.08922],[-71.34165,0.07657],[-71.36115,0.06387],[-71.36932,0.04797],[-71.39768,0.03078],[-71.42156,0.02271],[-71.43784,0.02069],[-71.46473,0.02032],[-71.48229,0.0178],[-71.50426,0.00854],[-71.54101,-0.00072],[-71.56886,-0.00324],[-71.58273,-0.00306],[-71.59676,-0.0064],[-71.61813,-0.01622],[-71.62906,-0.03608],[-71.64121,-0.04698],[-71.66469,-0.05976],[-71.68767,-0.069],[-71.69888,-0.07923],[-71.70534,-0.08952],[-71.72034,-0.10118],[-71.72149,-0.10478],[-71.72082,-0.11612],[-71.73181,-0.14067],[-71.73128,-0.16318],[-71.72499,-0.17602],[-71.72237,-0.18903],[-71.71713,-0.20223],[-71.71626,-0.21805],[-71.71731,-0.22509],[-71.74998,-0.25147],[-71.76623,-0.25358],[-71.77881,-0.26325],[-71.81025,-0.26466],[-71.8286,-0.27204],[-71.84624,-0.27187],[-71.85812,-0.26923],[-71.87175,-0.26852],[-71.92171,-0.26729],[-71.95526,-0.27063],[-72.00347,-0.26799],[-72.02863,-0.26464],[-72.03352,-0.26482],[-72.03841,-0.26746],[-72.0475,-0.27854],[-72.05955,-0.30755],[-72.06672,-0.32057],[-72.07074,-0.32444],[-72.08174,-0.332],[-72.08768,-0.33305],[-72.10829,-0.33217],[-72.11528,-0.33463],[-72.13136,-0.34272],[-72.15319,-0.36312],[-72.15791,-0.37384],[-72.15809,-0.39213],[-72.1656,-0.41869],[-72.17574,-0.43522],[-72.19164,-0.45562],[-72.19391,-0.47039],[-72.21191,-0.48498],[-72.23304,-0.49113],[-72.23549,-0.49887],[-72.23497,-0.51927],[-72.2362,-0.52578],[-72.24021,-0.5307],[-72.24301,-0.53808],[-72.24266,-0.55673],[-72.22974,-0.58416],[-72.23028,-0.59028],[-72.23497,-0.59505],[-72.24191,-0.61097],[-72.24914,-0.61603],[-72.25362,-0.61593],[-72.26285,-0.62417],[-72.27262,-0.62548],[-72.32987,-0.64444],[-72.34904,-0.64009],[-72.3582,-0.63537],[-72.37218,-0.62357],[-72.39587,-0.614],[-72.40555,-0.60387],[-72.40945,-0.59681],[-72.40374,-0.58322],[-72.40805,-0.56826],[-72.41161,-0.56461],[-72.41597,-0.56275],[-72.42172,-0.56264],[-72.43358,-0.56525],[-72.4459,-0.5808],[-72.46742,-0.60145],[-72.47822,-0.61722],[-72.49508,-0.63145],[-72.5148,-0.66016],[-72.52677,-0.66572],[-72.5345,-0.67279],[-72.54228,-0.68704],[-72.55638,-0.70656],[-72.56276,-0.70643],[-72.60312,-0.68666],[-72.62237,-0.6695],[-72.67438,-0.63558],[-72.67607,-0.63377],[-72.67658,-0.61748],[-72.69368,-0.61151],[-72.70149,-0.60526],[-72.7143,-0.59034],[-72.72219,-0.5888],[-72.72717,-0.58468],[-72.7334,-0.58558],[-72.74146,-0.58077],[-72.74387,-0.57716],[-72.74554,-0.56034],[-72.74876,-0.55686],[-72.75325,-0.55603],[-72.75915,-0.5591],[-72.7687,-0.56855],[-72.7757,-0.57966],[-72.78846,-0.57625],[-72.79458,-0.57712],[-72.79989,-0.57999],[-72.80634,-0.58608],[-72.8107,-0.59774],[-72.81553,-0.60095],[-72.8247,-0.59814],[-72.83033,-0.59802],[-72.85219,-0.61167],[-72.86221,-0.61615],[-72.87517,-0.61853],[-72.9069,-0.61763],[-72.92057,-0.61617],[-72.93188,-0.61046],[-72.93614,-0.60672],[-72.94288,-0.59645],[-72.94884,-0.57641],[-72.95552,-0.56535],[-72.97214,-0.54893],[-72.98655,-0.53867],[-72.99788,-0.53265],[-73.01416,-0.52811],[-73.02486,-0.52879],[-73.04421,-0.5361],[-73.05534,-0.55296],[-73.06014,-0.57588],[-73.06946,-0.59326],[-73.07132,-0.60273],[-73.0717,-0.61815],[-73.0753,-0.62364],[-73.08354,-0.62359],[-73.08899,-0.62127],[-73.09834,-0.61176],[-73.11011,-0.6055],[-73.12318,-0.60563],[-73.14333,-0.61049],[-73.16335,-0.62219],[-73.20243,-0.62712],[-73.20841,-0.62552],[-73.21176,-0.62151],[-73.21865,-0.60756],[-73.24008,-0.58645],[-73.25259,-0.58298],[-73.25636,-0.57751],[-73.26031,-0.56135],[-73.26778,-0.55365],[-73.27652,-0.54714],[-73.29863,-0.54114],[-73.31427,-0.53159],[-73.32264,-0.52355],[-73.32974,-0.50664],[-73.33626,-0.50559],[-73.35209,-0.51171],[-73.36147,-0.51876],[-73.37484,-0.53287],[-73.38046,-0.53511],[-73.38933,-0.5339],[-73.39646,-0.53095],[-73.40285,-0.52253],[-73.41115,-0.51739],[-73.41917,-0.51393],[-73.42835,-0.51203],[-73.4371,-0.51162],[-73.4474,-0.51385],[-73.48751,-0.52902],[-73.5054,-0.52669],[-73.51446,-0.52344],[-73.52212,-0.51605],[-73.52668,-0.50706],[-73.53,-0.49024],[-73.53401,-0.48827],[-73.53724,-0.49001],[-73.5398,-0.49532],[-73.5439,-0.51037],[-73.55319,-0.51696],[-73.56185,-0.51928],[-73.56755,-0.51819],[-73.57197,-0.51413],[-73.56853,-0.50448],[-73.5684,-0.49566],[-73.57746,-0.48327],[-73.57872,-0.45715],[-73.58259,-0.44753],[-73.59172,-0.44145],[-73.60356,-0.43887],[-73.61654,-0.44199],[-73.62426,-0.44734],[-73.63247,-0.45087],[-73.63934,-0.45186],[-73.64777,-0.45818],[-73.65144,-0.45786],[-73.6532,-0.45512],[-73.65311,-0.45137],[-73.63647,-0.43504],[-73.63515,-0.42936],[-73.63737,-0.42179],[-73.6403,-0.41766],[-73.6462,-0.4147],[-73.66292,-0.42194],[-73.66826,-0.42335],[-73.6748,-0.42256],[-73.69082,-0.41415],[-73.70836,-0.38552],[-73.71662,-0.3807],[-73.73137,-0.38085],[-73.73892,-0.38566],[-73.75309,-0.40378],[-73.76289,-0.40866],[-73.79007,-0.409],[-73.81281,-0.41167],[-73.82415,-0.409],[-73.8413,-0.39798],[-74.38102,-0.55139],[-74.38759,-0.55933]]]}},{"type":"Feature","properties":{"shapeName":"Meta","shapeISO":"CO-MET","shapeID":"13589884B75246552958907","shapeGroup":"COL","shapeType":"ADM1"},"geometry":{"type":"Polygon","coordinates":[[[-74.93393,2.90668],[-74.89142,2.9074],[-74.8696,2.91195],[-74.85831,2.91196],[-74.84514,2.9097],[-74.83498,2.91009],[-74.82896,2.91236],[-74.82821,2.91614],[-74.81391,2.92637],[-74.80489,2.93092],[-74.79473,2.93319],[-74.7872,2.93131],[-74.78569,2.92866],[-74.78492,2.89536],[-74.78266,2.89045],[-74.77663,2.8844],[-74.76572,2.87684],[-74.75706,2.87533],[-74.71605,2.88822],[-74.70213,2.89428],[-74.68896,2.89428],[-74.67692,2.89013],[-74.67014,2.88105],[-74.66787,2.8697],[-74.6626,2.85495],[-74.66221,2.84057],[-74.66447,2.83035],[-74.66559,2.81106],[-74.64337,2.77361],[-74.63771,2.75432],[-74.6204,2.75243],[-74.61739,2.74827],[-74.61889,2.73654],[-74.62416,2.72481],[-74.63431,2.71383],[-74.63844,2.70437],[-74.63618,2.6987],[-74.62715,2.69265],[-74.61436,2.68849],[-74.60344,2.68244],[-74.59064,2.66618],[-74.59026,2.65975],[-74.59289,2.65142],[-74.60606,2.63628],[-74.63878,2.60903],[-74.65231,2.58821],[-74.66435,2.57837],[-74.67713,2.56398],[-74.68577,2.54582],[-74.68803,2.5322],[-74.68685,2.52689],[-74.65114,2.5027],[-74.65077,2.49551],[-74.65528,2.49059],[-74.6643,2.4747],[-74.6673,2.46372],[-74.66767,2.43724],[-74.67105,2.42815],[-74.67744,2.42285],[-74.68873,2.41869],[-74.697,2.41301],[-74.70188,2.40393],[-74.70977,2.38084],[-74.72669,2.35548],[-74.73345,2.33127],[-74.73344,2.3131],[-74.72892,2.30667],[-74.72854,2.30062],[-74.73267,2.273],[-74.72815,2.26392],[-74.72138,2.26165],[-74.71311,2.26771],[-74.71048,2.27566],[-74.70634,2.28171],[-74.69807,2.28626],[-74.68227,2.28778],[-74.67663,2.28475],[-74.67701,2.28059],[-74.68641,2.27188],[-74.68678,2.26924],[-74.68038,2.256],[-74.6736,2.23481],[-74.66419,2.21968],[-74.65742,2.21211],[-74.6499,2.20682],[-74.63635,2.20266],[-74.62733,2.20229],[-74.59799,2.2057],[-74.59385,2.20192],[-74.59009,2.19549],[-74.58783,2.18301],[-74.59234,2.17052],[-74.59873,2.16144],[-74.5991,2.14933],[-74.5991,2.14138],[-74.59194,2.11414],[-74.59607,2.09674],[-74.60359,2.08841],[-74.60848,2.07743],[-74.60947,2.0708],[-74.60425,2.04592],[-74.60253,2.02863],[-74.5881,2.00924],[-74.57199,1.96839],[-74.56816,1.95334],[-74.56591,1.93832],[-74.56692,1.92923],[-74.57042,1.925],[-74.57011,1.92031],[-74.56162,1.90841],[-74.55991,1.89643],[-74.56465,1.88593],[-74.56613,1.8763],[-74.56698,1.8561],[-74.56464,1.84921],[-74.55841,1.84569],[-74.54075,1.84248],[-74.53245,1.83962],[-74.52745,1.83571],[-74.51586,1.83317],[-74.50433,1.82731],[-74.50338,1.82114],[-74.50007,1.81769],[-74.47757,1.80718],[-74.46992,1.80624],[-74.45658,1.80775],[-74.45002,1.81212],[-74.42552,1.81141],[-74.41518,1.81244],[-74.40796,1.80961],[-74.39922,1.8029],[-74.38963,1.79268],[-74.38343,1.79051],[-74.37281,1.78896],[-74.34408,1.79082],[-74.31676,1.78637],[-74.30097,1.78],[-74.28849,1.77229],[-74.27495,1.7563],[-74.27047,1.75353],[-74.25697,1.7583],[-74.23381,1.76312],[-74.22604,1.76652],[-74.21536,1.76666],[-74.21002,1.76152],[-74.20557,1.74985],[-74.20765,1.7266],[-74.20725,1.71612],[-74.20591,1.7147],[-74.20163,1.71318],[-74.19746,1.71364],[-74.18053,1.72038],[-74.1743,1.72089],[-74.16574,1.71695],[-74.15335,1.71547],[-74.13321,1.69711],[-74.12996,1.69623],[-74.12715,1.698],[-74.11696,1.6957],[-74.1123,1.69614],[-74.10791,1.6919],[-74.10457,1.68376],[-74.09763,1.67651],[-74.0964,1.66944],[-74.10044,1.66263],[-74.10017,1.66086],[-74.09692,1.65069],[-74.09332,1.64831],[-74.09051,1.64247],[-74.08101,1.64338],[-74.07549,1.64535],[-74.061,1.65735],[-74.03888,1.66153],[-74.02809,1.66244],[-74.02292,1.66153],[-74.01909,1.66328],[-74.0145,1.65891],[-73.99957,1.65789],[-73.99683,1.65538],[-73.99593,1.65143],[-73.99955,1.64429],[-73.99924,1.63809],[-73.9966,1.63278],[-73.9923,1.62852],[-73.98588,1.60657],[-73.98143,1.60178],[-73.97403,1.60231],[-73.96814,1.61242],[-73.95705,1.62541],[-73.95369,1.62713],[-73.95392,1.63233],[-73.94918,1.63665],[-73.9501,1.64077],[-73.94407,1.64541],[-73.93712,1.64683],[-73.93335,1.6433],[-73.9298,1.64541],[-73.92464,1.64261],[-73.89494,1.64365],[-73.88547,1.64682],[-73.88044,1.65073],[-73.87522,1.64945],[-73.86729,1.65077],[-73.86623,1.65335],[-73.86303,1.65411],[-73.85828,1.6583],[-73.85269,1.65431],[-73.84602,1.65209],[-73.84031,1.65091],[-73.83667,1.65176],[-73.82714,1.64828],[-73.8169,1.64997],[-73.81505,1.65207],[-73.80864,1.64759],[-73.80554,1.65251],[-73.80222,1.65122],[-73.80018,1.65403],[-73.79723,1.65236],[-73.79459,1.65357],[-73.79127,1.65008],[-73.78206,1.65524],[-73.77904,1.65517],[-73.76493,1.64969],[-73.76002,1.64567],[-73.74628,1.64285],[-73.74334,1.64012],[-73.73949,1.63981],[-73.73345,1.63343],[-73.72054,1.63898],[-73.71246,1.63806],[-73.7068,1.63343],[-73.69548,1.63229],[-73.68635,1.62134],[-73.66989,1.61557],[-73.65877,1.61452],[-73.65772,1.89523],[-73.65623,2.295],[-73.65085,2.29218],[-73.64507,2.28408],[-73.64137,2.28403],[-73.6347,2.287],[-73.62861,2.29643],[-73.62815,2.29905],[-73.63292,2.30943],[-73.63502,2.32417],[-73.63181,2.33021],[-73.61992,2.33243],[-73.61593,2.33572],[-73.61392,2.34191],[-73.61702,2.3468],[-73.62534,2.34909],[-73.62995,2.35195],[-73.63262,2.35654],[-73.63309,2.36171],[-73.61617,2.37803],[-73.59778,2.38121],[-73.58914,2.38978],[-73.58512,2.39002],[-73.58209,2.37746],[-73.58769,2.36771],[-73.58634,2.36247],[-73.58357,2.35747],[-73.57168,2.35513],[-73.56601,2.3579],[-73.5592,2.3681],[-73.55561,2.37107],[-73.53953,2.37731],[-73.5332,2.38676],[-73.52774,2.38761],[-73.52344,2.38368],[-73.52313,2.37193],[-73.52127,2.36538],[-73.51479,2.35628],[-73.51378,2.35063],[-73.51711,2.33536],[-73.51113,2.33327],[-73.50696,2.33471],[-73.50451,2.33822],[-73.50845,2.35294],[-73.5061,2.35658],[-73.50032,2.35897],[-73.48742,2.35689],[-73.47926,2.35902],[-73.47377,2.36215],[-73.4685,2.36181],[-73.46402,2.35677],[-73.46235,2.3522],[-73.46227,2.34306],[-73.46028,2.33942],[-73.452,2.33852],[-73.44686,2.34234],[-73.44496,2.34643],[-73.44585,2.35244],[-73.45011,2.36191],[-73.45564,2.38001],[-73.45545,2.3831],[-73.44182,2.38764],[-73.43878,2.38579],[-73.43255,2.37036],[-73.43072,2.35979],[-73.43256,2.35104],[-73.44037,2.34058],[-73.44067,2.3339],[-73.4375,2.32701],[-73.43093,2.32475],[-73.424,2.32796],[-73.42216,2.33389],[-73.4235,2.35055],[-73.41863,2.3553],[-73.41441,2.35636],[-73.39685,2.35492],[-73.38875,2.3506],[-73.38714,2.3471],[-73.38751,2.34245],[-73.39663,2.33269],[-73.39498,2.32791],[-73.38798,2.32483],[-73.38173,2.32432],[-73.37763,2.32614],[-73.37421,2.32955],[-73.37364,2.33259],[-73.37358,2.36361],[-73.3616,2.36836],[-73.35662,2.36884],[-73.34933,2.36547],[-73.34659,2.36239],[-73.34479,2.35682],[-73.34504,2.34899],[-73.34693,2.34575],[-73.35563,2.33886],[-73.35961,2.33348],[-73.35774,2.32481],[-73.35537,2.32446],[-73.34074,2.32819],[-73.33564,2.33049],[-73.33229,2.33407],[-73.32896,2.34402],[-73.33003,2.34785],[-73.33524,2.35278],[-73.33613,2.35609],[-73.33158,2.36051],[-73.32374,2.3614],[-73.32002,2.36042],[-73.3153,2.35477],[-73.31088,2.34586],[-73.30105,2.33644],[-73.29504,2.33879],[-73.2755,2.35609],[-73.26885,2.35885],[-73.2615,2.35882],[-73.2536,2.35587],[-73.24592,2.34748],[-73.24322,2.34715],[-73.24009,2.34895],[-73.23808,2.35185],[-73.23728,2.35848],[-73.23799,2.36632],[-73.24004,2.36981],[-73.24687,2.37421],[-73.2592,2.37168],[-73.26321,2.37253],[-73.26595,2.37367],[-73.26798,2.37999],[-73.26692,2.38164],[-73.24949,2.38206],[-73.24045,2.38936],[-73.22655,2.38877],[-73.22392,2.39081],[-73.21667,2.40565],[-73.21286,2.40376],[-73.2105,2.4004],[-73.21673,2.39082],[-73.21743,2.38641],[-73.20001,2.3833],[-73.19371,2.38685],[-73.18594,2.38885],[-73.1803,2.39845],[-73.1703,2.40163],[-73.16774,2.40009],[-73.16489,2.39489],[-73.16744,2.37995],[-73.16691,2.37165],[-73.16608,2.36789],[-73.16208,2.36524],[-73.15781,2.36457],[-73.15416,2.36593],[-73.14822,2.37227],[-73.13943,2.37842],[-73.12681,2.3771],[-73.12401,2.37881],[-73.12446,2.38579],[-73.12737,2.39003],[-73.13845,2.39425],[-73.14074,2.39764],[-73.14022,2.40149],[-73.13746,2.40594],[-73.1242,2.41214],[-73.11941,2.41106],[-73.11696,2.40733],[-73.11363,2.39126],[-73.11421,2.3846],[-73.11235,2.38155],[-73.10926,2.381],[-73.10527,2.38606],[-73.09416,2.39427],[-73.08151,2.41124],[-73.07518,2.41355],[-73.07176,2.41673],[-73.06989,2.42622],[-73.06543,2.42847],[-73.05978,2.43026],[-73.0517,2.42925],[-73.04415,2.43791],[-73.04131,2.43776],[-73.03677,2.43084],[-73.03681,2.41994],[-73.03526,2.41388],[-73.03331,2.41177],[-73.03025,2.4128],[-73.02526,2.42014],[-73.01298,2.43218],[-72.99152,2.44453],[-72.98493,2.45257],[-72.9744,2.45218],[-72.9646,2.44914],[-72.96291,2.45115],[-72.96277,2.45423],[-72.97076,2.46139],[-72.97126,2.46612],[-72.96837,2.47572],[-72.96322,2.47984],[-72.95687,2.48036],[-72.95344,2.47898],[-72.93747,2.46509],[-72.9337,2.46458],[-72.93009,2.46784],[-72.9282,2.47555],[-72.93164,2.49442],[-72.93404,2.49939],[-72.93765,2.50214],[-72.94228,2.50214],[-72.94983,2.49459],[-72.95464,2.49528],[-72.95773,2.49836],[-72.95722,2.5114],[-72.95481,2.51706],[-72.94856,2.523],[-72.94232,2.52463],[-72.93256,2.52374],[-72.92235,2.53086],[-72.91852,2.54018],[-72.92023,2.54965],[-72.92293,2.55434],[-72.92271,2.55753],[-72.91894,2.56353],[-72.91322,2.56762],[-72.89816,2.56233],[-72.8937,2.56559],[-72.89061,2.57125],[-72.88782,2.57081],[-72.87898,2.57633],[-72.86829,2.57708],[-72.85817,2.58531],[-72.84805,2.59675],[-72.82725,2.60701],[-72.82118,2.61181],[-72.81069,2.61573],[-72.7998,2.6124],[-72.79242,2.60469],[-72.79205,2.59298],[-72.78515,2.586],[-72.7689,2.57896],[-72.75826,2.57193],[-72.74538,2.56893],[-72.73253,2.5735],[-72.72049,2.58274],[-72.70779,2.60829],[-72.69938,2.62149],[-72.68273,2.62269],[-72.67054,2.61566],[-72.66625,2.60983],[-72.66267,2.60243],[-72.66216,2.58708],[-72.66065,2.58141],[-72.65102,2.5717],[-72.64617,2.57365],[-72.64315,2.57801],[-72.64222,2.58308],[-72.64623,2.59768],[-72.64555,2.60295],[-72.64129,2.61156],[-72.63465,2.61464],[-72.62199,2.62482],[-72.61527,2.62578],[-72.6033,2.62074],[-72.59774,2.61481],[-72.59403,2.60617],[-72.59352,2.59674],[-72.59695,2.58885],[-72.59678,2.58422],[-72.59352,2.58216],[-72.58854,2.58285],[-72.58391,2.58473],[-72.57979,2.58851],[-72.57858,2.59296],[-72.58099,2.59708],[-72.58202,2.61303],[-72.5894,2.62675],[-72.58923,2.63309],[-72.58682,2.63635],[-72.58391,2.64561],[-72.58082,2.64904],[-72.56039,2.64681],[-72.55661,2.64887],[-72.55369,2.65538],[-72.55507,2.65916],[-72.55816,2.66173],[-72.56708,2.66379],[-72.56983,2.66567],[-72.57137,2.66927],[-72.57034,2.6751],[-72.56455,2.68107],[-72.54275,2.67987],[-72.53537,2.68296],[-72.53799,2.69997],[-72.53501,2.70258],[-72.52027,2.70045],[-72.50842,2.69068],[-72.49486,2.68742],[-72.48353,2.68622],[-72.47478,2.68708],[-72.47031,2.68896],[-72.46499,2.69685],[-72.46327,2.70319],[-72.46345,2.71383],[-72.46602,2.72154],[-72.47014,2.72634],[-72.47151,2.73063],[-72.46654,2.73389],[-72.44353,2.73354],[-72.43531,2.73986],[-72.42407,2.73474],[-72.4112,2.72548],[-72.40588,2.72548],[-72.3894,2.73577],[-72.38098,2.74486],[-72.3724,2.7548],[-72.36674,2.76663],[-72.35747,2.78086],[-72.34906,2.78618],[-72.33584,2.78995],[-72.32022,2.79921],[-72.31163,2.79972],[-72.30477,2.79527],[-72.30099,2.78172],[-72.29636,2.77486],[-72.29378,2.77332],[-72.28606,2.77315],[-72.27593,2.77692],[-72.27181,2.77915],[-72.26546,2.78961],[-72.26494,2.79801],[-72.26992,2.8059],[-72.27146,2.8107],[-72.27061,2.81498],[-72.26734,2.81944],[-72.25825,2.82407],[-72.24709,2.81944],[-72.24486,2.81207],[-72.23556,2.8006],[-72.23112,2.78978],[-72.21482,2.77401],[-72.21052,2.77161],[-72.20211,2.77006],[-72.19164,2.77246],[-72.18512,2.78241],[-72.18426,2.78858],[-72.18615,2.79698],[-72.19216,2.80058],[-72.20074,2.81155],[-72.2028,2.81704],[-72.20726,2.84002],[-72.20623,2.84653],[-72.20731,2.85448],[-72.20395,2.86318],[-72.20092,2.86812],[-72.19401,2.87313],[-72.18404,2.87533],[-72.17207,2.87391],[-72.15834,2.86514],[-72.14924,2.86299],[-72.14306,2.86625],[-72.14049,2.87036],[-72.13714,2.88632],[-72.13514,2.88854],[-72.12387,2.88723],[-72.11697,2.88202],[-72.11319,2.87722],[-72.10341,2.84653],[-72.09826,2.83744],[-72.0792,2.82218],[-72.06496,2.81721],[-72.04968,2.81567],[-72.02118,2.82904],[-72.00419,2.82853],[-71.99766,2.82561],[-71.99457,2.82201],[-71.98273,2.80092],[-71.97964,2.80298],[-71.96453,2.82493],[-71.95853,2.82853],[-71.9441,2.83238],[-71.93878,2.83264],[-71.92797,2.8287],[-71.91561,2.82699],[-71.88729,2.83264],[-71.87441,2.83779],[-71.85707,2.84104],[-71.85141,2.84156],[-71.82892,2.83659],[-71.82497,2.84019],[-71.81914,2.85545],[-71.82154,2.86762],[-71.82806,2.87156],[-71.8339,2.87173],[-71.84935,2.86813],[-71.85124,2.87036],[-71.84918,2.87242],[-71.8236,2.87842],[-71.80025,2.87551],[-71.79253,2.87173],[-71.78755,2.8671],[-71.78463,2.8599],[-71.78412,2.85305],[-71.78961,2.83041],[-71.78944,2.82441],[-71.78583,2.8179],[-71.78051,2.81721],[-71.77004,2.82904],[-71.75974,2.85425],[-71.75906,2.86968],[-71.76712,2.88922],[-71.76609,2.89419],[-71.76335,2.89659],[-71.75391,2.89488],[-71.7467,2.88854],[-71.74086,2.88236],[-71.72678,2.85973],[-71.71099,2.84567],[-71.70103,2.83899],[-71.69262,2.83933],[-71.68318,2.8503],[-71.68267,2.86539],[-71.68129,2.87002],[-71.67734,2.87276],[-71.67065,2.87379],[-71.66395,2.87242],[-71.65949,2.86985],[-71.65795,2.86453],[-71.65966,2.85613],[-71.66687,2.84156],[-71.67219,2.83693],[-71.67391,2.82887],[-71.67305,2.82424],[-71.67065,2.8227],[-71.65297,2.82064],[-71.64679,2.81841],[-71.63443,2.82116],[-71.62808,2.83127],[-71.62585,2.8383],[-71.62084,2.841],[-71.60711,2.8458],[-71.60024,2.84606],[-71.57982,2.8428],[-71.57492,2.8452],[-71.57243,2.8488],[-71.57261,2.85343],[-71.5749,2.8589],[-71.58397,2.86648],[-71.58588,2.86976],[-71.58215,2.873],[-71.57953,2.87333],[-71.55626,2.8659],[-71.54862,2.86815],[-71.53986,2.86573],[-71.53441,2.86946],[-71.53295,2.87469],[-71.53021,2.87795],[-71.52343,2.8788],[-71.50291,2.87538],[-71.49759,2.87383],[-71.49193,2.86938],[-71.486,2.85926],[-71.48068,2.85369],[-71.4739,2.85163],[-71.47031,2.85268],[-71.46463,2.85679],[-71.46313,2.86022],[-71.4636,2.87083],[-71.46815,2.88472],[-71.46772,2.89466],[-71.4642,2.89861],[-71.46163,2.89869],[-71.45802,2.89158],[-71.44541,2.87983],[-71.43227,2.87083],[-71.41639,2.86595],[-71.40498,2.85369],[-71.39966,2.84923],[-71.39356,2.84649],[-71.38747,2.84726],[-71.38309,2.85326],[-71.38077,2.86132],[-71.37889,2.86998],[-71.38355,2.88268],[-71.38214,2.88743],[-71.37682,2.89046],[-71.36807,2.89201],[-71.35937,2.89012],[-71.35777,2.88318],[-71.35709,2.86149],[-71.35434,2.85883],[-71.34945,2.85797],[-71.34515,2.86003],[-71.33898,2.86869],[-71.3331,2.88357],[-71.32756,2.89321],[-71.33168,2.90898],[-71.33134,2.91729],[-71.32979,2.92047],[-71.32576,2.92372],[-71.31863,2.92484],[-71.30739,2.92115],[-71.30301,2.91738],[-71.30009,2.90538],[-71.29915,2.87735],[-71.29451,2.87143],[-71.28782,2.86817],[-71.28018,2.8674],[-71.27469,2.86912],[-71.26722,2.8812],[-71.26053,2.88429],[-71.25366,2.88369],[-71.25091,2.87983],[-71.24885,2.86406],[-71.2449,2.86132],[-71.22422,2.86526],[-71.21958,2.86938],[-71.21203,2.88635],[-71.20868,2.88961],[-71.20293,2.89115],[-71.19744,2.88926],[-71.1922,2.88969],[-71.18808,2.89243],[-71.18491,2.90418],[-71.17607,2.90229],[-71.16491,2.88283],[-71.15804,2.87486],[-71.15332,2.87229],[-71.1468,2.87358],[-71.14242,2.87718],[-71.13942,2.88223],[-71.13908,2.88875],[-71.14105,2.89981],[-71.13616,2.90221],[-71.12938,2.89321],[-71.12654,2.89149],[-71.11762,2.87735],[-71.11109,2.87323],[-71.09882,2.87418],[-71.09573,2.8782],[-71.08097,2.88352],[-71.07741,2.88214],[-71.07761,3.35582],[-71.07757,3.57661],[-71.07747,4.1228],[-71.07764,4.58225],[-71.0775,4.92464],[-71.08081,4.92514],[-71.08258,4.92344],[-71.08185,4.91328],[-71.08649,4.91036],[-71.08982,4.91067],[-71.09156,4.90819],[-71.09503,4.90811],[-71.10291,4.90016],[-71.10431,4.8972],[-71.10466,4.88912],[-71.10656,4.88602],[-71.11181,4.8849],[-71.11866,4.8867],[-71.12765,4.88458],[-71.14056,4.86886],[-71.15615,4.85572],[-71.16719,4.84431],[-71.17846,4.83845],[-71.19581,4.82528],[-71.21382,4.81563],[-71.23818,4.81525],[-71.26282,4.80621],[-71.28107,4.80598],[-71.28989,4.80397],[-71.30379,4.79582],[-71.31226,4.78608],[-71.31917,4.77532],[-71.32632,4.77086],[-71.34639,4.76908],[-71.35154,4.7673],[-71.35625,4.75623],[-71.35914,4.75466],[-71.37743,4.75135],[-71.38468,4.75634],[-71.3901,4.75666],[-71.39637,4.7522],[-71.40486,4.74181],[-71.42494,4.72495],[-71.43253,4.72165],[-71.43651,4.7181],[-71.46357,4.71245],[-71.47421,4.70836],[-71.48494,4.70694],[-71.49328,4.70157],[-71.5077,4.69835],[-71.51366,4.69407],[-71.51707,4.68614],[-71.52419,4.68213],[-71.53253,4.68135],[-71.53684,4.68378],[-71.54138,4.6839],[-71.55492,4.67932],[-71.5647,4.67864],[-71.57627,4.67563],[-71.57949,4.67316],[-71.59295,4.65531],[-71.59703,4.64644],[-71.60293,4.64121],[-71.60661,4.63931],[-71.61552,4.64031],[-71.63542,4.62254],[-71.6452,4.61582],[-71.65317,4.61264],[-71.66812,4.60959],[-71.68258,4.60115],[-71.71893,4.58579],[-71.73256,4.5756],[-71.74473,4.57468],[-71.76672,4.58102],[-71.77581,4.57991],[-71.78973,4.58649],[-71.80113,4.58604],[-71.80835,4.58274],[-71.82015,4.57142],[-71.82787,4.56643],[-71.83182,4.55847],[-71.83483,4.54269],[-71.84453,4.53531],[-71.84825,4.52669],[-71.85126,4.5234],[-71.867,4.51505],[-71.88999,4.49808],[-71.89396,4.49384],[-71.89656,4.47878],[-71.90135,4.4744],[-71.90484,4.46746],[-71.91863,4.45259],[-71.93198,4.44737],[-71.93305,4.44265],[-71.93838,4.43581],[-71.95658,4.41986],[-71.95556,4.41446],[-71.95784,4.41099],[-71.96473,4.40757],[-71.97469,4.39325],[-71.98642,4.38674],[-72.00988,4.38484],[-72.02826,4.38598],[-72.03477,4.38446],[-72.05097,4.37645],[-72.05507,4.37627],[-72.06273,4.38052],[-72.06628,4.38451],[-72.07016,4.39551],[-72.06938,4.40265],[-72.07035,4.40652],[-72.07922,4.41509],[-72.08755,4.42008],[-72.10827,4.42596],[-72.11493,4.42956],[-72.12267,4.43053],[-72.14068,4.43959],[-72.15855,4.44168],[-72.16346,4.43893],[-72.17009,4.43835],[-72.18097,4.43363],[-72.19888,4.42864],[-72.2034,4.43181],[-72.20919,4.43348],[-72.21815,4.43302],[-72.23705,4.43521],[-72.24757,4.43257],[-72.2527,4.42223],[-72.25701,4.41776],[-72.27502,4.413],[-72.28852,4.41549],[-72.29779,4.40031],[-72.30576,4.39242],[-72.31003,4.38314],[-72.31652,4.37416],[-72.32291,4.36931],[-72.33003,4.36824],[-72.33426,4.37171],[-72.34131,4.3719],[-72.34509,4.36705],[-72.34588,4.359],[-72.35335,4.3441],[-72.36013,4.34028],[-72.3754,4.33883],[-72.3846,4.33554],[-72.38829,4.33341],[-72.39856,4.3225],[-72.40493,4.31905],[-72.41275,4.31967],[-72.41675,4.32167],[-72.41792,4.32468],[-72.41525,4.34379],[-72.41905,4.34895],[-72.42907,4.355],[-72.43349,4.3544],[-72.43538,4.3527],[-72.45233,4.3286],[-72.47064,4.31733],[-72.4741,4.31801],[-72.47742,4.32087],[-72.48642,4.33111],[-72.50801,4.33551],[-72.52225,4.34422],[-72.53006,4.34443],[-72.54061,4.34073],[-72.56132,4.34277],[-72.57272,4.33583],[-72.57407,4.33204],[-72.57257,4.32931],[-72.56426,4.32389],[-72.56161,4.32007],[-72.56169,4.31424],[-72.5648,4.3059],[-72.57037,4.30428],[-72.57689,4.30456],[-72.58437,4.31099],[-72.5933,4.31347],[-72.59822,4.30925],[-72.60771,4.30957],[-72.61851,4.30206],[-72.62908,4.30054],[-72.65019,4.30847],[-72.66461,4.31713],[-72.675,4.31715],[-72.68458,4.31384],[-72.68711,4.31126],[-72.68592,4.30371],[-72.68898,4.29237],[-72.69166,4.28757],[-72.69694,4.286],[-72.70172,4.28773],[-72.70875,4.29557],[-72.71842,4.2969],[-72.73326,4.30703],[-72.73836,4.30934],[-72.74172,4.30884],[-72.74268,4.31269],[-72.74089,4.31386],[-72.74036,4.3222],[-72.745,4.32762],[-72.75067,4.32993],[-72.76429,4.3308],[-72.76856,4.33403],[-72.76841,4.338],[-72.76612,4.34156],[-72.76275,4.34359],[-72.76232,4.34612],[-72.76645,4.35],[-72.7706,4.3497],[-72.77181,4.34762],[-72.77398,4.34744],[-72.77799,4.35118],[-72.77693,4.35526],[-72.77012,4.35386],[-72.76817,4.3557],[-72.76747,4.36121],[-72.76867,4.36544],[-72.7735,4.36953],[-72.78097,4.37089],[-72.78295,4.37378],[-72.79877,4.3746],[-72.80149,4.37801],[-72.8008,4.3814],[-72.79818,4.38384],[-72.79021,4.3878],[-72.78502,4.38868],[-72.78348,4.39391],[-72.78494,4.3995],[-72.78913,4.40095],[-72.79182,4.39946],[-72.80268,4.38756],[-72.8071,4.387],[-72.80875,4.38919],[-72.80875,4.39258],[-72.80511,4.39844],[-72.80503,4.40271],[-72.81468,4.41066],[-72.81612,4.41519],[-72.8098,4.4255],[-72.81138,4.43149],[-72.81885,4.43588],[-72.82866,4.43016],[-72.84403,4.43085],[-72.8434,4.44247],[-72.84467,4.44474],[-72.86089,4.45289],[-72.87091,4.45506],[-72.8748,4.46221],[-72.89032,4.4727],[-72.89553,4.47858],[-72.89864,4.48863],[-72.90639,4.49632],[-72.90953,4.50381],[-72.91537,4.51165],[-72.92643,4.5184],[-72.93214,4.53383],[-72.94473,4.54852],[-72.94873,4.55647],[-72.96176,4.57378],[-72.96463,4.58389],[-72.97052,4.5965],[-72.98214,4.6101],[-72.99824,4.61997],[-73.00322,4.62498],[-73.00728,4.63172],[-73.01719,4.6406],[-73.02807,4.65632],[-73.03746,4.66474],[-73.04122,4.68173],[-73.04444,4.68813],[-73.04992,4.69244],[-73.05124,4.69746],[-73.05414,4.70059],[-73.04922,4.73115],[-73.05083,4.73721],[-73.05261,4.73574],[-73.12414,4.25978],[-73.1365,4.21515],[-73.14229,4.2167],[-73.14578,4.21612],[-73.1444,4.22064],[-73.14509,4.22366],[-73.16874,4.23971],[-73.17184,4.24607],[-73.1777,4.24648],[-73.18401,4.25627],[-73.19123,4.25884],[-73.19254,4.26444],[-73.19954,4.26887],[-73.20349,4.2738],[-73.21395,4.2765],[-73.22252,4.28152],[-73.24379,4.28759],[-73.26082,4.29095],[-73.2712,4.28916],[-73.28772,4.29664],[-73.32013,4.30426],[-73.351,4.32114],[-73.36586,4.31858],[-73.38598,4.31873],[-73.39803,4.31694],[-73.41302,4.31232],[-73.42289,4.30564],[-73.43161,4.30398],[-73.44391,4.28874],[-73.45426,4.28732],[-73.46355,4.27991],[-73.46791,4.27838],[-73.4754,4.27953],[-73.48522,4.28586],[-73.49817,4.2858],[-73.51378,4.29178],[-73.5262,4.29347],[-73.5433,4.30353],[-73.54977,4.31072],[-73.54821,4.32932],[-73.55361,4.33957],[-73.55427,4.35194],[-73.57178,4.3737],[-73.57194,4.38705],[-73.57575,4.39854],[-73.57341,4.42044],[-73.58882,4.43567],[-73.59254,4.44593],[-73.60214,4.45549],[-73.60413,4.46152],[-73.60066,4.46414],[-73.60175,4.47067],[-73.59798,4.47594],[-73.60066,4.48825],[-73.59762,4.49211],[-73.58605,4.49553],[-73.58228,4.49854],[-73.57358,4.51963],[-73.57165,4.52256],[-73.56727,4.52525],[-73.58186,4.54377],[-73.60027,4.54662],[-73.61092,4.55631],[-73.61988,4.56008],[-73.63181,4.55603],[-73.64473,4.54669],[-73.65117,4.54836],[-73.66123,4.54503],[-73.68063,4.5315],[-73.68548,4.52597],[-73.68627,4.51916],[-73.69111,4.52022],[-73.70286,4.51881],[-73.7129,4.51337],[-73.72522,4.50195],[-73.73048,4.49102],[-73.73782,4.48553],[-73.73786,4.48393],[-73.73444,4.48086],[-73.73354,4.47471],[-73.7408,4.45676],[-73.75626,4.45169],[-73.76136,4.45186],[-73.77686,4.44847],[-73.78518,4.44446],[-73.79204,4.43654],[-73.79647,4.43495],[-73.80634,4.423],[-73.8116,4.40824],[-73.81219,4.40239],[-73.81042,4.39755],[-73.8051,4.39341],[-73.80492,4.3904],[-73.80067,4.38396],[-73.79476,4.38249],[-73.79205,4.3793],[-73.79335,4.35915],[-73.78405,4.33303],[-73.78216,4.3221],[-73.78435,4.3016],[-73.77894,4.29467],[-73.76829,4.28792],[-73.76291,4.27949],[-73.75316,4.2714],[-73.74442,4.26726],[-73.74519,4.26449],[-73.75145,4.25887],[-73.75355,4.25194],[-73.75868,4.24539],[-73.75928,4.24156],[-73.76376,4.23839],[-73.75572,4.22947],[-73.75379,4.21075],[-73.74764,4.20258],[-73.74178,4.20022],[-73.74304,4.19887],[-73.74811,4.19431],[-73.75283,4.19238],[-73.75674,4.19504],[-73.77031,4.19589],[-73.79466,4.20216],[-73.79781,4.19813],[-73.80176,4.19681],[-73.81085,4.20232],[-73.81534,4.19641],[-73.81608,4.19067],[-73.81909,4.18659],[-73.8182,4.17916],[-73.8197,4.17663],[-73.82379,4.17627],[-73.83385,4.17858],[-73.83637,4.17781],[-73.83742,4.17564],[-73.84651,4.17622],[-73.8517,4.17297],[-73.85951,4.17264],[-73.8663,4.16747],[-73.87264,4.16637],[-73.87941,4.15498],[-73.88675,4.15196],[-73.89697,4.14324],[-73.90164,4.14361],[-73.91313,4.14886],[-73.91803,4.14885],[-73.92252,4.14422],[-73.92635,4.14459],[-73.93338,4.14833],[-73.94327,4.13045],[-73.94591,4.11957],[-73.95438,4.1134],[-73.97127,4.09709],[-73.97423,4.09708],[-73.97571,4.10385],[-73.98467,4.10259],[-73.98702,4.10697],[-73.99364,4.1015],[-73.99888,4.1023],[-74.00227,4.10544],[-74.00599,4.10589],[-74.01269,4.10546],[-74.02414,4.10191],[-74.03185,4.09224],[-74.03554,4.08381],[-74.03701,4.07185],[-74.03432,4.06707],[-74.03435,4.06152],[-74.0379,4.06069],[-74.05177,4.06504],[-74.06053,4.05648],[-74.06292,4.0567],[-74.06381,4.06079],[-74.06817,4.05943],[-74.07704,4.0511],[-74.07724,4.04297],[-74.08241,4.03896],[-74.08755,4.02931],[-74.09258,4.02672],[-74.09428,4.02337],[-74.10036,4.01779],[-74.10126,4.01336],[-74.10339,4.01165],[-74.11516,4.00975],[-74.11871,4.01066],[-74.1241,4.009],[-74.12615,4.00579],[-74.12627,4.00208],[-74.12847,4.00051],[-74.14384,4.00316],[-74.15339,4.00319],[-74.15574,4.00682],[-74.15576,4.01231],[-74.16437,4.01776],[-74.16976,4.01582],[-74.17636,4.01643],[-74.18321,4.00899],[-74.19309,4.01223],[-74.19445,4.01472],[-74.19758,4.01614],[-74.20733,4.01399],[-74.21803,4.0082],[-74.22192,4.00072],[-74.22679,3.99655],[-74.23196,3.988],[-74.23403,3.97638],[-74.23805,3.97136],[-74.24235,3.95981],[-74.24616,3.95745],[-74.24901,3.95158],[-74.25186,3.94912],[-74.26056,3.94855],[-74.26087,3.94557],[-74.25778,3.94228],[-74.2571,3.93045],[-74.26122,3.9282],[-74.26981,3.92688],[-74.27341,3.92421],[-74.27612,3.91056],[-74.27843,3.90573],[-74.2929,3.88767],[-74.30137,3.88359],[-74.31262,3.88546],[-74.31896,3.87883],[-74.31873,3.87404],[-74.31405,3.87097],[-74.3121,3.86456],[-74.30457,3.85202],[-74.30661,3.84049],[-74.30012,3.83867],[-74.29451,3.83236],[-74.29425,3.82645],[-74.29666,3.81915],[-74.2998,3.81747],[-74.30973,3.81767],[-74.31482,3.82792],[-74.32023,3.82665],[-74.32733,3.81778],[-74.33072,3.81861],[-74.33317,3.82278],[-74.33656,3.8233],[-74.33787,3.82234],[-74.33729,3.81207],[-74.34389,3.81187],[-74.34893,3.80815],[-74.35404,3.80717],[-74.35514,3.79994],[-74.36318,3.78946],[-74.37315,3.7831],[-74.37671,3.78237],[-74.37682,3.7795],[-74.37865,3.7774],[-74.38856,3.77259],[-74.39254,3.77228],[-74.39377,3.76797],[-74.3881,3.76029],[-74.38784,3.75366],[-74.38872,3.75205],[-74.39145,3.75156],[-74.39592,3.75465],[-74.39854,3.75404],[-74.40003,3.73953],[-74.40222,3.73791],[-74.40733,3.73765],[-74.41204,3.7408],[-74.41598,3.74073],[-74.41285,3.73795],[-74.41284,3.73382],[-74.41901,3.72039],[-74.42928,3.70575],[-74.43751,3.69818],[-74.45464,3.68887],[-74.46046,3.68267],[-74.46286,3.67475],[-74.46765,3.66752],[-74.48238,3.66166],[-74.493,3.64789],[-74.50259,3.64065],[-74.51218,3.62343],[-74.51799,3.60002],[-74.52861,3.5797],[-74.53511,3.55835],[-74.55394,3.53458],[-74.56182,3.52563],[-74.57107,3.52494],[-74.58478,3.52768],[-74.593,3.52183],[-74.60293,3.50977],[-74.61696,3.48566],[-74.62586,3.47498],[-74.63442,3.46913],[-74.63202,3.46293],[-74.61797,3.45605],[-74.61351,3.44883],[-74.61111,3.43815],[-74.61521,3.42507],[-74.61281,3.4156],[-74.61349,3.41113],[-74.63334,3.37634],[-74.63745,3.36567],[-74.63744,3.35947],[-74.63504,3.35362],[-74.6203,3.34089],[-74.6155,3.33263],[-74.6155,3.32609],[-74.62851,3.31128],[-74.63021,3.29647],[-74.62302,3.2889],[-74.6237,3.28339],[-74.63465,3.27409],[-74.65006,3.25411],[-74.66067,3.23551],[-74.66545,3.22312],[-74.67024,3.20074],[-74.68282,3.18605],[-74.69386,3.1811],[-74.71338,3.18109],[-74.71509,3.17867],[-74.71509,3.16938],[-74.72159,3.15595],[-74.725,3.1408],[-74.74041,3.12874],[-74.74965,3.11806],[-74.75444,3.11169],[-74.75854,3.09895],[-74.7647,3.09309],[-74.77497,3.08826],[-74.78353,3.0886],[-74.78936,3.08688],[-74.78763,3.07173],[-74.79208,3.0614],[-74.81022,3.0545],[-74.81981,3.04726],[-74.84101,3.00972],[-74.85299,2.99629],[-74.86805,2.98561],[-74.87832,2.97424],[-74.89166,2.96367],[-74.9026,2.94014],[-74.90694,2.93741],[-74.918,2.92567],[-74.92586,2.91471],[-74.93393,2.90668]]]}},{"type":"Feature","properties":{"shapeName":"Cundinamarca","shapeISO":"CO-CUN","shapeID":"13589884B23733272568917","shapeGroup":"COL","shapeType":"ADM1"},"geometry":{"type":"Polygon","coordinates":[[[-74.73386,5.2863],[-74.73025,5.27943],[-74.72698,5.268],[-74.72724,5.25521],[-74.72356,5.23861],[-74.73003,5.23246],[-74.73133,5.22139],[-74.72887,5.21402],[-74.73299,5.21024],[-74.73442,5.20561],[-74.73201,5.20198],[-74.72071,5.19909],[-74.71471,5.18862],[-74.7147,5.17905],[-74.71787,5.16686],[-74.7219,5.16009],[-74.73049,5.15032],[-74.73077,5.14489],[-74.72948,5.12776],[-74.72212,5.12294],[-74.71923,5.11872],[-74.71666,5.09325],[-74.72262,5.08767],[-74.72934,5.07471],[-74.73004,5.06677],[-74.72696,5.056],[-74.72835,5.0423],[-74.73272,5.0321],[-74.7377,5.02595],[-74.74268,5.01295],[-74.7432,5.00715],[-74.74215,5.00337],[-74.73899,5.00048],[-74.7361,4.99899],[-74.72646,4.99821],[-74.71612,4.99233],[-74.70788,4.98487],[-74.70718,4.98145],[-74.7091,4.97767],[-74.71315,4.97425],[-74.72872,4.97802],[-74.73301,4.97731],[-74.74602,4.96426],[-74.75043,4.95435],[-74.75038,4.95121],[-74.74822,4.94793],[-74.73586,4.93769],[-74.73306,4.93287],[-74.73418,4.91723],[-74.73978,4.91029],[-74.74013,4.90779],[-74.73887,4.90206],[-74.73365,4.90039],[-74.73228,4.89839],[-74.73178,4.89276],[-74.73783,4.88293],[-74.74895,4.88823],[-74.75394,4.88699],[-74.75481,4.88137],[-74.752,4.87382],[-74.753,4.86372],[-74.75655,4.85637],[-74.76852,4.84526],[-74.76896,4.84166],[-74.76782,4.83858],[-74.76247,4.83384],[-74.74903,4.82894],[-74.7455,4.82545],[-74.74454,4.8181],[-74.7465,4.81282],[-74.74438,4.80386],[-74.74395,4.79003],[-74.75004,4.78392],[-74.76082,4.78029],[-74.77136,4.77247],[-74.77759,4.76031],[-74.7773,4.75681],[-74.77403,4.75434],[-74.77526,4.75162],[-74.7827,4.74862],[-74.79442,4.74739],[-74.8052,4.74071],[-74.81219,4.73849],[-74.81438,4.73638],[-74.81979,4.72434],[-74.81926,4.72004],[-74.81638,4.7145],[-74.80288,4.70381],[-74.80295,4.68958],[-74.80863,4.67771],[-74.80827,4.67007],[-74.80538,4.66735],[-74.79382,4.66315],[-74.78968,4.65969],[-74.78672,4.65367],[-74.78686,4.64753],[-74.79544,4.64355],[-74.79905,4.63967],[-74.79987,4.62924],[-74.80591,4.62319],[-74.81308,4.61902],[-74.81678,4.61294],[-74.81439,4.60699],[-74.79897,4.60018],[-74.79385,4.592],[-74.79384,4.58943],[-74.79663,4.58826],[-74.80594,4.59058],[-74.81105,4.58964],[-74.81477,4.58567],[-74.81453,4.58171],[-74.81243,4.57681],[-74.80545,4.57332],[-74.80475,4.57168],[-74.80498,4.56748],[-74.80894,4.56063],[-74.80799,4.55325],[-74.80194,4.54719],[-74.8024,4.54182],[-74.80518,4.53575],[-74.80355,4.53202],[-74.79843,4.52806],[-74.79119,4.51326],[-74.78638,4.50808],[-74.7865,4.50586],[-74.79514,4.4999],[-74.80106,4.4846],[-74.80416,4.4612],[-74.80922,4.45118],[-74.8152,4.44623],[-74.81905,4.4455],[-74.82866,4.44694],[-74.8325,4.44525],[-74.83424,4.43479],[-74.8308,4.42354],[-74.83518,4.41279],[-74.83293,4.40924],[-74.83321,4.40579],[-74.8379,4.39811],[-74.84029,4.37947],[-74.84334,4.37568],[-74.84941,4.37238],[-74.85442,4.36744],[-74.85236,4.35619],[-74.85586,4.34385],[-74.85598,4.33533],[-74.86533,4.33234],[-74.87395,4.32553],[-74.87786,4.31932],[-74.88356,4.31756],[-74.88518,4.31147],[-74.88279,4.3092],[-74.87904,4.30859],[-74.87411,4.31011],[-74.8732,4.30888],[-74.87415,4.30509],[-74.88288,4.30063],[-74.89067,4.29032],[-74.88997,4.2869],[-74.88452,4.27999],[-74.87906,4.26635],[-74.87649,4.26588],[-74.86895,4.26677],[-74.86317,4.26995],[-74.8565,4.26881],[-74.83588,4.2754],[-74.83114,4.2779],[-74.82587,4.28486],[-74.81212,4.2944],[-74.8073,4.28597],[-74.79616,4.28759],[-74.77918,4.28371],[-74.77646,4.28035],[-74.77669,4.27423],[-74.78172,4.26504],[-74.7789,4.26416],[-74.77236,4.26616],[-74.76872,4.26543],[-74.7714,4.25969],[-74.77003,4.2584],[-74.76792,4.26014],[-74.76565,4.25976],[-74.76682,4.25101],[-74.76504,4.25125],[-74.76376,4.25403],[-74.75126,4.25898],[-74.74816,4.25672],[-74.74931,4.25427],[-74.74491,4.24822],[-74.74629,4.24121],[-74.7438,4.24258],[-74.74107,4.24203],[-74.73412,4.24772],[-74.72535,4.23596],[-74.72344,4.23666],[-74.72197,4.23096],[-74.71825,4.23455],[-74.71536,4.23513],[-74.71471,4.23216],[-74.71124,4.23286],[-74.70487,4.22839],[-74.70757,4.22445],[-74.70071,4.21943],[-74.70416,4.2173],[-74.70437,4.21502],[-74.7025,4.21279],[-74.69893,4.21132],[-74.69429,4.2127],[-74.6921,4.2104],[-74.68368,4.2073],[-74.68088,4.20232],[-74.67849,4.20292],[-74.67589,4.20768],[-74.67031,4.20851],[-74.66742,4.21088],[-74.66384,4.21045],[-74.6627,4.21486],[-74.65761,4.21536],[-74.65458,4.21081],[-74.65471,4.19835],[-74.64692,4.20624],[-74.63991,4.21061],[-74.64039,4.21542],[-74.63671,4.21791],[-74.63327,4.22326],[-74.63054,4.22424],[-74.62687,4.22306],[-74.62463,4.22476],[-74.62215,4.22915],[-74.62218,4.23428],[-74.6192,4.23694],[-74.62026,4.24069],[-74.61974,4.25181],[-74.60139,4.26043],[-74.59673,4.26094],[-74.58863,4.26737],[-74.57798,4.26849],[-74.56623,4.27244],[-74.56195,4.27148],[-74.55146,4.26507],[-74.54926,4.26232],[-74.54598,4.26158],[-74.54457,4.25443],[-74.54243,4.25133],[-74.53415,4.24549],[-74.5205,4.2396],[-74.51346,4.22321],[-74.51351,4.2105],[-74.511,4.20869],[-74.51125,4.20616],[-74.50865,4.20318],[-74.50717,4.19799],[-74.5009,4.19451],[-74.50096,4.1875],[-74.49701,4.18442],[-74.48671,4.18102],[-74.48198,4.17502],[-74.48408,4.1572],[-74.48096,4.14877],[-74.48216,4.14172],[-74.47553,4.13182],[-74.47549,4.11606],[-74.47702,4.11158],[-74.48366,4.10526],[-74.48676,4.09547],[-74.5071,4.08001],[-74.50945,4.07413],[-74.51635,4.06776],[-74.51766,4.05896],[-74.52484,4.05254],[-74.52611,4.04716],[-74.52834,4.04428],[-74.53004,4.03216],[-74.52754,4.02543],[-74.52413,4.02216],[-74.52663,4.00794],[-74.52882,4.00462],[-74.5294,3.9999],[-74.5324,3.9971],[-74.53338,3.99395],[-74.53152,3.96984],[-74.52716,3.96193],[-74.52331,3.9608],[-74.51335,3.95405],[-74.51213,3.95142],[-74.51282,3.93545],[-74.51544,3.92914],[-74.51413,3.9251],[-74.52303,3.91611],[-74.52546,3.89742],[-74.52546,3.88282],[-74.53008,3.87536],[-74.53085,3.86901],[-74.53516,3.85828],[-74.53812,3.85437],[-74.53943,3.84485],[-74.53308,3.84117],[-74.52787,3.82973],[-74.52333,3.82704],[-74.51267,3.82439],[-74.47972,3.82503],[-74.45841,3.81715],[-74.45107,3.81043],[-74.44745,3.80286],[-74.4516,3.78786],[-74.45987,3.7741],[-74.46096,3.75789],[-74.45664,3.74486],[-74.45726,3.73463],[-74.45575,3.73016],[-74.45332,3.7277],[-74.44987,3.7269],[-74.45157,3.72435],[-74.44147,3.72844],[-74.45109,3.73947],[-74.45171,3.74608],[-74.45042,3.75251],[-74.44624,3.75815],[-74.43423,3.76482],[-74.43401,3.77327],[-74.43182,3.77833],[-74.42811,3.7828],[-74.42014,3.78826],[-74.40687,3.81006],[-74.39831,3.81966],[-74.39272,3.83464],[-74.38847,3.86128],[-74.38417,3.86587],[-74.38113,3.87222],[-74.37282,3.88091],[-74.37032,3.88932],[-74.36511,3.89691],[-74.36007,3.91361],[-74.35518,3.93945],[-74.35627,3.9703],[-74.36172,3.97856],[-74.37406,3.98609],[-74.36186,4.01145],[-74.365,4.0326],[-74.36468,4.03896],[-74.3586,4.04867],[-74.35367,4.05195],[-74.35124,4.05569],[-74.34973,4.07126],[-74.34536,4.08997],[-74.33983,4.10396],[-74.33421,4.11075],[-74.32867,4.12975],[-74.31653,4.1242],[-74.29623,4.10381],[-74.27,4.09904],[-74.26561,4.09144],[-74.25657,4.08905],[-74.25291,4.10457],[-74.24797,4.11797],[-74.24869,4.12472],[-74.24665,4.12585],[-74.24356,4.13796],[-74.2448,4.14286],[-74.24092,4.1699],[-74.24063,4.18684],[-74.24476,4.1913],[-74.24359,4.19822],[-74.23786,4.19627],[-74.23569,4.20017],[-74.23169,4.21705],[-74.22808,4.22259],[-74.22512,4.22193],[-74.22092,4.22516],[-74.21827,4.23446],[-74.2097,4.24106],[-74.20453,4.24043],[-74.20374,4.24153],[-74.20594,4.25981],[-74.20469,4.26911],[-74.21646,4.28581],[-74.21474,4.3085],[-74.22029,4.33958],[-74.21914,4.36286],[-74.21726,4.37231],[-74.21789,4.3783],[-74.21648,4.38397],[-74.21209,4.38838],[-74.20973,4.40461],[-74.20314,4.42037],[-74.19938,4.42667],[-74.19514,4.42951],[-74.19498,4.4355],[-74.18745,4.45267],[-74.18525,4.46244],[-74.1796,4.47001],[-74.17003,4.47883],[-74.16061,4.5031],[-74.15998,4.50782],[-74.16328,4.51444],[-74.17066,4.52169],[-74.17945,4.52342],[-74.17977,4.5324],[-74.17789,4.54564],[-74.17977,4.55005],[-74.18009,4.55667],[-74.17555,4.57542],[-74.17853,4.57869],[-74.17967,4.57839],[-74.18354,4.59623],[-74.20403,4.6008],[-74.20421,4.59961],[-74.21818,4.61604],[-74.21839,4.61802],[-74.21975,4.61734],[-74.22001,4.61887],[-74.22174,4.61865],[-74.22076,4.61981],[-74.22264,4.62116],[-74.22112,4.62129],[-74.22059,4.62298],[-74.22369,4.62516],[-74.2224,4.62953],[-74.21609,4.63016],[-74.21775,4.63465],[-74.21486,4.63755],[-74.21558,4.63957],[-74.2215,4.64368],[-74.2165,4.64489],[-74.21358,4.6404],[-74.20617,4.64118],[-74.20537,4.64237],[-74.20691,4.64648],[-74.20077,4.64403],[-74.20321,4.64562],[-74.20271,4.64675],[-74.19575,4.65138],[-74.19343,4.65497],[-74.18729,4.65172],[-74.18367,4.65253],[-74.18533,4.64682],[-74.18018,4.65256],[-74.17208,4.65725],[-74.16791,4.65622],[-74.1666,4.65963],[-74.16321,4.65889],[-74.1624,4.66321],[-74.15851,4.66268],[-74.1611,4.66497],[-74.16039,4.66686],[-74.16981,4.66897],[-74.17181,4.67465],[-74.17481,4.67653],[-74.17372,4.68239],[-74.16749,4.68828],[-74.17026,4.69005],[-74.17227,4.69398],[-74.17206,4.69677],[-74.16914,4.70083],[-74.17447,4.70066],[-74.17691,4.703],[-74.1706,4.70527],[-74.17066,4.70913],[-74.17221,4.71147],[-74.16929,4.71528],[-74.16045,4.72011],[-74.1583,4.72533],[-74.15672,4.72541],[-74.15658,4.72348],[-74.15118,4.72268],[-74.14916,4.72541],[-74.13732,4.7308],[-74.13526,4.72815],[-74.13028,4.73093],[-74.1289,4.72666],[-74.12616,4.7293],[-74.12841,4.73579],[-74.12642,4.73694],[-74.12911,4.73732],[-74.13194,4.74062],[-74.13019,4.74577],[-74.12531,4.74736],[-74.12586,4.74941],[-74.12756,4.74934],[-74.1272,4.75067],[-74.12396,4.74992],[-74.12242,4.74731],[-74.12547,4.75366],[-74.12029,4.75418],[-74.12131,4.75993],[-74.11655,4.76202],[-74.11534,4.76762],[-74.11813,4.76715],[-74.11416,4.77187],[-74.11652,4.77221],[-74.11384,4.77834],[-74.11715,4.77746],[-74.11424,4.77984],[-74.11474,4.78102],[-74.11719,4.78081],[-74.11429,4.78204],[-74.11472,4.78566],[-74.11195,4.78469],[-74.11425,4.78641],[-74.11384,4.78834],[-74.11217,4.79058],[-74.10985,4.79012],[-74.11231,4.78959],[-74.11154,4.78712],[-74.10798,4.78869],[-74.10507,4.79712],[-74.10242,4.79712],[-74.10312,4.79479],[-74.10062,4.79919],[-74.09576,4.79923],[-74.09555,4.79454],[-74.09367,4.79083],[-74.0873,4.79596],[-74.08738,4.797],[-74.0915,4.79682],[-74.08845,4.7983],[-74.08907,4.80138],[-74.08686,4.80205],[-74.08859,4.80321],[-74.07959,4.80966],[-74.08487,4.81223],[-74.08276,4.81406],[-74.0872,4.81617],[-74.08663,4.82095],[-74.08319,4.82232],[-74.08182,4.81639],[-74.07912,4.82219],[-74.08096,4.82608],[-74.08675,4.83215],[-74.07543,4.83701],[-74.07182,4.83463],[-74.07073,4.82857],[-74.06694,4.82814],[-74.0675,4.83262],[-74.06588,4.83564],[-74.06427,4.83049],[-74.06303,4.83574],[-74.06058,4.8276],[-74.05996,4.82898],[-74.05585,4.82915],[-74.05331,4.83324],[-74.05038,4.83093],[-74.0463,4.83011],[-74.04447,4.83249],[-74.04151,4.82978],[-74.0356,4.82831],[-74.0308,4.82312],[-74.01074,4.82114],[-74.00459,4.81652],[-74.0052,4.81067],[-73.99973,4.8059],[-74.00003,4.80336],[-74.01289,4.79665],[-74.01583,4.79289],[-74.01614,4.77674],[-74.01813,4.76684],[-74.01732,4.75965],[-74.00957,4.7567],[-74.00723,4.74139],[-74.00865,4.71863],[-74.01422,4.69719],[-74.01128,4.69089],[-74.01058,4.68419],[-74.00318,4.67809],[-74.00318,4.67464],[-74.00724,4.6662],[-74.01045,4.66327],[-74.01749,4.66174],[-74.02278,4.66285],[-74.02559,4.66107],[-74.02669,4.65393],[-74.03144,4.64472],[-74.03303,4.63601],[-74.01513,4.63581],[-74.0108,4.62685],[-74.00493,4.62383],[-74.0011,4.61741],[-73.99632,4.61711],[-73.99924,4.60697],[-73.99742,4.6021],[-74.00075,4.59546],[-74.00462,4.58056],[-74.00607,4.56203],[-74.01488,4.55949],[-74.0261,4.55925],[-74.0296,4.5578],[-74.02924,4.5498],[-74.03081,4.54399],[-74.03841,4.53019],[-74.04082,4.5165],[-74.04481,4.51226],[-74.0506,4.51154],[-74.05567,4.50863],[-74.06049,4.51105],[-74.07304,4.51081],[-74.07268,4.49991],[-74.07582,4.46527],[-74.07822,4.46268],[-74.08602,4.46122],[-74.10086,4.45356],[-74.10821,4.44517],[-74.11239,4.43258],[-74.11484,4.40351],[-74.11398,4.38687],[-74.11354,4.38528],[-74.10129,4.37689],[-74.09567,4.36995],[-74.09812,4.35056],[-74.10619,4.3306],[-74.11455,4.31888],[-74.11513,4.3131],[-74.12161,4.30963],[-74.12754,4.3028],[-74.15127,4.25435],[-74.15034,4.25021],[-74.14344,4.23847],[-74.13534,4.22951],[-74.13466,4.22123],[-74.13623,4.20812],[-74.13425,4.20316],[-74.12618,4.19459],[-74.12359,4.18692],[-74.12012,4.18207],[-74.1093,4.18235],[-74.11102,4.17894],[-74.10919,4.16959],[-74.114,4.15503],[-74.10655,4.13797],[-74.10811,4.13429],[-74.12843,4.12459],[-74.13071,4.11366],[-74.1296,4.10449],[-74.1213,4.09824],[-74.12634,4.09448],[-74.12985,4.08969],[-74.13207,4.08242],[-74.1315,4.07648],[-74.12547,4.06514],[-74.1253,4.0562],[-74.13127,4.03925],[-74.13932,4.02522],[-74.13996,4.02047],[-74.13834,4.01373],[-74.14384,4.00316],[-74.12847,4.00051],[-74.12627,4.00208],[-74.12615,4.00579],[-74.1241,4.009],[-74.11871,4.01066],[-74.11516,4.00975],[-74.10339,4.01165],[-74.10126,4.01336],[-74.10036,4.01779],[-74.09428,4.02337],[-74.09258,4.02672],[-74.08755,4.02931],[-74.08241,4.03896],[-74.07724,4.04297],[-74.07704,4.0511],[-74.06817,4.05943],[-74.06381,4.06079],[-74.06292,4.0567],[-74.06053,4.05648],[-74.05177,4.06504],[-74.0379,4.06069],[-74.03435,4.06152],[-74.03432,4.06707],[-74.03701,4.07185],[-74.03554,4.08381],[-74.03185,4.09224],[-74.02414,4.10191],[-74.01269,4.10546],[-74.00599,4.10589],[-74.00227,4.10544],[-73.99888,4.1023],[-73.99364,4.1015],[-73.98702,4.10697],[-73.98467,4.10259],[-73.97571,4.10385],[-73.97423,4.09708],[-73.97127,4.09709],[-73.95438,4.1134],[-73.94591,4.11957],[-73.94327,4.13045],[-73.93338,4.14833],[-73.92635,4.14459],[-73.92252,4.14422],[-73.91803,4.14885],[-73.91313,4.14886],[-73.90164,4.14361],[-73.89697,4.14324],[-73.88675,4.15196],[-73.87941,4.15498],[-73.87264,4.16637],[-73.8663,4.16747],[-73.85951,4.17264],[-73.8517,4.17297],[-73.84651,4.17622],[-73.83742,4.17564],[-73.83637,4.17781],[-73.83385,4.17858],[-73.82379,4.17627],[-73.8197,4.17663],[-73.8182,4.17916],[-73.81909,4.18659],[-73.81608,4.19067],[-73.81534,4.19641],[-73.81085,4.20232],[-73.80176,4.19681],[-73.79781,4.19813],[-73.79466,4.20216],[-73.77031,4.19589],[-73.75674,4.19504],[-73.75283,4.19238],[-73.74811,4.19431],[-73.74304,4.19887],[-73.74178,4.20022],[-73.74764,4.20258],[-73.75379,4.21075],[-73.75572,4.22947],[-73.76376,4.23839],[-73.75928,4.24156],[-73.75868,4.24539],[-73.75355,4.25194],[-73.75145,4.25887],[-73.74519,4.26449],[-73.74442,4.26726],[-73.75316,4.2714],[-73.76291,4.27949],[-73.76829,4.28792],[-73.77894,4.29467],[-73.78435,4.3016],[-73.78216,4.3221],[-73.78405,4.33303],[-73.79335,4.35915],[-73.79205,4.3793],[-73.79476,4.38249],[-73.80067,4.38396],[-73.80492,4.3904],[-73.8051,4.39341],[-73.81042,4.39755],[-73.81219,4.40239],[-73.8116,4.40824],[-73.80634,4.423],[-73.79647,4.43495],[-73.79204,4.43654],[-73.78518,4.44446],[-73.77686,4.44847],[-73.76136,4.45186],[-73.75626,4.45169],[-73.7408,4.45676],[-73.73354,4.47471],[-73.73444,4.48086],[-73.73786,4.48393],[-73.73782,4.48553],[-73.73048,4.49102],[-73.72522,4.50195],[-73.7129,4.51337],[-73.70286,4.51881],[-73.69111,4.52022],[-73.68627,4.51916],[-73.68548,4.52597],[-73.68063,4.5315],[-73.66123,4.54503],[-73.65117,4.54836],[-73.64473,4.54669],[-73.63181,4.55603],[-73.61988,4.56008],[-73.61092,4.55631],[-73.60027,4.54662],[-73.58186,4.54377],[-73.56727,4.52525],[-73.57165,4.52256],[-73.57358,4.51963],[-73.58228,4.49854],[-73.58605,4.49553],[-73.59762,4.49211],[-73.60066,4.48825],[-73.59798,4.47594],[-73.60175,4.47067],[-73.60066,4.46414],[-73.60413,4.46152],[-73.60214,4.45549],[-73.59254,4.44593],[-73.58882,4.43567],[-73.57341,4.42044],[-73.57575,4.39854],[-73.57194,4.38705],[-73.57178,4.3737],[-73.55427,4.35194],[-73.55361,4.33957],[-73.54821,4.32932],[-73.54977,4.31072],[-73.5433,4.30353],[-73.5262,4.29347],[-73.51378,4.29178],[-73.49817,4.2858],[-73.48522,4.28586],[-73.4754,4.27953],[-73.46791,4.27838],[-73.46355,4.27991],[-73.45426,4.28732],[-73.44391,4.28874],[-73.43161,4.30398],[-73.42289,4.30564],[-73.41302,4.31232],[-73.39803,4.31694],[-73.38598,4.31873],[-73.36586,4.31858],[-73.351,4.32114],[-73.32013,4.30426],[-73.28772,4.29664],[-73.2712,4.28916],[-73.26082,4.29095],[-73.24379,4.28759],[-73.22252,4.28152],[-73.21395,4.2765],[-73.20349,4.2738],[-73.19954,4.26887],[-73.19254,4.26444],[-73.19123,4.25884],[-73.18401,4.25627],[-73.1777,4.24648],[-73.17184,4.24607],[-73.16874,4.23971],[-73.14509,4.22366],[-73.1444,4.22064],[-73.14578,4.21612],[-73.14229,4.2167],[-73.1365,4.21515],[-73.12414,4.25978],[-73.05261,4.73574],[-73.05083,4.73721],[-73.05966,4.73624],[-73.06773,4.74122],[-73.07131,4.73919],[-73.07652,4.72712],[-73.07407,4.71883],[-73.07476,4.71466],[-73.08006,4.70614],[-73.08328,4.69576],[-73.09004,4.69112],[-73.09003,4.68191],[-73.09154,4.67713],[-73.10508,4.66053],[-73.11144,4.66143],[-73.12073,4.6706],[-73.12656,4.6662],[-73.13506,4.66383],[-73.14543,4.65652],[-73.14945,4.65589],[-73.16123,4.66289],[-73.19571,4.67348],[-73.20598,4.67962],[-73.21713,4.67712],[-73.22078,4.67753],[-73.22351,4.67935],[-73.23348,4.69524],[-73.22744,4.71478],[-73.22069,4.72451],[-73.22052,4.72753],[-73.22253,4.7313],[-73.234,4.73566],[-73.24736,4.73426],[-73.26762,4.73987],[-73.2712,4.73817],[-73.28484,4.72297],[-73.29041,4.72377],[-73.30519,4.73071],[-73.30859,4.73677],[-73.30572,4.74674],[-73.30919,4.74998],[-73.31381,4.76896],[-73.32166,4.77858],[-73.33407,4.7881],[-73.34127,4.79174],[-73.36055,4.79646],[-73.36955,4.8002],[-73.36929,4.79895],[-73.371,4.80306],[-73.37104,4.81005],[-73.36572,4.82416],[-73.37416,4.83116],[-73.37574,4.8402],[-73.37874,4.84441],[-73.38255,4.84738],[-73.3913,4.85028],[-73.39315,4.85411],[-73.39409,4.86504],[-73.40211,4.87865],[-73.40914,4.88048],[-73.42527,4.87981],[-73.44503,4.88996],[-73.44952,4.88337],[-73.45204,4.88239],[-73.46517,4.89274],[-73.47133,4.89356],[-73.48001,4.89072],[-73.48878,4.88503],[-73.51961,4.8779],[-73.52017,4.88237],[-73.52439,4.89076],[-73.53785,4.89538],[-73.54091,4.90222],[-73.54238,4.91307],[-73.54715,4.92487],[-73.54658,4.9352],[-73.54373,4.94757],[-73.54137,4.95139],[-73.53179,4.95727],[-73.52721,4.96716],[-73.52014,4.97737],[-73.51534,4.9904],[-73.50725,4.9963],[-73.50992,4.9972],[-73.51067,4.99955],[-73.51537,5.00388],[-73.51842,5.00456],[-73.5168,5.01267],[-73.52196,5.01726],[-73.52178,5.02857],[-73.52332,5.02992],[-73.51249,5.03711],[-73.50846,5.03698],[-73.50254,5.03991],[-73.49945,5.03971],[-73.48846,5.04963],[-73.4816,5.05148],[-73.47917,5.05473],[-73.48133,5.06042],[-73.48,5.06293],[-73.4832,5.07587],[-73.48441,5.08861],[-73.48954,5.09349],[-73.49127,5.1013],[-73.49464,5.10733],[-73.49055,5.11613],[-73.49137,5.12656],[-73.48815,5.13238],[-73.48761,5.13698],[-73.48436,5.14186],[-73.47787,5.14754],[-73.48399,5.15395],[-73.49926,5.15264],[-73.50535,5.15362],[-73.51072,5.16194],[-73.51015,5.16979],[-73.51177,5.17332],[-73.50716,5.1851],[-73.51202,5.18781],[-73.51634,5.19246],[-73.52202,5.19311],[-73.5216,5.20381],[-73.52438,5.21508],[-73.52091,5.22265],[-73.51428,5.23104],[-73.51774,5.23098],[-73.52225,5.23352],[-73.52378,5.24299],[-73.52717,5.24809],[-73.52682,5.25929],[-73.53285,5.26949],[-73.53336,5.27262],[-73.53154,5.27681],[-73.53317,5.28072],[-73.53656,5.28511],[-73.54418,5.28991],[-73.54963,5.29949],[-73.56658,5.30618],[-73.57562,5.30212],[-73.57904,5.30232],[-73.58878,5.30858],[-73.59617,5.3159],[-73.60243,5.31808],[-73.60153,5.32182],[-73.59461,5.32914],[-73.59587,5.33859],[-73.59431,5.35131],[-73.59585,5.35793],[-73.59987,5.3659],[-73.60007,5.37055],[-73.59812,5.37812],[-73.58994,5.39026],[-73.59283,5.39892],[-73.60236,5.40249],[-73.62285,5.40476],[-73.64367,5.41526],[-73.65794,5.41789],[-73.66608,5.42701],[-73.67382,5.43062],[-73.67824,5.43469],[-73.67494,5.44365],[-73.67711,5.45042],[-73.68011,5.45446],[-73.69071,5.44738],[-73.69999,5.45655],[-73.7101,5.4576],[-73.71479,5.45544],[-73.71723,5.45616],[-73.71892,5.46038],[-73.71699,5.47262],[-73.71907,5.47724],[-73.72565,5.47905],[-73.72989,5.47779],[-73.73612,5.47227],[-73.74289,5.46929],[-73.74658,5.48946],[-73.74803,5.49046],[-73.75507,5.4863],[-73.76021,5.48513],[-73.77102,5.48853],[-73.78097,5.49849],[-73.78554,5.50666],[-73.79095,5.53199],[-73.7892,5.55002],[-73.79447,5.5527],[-73.80022,5.55893],[-73.80472,5.57358],[-73.8117,5.56225],[-73.82086,5.55321],[-73.8318,5.5538],[-73.83584,5.55022],[-73.84751,5.54617],[-73.85638,5.5334],[-73.86696,5.53371],[-73.8748,5.52655],[-73.87701,5.52226],[-73.88049,5.52515],[-73.88983,5.51299],[-73.90071,5.52905],[-73.90849,5.52625],[-73.91066,5.52064],[-73.91051,5.51097],[-73.90725,5.50879],[-73.90751,5.4997],[-73.90186,5.48737],[-73.90369,5.48029],[-73.90173,5.47618],[-73.90181,5.46459],[-73.89765,5.45399],[-73.89929,5.44947],[-73.90516,5.44689],[-73.91211,5.43348],[-73.9162,5.43432],[-73.92733,5.441],[-73.93184,5.44054],[-73.94241,5.43415],[-73.94521,5.42698],[-73.9491,5.42418],[-73.94965,5.42167],[-73.95155,5.4236],[-73.96362,5.42237],[-73.96569,5.42037],[-73.97321,5.41876],[-73.98102,5.4038],[-73.98177,5.39827],[-73.98389,5.39625],[-73.98274,5.39487],[-73.98334,5.38936],[-73.9852,5.38946],[-73.9865,5.3872],[-73.98738,5.37964],[-73.99149,5.37472],[-73.99856,5.37094],[-74.00017,5.36766],[-74.00982,5.36861],[-74.02258,5.36502],[-74.02358,5.37357],[-74.02066,5.38512],[-74.02116,5.3878],[-74.03051,5.38814],[-74.04959,5.4032],[-74.06839,5.40542],[-74.074,5.41208],[-74.07751,5.41353],[-74.09002,5.42788],[-74.09648,5.43944],[-74.09688,5.46992],[-74.11273,5.47289],[-74.11323,5.46442],[-74.11547,5.45703],[-74.11903,5.4513],[-74.12118,5.43794],[-74.12358,5.43296],[-74.12508,5.43279],[-74.13427,5.43578],[-74.13875,5.44499],[-74.14401,5.44866],[-74.14837,5.44799],[-74.15046,5.4445],[-74.15347,5.44546],[-74.15411,5.44719],[-74.16071,5.44783],[-74.16853,5.45781],[-74.17601,5.46161],[-74.17818,5.46797],[-74.18701,5.47456],[-74.19404,5.4909],[-74.19657,5.49425],[-74.20144,5.49704],[-74.21144,5.49731],[-74.22226,5.49478],[-74.22649,5.49117],[-74.23559,5.47843],[-74.24487,5.47536],[-74.24722,5.47671],[-74.25416,5.48664],[-74.25479,5.49369],[-74.25299,5.4973],[-74.25425,5.49983],[-74.24975,5.50371],[-74.24597,5.51744],[-74.2475,5.53117],[-74.24273,5.53813],[-74.24372,5.54517],[-74.24994,5.54887],[-74.25174,5.55438],[-74.25896,5.56052],[-74.26193,5.5616],[-74.2723,5.56106],[-74.28667,5.56735],[-74.29399,5.57286],[-74.29999,5.58386],[-74.30861,5.61718],[-74.3148,5.62307],[-74.30916,5.63092],[-74.30651,5.63915],[-74.30717,5.64452],[-74.30573,5.64872],[-74.29384,5.66068],[-74.28491,5.66433],[-74.28221,5.66718],[-74.27732,5.69474],[-74.27805,5.69773],[-74.28781,5.69983],[-74.29433,5.70426],[-74.29836,5.70934],[-74.30123,5.71756],[-74.3009,5.72547],[-74.29158,5.73695],[-74.28906,5.74596],[-74.29266,5.75578],[-74.30762,5.7736],[-74.31082,5.77953],[-74.31065,5.78374],[-74.30291,5.7939],[-74.30237,5.7978],[-74.30565,5.80039],[-74.31495,5.80046],[-74.31766,5.80176],[-74.32067,5.81432],[-74.32587,5.82428],[-74.33332,5.82694],[-74.33465,5.83666],[-74.34438,5.83116],[-74.34502,5.824],[-74.34916,5.81906],[-74.35762,5.8109],[-74.37716,5.79592],[-74.38471,5.78377],[-74.3978,5.7819],[-74.41003,5.77445],[-74.41274,5.7709],[-74.41289,5.767],[-74.41697,5.76607],[-74.42215,5.76783],[-74.42818,5.76221],[-74.43277,5.76018],[-74.43788,5.75975],[-74.43893,5.76653],[-74.44061,5.76852],[-74.44324,5.76767],[-74.44441,5.76392],[-74.4495,5.76585],[-74.45136,5.76232],[-74.45448,5.76792],[-74.45841,5.76536],[-74.46036,5.76573],[-74.46294,5.76916],[-74.46185,5.77382],[-74.46335,5.77596],[-74.46739,5.77512],[-74.47423,5.77718],[-74.47626,5.77555],[-74.48082,5.77548],[-74.4844,5.77126],[-74.48682,5.77158],[-74.48933,5.77541],[-74.48939,5.78129],[-74.49076,5.78287],[-74.49306,5.78253],[-74.49414,5.77794],[-74.4966,5.77819],[-74.50863,5.78664],[-74.50757,5.78851],[-74.50416,5.78879],[-74.50358,5.79305],[-74.51079,5.79437],[-74.52164,5.78909],[-74.53142,5.78986],[-74.53886,5.78508],[-74.53997,5.77875],[-74.54495,5.77764],[-74.54927,5.77432],[-74.55176,5.7702],[-74.55259,5.76446],[-74.56297,5.75751],[-74.57083,5.76045],[-74.57279,5.75469],[-74.58172,5.75321],[-74.59328,5.7586],[-74.59299,5.74792],[-74.59523,5.74567],[-74.59804,5.74665],[-74.60479,5.74595],[-74.60647,5.75114],[-74.6097,5.75423],[-74.61503,5.75535],[-74.61784,5.75928],[-74.62037,5.75802],[-74.62078,5.75408],[-74.62261,5.75267],[-74.62584,5.76012],[-74.62977,5.76138],[-74.63875,5.75449],[-74.6407,5.73888],[-74.64419,5.73663],[-74.64785,5.73635],[-74.65066,5.73915],[-74.65081,5.74576],[-74.65385,5.75191],[-74.65687,5.75371],[-74.65933,5.75137],[-74.66256,5.73594],[-74.66052,5.72794],[-74.65586,5.72348],[-74.64911,5.72154],[-74.64463,5.7186],[-74.63779,5.70768],[-74.62652,5.70053],[-74.62335,5.69653],[-74.62459,5.68427],[-74.63584,5.65922],[-74.62985,5.63008],[-74.63688,5.62306],[-74.64459,5.60966],[-74.64495,5.60593],[-74.64225,5.59487],[-74.64468,5.58901],[-74.64889,5.58417],[-74.65256,5.57452],[-74.65038,5.56277],[-74.64131,5.54866],[-74.64038,5.53926],[-74.65088,5.52552],[-74.66991,5.51759],[-74.67413,5.51206],[-74.66761,5.49526],[-74.66802,5.49077],[-74.66474,5.47808],[-74.66376,5.46574],[-74.65995,5.4516],[-74.65168,5.44369],[-74.65461,5.44099],[-74.67193,5.44144],[-74.6759,5.43834],[-74.67642,5.43559],[-74.67336,5.42765],[-74.66631,5.41655],[-74.66581,5.41081],[-74.66724,5.40503],[-74.68128,5.40233],[-74.68428,5.39932],[-74.68295,5.3883],[-74.67795,5.37912],[-74.67866,5.37417],[-74.68524,5.36677],[-74.69173,5.36343],[-74.69693,5.36457],[-74.70405,5.37237],[-74.70726,5.37124],[-74.70668,5.36605],[-74.69942,5.35631],[-74.69976,5.35312],[-74.70845,5.34251],[-74.7146,5.31503],[-74.72586,5.30668],[-74.73001,5.30198],[-74.73326,5.29439],[-74.73386,5.2863]]]}},{"type":"Feature","properties":{"shapeName":"Tolima","shapeISO":"CO-TOL","shapeID":"13589884B56780975975491","shapeGroup":"COL","shapeType":"ADM1"},"geometry":{"type":"Polygon","coordinates":[[[-75.37526,4.80385],[-75.37773,4.79795],[-75.37731,4.78774],[-75.38074,4.77447],[-75.38012,4.76445],[-75.38146,4.75999],[-75.38802,4.75077],[-75.38793,4.74689],[-75.3856,4.7436],[-75.3838,4.73603],[-75.37803,4.72958],[-75.38665,4.72172],[-75.38846,4.71618],[-75.38493,4.70894],[-75.38455,4.70248],[-75.38878,4.69795],[-75.39761,4.69293],[-75.40364,4.68647],[-75.40944,4.67699],[-75.41803,4.66736],[-75.42318,4.65609],[-75.41773,4.6386],[-75.41561,4.62457],[-75.42124,4.61037],[-75.42785,4.60905],[-75.4305,4.6063],[-75.4315,4.60272],[-75.44978,4.60322],[-75.46824,4.5989],[-75.47051,4.58921],[-75.47514,4.58558],[-75.48443,4.58149],[-75.48794,4.57625],[-75.48835,4.57234],[-75.49222,4.56827],[-75.50026,4.56388],[-75.50513,4.55922],[-75.51462,4.5557],[-75.51819,4.55076],[-75.51889,4.54728],[-75.52232,4.54379],[-75.52299,4.53504],[-75.52179,4.52782],[-75.5272,4.51593],[-75.52409,4.50178],[-75.52477,4.4956],[-75.53513,4.49452],[-75.54666,4.48015],[-75.55515,4.47284],[-75.55913,4.47252],[-75.56914,4.46174],[-75.57091,4.45711],[-75.57788,4.45365],[-75.57605,4.44499],[-75.57686,4.43808],[-75.57797,4.43336],[-75.58267,4.42946],[-75.58345,4.42693],[-75.58331,4.42419],[-75.57996,4.42181],[-75.5791,4.41733],[-75.58039,4.4122],[-75.57884,4.40636],[-75.58267,4.39411],[-75.58273,4.38717],[-75.59073,4.37707],[-75.58868,4.37502],[-75.58823,4.37171],[-75.59135,4.3636],[-75.59486,4.36076],[-75.59375,4.35338],[-75.59132,4.3489],[-75.59452,4.34609],[-75.59765,4.33675],[-75.59992,4.33521],[-75.59696,4.32644],[-75.59435,4.32457],[-75.5956,4.32238],[-75.59507,4.31744],[-75.59797,4.31291],[-75.59743,4.30685],[-75.5959,4.30489],[-75.6007,4.30233],[-75.60327,4.29765],[-75.60436,4.28967],[-75.60238,4.28663],[-75.59731,4.28364],[-75.59705,4.27933],[-75.60008,4.27609],[-75.60764,4.27294],[-75.61648,4.27219],[-75.61952,4.26938],[-75.623,4.25847],[-75.62944,4.25392],[-75.63036,4.24335],[-75.63815,4.23118],[-75.65372,4.22897],[-75.65847,4.22471],[-75.65997,4.21681],[-75.65419,4.21304],[-75.65554,4.20373],[-75.65902,4.19934],[-75.66204,4.19859],[-75.66605,4.19451],[-75.67053,4.18439],[-75.67563,4.181],[-75.68356,4.17116],[-75.68846,4.16766],[-75.69168,4.16092],[-75.6935,4.152],[-75.69236,4.14221],[-75.6934,4.13567],[-75.69683,4.13239],[-75.70245,4.13196],[-75.70567,4.12738],[-75.71542,4.12614],[-75.71894,4.12117],[-75.71869,4.11286],[-75.72648,4.11232],[-75.73131,4.11427],[-75.73357,4.11267],[-75.73292,4.10268],[-75.74364,4.09807],[-75.74716,4.09468],[-75.75086,4.08615],[-75.75073,4.08121],[-75.75321,4.07702],[-75.75161,4.0687],[-75.74644,4.06259],[-75.73968,4.05785],[-75.73857,4.05358],[-75.75405,4.03266],[-75.76124,4.02534],[-75.76965,4.01965],[-75.77554,4.00813],[-75.77804,4.00657],[-75.78712,4.0092],[-75.79181,4.00792],[-75.796,3.99085],[-75.7915,3.97815],[-75.79229,3.96922],[-75.79636,3.96108],[-75.8012,3.9578],[-75.80527,3.95217],[-75.80905,3.93873],[-75.80711,3.93181],[-75.8102,3.92443],[-75.82164,3.90503],[-75.82819,3.90379],[-75.83349,3.90724],[-75.83599,3.90709],[-75.83975,3.9032],[-75.842,3.89721],[-75.85899,3.88023],[-75.86131,3.87478],[-75.86085,3.86271],[-75.85665,3.85691],[-75.85572,3.85252],[-75.86322,3.84501],[-75.86698,3.83225],[-75.87467,3.82182],[-75.89259,3.8105],[-75.89145,3.80611],[-75.89273,3.80359],[-75.90158,3.79649],[-75.90175,3.78631],[-75.90628,3.78115],[-75.91035,3.77269],[-75.91535,3.75907],[-75.91626,3.75002],[-75.92084,3.74082],[-75.938,3.73426],[-75.94378,3.72832],[-75.94527,3.71853],[-75.94699,3.71634],[-75.94918,3.71446],[-75.95511,3.71353],[-75.96058,3.7057],[-75.95997,3.69395],[-75.9567,3.68877],[-75.95173,3.67388],[-75.95844,3.66465],[-75.96811,3.66278],[-75.97478,3.6571],[-75.97781,3.6444],[-75.98155,3.64252],[-75.99075,3.64159],[-75.99372,3.63752],[-75.99264,3.63219],[-75.98757,3.62223],[-75.98817,3.61566],[-75.99266,3.61159],[-75.99391,3.6072],[-75.99081,3.59686],[-75.9852,3.58808],[-75.98599,3.58087],[-75.9892,3.57536],[-75.98514,3.56011],[-75.98702,3.55494],[-75.99436,3.54555],[-75.99858,3.5323],[-76.00131,3.52949],[-76.00323,3.51713],[-76.01465,3.50853],[-76.0177,3.50129],[-76.02516,3.49275],[-76.02612,3.48541],[-76.02225,3.47816],[-76.02688,3.46527],[-76.02673,3.46104],[-76.0297,3.45462],[-76.03702,3.45038],[-76.03808,3.44268],[-76.04184,3.43714],[-76.04163,3.42882],[-76.03836,3.42002],[-76.04264,3.40832],[-76.04288,3.39733],[-76.03912,3.39371],[-76.03055,3.39135],[-76.03056,3.3854],[-76.03399,3.38101],[-76.04759,3.37418],[-76.04882,3.36492],[-76.05657,3.35818],[-76.05943,3.35381],[-76.05811,3.34882],[-76.05455,3.34438],[-76.05369,3.3267],[-76.04442,3.31869],[-76.0391,3.30161],[-76.04391,3.29027],[-76.04707,3.28742],[-76.05035,3.28042],[-76.04769,3.27188],[-76.04721,3.26491],[-76.04051,3.25628],[-76.03943,3.2508],[-76.0399,3.24923],[-76.04701,3.24546],[-76.05811,3.23213],[-76.05859,3.22926],[-76.05652,3.22388],[-76.05336,3.21636],[-76.06059,3.20286],[-76.07011,3.1974],[-76.07569,3.20111],[-76.08497,3.20399],[-76.09011,3.20097],[-76.09148,3.19793],[-76.09042,3.19125],[-76.09234,3.18645],[-76.09236,3.17806],[-76.09043,3.17543],[-76.08336,3.17265],[-76.07977,3.1661],[-76.08038,3.16194],[-76.08491,3.15699],[-76.08556,3.15361],[-76.07888,3.1504],[-76.07277,3.14038],[-76.07602,3.13221],[-76.07347,3.12344],[-76.07619,3.11918],[-76.0843,3.11492],[-76.0889,3.11518],[-76.09303,3.11242],[-76.10503,3.10872],[-76.10796,3.10668],[-76.10853,3.10419],[-76.10383,3.09597],[-76.09783,3.09756],[-76.09206,3.0969],[-76.0816,3.09039],[-76.08072,3.0866],[-76.07426,3.07835],[-76.07227,3.06948],[-76.07024,3.06633],[-76.07174,3.0572],[-76.07442,3.05331],[-76.07415,3.05029],[-76.06799,3.04667],[-76.06184,3.04605],[-76.05795,3.04369],[-76.04608,3.04296],[-76.04455,3.03381],[-76.03883,3.02518],[-76.0419,3.0163],[-76.03538,3.01343],[-76.03232,3.00813],[-76.02431,3.00537],[-76.02246,3.00343],[-76.0204,2.99449],[-76.02854,2.9837],[-76.03334,2.96193],[-76.03234,2.95345],[-76.03435,2.94477],[-76.0312,2.94061],[-76.02924,2.94078],[-76.02916,2.95044],[-76.02536,2.95619],[-76.02577,2.96869],[-76.02233,2.9732],[-76.01366,2.97661],[-76.01232,2.97853],[-75.98876,2.98237],[-75.9829,2.97247],[-75.98298,2.96584],[-75.98032,2.96021],[-75.98157,2.95553],[-75.97223,2.94565],[-75.96496,2.94413],[-75.96505,2.94015],[-75.96306,2.9364],[-75.95754,2.93521],[-75.95753,2.93234],[-75.95537,2.92994],[-75.95717,2.9236],[-75.95387,2.91735],[-75.94864,2.917],[-75.94481,2.92183],[-75.93786,2.92003],[-75.9332,2.92217],[-75.92683,2.92183],[-75.92582,2.91396],[-75.90872,2.90967],[-75.90755,2.90119],[-75.90287,2.89856],[-75.90091,2.89546],[-75.88453,2.8977],[-75.88124,2.88875],[-75.87616,2.88661],[-75.86955,2.8775],[-75.86411,2.8776],[-75.85699,2.87131],[-75.84489,2.8705],[-75.83431,2.87307],[-75.82501,2.87209],[-75.81731,2.88424],[-75.8034,2.8854],[-75.79899,2.88807],[-75.79083,2.89762],[-75.78963,2.90143],[-75.78307,2.90513],[-75.78114,2.91032],[-75.77754,2.91325],[-75.77216,2.91284],[-75.76577,2.91479],[-75.76368,2.91781],[-75.76706,2.92429],[-75.76531,2.92725],[-75.76512,2.93382],[-75.76137,2.93831],[-75.76005,2.94278],[-75.75389,2.94406],[-75.75127,2.9469],[-75.74802,2.94768],[-75.74494,2.95307],[-75.73591,2.95441],[-75.73279,2.95247],[-75.72877,2.95678],[-75.72455,2.95705],[-75.72213,2.96167],[-75.71067,2.96422],[-75.70271,2.96997],[-75.6992,2.97517],[-75.69704,2.98501],[-75.69319,2.99],[-75.69412,2.9946],[-75.68445,2.9893],[-75.66482,2.9877],[-75.65792,2.98883],[-75.64729,2.99626],[-75.63664,2.99412],[-75.6342,2.99502],[-75.6308,2.99966],[-75.62711,3.00882],[-75.62198,3.00883],[-75.61688,3.02107],[-75.61065,3.02847],[-75.60955,3.03452],[-75.60206,3.03908],[-75.60172,3.04663],[-75.59966,3.04871],[-75.60055,3.05177],[-75.6081,3.05818],[-75.61703,3.06151],[-75.62214,3.07543],[-75.60587,3.10257],[-75.6015,3.11404],[-75.59823,3.11564],[-75.59073,3.11582],[-75.58455,3.12183],[-75.58226,3.13587],[-75.57698,3.14235],[-75.57709,3.14421],[-75.58423,3.14874],[-75.58848,3.15609],[-75.58251,3.16928],[-75.58484,3.17721],[-75.57808,3.1852],[-75.5767,3.18906],[-75.57791,3.19548],[-75.57263,3.20103],[-75.57569,3.20398],[-75.5756,3.20675],[-75.57287,3.21051],[-75.5729,3.21782],[-75.57336,3.21935],[-75.57675,3.22073],[-75.57706,3.22395],[-75.56851,3.24122],[-75.55948,3.2483],[-75.55396,3.25622],[-75.54787,3.25709],[-75.54816,3.26038],[-75.54427,3.2719],[-75.53903,3.27866],[-75.53448,3.28146],[-75.53057,3.28696],[-75.52793,3.29443],[-75.52134,3.30138],[-75.52165,3.3109],[-75.52669,3.31735],[-75.52619,3.31982],[-75.51743,3.3262],[-75.5131,3.3277],[-75.49817,3.32241],[-75.4879,3.32707],[-75.48567,3.3305],[-75.48771,3.33909],[-75.48655,3.34842],[-75.47844,3.36105],[-75.47188,3.36072],[-75.46237,3.35473],[-75.44604,3.35672],[-75.4433,3.35463],[-75.44192,3.34708],[-75.42751,3.35355],[-75.42462,3.35852],[-75.417,3.3644],[-75.4154,3.37253],[-75.40961,3.36965],[-75.39421,3.37763],[-75.37816,3.37358],[-75.37761,3.38108],[-75.37356,3.38935],[-75.3704,3.40344],[-75.3683,3.40708],[-75.36489,3.4089],[-75.35941,3.40898],[-75.35347,3.40377],[-75.34368,3.40623],[-75.33919,3.4014],[-75.33345,3.39947],[-75.32356,3.40506],[-75.32366,3.4121],[-75.31996,3.41956],[-75.31094,3.41226],[-75.30705,3.40411],[-75.30269,3.39891],[-75.29022,3.39145],[-75.28229,3.38842],[-75.27738,3.38382],[-75.26047,3.37813],[-75.2564,3.37317],[-75.25588,3.36761],[-75.25295,3.36656],[-75.25057,3.36903],[-75.25115,3.3758],[-75.24541,3.38342],[-75.24582,3.39529],[-75.2424,3.40045],[-75.2416,3.40463],[-75.22838,3.41458],[-75.22027,3.4119],[-75.21452,3.41373],[-75.21166,3.41222],[-75.21135,3.40896],[-75.20397,3.4106],[-75.19964,3.40853],[-75.20133,3.40253],[-75.19562,3.39567],[-75.20056,3.39255],[-75.19987,3.38635],[-75.19818,3.38442],[-75.18399,3.38181],[-75.18045,3.38472],[-75.17553,3.3852],[-75.17251,3.38728],[-75.17387,3.39111],[-75.17377,3.39824],[-75.17693,3.40504],[-75.17616,3.4092],[-75.17171,3.41212],[-75.16367,3.41065],[-75.15738,3.41152],[-75.15363,3.41787],[-75.14924,3.42092],[-75.14976,3.42307],[-75.15235,3.42462],[-75.15275,3.42929],[-75.15109,3.43274],[-75.14763,3.43549],[-75.1439,3.43547],[-75.12798,3.42966],[-75.12345,3.43045],[-75.12106,3.43256],[-75.11633,3.43277],[-75.095,3.43091],[-75.06693,3.43074],[-75.06096,3.43195],[-75.04364,3.42916],[-75.04024,3.42769],[-75.03966,3.42559],[-75.04309,3.41772],[-75.04288,3.40796],[-75.03724,3.40451],[-75.03546,3.40094],[-75.03775,3.39517],[-75.03409,3.39077],[-75.03388,3.38594],[-75.03575,3.38374],[-75.04108,3.3831],[-75.0535,3.3854],[-75.05851,3.38109],[-75.05797,3.36882],[-75.06141,3.3578],[-75.0569,3.33367],[-75.0595,3.32412],[-75.05896,3.31447],[-75.06477,3.31077],[-75.07243,3.30277],[-75.07415,3.29969],[-75.07266,3.29606],[-75.05308,3.28763],[-75.03705,3.28665],[-75.02336,3.28828],[-75.01456,3.28775],[-75.0057,3.281],[-75.00368,3.27764],[-75.00085,3.27681],[-74.99407,3.27839],[-74.98954,3.28286],[-74.98436,3.28431],[-74.97243,3.28388],[-74.96564,3.28099],[-74.96046,3.28157],[-74.95514,3.27996],[-74.94414,3.28113],[-74.9364,3.28436],[-74.92915,3.28324],[-74.91537,3.2893],[-74.90781,3.29002],[-74.88666,3.30971],[-74.87312,3.32599],[-74.86515,3.32955],[-74.86287,3.3336],[-74.8598,3.33432],[-74.85645,3.3379],[-74.84933,3.34153],[-74.84647,3.35531],[-74.83931,3.3608],[-74.83455,3.36689],[-74.82777,3.37793],[-74.82537,3.38725],[-74.82237,3.39051],[-74.81486,3.3921],[-74.81679,3.40195],[-74.81419,3.40729],[-74.80066,3.4179],[-74.76985,3.43795],[-74.76505,3.4426],[-74.76235,3.45039],[-74.7625,3.45436],[-74.76576,3.45966],[-74.77489,3.46729],[-74.7778,3.4719],[-74.78067,3.4805],[-74.78235,3.49953],[-74.77256,3.52607],[-74.76774,3.53023],[-74.76101,3.53229],[-74.75608,3.53206],[-74.74958,3.52851],[-74.74507,3.52925],[-74.73916,3.53338],[-74.73428,3.54125],[-74.73236,3.5479],[-74.72768,3.55421],[-74.72579,3.5624],[-74.7332,3.56734],[-74.73469,3.57553],[-74.73868,3.58287],[-74.73859,3.58976],[-74.72823,3.60044],[-74.72075,3.61251],[-74.71704,3.6142],[-74.71231,3.61062],[-74.709,3.61093],[-74.70077,3.61674],[-74.69879,3.63861],[-74.69217,3.64426],[-74.68707,3.65333],[-74.67818,3.66252],[-74.67409,3.67096],[-74.6672,3.67356],[-74.6622,3.67383],[-74.66111,3.67824],[-74.65566,3.68387],[-74.65272,3.68275],[-74.64756,3.6846],[-74.63331,3.69298],[-74.62988,3.6992],[-74.62456,3.699],[-74.61452,3.71258],[-74.60864,3.71649],[-74.60455,3.72124],[-74.59269,3.72541],[-74.58608,3.73483],[-74.58456,3.74269],[-74.57716,3.7464],[-74.57415,3.75294],[-74.56604,3.75861],[-74.55677,3.76808],[-74.55594,3.77405],[-74.55339,3.77923],[-74.55439,3.78326],[-74.54598,3.79246],[-74.54466,3.81119],[-74.5427,3.81389],[-74.53783,3.81603],[-74.53695,3.81846],[-74.53523,3.83089],[-74.53731,3.83326],[-74.53943,3.84485],[-74.53812,3.85437],[-74.53516,3.85828],[-74.53085,3.86901],[-74.53008,3.87536],[-74.52546,3.88282],[-74.52546,3.89742],[-74.52303,3.91611],[-74.51413,3.9251],[-74.51544,3.92914],[-74.51282,3.93545],[-74.51213,3.95142],[-74.51335,3.95405],[-74.52331,3.9608],[-74.52716,3.96193],[-74.53152,3.96984],[-74.53338,3.99395],[-74.5324,3.9971],[-74.5294,3.9999],[-74.52882,4.00462],[-74.52663,4.00794],[-74.52413,4.02216],[-74.52754,4.02543],[-74.53004,4.03216],[-74.52834,4.04428],[-74.52611,4.04716],[-74.52484,4.05254],[-74.51766,4.05896],[-74.51635,4.06776],[-74.50945,4.07413],[-74.5071,4.08001],[-74.48676,4.09547],[-74.48366,4.10526],[-74.47702,4.11158],[-74.47549,4.11606],[-74.47553,4.13182],[-74.48216,4.14172],[-74.48096,4.14877],[-74.48408,4.1572],[-74.48198,4.17502],[-74.48671,4.18102],[-74.49701,4.18442],[-74.50096,4.1875],[-74.5009,4.19451],[-74.50717,4.19799],[-74.50865,4.20318],[-74.51125,4.20616],[-74.511,4.20869],[-74.51351,4.2105],[-74.51346,4.22321],[-74.5205,4.2396],[-74.53415,4.24549],[-74.54243,4.25133],[-74.54457,4.25443],[-74.54598,4.26158],[-74.54926,4.26232],[-74.55146,4.26507],[-74.56195,4.27148],[-74.56623,4.27244],[-74.57798,4.26849],[-74.58863,4.26737],[-74.59673,4.26094],[-74.60139,4.26043],[-74.61974,4.25181],[-74.62026,4.24069],[-74.6192,4.23694],[-74.62218,4.23428],[-74.62215,4.22915],[-74.62463,4.22476],[-74.62687,4.22306],[-74.63054,4.22424],[-74.63327,4.22326],[-74.63671,4.21791],[-74.64039,4.21542],[-74.63991,4.21061],[-74.64692,4.20624],[-74.65471,4.19835],[-74.65458,4.21081],[-74.65761,4.21536],[-74.6627,4.21486],[-74.66384,4.21045],[-74.66742,4.21088],[-74.67031,4.20851],[-74.67589,4.20768],[-74.67849,4.20292],[-74.68088,4.20232],[-74.68368,4.2073],[-74.6921,4.2104],[-74.69429,4.2127],[-74.69893,4.21132],[-74.7025,4.21279],[-74.70437,4.21502],[-74.70416,4.2173],[-74.70071,4.21943],[-74.70757,4.22445],[-74.70487,4.22839],[-74.71124,4.23286],[-74.71471,4.23216],[-74.71536,4.23513],[-74.71825,4.23455],[-74.72197,4.23096],[-74.72344,4.23666],[-74.72535,4.23596],[-74.73412,4.24772],[-74.74107,4.24203],[-74.7438,4.24258],[-74.74629,4.24121],[-74.74491,4.24822],[-74.74931,4.25427],[-74.74816,4.25672],[-74.75126,4.25898],[-74.76376,4.25403],[-74.76504,4.25125],[-74.76682,4.25101],[-74.76565,4.25976],[-74.76792,4.26014],[-74.77003,4.2584],[-74.7714,4.25969],[-74.76872,4.26543],[-74.77236,4.26616],[-74.7789,4.26416],[-74.78172,4.26504],[-74.77669,4.27423],[-74.77646,4.28035],[-74.77918,4.28371],[-74.79616,4.28759],[-74.8073,4.28597],[-74.81212,4.2944],[-74.82587,4.28486],[-74.83114,4.2779],[-74.83588,4.2754],[-74.8565,4.26881],[-74.86317,4.26995],[-74.86895,4.26677],[-74.87649,4.26588],[-74.87906,4.26635],[-74.88452,4.27999],[-74.88997,4.2869],[-74.89067,4.29032],[-74.88288,4.30063],[-74.87415,4.30509],[-74.8732,4.30888],[-74.87411,4.31011],[-74.87904,4.30859],[-74.88279,4.3092],[-74.88518,4.31147],[-74.88356,4.31756],[-74.87786,4.31932],[-74.87395,4.32553],[-74.86533,4.33234],[-74.85598,4.33533],[-74.85586,4.34385],[-74.85236,4.35619],[-74.85442,4.36744],[-74.84941,4.37238],[-74.84334,4.37568],[-74.84029,4.37947],[-74.8379,4.39811],[-74.83321,4.40579],[-74.83293,4.40924],[-74.83518,4.41279],[-74.8308,4.42354],[-74.83424,4.43479],[-74.8325,4.44525],[-74.82866,4.44694],[-74.81905,4.4455],[-74.8152,4.44623],[-74.80922,4.45118],[-74.80416,4.4612],[-74.80106,4.4846],[-74.79514,4.4999],[-74.7865,4.50586],[-74.78638,4.50808],[-74.79119,4.51326],[-74.79843,4.52806],[-74.80355,4.53202],[-74.80518,4.53575],[-74.8024,4.54182],[-74.80194,4.54719],[-74.80799,4.55325],[-74.80894,4.56063],[-74.80498,4.56748],[-74.80475,4.57168],[-74.80545,4.57332],[-74.81243,4.57681],[-74.81453,4.58171],[-74.81477,4.58567],[-74.81105,4.58964],[-74.80594,4.59058],[-74.79663,4.58826],[-74.79384,4.58943],[-74.79385,4.592],[-74.79897,4.60018],[-74.81439,4.60699],[-74.81678,4.61294],[-74.81308,4.61902],[-74.80591,4.62319],[-74.79987,4.62924],[-74.79905,4.63967],[-74.79544,4.64355],[-74.78686,4.64753],[-74.78672,4.65367],[-74.78968,4.65969],[-74.79382,4.66315],[-74.80538,4.66735],[-74.80827,4.67007],[-74.80863,4.67771],[-74.80295,4.68958],[-74.80288,4.70381],[-74.81638,4.7145],[-74.81926,4.72004],[-74.81979,4.72434],[-74.81438,4.73638],[-74.81219,4.73849],[-74.8052,4.74071],[-74.79442,4.74739],[-74.7827,4.74862],[-74.77526,4.75162],[-74.77403,4.75434],[-74.7773,4.75681],[-74.77759,4.76031],[-74.77136,4.77247],[-74.76082,4.78029],[-74.75004,4.78392],[-74.74395,4.79003],[-74.74438,4.80386],[-74.7465,4.81282],[-74.74454,4.8181],[-74.7455,4.82545],[-74.74903,4.82894],[-74.76247,4.83384],[-74.76782,4.83858],[-74.76896,4.84166],[-74.76852,4.84526],[-74.75655,4.85637],[-74.753,4.86372],[-74.752,4.87382],[-74.75481,4.88137],[-74.75394,4.88699],[-74.74895,4.88823],[-74.73783,4.88293],[-74.73178,4.89276],[-74.73228,4.89839],[-74.73365,4.90039],[-74.73887,4.90206],[-74.74013,4.90779],[-74.73978,4.91029],[-74.73418,4.91723],[-74.73306,4.93287],[-74.73586,4.93769],[-74.74822,4.94793],[-74.75038,4.95121],[-74.75043,4.95435],[-74.74602,4.96426],[-74.73301,4.97731],[-74.72872,4.97802],[-74.71315,4.97425],[-74.7091,4.97767],[-74.70718,4.98145],[-74.70788,4.98487],[-74.71612,4.99233],[-74.72646,4.99821],[-74.7361,4.99899],[-74.73899,5.00048],[-74.74215,5.00337],[-74.7432,5.00715],[-74.74268,5.01295],[-74.7377,5.02595],[-74.73272,5.0321],[-74.72835,5.0423],[-74.72696,5.056],[-74.73004,5.06677],[-74.72934,5.07471],[-74.72262,5.08767],[-74.71666,5.09325],[-74.71923,5.11872],[-74.72212,5.12294],[-74.72948,5.12776],[-74.73077,5.14489],[-74.73049,5.15032],[-74.7219,5.16009],[-74.71787,5.16686],[-74.7147,5.17905],[-74.71471,5.18862],[-74.72071,5.19909],[-74.73201,5.20198],[-74.73442,5.20561],[-74.73299,5.21024],[-74.72887,5.21402],[-74.73133,5.22139],[-74.73003,5.23246],[-74.72356,5.23861],[-74.72724,5.25521],[-74.72698,5.268],[-74.73025,5.27943],[-74.73386,5.2863],[-74.7366,5.28741],[-74.74249,5.28526],[-74.74176,5.29002],[-74.74313,5.29054],[-74.75314,5.28209],[-74.75562,5.28542],[-74.75908,5.28549],[-74.76219,5.2888],[-74.76619,5.28772],[-74.77441,5.29877],[-74.77934,5.29698],[-74.78169,5.29923],[-74.78471,5.29686],[-74.7869,5.29849],[-74.79153,5.29767],[-74.79598,5.3],[-74.79823,5.304],[-74.80515,5.30253],[-74.81425,5.30672],[-74.81522,5.30975],[-74.8191,5.31252],[-74.82227,5.31741],[-74.82708,5.31897],[-74.83068,5.31606],[-74.83439,5.31751],[-74.83739,5.31558],[-74.84028,5.31734],[-74.8412,5.31479],[-74.84416,5.31525],[-74.84579,5.31376],[-74.84811,5.31637],[-74.85113,5.31355],[-74.85397,5.31494],[-74.86061,5.30574],[-74.86281,5.30472],[-74.86468,5.30749],[-74.86928,5.30495],[-74.86949,5.30282],[-74.86791,5.30136],[-74.87015,5.30041],[-74.87038,5.29652],[-74.87228,5.2944],[-74.87555,5.29523],[-74.87656,5.29692],[-74.88546,5.29731],[-74.88903,5.3001],[-74.89211,5.29753],[-74.89783,5.29867],[-74.90166,5.30246],[-74.90441,5.30194],[-74.90459,5.30527],[-74.91301,5.31006],[-74.92052,5.30827],[-74.92782,5.31009],[-74.93095,5.31247],[-74.93905,5.31256],[-74.94515,5.30643],[-74.94999,5.30636],[-74.95425,5.30134],[-74.96108,5.3024],[-74.96632,5.30121],[-74.96888,5.29618],[-74.97885,5.2947],[-74.97957,5.29216],[-74.98399,5.29074],[-74.98635,5.28794],[-74.9889,5.28971],[-74.99046,5.28882],[-74.99994,5.2913],[-75.00775,5.29124],[-75.00984,5.29373],[-75.01284,5.28983],[-75.01857,5.28756],[-75.02145,5.28791],[-75.02258,5.28589],[-75.02747,5.28838],[-75.02778,5.28591],[-75.02991,5.28418],[-75.02896,5.28231],[-75.03005,5.27929],[-75.03262,5.27717],[-75.05629,5.27498],[-75.05692,5.27227],[-75.05946,5.27016],[-75.06044,5.2652],[-75.06246,5.26405],[-75.06161,5.26173],[-75.06323,5.26038],[-75.06083,5.25601],[-75.06307,5.25401],[-75.06283,5.25091],[-75.06563,5.24713],[-75.0707,5.24757],[-75.07155,5.24442],[-75.07436,5.24375],[-75.08001,5.23064],[-75.08448,5.22598],[-75.08401,5.22352],[-75.09026,5.22063],[-75.09094,5.21544],[-75.09472,5.2144],[-75.1053,5.19739],[-75.10434,5.19483],[-75.10686,5.19133],[-75.10515,5.18923],[-75.1055,5.18549],[-75.10908,5.18429],[-75.11345,5.18023],[-75.11203,5.17857],[-75.11515,5.17378],[-75.11425,5.16959],[-75.11553,5.16535],[-75.11242,5.1657],[-75.11181,5.16379],[-75.1125,5.16238],[-75.11496,5.16243],[-75.11586,5.16004],[-75.11945,5.15907],[-75.12403,5.16036],[-75.12947,5.15536],[-75.13392,5.158],[-75.13895,5.15756],[-75.14177,5.1596],[-75.14357,5.16379],[-75.1492,5.16458],[-75.14952,5.16648],[-75.1548,5.17082],[-75.15587,5.16986],[-75.15844,5.17073],[-75.16114,5.16894],[-75.16239,5.17038],[-75.16516,5.16739],[-75.17068,5.17088],[-75.17294,5.16923],[-75.17361,5.16665],[-75.17849,5.16409],[-75.18241,5.1644],[-75.18335,5.1631],[-75.18664,5.16417],[-75.18804,5.16222],[-75.19175,5.16442],[-75.19383,5.16416],[-75.19811,5.16157],[-75.19787,5.15752],[-75.20065,5.15121],[-75.20391,5.14813],[-75.20734,5.14796],[-75.21484,5.13448],[-75.21816,5.13352],[-75.22134,5.13621],[-75.22207,5.1346],[-75.22844,5.13244],[-75.22817,5.13033],[-75.23071,5.12957],[-75.23172,5.12693],[-75.23534,5.12485],[-75.23802,5.12718],[-75.24039,5.1259],[-75.24511,5.12898],[-75.25146,5.12949],[-75.27584,5.14061],[-75.28322,5.14078],[-75.28751,5.13828],[-75.28888,5.13445],[-75.293,5.13137],[-75.29455,5.12727],[-75.29781,5.12539],[-75.2985,5.12094],[-75.30107,5.12112],[-75.30416,5.11923],[-75.30897,5.10983],[-75.31772,5.10248],[-75.32505,5.0993],[-75.32684,5.09522],[-75.33302,5.09125],[-75.33566,5.08755],[-75.34163,5.08483],[-75.34289,5.08216],[-75.34333,5.0724],[-75.34801,5.05664],[-75.34204,5.05301],[-75.33951,5.04606],[-75.33606,5.04425],[-75.33346,5.04507],[-75.32654,5.04086],[-75.31879,5.03073],[-75.31738,5.00532],[-75.31782,5.00121],[-75.32224,4.99482],[-75.32724,4.99105],[-75.32814,4.98637],[-75.33596,4.97428],[-75.35269,4.9657],[-75.35159,4.93404],[-75.34815,4.93026],[-75.34619,4.91487],[-75.33832,4.90098],[-75.33195,4.89655],[-75.31959,4.89234],[-75.32167,4.87195],[-75.32666,4.86202],[-75.33925,4.85151],[-75.34325,4.84494],[-75.35344,4.84191],[-75.35559,4.83974],[-75.35773,4.82708],[-75.37025,4.81229],[-75.37154,4.80707],[-75.37526,4.80385]]]}},{"type":"Feature","properties":{"shapeName":"Antioquia","shapeISO":"CO-ANT","shapeID":"13589884B3780741375954","shapeGroup":"COL","shapeType":"ADM1"},"geometry":{"type":"MultiPolygon","coordinates":[[[[-74.65755,5.77526],[-74.65571,5.78397],[-74.64995,5.79543],[-74.6451,5.81339],[-74.6454,5.81863],[-74.64861,5.82734],[-74.64872,5.83399],[-74.64469,5.84332],[-74.63662,5.87308],[-74.62889,5.8822],[-74.61974,5.88864],[-74.5958,5.89305],[-74.58877,5.8959],[-74.58629,5.89863],[-74.5859,5.90607],[-74.58912,5.91984],[-74.60045,5.93313],[-74.60544,5.95307],[-74.61153,5.96086],[-74.61093,5.97122],[-74.6072,5.97581],[-74.5943,5.98295],[-74.58903,5.98392],[-74.5769,5.98219],[-74.57074,5.9837],[-74.56539,5.98871],[-74.56105,6.00218],[-74.56967,6.02863],[-74.57184,6.04405],[-74.57039,6.05757],[-74.5627,6.06978],[-74.56132,6.07568],[-74.56583,6.07983],[-74.57801,6.08239],[-74.58933,6.08934],[-74.59503,6.09073],[-74.60242,6.09508],[-74.60578,6.10076],[-74.60582,6.10788],[-74.60979,6.12063],[-74.61108,6.13072],[-74.60654,6.1421],[-74.59994,6.15139],[-74.59657,6.15953],[-74.59299,6.16364],[-74.5868,6.16641],[-74.58463,6.16882],[-74.57606,6.1836],[-74.57373,6.20788],[-74.57235,6.21408],[-74.56812,6.22105],[-74.55787,6.23252],[-74.54392,6.25351],[-74.5391,6.26614],[-74.52111,6.27563],[-74.50927,6.27904],[-74.51084,6.28384],[-74.50241,6.28265],[-74.49674,6.2859],[-74.48695,6.29629],[-74.48237,6.30404],[-74.47385,6.30754],[-74.466,6.31306],[-74.45328,6.33201],[-74.44873,6.33617],[-74.43957,6.36993],[-74.43191,6.3858],[-74.42828,6.3892],[-74.42201,6.39334],[-74.40457,6.39199],[-74.39169,6.39427],[-74.38395,6.3974],[-74.37623,6.40404],[-74.36794,6.40872],[-74.36618,6.41994],[-74.36786,6.42701],[-74.37042,6.42974],[-74.38235,6.43556],[-74.38884,6.44614],[-74.39899,6.45851],[-74.40479,6.46938],[-74.4047,6.47747],[-74.40012,6.48183],[-74.39473,6.49207],[-74.39426,6.5048],[-74.4008,6.5225],[-74.4098,6.53041],[-74.41241,6.54404],[-74.40625,6.56379],[-74.40346,6.58547],[-74.40028,6.59066],[-74.38443,6.60433],[-74.36128,6.63286],[-74.34172,6.63452],[-74.33022,6.62957],[-74.30845,6.65641],[-74.27801,6.66318],[-74.26395,6.6701],[-74.25352,6.68047],[-74.24299,6.69606],[-74.22953,6.71166],[-74.22033,6.7169],[-74.2009,6.71828],[-74.18525,6.72179],[-74.17024,6.72869],[-74.14798,6.75121],[-74.13172,6.76446],[-74.11971,6.77806],[-74.10678,6.7869],[-74.09706,6.79591],[-74.08834,6.81095],[-74.08011,6.82025],[-74.07444,6.83739],[-74.06729,6.8521],[-74.0474,6.86724],[-74.03176,6.88254],[-74.0048,6.9133],[-73.98466,6.9293],[-73.94891,6.95284],[-73.93688,6.95633],[-73.92791,6.96092],[-73.91913,6.97087],[-73.90557,6.98156],[-73.89848,6.99152],[-73.88377,7.00374],[-73.87959,7.01455],[-73.87965,7.02462],[-73.88216,7.0292],[-73.88633,7.04756],[-73.88643,7.06364],[-73.88832,7.07028],[-73.89488,7.0809],[-73.91133,7.0956],[-73.92043,7.10961],[-73.92481,7.12374],[-73.92697,7.15165],[-73.93876,7.174],[-73.93819,7.18348],[-73.92446,7.21325],[-73.92205,7.24313],[-73.92453,7.25619],[-73.92441,7.27109],[-73.92158,7.28182],[-73.91689,7.2871],[-73.9134,7.2978],[-74.24435,7.00424],[-74.24832,7.00276],[-74.25249,7.0044],[-74.25702,7.0041],[-74.26206,7.00906],[-74.27516,7.01256],[-74.28346,7.0091],[-74.28714,7.00211],[-74.2917,7.0048],[-74.29531,7.005],[-74.30224,7.00283],[-74.30551,6.99982],[-74.30908,7.00238],[-74.30722,7.00556],[-74.31333,7.00768],[-74.31995,7.01914],[-74.32302,7.0192],[-74.32256,7.01831],[-74.32668,7.01606],[-74.32863,7.01126],[-74.33299,7.0127],[-74.34931,7.01287],[-74.35457,7.01089],[-74.35432,7.02024],[-74.3527,7.02538],[-74.35434,7.02955],[-74.35279,7.03316],[-74.35001,7.05546],[-74.35221,7.06612],[-74.35171,7.08236],[-74.356,7.08911],[-74.35965,7.08861],[-74.36298,7.08577],[-74.36403,7.09123],[-74.36704,7.09284],[-74.3715,7.09849],[-74.3719,7.10382],[-74.36886,7.10588],[-74.37099,7.10972],[-74.36894,7.11282],[-74.37088,7.11676],[-74.3687,7.12063],[-74.36885,7.12425],[-74.37598,7.13219],[-74.37707,7.14116],[-74.3814,7.14911],[-74.38531,7.16116],[-74.38819,7.16465],[-74.38965,7.17079],[-74.39143,7.17287],[-74.3963,7.1739],[-74.40044,7.18873],[-74.4056,7.18966],[-74.40736,7.19162],[-74.4094,7.20215],[-74.4043,7.20942],[-74.4077,7.21696],[-74.4046,7.22343],[-74.40472,7.22881],[-74.3999,7.23492],[-74.39601,7.2553],[-74.38958,7.26384],[-74.39003,7.27005],[-74.38746,7.27628],[-74.38878,7.28522],[-74.38628,7.29755],[-74.38802,7.30115],[-74.39308,7.30149],[-74.39472,7.30881],[-74.39924,7.31141],[-74.40076,7.31472],[-74.40195,7.33023],[-74.40084,7.3392],[-74.39827,7.34291],[-74.39737,7.34819],[-74.39119,7.35336],[-74.38787,7.3612],[-74.37594,7.36481],[-74.37405,7.36668],[-74.37251,7.37622],[-74.36116,7.38861],[-74.36079,7.39458],[-74.35552,7.3997],[-74.34815,7.40308],[-74.344,7.41195],[-74.34002,7.41378],[-74.33902,7.41736],[-74.34166,7.42577],[-74.34803,7.43087],[-74.353,7.43277],[-74.3583,7.43899],[-74.35944,7.44335],[-74.36399,7.44612],[-74.36492,7.44967],[-74.36374,7.45948],[-74.36535,7.46264],[-74.37208,7.46731],[-74.37256,7.46946],[-74.37029,7.47558],[-74.3717,7.47883],[-74.37441,7.47497],[-74.38121,7.47316],[-74.38565,7.46623],[-74.38859,7.46405],[-74.39447,7.46366],[-74.3984,7.46104],[-74.41208,7.46105],[-74.41484,7.45312],[-74.42188,7.44303],[-74.42142,7.44123],[-74.41362,7.44095],[-74.41168,7.43893],[-74.41588,7.41162],[-74.41126,7.39722],[-74.412,7.39067],[-74.41792,7.38205],[-74.42276,7.37942],[-74.43871,7.38144],[-74.44604,7.38004],[-74.45342,7.36994],[-74.45451,7.36452],[-74.46194,7.36119],[-74.46564,7.35756],[-74.46736,7.3466],[-74.48891,7.34317],[-74.49526,7.34538],[-74.49674,7.34739],[-74.50475,7.36087],[-74.51018,7.3765],[-74.51499,7.38416],[-74.52735,7.39026],[-74.53364,7.40025],[-74.54259,7.40368],[-74.54751,7.41108],[-74.55792,7.41455],[-74.56039,7.41855],[-74.56086,7.42827],[-74.56324,7.43286],[-74.5746,7.43175],[-74.58488,7.43737],[-74.58551,7.44188],[-74.58338,7.44344],[-74.58269,7.44689],[-74.58937,7.44826],[-74.59155,7.4524],[-74.59585,7.45546],[-74.59816,7.46091],[-74.59777,7.47208],[-74.58822,7.48261],[-74.58848,7.48593],[-74.5928,7.49059],[-74.59287,7.49914],[-74.59018,7.50522],[-74.59023,7.51104],[-74.58668,7.51416],[-74.57383,7.5145],[-74.56838,7.51811],[-74.57005,7.53337],[-74.56711,7.53791],[-74.56692,7.54302],[-74.57022,7.55404],[-74.57053,7.57768],[-74.56937,7.58161],[-74.56653,7.58424],[-74.56757,7.59457],[-74.56315,7.60731],[-74.56355,7.61281],[-74.56645,7.61778],[-74.56684,7.62182],[-74.5654,7.63585],[-74.56217,7.64493],[-74.55966,7.64742],[-74.55182,7.64986],[-74.54437,7.65538],[-74.54157,7.66247],[-74.53632,7.66385],[-74.51611,7.66316],[-74.49697,7.65979],[-74.49107,7.66229],[-74.48303,7.67318],[-74.48052,7.68304],[-74.48105,7.69016],[-74.47627,7.70315],[-74.47666,7.70754],[-74.46148,7.72391],[-74.46148,7.72939],[-74.4684,7.73547],[-74.50382,7.75329],[-74.51313,7.76823],[-74.51419,7.78236],[-74.51551,7.78318],[-74.52109,7.78064],[-74.52479,7.7818],[-74.52381,7.79244],[-74.51895,7.79557],[-74.51695,7.79963],[-74.51722,7.81721],[-74.52559,7.83603],[-74.52725,7.84861],[-74.52724,7.85208],[-74.52474,7.85455],[-74.52479,7.85998],[-74.52239,7.86156],[-74.52138,7.8658],[-74.52277,7.88175],[-74.52086,7.90395],[-74.52683,7.91005],[-74.53109,7.91258],[-74.53386,7.91208],[-74.53715,7.91769],[-74.53641,7.93542],[-74.53855,7.94731],[-74.5471,7.94917],[-74.5504,7.95629],[-74.55523,7.95698],[-74.55919,7.96138],[-74.56046,7.96936],[-74.56928,7.97257],[-74.57366,7.9759],[-74.57522,7.98137],[-74.57468,7.98513],[-74.57726,7.98683],[-74.57816,7.9947],[-74.58308,8.0003],[-74.59056,8.00461],[-74.59231,8.01056],[-74.59759,8.01807],[-74.59749,8.02455],[-74.60363,8.03238],[-74.60312,8.03705],[-74.61529,8.03149],[-74.6219,8.0352],[-74.62561,8.03903],[-74.6313,8.05178],[-74.63452,8.05519],[-74.64333,8.05588],[-74.64683,8.0549],[-74.64962,8.0521],[-74.65627,8.05398],[-74.66411,8.05961],[-74.68233,8.08363],[-74.69094,8.08906],[-74.72048,8.10079],[-74.72526,8.11696],[-74.73463,8.1168],[-74.74646,8.12341],[-74.74892,8.12654],[-74.75276,8.12591],[-74.75927,8.12875],[-74.76375,8.12484],[-74.77129,8.12148],[-74.77395,8.12169],[-74.78068,8.13004],[-74.7867,8.13254],[-74.78909,8.13888],[-74.80007,8.13924],[-74.81198,8.14367],[-74.81564,8.14871],[-74.81575,8.15148],[-74.81332,8.1561],[-74.81724,8.16821],[-74.81331,8.17537],[-74.81384,8.18339],[-74.81617,8.19031],[-74.81993,8.19255],[-74.825,8.19917],[-74.87179,8.19976],[-74.87554,8.19792],[-74.87603,8.18655],[-74.87323,8.17396],[-74.88051,8.14768],[-74.87986,8.13948],[-74.89207,8.12293],[-74.89395,8.11666],[-74.90018,8.10962],[-74.91229,8.10099],[-74.91845,8.09248],[-74.92399,8.08035],[-74.93119,8.07445],[-74.95102,8.07979],[-74.9678,8.09417],[-74.97738,8.09177],[-75.00613,8.0726],[-75.02291,8.06601],[-75.03067,8.06027],[-75.04062,8.05631],[-75.04572,8.05202],[-75.07204,8.05173],[-75.08007,8.05488],[-75.09352,8.05664],[-75.11707,8.05248],[-75.14024,8.05309],[-75.15516,8.05518],[-75.16607,8.04924],[-75.18344,8.04984],[-75.19183,8.05164],[-75.2104,8.06302],[-75.22418,8.06002],[-75.22837,8.05643],[-75.23756,8.04036],[-75.23925,8.02818],[-75.24591,8.01509],[-75.26095,7.99721],[-75.27555,7.99252],[-75.28108,7.98095],[-75.2893,7.97646],[-75.29186,7.96916],[-75.29605,7.96402],[-75.30292,7.95984],[-75.30369,7.95688],[-75.30875,7.95375],[-75.31629,7.94532],[-75.32193,7.94474],[-75.33096,7.9498],[-75.33619,7.9498],[-75.34003,7.90959],[-75.34727,7.88805],[-75.35079,7.8835],[-75.35902,7.87659],[-75.37198,7.87135],[-75.38531,7.86834],[-75.39789,7.85935],[-75.41199,7.84625],[-75.41567,7.83659],[-75.41772,7.83518],[-75.42664,7.84018],[-75.4542,7.83359],[-75.45959,7.82281],[-75.46378,7.78567],[-75.47397,7.77309],[-75.48175,7.75872],[-75.48295,7.75093],[-75.48175,7.74194],[-75.49194,7.72461],[-75.49631,7.71979],[-75.49705,7.71656],[-75.51066,7.71497],[-75.51087,7.71333],[-75.51445,7.71144],[-75.53361,7.70782],[-75.5426,7.70457],[-75.55158,7.70098],[-75.55716,7.69419],[-75.56082,7.67539],[-75.56011,7.66489],[-75.56194,7.65507],[-75.57156,7.64047],[-75.57221,7.63167],[-75.57033,7.62626],[-75.57335,7.61846],[-75.58281,7.60658],[-75.59926,7.60262],[-75.60298,7.60007],[-75.6016,7.5933],[-75.60258,7.58213],[-75.60988,7.58005],[-75.63299,7.58018],[-75.64962,7.58665],[-75.66133,7.59335],[-75.67376,7.59725],[-75.67609,7.59564],[-75.68306,7.58473],[-75.6948,7.58045],[-75.7115,7.5819],[-75.74147,7.61107],[-75.74334,7.61174],[-75.7474,7.60834],[-75.7589,7.60518],[-75.76159,7.59924],[-75.76046,7.58453],[-75.76203,7.57392],[-75.77048,7.56526],[-75.77265,7.55611],[-75.77191,7.54223],[-75.76864,7.53022],[-75.77134,7.52564],[-75.78369,7.51645],[-75.78503,7.51374],[-75.78298,7.50816],[-75.77785,7.50302],[-75.77692,7.50021],[-75.78229,7.48662],[-75.78797,7.47694],[-75.78889,7.45903],[-75.80196,7.4466],[-75.80885,7.44669],[-75.82214,7.44153],[-75.82669,7.43446],[-75.8271,7.42989],[-75.82082,7.42055],[-75.8204,7.41706],[-75.83325,7.3979],[-75.83679,7.38743],[-75.83493,7.37138],[-75.8409,7.36323],[-75.9663,7.35722],[-76.38393,7.39229],[-76.40188,7.41009],[-76.42034,7.43556],[-76.4291,7.4504],[-76.43064,7.46105],[-76.45047,7.49023],[-76.45607,7.50522],[-76.46121,7.50851],[-76.46374,7.51662],[-76.48424,7.53339],[-76.48925,7.54206],[-76.49811,7.55142],[-76.50255,7.56042],[-76.50994,7.58393],[-76.50473,7.62824],[-76.4979,7.64447],[-76.48918,7.65952],[-76.48826,7.68534],[-76.49004,7.7015],[-76.48864,7.72024],[-76.49092,7.73025],[-76.49614,7.74182],[-76.4954,7.75039],[-76.4846,7.75678],[-76.48149,7.76471],[-76.48102,7.77017],[-76.48283,7.77835],[-76.47608,7.81737],[-76.47776,7.83154],[-76.46945,7.84486],[-76.46634,7.85647],[-76.45973,7.86511],[-76.45243,7.8681],[-76.43731,7.89529],[-76.4198,7.91034],[-76.41531,7.95267],[-76.41668,7.98587],[-76.41466,7.99636],[-76.427,8.01709],[-76.42704,8.02396],[-76.42269,8.03418],[-76.41605,8.07063],[-76.4084,8.08246],[-76.40468,8.08591],[-76.38983,8.09345],[-76.38413,8.10154],[-76.3798,8.1142],[-76.37708,8.13466],[-76.36569,8.16128],[-76.36001,8.16717],[-76.34515,8.17423],[-76.34183,8.18644],[-76.3437,8.19621],[-76.3427,8.20731],[-76.337,8.21201],[-76.33269,8.22481],[-76.3321,8.23307],[-76.321,8.27648],[-76.31745,8.28239],[-76.30972,8.28625],[-76.30497,8.29209],[-76.30453,8.30795],[-76.30192,8.31536],[-76.29789,8.32062],[-76.28361,8.33156],[-76.27236,8.3444],[-76.25183,8.36082],[-76.23517,8.36768],[-76.21394,8.38145],[-76.19449,8.38975],[-76.19118,8.39245],[-76.1902,8.40024],[-76.1935,8.40828],[-76.21136,8.43546],[-76.21241,8.43979],[-76.21039,8.46434],[-76.21336,8.50036],[-76.218,8.51583],[-76.23234,8.53868],[-76.23458,8.54551],[-76.2344,8.55551],[-76.2293,8.56229],[-76.22254,8.5681],[-76.22281,8.57326],[-76.24253,8.57234],[-76.24966,8.57922],[-76.2526,8.58531],[-76.2523,8.60027],[-76.25476,8.6108],[-76.26363,8.61729],[-76.26626,8.62086],[-76.26525,8.62905],[-76.26749,8.63462],[-76.27091,8.63814],[-76.27437,8.63948],[-76.28338,8.64866],[-76.2945,8.6528],[-76.30203,8.65232],[-76.30943,8.6557],[-76.31814,8.65674],[-76.32977,8.65274],[-76.3381,8.64645],[-76.34138,8.64592],[-76.34537,8.65172],[-76.34723,8.65745],[-76.34883,8.66887],[-76.35329,8.67983],[-76.35579,8.69509],[-76.3657,8.71852],[-76.39972,8.74623],[-76.40755,8.74623],[-76.41212,8.74783],[-76.41645,8.75533],[-76.41578,8.75814],[-76.39932,8.77412],[-76.39526,8.78162],[-76.38918,8.78373],[-76.38592,8.78679],[-76.38454,8.7909],[-76.41363,8.88974],[-76.41516,8.887],[-76.41365,8.87215],[-76.4206,8.85988],[-76.4286,8.85289],[-76.47862,8.82641],[-76.48715,8.81621],[-76.51015,8.80322],[-76.51459,8.78039],[-76.53061,8.76899],[-76.55749,8.75548],[-76.58284,8.74661],[-76.60819,8.74019],[-76.60973,8.73671],[-76.62985,8.73132],[-76.62769,8.72723],[-76.62754,8.72182],[-76.63217,8.7151],[-76.63844,8.71074],[-76.63319,8.69786],[-76.63439,8.68932],[-76.63848,8.68542],[-76.64495,8.67458],[-76.64908,8.67122],[-76.68501,8.65701],[-76.73531,8.64594],[-76.73854,8.64415],[-76.74044,8.64479],[-76.75587,8.63905],[-76.77554,8.63457],[-76.84797,8.62367],[-76.8842,8.62216],[-76.88605,8.61952],[-76.88725,8.60936],[-76.88626,8.60144],[-76.89245,8.59069],[-76.9028,8.57963],[-76.93449,8.55635],[-76.9381,8.55157],[-76.93793,8.5449],[-76.9341,8.53498],[-76.92904,8.52827],[-76.92537,8.52644],[-76.91953,8.52888],[-76.92604,8.53123],[-76.92835,8.53372],[-76.93205,8.54027],[-76.93173,8.54413],[-76.92368,8.54199],[-76.91935,8.54415],[-76.91671,8.54079],[-76.91671,8.5384],[-76.91215,8.53433],[-76.90381,8.53171],[-76.89423,8.52588],[-76.87091,8.5188],[-76.84423,8.50863],[-76.82589,8.49671],[-76.81305,8.48289],[-76.80633,8.47237],[-76.79688,8.45139],[-76.79454,8.43561],[-76.78906,8.42657],[-76.78813,8.42116],[-76.77556,8.42104],[-76.77322,8.41971],[-76.76778,8.41457],[-76.75934,8.39774],[-76.75731,8.38523],[-76.76038,8.354],[-76.75994,8.35024],[-76.75428,8.34348],[-76.75354,8.32675],[-76.76029,8.30096],[-76.76823,8.28185],[-76.76718,8.28018],[-76.76925,8.28004],[-76.77386,8.2692],[-76.7739,8.26514],[-76.76939,8.25754],[-76.76324,8.25555],[-76.76009,8.25285],[-76.75907,8.24649],[-76.75553,8.24061],[-76.75375,8.22652],[-76.75454,8.21969],[-76.75086,8.21596],[-76.74839,8.20377],[-76.7484,8.19547],[-76.74529,8.18949],[-76.74396,8.18141],[-76.73953,8.17176],[-76.73853,8.16545],[-76.74431,8.13714],[-76.74764,8.13043],[-76.75459,8.12292],[-76.75431,8.11648],[-76.75041,8.11238],[-76.74727,8.10415],[-76.74473,8.10182],[-76.74469,8.10493],[-76.74754,8.10698],[-76.74755,8.10956],[-76.74582,8.1114],[-76.74757,8.11213],[-76.75018,8.11856],[-76.74577,8.11652],[-76.74553,8.11962],[-76.74433,8.11979],[-76.74384,8.11679],[-76.74003,8.11212],[-76.73881,8.09985],[-76.74193,8.09023],[-76.74306,8.06499],[-76.73903,8.06494],[-76.73842,8.06697],[-76.73404,8.06965],[-76.73544,8.07133],[-76.73293,8.0711],[-76.7365,8.08704],[-76.7361,8.09079],[-76.73343,8.08997],[-76.72858,8.0914],[-76.73309,8.08927],[-76.73013,8.08618],[-76.72768,8.08682],[-76.72374,8.08257],[-76.72058,8.07033],[-76.7153,8.06251],[-76.71908,8.04036],[-76.72165,8.03726],[-76.72433,8.03724],[-76.72833,8.02692],[-76.73755,8.01831],[-76.73622,8.01422],[-76.73603,8.00117],[-76.73528,7.99951],[-76.7308,7.99758],[-76.7265,7.98155],[-76.73082,7.97318],[-76.74474,7.96266],[-76.74454,7.95634],[-76.74042,7.95083],[-76.73902,7.94462],[-76.74043,7.94192],[-76.74527,7.93834],[-76.74734,7.93768],[-76.74978,7.93922],[-76.75259,7.93722],[-76.74727,7.9315],[-76.74677,7.9289],[-76.74838,7.92056],[-76.75343,7.91626],[-76.77329,7.90871],[-76.79498,7.90459],[-76.8313,7.90267],[-76.85745,7.90389],[-76.86273,7.9003],[-76.86753,7.90389],[-76.88237,7.90543],[-76.91383,7.913],[-76.92291,7.9182],[-76.93108,7.93281],[-76.93273,7.9435],[-76.92873,7.96425],[-76.92932,7.98144],[-76.92783,7.98966],[-76.92073,7.99788],[-76.9246,8.00449],[-76.92757,8.0067],[-76.92421,8.01239],[-76.92685,8.01449],[-76.92411,8.02722],[-76.92054,8.02861],[-76.91774,8.02749],[-76.91733,8.03378],[-76.91484,8.03895],[-76.9106,8.04241],[-76.90182,8.04579],[-76.89212,8.04596],[-76.88167,8.0425],[-76.8754,8.03229],[-76.87366,8.02152],[-76.87086,8.02215],[-76.86604,8.0264],[-76.86268,8.02442],[-76.86339,8.02073],[-76.85663,8.02325],[-76.8524,8.02329],[-76.84563,8.01881],[-76.84174,8.01861],[-76.83956,8.02301],[-76.84189,8.02643],[-76.84729,8.02738],[-76.84828,8.02988],[-76.85012,8.02962],[-76.8474,8.0311],[-76.84817,8.03203],[-76.85918,8.03457],[-76.86187,8.03739],[-76.8611,8.04005],[-76.85854,8.03988],[-76.85834,8.04345],[-76.86116,8.043],[-76.86512,8.04468],[-76.86601,8.04848],[-76.86993,8.04659],[-76.87175,8.0475],[-76.87386,8.04872],[-76.87535,8.05212],[-76.87105,8.05518],[-76.8523,8.05717],[-76.84481,8.05189],[-76.84436,8.05078],[-76.84605,8.05058],[-76.84227,8.04736],[-76.84018,8.04758],[-76.84118,8.05079],[-76.83865,8.04934],[-76.83697,8.0432],[-76.83523,8.0432],[-76.83457,8.04564],[-76.83224,8.04622],[-76.83513,8.04871],[-76.8342,8.05134],[-76.83046,8.04885],[-76.83125,8.04694],[-76.82977,8.04707],[-76.82977,8.0487],[-76.83923,8.05815],[-76.84841,8.06036],[-76.85263,8.06005],[-76.85312,8.06167],[-76.86491,8.0611],[-76.86817,8.06662],[-76.86961,8.06569],[-76.87288,8.06717],[-76.87256,8.06941],[-76.87025,8.07198],[-76.86686,8.07231],[-76.86571,8.07456],[-76.85949,8.0737],[-76.85804,8.0758],[-76.84378,8.07806],[-76.84067,8.08236],[-76.83599,8.08239],[-76.83121,8.08674],[-76.82947,8.09063],[-76.82923,8.0929],[-76.83543,8.09488],[-76.83682,8.09429],[-76.83521,8.09149],[-76.83733,8.08931],[-76.84895,8.08838],[-76.85299,8.09191],[-76.85485,8.09173],[-76.85296,8.10393],[-76.85439,8.10481],[-76.85373,8.11001],[-76.85717,8.11258],[-76.85376,8.11533],[-76.85291,8.12151],[-76.84882,8.1209],[-76.84242,8.12432],[-76.83819,8.12306],[-76.8348,8.127],[-76.83117,8.12616],[-76.81782,8.13254],[-76.81243,8.13187],[-76.80867,8.12806],[-76.80676,8.12859],[-76.80845,8.1304],[-76.82357,8.13773],[-76.83408,8.13321],[-76.83541,8.13661],[-76.83379,8.1398],[-76.84148,8.13622],[-76.86686,8.13241],[-76.87072,8.13056],[-76.88286,8.12952],[-76.89293,8.13226],[-76.89373,8.13133],[-76.88991,8.12863],[-76.88762,8.12147],[-76.88746,8.11543],[-76.89563,8.10993],[-76.90146,8.10135],[-76.90524,8.10084],[-76.92574,8.09092],[-76.93134,8.09134],[-76.93566,8.09703],[-76.93597,8.10078],[-76.93857,8.10009],[-76.94079,8.10196],[-76.93646,8.10283],[-76.9363,8.10766],[-76.93918,8.10991],[-76.93675,8.10979],[-76.93773,8.11238],[-76.94208,8.11698],[-76.94678,8.1189],[-76.95241,8.12594],[-76.95247,8.1312],[-76.94969,8.13397],[-76.95046,8.14484],[-76.94373,8.15495],[-76.9456,8.16356],[-76.94291,8.1615],[-76.94344,8.16691],[-76.94158,8.16775],[-76.93755,8.16568],[-76.93537,8.1662],[-76.93528,8.16032],[-76.93316,8.15886],[-76.92988,8.16165],[-76.92978,8.16351],[-76.927,8.16325],[-76.9295,8.16512],[-76.92921,8.16755],[-76.93395,8.17087],[-76.93218,8.17145],[-76.93162,8.17406],[-76.92952,8.17358],[-76.92867,8.17506],[-76.92494,8.1724],[-76.92123,8.17209],[-76.92395,8.17733],[-76.91803,8.17707],[-76.91401,8.17923],[-76.91125,8.1776],[-76.91114,8.17919],[-76.91656,8.18126],[-76.92207,8.18105],[-76.92742,8.1786],[-76.93251,8.18036],[-76.93847,8.17867],[-76.93983,8.18012],[-76.93625,8.18354],[-76.92526,8.20255],[-76.92532,8.20588],[-76.92792,8.20764],[-76.92615,8.20275],[-76.92825,8.19888],[-76.92885,8.20163],[-76.9421,8.20922],[-76.93761,8.1995],[-76.93343,8.19765],[-76.93487,8.19566],[-76.93421,8.19001],[-76.93919,8.18177],[-76.94291,8.18024],[-76.94656,8.18425],[-76.95202,8.18239],[-76.95682,8.18455],[-76.95899,8.18737],[-76.96462,8.20502],[-76.96663,8.20584],[-76.96547,8.20729],[-76.96646,8.21786],[-76.96498,8.22335],[-76.96532,8.22643],[-76.96993,8.23215],[-76.96707,8.23403],[-76.96836,8.24374],[-76.96419,8.24487],[-76.96311,8.23813],[-76.95822,8.23931],[-76.95617,8.23557],[-76.9547,8.23667],[-76.95394,8.24288],[-76.94985,8.2517],[-76.94607,8.248],[-76.94363,8.24783],[-76.94514,8.24491],[-76.94278,8.24861],[-76.95026,8.25319],[-76.96256,8.25643],[-76.97613,8.25651],[-76.98,8.2548],[-76.97825,8.24843],[-76.97854,8.23013],[-76.96665,8.19296],[-76.95425,8.17921],[-76.95008,8.17061],[-76.95436,8.14485],[-76.95537,8.12002],[-76.9575,8.11692],[-76.96067,8.11693],[-76.96461,8.12208],[-76.96489,8.12712],[-76.96819,8.13275],[-76.97722,8.13236],[-76.9787,8.12672],[-76.98099,8.12479],[-76.98247,8.12053],[-76.98628,8.10566],[-76.97966,8.09921],[-76.96673,8.0949],[-76.96713,8.09073],[-76.96481,8.08532],[-76.96585,8.07805],[-76.96421,8.07447],[-76.95813,8.07808],[-76.94791,8.06693],[-76.9546,8.04193],[-76.96442,8.03409],[-76.97068,8.03198],[-76.98805,8.0309],[-76.99434,8.02358],[-77.00537,7.98742],[-77.00616,7.97751],[-77.00479,7.96947],[-77.00022,7.96098],[-77.00034,7.95719],[-77.00382,7.95302],[-77.00721,7.95146],[-77.01914,7.95085],[-77.02138,7.94958],[-77.02029,7.94498],[-77.01371,7.93901],[-77.01309,7.93132],[-77.01474,7.92431],[-77.02333,7.9054],[-77.02779,7.88652],[-77.0311,7.8802],[-77.04941,7.86423],[-77.05799,7.85189],[-77.06289,7.84904],[-77.07611,7.84774],[-77.08042,7.84528],[-77.09139,7.8271],[-77.09505,7.82437],[-77.10294,7.82364],[-77.11744,7.83177],[-77.12273,7.83287],[-77.12633,7.83084],[-77.12709,7.82551],[-77.12289,7.7885],[-77.12054,7.78593],[-77.11491,7.78371],[-77.11343,7.77926],[-77.07464,7.75154],[-77.06269,7.73189],[-77.05458,7.71338],[-77.03894,7.70218],[-77.03534,7.69788],[-77.0302,7.68954],[-77.02532,7.67723],[-77.01619,7.66813],[-76.99659,7.65262],[-76.99136,7.64371],[-76.9896,7.63578],[-76.98717,7.6318],[-76.97358,7.62427],[-76.95943,7.61969],[-76.9519,7.61472],[-76.94367,7.61322],[-76.87184,7.54905],[-76.82943,7.5213],[-76.82566,7.51403],[-76.82738,7.50647],[-76.81948,7.50365],[-76.8026,7.47614],[-76.78006,7.44995],[-76.72926,7.38586],[-76.71713,7.36761],[-76.695,7.3624],[-76.64308,7.32742],[-76.64143,7.32335],[-76.63782,7.32106],[-76.63226,7.32056],[-76.62678,7.32364],[-76.62402,7.32352],[-76.61925,7.31706],[-76.61525,7.31635],[-76.61052,7.31188],[-76.6034,7.31441],[-76.60529,7.30966],[-76.58555,7.29866],[-76.58256,7.29899],[-76.57961,7.30138],[-76.57701,7.30097],[-76.57363,7.29809],[-76.56892,7.29037],[-76.56681,7.2816],[-76.56316,7.27449],[-76.54492,7.25891],[-76.53585,7.25639],[-76.53496,7.25799],[-76.53275,7.25802],[-76.52484,7.24294],[-76.52116,7.22982],[-76.51624,7.22334],[-76.51703,7.21506],[-76.51367,7.21247],[-76.51342,7.20523],[-76.50824,7.2016],[-76.50488,7.19616],[-76.50879,7.17728],[-76.50724,7.17391],[-76.50128,7.17106],[-76.50414,7.16796],[-76.50336,7.16433],[-76.50544,7.16071],[-76.50545,7.1545],[-76.50286,7.14932],[-76.4913,7.14456],[-76.48291,7.13327],[-76.48739,7.12852],[-76.49359,7.12822],[-76.49835,7.13668],[-76.50814,7.13874],[-76.51057,7.12124],[-76.51603,7.11087],[-76.52219,7.10654],[-76.52002,7.10044],[-76.52093,7.09858],[-76.52945,7.09739],[-76.5305,7.09498],[-76.53042,7.0815],[-76.53637,7.07371],[-76.54134,7.06406],[-76.53696,7.0589],[-76.53922,7.05514],[-76.54333,7.05365],[-76.54105,7.04725],[-76.54348,7.04159],[-76.54228,7.02932],[-76.54411,7.02135],[-76.54797,7.01564],[-76.54654,7.0077],[-76.54744,7.0027],[-76.55872,6.99057],[-76.56435,6.98754],[-76.57193,6.97833],[-76.57673,6.97885],[-76.58388,6.98299],[-76.58505,6.99247],[-76.58887,6.99886],[-76.59033,7.00842],[-76.59373,7.01212],[-76.5966,7.01142],[-76.60368,7.00049],[-76.60948,7.01242],[-76.61528,7.01599],[-76.636,7.0145],[-76.6405,7.01291],[-76.64515,7.00835],[-76.65073,7.01001],[-76.65552,7.01695],[-76.67086,7.02281],[-76.6761,7.02793],[-76.68363,7.02304],[-76.6963,7.02289],[-76.70666,7.02492],[-76.82478,7.00546],[-76.83464,6.99927],[-76.84267,6.98806],[-76.83812,6.98709],[-76.83225,6.98921],[-76.82837,6.97975],[-76.83058,6.97369],[-76.82961,6.97225],[-76.82375,6.9767],[-76.82015,6.97689],[-76.8189,6.97543],[-76.82217,6.96538],[-76.82883,6.95812],[-76.82855,6.95529],[-76.82479,6.95521],[-76.81822,6.96336],[-76.81318,6.96352],[-76.81059,6.96157],[-76.80941,6.95192],[-76.80802,6.94983],[-76.80592,6.9483],[-76.80033,6.94886],[-76.79934,6.94021],[-76.79649,6.93423],[-76.7992,6.92487],[-76.79643,6.90517],[-76.79224,6.89939],[-76.79186,6.89386],[-76.78774,6.89034],[-76.78749,6.87945],[-76.78984,6.87592],[-76.79424,6.87565],[-76.79477,6.87426],[-76.79098,6.87107],[-76.79113,6.86776],[-76.79793,6.86139],[-76.80538,6.86246],[-76.81388,6.85894],[-76.82798,6.85952],[-76.83062,6.85792],[-76.83126,6.85393],[-76.82402,6.85065],[-76.81865,6.84547],[-76.81753,6.83799],[-76.81904,6.83501],[-76.82762,6.83764],[-76.83772,6.83247],[-76.84721,6.83286],[-76.84972,6.83553],[-76.85186,6.84298],[-76.85406,6.84543],[-76.85979,6.84686],[-76.86235,6.8442],[-76.86745,6.84451],[-76.87435,6.85066],[-76.87788,6.8518],[-76.88079,6.84859],[-76.88604,6.84623],[-76.89076,6.83817],[-76.8985,6.83381],[-76.90089,6.83458],[-76.90047,6.83695],[-76.90279,6.83627],[-76.91261,6.84309],[-76.91565,6.84195],[-76.91569,6.84583],[-76.91886,6.84385],[-76.92551,6.83191],[-76.93179,6.81368],[-76.95703,6.81616],[-76.96885,6.81378],[-76.97096,6.81213],[-76.9731,6.80607],[-76.97161,6.79728],[-76.9677,6.79497],[-76.95958,6.79486],[-76.9581,6.7928],[-76.96432,6.78041],[-76.96251,6.76052],[-76.96669,6.74722],[-76.96646,6.74114],[-76.96187,6.73499],[-76.95836,6.72533],[-76.95406,6.72292],[-76.94588,6.72442],[-76.94018,6.72287],[-76.93723,6.72033],[-76.93333,6.71125],[-76.93574,6.70829],[-76.94186,6.7062],[-76.94732,6.6958],[-76.95208,6.69074],[-76.95916,6.68961],[-76.96281,6.68704],[-76.96388,6.68164],[-76.96085,6.67668],[-76.95651,6.67451],[-76.95113,6.67442],[-76.94611,6.67806],[-76.94172,6.68435],[-76.93983,6.68471],[-76.93677,6.65498],[-76.93394,6.65121],[-76.92814,6.64925],[-76.92245,6.64948],[-76.91954,6.6514],[-76.91671,6.6617],[-76.9128,6.66698],[-76.90715,6.67138],[-76.9039,6.67192],[-76.89989,6.67026],[-76.89699,6.66517],[-76.89684,6.65947],[-76.9004,6.65396],[-76.91116,6.64336],[-76.91231,6.63913],[-76.90992,6.63024],[-76.90424,6.62617],[-76.89799,6.62516],[-76.87865,6.6299],[-76.87039,6.62958],[-76.86204,6.62547],[-76.85966,6.62312],[-76.85856,6.61923],[-76.85942,6.61548],[-76.86385,6.60953],[-76.86798,6.60861],[-76.88201,6.60985],[-76.88642,6.60839],[-76.89023,6.60498],[-76.89722,6.59316],[-76.89943,6.58472],[-76.898,6.57752],[-76.89286,6.56757],[-76.88696,6.56155],[-76.88261,6.56025],[-76.87657,6.56652],[-76.86548,6.57105],[-76.86144,6.5695],[-76.85263,6.56108],[-76.84813,6.54761],[-76.84627,6.53314],[-76.84166,6.52189],[-76.83922,6.51966],[-76.83599,6.51935],[-76.82561,6.52576],[-76.82149,6.52604],[-76.81988,6.52449],[-76.81962,6.52011],[-76.82359,6.51026],[-76.82006,6.48742],[-76.81599,6.48715],[-76.8054,6.505],[-76.80276,6.50699],[-76.79914,6.50723],[-76.7916,6.4956],[-76.77841,6.48985],[-76.76719,6.47772],[-76.76677,6.47019],[-76.76863,6.46591],[-76.77065,6.46481],[-76.7751,6.46608],[-76.77659,6.47439],[-76.77902,6.47599],[-76.78118,6.47514],[-76.78421,6.45826],[-76.79253,6.45203],[-76.7952,6.44479],[-76.79518,6.438],[-76.79098,6.43377],[-76.78168,6.43304],[-76.77292,6.43905],[-76.76986,6.43966],[-76.76415,6.43784],[-76.76258,6.43335],[-76.76398,6.42703],[-76.76697,6.42249],[-76.77414,6.42121],[-76.78853,6.425],[-76.79523,6.42123],[-76.79549,6.41626],[-76.79328,6.4102],[-76.76968,6.39604],[-76.76639,6.39291],[-76.76552,6.38968],[-76.76626,6.38371],[-76.7683,6.38099],[-76.77174,6.38003],[-76.78213,6.38194],[-76.78442,6.38141],[-76.78605,6.3791],[-76.78556,6.3734],[-76.7748,6.3697],[-76.77252,6.36713],[-76.77185,6.36238],[-76.7748,6.3582],[-76.78381,6.35496],[-76.78872,6.35017],[-76.79049,6.34381],[-76.78998,6.33932],[-76.77927,6.3334],[-76.77814,6.32899],[-76.78705,6.32663],[-76.78938,6.32467],[-76.78996,6.32179],[-76.78905,6.31826],[-76.78241,6.30851],[-76.78499,6.297],[-76.78377,6.29216],[-76.78096,6.28819],[-76.77718,6.2853],[-76.77222,6.28434],[-76.75553,6.28464],[-76.75261,6.28339],[-76.74932,6.27919],[-76.74951,6.27438],[-76.75532,6.26787],[-76.75893,6.26084],[-76.75736,6.25372],[-76.75166,6.24739],[-76.74431,6.24297],[-76.73321,6.23732],[-76.72538,6.23759],[-76.72398,6.23652],[-76.72736,6.22534],[-76.72471,6.22157],[-76.71819,6.21809],[-76.72192,6.20129],[-76.72065,6.19758],[-76.71451,6.19236],[-76.71531,6.18864],[-76.72046,6.18126],[-76.71803,6.17224],[-76.70431,6.16915],[-76.69435,6.16314],[-76.68962,6.16596],[-76.6892,6.1623],[-76.68721,6.16149],[-76.68491,6.16266],[-76.68379,6.16681],[-76.68108,6.16897],[-76.6842,6.17126],[-76.67746,6.17323],[-76.67333,6.17051],[-76.67226,6.17417],[-76.66867,6.16963],[-76.66668,6.17172],[-76.66348,6.17065],[-76.65529,6.17317],[-76.64401,6.16821],[-76.63966,6.17466],[-76.63077,6.17494],[-76.62522,6.1826],[-76.61977,6.1854],[-76.6015,6.19234],[-76.59907,6.19066],[-76.59776,6.18695],[-76.59084,6.18925],[-76.58841,6.18821],[-76.58351,6.19345],[-76.58163,6.19233],[-76.58258,6.18914],[-76.58015,6.18723],[-76.57112,6.18649],[-76.55992,6.18019],[-76.54965,6.17821],[-76.53555,6.17894],[-76.5328,6.17757],[-76.52644,6.17764],[-76.51941,6.17998],[-76.5082,6.1739],[-76.49774,6.17375],[-76.48854,6.16844],[-76.48247,6.16205],[-76.47645,6.16159],[-76.47516,6.17197],[-76.46868,6.17657],[-76.46318,6.17541],[-76.44926,6.16858],[-76.43794,6.16956],[-76.43094,6.16658],[-76.41987,6.16573],[-76.41501,6.167],[-76.40914,6.17238],[-76.40852,6.18015],[-76.40517,6.18559],[-76.37757,6.19528],[-76.36099,6.19318],[-76.35126,6.19615],[-76.33881,6.19715],[-76.33279,6.19616],[-76.32641,6.20259],[-76.31734,6.20198],[-76.30973,6.19979],[-76.29467,6.20038],[-76.28623,6.19375],[-76.28388,6.19333],[-76.2765,6.19654],[-76.27375,6.20041],[-76.26155,6.20916],[-76.25972,6.20901],[-76.25471,6.20443],[-76.24825,6.20406],[-76.23925,6.20973],[-76.22559,6.19469],[-76.22467,6.18903],[-76.21252,6.1676],[-76.20341,6.16333],[-76.20095,6.16056],[-76.20057,6.15708],[-76.20579,6.14735],[-76.20068,6.1412],[-76.20331,6.13376],[-76.20187,6.12078],[-76.19623,6.10444],[-76.19756,6.09788],[-76.19696,6.08018],[-76.19183,6.06348],[-76.18855,6.05953],[-76.1873,6.05427],[-76.18245,6.04752],[-76.17474,6.04358],[-76.17255,6.03778],[-76.1724,6.0301],[-76.17017,6.02675],[-76.17265,6.01739],[-76.16825,6.01392],[-76.16534,6.00704],[-76.1592,6.00358],[-76.15511,6.00451],[-76.14963,5.99997],[-76.14432,5.99769],[-76.14084,5.99943],[-76.13185,5.9998],[-76.12888,6.00699],[-76.12441,6.01208],[-76.12392,6.01772],[-76.12243,6.01964],[-76.11173,6.02088],[-76.10888,6.01822],[-76.10485,6.0184],[-76.10225,6.01468],[-76.0982,6.01492],[-76.09767,6.01007],[-76.09261,6.00265],[-76.08889,5.99999],[-76.0879,5.99077],[-76.08585,5.98742],[-76.08027,5.98903],[-76.0715,5.98469],[-76.07063,5.98079],[-76.06666,5.978],[-76.07058,5.95534],[-76.06809,5.94498],[-76.07015,5.93168],[-76.07863,5.91085],[-76.08558,5.87462],[-76.09847,5.85069],[-76.09921,5.84215],[-76.09909,5.82558],[-76.09702,5.81541],[-76.09093,5.80048],[-76.08445,5.79092],[-76.07125,5.78064],[-76.07571,5.77279],[-76.08067,5.76894],[-76.08111,5.76702],[-76.06727,5.75805],[-76.06616,5.75399],[-76.06897,5.75053],[-76.07094,5.74353],[-76.06935,5.72485],[-76.07036,5.72105],[-76.07933,5.71028],[-76.07994,5.7043],[-76.08442,5.69673],[-76.08695,5.68864],[-76.08186,5.68305],[-76.07558,5.68016],[-76.07163,5.67488],[-76.06643,5.6722],[-76.06653,5.66713],[-76.05394,5.66147],[-76.04355,5.65367],[-76.03571,5.65152],[-76.02591,5.64275],[-76.02208,5.6357],[-76.01146,5.63056],[-76.01011,5.62592],[-76.00515,5.62192],[-76.00478,5.61798],[-76.00742,5.61254],[-76.00261,5.60079],[-76.01124,5.59447],[-76.01218,5.59236],[-76.00765,5.58663],[-76.00663,5.58076],[-76.00655,5.57579],[-76.00913,5.56804],[-76.00765,5.56293],[-76.0025,5.5602],[-76.00229,5.55269],[-75.99897,5.54151],[-75.9896,5.53576],[-75.98804,5.5285],[-75.98339,5.5194],[-75.96947,5.51254],[-75.96363,5.51205],[-75.95986,5.50541],[-75.95362,5.50918],[-75.93618,5.51],[-75.93011,5.50872],[-75.93109,5.50594],[-75.92649,5.50135],[-75.92308,5.49435],[-75.91492,5.48859],[-75.90786,5.48621],[-75.90553,5.48039],[-75.89161,5.48438],[-75.88419,5.4839],[-75.87127,5.49255],[-75.8674,5.48817],[-75.86454,5.49397],[-75.85973,5.49611],[-75.85368,5.49598],[-75.84957,5.49214],[-75.84399,5.49272],[-75.83128,5.48809],[-75.82788,5.49231],[-75.82729,5.49921],[-75.81761,5.51166],[-75.81537,5.51351],[-75.80722,5.51443],[-75.80162,5.52632],[-75.792,5.53242],[-75.78594,5.54054],[-75.77627,5.53965],[-75.77387,5.53472],[-75.77065,5.53485],[-75.76992,5.53851],[-75.77187,5.54044],[-75.77211,5.54334],[-75.76756,5.55203],[-75.76134,5.5538],[-75.7449,5.55232],[-75.73669,5.56089],[-75.73071,5.56355],[-75.72614,5.55642],[-75.72053,5.55158],[-75.71651,5.55039],[-75.70886,5.54042],[-75.70614,5.54015],[-75.69679,5.53139],[-75.68591,5.52505],[-75.6813,5.52427],[-75.6761,5.52773],[-75.67316,5.52712],[-75.6699,5.52891],[-75.66336,5.52673],[-75.66189,5.52743],[-75.65625,5.52443],[-75.65308,5.52971],[-75.64885,5.53054],[-75.64097,5.5303],[-75.63585,5.52805],[-75.63525,5.52607],[-75.6269,5.52584],[-75.622,5.52779],[-75.61754,5.53187],[-75.61236,5.53036],[-75.61183,5.52743],[-75.60443,5.52513],[-75.60166,5.52095],[-75.59667,5.51802],[-75.59212,5.5198],[-75.58957,5.51782],[-75.58274,5.51865],[-75.57807,5.5157],[-75.57021,5.52096],[-75.56905,5.52307],[-75.56919,5.53997],[-75.57597,5.54986],[-75.57698,5.56471],[-75.57477,5.5752],[-75.57677,5.57941],[-75.57632,5.584],[-75.58026,5.5935],[-75.58109,5.60374],[-75.57963,5.60643],[-75.584,5.62057],[-75.58237,5.62617],[-75.58548,5.63658],[-75.58753,5.63723],[-75.58903,5.6404],[-75.5896,5.64475],[-75.58734,5.65184],[-75.58383,5.65422],[-75.58396,5.65666],[-75.57569,5.66013],[-75.5723,5.6658],[-75.57466,5.67076],[-75.58846,5.6743],[-75.59954,5.68044],[-75.59791,5.68378],[-75.59957,5.69613],[-75.59808,5.70574],[-75.5955,5.71215],[-75.59975,5.71825],[-75.59904,5.73863],[-75.59651,5.73617],[-75.58689,5.73512],[-75.58382,5.73112],[-75.58014,5.73051],[-75.57832,5.72748],[-75.57078,5.72432],[-75.56784,5.72476],[-75.56446,5.72299],[-75.56335,5.72465],[-75.55411,5.72476],[-75.54887,5.72098],[-75.54322,5.72054],[-75.54041,5.71257],[-75.54208,5.71228],[-75.54346,5.70865],[-75.54216,5.70281],[-75.53824,5.69968],[-75.53664,5.69641],[-75.5372,5.69372],[-75.53457,5.69038],[-75.53062,5.68935],[-75.53167,5.69267],[-75.52702,5.69424],[-75.52355,5.69212],[-75.52247,5.69536],[-75.51927,5.69523],[-75.51772,5.68963],[-75.50815,5.68055],[-75.5052,5.67869],[-75.50537,5.68339],[-75.5036,5.68429],[-75.49822,5.68092],[-75.494,5.68026],[-75.48842,5.67697],[-75.48652,5.67078],[-75.47796,5.6635],[-75.47331,5.66759],[-75.46786,5.667],[-75.46114,5.67204],[-75.45571,5.68108],[-75.44517,5.68451],[-75.4443,5.68656],[-75.442,5.68581],[-75.44033,5.68998],[-75.43333,5.69168],[-75.42731,5.69625],[-75.41568,5.69602],[-75.41251,5.69372],[-75.41012,5.68866],[-75.41043,5.68597],[-75.40542,5.68076],[-75.40095,5.68175],[-75.39386,5.67707],[-75.38392,5.67654],[-75.37636,5.67377],[-75.37405,5.66603],[-75.36835,5.65813],[-75.36765,5.65498],[-75.36966,5.64846],[-75.36827,5.63972],[-75.37413,5.63243],[-75.37605,5.6325],[-75.37906,5.62875],[-75.38353,5.62698],[-75.38307,5.62177],[-75.3786,5.6177],[-75.3769,5.61218],[-75.37328,5.60918],[-75.37035,5.60903],[-75.36873,5.60466],[-75.36622,5.60241],[-75.36187,5.60098],[-75.3601,5.60289],[-75.35424,5.60297],[-75.35208,5.60151],[-75.3446,5.60312],[-75.34214,5.60558],[-75.34083,5.60343],[-75.33967,5.59898],[-75.34052,5.59499],[-75.34221,5.59537],[-75.34376,5.59062],[-75.34584,5.59047],[-75.34561,5.58686],[-75.34113,5.58394],[-75.33898,5.5788],[-75.33805,5.56806],[-75.32965,5.56277],[-75.32734,5.5564],[-75.33327,5.55141],[-75.33373,5.5495],[-75.3325,5.54466],[-75.32695,5.54152],[-75.32996,5.53845],[-75.33042,5.53208],[-75.3278,5.52863],[-75.32849,5.52448],[-75.32487,5.5231],[-75.32194,5.51858],[-75.31539,5.51673],[-75.31362,5.51106],[-75.31053,5.50814],[-75.31408,5.503],[-75.31577,5.49548],[-75.31516,5.48735],[-75.31708,5.48551],[-75.31523,5.4842],[-75.31462,5.48551],[-75.31354,5.48136],[-75.31493,5.48182],[-75.31422,5.47555],[-75.31681,5.47205],[-75.31675,5.46989],[-75.31403,5.46815],[-75.30558,5.46807],[-75.30205,5.47246],[-75.29559,5.47449],[-75.28832,5.47309],[-75.28148,5.47658],[-75.28194,5.46654],[-75.28549,5.45903],[-75.28431,5.44394],[-75.27842,5.44024],[-75.27964,5.42769],[-75.27716,5.42379],[-75.27628,5.41863],[-75.26382,5.43365],[-75.26171,5.43686],[-75.26109,5.44145],[-75.25871,5.44184],[-75.25456,5.44827],[-75.25402,5.45232],[-75.24949,5.46124],[-75.2443,5.46376],[-75.23975,5.46972],[-75.23658,5.47778],[-75.23346,5.47997],[-75.23207,5.48655],[-75.21943,5.50333],[-75.21526,5.50437],[-75.21242,5.50691],[-75.20883,5.50518],[-75.20541,5.50783],[-75.2017,5.51556],[-75.1991,5.51787],[-75.18994,5.5185],[-75.18148,5.52329],[-75.17876,5.52248],[-75.17488,5.5252],[-75.15013,5.53018],[-75.14311,5.52948],[-75.1375,5.52704],[-75.13179,5.53691],[-75.13287,5.54447],[-75.12819,5.55525],[-75.12074,5.55962],[-75.1203,5.56416],[-75.11898,5.56538],[-75.1131,5.56704],[-75.11231,5.57167],[-75.11012,5.57167],[-75.1088,5.57333],[-75.10608,5.57219],[-75.10582,5.57429],[-75.10248,5.57516],[-75.10117,5.57857],[-75.09669,5.58128],[-75.09537,5.58067],[-75.09248,5.5839],[-75.09107,5.59202],[-75.09002,5.5942],[-75.08774,5.59464],[-75.088,5.59883],[-75.08941,5.60241],[-75.0916,5.60381],[-75.09414,5.60364],[-75.09537,5.60206],[-75.09634,5.60364],[-75.09502,5.60608],[-75.09678,5.60844],[-75.09169,5.61001],[-75.08888,5.61569],[-75.0923,5.62172],[-75.09116,5.62582],[-75.09204,5.62914],[-75.09616,5.63316],[-75.09564,5.63604],[-75.09774,5.63761],[-75.09722,5.63997],[-75.09906,5.64145],[-75.09599,5.64992],[-75.09423,5.65123],[-75.09353,5.65578],[-75.09169,5.65525],[-75.08721,5.6611],[-75.08212,5.6604],[-75.07835,5.65874],[-75.07703,5.65665],[-75.07343,5.65796],[-75.06562,5.66591],[-75.06159,5.66477],[-75.06009,5.66643],[-75.0529,5.66529],[-75.05027,5.66189],[-75.04755,5.66084],[-75.04105,5.66669],[-75.0321,5.66949],[-75.02596,5.67647],[-75.01376,5.67874],[-75.00834,5.68255],[-75.00733,5.68573],[-75.00382,5.68877],[-75.00111,5.69464],[-74.99998,5.7023],[-74.99147,5.70595],[-74.99323,5.71542],[-74.98218,5.71802],[-74.97025,5.71533],[-74.96349,5.71875],[-74.95172,5.72019],[-74.95126,5.72194],[-74.94546,5.72597],[-74.93929,5.72571],[-74.93792,5.72839],[-74.93141,5.73368],[-74.90083,5.73642],[-74.89512,5.7391],[-74.88627,5.73972],[-74.87879,5.74758],[-74.86486,5.74778],[-74.8552,5.74458],[-74.84591,5.73845],[-74.84057,5.73837],[-74.83617,5.73297],[-74.83647,5.7292],[-74.83322,5.72772],[-74.83244,5.72592],[-74.83367,5.71945],[-74.82712,5.71199],[-74.8208,5.7082],[-74.81056,5.70888],[-74.80535,5.69805],[-74.79758,5.70222],[-74.79064,5.69575],[-74.78124,5.69534],[-74.77365,5.68863],[-74.76891,5.69186],[-74.76524,5.69686],[-74.76008,5.69596],[-74.75453,5.69925],[-74.74936,5.69731],[-74.7451,5.70029],[-74.73865,5.70055],[-74.73716,5.70637],[-74.73098,5.71198],[-74.7316,5.71654],[-74.72491,5.72526],[-74.72839,5.74235],[-74.72791,5.74643],[-74.72402,5.74927],[-74.71676,5.75081],[-74.71211,5.75893],[-74.71518,5.76895],[-74.71245,5.77464],[-74.70813,5.77577],[-74.70644,5.77084],[-74.70106,5.76979],[-74.69367,5.77232],[-74.68504,5.77862],[-74.68138,5.77904],[-74.66887,5.76945],[-74.65755,5.77526]]],[[[-76.92144,8.1958],[-76.92768,8.19164],[-76.93239,8.18138],[-76.9283,8.17925],[-76.9205,8.18184],[-76.91127,8.18057],[-76.9138,8.18246],[-76.91385,8.18767],[-76.9116,8.1895],[-76.9115,8.1917],[-76.91498,8.19385],[-76.9198,8.19402],[-76.92144,8.1958]]]]}},{"type":"Feature","properties":{"shapeName":"Atlántico","shapeISO":"CO-ATL","shapeID":"13589884B77991835419453","shapeGroup":"COL","shapeType":"ADM1"},"geometry":{"type":"Polygon","coordinates":[[[-75.22164,10.79722],[-75.22215,10.79259],[-75.22969,10.78687],[-75.22858,10.78346],[-75.22301,10.77814],[-75.22674,10.77228],[-75.22853,10.75915],[-75.24041,10.74751],[-75.2407,10.74278],[-75.24572,10.73145],[-75.25192,10.72038],[-75.25864,10.70302],[-75.26714,10.68785],[-75.26513,10.67155],[-75.26315,10.66698],[-75.23295,10.64576],[-75.22367,10.62777],[-75.22871,10.61225],[-75.22676,10.60309],[-75.22808,10.59257],[-75.23099,10.58914],[-75.23282,10.57781],[-75.23704,10.56972],[-75.22899,10.55917],[-75.22511,10.55852],[-75.22338,10.5505],[-75.22684,10.54839],[-75.22629,10.5423],[-75.22741,10.53953],[-75.23076,10.53765],[-75.23703,10.5294],[-75.23747,10.50997],[-75.24396,10.50035],[-75.25018,10.49671],[-75.25254,10.49035],[-75.2513,10.48462],[-75.24508,10.47976],[-75.23352,10.47474],[-75.22853,10.47538],[-75.21956,10.48171],[-75.21469,10.48246],[-75.19446,10.48054],[-75.17007,10.47397],[-75.16527,10.46925],[-75.16457,10.46492],[-75.16906,10.45867],[-75.17575,10.4553],[-75.16856,10.45195],[-75.16533,10.4473],[-75.15697,10.44134],[-75.15709,10.43773],[-75.15325,10.43517],[-75.15228,10.43147],[-75.15291,10.42348],[-75.1443,10.41828],[-75.14226,10.41301],[-75.13083,10.39787],[-75.12855,10.39683],[-75.11817,10.40195],[-75.10627,10.40403],[-75.08619,10.41095],[-75.08246,10.4115],[-75.07332,10.4086],[-75.06557,10.40043],[-75.05449,10.38382],[-75.04397,10.37524],[-75.02708,10.36458],[-75.00161,10.3589],[-74.98763,10.34561],[-74.98043,10.34104],[-74.97282,10.33163],[-74.96354,10.32485],[-74.91592,10.26145],[-74.90781,10.25318],[-74.89794,10.28845],[-74.86524,10.34641],[-74.85536,10.35625],[-74.8361,10.38475],[-74.8294,10.40941],[-74.81591,10.4269],[-74.8128,10.44054],[-74.81215,10.47235],[-74.80951,10.4781],[-74.79577,10.49655],[-74.78976,10.50732],[-74.78373,10.51403],[-74.76877,10.5265],[-74.75452,10.5318],[-74.73908,10.54259],[-74.73715,10.54834],[-74.73626,10.58206],[-74.73169,10.59379],[-74.72711,10.59811],[-74.72494,10.60385],[-74.72473,10.61534],[-74.72966,10.62863],[-74.73319,10.6321],[-74.73927,10.63419],[-74.74525,10.64262],[-74.74644,10.64799],[-74.74602,10.65073],[-74.74134,10.65622],[-74.72495,10.6667],[-74.72304,10.67218],[-74.72673,10.75093],[-74.72528,10.77244],[-74.72679,10.78056],[-74.736,10.80036],[-74.74078,10.83725],[-74.74036,10.84368],[-74.73527,10.85593],[-74.7193,10.86703],[-74.71408,10.87358],[-74.71336,10.88286],[-74.71509,10.89804],[-74.71703,10.90467],[-74.72185,10.91225],[-74.74246,10.92571],[-74.7539,10.9357],[-74.75626,10.9416],[-74.75557,10.96061],[-74.75822,10.98149],[-74.76484,10.99617],[-74.77411,11.00898],[-74.79059,11.02482],[-74.82732,11.04756],[-74.83642,11.05683],[-74.842,11.06577],[-74.85306,11.10656],[-74.85486,11.10648],[-74.85335,11.09751],[-74.84606,11.06656],[-74.84415,11.06338],[-74.85273,11.05367],[-74.86959,11.04675],[-74.89271,11.04289],[-74.90814,11.04318],[-74.92131,11.04554],[-74.92258,11.04036],[-74.92012,11.03419],[-74.92159,11.02935],[-74.92989,11.02281],[-74.94146,11.0188],[-74.94658,11.01048],[-74.94997,11.00989],[-74.95268,11.0075],[-74.95291,11.00019],[-74.95935,10.98997],[-74.98243,10.98196],[-75.00723,10.97896],[-75.02319,10.96858],[-75.03362,10.95514],[-75.04477,10.95111],[-75.04943,10.94712],[-75.0519,10.94002],[-75.04883,10.93732],[-75.04892,10.9394],[-75.0457,10.93995],[-75.04429,10.94444],[-75.03947,10.94487],[-75.03618,10.9469],[-75.03543,10.95029],[-75.03316,10.95176],[-75.02837,10.95058],[-75.02595,10.9465],[-75.03087,10.93098],[-75.03429,10.92697],[-75.03398,10.9218],[-75.03473,10.92231],[-75.04274,10.90509],[-75.0474,10.89833],[-75.06149,10.88943],[-75.08124,10.88658],[-75.0849,10.8782],[-75.09124,10.87509],[-75.10092,10.87325],[-75.10047,10.86878],[-75.10371,10.86638],[-75.12066,10.86353],[-75.12437,10.86169],[-75.13038,10.86228],[-75.12954,10.8594],[-75.13176,10.85689],[-75.13539,10.85639],[-75.14291,10.85213],[-75.14625,10.84717],[-75.14937,10.83666],[-75.15492,10.83188],[-75.16554,10.82955],[-75.18037,10.83002],[-75.19274,10.819],[-75.20933,10.81752],[-75.2167,10.80639],[-75.21731,10.80362],[-75.2165,10.80426],[-75.2161,10.80284],[-75.22164,10.79722]]]}},{"type":"Feature","properties":{"shapeName":"Bolívar","shapeISO":"CO-BOL","shapeID":"13589884B96168520946689","shapeGroup":"COL","shapeType":"ADM1"},"geometry":{"type":"MultiPolygon","coordinates":[[[[-76.19049,9.38424],[-76.18734,9.38279],[-76.18567,9.3799],[-76.17857,9.37785],[-76.17608,9.3809],[-76.17625,9.38697],[-76.17291,9.38786],[-76.1746,9.39529],[-76.17254,9.39681],[-76.17307,9.3982],[-76.18111,9.39768],[-76.18904,9.39297],[-76.19049,9.38424]]],[[[-75.85753,9.7935],[-75.85624,9.7908],[-75.85689,9.78872],[-75.85546,9.78808],[-75.85063,9.78979],[-75.82818,9.78995],[-75.82642,9.79411],[-75.82817,9.79624],[-75.83079,9.79548],[-75.84275,9.79906],[-75.84413,9.79861],[-75.84436,9.79639],[-75.84133,9.7971],[-75.84133,9.79611],[-75.84455,9.79597],[-75.84495,9.79279],[-75.84533,9.79503],[-75.84726,9.79328],[-75.85007,9.79554],[-75.84753,9.79727],[-75.84703,9.79498],[-75.8461,9.797],[-75.84529,9.79581],[-75.84463,9.79955],[-75.84737,9.79909],[-75.85042,9.80081],[-75.85118,9.80513],[-75.8563,9.79944],[-75.85521,9.79759],[-75.85559,9.79867],[-75.85356,9.79846],[-75.8542,9.80011],[-75.85273,9.79965],[-75.85236,9.79535],[-75.85105,9.80101],[-75.85002,9.79702],[-75.85166,9.79645],[-75.85178,9.79152],[-75.85232,9.79425],[-75.8536,9.79156],[-75.85483,9.79249],[-75.85544,9.78943],[-75.85579,9.79441],[-75.85696,9.79494],[-75.85651,9.79259],[-75.85753,9.7935]]],[[[-73.9134,7.2978],[-73.91361,7.3203],[-73.91009,7.3326],[-73.91159,7.34138],[-73.90896,7.36905],[-73.9029,7.39333],[-73.89464,7.41384],[-73.89464,7.41856],[-73.89765,7.43706],[-73.90435,7.4511],[-73.90986,7.46789],[-73.91499,7.47654],[-73.91562,7.48742],[-73.91106,7.49704],[-73.90609,7.50124],[-73.88365,7.50411],[-73.8814,7.50595],[-73.87759,7.52206],[-73.8728,7.52983],[-73.86472,7.53208],[-73.85705,7.53127],[-73.8492,7.53805],[-73.84261,7.56223],[-73.8321,7.57667],[-73.83134,7.58997],[-73.82863,7.59815],[-73.82545,7.60298],[-73.81691,7.60729],[-73.81373,7.61063],[-73.81096,7.61782],[-73.81199,7.62421],[-73.81937,7.63841],[-73.81839,7.64209],[-73.8144,7.64716],[-73.8054,7.6445],[-73.80177,7.64496],[-73.7987,7.6517],[-73.80157,7.66029],[-73.80709,7.6677],[-73.81539,7.68784],[-73.81572,7.69045],[-73.81082,7.70053],[-73.81179,7.70867],[-73.81701,7.71697],[-73.83087,7.72479],[-73.83249,7.72804],[-73.83004,7.73617],[-73.81895,7.74463],[-73.80313,7.76153],[-73.79908,7.76923],[-73.7989,7.77363],[-73.80073,7.78005],[-73.80514,7.78738],[-73.81124,7.80938],[-73.81678,7.8186],[-73.82161,7.85453],[-73.82183,7.86788],[-73.82483,7.87594],[-73.83198,7.88792],[-73.8352,7.89806],[-73.8352,7.90565],[-73.83104,7.91809],[-73.83126,7.92569],[-73.83725,7.9478],[-73.84279,7.95563],[-73.85457,7.96554],[-73.86196,7.97429],[-73.86449,7.98005],[-73.86565,7.9865],[-73.86287,8.00008],[-73.86678,8.01989],[-73.86747,8.04084],[-73.86584,8.0489],[-73.85683,8.06363],[-73.85011,8.08366],[-73.84248,8.0931],[-73.81752,8.11082],[-73.80988,8.12647],[-73.80549,8.13061],[-73.79601,8.13429],[-73.78215,8.13589],[-73.77804,8.13832],[-73.77504,8.14342],[-73.7715,8.15149],[-73.77103,8.16],[-73.77449,8.17981],[-73.77517,8.19363],[-73.77724,8.201],[-73.777,8.21366],[-73.77491,8.22402],[-73.76658,8.23829],[-73.76472,8.25142],[-73.75894,8.26177],[-73.75014,8.27098],[-73.75129,8.27812],[-73.76122,8.29563],[-73.76122,8.29862],[-73.75936,8.30437],[-73.7478,8.31335],[-73.74849,8.3191],[-73.75657,8.32855],[-73.75703,8.332],[-73.7561,8.34421],[-73.74961,8.35986],[-73.75028,8.38266],[-73.74838,8.43082],[-73.75033,8.44956],[-73.74906,8.45333],[-73.74947,8.46494],[-73.75172,8.47068],[-73.76757,8.48873],[-73.77402,8.50244],[-73.77865,8.51852],[-73.77709,8.54306],[-73.77615,8.54723],[-73.77083,8.55482],[-73.77082,8.55768],[-73.77913,8.56497],[-73.78659,8.57443],[-73.79406,8.59227],[-73.79419,8.60535],[-73.80827,8.61916],[-73.81843,8.6374],[-73.8196,8.64805],[-73.81894,8.66545],[-73.80685,8.69103],[-73.81201,8.71809],[-73.8117,8.73015],[-73.80609,8.73602],[-73.79649,8.74162],[-73.79069,8.74707],[-73.7889,8.75174],[-73.79472,8.76808],[-73.79081,8.79385],[-73.79522,8.81114],[-73.79997,8.82005],[-73.81044,8.83351],[-73.82279,8.8408],[-73.83372,8.85153],[-73.84236,8.8653],[-73.85341,8.87228],[-73.86563,8.88498],[-73.86955,8.91711],[-73.86749,8.93689],[-73.86829,8.94089],[-73.88306,8.97161],[-73.89118,8.98115],[-73.90077,8.98093],[-73.90582,8.97897],[-73.91643,8.97774],[-73.92448,8.97854],[-73.9296,8.98197],[-73.93941,8.98553],[-73.94702,8.99347],[-73.95243,8.99595],[-73.96305,8.99573],[-73.97117,8.98853],[-73.97754,8.98526],[-73.97969,8.98586],[-73.99064,8.99625],[-73.99379,8.99719],[-74.00111,8.99603],[-74.00294,8.99763],[-74.00469,9.00142],[-74.00294,9.00913],[-73.99715,9.01139],[-73.98786,9.00833],[-73.98507,9.00993],[-73.99774,9.02004],[-74.00352,9.03038],[-74.00937,9.03242],[-74.02006,9.02543],[-74.02782,9.02689],[-74.03221,9.03126],[-74.03543,9.04479],[-74.04238,9.04188],[-74.04458,9.03759],[-74.04663,9.025],[-74.05483,9.01976],[-74.06025,9.01911],[-74.06581,9.02056],[-74.07575,9.02631],[-74.09099,9.02486],[-74.09721,9.02078],[-74.10117,9.02056],[-74.10651,9.02515],[-74.11185,9.03912],[-74.11544,9.04101],[-74.1183,9.0405],[-74.12196,9.03351],[-74.12642,9.02966],[-74.13052,9.0282],[-74.13696,9.029],[-74.14231,9.03416],[-74.13989,9.04159],[-74.1344,9.04421],[-74.12225,9.04341],[-74.11852,9.04581],[-74.11859,9.04879],[-74.12972,9.05527],[-74.13279,9.05913],[-74.13441,9.06444],[-74.13733,9.06422],[-74.14861,9.05767],[-74.15607,9.05723],[-74.15827,9.05999],[-74.15761,9.07025],[-74.15871,9.07229],[-74.17277,9.07469],[-74.17782,9.0784],[-74.17548,9.08699],[-74.17614,9.0891],[-74.18368,9.0931],[-74.19013,9.09419],[-74.19965,9.10008],[-74.21232,9.11958],[-74.2236,9.12154],[-74.22792,9.12415],[-74.22798,9.12948],[-74.21955,9.13513],[-74.23585,9.14773],[-74.24744,9.16438],[-74.25347,9.1671],[-74.25979,9.16714],[-74.26499,9.16896],[-74.2832,9.1578],[-74.29156,9.15786],[-74.29813,9.15986],[-74.29989,9.16354],[-74.29948,9.16947],[-74.29486,9.18507],[-74.29071,9.19222],[-74.29183,9.1968],[-74.2967,9.20288],[-74.33423,9.22323],[-74.3403,9.22971],[-74.34871,9.23331],[-74.35586,9.23274],[-74.37132,9.22521],[-74.37746,9.22438],[-74.39336,9.21405],[-74.40253,9.21371],[-74.40829,9.21972],[-74.41409,9.23205],[-74.42466,9.24572],[-74.43092,9.26018],[-74.43105,9.27022],[-74.43373,9.27325],[-74.44029,9.27326],[-74.44584,9.26906],[-74.46353,9.27099],[-74.47519,9.26398],[-74.48454,9.25175],[-74.50549,9.23585],[-74.51272,9.23379],[-74.517,9.23476],[-74.5229,9.2421],[-74.5296,9.24187],[-74.53077,9.25444],[-74.53472,9.26454],[-74.54606,9.27411],[-74.55434,9.28834],[-74.56041,9.29321],[-74.56188,9.309],[-74.56385,9.31307],[-74.576,9.32],[-74.5908,9.32359],[-74.59572,9.32629],[-74.61325,9.34015],[-74.61499,9.34394],[-74.61253,9.36013],[-74.61769,9.37155],[-74.62186,9.37614],[-74.62661,9.37865],[-74.64783,9.38201],[-74.65974,9.38687],[-74.6645,9.39289],[-74.67141,9.41331],[-74.69044,9.41977],[-74.6978,9.42647],[-74.71923,9.41782],[-74.72582,9.41752],[-74.73236,9.41969],[-74.73595,9.4225],[-74.73923,9.4295],[-74.73776,9.4314],[-74.73782,9.43513],[-74.7423,9.44669],[-74.75578,9.46122],[-74.76494,9.46505],[-74.77036,9.46566],[-74.78341,9.46329],[-74.79427,9.4576],[-74.80423,9.44707],[-74.80584,9.44751],[-74.80828,9.45462],[-74.8087,9.4622],[-74.80651,9.46524],[-74.79467,9.47296],[-74.7941,9.47549],[-74.79859,9.49121],[-74.79848,9.49649],[-74.7913,9.51648],[-74.79045,9.52693],[-74.79127,9.53197],[-74.80022,9.53857],[-74.80534,9.54492],[-74.8042,9.55464],[-74.79843,9.55637],[-74.77679,9.57782],[-74.77432,9.58529],[-74.77216,9.60556],[-74.78008,9.64105],[-74.7848,9.64762],[-74.80095,9.6615],[-74.80368,9.66861],[-74.80269,9.67287],[-74.7897,9.68672],[-74.78538,9.69379],[-74.78659,9.69725],[-74.79801,9.70807],[-74.80799,9.72567],[-74.81418,9.73055],[-74.81416,9.73909],[-74.80551,9.75187],[-74.8036,9.75942],[-74.8065,9.78065],[-74.80852,9.78605],[-74.82237,9.79382],[-74.83406,9.80432],[-74.84882,9.82116],[-74.84639,9.83532],[-74.85125,9.8499],[-74.85347,9.86903],[-74.85542,9.87715],[-74.86405,9.89121],[-74.8674,9.89953],[-74.86659,9.90942],[-74.87143,9.9222],[-74.87305,9.93488],[-74.87034,9.93815],[-74.864,9.94029],[-74.86109,9.94541],[-74.8544,9.95236],[-74.84757,9.95643],[-74.83955,9.95725],[-74.82282,9.96547],[-74.7976,9.96808],[-74.78987,9.97179],[-74.78701,9.97564],[-74.78588,9.98189],[-74.78613,10.00778],[-74.78891,10.01596],[-74.81526,10.03918],[-74.81961,10.04563],[-74.82665,10.06235],[-74.83125,10.0688],[-74.84529,10.08432],[-74.85859,10.09576],[-74.86802,10.10124],[-74.88348,10.10575],[-74.89555,10.10763],[-74.91365,10.10711],[-74.9238,10.10948],[-74.93806,10.11638],[-74.9429,10.12163],[-74.94559,10.13597],[-74.94442,10.14769],[-74.91613,10.2243],[-74.9106,10.23197],[-74.90781,10.25318],[-74.91592,10.26145],[-74.96354,10.32485],[-74.97282,10.33163],[-74.98043,10.34104],[-74.98763,10.34561],[-75.00161,10.3589],[-75.02708,10.36458],[-75.04397,10.37524],[-75.05449,10.38382],[-75.06557,10.40043],[-75.07332,10.4086],[-75.08246,10.4115],[-75.08619,10.41095],[-75.10627,10.40403],[-75.11817,10.40195],[-75.12855,10.39683],[-75.13083,10.39787],[-75.14226,10.41301],[-75.1443,10.41828],[-75.15291,10.42348],[-75.15228,10.43147],[-75.15325,10.43517],[-75.15709,10.43773],[-75.15697,10.44134],[-75.16533,10.4473],[-75.16856,10.45195],[-75.17575,10.4553],[-75.16906,10.45867],[-75.16457,10.46492],[-75.16527,10.46925],[-75.17007,10.47397],[-75.19446,10.48054],[-75.21469,10.48246],[-75.21956,10.48171],[-75.22853,10.47538],[-75.23352,10.47474],[-75.24508,10.47976],[-75.2513,10.48462],[-75.25254,10.49035],[-75.25018,10.49671],[-75.24396,10.50035],[-75.23747,10.50997],[-75.23703,10.5294],[-75.23076,10.53765],[-75.22741,10.53953],[-75.22629,10.5423],[-75.22684,10.54839],[-75.22338,10.5505],[-75.22511,10.55852],[-75.22899,10.55917],[-75.23704,10.56972],[-75.23282,10.57781],[-75.23099,10.58914],[-75.22808,10.59257],[-75.22676,10.60309],[-75.22871,10.61225],[-75.22367,10.62777],[-75.23295,10.64576],[-75.26315,10.66698],[-75.26513,10.67155],[-75.26714,10.68785],[-75.25864,10.70302],[-75.25192,10.72038],[-75.24572,10.73145],[-75.2407,10.74278],[-75.24041,10.74751],[-75.22853,10.75915],[-75.22674,10.77228],[-75.22301,10.77814],[-75.22858,10.78346],[-75.22969,10.78687],[-75.22215,10.79259],[-75.22164,10.79722],[-75.23364,10.79498],[-75.26172,10.80063],[-75.26386,10.7881],[-75.26665,10.78563],[-75.26689,10.7829],[-75.27117,10.77909],[-75.27023,10.77717],[-75.27174,10.764],[-75.27022,10.75175],[-75.27134,10.74531],[-75.27059,10.74026],[-75.26923,10.73979],[-75.27501,10.72657],[-75.27393,10.71626],[-75.28204,10.70864],[-75.29912,10.69983],[-75.31982,10.694],[-75.33744,10.69126],[-75.35714,10.69075],[-75.3674,10.68644],[-75.39432,10.68262],[-75.39551,10.68133],[-75.39568,10.67051],[-75.40148,10.66133],[-75.41165,10.6541],[-75.41609,10.65259],[-75.42123,10.64347],[-75.4314,10.63775],[-75.44176,10.63422],[-75.45248,10.62692],[-75.45279,10.61899],[-75.45546,10.61504],[-75.45761,10.60088],[-75.4619,10.59093],[-75.4759,10.58204],[-75.48769,10.57806],[-75.50245,10.57632],[-75.51149,10.57278],[-75.51385,10.56991],[-75.51381,10.56515],[-75.51582,10.56082],[-75.51206,10.55691],[-75.50234,10.55262],[-75.49547,10.53695],[-75.49556,10.52917],[-75.49773,10.51961],[-75.50232,10.51063],[-75.5004,10.50691],[-75.50251,10.50143],[-75.50111,10.5001],[-75.50126,10.49756],[-75.49505,10.49471],[-75.49305,10.49184],[-75.49324,10.48885],[-75.49138,10.48827],[-75.49732,10.4744],[-75.50639,10.46219],[-75.51313,10.45641],[-75.51152,10.45734],[-75.51133,10.45574],[-75.52257,10.44818],[-75.52809,10.44161],[-75.54726,10.43163],[-75.5541,10.42549],[-75.5544,10.42186],[-75.5513,10.41484],[-75.55205,10.4092],[-75.55927,10.40137],[-75.5645,10.39823],[-75.56546,10.39909],[-75.56453,10.39785],[-75.56637,10.39663],[-75.5648,10.39711],[-75.56098,10.39289],[-75.55891,10.39242],[-75.55572,10.39489],[-75.54845,10.39079],[-75.54487,10.39028],[-75.5454,10.39226],[-75.55455,10.39803],[-75.54833,10.41063],[-75.54602,10.41142],[-75.5466,10.41307],[-75.54878,10.41334],[-75.54709,10.41376],[-75.55165,10.419],[-75.54903,10.4223],[-75.54975,10.42071],[-75.54795,10.41863],[-75.54419,10.41679],[-75.54426,10.41545],[-75.54545,10.41556],[-75.54376,10.41455],[-75.54569,10.41501],[-75.54162,10.41225],[-75.54164,10.41084],[-75.54123,10.41192],[-75.53913,10.41066],[-75.53854,10.40883],[-75.53973,10.40836],[-75.53734,10.40845],[-75.53957,10.40593],[-75.53325,10.40519],[-75.53383,10.4036],[-75.53163,10.405],[-75.53215,10.40338],[-75.53123,10.40496],[-75.52718,10.40528],[-75.52726,10.40426],[-75.52539,10.40594],[-75.52387,10.40476],[-75.52323,10.40285],[-75.525,10.40162],[-75.52291,10.39988],[-75.52408,10.39648],[-75.52589,10.39661],[-75.5251,10.39794],[-75.52692,10.40004],[-75.53027,10.39781],[-75.52448,10.39591],[-75.52619,10.39502],[-75.5242,10.39303],[-75.52554,10.38647],[-75.51753,10.38518],[-75.5167,10.38637],[-75.517,10.38487],[-75.51348,10.38317],[-75.5064,10.38417],[-75.51253,10.38284],[-75.50915,10.37422],[-75.5105,10.37367],[-75.50815,10.37062],[-75.51106,10.36419],[-75.50883,10.35962],[-75.51021,10.35928],[-75.50975,10.3576],[-75.5115,10.35702],[-75.51171,10.35486],[-75.51028,10.35312],[-75.50986,10.35493],[-75.50815,10.34935],[-75.51009,10.34843],[-75.50981,10.3471],[-75.504,10.34265],[-75.50526,10.34195],[-75.50427,10.34118],[-75.50925,10.34195],[-75.50765,10.34097],[-75.50914,10.34083],[-75.51146,10.33751],[-75.51168,10.3394],[-75.51164,10.3373],[-75.50994,10.33625],[-75.5098,10.33337],[-75.50778,10.33281],[-75.51108,10.33098],[-75.50971,10.33162],[-75.50528,10.3312],[-75.50999,10.33109],[-75.50992,10.32889],[-75.51095,10.32881],[-75.50972,10.32866],[-75.50991,10.32681],[-75.51127,10.32641],[-75.50992,10.32641],[-75.5095,10.32279],[-75.5109,10.32262],[-75.50677,10.32179],[-75.50992,10.32132],[-75.50839,10.32034],[-75.50941,10.31777],[-75.51216,10.31758],[-75.5071,10.3168],[-75.50464,10.31066],[-75.50147,10.31209],[-75.50334,10.30997],[-75.5036,10.30677],[-75.5076,10.3073],[-75.50385,10.30674],[-75.50246,10.30304],[-75.50317,10.30133],[-75.50542,10.29988],[-75.50702,10.30191],[-75.50563,10.29954],[-75.50701,10.29905],[-75.50885,10.30099],[-75.50889,10.29867],[-75.51037,10.29798],[-75.51213,10.3006],[-75.5125,10.29846],[-75.51466,10.29807],[-75.5144,10.29645],[-75.51597,10.29836],[-75.51716,10.29733],[-75.51569,10.29556],[-75.51871,10.29555],[-75.52114,10.29819],[-75.51876,10.29551],[-75.52352,10.29449],[-75.52968,10.30848],[-75.52402,10.29171],[-75.52517,10.29134],[-75.52867,10.29985],[-75.53213,10.30059],[-75.52923,10.29962],[-75.52815,10.29154],[-75.5336,10.28796],[-75.5353,10.28827],[-75.53516,10.28695],[-75.54102,10.28307],[-75.53503,10.2857],[-75.53165,10.2801],[-75.53394,10.27684],[-75.54197,10.27551],[-75.54489,10.27629],[-75.54633,10.28024],[-75.55733,10.27459],[-75.56193,10.27007],[-75.56232,10.26877],[-75.55601,10.26866],[-75.55867,10.26181],[-75.56521,10.26113],[-75.5653,10.26303],[-75.56878,10.26513],[-75.56847,10.26672],[-75.56278,10.2684],[-75.56454,10.26998],[-75.56645,10.26954],[-75.56427,10.27122],[-75.56882,10.26923],[-75.5731,10.27046],[-75.57814,10.27455],[-75.58153,10.27988],[-75.5816,10.28147],[-75.58063,10.28128],[-75.58265,10.285],[-75.58083,10.28622],[-75.58146,10.288],[-75.57925,10.28629],[-75.57843,10.28765],[-75.57859,10.29597],[-75.5816,10.29503],[-75.58105,10.29664],[-75.5784,10.29751],[-75.57888,10.3002],[-75.58325,10.29758],[-75.58672,10.29802],[-75.59124,10.29349],[-75.59584,10.27912],[-75.5931,10.2729],[-75.59498,10.26795],[-75.59107,10.26409],[-75.58416,10.26193],[-75.58799,10.26099],[-75.591,10.26164],[-75.59112,10.26358],[-75.59554,10.26406],[-75.59841,10.25944],[-75.60064,10.25868],[-75.60817,10.25813],[-75.61261,10.26027],[-75.61654,10.25819],[-75.61644,10.25572],[-75.62221,10.25135],[-75.6217,10.24889],[-75.61803,10.24597],[-75.61117,10.24504],[-75.60552,10.23896],[-75.60435,10.23925],[-75.60479,10.24057],[-75.59726,10.24076],[-75.59309,10.23836],[-75.59439,10.23713],[-75.58828,10.2358],[-75.58556,10.22803],[-75.58639,10.22563],[-75.58923,10.22486],[-75.59283,10.22652],[-75.59198,10.22802],[-75.58775,10.22874],[-75.58843,10.23019],[-75.59616,10.23244],[-75.59751,10.23028],[-75.59958,10.23023],[-75.59955,10.23338],[-75.6025,10.23478],[-75.60471,10.23882],[-75.6053,10.23096],[-75.60838,10.22348],[-75.61275,10.21803],[-75.6194,10.21334],[-75.61914,10.21004],[-75.62095,10.20615],[-75.62629,10.19999],[-75.62854,10.19925],[-75.63163,10.19449],[-75.6321,10.19336],[-75.6301,10.19259],[-75.63115,10.19019],[-75.63121,10.1926],[-75.63359,10.19014],[-75.63882,10.18894],[-75.64685,10.18134],[-75.6463,10.17928],[-75.64788,10.17757],[-75.65479,10.17773],[-75.65522,10.17335],[-75.65047,10.17245],[-75.64967,10.17086],[-75.65418,10.16378],[-75.66571,10.15926],[-75.67371,10.15857],[-75.67544,10.1599],[-75.67892,10.15736],[-75.6815,10.1591],[-75.68293,10.15619],[-75.68605,10.15532],[-75.68822,10.15],[-75.68996,10.15077],[-75.6915,10.14782],[-75.69095,10.14274],[-75.69361,10.1422],[-75.69565,10.14259],[-75.69517,10.14424],[-75.69737,10.14387],[-75.69583,10.14579],[-75.69327,10.14543],[-75.69392,10.14991],[-75.69752,10.14616],[-75.70317,10.1441],[-75.70456,10.14143],[-75.70151,10.13528],[-75.69186,10.1306],[-75.68482,10.13161],[-75.68202,10.13733],[-75.68248,10.13834],[-75.68666,10.13803],[-75.68621,10.13975],[-75.68281,10.14137],[-75.68113,10.1402],[-75.67917,10.14333],[-75.67807,10.14056],[-75.6821,10.13978],[-75.68172,10.13795],[-75.67854,10.13948],[-75.66886,10.13803],[-75.65439,10.15327],[-75.64904,10.16456],[-75.63896,10.17571],[-75.64132,10.18181],[-75.63872,10.18412],[-75.63717,10.18859],[-75.63662,10.18413],[-75.63506,10.1829],[-75.63471,10.1839],[-75.63467,10.18232],[-75.63816,10.17704],[-75.63498,10.18171],[-75.63151,10.18332],[-75.62431,10.19092],[-75.62102,10.19687],[-75.60312,10.19989],[-75.59431,10.20876],[-75.59118,10.20998],[-75.58466,10.21849],[-75.58024,10.22049],[-75.57833,10.22307],[-75.56743,10.22747],[-75.55757,10.22847],[-75.54765,10.24127],[-75.54094,10.24422],[-75.53284,10.24009],[-75.53275,10.24185],[-75.53166,10.23944],[-75.52447,10.23684],[-75.52548,10.2365],[-75.52255,10.23682],[-75.5227,10.23546],[-75.5272,10.23349],[-75.5291,10.23486],[-75.53428,10.23192],[-75.53574,10.23297],[-75.53773,10.23187],[-75.53684,10.23046],[-75.54129,10.23026],[-75.54267,10.22805],[-75.54606,10.22891],[-75.54656,10.22677],[-75.54442,10.22258],[-75.54625,10.21791],[-75.54799,10.21829],[-75.54983,10.2162],[-75.54737,10.21358],[-75.54558,10.21683],[-75.54246,10.21622],[-75.54303,10.22089],[-75.54158,10.22404],[-75.54076,10.22353],[-75.54081,10.22608],[-75.53503,10.2276],[-75.5295,10.2268],[-75.5275,10.22012],[-75.52578,10.22256],[-75.52423,10.22103],[-75.52513,10.20556],[-75.52099,10.18873],[-75.5229,10.17443],[-75.52044,10.17298],[-75.52766,10.17341],[-75.53253,10.17562],[-75.53438,10.17529],[-75.53356,10.17335],[-75.53523,10.1723],[-75.53474,10.17405],[-75.5405,10.17796],[-75.53816,10.18105],[-75.53512,10.18136],[-75.53742,10.18449],[-75.53578,10.18729],[-75.53999,10.18698],[-75.54181,10.18233],[-75.54389,10.18156],[-75.54284,10.17898],[-75.54722,10.18057],[-75.54649,10.17846],[-75.54857,10.17923],[-75.54947,10.17747],[-75.54715,10.17752],[-75.54846,10.17498],[-75.5474,10.17598],[-75.54458,10.17515],[-75.54121,10.16892],[-75.54404,10.16458],[-75.54468,10.15877],[-75.54046,10.16236],[-75.54008,10.16553],[-75.5371,10.16679],[-75.53553,10.16654],[-75.53428,10.16284],[-75.53165,10.16367],[-75.53224,10.16142],[-75.54348,10.15447],[-75.54832,10.1452],[-75.55653,10.14049],[-75.55801,10.13047],[-75.56516,10.12247],[-75.49869,10.14849],[-75.54477,10.04605],[-75.54219,10.04108],[-75.53448,10.03949],[-75.52372,10.02787],[-75.51669,10.02537],[-75.50833,10.02592],[-75.5037,10.03352],[-75.50048,10.03543],[-75.49207,10.03758],[-75.48328,10.03706],[-75.48181,10.02337],[-75.48321,10.01504],[-75.48099,10.00082],[-75.47368,9.9921],[-75.47207,9.97903],[-75.4703,9.97602],[-75.4658,9.97291],[-75.46285,9.96167],[-75.46311,9.95613],[-75.47004,9.95179],[-75.4723,9.94722],[-75.47332,9.94009],[-75.47564,9.9388],[-75.48113,9.93044],[-75.48117,9.92486],[-75.477,9.91838],[-75.4815,9.90942],[-75.48091,9.90554],[-75.47137,9.90782],[-75.46741,9.91301],[-75.46306,9.91297],[-75.46597,9.90174],[-75.45766,9.89933],[-75.44857,9.89408],[-75.44518,9.89435],[-75.44309,9.89154],[-75.43708,9.89199],[-75.43128,9.88767],[-75.39894,9.88243],[-75.37915,9.87386],[-75.37295,9.87322],[-75.37049,9.8701],[-75.3683,9.87005],[-75.3649,9.87201],[-75.3601,9.87155],[-75.3584,9.87367],[-75.35781,9.90581],[-75.35342,9.9089],[-75.34286,9.91052],[-75.34156,9.90437],[-75.34178,9.89097],[-75.33721,9.88738],[-75.32897,9.88431],[-75.32496,9.88074],[-75.32318,9.87648],[-75.32246,9.87239],[-75.32443,9.86671],[-75.33236,9.85442],[-75.33277,9.84125],[-75.34248,9.82043],[-75.34335,9.81502],[-75.34925,9.81028],[-75.349,9.80554],[-75.34346,9.80092],[-75.33562,9.79733],[-75.33451,9.79256],[-75.33913,9.7854],[-75.33849,9.77659],[-75.34433,9.76141],[-75.34656,9.74574],[-75.3492,9.74227],[-75.35666,9.73739],[-75.3644,9.72348],[-75.36044,9.7201],[-75.36177,9.71269],[-75.36035,9.69264],[-75.36105,9.68871],[-75.3703,9.68489],[-75.37237,9.68192],[-75.37551,9.66558],[-75.37613,9.65351],[-75.36673,9.65269],[-75.36549,9.64889],[-75.37307,9.62956],[-75.36878,9.6316],[-75.3633,9.63767],[-75.36087,9.64606],[-75.35922,9.64535],[-75.35668,9.64677],[-75.34788,9.64292],[-75.34432,9.64352],[-75.33644,9.63294],[-75.33032,9.62842],[-75.33481,9.6272],[-75.33611,9.62533],[-75.33553,9.61994],[-75.33776,9.61618],[-75.33781,9.61285],[-75.33527,9.61141],[-75.32965,9.6125],[-75.32912,9.61584],[-75.32477,9.61609],[-75.32514,9.62224],[-75.32106,9.63616],[-75.31901,9.63776],[-75.31539,9.64717],[-75.3149,9.65227],[-75.30647,9.65522],[-75.30025,9.65555],[-75.30111,9.66621],[-75.29979,9.66995],[-75.28121,9.6844],[-75.27646,9.68626],[-75.26916,9.68477],[-75.26746,9.68298],[-75.2707,9.67652],[-75.26964,9.67091],[-75.26529,9.67012],[-75.25354,9.6596],[-75.24735,9.66086],[-75.2427,9.65845],[-75.23725,9.6516],[-75.23324,9.64906],[-75.23185,9.64604],[-75.22879,9.65067],[-75.21728,9.64985],[-75.21353,9.64789],[-75.21029,9.65209],[-75.20378,9.65175],[-75.2006,9.65062],[-75.1993,9.6478],[-75.19465,9.64521],[-75.1884,9.64486],[-75.17976,9.63917],[-75.17294,9.64168],[-75.17078,9.64483],[-75.16463,9.64628],[-75.16933,9.63821],[-75.17607,9.63396],[-75.18288,9.63268],[-75.18568,9.63007],[-75.18864,9.63029],[-75.18806,9.62751],[-75.18085,9.62535],[-75.17996,9.62333],[-75.17894,9.61593],[-75.18218,9.60527],[-75.18064,9.6018],[-75.1775,9.60263],[-75.1683,9.6123],[-75.16573,9.61256],[-75.16197,9.61076],[-75.16292,9.60639],[-75.15178,9.6003],[-75.14962,9.59695],[-75.1426,9.59579],[-75.13602,9.59718],[-75.13431,9.5948],[-75.13389,9.58776],[-75.13168,9.5843],[-75.13317,9.58003],[-75.12947,9.57945],[-75.12546,9.57549],[-75.11864,9.57389],[-75.11235,9.56734],[-75.10366,9.5657],[-75.10131,9.5597],[-75.09762,9.5561],[-75.09431,9.5555],[-75.09305,9.55202],[-75.08493,9.54555],[-75.08568,9.5402],[-75.07922,9.53374],[-75.07472,9.53309],[-75.06689,9.53504],[-75.0573,9.53388],[-75.04966,9.53983],[-75.04255,9.54073],[-75.03913,9.53944],[-75.03112,9.53147],[-75.01496,9.53003],[-75.02044,9.52665],[-75.03085,9.51392],[-75.02938,9.50135],[-75.03206,9.48599],[-75.03604,9.47691],[-75.02881,9.45749],[-75.02583,9.45713],[-75.02091,9.46061],[-75.01498,9.4589],[-75.00783,9.45061],[-75.0044,9.4501],[-75.00241,9.44624],[-74.98637,9.44304],[-74.98416,9.4407],[-74.98055,9.44182],[-74.96135,9.44111],[-74.94175,9.44487],[-74.92582,9.44415],[-74.91629,9.44168],[-74.9091,9.43339],[-74.89999,9.43021],[-74.89616,9.43034],[-74.88859,9.43409],[-74.88221,9.43376],[-74.88263,9.42741],[-74.88745,9.42193],[-74.89481,9.42225],[-74.90936,9.41766],[-74.91328,9.41489],[-74.92378,9.39235],[-74.91897,9.38668],[-74.91938,9.38125],[-74.9245,9.37604],[-74.92712,9.36562],[-74.93668,9.3552],[-74.93894,9.3492],[-74.94767,9.34451],[-74.94339,9.33446],[-74.92946,9.32608],[-74.93093,9.31508],[-74.94257,9.30572],[-74.94683,9.29213],[-74.94402,9.28723],[-74.93649,9.28378],[-74.93306,9.27917],[-74.93128,9.27216],[-74.93273,9.26536],[-74.93033,9.25597],[-74.92666,9.25278],[-74.92026,9.25195],[-74.9113,9.23761],[-74.91545,9.22611],[-74.91331,9.21514],[-74.91645,9.19544],[-74.90667,9.1905],[-74.90512,9.18325],[-74.90047,9.18055],[-74.89742,9.17612],[-74.89496,9.16603],[-74.89238,9.16508],[-74.88613,9.16625],[-74.88206,9.16375],[-74.87883,9.15604],[-74.87173,9.14831],[-74.86548,9.13642],[-74.85981,9.1328],[-74.85283,9.13251],[-74.85233,9.12952],[-74.84681,9.12158],[-74.84524,9.10956],[-74.8401,9.10483],[-74.83899,9.10132],[-74.8366,9.10101],[-74.83529,9.09914],[-74.83849,9.09674],[-74.83899,9.09243],[-74.83357,9.09125],[-74.82911,9.08561],[-74.83104,9.08036],[-74.82861,9.07524],[-74.82882,9.06812],[-74.82419,9.06159],[-74.82467,9.05912],[-74.82058,9.05505],[-74.81323,9.05265],[-74.81035,9.04868],[-74.79477,9.04798],[-74.79176,9.04461],[-74.7873,9.04637],[-74.78229,9.03962],[-74.77966,9.03844],[-74.76817,9.03913],[-74.76098,9.04179],[-74.75572,9.04573],[-74.75302,9.04407],[-74.75182,9.0449],[-74.7495,9.04375],[-74.74621,9.03753],[-74.74756,9.02853],[-74.74137,9.02318],[-74.738,9.01674],[-74.72178,9.01314],[-74.70755,9.00788],[-74.699,9.00769],[-74.683,9.01133],[-74.67777,9.00718],[-74.66976,9.0058],[-74.66941,8.99822],[-74.66537,8.99361],[-74.65176,8.98851],[-74.63916,8.97762],[-74.63763,8.96863],[-74.62307,8.93459],[-74.61861,8.93116],[-74.60864,8.93062],[-74.60866,8.91797],[-74.59584,8.89962],[-74.58862,8.87694],[-74.58106,8.87007],[-74.57075,8.85426],[-74.5711,8.84258],[-74.56923,8.83512],[-74.56501,8.83124],[-74.56103,8.82252],[-74.56042,8.81674],[-74.5575,8.81056],[-74.55819,8.80256],[-74.56483,8.79302],[-74.57026,8.79051],[-74.57431,8.78642],[-74.57619,8.77915],[-74.5751,8.77716],[-74.56973,8.77544],[-74.57145,8.77231],[-74.57556,8.77447],[-74.58512,8.77068],[-74.58695,8.76684],[-74.58737,8.76077],[-74.59441,8.76317],[-74.60801,8.76229],[-74.60989,8.76106],[-74.61056,8.75693],[-74.60922,8.75335],[-74.60144,8.74751],[-74.59917,8.74322],[-74.59944,8.73998],[-74.60717,8.73154],[-74.60856,8.72798],[-74.60791,8.72243],[-74.59844,8.70632],[-74.59358,8.69403],[-74.59315,8.68974],[-74.59593,8.67553],[-74.58935,8.66949],[-74.59094,8.66518],[-74.59604,8.65917],[-74.59721,8.65512],[-74.59615,8.64832],[-74.59003,8.64118],[-74.58712,8.63441],[-74.58866,8.62866],[-74.58739,8.62394],[-74.58946,8.61694],[-74.58721,8.61019],[-74.59373,8.60319],[-74.59485,8.59858],[-74.59398,8.59191],[-74.58563,8.58939],[-74.57219,8.58136],[-74.56258,8.56905],[-74.56476,8.55951],[-74.56394,8.54916],[-74.57606,8.54768],[-74.57919,8.54264],[-74.57471,8.54241],[-74.5709,8.52164],[-74.56577,8.51537],[-74.56577,8.51172],[-74.56889,8.5101],[-74.5683,8.50747],[-74.5629,8.50635],[-74.56091,8.50823],[-74.55633,8.50856],[-74.54418,8.49053],[-74.53651,8.48201],[-74.5343,8.47661],[-74.5332,8.46493],[-74.53958,8.45847],[-74.54073,8.45452],[-74.53946,8.43483],[-74.54616,8.42308],[-74.55564,8.41161],[-74.56051,8.40016],[-74.56106,8.39007],[-74.56664,8.38975],[-74.58164,8.38433],[-74.59283,8.39383],[-74.59725,8.40283],[-74.60981,8.4033],[-74.61163,8.39482],[-74.61578,8.38665],[-74.61095,8.37592],[-74.61377,8.3668],[-74.61643,8.36459],[-74.6104,8.35808],[-74.61348,8.34725],[-74.62,8.34285],[-74.63496,8.3223],[-74.64791,8.31367],[-74.65005,8.30999],[-74.65227,8.29736],[-74.65097,8.28744],[-74.64925,8.28461],[-74.65258,8.28077],[-74.65771,8.27866],[-74.65962,8.28061],[-74.66135,8.28332],[-74.66143,8.29044],[-74.66589,8.29509],[-74.67313,8.29514],[-74.68317,8.29203],[-74.69089,8.29711],[-74.70176,8.29828],[-74.70807,8.30271],[-74.71416,8.30292],[-74.72361,8.30041],[-74.72534,8.29716],[-74.72651,8.28168],[-74.7311,8.28197],[-74.73138,8.28526],[-74.73475,8.28948],[-74.7351,8.29922],[-74.73747,8.30631],[-74.74523,8.30811],[-74.74874,8.30728],[-74.75666,8.29985],[-74.76723,8.29483],[-74.77018,8.27997],[-74.77996,8.279],[-74.78514,8.27604],[-74.79549,8.2699],[-74.80082,8.27089],[-74.80563,8.27492],[-74.80836,8.27466],[-74.80688,8.26733],[-74.79694,8.2598],[-74.7925,8.25326],[-74.79179,8.24935],[-74.79305,8.24605],[-74.8072,8.24132],[-74.80747,8.23676],[-74.81379,8.22884],[-74.82592,8.22785],[-74.82754,8.22425],[-74.83357,8.22083],[-74.8341,8.21664],[-74.83125,8.20982],[-74.83096,8.20274],[-74.825,8.19917],[-74.81993,8.19255],[-74.81617,8.19031],[-74.81384,8.18339],[-74.81331,8.17537],[-74.81724,8.16821],[-74.81332,8.1561],[-74.81575,8.15148],[-74.81564,8.14871],[-74.81198,8.14367],[-74.80007,8.13924],[-74.78909,8.13888],[-74.7867,8.13254],[-74.78068,8.13004],[-74.77395,8.12169],[-74.77129,8.12148],[-74.76375,8.12484],[-74.75927,8.12875],[-74.75276,8.12591],[-74.74892,8.12654],[-74.74646,8.12341],[-74.73463,8.1168],[-74.72526,8.11696],[-74.72048,8.10079],[-74.69094,8.08906],[-74.68233,8.08363],[-74.66411,8.05961],[-74.65627,8.05398],[-74.64962,8.0521],[-74.64683,8.0549],[-74.64333,8.05588],[-74.63452,8.05519],[-74.6313,8.05178],[-74.62561,8.03903],[-74.6219,8.0352],[-74.61529,8.03149],[-74.60312,8.03705],[-74.60363,8.03238],[-74.59749,8.02455],[-74.59759,8.01807],[-74.59231,8.01056],[-74.59056,8.00461],[-74.58308,8.0003],[-74.57816,7.9947],[-74.57726,7.98683],[-74.57468,7.98513],[-74.57522,7.98137],[-74.57366,7.9759],[-74.56928,7.97257],[-74.56046,7.96936],[-74.55919,7.96138],[-74.55523,7.95698],[-74.5504,7.95629],[-74.5471,7.94917],[-74.53855,7.94731],[-74.53641,7.93542],[-74.53715,7.91769],[-74.53386,7.91208],[-74.53109,7.91258],[-74.52683,7.91005],[-74.52086,7.90395],[-74.52277,7.88175],[-74.52138,7.8658],[-74.52239,7.86156],[-74.52479,7.85998],[-74.52474,7.85455],[-74.52724,7.85208],[-74.52725,7.84861],[-74.52559,7.83603],[-74.51722,7.81721],[-74.51695,7.79963],[-74.51895,7.79557],[-74.52381,7.79244],[-74.52479,7.7818],[-74.52109,7.78064],[-74.51551,7.78318],[-74.51419,7.78236],[-74.51313,7.76823],[-74.50382,7.75329],[-74.4684,7.73547],[-74.46148,7.72939],[-74.46148,7.72391],[-74.47666,7.70754],[-74.47627,7.70315],[-74.48105,7.69016],[-74.48052,7.68304],[-74.48303,7.67318],[-74.49107,7.66229],[-74.49697,7.65979],[-74.51611,7.66316],[-74.53632,7.66385],[-74.54157,7.66247],[-74.54437,7.65538],[-74.55182,7.64986],[-74.55966,7.64742],[-74.56217,7.64493],[-74.5654,7.63585],[-74.56684,7.62182],[-74.56645,7.61778],[-74.56355,7.61281],[-74.56315,7.60731],[-74.56757,7.59457],[-74.56653,7.58424],[-74.56937,7.58161],[-74.57053,7.57768],[-74.57022,7.55404],[-74.56692,7.54302],[-74.56711,7.53791],[-74.57005,7.53337],[-74.56838,7.51811],[-74.57383,7.5145],[-74.58668,7.51416],[-74.59023,7.51104],[-74.59018,7.50522],[-74.59287,7.49914],[-74.5928,7.49059],[-74.58848,7.48593],[-74.58822,7.48261],[-74.59777,7.47208],[-74.59816,7.46091],[-74.59585,7.45546],[-74.59155,7.4524],[-74.58937,7.44826],[-74.58269,7.44689],[-74.58338,7.44344],[-74.58551,7.44188],[-74.58488,7.43737],[-74.5746,7.43175],[-74.56324,7.43286],[-74.56086,7.42827],[-74.56039,7.41855],[-74.55792,7.41455],[-74.54751,7.41108],[-74.54259,7.40368],[-74.53364,7.40025],[-74.52735,7.39026],[-74.51499,7.38416],[-74.51018,7.3765],[-74.50475,7.36087],[-74.49674,7.34739],[-74.49526,7.34538],[-74.48891,7.34317],[-74.46736,7.3466],[-74.46564,7.35756],[-74.46194,7.36119],[-74.45451,7.36452],[-74.45342,7.36994],[-74.44604,7.38004],[-74.43871,7.38144],[-74.42276,7.37942],[-74.41792,7.38205],[-74.412,7.39067],[-74.41126,7.39722],[-74.41588,7.41162],[-74.41168,7.43893],[-74.41362,7.44095],[-74.42142,7.44123],[-74.42188,7.44303],[-74.41484,7.45312],[-74.41208,7.46105],[-74.3984,7.46104],[-74.39447,7.46366],[-74.38859,7.46405],[-74.38565,7.46623],[-74.38121,7.47316],[-74.37441,7.47497],[-74.3717,7.47883],[-74.37029,7.47558],[-74.37256,7.46946],[-74.37208,7.46731],[-74.36535,7.46264],[-74.36374,7.45948],[-74.36492,7.44967],[-74.36399,7.44612],[-74.35944,7.44335],[-74.3583,7.43899],[-74.353,7.43277],[-74.34803,7.43087],[-74.34166,7.42577],[-74.33902,7.41736],[-74.34002,7.41378],[-74.344,7.41195],[-74.34815,7.40308],[-74.35552,7.3997],[-74.36079,7.39458],[-74.36116,7.38861],[-74.37251,7.37622],[-74.37405,7.36668],[-74.37594,7.36481],[-74.38787,7.3612],[-74.39119,7.35336],[-74.39737,7.34819],[-74.39827,7.34291],[-74.40084,7.3392],[-74.40195,7.33023],[-74.40076,7.31472],[-74.39924,7.31141],[-74.39472,7.30881],[-74.39308,7.30149],[-74.38802,7.30115],[-74.38628,7.29755],[-74.38878,7.28522],[-74.38746,7.27628],[-74.39003,7.27005],[-74.38958,7.26384],[-74.39601,7.2553],[-74.3999,7.23492],[-74.40472,7.22881],[-74.4046,7.22343],[-74.4077,7.21696],[-74.4043,7.20942],[-74.4094,7.20215],[-74.40736,7.19162],[-74.4056,7.18966],[-74.40044,7.18873],[-74.3963,7.1739],[-74.39143,7.17287],[-74.38965,7.17079],[-74.38819,7.16465],[-74.38531,7.16116],[-74.3814,7.14911],[-74.37707,7.14116],[-74.37598,7.13219],[-74.36885,7.12425],[-74.3687,7.12063],[-74.37088,7.11676],[-74.36894,7.11282],[-74.37099,7.10972],[-74.36886,7.10588],[-74.3719,7.10382],[-74.3715,7.09849],[-74.36704,7.09284],[-74.36403,7.09123],[-74.36298,7.08577],[-74.35965,7.08861],[-74.356,7.08911],[-74.35171,7.08236],[-74.35221,7.06612],[-74.35001,7.05546],[-74.35279,7.03316],[-74.35434,7.02955],[-74.3527,7.02538],[-74.35432,7.02024],[-74.35457,7.01089],[-74.34931,7.01287],[-74.33299,7.0127],[-74.32863,7.01126],[-74.32668,7.01606],[-74.32256,7.01831],[-74.32302,7.0192],[-74.31995,7.01914],[-74.31333,7.00768],[-74.30722,7.00556],[-74.30908,7.00238],[-74.30551,6.99982],[-74.30224,7.00283],[-74.29531,7.005],[-74.2917,7.0048],[-74.28714,7.00211],[-74.28346,7.0091],[-74.27516,7.01256],[-74.26206,7.00906],[-74.25702,7.0041],[-74.25249,7.0044],[-74.24832,7.00276],[-74.24435,7.00424],[-73.9134,7.2978]]],[[[-75.74905,10.18255],[-75.74749,10.17262],[-75.74435,10.17083],[-75.73712,10.17214],[-75.73457,10.1759],[-75.7263,10.17803],[-75.72359,10.18127],[-75.72611,10.18253],[-75.72577,10.1839],[-75.72995,10.18114],[-75.73623,10.18247],[-75.73745,10.1843],[-75.7371,10.18134],[-75.73905,10.1802],[-75.74424,10.18182],[-75.74435,10.18037],[-75.74549,10.18063],[-75.74586,10.18414],[-75.74905,10.18255]]],[[[-75.59361,10.34762],[-75.59111,10.33955],[-75.59344,10.33172],[-75.591,10.32618],[-75.59169,10.3232],[-75.587,10.32071],[-75.58494,10.32116],[-75.58166,10.31827],[-75.58004,10.32058],[-75.58107,10.32284],[-75.58025,10.32215],[-75.577,10.32472],[-75.57451,10.32815],[-75.57769,10.32878],[-75.57728,10.3316],[-75.57927,10.33346],[-75.57895,10.33566],[-75.57623,10.3354],[-75.57377,10.33953],[-75.56598,10.34432],[-75.56362,10.34245],[-75.564,10.33895],[-75.56222,10.34031],[-75.55969,10.33715],[-75.56144,10.34426],[-75.55806,10.34614],[-75.55666,10.34121],[-75.55625,10.34275],[-75.55426,10.34015],[-75.55533,10.3378],[-75.55281,10.33914],[-75.55137,10.3367],[-75.54879,10.33621],[-75.54682,10.34178],[-75.54296,10.34188],[-75.54371,10.34397],[-75.53836,10.34926],[-75.54571,10.35158],[-75.54703,10.35409],[-75.54504,10.35554],[-75.54682,10.35615],[-75.54922,10.35537],[-75.55016,10.35166],[-75.54832,10.35195],[-75.54468,10.34832],[-75.5478,10.34894],[-75.55127,10.35134],[-75.55008,10.35478],[-75.55179,10.35582],[-75.54622,10.35721],[-75.54503,10.35884],[-75.54435,10.35761],[-75.54362,10.35889],[-75.54068,10.35551],[-75.53954,10.35972],[-75.53831,10.35604],[-75.53737,10.35704],[-75.54001,10.36179],[-75.54435,10.36446],[-75.55379,10.36656],[-75.55825,10.36604],[-75.55919,10.368],[-75.57015,10.37338],[-75.57552,10.38152],[-75.5781,10.37954],[-75.57986,10.36939],[-75.58589,10.36577],[-75.58646,10.36246],[-75.59164,10.35817],[-75.59045,10.35229],[-75.59361,10.34762]]]]}},{"type":"Feature","properties":{"shapeName":"Cesar","shapeISO":"CO-CES","shapeID":"13589884B76435085510886","shapeGroup":"COL","shapeType":"ADM1"},"geometry":{"type":"Polygon","coordinates":[[[-73.77504,8.14342],[-73.77417,8.14007],[-73.77549,8.12146],[-73.76977,8.11228],[-73.76283,8.10534],[-73.76532,8.09659],[-73.76483,8.08811],[-73.7629,8.08327],[-73.75732,8.07527],[-73.75732,8.07164],[-73.7549,8.06607],[-73.7503,8.06219],[-73.74618,8.06122],[-73.74013,8.05262],[-73.74053,8.04215],[-73.73758,8.02615],[-73.72274,8.01295],[-73.71813,8.00476],[-73.71689,7.99708],[-73.71823,7.98526],[-73.72309,7.97831],[-73.72309,7.96963],[-73.72066,7.96789],[-73.71163,7.96928],[-73.70676,7.96789],[-73.69588,7.95127],[-73.68755,7.95127],[-73.68493,7.94841],[-73.68388,7.9405],[-73.67724,7.94323],[-73.67579,7.94238],[-73.67649,7.93508],[-73.67215,7.92836],[-73.67724,7.92],[-73.67775,7.91407],[-73.67435,7.90902],[-73.6719,7.89211],[-73.67595,7.88841],[-73.68482,7.88697],[-73.68909,7.88417],[-73.69506,7.87253],[-73.69787,7.87174],[-73.7018,7.86559],[-73.71023,7.86324],[-73.71012,7.85742],[-73.72339,7.84858],[-73.72294,7.84152],[-73.72576,7.83413],[-73.73587,7.83403],[-73.74429,7.83117],[-73.75123,7.82452],[-73.75212,7.8083],[-73.74558,7.79761],[-73.74239,7.79667],[-73.74157,7.79018],[-73.73776,7.78708],[-73.73728,7.78304],[-73.74014,7.7778],[-73.7449,7.77733],[-73.74918,7.77447],[-73.75965,7.77304],[-73.76155,7.7709],[-73.76179,7.76353],[-73.75293,7.75064],[-73.63743,7.74948],[-73.63198,7.74943],[-73.62913,7.7469],[-73.61269,7.74252],[-73.58751,7.74149],[-73.58549,7.73982],[-73.58079,7.73914],[-73.57207,7.7331],[-73.56033,7.72806],[-73.55195,7.71332],[-73.54759,7.71097],[-73.5403,7.7102],[-73.53425,7.70578],[-73.53077,7.70578],[-73.52834,7.70786],[-73.52521,7.70821],[-73.52243,7.70682],[-73.51874,7.69653],[-73.50902,7.6848],[-73.48989,7.6764],[-73.48184,7.67672],[-73.48082,7.68141],[-73.46907,7.68374],[-73.46167,7.6921],[-73.45462,7.6951],[-73.44052,7.69508],[-73.43178,7.7011],[-73.42782,7.70772],[-73.42272,7.70884],[-73.40926,7.72049],[-73.40657,7.72618],[-73.40539,7.73433],[-73.39814,7.74391],[-73.39662,7.74865],[-73.38492,7.75854],[-73.37728,7.76005],[-73.37252,7.77046],[-73.36965,7.77381],[-73.3678,7.77363],[-73.36341,7.77746],[-73.35871,7.78872],[-73.35412,7.78952],[-73.35086,7.79529],[-73.3482,7.81007],[-73.34396,7.81281],[-73.34448,7.81787],[-73.34738,7.81999],[-73.349,7.82711],[-73.34642,7.83047],[-73.34786,7.84904],[-73.35016,7.85514],[-73.35523,7.85977],[-73.35306,7.86406],[-73.35298,7.86837],[-73.34995,7.87026],[-73.35037,7.87297],[-73.35281,7.87555],[-73.34981,7.88031],[-73.35156,7.89001],[-73.35054,7.89368],[-73.34666,7.89892],[-73.33447,7.90474],[-73.32966,7.90365],[-73.32495,7.90751],[-73.31996,7.90778],[-73.31304,7.905],[-73.30762,7.90838],[-73.305,7.9072],[-73.30361,7.9083],[-73.30429,7.91369],[-73.30195,7.92274],[-73.28999,7.92724],[-73.28653,7.93344],[-73.27969,7.93563],[-73.27777,7.93951],[-73.27861,7.9414],[-73.27611,7.94499],[-73.27553,7.9588],[-73.27846,7.9856],[-73.28136,7.99321],[-73.28887,7.99224],[-73.29755,7.98437],[-73.29932,7.994],[-73.30358,7.99808],[-73.30148,8.00362],[-73.30215,8.00654],[-73.30933,8.0157],[-73.32405,8.01483],[-73.32977,8.0215],[-73.33242,8.02219],[-73.34289,8.01708],[-73.3521,8.01793],[-73.35805,8.01636],[-73.36011,8.01347],[-73.36624,8.01272],[-73.36593,8.02298],[-73.3705,8.03221],[-73.37163,8.04192],[-73.37594,8.05305],[-73.37151,8.06755],[-73.37298,8.07258],[-73.37258,8.08095],[-73.37494,8.08462],[-73.37502,8.09766],[-73.37714,8.10556],[-73.38439,8.11137],[-73.38971,8.11098],[-73.39804,8.11462],[-73.40371,8.11279],[-73.40769,8.11465],[-73.41398,8.12469],[-73.41646,8.13205],[-73.42589,8.13955],[-73.43266,8.14059],[-73.4355,8.14696],[-73.43445,8.15254],[-73.42997,8.15895],[-73.42932,8.18156],[-73.41819,8.18684],[-73.41538,8.19234],[-73.41485,8.19972],[-73.41034,8.20511],[-73.40707,8.21253],[-73.4077,8.21911],[-73.40633,8.22567],[-73.40872,8.23338],[-73.40546,8.23808],[-73.40425,8.2463],[-73.39952,8.24552],[-73.3976,8.25018],[-73.39366,8.2517],[-73.38777,8.25811],[-73.38426,8.25815],[-73.37622,8.26482],[-73.3738,8.27322],[-73.36975,8.27723],[-73.37691,8.29213],[-73.37567,8.30102],[-73.37732,8.3031],[-73.37677,8.30563],[-73.37445,8.30658],[-73.37705,8.31537],[-73.37528,8.31659],[-73.37498,8.32021],[-73.35815,8.32955],[-73.35413,8.3311],[-73.35088,8.33054],[-73.34998,8.33272],[-73.35321,8.34743],[-73.35203,8.35423],[-73.35322,8.36562],[-73.34785,8.38912],[-73.34623,8.39086],[-73.35646,8.40528],[-73.35583,8.40726],[-73.35047,8.4107],[-73.34962,8.41405],[-73.3535,8.4173],[-73.356,8.42944],[-73.3603,8.43216],[-73.36206,8.44315],[-73.36931,8.44348],[-73.37067,8.44494],[-73.37313,8.45646],[-73.37726,8.46127],[-73.38181,8.45877],[-73.39068,8.45989],[-73.39542,8.45754],[-73.4043,8.45598],[-73.4141,8.45976],[-73.41533,8.4527],[-73.4148,8.44251],[-73.41087,8.4331],[-73.41135,8.4281],[-73.40798,8.42415],[-73.40185,8.42315],[-73.40164,8.42099],[-73.3986,8.41766],[-73.40439,8.41071],[-73.40439,8.40762],[-73.39775,8.39532],[-73.39847,8.38958],[-73.39314,8.38292],[-73.39768,8.37579],[-73.40143,8.37565],[-73.40422,8.37255],[-73.4109,8.37125],[-73.40939,8.36719],[-73.41506,8.36611],[-73.41875,8.36772],[-73.42134,8.36718],[-73.42574,8.36078],[-73.42933,8.36673],[-73.43331,8.36593],[-73.43718,8.35896],[-73.43711,8.3531],[-73.44196,8.34086],[-73.45605,8.34548],[-73.45919,8.34778],[-73.46133,8.35413],[-73.45628,8.36194],[-73.46335,8.36292],[-73.46981,8.36702],[-73.47303,8.36559],[-73.47799,8.3658],[-73.4798,8.37203],[-73.47928,8.37654],[-73.48339,8.38084],[-73.49361,8.38436],[-73.51796,8.38439],[-73.52682,8.38304],[-73.52413,8.38611],[-73.51904,8.38725],[-73.51588,8.39636],[-73.50968,8.3999],[-73.49733,8.41056],[-73.48784,8.43608],[-73.47239,8.44761],[-73.47249,8.45957],[-73.47536,8.46818],[-73.4804,8.47274],[-73.50021,8.4797],[-73.52135,8.48237],[-73.52676,8.48118],[-73.53409,8.477],[-73.54972,8.4726],[-73.55199,8.47595],[-73.55979,8.48134],[-73.56206,8.49127],[-73.5754,8.49141],[-73.57803,8.50003],[-73.57528,8.50641],[-73.55495,8.50685],[-73.5469,8.5135],[-73.54461,8.51768],[-73.5321,8.52747],[-73.52885,8.52878],[-73.52213,8.52602],[-73.5172,8.52733],[-73.51489,8.54467],[-73.50899,8.55328],[-73.51054,8.56189],[-73.50993,8.56763],[-73.51533,8.57123],[-73.51736,8.57793],[-73.51663,8.5851],[-73.51001,8.59705],[-73.51276,8.60495],[-73.51226,8.61524],[-73.50985,8.62038],[-73.51008,8.62648],[-73.50767,8.6315],[-73.50995,8.63365],[-73.52016,8.6357],[-73.52172,8.64312],[-73.52157,8.65771],[-73.51484,8.66273],[-73.51458,8.67158],[-73.5083,8.67926],[-73.50497,8.68661],[-73.49514,8.69014],[-73.48938,8.69734],[-73.47702,8.70404],[-73.47209,8.70888],[-73.47365,8.71147],[-73.47377,8.7179],[-73.47114,8.72779],[-73.46403,8.74151],[-73.4578,8.74954],[-73.44735,8.75447],[-73.43852,8.76138],[-73.41862,8.76369],[-73.41414,8.76653],[-73.41487,8.77531],[-73.41163,8.78174],[-73.41771,8.7883],[-73.42303,8.79907],[-73.42834,8.8218],[-73.42907,8.83359],[-73.44457,8.85352],[-73.44829,8.86318],[-73.4485,8.87074],[-73.4397,8.87021],[-73.43447,8.87107],[-73.4326,8.87292],[-73.42622,8.89801],[-73.43114,8.92647],[-73.43161,8.94081],[-73.43914,8.97459],[-73.4362,8.99985],[-73.43312,9.00117],[-73.42565,9.0087],[-73.42165,9.0192],[-73.42251,9.02502],[-73.41727,9.03169],[-73.41486,9.05691],[-73.41643,9.08462],[-73.42077,9.09427],[-73.4276,9.1001],[-73.42796,9.10702],[-73.42382,9.12433],[-73.41659,9.13062],[-73.41107,9.15473],[-73.40658,9.16115],[-73.40172,9.163],[-73.39911,9.16237],[-73.39327,9.15655],[-73.38855,9.15419],[-73.38021,9.15306],[-73.36829,9.16144],[-73.36411,9.17715],[-73.35989,9.18655],[-73.3605,9.19256],[-73.35707,9.20227],[-73.35346,9.21064],[-73.34946,9.21344],[-73.35296,9.21753],[-73.33375,9.21305],[-73.32625,9.2293],[-73.3222,9.23212],[-73.31938,9.24058],[-73.31682,9.24319],[-73.31568,9.24967],[-73.31259,9.25192],[-73.3042,9.26609],[-73.29981,9.26605],[-73.29624,9.27653],[-73.29783,9.27984],[-73.29672,9.28575],[-73.29256,9.29011],[-73.29334,9.2967],[-73.28934,9.30133],[-73.29036,9.30668],[-73.28804,9.30964],[-73.2883,9.31478],[-73.28468,9.31925],[-73.28408,9.32213],[-73.2788,9.32395],[-73.27342,9.32119],[-73.2656,9.3267],[-73.26194,9.33436],[-73.2591,9.34539],[-73.26307,9.35914],[-73.26113,9.37027],[-73.25852,9.37227],[-73.25734,9.37606],[-73.25313,9.37626],[-73.24669,9.37972],[-73.24166,9.39092],[-73.24089,9.4029],[-73.23606,9.4073],[-73.23269,9.40829],[-73.22346,9.41749],[-73.22001,9.4247],[-73.20729,9.42283],[-73.20541,9.42828],[-73.20146,9.43094],[-73.1988,9.43756],[-73.18926,9.44554],[-73.18962,9.44924],[-73.19365,9.45708],[-73.20156,9.46364],[-73.20326,9.46926],[-73.1965,9.47576],[-73.18598,9.47507],[-73.18353,9.47707],[-73.17494,9.4777],[-73.17202,9.48063],[-73.17249,9.49001],[-73.17577,9.49508],[-73.17678,9.5004],[-73.17451,9.50414],[-73.16583,9.51105],[-73.16377,9.51723],[-73.15942,9.51811],[-73.15632,9.52136],[-73.14965,9.53597],[-73.1463,9.53748],[-73.14428,9.54298],[-73.14094,9.544],[-73.13667,9.55047],[-73.13172,9.5508],[-73.12697,9.55475],[-73.11082,9.55335],[-73.10316,9.55663],[-73.08519,9.55628],[-73.08662,9.56753],[-73.08245,9.57594],[-73.08152,9.58581],[-73.07823,9.58877],[-73.07327,9.60515],[-73.07874,9.61081],[-73.07853,9.61227],[-73.07418,9.62704],[-73.06645,9.63578],[-73.06141,9.64717],[-73.05842,9.65012],[-73.06096,9.65791],[-73.05512,9.67173],[-73.05482,9.67826],[-73.052,9.68358],[-73.04764,9.68583],[-73.04415,9.69398],[-73.03536,9.70088],[-73.03355,9.71171],[-73.03116,9.71384],[-73.02774,9.71382],[-73.02739,9.72019],[-73.01976,9.72666],[-73.01712,9.73373],[-73.01348,9.73595],[-73.01173,9.7352],[-73.00542,9.74097],[-73.00418,9.75263],[-72.99997,9.75867],[-73.00138,9.76499],[-72.99772,9.77138],[-72.99424,9.78283],[-72.98899,9.79088],[-72.98352,9.79693],[-72.97879,9.79899],[-72.96555,9.81712],[-72.95705,9.82141],[-72.95504,9.8286],[-72.95002,9.83086],[-72.94997,9.83588],[-72.94544,9.83763],[-72.94512,9.84036],[-72.94767,9.84663],[-72.95033,9.84922],[-72.95809,9.85078],[-72.96407,9.85389],[-72.97004,9.85362],[-72.97147,9.86858],[-72.97875,9.86924],[-72.98252,9.87246],[-72.99149,9.87367],[-72.99281,9.87503],[-72.99404,9.87808],[-72.97747,9.88877],[-72.98821,9.89746],[-72.98851,9.89962],[-72.98434,9.90829],[-72.98677,9.91418],[-72.99356,9.91564],[-72.99865,9.9215],[-72.99904,9.92387],[-72.99239,9.9355],[-72.99175,9.93894],[-72.98853,9.94279],[-72.98865,9.94814],[-72.98647,9.95392],[-72.98035,9.9597],[-72.98031,9.96441],[-72.98489,9.97063],[-72.98277,9.9764],[-72.97575,9.98786],[-72.97506,9.99287],[-72.9666,9.99637],[-72.96095,10.00714],[-72.96113,10.01388],[-72.96325,10.01782],[-72.95281,10.02637],[-72.95206,10.03181],[-72.95324,10.04037],[-72.95793,10.05377],[-72.95444,10.05815],[-72.95409,10.066],[-72.95093,10.0662],[-72.94839,10.06917],[-72.94543,10.06999],[-72.94118,10.07995],[-72.93535,10.08201],[-72.93292,10.08404],[-72.9316,10.08798],[-72.92716,10.091],[-72.92392,10.09136],[-72.92585,10.09568],[-72.92169,10.10409],[-72.92202,10.10893],[-72.91325,10.11019],[-72.91163,10.11272],[-72.92158,10.13808],[-72.91943,10.14407],[-72.92012,10.14709],[-72.91848,10.15042],[-72.91749,10.16128],[-72.91166,10.16848],[-72.9082,10.17566],[-72.90722,10.18998],[-72.90937,10.1957],[-72.90935,10.20416],[-72.90602,10.20744],[-72.89962,10.20931],[-72.89728,10.21745],[-72.90412,10.22813],[-72.90202,10.23141],[-72.90328,10.24326],[-72.90155,10.24809],[-72.90353,10.25804],[-72.90663,10.26195],[-72.90728,10.26662],[-72.90588,10.27566],[-72.90391,10.2785],[-72.90574,10.28745],[-72.90353,10.28895],[-72.90161,10.29426],[-72.89744,10.3119],[-72.90562,10.32308],[-72.90476,10.33591],[-72.90662,10.33757],[-72.90757,10.3451],[-72.90664,10.35316],[-72.89936,10.36296],[-72.89479,10.36322],[-72.89102,10.37456],[-72.88583,10.384],[-72.88758,10.39271],[-72.89068,10.39666],[-72.89871,10.39968],[-72.89812,10.40665],[-72.89522,10.41105],[-72.89623,10.41981],[-72.89452,10.42516],[-72.8955,10.42791],[-72.89457,10.43381],[-72.90797,10.43446],[-72.93051,10.43096],[-72.93942,10.42718],[-72.96018,10.41364],[-72.97104,10.41008],[-72.97824,10.40376],[-72.98599,10.40075],[-72.99292,10.40104],[-72.99897,10.40411],[-73.0039,10.40349],[-73.00578,10.40523],[-73.00928,10.40513],[-73.01454,10.4107],[-73.0176,10.41178],[-73.02573,10.41075],[-73.03518,10.40454],[-73.04157,10.40548],[-73.04679,10.40829],[-73.04952,10.41192],[-73.05209,10.41233],[-73.05092,10.41419],[-73.05278,10.41351],[-73.05294,10.41465],[-73.05871,10.41468],[-73.06529,10.41687],[-73.06514,10.41875],[-73.06818,10.41997],[-73.06978,10.42297],[-73.07596,10.42314],[-73.08504,10.42636],[-73.09817,10.41872],[-73.09921,10.41649],[-73.10863,10.41314],[-73.11319,10.40954],[-73.11646,10.40914],[-73.11708,10.40511],[-73.1228,10.40385],[-73.12757,10.39917],[-73.14235,10.39671],[-73.14459,10.39833],[-73.14571,10.40028],[-73.14367,10.41984],[-73.1451,10.42281],[-73.14307,10.42888],[-73.144,10.4321],[-73.14249,10.43507],[-73.14306,10.43745],[-73.14805,10.44356],[-73.15097,10.4439],[-73.15063,10.44643],[-73.15303,10.44677],[-73.15337,10.44846],[-73.1544,10.44778],[-73.1544,10.45133],[-73.16264,10.45504],[-73.16247,10.45673],[-73.16814,10.45893],[-73.16814,10.46095],[-73.17157,10.46095],[-73.17329,10.45893],[-73.17449,10.46061],[-73.17856,10.45734],[-73.18057,10.46558],[-73.17681,10.4703],[-73.17165,10.4729],[-73.17432,10.47947],[-73.16603,10.48481],[-73.16732,10.49118],[-73.15923,10.49123],[-73.15508,10.49658],[-73.1456,10.50048],[-73.14528,10.50285],[-73.14803,10.50675],[-73.14016,10.51579],[-73.13732,10.52995],[-73.1328,10.53092],[-73.12515,10.52755],[-73.11586,10.53855],[-73.10702,10.54063],[-73.09994,10.54985],[-73.09611,10.55768],[-73.10081,10.56567],[-73.10116,10.57234],[-73.0991,10.57624],[-73.09135,10.58022],[-73.08605,10.59007],[-73.08624,10.60088],[-73.08864,10.60862],[-73.08757,10.61617],[-73.08528,10.62421],[-73.07679,10.63409],[-73.07661,10.63731],[-73.07913,10.63841],[-73.0802,10.64144],[-73.08444,10.64183],[-73.08261,10.64497],[-73.08283,10.64759],[-73.08742,10.65072],[-73.08922,10.6542],[-73.09223,10.65523],[-73.09599,10.65942],[-73.09875,10.65895],[-73.10297,10.66073],[-73.10403,10.66462],[-73.10853,10.66483],[-73.11205,10.66745],[-73.11459,10.67734],[-73.11729,10.68196],[-73.12658,10.68393],[-73.13155,10.68319],[-73.14048,10.68723],[-73.14372,10.69468],[-73.16098,10.71057],[-73.16437,10.71074],[-73.17074,10.70676],[-73.17558,10.70616],[-73.18161,10.71033],[-73.1852,10.71069],[-73.20725,10.70451],[-73.20746,10.70769],[-73.21185,10.71568],[-73.21453,10.7305],[-73.22107,10.73355],[-73.22855,10.73138],[-73.23096,10.73296],[-73.23316,10.73882],[-73.23647,10.74033],[-73.24071,10.73752],[-73.25002,10.73803],[-73.25637,10.73228],[-73.26544,10.73083],[-73.27748,10.72547],[-73.27489,10.74049],[-73.27007,10.74379],[-73.27001,10.74704],[-73.26722,10.75035],[-73.26741,10.75342],[-73.26451,10.75357],[-73.26328,10.75696],[-73.25992,10.75836],[-73.25241,10.7703],[-73.2521,10.77542],[-73.25652,10.77861],[-73.25891,10.7856],[-73.25633,10.7954],[-73.25201,10.7992],[-73.25134,10.80371],[-73.25533,10.80888],[-73.25202,10.81394],[-73.25559,10.8226],[-73.25557,10.82749],[-73.25792,10.82958],[-73.26198,10.82878],[-73.26448,10.83116],[-73.26643,10.83932],[-73.26418,10.84205],[-73.26478,10.845],[-73.2774,10.84793],[-73.27949,10.85697],[-73.28484,10.85739],[-73.28985,10.86245],[-73.29519,10.85547],[-73.29831,10.85588],[-73.30468,10.84961],[-73.31241,10.84637],[-73.32534,10.85795],[-73.32869,10.8574],[-73.33706,10.86184],[-73.34461,10.8602],[-73.35467,10.8605],[-73.35887,10.85803],[-73.36548,10.86026],[-73.37308,10.85806],[-73.37803,10.86137],[-73.38413,10.85978],[-73.38555,10.86245],[-73.38903,10.86334],[-73.39266,10.86722],[-73.40021,10.86558],[-73.43254,10.86678],[-73.43653,10.86538],[-73.44895,10.8668],[-73.45533,10.86619],[-73.45536,10.86061],[-73.46247,10.85925],[-73.46957,10.86232],[-73.47342,10.86697],[-73.47862,10.86745],[-73.48764,10.86302],[-73.49425,10.85763],[-73.50045,10.85924],[-73.50673,10.85586],[-73.50805,10.85271],[-73.52112,10.84836],[-73.53399,10.84801],[-73.53853,10.84528],[-73.54376,10.84435],[-73.56259,10.84681],[-73.57159,10.8429],[-73.57907,10.84281],[-73.59344,10.83955],[-73.60182,10.83526],[-73.60511,10.83048],[-73.62544,10.81179],[-73.62936,10.80576],[-73.63241,10.79596],[-73.63799,10.78861],[-73.63512,10.78753],[-73.62769,10.79017],[-73.61488,10.78315],[-73.59201,10.78079],[-73.58663,10.77856],[-73.57456,10.76798],[-73.56737,10.76604],[-73.56485,10.75658],[-73.55751,10.75682],[-73.55206,10.75914],[-73.54206,10.75495],[-73.54752,10.74946],[-73.56161,10.74074],[-73.55784,10.73179],[-73.56194,10.7269],[-73.56767,10.72417],[-73.56945,10.71405],[-73.57591,10.71159],[-73.58421,10.7171],[-73.58547,10.70914],[-73.59413,10.70501],[-73.59298,10.69913],[-73.59541,10.68698],[-73.60094,10.67754],[-73.60473,10.67418],[-73.6108,10.67236],[-73.61236,10.66708],[-73.61251,10.65219],[-73.61696,10.645],[-73.60955,10.64155],[-73.59824,10.63961],[-73.59658,10.63724],[-73.6002,10.62466],[-73.60011,10.61863],[-73.59871,10.61684],[-73.60062,10.61316],[-73.59466,10.60089],[-73.59634,10.5828],[-73.59829,10.57709],[-73.61299,10.56511],[-73.60606,10.56455],[-73.59408,10.56079],[-73.59518,10.55483],[-73.58936,10.54875],[-73.57055,10.54268],[-73.56881,10.5405],[-73.56809,10.53541],[-73.56479,10.53132],[-73.56637,10.51698],[-73.56418,10.51234],[-73.56061,10.51034],[-73.56125,10.50861],[-73.56572,10.50183],[-73.57199,10.49897],[-73.5837,10.50212],[-73.59314,10.49621],[-73.59755,10.49648],[-73.60302,10.50014],[-73.62063,10.49882],[-73.62813,10.49481],[-73.63823,10.49982],[-73.64278,10.49801],[-73.64599,10.4983],[-73.64691,10.49015],[-73.64614,10.48593],[-73.64485,10.48576],[-73.64459,10.48314],[-73.64597,10.48222],[-73.64468,10.47344],[-73.64597,10.46998],[-73.64974,10.47209],[-73.65155,10.47116],[-73.65009,10.46787],[-73.65138,10.45968],[-73.65429,10.45968],[-73.65843,10.45472],[-73.65961,10.45546],[-73.66091,10.45422],[-73.66253,10.4558],[-73.67163,10.45782],[-73.67627,10.46103],[-73.68203,10.46056],[-73.68525,10.46417],[-73.6888,10.46326],[-73.69094,10.46534],[-73.6953,10.46244],[-73.70287,10.46331],[-73.70339,10.45926],[-73.6985,10.4509],[-73.70056,10.45073],[-73.7039,10.44525],[-73.70382,10.44229],[-73.69918,10.43959],[-73.69961,10.43697],[-73.70305,10.43503],[-73.7037,10.42938],[-73.70426,10.43132],[-73.70648,10.43174],[-73.71068,10.42971],[-73.7123,10.43077],[-73.71099,10.43189],[-73.7118,10.43394],[-73.7179,10.43271],[-73.71832,10.43444],[-73.71982,10.43368],[-73.72353,10.43581],[-73.72734,10.43377],[-73.72871,10.4363],[-73.72915,10.43278],[-73.73154,10.43529],[-73.73643,10.43503],[-73.73732,10.43244],[-73.73965,10.43537],[-73.74072,10.43495],[-73.74025,10.42877],[-73.74384,10.43107],[-73.74591,10.43051],[-73.74585,10.42791],[-73.75377,10.41823],[-73.75279,10.4158],[-73.76028,10.41544],[-73.75908,10.41251],[-73.76126,10.41155],[-73.76507,10.41301],[-73.76474,10.40994],[-73.76728,10.40851],[-73.76973,10.40377],[-73.77582,10.40324],[-73.77816,10.39938],[-73.77826,10.39575],[-73.78386,10.39635],[-73.78545,10.3983],[-73.78705,10.39489],[-73.78914,10.39648],[-73.79174,10.39131],[-73.79356,10.39312],[-73.79544,10.39245],[-73.79604,10.39534],[-73.79759,10.39513],[-73.79801,10.39181],[-73.8012,10.39444],[-73.80461,10.39392],[-73.8064,10.39523],[-73.81702,10.3842],[-73.8191,10.38639],[-73.81575,10.38797],[-73.81945,10.39092],[-73.82278,10.39019],[-73.82327,10.39502],[-73.82647,10.39733],[-73.82996,10.39575],[-73.82818,10.40049],[-73.82941,10.40182],[-73.8338,10.39894],[-73.83732,10.40045],[-73.83948,10.39672],[-73.84219,10.40015],[-73.84825,10.39314],[-73.85498,10.38985],[-73.85623,10.38696],[-73.86104,10.39187],[-73.86355,10.39028],[-73.86672,10.3939],[-73.87006,10.39258],[-73.87153,10.38809],[-73.87933,10.38929],[-73.88326,10.38655],[-73.8843,10.38772],[-73.88246,10.39271],[-73.88358,10.3928],[-73.88733,10.38899],[-73.89327,10.38979],[-73.89241,10.38429],[-73.8967,10.38529],[-73.8994,10.38067],[-73.90628,10.38298],[-73.90904,10.37933],[-73.91623,10.37812],[-73.91742,10.37261],[-73.92078,10.37477],[-73.92151,10.37009],[-73.93206,10.36561],[-73.93195,10.36402],[-73.92803,10.36124],[-73.93059,10.35999],[-73.93223,10.35453],[-73.93772,10.35405],[-73.94079,10.35125],[-73.94435,10.3504],[-73.9457,10.34614],[-73.94796,10.34607],[-73.94756,10.34238],[-73.95326,10.34367],[-73.9547,10.34225],[-73.95249,10.34197],[-73.95282,10.33855],[-73.95648,10.33773],[-73.95735,10.33883],[-73.96071,10.33617],[-73.9599,10.33096],[-73.95702,10.33009],[-73.95792,10.32911],[-73.95492,10.3251],[-73.96079,10.31979],[-73.96028,10.31591],[-73.9626,10.31557],[-73.96225,10.31363],[-73.95679,10.31028],[-73.95776,10.30798],[-73.96028,10.30907],[-73.96328,10.30704],[-73.96174,10.30087],[-73.96311,10.29724],[-73.96251,10.29116],[-73.96517,10.28795],[-73.96938,10.28846],[-73.97058,10.28373],[-73.9778,10.27625],[-73.98745,10.27205],[-73.9914,10.26736],[-73.99977,10.26576],[-74.00759,10.25674],[-74.00839,10.25339],[-74.01217,10.25206],[-74.00945,10.24754],[-74.01147,10.24461],[-74.00741,10.23991],[-74.0095,10.23879],[-74.01025,10.23631],[-74.01299,10.23612],[-74.01495,10.2341],[-74.01761,10.23535],[-74.02351,10.2305],[-74.02489,10.22771],[-74.02821,10.22922],[-74.02916,10.22721],[-74.03042,10.22793],[-74.03425,10.22576],[-74.03425,10.22398],[-74.03839,10.22146],[-74.03873,10.21972],[-74.04088,10.21982],[-74.04277,10.21591],[-74.03878,10.21489],[-74.03763,10.21254],[-74.0392,10.21013],[-74.038,10.20452],[-74.03905,10.20115],[-74.04095,10.20013],[-74.04081,10.19763],[-74.04724,10.19526],[-74.04868,10.19252],[-74.04757,10.19004],[-74.0485,10.18755],[-74.05145,10.18424],[-74.05793,10.18295],[-74.05983,10.18007],[-74.05841,10.17665],[-74.06075,10.17403],[-74.06028,10.17231],[-74.0657,10.16674],[-74.06557,10.16501],[-74.0634,10.1639],[-74.06515,10.16329],[-74.06556,10.1606],[-74.06204,10.159],[-74.06327,10.15681],[-74.06023,10.14447],[-74.0632,10.14268],[-74.06131,10.13792],[-74.06454,10.13316],[-74.06272,10.13185],[-74.06275,10.12934],[-74.06485,10.12895],[-74.06619,10.12537],[-74.06957,10.12677],[-74.07083,10.12455],[-74.07323,10.12464],[-74.07447,10.12009],[-74.07143,10.11829],[-74.07297,10.11648],[-74.07248,10.11475],[-74.06834,10.11283],[-74.06698,10.10479],[-74.06865,10.09893],[-74.06736,10.09799],[-74.06977,10.0965],[-74.06917,10.09458],[-74.07114,10.09424],[-74.07077,10.09305],[-74.0762,10.08823],[-74.07615,10.08499],[-74.08438,10.0732],[-74.08144,10.06506],[-74.07592,10.05985],[-74.07697,10.0589],[-74.07586,10.05784],[-74.07376,10.05848],[-74.07399,10.05192],[-74.06288,10.04135],[-74.05332,10.01496],[-74.0496,10.0119],[-74.04242,10.00962],[-74.03681,10.00487],[-74.031,9.99184],[-74.02196,9.98116],[-74.01331,9.97622],[-73.99691,9.94157],[-73.98862,9.93538],[-73.97187,9.93602],[-73.95757,9.93125],[-73.95169,9.924],[-73.95066,9.91414],[-73.93669,9.90537],[-73.92362,9.88696],[-73.92112,9.87894],[-73.91634,9.87451],[-73.91047,9.86415],[-73.90503,9.86049],[-73.90398,9.85305],[-73.89462,9.83377],[-73.89233,9.83218],[-73.88574,9.83141],[-73.87591,9.81548],[-73.86702,9.81433],[-73.86395,9.80975],[-73.85461,9.80697],[-73.85017,9.80099],[-73.84255,9.79681],[-73.82794,9.75318],[-73.82868,9.74958],[-73.83663,9.73859],[-73.83523,9.72979],[-73.83155,9.72432],[-73.82675,9.72046],[-73.82609,9.71566],[-73.81755,9.70819],[-73.80976,9.69127],[-73.81031,9.68804],[-73.81387,9.68677],[-73.81409,9.68551],[-73.81174,9.68553],[-73.81144,9.68439],[-73.81549,9.68214],[-73.81607,9.67817],[-73.80659,9.66604],[-73.80724,9.65006],[-73.80499,9.64172],[-74.05278,9.58974],[-74.05884,9.59014],[-74.05996,9.58484],[-74.06357,9.58107],[-74.06511,9.57527],[-74.0673,9.57415],[-74.06775,9.57091],[-74.06968,9.56897],[-74.06992,9.56337],[-74.07296,9.5577],[-74.07727,9.55577],[-74.0802,9.54867],[-74.08327,9.54737],[-74.08473,9.54451],[-74.09645,9.5353],[-74.10057,9.52366],[-74.09993,9.52215],[-74.10749,9.51874],[-74.1196,9.50548],[-74.13981,9.49554],[-74.13768,9.49259],[-74.13366,9.49067],[-74.13221,9.48645],[-74.12278,9.48439],[-74.12109,9.4802],[-74.11624,9.4788],[-74.11283,9.48013],[-74.10248,9.47602],[-74.09767,9.47694],[-74.09411,9.47209],[-74.09179,9.4655],[-74.0817,9.45865],[-74.0776,9.45388],[-74.07504,9.45368],[-74.07375,9.4513],[-74.07032,9.44992],[-74.06484,9.43841],[-74.05676,9.43274],[-74.05473,9.42911],[-74.04884,9.42422],[-74.042,9.42174],[-74.02512,9.41934],[-74.01377,9.40899],[-74.0088,9.40042],[-74.00337,9.39705],[-73.99227,9.39778],[-73.97622,9.39127],[-73.9809,9.38837],[-73.98395,9.38295],[-73.98456,9.36504],[-73.9897,9.35112],[-73.98807,9.33139],[-73.99145,9.3272],[-73.99169,9.32402],[-73.98833,9.3157],[-73.98177,9.31054],[-73.97769,9.30523],[-73.95822,9.30409],[-73.95133,9.29506],[-73.94306,9.28957],[-73.94594,9.28301],[-73.94574,9.26442],[-73.9508,9.25562],[-73.95081,9.24269],[-73.96491,9.22],[-73.96546,9.21282],[-73.96022,9.20079],[-73.95804,9.18687],[-73.88994,9.17526],[-73.88433,9.18226],[-73.87891,9.18585],[-73.8724,9.18549],[-73.86482,9.18153],[-73.86193,9.17704],[-73.86229,9.1686],[-73.8641,9.16304],[-73.8755,9.14598],[-73.87533,9.13054],[-73.86106,9.10917],[-73.8477,9.10016],[-73.82313,9.07936],[-73.80923,9.07071],[-73.79802,9.0583],[-73.79754,9.04549],[-73.79927,9.04492],[-73.80353,9.04672],[-73.80984,9.04525],[-73.80567,9.03971],[-73.81166,9.03303],[-73.80813,9.03009],[-73.81278,9.02702],[-73.81971,9.02797],[-73.82455,9.0232],[-73.82499,9.0048],[-73.82687,8.9999],[-73.8306,8.9968],[-73.83186,8.98923],[-73.83603,8.98473],[-73.83248,8.98138],[-73.83242,8.9796],[-73.84065,8.96695],[-73.84806,8.96607],[-73.8459,8.95392],[-73.84725,8.94905],[-73.85705,8.93042],[-73.86317,8.92221],[-73.86955,8.91711],[-73.86563,8.88498],[-73.85341,8.87228],[-73.84236,8.8653],[-73.83372,8.85153],[-73.82279,8.8408],[-73.81044,8.83351],[-73.79997,8.82005],[-73.79522,8.81114],[-73.79081,8.79385],[-73.79472,8.76808],[-73.7889,8.75174],[-73.79069,8.74707],[-73.79649,8.74162],[-73.80609,8.73602],[-73.8117,8.73015],[-73.81201,8.71809],[-73.80685,8.69103],[-73.81894,8.66545],[-73.8196,8.64805],[-73.81843,8.6374],[-73.80827,8.61916],[-73.79419,8.60535],[-73.79406,8.59227],[-73.78659,8.57443],[-73.77913,8.56497],[-73.77082,8.55768],[-73.77083,8.55482],[-73.77615,8.54723],[-73.77709,8.54306],[-73.77865,8.51852],[-73.77402,8.50244],[-73.76757,8.48873],[-73.75172,8.47068],[-73.74947,8.46494],[-73.74906,8.45333],[-73.75033,8.44956],[-73.74838,8.43082],[-73.75028,8.38266],[-73.74961,8.35986],[-73.7561,8.34421],[-73.75703,8.332],[-73.75657,8.32855],[-73.74849,8.3191],[-73.7478,8.31335],[-73.75936,8.30437],[-73.76122,8.29862],[-73.76122,8.29563],[-73.75129,8.27812],[-73.75014,8.27098],[-73.75894,8.26177],[-73.76472,8.25142],[-73.76658,8.23829],[-73.77491,8.22402],[-73.777,8.21366],[-73.77724,8.201],[-73.77517,8.19363],[-73.77449,8.17981],[-73.77103,8.16],[-73.7715,8.15149],[-73.77504,8.14342]]]}},{"type":"Feature","properties":{"shapeName":"Magdalena","shapeISO":"CO-MAG","shapeID":"13589884B85940101840667","shapeGroup":"COL","shapeType":"ADM1"},"geometry":{"type":"Polygon","coordinates":[[[-74.90781,10.25318],[-74.9106,10.23197],[-74.91613,10.2243],[-74.94442,10.14769],[-74.94559,10.13597],[-74.9429,10.12163],[-74.93806,10.11638],[-74.9238,10.10948],[-74.91365,10.10711],[-74.89555,10.10763],[-74.88348,10.10575],[-74.86802,10.10124],[-74.85859,10.09576],[-74.84529,10.08432],[-74.83125,10.0688],[-74.82665,10.06235],[-74.81961,10.04563],[-74.81526,10.03918],[-74.78891,10.01596],[-74.78613,10.00778],[-74.78588,9.98189],[-74.78701,9.97564],[-74.78987,9.97179],[-74.7976,9.96808],[-74.82282,9.96547],[-74.83955,9.95725],[-74.84757,9.95643],[-74.8544,9.95236],[-74.86109,9.94541],[-74.864,9.94029],[-74.87034,9.93815],[-74.87305,9.93488],[-74.87143,9.9222],[-74.86659,9.90942],[-74.8674,9.89953],[-74.86405,9.89121],[-74.85542,9.87715],[-74.85347,9.86903],[-74.85125,9.8499],[-74.84639,9.83532],[-74.84882,9.82116],[-74.83406,9.80432],[-74.82237,9.79382],[-74.80852,9.78605],[-74.8065,9.78065],[-74.8036,9.75942],[-74.80551,9.75187],[-74.81416,9.73909],[-74.81418,9.73055],[-74.80799,9.72567],[-74.79801,9.70807],[-74.78659,9.69725],[-74.78538,9.69379],[-74.7897,9.68672],[-74.80269,9.67287],[-74.80368,9.66861],[-74.80095,9.6615],[-74.7848,9.64762],[-74.78008,9.64105],[-74.77216,9.60556],[-74.77432,9.58529],[-74.77679,9.57782],[-74.79843,9.55637],[-74.8042,9.55464],[-74.80534,9.54492],[-74.80022,9.53857],[-74.79127,9.53197],[-74.79045,9.52693],[-74.7913,9.51648],[-74.79848,9.49649],[-74.79859,9.49121],[-74.7941,9.47549],[-74.79467,9.47296],[-74.80651,9.46524],[-74.8087,9.4622],[-74.80828,9.45462],[-74.80584,9.44751],[-74.80423,9.44707],[-74.79427,9.4576],[-74.78341,9.46329],[-74.77036,9.46566],[-74.76494,9.46505],[-74.75578,9.46122],[-74.7423,9.44669],[-74.73782,9.43513],[-74.73776,9.4314],[-74.73923,9.4295],[-74.73595,9.4225],[-74.73236,9.41969],[-74.72582,9.41752],[-74.71923,9.41782],[-74.6978,9.42647],[-74.69044,9.41977],[-74.67141,9.41331],[-74.6645,9.39289],[-74.65974,9.38687],[-74.64783,9.38201],[-74.62661,9.37865],[-74.62186,9.37614],[-74.61769,9.37155],[-74.61253,9.36013],[-74.61499,9.34394],[-74.61325,9.34015],[-74.59572,9.32629],[-74.5908,9.32359],[-74.576,9.32],[-74.56385,9.31307],[-74.56188,9.309],[-74.56041,9.29321],[-74.55434,9.28834],[-74.54606,9.27411],[-74.53472,9.26454],[-74.53077,9.25444],[-74.5296,9.24187],[-74.5229,9.2421],[-74.517,9.23476],[-74.51272,9.23379],[-74.50549,9.23585],[-74.48454,9.25175],[-74.47519,9.26398],[-74.46353,9.27099],[-74.44584,9.26906],[-74.44029,9.27326],[-74.43373,9.27325],[-74.43105,9.27022],[-74.43092,9.26018],[-74.42466,9.24572],[-74.41409,9.23205],[-74.40829,9.21972],[-74.40253,9.21371],[-74.39336,9.21405],[-74.37746,9.22438],[-74.37132,9.22521],[-74.35586,9.23274],[-74.34871,9.23331],[-74.3403,9.22971],[-74.33423,9.22323],[-74.2967,9.20288],[-74.29183,9.1968],[-74.29071,9.19222],[-74.29486,9.18507],[-74.29948,9.16947],[-74.29989,9.16354],[-74.29813,9.15986],[-74.29156,9.15786],[-74.2832,9.1578],[-74.26499,9.16896],[-74.25979,9.16714],[-74.25347,9.1671],[-74.24744,9.16438],[-74.23585,9.14773],[-74.21955,9.13513],[-74.22798,9.12948],[-74.22792,9.12415],[-74.2236,9.12154],[-74.21232,9.11958],[-74.19965,9.10008],[-74.19013,9.09419],[-74.18368,9.0931],[-74.17614,9.0891],[-74.17548,9.08699],[-74.17782,9.0784],[-74.17277,9.07469],[-74.15871,9.07229],[-74.15761,9.07025],[-74.15827,9.05999],[-74.15607,9.05723],[-74.14861,9.05767],[-74.13733,9.06422],[-74.13441,9.06444],[-74.13279,9.05913],[-74.12972,9.05527],[-74.11859,9.04879],[-74.11852,9.04581],[-74.12225,9.04341],[-74.1344,9.04421],[-74.13989,9.04159],[-74.14231,9.03416],[-74.13696,9.029],[-74.13052,9.0282],[-74.12642,9.02966],[-74.12196,9.03351],[-74.1183,9.0405],[-74.11544,9.04101],[-74.11185,9.03912],[-74.10651,9.02515],[-74.10117,9.02056],[-74.09721,9.02078],[-74.09099,9.02486],[-74.07575,9.02631],[-74.06581,9.02056],[-74.06025,9.01911],[-74.05483,9.01976],[-74.04663,9.025],[-74.04458,9.03759],[-74.04238,9.04188],[-74.03543,9.04479],[-74.03221,9.03126],[-74.02782,9.02689],[-74.02006,9.02543],[-74.00937,9.03242],[-74.00352,9.03038],[-73.99774,9.02004],[-73.98507,9.00993],[-73.98786,9.00833],[-73.99715,9.01139],[-74.00294,9.00913],[-74.00469,9.00142],[-74.00294,8.99763],[-74.00111,8.99603],[-73.99379,8.99719],[-73.99064,8.99625],[-73.97969,8.98586],[-73.97754,8.98526],[-73.97117,8.98853],[-73.96305,8.99573],[-73.95243,8.99595],[-73.94702,8.99347],[-73.93941,8.98553],[-73.9296,8.98197],[-73.92448,8.97854],[-73.91643,8.97774],[-73.90582,8.97897],[-73.90077,8.98093],[-73.89118,8.98115],[-73.88306,8.97161],[-73.86829,8.94089],[-73.86749,8.93689],[-73.86955,8.91711],[-73.86317,8.92221],[-73.85705,8.93042],[-73.84725,8.94905],[-73.8459,8.95392],[-73.84806,8.96607],[-73.84065,8.96695],[-73.83242,8.9796],[-73.83248,8.98138],[-73.83603,8.98473],[-73.83186,8.98923],[-73.8306,8.9968],[-73.82687,8.9999],[-73.82499,9.0048],[-73.82455,9.0232],[-73.81971,9.02797],[-73.81278,9.02702],[-73.80813,9.03009],[-73.81166,9.03303],[-73.80567,9.03971],[-73.80984,9.04525],[-73.80353,9.04672],[-73.79927,9.04492],[-73.79754,9.04549],[-73.79802,9.0583],[-73.80923,9.07071],[-73.82313,9.07936],[-73.8477,9.10016],[-73.86106,9.10917],[-73.87533,9.13054],[-73.8755,9.14598],[-73.8641,9.16304],[-73.86229,9.1686],[-73.86193,9.17704],[-73.86482,9.18153],[-73.8724,9.18549],[-73.87891,9.18585],[-73.88433,9.18226],[-73.88994,9.17526],[-73.95804,9.18687],[-73.96022,9.20079],[-73.96546,9.21282],[-73.96491,9.22],[-73.95081,9.24269],[-73.9508,9.25562],[-73.94574,9.26442],[-73.94594,9.28301],[-73.94306,9.28957],[-73.95133,9.29506],[-73.95822,9.30409],[-73.97769,9.30523],[-73.98177,9.31054],[-73.98833,9.3157],[-73.99169,9.32402],[-73.99145,9.3272],[-73.98807,9.33139],[-73.9897,9.35112],[-73.98456,9.36504],[-73.98395,9.38295],[-73.9809,9.38837],[-73.97622,9.39127],[-73.99227,9.39778],[-74.00337,9.39705],[-74.0088,9.40042],[-74.01377,9.40899],[-74.02512,9.41934],[-74.042,9.42174],[-74.04884,9.42422],[-74.05473,9.42911],[-74.05676,9.43274],[-74.06484,9.43841],[-74.07032,9.44992],[-74.07375,9.4513],[-74.07504,9.45368],[-74.0776,9.45388],[-74.0817,9.45865],[-74.09179,9.4655],[-74.09411,9.47209],[-74.09767,9.47694],[-74.10248,9.47602],[-74.11283,9.48013],[-74.11624,9.4788],[-74.12109,9.4802],[-74.12278,9.48439],[-74.13221,9.48645],[-74.13366,9.49067],[-74.13768,9.49259],[-74.13981,9.49554],[-74.1196,9.50548],[-74.10749,9.51874],[-74.09993,9.52215],[-74.10057,9.52366],[-74.09645,9.5353],[-74.08473,9.54451],[-74.08327,9.54737],[-74.0802,9.54867],[-74.07727,9.55577],[-74.07296,9.5577],[-74.06992,9.56337],[-74.06968,9.56897],[-74.06775,9.57091],[-74.0673,9.57415],[-74.06511,9.57527],[-74.06357,9.58107],[-74.05996,9.58484],[-74.05884,9.59014],[-74.05278,9.58974],[-73.80499,9.64172],[-73.80724,9.65006],[-73.80659,9.66604],[-73.81607,9.67817],[-73.81549,9.68214],[-73.81144,9.68439],[-73.81174,9.68553],[-73.81409,9.68551],[-73.81387,9.68677],[-73.81031,9.68804],[-73.80976,9.69127],[-73.81755,9.70819],[-73.82609,9.71566],[-73.82675,9.72046],[-73.83155,9.72432],[-73.83523,9.72979],[-73.83663,9.73859],[-73.82868,9.74958],[-73.82794,9.75318],[-73.84255,9.79681],[-73.85017,9.80099],[-73.85461,9.80697],[-73.86395,9.80975],[-73.86702,9.81433],[-73.87591,9.81548],[-73.88574,9.83141],[-73.89233,9.83218],[-73.89462,9.83377],[-73.90398,9.85305],[-73.90503,9.86049],[-73.91047,9.86415],[-73.91634,9.87451],[-73.92112,9.87894],[-73.92362,9.88696],[-73.93669,9.90537],[-73.95066,9.91414],[-73.95169,9.924],[-73.95757,9.93125],[-73.97187,9.93602],[-73.98862,9.93538],[-73.99691,9.94157],[-74.01331,9.97622],[-74.02196,9.98116],[-74.031,9.99184],[-74.03681,10.00487],[-74.04242,10.00962],[-74.0496,10.0119],[-74.05332,10.01496],[-74.06288,10.04135],[-74.07399,10.05192],[-74.07376,10.05848],[-74.07586,10.05784],[-74.07697,10.0589],[-74.07592,10.05985],[-74.08144,10.06506],[-74.08438,10.0732],[-74.07615,10.08499],[-74.0762,10.08823],[-74.07077,10.09305],[-74.07114,10.09424],[-74.06917,10.09458],[-74.06977,10.0965],[-74.06736,10.09799],[-74.06865,10.09893],[-74.06698,10.10479],[-74.06834,10.11283],[-74.07248,10.11475],[-74.07297,10.11648],[-74.07143,10.11829],[-74.07447,10.12009],[-74.07323,10.12464],[-74.07083,10.12455],[-74.06957,10.12677],[-74.06619,10.12537],[-74.06485,10.12895],[-74.06275,10.12934],[-74.06272,10.13185],[-74.06454,10.13316],[-74.06131,10.13792],[-74.0632,10.14268],[-74.06023,10.14447],[-74.06327,10.15681],[-74.06204,10.159],[-74.06556,10.1606],[-74.06515,10.16329],[-74.0634,10.1639],[-74.06557,10.16501],[-74.0657,10.16674],[-74.06028,10.17231],[-74.06075,10.17403],[-74.05841,10.17665],[-74.05983,10.18007],[-74.05793,10.18295],[-74.05145,10.18424],[-74.0485,10.18755],[-74.04757,10.19004],[-74.04868,10.19252],[-74.04724,10.19526],[-74.04081,10.19763],[-74.04095,10.20013],[-74.03905,10.20115],[-74.038,10.20452],[-74.0392,10.21013],[-74.03763,10.21254],[-74.03878,10.21489],[-74.04277,10.21591],[-74.04088,10.21982],[-74.03873,10.21972],[-74.03839,10.22146],[-74.03425,10.22398],[-74.03425,10.22576],[-74.03042,10.22793],[-74.02916,10.22721],[-74.02821,10.22922],[-74.02489,10.22771],[-74.02351,10.2305],[-74.01761,10.23535],[-74.01495,10.2341],[-74.01299,10.23612],[-74.01025,10.23631],[-74.0095,10.23879],[-74.00741,10.23991],[-74.01147,10.24461],[-74.00945,10.24754],[-74.01217,10.25206],[-74.00839,10.25339],[-74.00759,10.25674],[-73.99977,10.26576],[-73.9914,10.26736],[-73.98745,10.27205],[-73.9778,10.27625],[-73.97058,10.28373],[-73.96938,10.28846],[-73.96517,10.28795],[-73.96251,10.29116],[-73.96311,10.29724],[-73.96174,10.30087],[-73.96328,10.30704],[-73.96028,10.30907],[-73.95776,10.30798],[-73.95679,10.31028],[-73.96225,10.31363],[-73.9626,10.31557],[-73.96028,10.31591],[-73.96079,10.31979],[-73.95492,10.3251],[-73.95792,10.32911],[-73.95702,10.33009],[-73.9599,10.33096],[-73.96071,10.33617],[-73.95735,10.33883],[-73.95648,10.33773],[-73.95282,10.33855],[-73.95249,10.34197],[-73.9547,10.34225],[-73.95326,10.34367],[-73.94756,10.34238],[-73.94796,10.34607],[-73.9457,10.34614],[-73.94435,10.3504],[-73.94079,10.35125],[-73.93772,10.35405],[-73.93223,10.35453],[-73.93059,10.35999],[-73.92803,10.36124],[-73.93195,10.36402],[-73.93206,10.36561],[-73.92151,10.37009],[-73.92078,10.37477],[-73.91742,10.37261],[-73.91623,10.37812],[-73.90904,10.37933],[-73.90628,10.38298],[-73.8994,10.38067],[-73.8967,10.38529],[-73.89241,10.38429],[-73.89327,10.38979],[-73.88733,10.38899],[-73.88358,10.3928],[-73.88246,10.39271],[-73.8843,10.38772],[-73.88326,10.38655],[-73.87933,10.38929],[-73.87153,10.38809],[-73.87006,10.39258],[-73.86672,10.3939],[-73.86355,10.39028],[-73.86104,10.39187],[-73.85623,10.38696],[-73.85498,10.38985],[-73.84825,10.39314],[-73.84219,10.40015],[-73.83948,10.39672],[-73.83732,10.40045],[-73.8338,10.39894],[-73.82941,10.40182],[-73.82818,10.40049],[-73.82996,10.39575],[-73.82647,10.39733],[-73.82327,10.39502],[-73.82278,10.39019],[-73.81945,10.39092],[-73.81575,10.38797],[-73.8191,10.38639],[-73.81702,10.3842],[-73.8064,10.39523],[-73.80461,10.39392],[-73.8012,10.39444],[-73.79801,10.39181],[-73.79759,10.39513],[-73.79604,10.39534],[-73.79544,10.39245],[-73.79356,10.39312],[-73.79174,10.39131],[-73.78914,10.39648],[-73.78705,10.39489],[-73.78545,10.3983],[-73.78386,10.39635],[-73.77826,10.39575],[-73.77816,10.39938],[-73.77582,10.40324],[-73.76973,10.40377],[-73.76728,10.40851],[-73.76474,10.40994],[-73.76507,10.41301],[-73.76126,10.41155],[-73.75908,10.41251],[-73.76028,10.41544],[-73.75279,10.4158],[-73.75377,10.41823],[-73.74585,10.42791],[-73.74591,10.43051],[-73.74384,10.43107],[-73.74025,10.42877],[-73.74072,10.43495],[-73.73965,10.43537],[-73.73732,10.43244],[-73.73643,10.43503],[-73.73154,10.43529],[-73.72915,10.43278],[-73.72871,10.4363],[-73.72734,10.43377],[-73.72353,10.43581],[-73.71982,10.43368],[-73.71832,10.43444],[-73.7179,10.43271],[-73.7118,10.43394],[-73.71099,10.43189],[-73.7123,10.43077],[-73.71068,10.42971],[-73.70648,10.43174],[-73.70426,10.43132],[-73.7037,10.42938],[-73.70305,10.43503],[-73.69961,10.43697],[-73.69918,10.43959],[-73.70382,10.44229],[-73.7039,10.44525],[-73.70056,10.45073],[-73.6985,10.4509],[-73.70339,10.45926],[-73.70287,10.46331],[-73.6953,10.46244],[-73.69094,10.46534],[-73.6888,10.46326],[-73.68525,10.46417],[-73.68203,10.46056],[-73.67627,10.46103],[-73.67163,10.45782],[-73.66253,10.4558],[-73.66091,10.45422],[-73.65961,10.45546],[-73.65843,10.45472],[-73.65429,10.45968],[-73.65138,10.45968],[-73.65009,10.46787],[-73.65155,10.47116],[-73.64974,10.47209],[-73.64597,10.46998],[-73.64468,10.47344],[-73.64597,10.48222],[-73.64459,10.48314],[-73.64485,10.48576],[-73.64614,10.48593],[-73.64691,10.49015],[-73.64599,10.4983],[-73.64278,10.49801],[-73.63823,10.49982],[-73.62813,10.49481],[-73.62063,10.49882],[-73.60302,10.50014],[-73.59755,10.49648],[-73.59314,10.49621],[-73.5837,10.50212],[-73.57199,10.49897],[-73.56572,10.50183],[-73.56125,10.50861],[-73.56061,10.51034],[-73.56418,10.51234],[-73.56637,10.51698],[-73.56479,10.53132],[-73.56809,10.53541],[-73.56881,10.5405],[-73.57055,10.54268],[-73.58936,10.54875],[-73.59518,10.55483],[-73.59408,10.56079],[-73.60606,10.56455],[-73.61299,10.56511],[-73.59829,10.57709],[-73.59634,10.5828],[-73.59466,10.60089],[-73.60062,10.61316],[-73.59871,10.61684],[-73.60011,10.61863],[-73.6002,10.62466],[-73.59658,10.63724],[-73.59824,10.63961],[-73.60955,10.64155],[-73.61696,10.645],[-73.61251,10.65219],[-73.61236,10.66708],[-73.6108,10.67236],[-73.60473,10.67418],[-73.60094,10.67754],[-73.59541,10.68698],[-73.59298,10.69913],[-73.59413,10.70501],[-73.58547,10.70914],[-73.58421,10.7171],[-73.57591,10.71159],[-73.56945,10.71405],[-73.56767,10.72417],[-73.56194,10.7269],[-73.55784,10.73179],[-73.56161,10.74074],[-73.54752,10.74946],[-73.54206,10.75495],[-73.55206,10.75914],[-73.55751,10.75682],[-73.56485,10.75658],[-73.56737,10.76604],[-73.57456,10.76798],[-73.58663,10.77856],[-73.59201,10.78079],[-73.61488,10.78315],[-73.62769,10.79017],[-73.63512,10.78753],[-73.63799,10.78861],[-73.63241,10.79596],[-73.62936,10.80576],[-73.62544,10.81179],[-73.60511,10.83048],[-73.60182,10.83526],[-73.60125,10.84086],[-73.60535,10.8473],[-73.6097,10.85898],[-73.61494,10.88244],[-73.6225,10.88692],[-73.62825,10.89291],[-73.62941,10.8966],[-73.6331,10.90089],[-73.63349,10.90498],[-73.63605,10.90974],[-73.63493,10.91565],[-73.64038,10.92926],[-73.63892,10.93615],[-73.63671,10.9388],[-73.63699,10.9461],[-73.64361,10.95669],[-73.6418,10.96354],[-73.64244,10.96779],[-73.64479,10.96829],[-73.64785,10.97334],[-73.65123,10.97466],[-73.65226,10.97685],[-73.65571,10.9779],[-73.65927,10.98124],[-73.66146,10.98106],[-73.66464,10.98982],[-73.66321,10.99668],[-73.66061,10.99795],[-73.6584,11.00525],[-73.65071,11.01112],[-73.64874,11.01624],[-73.64854,11.01953],[-73.65208,11.0242],[-73.65341,11.03057],[-73.64998,11.03053],[-73.64983,11.03306],[-73.64496,11.03581],[-73.64409,11.03932],[-73.63744,11.04032],[-73.63592,11.04178],[-73.64152,11.05421],[-73.64596,11.0544],[-73.64526,11.0583],[-73.6507,11.06074],[-73.64535,11.06796],[-73.64149,11.07011],[-73.64595,11.07175],[-73.64798,11.07539],[-73.64316,11.07516],[-73.64159,11.0777],[-73.64289,11.07956],[-73.648,11.08028],[-73.64954,11.08254],[-73.64915,11.08599],[-73.65156,11.08809],[-73.64896,11.08828],[-73.64639,11.09107],[-73.64878,11.09751],[-73.64327,11.09989],[-73.64229,11.10267],[-73.6393,11.10339],[-73.63969,11.10574],[-73.63741,11.10848],[-73.64305,11.11652],[-73.64339,11.12324],[-73.64891,11.1228],[-73.64977,11.12355],[-73.64846,11.12517],[-73.65221,11.12756],[-73.65013,11.13187],[-73.65214,11.13324],[-73.65348,11.13745],[-73.64495,11.13743],[-73.64484,11.14434],[-73.63413,11.14182],[-73.63464,11.14617],[-73.63056,11.14577],[-73.6274,11.14181],[-73.62182,11.15048],[-73.6188,11.15044],[-73.61627,11.15272],[-73.61914,11.16062],[-73.61566,11.16089],[-73.61402,11.16439],[-73.60843,11.16429],[-73.61154,11.16744],[-73.6101,11.17117],[-73.60321,11.17206],[-73.60041,11.17798],[-73.59691,11.17888],[-73.58991,11.1774],[-73.58844,11.18348],[-73.5918,11.18782],[-73.5866,11.19211],[-73.58563,11.1893],[-73.58369,11.1896],[-73.58204,11.20025],[-73.58371,11.20466],[-73.58078,11.21109],[-73.58145,11.21708],[-73.57833,11.21862],[-73.57429,11.2181],[-73.57475,11.22177],[-73.57915,11.22382],[-73.5775,11.22512],[-73.57283,11.22456],[-73.57254,11.22596],[-73.57628,11.22713],[-73.57808,11.22936],[-73.57642,11.23042],[-73.57418,11.22948],[-73.5716,11.23223],[-73.56899,11.23137],[-73.56796,11.23262],[-73.56798,11.24715],[-73.5647,11.25521],[-73.56762,11.25824],[-73.593,11.26315],[-73.61356,11.25836],[-73.62541,11.25849],[-73.64036,11.25554],[-73.64906,11.25531],[-73.66108,11.25219],[-73.69878,11.26051],[-73.70563,11.25769],[-73.70822,11.2538],[-73.71398,11.25331],[-73.73066,11.25647],[-73.76158,11.26506],[-73.77076,11.26325],[-73.76765,11.26323],[-73.77199,11.26211],[-73.77458,11.2578],[-73.78918,11.25616],[-73.8235,11.26398],[-73.84869,11.27324],[-73.85723,11.27393],[-73.87495,11.28288],[-73.88924,11.29473],[-73.89812,11.30002],[-73.90735,11.30114],[-73.91982,11.30776],[-73.9272,11.30834],[-73.93405,11.31268],[-73.9389,11.31197],[-73.94533,11.31534],[-73.94766,11.31454],[-73.95482,11.32014],[-73.95545,11.32271],[-73.96078,11.32502],[-73.96046,11.32902],[-73.96223,11.32755],[-73.96729,11.33177],[-73.96967,11.33083],[-73.97308,11.33217],[-73.97553,11.33459],[-73.97435,11.33815],[-73.9794,11.34003],[-73.98819,11.33767],[-73.99179,11.33955],[-73.992,11.34099],[-74.00417,11.34182],[-74.00531,11.34297],[-74.00992,11.33887],[-74.01286,11.34339],[-74.02061,11.34248],[-74.02061,11.34355],[-74.02142,11.34277],[-74.02187,11.34422],[-74.02385,11.34427],[-74.02351,11.34585],[-74.02968,11.34512],[-74.03011,11.34666],[-74.03305,11.3444],[-74.03172,11.3407],[-74.03415,11.34103],[-74.03644,11.33842],[-74.03871,11.34105],[-74.04195,11.34189],[-74.04061,11.34409],[-74.04109,11.34772],[-74.04311,11.3481],[-74.0429,11.34909],[-74.04584,11.34873],[-74.05175,11.34557],[-74.05361,11.34034],[-74.05252,11.33963],[-74.05402,11.33774],[-74.04995,11.33435],[-74.04967,11.33144],[-74.05702,11.32808],[-74.05817,11.32973],[-74.06291,11.33042],[-74.06308,11.33236],[-74.0608,11.33405],[-74.06399,11.33922],[-74.06645,11.33943],[-74.06575,11.34224],[-74.06373,11.34339],[-74.06504,11.34538],[-74.06961,11.34214],[-74.07468,11.34239],[-74.07632,11.34113],[-74.07709,11.33633],[-74.08022,11.33282],[-74.07974,11.3303],[-74.07745,11.32844],[-74.0786,11.32406],[-74.07651,11.32244],[-74.07677,11.31909],[-74.07947,11.31627],[-74.08255,11.31553],[-74.08609,11.3167],[-74.08562,11.32102],[-74.08763,11.3194],[-74.08985,11.32139],[-74.09055,11.31953],[-74.09338,11.31885],[-74.09984,11.32226],[-74.09943,11.32617],[-74.09769,11.32728],[-74.09883,11.32927],[-74.09554,11.33097],[-74.09534,11.33247],[-74.09799,11.33381],[-74.09594,11.339],[-74.09873,11.33724],[-74.10001,11.3398],[-74.10514,11.34016],[-74.10483,11.34454],[-74.10663,11.34575],[-74.10521,11.34743],[-74.1071,11.3478],[-74.11103,11.34532],[-74.11035,11.34408],[-74.11186,11.34169],[-74.11071,11.34042],[-74.11149,11.33902],[-74.10684,11.33438],[-74.10729,11.3299],[-74.10381,11.32599],[-74.10499,11.31943],[-74.10693,11.3182],[-74.10992,11.31898],[-74.1107,11.32338],[-74.11405,11.32289],[-74.11625,11.32439],[-74.11497,11.32729],[-74.11806,11.32845],[-74.11702,11.3309],[-74.12159,11.33207],[-74.12401,11.33426],[-74.12684,11.33364],[-74.12606,11.33234],[-74.12824,11.32961],[-74.12592,11.32865],[-74.12787,11.3239],[-74.12528,11.3195],[-74.13103,11.31832],[-74.13496,11.31558],[-74.13503,11.32577],[-74.14247,11.32566],[-74.14248,11.32797],[-74.14053,11.3286],[-74.13881,11.33247],[-74.14227,11.33265],[-74.14477,11.33682],[-74.14596,11.33529],[-74.14439,11.33264],[-74.15067,11.33144],[-74.15132,11.32572],[-74.15677,11.3243],[-74.15984,11.32497],[-74.16081,11.32376],[-74.15993,11.32022],[-74.1572,11.31843],[-74.15409,11.31295],[-74.15393,11.30768],[-74.14985,11.30609],[-74.14884,11.30274],[-74.14663,11.30155],[-74.14733,11.29953],[-74.15206,11.29612],[-74.15687,11.29603],[-74.16048,11.29977],[-74.16625,11.29499],[-74.16881,11.29621],[-74.16957,11.30034],[-74.16676,11.30408],[-74.16736,11.30569],[-74.17107,11.30472],[-74.17345,11.30759],[-74.17602,11.30622],[-74.1773,11.30263],[-74.17988,11.30447],[-74.18219,11.30348],[-74.18538,11.29883],[-74.1884,11.30009],[-74.18884,11.30292],[-74.19428,11.30372],[-74.19456,11.30119],[-74.19235,11.29861],[-74.19086,11.29194],[-74.19537,11.29017],[-74.19513,11.28418],[-74.19741,11.28373],[-74.19893,11.27969],[-74.20528,11.27639],[-74.20663,11.27423],[-74.20442,11.27068],[-74.19774,11.27164],[-74.19652,11.27059],[-74.19725,11.268],[-74.19295,11.2688],[-74.19145,11.26444],[-74.19557,11.26182],[-74.19907,11.26227],[-74.2001,11.25968],[-74.20464,11.25754],[-74.20722,11.25799],[-74.20724,11.25652],[-74.20985,11.2554],[-74.21276,11.25721],[-74.22047,11.25348],[-74.22088,11.25031],[-74.2194,11.25007],[-74.21691,11.2542],[-74.21496,11.252],[-74.21627,11.2489],[-74.21444,11.2481],[-74.21553,11.24663],[-74.21475,11.24503],[-74.21577,11.24242],[-74.21758,11.24265],[-74.21598,11.24173],[-74.21681,11.24048],[-74.21924,11.2414],[-74.21792,11.24381],[-74.21939,11.24182],[-74.21923,11.24108],[-74.21903,11.24087],[-74.21716,11.24033],[-74.21797,11.23821],[-74.22554,11.22936],[-74.23243,11.22799],[-74.23726,11.22211],[-74.24166,11.22086],[-74.2416,11.21947],[-74.23967,11.21984],[-74.23741,11.21661],[-74.23401,11.2164],[-74.23331,11.21285],[-74.23672,11.20957],[-74.23284,11.2095],[-74.23065,11.2071],[-74.22974,11.20773],[-74.22808,11.20374],[-74.2317,11.19187],[-74.23969,11.18104],[-74.24124,11.17575],[-74.23666,11.17524],[-74.23104,11.16727],[-74.22673,11.14952],[-74.2272,11.14033],[-74.22887,11.13722],[-74.22929,11.13094],[-74.23275,11.12618],[-74.2314,11.12424],[-74.23354,11.11662],[-74.23136,11.11537],[-74.23176,11.11242],[-74.2291,11.10877],[-74.22486,11.1065],[-74.22138,11.09889],[-74.22002,11.09185],[-74.21776,11.08839],[-74.21818,11.08253],[-74.2156,11.07885],[-74.21393,11.07186],[-74.21765,11.06555],[-74.22855,11.05411],[-74.23015,11.04938],[-74.24259,11.03634],[-74.24429,11.03207],[-74.24274,11.02787],[-74.24481,11.02485],[-74.26133,11.00999],[-74.28776,10.99533],[-74.2917,10.99039],[-74.29659,10.9898],[-74.30401,10.98512],[-74.34766,10.97671],[-74.38284,10.97501],[-74.44627,10.97594],[-74.4974,10.98299],[-74.54434,10.99336],[-74.60081,11.009],[-74.65005,11.0262],[-74.71309,11.05091],[-74.76889,11.07609],[-74.79341,11.08384],[-74.8062,11.08617],[-74.83187,11.0986],[-74.83777,11.09882],[-74.84681,11.10574],[-74.84891,11.10507],[-74.84957,11.10666],[-74.85306,11.10656],[-74.842,11.06577],[-74.83642,11.05683],[-74.82732,11.04756],[-74.79059,11.02482],[-74.77411,11.00898],[-74.76484,10.99617],[-74.75822,10.98149],[-74.75557,10.96061],[-74.75626,10.9416],[-74.7539,10.9357],[-74.74246,10.92571],[-74.72185,10.91225],[-74.71703,10.90467],[-74.71509,10.89804],[-74.71336,10.88286],[-74.71408,10.87358],[-74.7193,10.86703],[-74.73527,10.85593],[-74.74036,10.84368],[-74.74078,10.83725],[-74.736,10.80036],[-74.72679,10.78056],[-74.72528,10.77244],[-74.72673,10.75093],[-74.72304,10.67218],[-74.72495,10.6667],[-74.74134,10.65622],[-74.74602,10.65073],[-74.74644,10.64799],[-74.74525,10.64262],[-74.73927,10.63419],[-74.73319,10.6321],[-74.72966,10.62863],[-74.72473,10.61534],[-74.72494,10.60385],[-74.72711,10.59811],[-74.73169,10.59379],[-74.73626,10.58206],[-74.73715,10.54834],[-74.73908,10.54259],[-74.75452,10.5318],[-74.76877,10.5265],[-74.78373,10.51403],[-74.78976,10.50732],[-74.79577,10.49655],[-74.80951,10.4781],[-74.81215,10.47235],[-74.8128,10.44054],[-74.81591,10.4269],[-74.8294,10.40941],[-74.8361,10.38475],[-74.85536,10.35625],[-74.86524,10.34641],[-74.89794,10.28845],[-74.90781,10.25318]]]}},{"type":"Feature","properties":{"shapeName":"Sucre","shapeISO":"CO-SUC","shapeID":"13589884B67390718500375","shapeGroup":"COL","shapeType":"ADM1"},"geometry":{"type":"Polygon","coordinates":[[[-75.56516,10.12247],[-75.57327,10.1231],[-75.5787,10.127],[-75.58007,10.1264],[-75.5818,10.12104],[-75.56944,10.07502],[-75.5722,10.05631],[-75.57017,10.04691],[-75.57147,10.01827],[-75.57351,10.00896],[-75.57615,10.0055],[-75.58184,10.00247],[-75.58307,9.99942],[-75.57582,9.98733],[-75.57429,9.97916],[-75.57517,9.97313],[-75.58143,9.95051],[-75.58701,9.94268],[-75.59442,9.93607],[-75.5925,9.92233],[-75.60035,9.8987],[-75.60813,9.88902],[-75.61253,9.87986],[-75.61539,9.87934],[-75.61487,9.88244],[-75.61876,9.87676],[-75.61512,9.87702],[-75.61512,9.87496],[-75.61823,9.87276],[-75.62063,9.86634],[-75.61744,9.86387],[-75.61652,9.8613],[-75.61745,9.86066],[-75.61419,9.85145],[-75.61532,9.84429],[-75.6135,9.84481],[-75.61376,9.84171],[-75.6122,9.84043],[-75.61349,9.83797],[-75.61821,9.83842],[-75.6208,9.82743],[-75.61969,9.81895],[-75.62334,9.80562],[-75.62737,9.79828],[-75.62732,9.79452],[-75.62976,9.78948],[-75.64377,9.77466],[-75.64395,9.77168],[-75.64096,9.76374],[-75.64372,9.75786],[-75.65487,9.74841],[-75.66411,9.74424],[-75.67127,9.73684],[-75.67836,9.73388],[-75.67878,9.72708],[-75.68769,9.72327],[-75.68824,9.71548],[-75.69275,9.7099],[-75.70036,9.70485],[-75.70378,9.69931],[-75.70308,9.69834],[-75.69846,9.70301],[-75.69263,9.7052],[-75.677,9.70445],[-75.65421,9.70737],[-75.64594,9.70456],[-75.64531,9.70537],[-75.6385,9.69762],[-75.63098,9.69317],[-75.62469,9.69358],[-75.61791,9.69665],[-75.61137,9.69315],[-75.60421,9.68079],[-75.59463,9.65793],[-75.58211,9.64503],[-75.57779,9.63601],[-75.57105,9.60779],[-75.57259,9.57011],[-75.57905,9.54362],[-75.58091,9.53831],[-75.58227,9.53837],[-75.58114,9.53781],[-75.58207,9.53391],[-75.58631,9.52208],[-75.58717,9.52268],[-75.58777,9.51697],[-75.59704,9.49025],[-75.6056,9.47198],[-75.62491,9.44141],[-75.63382,9.43038],[-75.64356,9.42149],[-75.64783,9.41905],[-75.65284,9.41939],[-75.67299,9.40499],[-75.68046,9.40365],[-75.688,9.40809],[-75.68958,9.41038],[-75.6963,9.41184],[-75.69774,9.40958],[-75.69611,9.39807],[-75.68704,9.3909],[-75.69569,9.38373],[-75.70121,9.37415],[-75.7072,9.3684],[-75.71177,9.35945],[-75.70225,9.35707],[-75.70086,9.35524],[-75.69317,9.35403],[-75.68729,9.35667],[-75.68638,9.36082],[-75.68427,9.36337],[-75.68191,9.36339],[-75.682,9.35796],[-75.68428,9.3514],[-75.66866,9.33364],[-75.65995,9.33418],[-75.64863,9.32996],[-75.64159,9.33667],[-75.63711,9.3458],[-75.62907,9.35019],[-75.62763,9.35315],[-75.62555,9.35254],[-75.62467,9.34696],[-75.61994,9.34112],[-75.61058,9.33713],[-75.60841,9.32746],[-75.59403,9.31053],[-75.58609,9.30765],[-75.57543,9.30694],[-75.57361,9.29471],[-75.56258,9.2829],[-75.55705,9.26669],[-75.55296,9.26284],[-75.5445,9.25867],[-75.539,9.25808],[-75.53677,9.25991],[-75.52956,9.25887],[-75.51832,9.26217],[-75.51469,9.26191],[-75.51176,9.26471],[-75.50586,9.27614],[-75.50331,9.27622],[-75.49912,9.27346],[-75.50361,9.26476],[-75.49643,9.26026],[-75.49414,9.25545],[-75.49578,9.25352],[-75.49514,9.25042],[-75.49121,9.24593],[-75.4866,9.25109],[-75.48194,9.24929],[-75.47912,9.25024],[-75.47698,9.25694],[-75.46719,9.25837],[-75.45816,9.25723],[-75.45716,9.24733],[-75.46192,9.23682],[-75.46329,9.22496],[-75.46735,9.22206],[-75.47134,9.20475],[-75.46941,9.20061],[-75.46553,9.19903],[-75.46873,9.1937],[-75.45916,9.18872],[-75.45535,9.1815],[-75.452,9.18011],[-75.45071,9.17781],[-75.44659,9.17681],[-75.44284,9.17145],[-75.42225,9.16481],[-75.42266,9.15919],[-75.4278,9.15468],[-75.42641,9.14906],[-75.42689,9.14209],[-75.42508,9.13825],[-75.42107,9.13819],[-75.41707,9.1412],[-75.41056,9.14272],[-75.4051,9.13929],[-75.40006,9.13904],[-75.38951,9.1467],[-75.38471,9.14744],[-75.38323,9.15007],[-75.38149,9.15014],[-75.37864,9.14784],[-75.37856,9.14495],[-75.37387,9.13598],[-75.36573,9.13168],[-75.36304,9.12705],[-75.35771,9.12664],[-75.3536,9.13021],[-75.34877,9.13197],[-75.3416,9.13113],[-75.33446,9.12232],[-75.32207,9.11912],[-75.31243,9.10345],[-75.30811,9.09948],[-75.30456,9.09816],[-75.29641,9.09911],[-75.29289,9.0976],[-75.29157,9.09428],[-75.29426,9.08722],[-75.29323,9.0785],[-75.29545,9.06788],[-75.2927,9.06719],[-75.28326,9.06966],[-75.27987,9.0732],[-75.27099,9.07569],[-75.26681,9.07394],[-75.26079,9.07554],[-75.25375,9.07364],[-75.24649,9.07354],[-75.24292,9.06802],[-75.23417,9.06337],[-75.22169,9.04951],[-75.21604,9.04714],[-75.21296,9.049],[-75.2083,9.04751],[-75.20481,9.03859],[-75.21154,9.03902],[-75.21606,9.03022],[-75.22047,9.02817],[-75.22315,9.024],[-75.23165,9.02321],[-75.23188,9.0219],[-75.226,9.01977],[-75.22225,9.01403],[-75.2087,9.0041],[-75.20558,9.00072],[-75.20559,8.99857],[-75.20306,8.99783],[-75.20084,8.99475],[-75.19365,8.99237],[-75.1877,8.9878],[-75.18275,8.97496],[-75.17484,8.96349],[-75.18052,8.96327],[-75.19942,8.96952],[-75.20238,8.96946],[-75.20479,8.96753],[-75.20382,8.95737],[-75.20663,8.94602],[-75.20695,8.93808],[-75.20663,8.9249],[-75.20385,8.9173],[-75.21445,8.91714],[-75.22341,8.90962],[-75.22737,8.90203],[-75.24122,8.89584],[-75.25276,8.89418],[-75.25698,8.89545],[-75.25906,8.89803],[-75.26216,8.89608],[-75.26493,8.89627],[-75.26735,8.89911],[-75.26876,8.88125],[-75.27535,8.88113],[-75.27379,8.87592],[-75.2825,8.87545],[-75.29032,8.87235],[-75.29669,8.86553],[-75.30075,8.86341],[-75.30664,8.8681],[-75.30672,8.87181],[-75.31329,8.8803],[-75.32505,8.86873],[-75.34569,8.86846],[-75.36777,8.85751],[-75.37397,8.85742],[-75.37142,8.82446],[-75.36872,8.82403],[-75.36908,8.79211],[-75.36397,8.78749],[-75.36064,8.77989],[-75.34967,8.77283],[-75.34647,8.7649],[-75.34218,8.7633],[-75.33261,8.75443],[-75.32079,8.7548],[-75.31575,8.75024],[-75.32028,8.74786],[-75.33282,8.74568],[-75.3377,8.74044],[-75.33344,8.72702],[-75.33559,8.72143],[-75.34155,8.718],[-75.34331,8.71242],[-75.34081,8.69914],[-75.33879,8.69364],[-75.33586,8.69084],[-75.33554,8.68636],[-75.34725,8.66926],[-75.34645,8.66143],[-75.33607,8.65162],[-75.33437,8.65117],[-75.32882,8.65472],[-75.33139,8.64534],[-75.3366,8.64248],[-75.3418,8.64322],[-75.34131,8.63754],[-75.33945,8.63405],[-75.34012,8.63135],[-75.33786,8.61989],[-75.3315,8.61421],[-75.33068,8.61029],[-75.32487,8.60356],[-75.3183,8.58973],[-75.31832,8.57771],[-75.32329,8.57322],[-75.32712,8.55896],[-75.32725,8.54156],[-75.32453,8.52285],[-75.31862,8.51738],[-75.31974,8.51113],[-75.31745,8.50868],[-75.31493,8.49337],[-75.31168,8.48544],[-75.30331,8.48206],[-75.29095,8.47964],[-75.28239,8.47494],[-75.27403,8.47383],[-75.2687,8.47082],[-75.25349,8.46689],[-75.2491,8.4618],[-75.24321,8.46068],[-75.21922,8.44184],[-75.21236,8.43353],[-75.20262,8.41597],[-75.18354,8.39784],[-75.18018,8.39948],[-75.17675,8.39909],[-75.17584,8.40086],[-75.15815,8.41137],[-75.12779,8.42147],[-75.0726,8.4568],[-75.04812,8.46859],[-75.0316,8.47336],[-75.02268,8.47376],[-75.01432,8.47681],[-75.00995,8.47606],[-75.00426,8.47815],[-74.99058,8.47989],[-74.97559,8.48806],[-74.96363,8.49149],[-74.95844,8.49454],[-74.94455,8.49385],[-74.94046,8.4916],[-74.93393,8.49063],[-74.93102,8.48467],[-74.93085,8.47742],[-74.92902,8.47352],[-74.92738,8.47711],[-74.922,8.48017],[-74.91802,8.47677],[-74.91052,8.47649],[-74.91421,8.47121],[-74.91385,8.46846],[-74.89867,8.45569],[-74.88958,8.45217],[-74.88805,8.44897],[-74.88795,8.44309],[-74.88171,8.43375],[-74.88252,8.43063],[-74.87538,8.42167],[-74.87493,8.41563],[-74.87167,8.41294],[-74.87327,8.40334],[-74.87193,8.40168],[-74.86095,8.39749],[-74.84998,8.39995],[-74.84107,8.39703],[-74.83133,8.39112],[-74.82613,8.38484],[-74.82194,8.38402],[-74.81923,8.38153],[-74.8151,8.37259],[-74.81241,8.37036],[-74.8124,8.36674],[-74.80155,8.35722],[-74.80146,8.34829],[-74.7979,8.34577],[-74.79857,8.34045],[-74.79614,8.33682],[-74.79899,8.33429],[-74.80053,8.32509],[-74.80422,8.32114],[-74.80088,8.31409],[-74.80184,8.3116],[-74.80428,8.31027],[-74.80457,8.30765],[-74.79721,8.29316],[-74.79687,8.28401],[-74.79436,8.28052],[-74.79236,8.28003],[-74.78886,8.28228],[-74.78514,8.27604],[-74.77996,8.279],[-74.77018,8.27997],[-74.76723,8.29483],[-74.75666,8.29985],[-74.74874,8.30728],[-74.74523,8.30811],[-74.73747,8.30631],[-74.7351,8.29922],[-74.73475,8.28948],[-74.73138,8.28526],[-74.7311,8.28197],[-74.72651,8.28168],[-74.72534,8.29716],[-74.72361,8.30041],[-74.71416,8.30292],[-74.70807,8.30271],[-74.70176,8.29828],[-74.69089,8.29711],[-74.68317,8.29203],[-74.67313,8.29514],[-74.66589,8.29509],[-74.66143,8.29044],[-74.66135,8.28332],[-74.65962,8.28061],[-74.65771,8.27866],[-74.65258,8.28077],[-74.64925,8.28461],[-74.65097,8.28744],[-74.65227,8.29736],[-74.65005,8.30999],[-74.64791,8.31367],[-74.63496,8.3223],[-74.62,8.34285],[-74.61348,8.34725],[-74.6104,8.35808],[-74.61643,8.36459],[-74.61377,8.3668],[-74.61095,8.37592],[-74.61578,8.38665],[-74.61163,8.39482],[-74.60981,8.4033],[-74.59725,8.40283],[-74.59283,8.39383],[-74.58164,8.38433],[-74.56664,8.38975],[-74.56106,8.39007],[-74.56051,8.40016],[-74.55564,8.41161],[-74.54616,8.42308],[-74.53946,8.43483],[-74.54073,8.45452],[-74.53958,8.45847],[-74.5332,8.46493],[-74.5343,8.47661],[-74.53651,8.48201],[-74.54418,8.49053],[-74.55633,8.50856],[-74.56091,8.50823],[-74.5629,8.50635],[-74.5683,8.50747],[-74.56889,8.5101],[-74.56577,8.51172],[-74.56577,8.51537],[-74.5709,8.52164],[-74.57471,8.54241],[-74.57919,8.54264],[-74.57606,8.54768],[-74.56394,8.54916],[-74.56476,8.55951],[-74.56258,8.56905],[-74.57219,8.58136],[-74.58563,8.58939],[-74.59398,8.59191],[-74.59485,8.59858],[-74.59373,8.60319],[-74.58721,8.61019],[-74.58946,8.61694],[-74.58739,8.62394],[-74.58866,8.62866],[-74.58712,8.63441],[-74.59003,8.64118],[-74.59615,8.64832],[-74.59721,8.65512],[-74.59604,8.65917],[-74.59094,8.66518],[-74.58935,8.66949],[-74.59593,8.67553],[-74.59315,8.68974],[-74.59358,8.69403],[-74.59844,8.70632],[-74.60791,8.72243],[-74.60856,8.72798],[-74.60717,8.73154],[-74.59944,8.73998],[-74.59917,8.74322],[-74.60144,8.74751],[-74.60922,8.75335],[-74.61056,8.75693],[-74.60989,8.76106],[-74.60801,8.76229],[-74.59441,8.76317],[-74.58737,8.76077],[-74.58695,8.76684],[-74.58512,8.77068],[-74.57556,8.77447],[-74.57145,8.77231],[-74.56973,8.77544],[-74.5751,8.77716],[-74.57619,8.77915],[-74.57431,8.78642],[-74.57026,8.79051],[-74.56483,8.79302],[-74.55819,8.80256],[-74.5575,8.81056],[-74.56042,8.81674],[-74.56103,8.82252],[-74.56501,8.83124],[-74.56923,8.83512],[-74.5711,8.84258],[-74.57075,8.85426],[-74.58106,8.87007],[-74.58862,8.87694],[-74.59584,8.89962],[-74.60866,8.91797],[-74.60864,8.93062],[-74.61861,8.93116],[-74.62307,8.93459],[-74.63763,8.96863],[-74.63916,8.97762],[-74.65176,8.98851],[-74.66537,8.99361],[-74.66941,8.99822],[-74.66976,9.0058],[-74.67777,9.00718],[-74.683,9.01133],[-74.699,9.00769],[-74.70755,9.00788],[-74.72178,9.01314],[-74.738,9.01674],[-74.74137,9.02318],[-74.74756,9.02853],[-74.74621,9.03753],[-74.7495,9.04375],[-74.75182,9.0449],[-74.75302,9.04407],[-74.75572,9.04573],[-74.76098,9.04179],[-74.76817,9.03913],[-74.77966,9.03844],[-74.78229,9.03962],[-74.7873,9.04637],[-74.79176,9.04461],[-74.79477,9.04798],[-74.81035,9.04868],[-74.81323,9.05265],[-74.82058,9.05505],[-74.82467,9.05912],[-74.82419,9.06159],[-74.82882,9.06812],[-74.82861,9.07524],[-74.83104,9.08036],[-74.82911,9.08561],[-74.83357,9.09125],[-74.83899,9.09243],[-74.83849,9.09674],[-74.83529,9.09914],[-74.8366,9.10101],[-74.83899,9.10132],[-74.8401,9.10483],[-74.84524,9.10956],[-74.84681,9.12158],[-74.85233,9.12952],[-74.85283,9.13251],[-74.85981,9.1328],[-74.86548,9.13642],[-74.87173,9.14831],[-74.87883,9.15604],[-74.88206,9.16375],[-74.88613,9.16625],[-74.89238,9.16508],[-74.89496,9.16603],[-74.89742,9.17612],[-74.90047,9.18055],[-74.90512,9.18325],[-74.90667,9.1905],[-74.91645,9.19544],[-74.91331,9.21514],[-74.91545,9.22611],[-74.9113,9.23761],[-74.92026,9.25195],[-74.92666,9.25278],[-74.93033,9.25597],[-74.93273,9.26536],[-74.93128,9.27216],[-74.93306,9.27917],[-74.93649,9.28378],[-74.94402,9.28723],[-74.94683,9.29213],[-74.94257,9.30572],[-74.93093,9.31508],[-74.92946,9.32608],[-74.94339,9.33446],[-74.94767,9.34451],[-74.93894,9.3492],[-74.93668,9.3552],[-74.92712,9.36562],[-74.9245,9.37604],[-74.91938,9.38125],[-74.91897,9.38668],[-74.92378,9.39235],[-74.91328,9.41489],[-74.90936,9.41766],[-74.89481,9.42225],[-74.88745,9.42193],[-74.88263,9.42741],[-74.88221,9.43376],[-74.88859,9.43409],[-74.89616,9.43034],[-74.89999,9.43021],[-74.9091,9.43339],[-74.91629,9.44168],[-74.92582,9.44415],[-74.94175,9.44487],[-74.96135,9.44111],[-74.98055,9.44182],[-74.98416,9.4407],[-74.98637,9.44304],[-75.00241,9.44624],[-75.0044,9.4501],[-75.00783,9.45061],[-75.01498,9.4589],[-75.02091,9.46061],[-75.02583,9.45713],[-75.02881,9.45749],[-75.03604,9.47691],[-75.03206,9.48599],[-75.02938,9.50135],[-75.03085,9.51392],[-75.02044,9.52665],[-75.01496,9.53003],[-75.03112,9.53147],[-75.03913,9.53944],[-75.04255,9.54073],[-75.04966,9.53983],[-75.0573,9.53388],[-75.06689,9.53504],[-75.07472,9.53309],[-75.07922,9.53374],[-75.08568,9.5402],[-75.08493,9.54555],[-75.09305,9.55202],[-75.09431,9.5555],[-75.09762,9.5561],[-75.10131,9.5597],[-75.10366,9.5657],[-75.11235,9.56734],[-75.11864,9.57389],[-75.12546,9.57549],[-75.12947,9.57945],[-75.13317,9.58003],[-75.13168,9.5843],[-75.13389,9.58776],[-75.13431,9.5948],[-75.13602,9.59718],[-75.1426,9.59579],[-75.14962,9.59695],[-75.15178,9.6003],[-75.16292,9.60639],[-75.16197,9.61076],[-75.16573,9.61256],[-75.1683,9.6123],[-75.1775,9.60263],[-75.18064,9.6018],[-75.18218,9.60527],[-75.17894,9.61593],[-75.17996,9.62333],[-75.18085,9.62535],[-75.18806,9.62751],[-75.18864,9.63029],[-75.18568,9.63007],[-75.18288,9.63268],[-75.17607,9.63396],[-75.16933,9.63821],[-75.16463,9.64628],[-75.17078,9.64483],[-75.17294,9.64168],[-75.17976,9.63917],[-75.1884,9.64486],[-75.19465,9.64521],[-75.1993,9.6478],[-75.2006,9.65062],[-75.20378,9.65175],[-75.21029,9.65209],[-75.21353,9.64789],[-75.21728,9.64985],[-75.22879,9.65067],[-75.23185,9.64604],[-75.23324,9.64906],[-75.23725,9.6516],[-75.2427,9.65845],[-75.24735,9.66086],[-75.25354,9.6596],[-75.26529,9.67012],[-75.26964,9.67091],[-75.2707,9.67652],[-75.26746,9.68298],[-75.26916,9.68477],[-75.27646,9.68626],[-75.28121,9.6844],[-75.29979,9.66995],[-75.30111,9.66621],[-75.30025,9.65555],[-75.30647,9.65522],[-75.3149,9.65227],[-75.31539,9.64717],[-75.31901,9.63776],[-75.32106,9.63616],[-75.32514,9.62224],[-75.32477,9.61609],[-75.32912,9.61584],[-75.32965,9.6125],[-75.33527,9.61141],[-75.33781,9.61285],[-75.33776,9.61618],[-75.33553,9.61994],[-75.33611,9.62533],[-75.33481,9.6272],[-75.33032,9.62842],[-75.33644,9.63294],[-75.34432,9.64352],[-75.34788,9.64292],[-75.35668,9.64677],[-75.35922,9.64535],[-75.36087,9.64606],[-75.3633,9.63767],[-75.36878,9.6316],[-75.37307,9.62956],[-75.36549,9.64889],[-75.36673,9.65269],[-75.37613,9.65351],[-75.37551,9.66558],[-75.37237,9.68192],[-75.3703,9.68489],[-75.36105,9.68871],[-75.36035,9.69264],[-75.36177,9.71269],[-75.36044,9.7201],[-75.3644,9.72348],[-75.35666,9.73739],[-75.3492,9.74227],[-75.34656,9.74574],[-75.34433,9.76141],[-75.33849,9.77659],[-75.33913,9.7854],[-75.33451,9.79256],[-75.33562,9.79733],[-75.34346,9.80092],[-75.349,9.80554],[-75.34925,9.81028],[-75.34335,9.81502],[-75.34248,9.82043],[-75.33277,9.84125],[-75.33236,9.85442],[-75.32443,9.86671],[-75.32246,9.87239],[-75.32318,9.87648],[-75.32496,9.88074],[-75.32897,9.88431],[-75.33721,9.88738],[-75.34178,9.89097],[-75.34156,9.90437],[-75.34286,9.91052],[-75.35342,9.9089],[-75.35781,9.90581],[-75.3584,9.87367],[-75.3601,9.87155],[-75.3649,9.87201],[-75.3683,9.87005],[-75.37049,9.8701],[-75.37295,9.87322],[-75.37915,9.87386],[-75.39894,9.88243],[-75.43128,9.88767],[-75.43708,9.89199],[-75.44309,9.89154],[-75.44518,9.89435],[-75.44857,9.89408],[-75.45766,9.89933],[-75.46597,9.90174],[-75.46306,9.91297],[-75.46741,9.91301],[-75.47137,9.90782],[-75.48091,9.90554],[-75.4815,9.90942],[-75.477,9.91838],[-75.48117,9.92486],[-75.48113,9.93044],[-75.47564,9.9388],[-75.47332,9.94009],[-75.4723,9.94722],[-75.47004,9.95179],[-75.46311,9.95613],[-75.46285,9.96167],[-75.4658,9.97291],[-75.4703,9.97602],[-75.47207,9.97903],[-75.47368,9.9921],[-75.48099,10.00082],[-75.48321,10.01504],[-75.48181,10.02337],[-75.48328,10.03706],[-75.49207,10.03758],[-75.50048,10.03543],[-75.5037,10.03352],[-75.50833,10.02592],[-75.51669,10.02537],[-75.52372,10.02787],[-75.53448,10.03949],[-75.54219,10.04108],[-75.54477,10.04605],[-75.49869,10.14849],[-75.56516,10.12247]]]}},{"type":"Feature","properties":{"shapeName":"Córdoba","shapeISO":"CO-COR","shapeID":"13589884B54743798138783","shapeGroup":"COL","shapeType":"ADM1"},"geometry":{"type":"Polygon","coordinates":[[[-74.825,8.19917],[-74.83096,8.20274],[-74.83125,8.20982],[-74.8341,8.21664],[-74.83357,8.22083],[-74.82754,8.22425],[-74.82592,8.22785],[-74.81379,8.22884],[-74.80747,8.23676],[-74.8072,8.24132],[-74.79305,8.24605],[-74.79179,8.24935],[-74.7925,8.25326],[-74.79694,8.2598],[-74.80688,8.26733],[-74.80836,8.27466],[-74.80563,8.27492],[-74.80082,8.27089],[-74.79549,8.2699],[-74.78514,8.27604],[-74.78886,8.28228],[-74.79236,8.28003],[-74.79436,8.28052],[-74.79687,8.28401],[-74.79721,8.29316],[-74.80457,8.30765],[-74.80428,8.31027],[-74.80184,8.3116],[-74.80088,8.31409],[-74.80422,8.32114],[-74.80053,8.32509],[-74.79899,8.33429],[-74.79614,8.33682],[-74.79857,8.34045],[-74.7979,8.34577],[-74.80146,8.34829],[-74.80155,8.35722],[-74.8124,8.36674],[-74.81241,8.37036],[-74.8151,8.37259],[-74.81923,8.38153],[-74.82194,8.38402],[-74.82613,8.38484],[-74.83133,8.39112],[-74.84107,8.39703],[-74.84998,8.39995],[-74.86095,8.39749],[-74.87193,8.40168],[-74.87327,8.40334],[-74.87167,8.41294],[-74.87493,8.41563],[-74.87538,8.42167],[-74.88252,8.43063],[-74.88171,8.43375],[-74.88795,8.44309],[-74.88805,8.44897],[-74.88958,8.45217],[-74.89867,8.45569],[-74.91385,8.46846],[-74.91421,8.47121],[-74.91052,8.47649],[-74.91802,8.47677],[-74.922,8.48017],[-74.92738,8.47711],[-74.92902,8.47352],[-74.93085,8.47742],[-74.93102,8.48467],[-74.93393,8.49063],[-74.94046,8.4916],[-74.94455,8.49385],[-74.95844,8.49454],[-74.96363,8.49149],[-74.97559,8.48806],[-74.99058,8.47989],[-75.00426,8.47815],[-75.00995,8.47606],[-75.01432,8.47681],[-75.02268,8.47376],[-75.0316,8.47336],[-75.04812,8.46859],[-75.0726,8.4568],[-75.12779,8.42147],[-75.15815,8.41137],[-75.17584,8.40086],[-75.17675,8.39909],[-75.18018,8.39948],[-75.18354,8.39784],[-75.20262,8.41597],[-75.21236,8.43353],[-75.21922,8.44184],[-75.24321,8.46068],[-75.2491,8.4618],[-75.25349,8.46689],[-75.2687,8.47082],[-75.27403,8.47383],[-75.28239,8.47494],[-75.29095,8.47964],[-75.30331,8.48206],[-75.31168,8.48544],[-75.31493,8.49337],[-75.31745,8.50868],[-75.31974,8.51113],[-75.31862,8.51738],[-75.32453,8.52285],[-75.32725,8.54156],[-75.32712,8.55896],[-75.32329,8.57322],[-75.31832,8.57771],[-75.3183,8.58973],[-75.32487,8.60356],[-75.33068,8.61029],[-75.3315,8.61421],[-75.33786,8.61989],[-75.34012,8.63135],[-75.33945,8.63405],[-75.34131,8.63754],[-75.3418,8.64322],[-75.3366,8.64248],[-75.33139,8.64534],[-75.32882,8.65472],[-75.33437,8.65117],[-75.33607,8.65162],[-75.34645,8.66143],[-75.34725,8.66926],[-75.33554,8.68636],[-75.33586,8.69084],[-75.33879,8.69364],[-75.34081,8.69914],[-75.34331,8.71242],[-75.34155,8.718],[-75.33559,8.72143],[-75.33344,8.72702],[-75.3377,8.74044],[-75.33282,8.74568],[-75.32028,8.74786],[-75.31575,8.75024],[-75.32079,8.7548],[-75.33261,8.75443],[-75.34218,8.7633],[-75.34647,8.7649],[-75.34967,8.77283],[-75.36064,8.77989],[-75.36397,8.78749],[-75.36908,8.79211],[-75.36872,8.82403],[-75.37142,8.82446],[-75.37397,8.85742],[-75.36777,8.85751],[-75.34569,8.86846],[-75.32505,8.86873],[-75.31329,8.8803],[-75.30672,8.87181],[-75.30664,8.8681],[-75.30075,8.86341],[-75.29669,8.86553],[-75.29032,8.87235],[-75.2825,8.87545],[-75.27379,8.87592],[-75.27535,8.88113],[-75.26876,8.88125],[-75.26735,8.89911],[-75.26493,8.89627],[-75.26216,8.89608],[-75.25906,8.89803],[-75.25698,8.89545],[-75.25276,8.89418],[-75.24122,8.89584],[-75.22737,8.90203],[-75.22341,8.90962],[-75.21445,8.91714],[-75.20385,8.9173],[-75.20663,8.9249],[-75.20695,8.93808],[-75.20663,8.94602],[-75.20382,8.95737],[-75.20479,8.96753],[-75.20238,8.96946],[-75.19942,8.96952],[-75.18052,8.96327],[-75.17484,8.96349],[-75.18275,8.97496],[-75.1877,8.9878],[-75.19365,8.99237],[-75.20084,8.99475],[-75.20306,8.99783],[-75.20559,8.99857],[-75.20558,9.00072],[-75.2087,9.0041],[-75.22225,9.01403],[-75.226,9.01977],[-75.23188,9.0219],[-75.23165,9.02321],[-75.22315,9.024],[-75.22047,9.02817],[-75.21606,9.03022],[-75.21154,9.03902],[-75.20481,9.03859],[-75.2083,9.04751],[-75.21296,9.049],[-75.21604,9.04714],[-75.22169,9.04951],[-75.23417,9.06337],[-75.24292,9.06802],[-75.24649,9.07354],[-75.25375,9.07364],[-75.26079,9.07554],[-75.26681,9.07394],[-75.27099,9.07569],[-75.27987,9.0732],[-75.28326,9.06966],[-75.2927,9.06719],[-75.29545,9.06788],[-75.29323,9.0785],[-75.29426,9.08722],[-75.29157,9.09428],[-75.29289,9.0976],[-75.29641,9.09911],[-75.30456,9.09816],[-75.30811,9.09948],[-75.31243,9.10345],[-75.32207,9.11912],[-75.33446,9.12232],[-75.3416,9.13113],[-75.34877,9.13197],[-75.3536,9.13021],[-75.35771,9.12664],[-75.36304,9.12705],[-75.36573,9.13168],[-75.37387,9.13598],[-75.37856,9.14495],[-75.37864,9.14784],[-75.38149,9.15014],[-75.38323,9.15007],[-75.38471,9.14744],[-75.38951,9.1467],[-75.40006,9.13904],[-75.4051,9.13929],[-75.41056,9.14272],[-75.41707,9.1412],[-75.42107,9.13819],[-75.42508,9.13825],[-75.42689,9.14209],[-75.42641,9.14906],[-75.4278,9.15468],[-75.42266,9.15919],[-75.42225,9.16481],[-75.44284,9.17145],[-75.44659,9.17681],[-75.45071,9.17781],[-75.452,9.18011],[-75.45535,9.1815],[-75.45916,9.18872],[-75.46873,9.1937],[-75.46553,9.19903],[-75.46941,9.20061],[-75.47134,9.20475],[-75.46735,9.22206],[-75.46329,9.22496],[-75.46192,9.23682],[-75.45716,9.24733],[-75.45816,9.25723],[-75.46719,9.25837],[-75.47698,9.25694],[-75.47912,9.25024],[-75.48194,9.24929],[-75.4866,9.25109],[-75.49121,9.24593],[-75.49514,9.25042],[-75.49578,9.25352],[-75.49414,9.25545],[-75.49643,9.26026],[-75.50361,9.26476],[-75.49912,9.27346],[-75.50331,9.27622],[-75.50586,9.27614],[-75.51176,9.26471],[-75.51469,9.26191],[-75.51832,9.26217],[-75.52956,9.25887],[-75.53677,9.25991],[-75.539,9.25808],[-75.5445,9.25867],[-75.55296,9.26284],[-75.55705,9.26669],[-75.56258,9.2829],[-75.57361,9.29471],[-75.57543,9.30694],[-75.58609,9.30765],[-75.59403,9.31053],[-75.60841,9.32746],[-75.61058,9.33713],[-75.61994,9.34112],[-75.62467,9.34696],[-75.62555,9.35254],[-75.62763,9.35315],[-75.62907,9.35019],[-75.63711,9.3458],[-75.64159,9.33667],[-75.64863,9.32996],[-75.65995,9.33418],[-75.66866,9.33364],[-75.68428,9.3514],[-75.682,9.35796],[-75.68191,9.36339],[-75.68427,9.36337],[-75.68638,9.36082],[-75.68729,9.35667],[-75.69317,9.35403],[-75.70086,9.35524],[-75.70225,9.35707],[-75.71177,9.35945],[-75.7072,9.3684],[-75.70121,9.37415],[-75.69569,9.38373],[-75.68704,9.3909],[-75.69611,9.39807],[-75.69774,9.40958],[-75.6963,9.41184],[-75.71036,9.41374],[-75.71993,9.41208],[-75.72175,9.41414],[-75.72487,9.41466],[-75.72669,9.41825],[-75.72948,9.42009],[-75.73872,9.41874],[-75.74464,9.42032],[-75.76307,9.40442],[-75.77181,9.40127],[-75.77564,9.40182],[-75.77616,9.40525],[-75.77979,9.40312],[-75.77657,9.40107],[-75.77646,9.39944],[-75.77845,9.39531],[-75.78182,9.39526],[-75.78341,9.39314],[-75.80262,9.39585],[-75.8054,9.40044],[-75.80505,9.4028],[-75.80711,9.40154],[-75.80808,9.39856],[-75.81089,9.39724],[-75.82063,9.39758],[-75.82475,9.3934],[-75.82793,9.3945],[-75.8284,9.3936],[-75.82948,9.39601],[-75.83431,9.3953],[-75.83361,9.39634],[-75.83518,9.39786],[-75.83784,9.39797],[-75.83823,9.39922],[-75.83549,9.39988],[-75.83308,9.40251],[-75.83571,9.40491],[-75.83693,9.40451],[-75.83674,9.4054],[-75.83361,9.40524],[-75.83285,9.40688],[-75.83422,9.40806],[-75.82795,9.4133],[-75.82736,9.41244],[-75.82713,9.41483],[-75.81357,9.4184],[-75.79965,9.41484],[-75.79832,9.41383],[-75.79978,9.41317],[-75.79753,9.41132],[-75.79347,9.41538],[-75.7931,9.4127],[-75.7913,9.41158],[-75.79153,9.41905],[-75.7941,9.42868],[-75.79965,9.43199],[-75.81291,9.43156],[-75.81717,9.42986],[-75.81892,9.4238],[-75.8206,9.42239],[-75.82482,9.42323],[-75.8269,9.42481],[-75.8271,9.42732],[-75.8306,9.4295],[-75.83585,9.42873],[-75.84254,9.4254],[-75.84996,9.42624],[-75.8736,9.42315],[-75.88432,9.42347],[-75.90069,9.42672],[-75.90924,9.43086],[-75.91513,9.43631],[-75.92043,9.44625],[-75.92285,9.44684],[-75.92397,9.44465],[-75.92319,9.44769],[-75.9478,9.44335],[-75.94834,9.43902],[-75.9525,9.43895],[-75.95644,9.43206],[-75.96505,9.42505],[-75.96347,9.42334],[-75.96443,9.4211],[-75.96816,9.42029],[-75.9679,9.41732],[-75.96389,9.41372],[-75.96414,9.41566],[-75.95978,9.41406],[-75.95538,9.40583],[-75.95932,9.3952],[-75.97016,9.38214],[-75.97739,9.37611],[-76.01709,9.35439],[-76.08202,9.33627],[-76.08804,9.32661],[-76.10905,9.30331],[-76.10984,9.29719],[-76.10276,9.29035],[-76.10011,9.28247],[-76.10132,9.27494],[-76.107,9.26561],[-76.12045,9.2533],[-76.13539,9.24462],[-76.17084,9.22948],[-76.16798,9.21816],[-76.17058,9.21179],[-76.17636,9.20584],[-76.17354,9.19559],[-76.18081,9.18128],[-76.17756,9.17892],[-76.17576,9.17433],[-76.17803,9.16343],[-76.17809,9.15209],[-76.17999,9.14565],[-76.18303,9.14144],[-76.18213,9.13351],[-76.18714,9.12561],[-76.18618,9.12273],[-76.18717,9.11856],[-76.20264,9.09969],[-76.21688,9.08568],[-76.22892,9.07728],[-76.23129,9.0738],[-76.23026,9.07242],[-76.2427,9.06474],[-76.24985,9.05787],[-76.26128,9.03438],[-76.26062,9.0266],[-76.264,9.0142],[-76.26367,9.0013],[-76.26523,8.9972],[-76.30242,8.96762],[-76.32019,8.95726],[-76.32115,8.94498],[-76.32319,8.93794],[-76.32705,8.92968],[-76.33712,8.91985],[-76.34721,8.91388],[-76.40997,8.89217],[-76.41363,8.88974],[-76.38454,8.7909],[-76.38592,8.78679],[-76.38918,8.78373],[-76.39526,8.78162],[-76.39932,8.77412],[-76.41578,8.75814],[-76.41645,8.75533],[-76.41212,8.74783],[-76.40755,8.74623],[-76.39972,8.74623],[-76.3657,8.71852],[-76.35579,8.69509],[-76.35329,8.67983],[-76.34883,8.66887],[-76.34723,8.65745],[-76.34537,8.65172],[-76.34138,8.64592],[-76.3381,8.64645],[-76.32977,8.65274],[-76.31814,8.65674],[-76.30943,8.6557],[-76.30203,8.65232],[-76.2945,8.6528],[-76.28338,8.64866],[-76.27437,8.63948],[-76.27091,8.63814],[-76.26749,8.63462],[-76.26525,8.62905],[-76.26626,8.62086],[-76.26363,8.61729],[-76.25476,8.6108],[-76.2523,8.60027],[-76.2526,8.58531],[-76.24966,8.57922],[-76.24253,8.57234],[-76.22281,8.57326],[-76.22254,8.5681],[-76.2293,8.56229],[-76.2344,8.55551],[-76.23458,8.54551],[-76.23234,8.53868],[-76.218,8.51583],[-76.21336,8.50036],[-76.21039,8.46434],[-76.21241,8.43979],[-76.21136,8.43546],[-76.1935,8.40828],[-76.1902,8.40024],[-76.19118,8.39245],[-76.19449,8.38975],[-76.21394,8.38145],[-76.23517,8.36768],[-76.25183,8.36082],[-76.27236,8.3444],[-76.28361,8.33156],[-76.29789,8.32062],[-76.30192,8.31536],[-76.30453,8.30795],[-76.30497,8.29209],[-76.30972,8.28625],[-76.31745,8.28239],[-76.321,8.27648],[-76.3321,8.23307],[-76.33269,8.22481],[-76.337,8.21201],[-76.3427,8.20731],[-76.3437,8.19621],[-76.34183,8.18644],[-76.34515,8.17423],[-76.36001,8.16717],[-76.36569,8.16128],[-76.37708,8.13466],[-76.3798,8.1142],[-76.38413,8.10154],[-76.38983,8.09345],[-76.40468,8.08591],[-76.4084,8.08246],[-76.41605,8.07063],[-76.42269,8.03418],[-76.42704,8.02396],[-76.427,8.01709],[-76.41466,7.99636],[-76.41668,7.98587],[-76.41531,7.95267],[-76.4198,7.91034],[-76.43731,7.89529],[-76.45243,7.8681],[-76.45973,7.86511],[-76.46634,7.85647],[-76.46945,7.84486],[-76.47776,7.83154],[-76.47608,7.81737],[-76.48283,7.77835],[-76.48102,7.77017],[-76.48149,7.76471],[-76.4846,7.75678],[-76.4954,7.75039],[-76.49614,7.74182],[-76.49092,7.73025],[-76.48864,7.72024],[-76.49004,7.7015],[-76.48826,7.68534],[-76.48918,7.65952],[-76.4979,7.64447],[-76.50473,7.62824],[-76.50994,7.58393],[-76.50255,7.56042],[-76.49811,7.55142],[-76.48925,7.54206],[-76.48424,7.53339],[-76.46374,7.51662],[-76.46121,7.50851],[-76.45607,7.50522],[-76.45047,7.49023],[-76.43064,7.46105],[-76.4291,7.4504],[-76.42034,7.43556],[-76.40188,7.41009],[-76.38393,7.39229],[-75.9663,7.35722],[-75.8409,7.36323],[-75.83493,7.37138],[-75.83679,7.38743],[-75.83325,7.3979],[-75.8204,7.41706],[-75.82082,7.42055],[-75.8271,7.42989],[-75.82669,7.43446],[-75.82214,7.44153],[-75.80885,7.44669],[-75.80196,7.4466],[-75.78889,7.45903],[-75.78797,7.47694],[-75.78229,7.48662],[-75.77692,7.50021],[-75.77785,7.50302],[-75.78298,7.50816],[-75.78503,7.51374],[-75.78369,7.51645],[-75.77134,7.52564],[-75.76864,7.53022],[-75.77191,7.54223],[-75.77265,7.55611],[-75.77048,7.56526],[-75.76203,7.57392],[-75.76046,7.58453],[-75.76159,7.59924],[-75.7589,7.60518],[-75.7474,7.60834],[-75.74334,7.61174],[-75.74147,7.61107],[-75.7115,7.5819],[-75.6948,7.58045],[-75.68306,7.58473],[-75.67609,7.59564],[-75.67376,7.59725],[-75.66133,7.59335],[-75.64962,7.58665],[-75.63299,7.58018],[-75.60988,7.58005],[-75.60258,7.58213],[-75.6016,7.5933],[-75.60298,7.60007],[-75.59926,7.60262],[-75.58281,7.60658],[-75.57335,7.61846],[-75.57033,7.62626],[-75.57221,7.63167],[-75.57156,7.64047],[-75.56194,7.65507],[-75.56011,7.66489],[-75.56082,7.67539],[-75.55716,7.69419],[-75.55158,7.70098],[-75.5426,7.70457],[-75.53361,7.70782],[-75.51445,7.71144],[-75.51087,7.71333],[-75.51066,7.71497],[-75.49705,7.71656],[-75.49631,7.71979],[-75.49194,7.72461],[-75.48175,7.74194],[-75.48295,7.75093],[-75.48175,7.75872],[-75.47397,7.77309],[-75.46378,7.78567],[-75.45959,7.82281],[-75.4542,7.83359],[-75.42664,7.84018],[-75.41772,7.83518],[-75.41567,7.83659],[-75.41199,7.84625],[-75.39789,7.85935],[-75.38531,7.86834],[-75.37198,7.87135],[-75.35902,7.87659],[-75.35079,7.8835],[-75.34727,7.88805],[-75.34003,7.90959],[-75.33619,7.9498],[-75.33096,7.9498],[-75.32193,7.94474],[-75.31629,7.94532],[-75.30875,7.95375],[-75.30369,7.95688],[-75.30292,7.95984],[-75.29605,7.96402],[-75.29186,7.96916],[-75.2893,7.97646],[-75.28108,7.98095],[-75.27555,7.99252],[-75.26095,7.99721],[-75.24591,8.01509],[-75.23925,8.02818],[-75.23756,8.04036],[-75.22837,8.05643],[-75.22418,8.06002],[-75.2104,8.06302],[-75.19183,8.05164],[-75.18344,8.04984],[-75.16607,8.04924],[-75.15516,8.05518],[-75.14024,8.05309],[-75.11707,8.05248],[-75.09352,8.05664],[-75.08007,8.05488],[-75.07204,8.05173],[-75.04572,8.05202],[-75.04062,8.05631],[-75.03067,8.06027],[-75.02291,8.06601],[-75.00613,8.0726],[-74.97738,8.09177],[-74.9678,8.09417],[-74.95102,8.07979],[-74.93119,8.07445],[-74.92399,8.08035],[-74.91845,8.09248],[-74.91229,8.10099],[-74.90018,8.10962],[-74.89395,8.11666],[-74.89207,8.12293],[-74.87986,8.13948],[-74.88051,8.14768],[-74.87323,8.17396],[-74.87603,8.18655],[-74.87554,8.19792],[-74.87179,8.19976],[-74.825,8.19917]]]}},{"type":"Feature","properties":{"shapeName":"La Guajira","shapeISO":"CO-LAG","shapeID":"13589884B66570655136682","shapeGroup":"COL","shapeType":"ADM1"},"geometry":{"type":"Polygon","coordinates":[[[-72.89457,10.43381],[-72.8933,10.44666],[-72.89072,10.45308],[-72.88737,10.45232],[-72.88283,10.45517],[-72.87864,10.45531],[-72.86265,10.46355],[-72.86062,10.46712],[-72.86066,10.47186],[-72.85765,10.47402],[-72.85423,10.47419],[-72.85228,10.48106],[-72.84561,10.4858],[-72.84634,10.49352],[-72.84316,10.49798],[-72.84355,10.50732],[-72.83856,10.50969],[-72.83615,10.51285],[-72.83831,10.53159],[-72.84191,10.53705],[-72.84163,10.53901],[-72.83671,10.53856],[-72.83105,10.54529],[-72.82675,10.54745],[-72.82536,10.54999],[-72.82476,10.56406],[-72.8218,10.56616],[-72.82064,10.57021],[-72.79209,10.58737],[-72.79079,10.5907],[-72.79132,10.60157],[-72.78437,10.61163],[-72.78357,10.61551],[-72.7719,10.61938],[-72.76829,10.62248],[-72.76303,10.62437],[-72.75346,10.63419],[-72.74901,10.64046],[-72.74943,10.65111],[-72.7472,10.65233],[-72.74123,10.64793],[-72.73511,10.65146],[-72.73591,10.66649],[-72.73,10.67529],[-72.72997,10.68109],[-72.72672,10.69099],[-72.72428,10.69431],[-72.71117,10.70254],[-72.71412,10.7064],[-72.71651,10.7142],[-72.71644,10.71794],[-72.71147,10.73241],[-72.71338,10.73593],[-72.71641,10.73778],[-72.71657,10.74012],[-72.71386,10.74283],[-72.71109,10.75302],[-72.70822,10.75669],[-72.70393,10.7587],[-72.68936,10.75718],[-72.67995,10.76397],[-72.6801,10.76549],[-72.68248,10.7662],[-72.68277,10.77014],[-72.68119,10.77833],[-72.6782,10.78341],[-72.68261,10.79614],[-72.6754,10.80656],[-72.67446,10.81355],[-72.67631,10.81718],[-72.67555,10.82029],[-72.66884,10.82275],[-72.66215,10.83046],[-72.66338,10.83787],[-72.65807,10.85108],[-72.65874,10.85569],[-72.65504,10.85812],[-72.65008,10.86702],[-72.64852,10.87199],[-72.64909,10.87936],[-72.63905,10.88486],[-72.63094,10.8846],[-72.62041,10.88701],[-72.6124,10.8827],[-72.60759,10.88871],[-72.60421,10.8972],[-72.59367,10.90511],[-72.57776,10.91291],[-72.574,10.91689],[-72.57193,10.92266],[-72.56336,10.92795],[-72.56097,10.93353],[-72.55377,10.9402],[-72.55354,10.94438],[-72.55015,10.95214],[-72.53715,10.97491],[-72.53836,10.97951],[-72.53604,10.98566],[-72.53012,10.99336],[-72.52659,10.99638],[-72.52281,10.99611],[-72.51845,11.00165],[-72.52521,11.00708],[-72.52604,11.01188],[-72.51926,11.01367],[-72.5176,11.01912],[-72.50874,11.02276],[-72.50748,11.03424],[-72.50505,11.03792],[-72.49853,11.04129],[-72.48975,11.05205],[-72.48163,11.05911],[-72.48558,11.06248],[-72.49042,11.07809],[-72.49778,11.08301],[-72.49764,11.08589],[-72.49048,11.08905],[-72.48847,11.09461],[-72.48467,11.09916],[-72.47786,11.10217],[-72.46502,11.11264],[-72.46009,11.11369],[-72.45616,11.11957],[-72.44359,11.12766],[-72.44231,11.12732],[-72.44246,11.12324],[-72.43935,11.1158],[-72.43789,11.11529],[-72.43107,11.12146],[-72.42503,11.12217],[-72.42504,11.12441],[-72.4233,11.1258],[-72.4079,11.12638],[-72.38759,11.13382],[-72.37372,11.1364],[-72.36861,11.13941],[-72.36582,11.13936],[-72.35997,11.14237],[-72.35801,11.1464],[-72.34931,11.15137],[-72.34472,11.15151],[-72.34099,11.1494],[-72.33413,11.14822],[-72.33308,11.14725],[-72.33476,11.14518],[-72.33144,11.14427],[-72.32221,11.14684],[-72.3154,11.14417],[-72.29913,11.14498],[-72.28663,11.1432],[-72.27213,11.13832],[-72.25912,11.13848],[-72.25465,11.1408],[-72.24942,11.14019],[-71.97136,11.64627],[-71.90067,11.65983],[-71.78269,11.68684],[-71.64418,11.7342],[-71.37841,11.81213],[-71.38731,11.81506],[-71.38989,11.82709],[-71.38847,11.82634],[-71.3882,11.82844],[-71.38587,11.82877],[-71.387,11.82978],[-71.38603,11.83081],[-71.38187,11.82986],[-71.37971,11.83298],[-71.37685,11.83166],[-71.36855,11.83291],[-71.3681,11.836],[-71.36327,11.84125],[-71.36188,11.8414],[-71.36006,11.83797],[-71.35716,11.83803],[-71.34766,11.84248],[-71.34677,11.84601],[-71.34282,11.84887],[-71.3236,11.85312],[-71.32193,11.86037],[-71.31735,11.86402],[-71.31627,11.87205],[-71.31157,11.88074],[-71.30245,11.88803],[-71.30107,11.90012],[-71.29854,11.90625],[-71.29506,11.91051],[-71.29018,11.91324],[-71.29446,11.91709],[-71.30043,11.91659],[-71.30192,11.91311],[-71.30324,11.91388],[-71.3052,11.91231],[-71.306,11.90903],[-71.31252,11.90692],[-71.31435,11.90277],[-71.31869,11.90232],[-71.32072,11.90348],[-71.32833,11.90143],[-71.33042,11.90337],[-71.33335,11.90257],[-71.33583,11.90853],[-71.33504,11.91112],[-71.3265,11.91312],[-71.32818,11.92166],[-71.31783,11.91908],[-71.31197,11.915],[-71.31125,11.91909],[-71.30601,11.91865],[-71.30412,11.9223],[-71.31288,11.92129],[-71.31487,11.92672],[-71.31254,11.92908],[-71.30988,11.9287],[-71.30321,11.92542],[-71.30083,11.91846],[-71.29447,11.91861],[-71.29016,11.91637],[-71.28775,11.91057],[-71.28216,11.90782],[-71.27419,11.91329],[-71.26903,11.91428],[-71.26885,11.91927],[-71.25519,11.93264],[-71.2537,11.936],[-71.25084,11.93731],[-71.24643,11.9425],[-71.24277,11.94379],[-71.24176,11.94666],[-71.23567,11.95327],[-71.2302,11.95178],[-71.22741,11.95784],[-71.22045,11.9654],[-71.21687,11.966],[-71.21495,11.96488],[-71.20543,11.97117],[-71.20338,11.97462],[-71.19336,11.97815],[-71.19128,11.98016],[-71.18436,11.98143],[-71.18039,11.98013],[-71.17591,11.98749],[-71.17281,11.98917],[-71.16987,11.98669],[-71.16707,11.98764],[-71.16143,11.99488],[-71.15765,11.99512],[-71.1567,11.99388],[-71.15234,11.99923],[-71.14398,11.9982],[-71.13613,12.00271],[-71.12541,12.02072],[-71.1215,12.02452],[-71.11919,12.03358],[-71.11662,12.03422],[-71.11325,12.0494],[-71.11691,12.06894],[-71.11533,12.08596],[-71.12564,12.10563],[-71.1539,12.14697],[-71.16554,12.1697],[-71.16738,12.17652],[-71.17252,12.18481],[-71.17542,12.18646],[-71.19156,12.21184],[-71.20195,12.23284],[-71.21962,12.26018],[-71.2251,12.27283],[-71.22383,12.27918],[-71.22595,12.28795],[-71.22274,12.29233],[-71.22772,12.29992],[-71.23418,12.30219],[-71.24647,12.31603],[-71.25657,12.31889],[-71.25961,12.32666],[-71.27411,12.33788],[-71.28246,12.34317],[-71.28676,12.3437],[-71.2902,12.34708],[-71.30017,12.3526],[-71.30655,12.3549],[-71.30967,12.35445],[-71.31222,12.35682],[-71.31319,12.35065],[-71.31632,12.34824],[-71.32423,12.34801],[-71.34043,12.35792],[-71.35227,12.36809],[-71.35768,12.36798],[-71.38362,12.37838],[-71.38762,12.37725],[-71.39764,12.37986],[-71.39891,12.38266],[-71.4033,12.38409],[-71.4149,12.38089],[-71.42718,12.38626],[-71.43305,12.38034],[-71.4377,12.38101],[-71.44718,12.3905],[-71.45063,12.39223],[-71.45678,12.40427],[-71.4606,12.40757],[-71.46914,12.40957],[-71.47707,12.41722],[-71.50177,12.42472],[-71.52468,12.43635],[-71.53018,12.43496],[-71.54256,12.44028],[-71.54637,12.43853],[-71.55195,12.43893],[-71.55119,12.43749],[-71.55269,12.43454],[-71.55715,12.43463],[-71.56635,12.43828],[-71.57294,12.44273],[-71.57433,12.44231],[-71.57309,12.44069],[-71.57367,12.43769],[-71.57727,12.43537],[-71.58457,12.4354],[-71.59308,12.43863],[-71.59553,12.43729],[-71.60271,12.43886],[-71.60408,12.43725],[-71.60999,12.43675],[-71.61831,12.44106],[-71.62076,12.43946],[-71.6241,12.44006],[-71.63516,12.44592],[-71.63914,12.44652],[-71.64298,12.45089],[-71.64832,12.45323],[-71.66861,12.45733],[-71.67326,12.45423],[-71.68391,12.45113],[-71.68892,12.44549],[-71.69705,12.44165],[-71.71868,12.43603],[-71.72961,12.42593],[-71.72955,12.42184],[-71.73558,12.41308],[-71.73446,12.41213],[-71.73536,12.40903],[-71.73172,12.40838],[-71.71771,12.41598],[-71.71249,12.41603],[-71.70946,12.41894],[-71.70969,12.42029],[-71.70656,12.42161],[-71.70535,12.42379],[-71.70557,12.42963],[-71.70141,12.43595],[-71.6925,12.43863],[-71.68445,12.4449],[-71.68321,12.44325],[-71.68357,12.4369],[-71.68979,12.43281],[-71.69462,12.42626],[-71.70047,12.42141],[-71.69789,12.41963],[-71.69918,12.41705],[-71.69058,12.42215],[-71.68666,12.42219],[-71.68185,12.42474],[-71.67665,12.42827],[-71.67407,12.43268],[-71.67042,12.43438],[-71.66806,12.43427],[-71.6679,12.43247],[-71.67362,12.42808],[-71.66982,12.42692],[-71.66773,12.42757],[-71.66439,12.43315],[-71.65262,12.43546],[-71.64811,12.43405],[-71.64669,12.43191],[-71.64734,12.42999],[-71.65531,12.42815],[-71.65804,12.42614],[-71.64677,12.42702],[-71.64994,12.42502],[-71.64884,12.42428],[-71.65655,12.41988],[-71.65443,12.4176],[-71.65861,12.4164],[-71.66173,12.41354],[-71.66644,12.41259],[-71.66797,12.40936],[-71.67216,12.40906],[-71.67411,12.40762],[-71.67448,12.40505],[-71.6729,12.40455],[-71.67083,12.40663],[-71.67001,12.40356],[-71.66797,12.40374],[-71.66588,12.40977],[-71.65778,12.40937],[-71.65683,12.41114],[-71.65832,12.41293],[-71.64978,12.41057],[-71.64824,12.41265],[-71.64493,12.41143],[-71.64423,12.41281],[-71.63805,12.41301],[-71.63299,12.41561],[-71.62832,12.41296],[-71.62662,12.40878],[-71.63375,12.40382],[-71.64047,12.40163],[-71.64124,12.40408],[-71.63858,12.40574],[-71.64487,12.40418],[-71.64495,12.40792],[-71.64752,12.40813],[-71.64621,12.40722],[-71.65013,12.40496],[-71.64761,12.40437],[-71.64914,12.40274],[-71.65188,12.40336],[-71.65806,12.39761],[-71.66422,12.3962],[-71.67309,12.38889],[-71.68554,12.39072],[-71.68964,12.39287],[-71.69527,12.39229],[-71.68993,12.39081],[-71.68946,12.38912],[-71.69966,12.38167],[-71.68955,12.37882],[-71.68637,12.37621],[-71.68505,12.37204],[-71.69144,12.36785],[-71.69196,12.36489],[-71.69884,12.36058],[-71.69304,12.36128],[-71.68915,12.36509],[-71.68544,12.36598],[-71.68489,12.36725],[-71.68712,12.36945],[-71.68155,12.36992],[-71.68352,12.36896],[-71.68349,12.36445],[-71.68769,12.36379],[-71.68957,12.36048],[-71.70141,12.35876],[-71.7025,12.36037],[-71.7001,12.36037],[-71.69873,12.36224],[-71.70178,12.36236],[-71.7013,12.36353],[-71.69742,12.36445],[-71.69456,12.36801],[-71.69895,12.37266],[-71.70323,12.37323],[-71.70617,12.37115],[-71.70585,12.37018],[-71.70407,12.37192],[-71.70246,12.36969],[-71.70257,12.36739],[-71.70508,12.36505],[-71.707,12.36606],[-71.70828,12.3698],[-71.70504,12.37332],[-71.70479,12.37549],[-71.70715,12.37526],[-71.70629,12.37244],[-71.71024,12.36907],[-71.71388,12.37166],[-71.71367,12.37335],[-71.71781,12.37565],[-71.71935,12.37515],[-71.72026,12.37046],[-71.72139,12.37029],[-71.72404,12.37535],[-71.72559,12.38686],[-71.72212,12.38861],[-71.72118,12.39068],[-71.71794,12.39018],[-71.71206,12.39436],[-71.71442,12.39707],[-71.7122,12.39905],[-71.71645,12.40144],[-71.71646,12.4086],[-71.72061,12.41095],[-71.72373,12.41036],[-71.72783,12.4069],[-71.72985,12.39725],[-71.73872,12.38908],[-71.74979,12.3851],[-71.75306,12.38135],[-71.76202,12.37932],[-71.76139,12.37818],[-71.75633,12.38008],[-71.75164,12.37885],[-71.75082,12.38021],[-71.7482,12.37979],[-71.74166,12.37652],[-71.73841,12.37198],[-71.73704,12.36003],[-71.74271,12.34623],[-71.75496,12.33371],[-71.76115,12.33024],[-71.77403,12.32902],[-71.78626,12.33095],[-71.79052,12.32821],[-71.79385,12.32853],[-71.79945,12.31791],[-71.79727,12.31362],[-71.80003,12.30956],[-71.79911,12.30786],[-71.80386,12.30529],[-71.81518,12.30764],[-71.82117,12.31076],[-71.8268,12.31599],[-71.83478,12.32652],[-71.83975,12.33949],[-71.83798,12.34513],[-71.83345,12.3464],[-71.82723,12.35134],[-71.82538,12.355],[-71.81408,12.3596],[-71.81332,12.36242],[-71.80706,12.36621],[-71.80826,12.37014],[-71.81351,12.37249],[-71.82275,12.37197],[-71.82453,12.37006],[-71.82635,12.36233],[-71.83594,12.35724],[-71.84135,12.35146],[-71.84858,12.35188],[-71.85226,12.35571],[-71.85524,12.35554],[-71.85698,12.35762],[-71.86005,12.35612],[-71.88164,12.33311],[-71.89831,12.31887],[-71.89992,12.31467],[-71.92509,12.29936],[-71.93025,12.29156],[-71.94095,12.28134],[-71.9554,12.27312],[-71.95545,12.27156],[-71.95256,12.27159],[-71.95121,12.26661],[-71.94604,12.26636],[-71.9448,12.26288],[-71.94465,12.27202],[-71.9397,12.27589],[-71.93596,12.27541],[-71.93416,12.27368],[-71.92553,12.27518],[-71.92115,12.27396],[-71.91771,12.27541],[-71.91519,12.27367],[-71.9135,12.27575],[-71.90757,12.27709],[-71.90418,12.2757],[-71.89988,12.27807],[-71.89352,12.27672],[-71.88995,12.274],[-71.89018,12.27156],[-71.88771,12.27132],[-71.88578,12.26678],[-71.89152,12.26256],[-71.88867,12.25573],[-71.89021,12.25135],[-71.88648,12.24913],[-71.88502,12.25121],[-71.88465,12.24936],[-71.88296,12.25313],[-71.88105,12.2533],[-71.87666,12.252],[-71.87026,12.24758],[-71.86927,12.24262],[-71.87311,12.24193],[-71.87346,12.24375],[-71.87687,12.24312],[-71.87552,12.24243],[-71.8751,12.23903],[-71.87782,12.23607],[-71.87982,12.23592],[-71.87748,12.23199],[-71.87139,12.22761],[-71.86931,12.2293],[-71.86886,12.22766],[-71.8712,12.22595],[-71.86166,12.21669],[-71.86288,12.21595],[-71.86064,12.2082],[-71.86376,12.2024],[-71.86517,12.20377],[-71.86479,12.20763],[-71.86592,12.20651],[-71.86524,12.2001],[-71.86176,12.19606],[-71.86885,12.1908],[-71.87656,12.18982],[-71.87824,12.19045],[-71.87751,12.19239],[-71.88007,12.19388],[-71.88325,12.19091],[-71.88431,12.19219],[-71.88587,12.19141],[-71.89662,12.1936],[-71.90054,12.19244],[-71.89957,12.19081],[-71.90076,12.18931],[-71.90912,12.18755],[-71.90935,12.18484],[-71.91168,12.18212],[-71.92225,12.18163],[-71.9212,12.17931],[-71.92278,12.1756],[-71.92025,12.17079],[-71.91759,12.17066],[-71.91805,12.16545],[-71.92119,12.16644],[-71.92115,12.16284],[-71.92515,12.16301],[-71.92438,12.1592],[-71.92661,12.15969],[-71.92777,12.15839],[-71.92705,12.15248],[-71.92888,12.1522],[-71.92938,12.1504],[-71.94001,12.15257],[-71.96476,12.14576],[-71.97276,12.1513],[-71.97517,12.15054],[-71.97795,12.15194],[-71.97905,12.14981],[-71.98583,12.14868],[-71.98554,12.15839],[-71.98815,12.16103],[-71.98365,12.16408],[-71.98415,12.16674],[-71.98164,12.16762],[-71.982,12.17245],[-71.98608,12.1794],[-71.98947,12.17755],[-71.99148,12.18139],[-72.00097,12.18648],[-71.99681,12.19192],[-71.99756,12.19445],[-71.99567,12.19736],[-71.99592,12.20027],[-71.98921,12.20263],[-71.98794,12.20014],[-71.98887,12.20952],[-71.98043,12.21665],[-71.97049,12.21932],[-71.96732,12.22678],[-71.96465,12.22802],[-71.96249,12.2386],[-71.95875,12.24139],[-71.95686,12.2489],[-71.95774,12.25182],[-71.96034,12.25098],[-71.96253,12.25255],[-71.9613,12.2577],[-71.96763,12.25395],[-71.97117,12.25664],[-71.9921,12.24807],[-72.01197,12.24238],[-72.02104,12.24157],[-72.03114,12.24286],[-72.04853,12.23951],[-72.05407,12.237],[-72.07388,12.23429],[-72.07422,12.23314],[-72.07943,12.23368],[-72.08351,12.23077],[-72.0842,12.23309],[-72.11254,12.2343],[-72.13928,12.24013],[-72.13956,12.23907],[-72.14361,12.23874],[-72.14293,12.23475],[-72.1442,12.23345],[-72.1564,12.23179],[-72.15726,12.22896],[-72.16469,12.22576],[-72.16388,12.22427],[-72.16525,12.22047],[-72.1743,12.21888],[-72.17757,12.21613],[-72.17887,12.21665],[-72.1772,12.21451],[-72.18044,12.20902],[-72.18012,12.20681],[-72.17799,12.20739],[-72.174,12.20492],[-72.16873,12.20652],[-72.1543,12.20614],[-72.15126,12.2044],[-72.14846,12.19968],[-72.14585,12.1795],[-72.14349,12.17481],[-72.1441,12.16175],[-72.14156,12.15724],[-72.1431,12.14818],[-72.14074,12.13798],[-72.14177,12.12001],[-72.13876,12.11118],[-72.13868,12.10433],[-72.14511,12.08628],[-72.15981,12.05649],[-72.16358,12.04473],[-72.17431,12.0289],[-72.17851,12.01865],[-72.1844,11.99659],[-72.19792,11.97897],[-72.20301,11.9664],[-72.20767,11.94637],[-72.21611,11.92662],[-72.21993,11.9228],[-72.22633,11.91051],[-72.23108,11.90695],[-72.24087,11.8952],[-72.23933,11.8921],[-72.23428,11.89268],[-72.21898,11.90756],[-72.22131,11.90325],[-72.22416,11.89294],[-72.22339,11.89194],[-72.22814,11.88684],[-72.23564,11.88487],[-72.24077,11.87924],[-72.24655,11.8756],[-72.25125,11.87664],[-72.25293,11.87858],[-72.24554,11.8909],[-72.24928,11.89026],[-72.28112,11.86959],[-72.29851,11.85495],[-72.31739,11.84946],[-72.32318,11.84604],[-72.32583,11.84169],[-72.33915,11.83862],[-72.34439,11.83142],[-72.37841,11.81908],[-72.38271,11.81667],[-72.38658,11.81131],[-72.38644,11.81239],[-72.39067,11.8097],[-72.40212,11.79883],[-72.40969,11.79524],[-72.41139,11.79301],[-72.43946,11.78556],[-72.44434,11.77983],[-72.4495,11.77834],[-72.4555,11.77886],[-72.45972,11.77711],[-72.46738,11.77851],[-72.48559,11.77814],[-72.49753,11.77514],[-72.50903,11.77706],[-72.51554,11.77637],[-72.53308,11.76858],[-72.53494,11.76525],[-72.54381,11.75753],[-72.54339,11.75605],[-72.5422,11.75759],[-72.54255,11.75275],[-72.54885,11.74997],[-72.54886,11.74818],[-72.56118,11.74441],[-72.5583,11.7449],[-72.55779,11.74361],[-72.56328,11.74301],[-72.56406,11.74418],[-72.56965,11.742],[-72.58338,11.74653],[-72.59542,11.74509],[-72.60148,11.73857],[-72.60983,11.73398],[-72.61174,11.73093],[-72.61093,11.73314],[-72.61912,11.72301],[-72.62306,11.72085],[-72.64087,11.71675],[-72.64061,11.71572],[-72.63565,11.71542],[-72.64037,11.71314],[-72.64245,11.71651],[-72.65856,11.71753],[-72.68355,11.70615],[-72.72201,11.70007],[-72.73581,11.69153],[-72.76972,11.67841],[-72.80547,11.64654],[-72.82678,11.63548],[-72.83522,11.62736],[-72.83869,11.61896],[-72.84765,11.60778],[-72.87043,11.58441],[-72.87369,11.57837],[-72.87285,11.57661],[-72.88062,11.5662],[-72.88995,11.56038],[-72.91328,11.55164],[-72.92769,11.54372],[-72.9371,11.54037],[-72.93933,11.53747],[-72.94816,11.53356],[-72.96329,11.52209],[-72.99175,11.51298],[-73.02899,11.49174],[-73.04616,11.47657],[-73.08519,11.43281],[-73.09847,11.42315],[-73.10953,11.41715],[-73.1355,11.4098],[-73.14514,11.40489],[-73.14911,11.39939],[-73.14926,11.39435],[-73.16004,11.38385],[-73.18917,11.36515],[-73.19091,11.35261],[-73.19764,11.34226],[-73.21722,11.32961],[-73.22043,11.32489],[-73.24946,11.30908],[-73.25151,11.30697],[-73.25252,11.30272],[-73.26384,11.29554],[-73.26571,11.2917],[-73.27743,11.28508],[-73.30498,11.27504],[-73.33055,11.27068],[-73.33817,11.26877],[-73.34562,11.26443],[-73.36057,11.26237],[-73.41663,11.2626],[-73.42581,11.25896],[-73.43987,11.25716],[-73.48524,11.26255],[-73.49001,11.25977],[-73.50671,11.25791],[-73.50807,11.25614],[-73.51269,11.25557],[-73.51559,11.25317],[-73.52666,11.25425],[-73.53169,11.25132],[-73.56762,11.25824],[-73.5647,11.25521],[-73.56798,11.24715],[-73.56796,11.23262],[-73.56899,11.23137],[-73.5716,11.23223],[-73.57418,11.22948],[-73.57642,11.23042],[-73.57808,11.22936],[-73.57628,11.22713],[-73.57254,11.22596],[-73.57283,11.22456],[-73.5775,11.22512],[-73.57915,11.22382],[-73.57475,11.22177],[-73.57429,11.2181],[-73.57833,11.21862],[-73.58145,11.21708],[-73.58078,11.21109],[-73.58371,11.20466],[-73.58204,11.20025],[-73.58369,11.1896],[-73.58563,11.1893],[-73.5866,11.19211],[-73.5918,11.18782],[-73.58844,11.18348],[-73.58991,11.1774],[-73.59691,11.17888],[-73.60041,11.17798],[-73.60321,11.17206],[-73.6101,11.17117],[-73.61154,11.16744],[-73.60843,11.16429],[-73.61402,11.16439],[-73.61566,11.16089],[-73.61914,11.16062],[-73.61627,11.15272],[-73.6188,11.15044],[-73.62182,11.15048],[-73.6274,11.14181],[-73.63056,11.14577],[-73.63464,11.14617],[-73.63413,11.14182],[-73.64484,11.14434],[-73.64495,11.13743],[-73.65348,11.13745],[-73.65214,11.13324],[-73.65013,11.13187],[-73.65221,11.12756],[-73.64846,11.12517],[-73.64977,11.12355],[-73.64891,11.1228],[-73.64339,11.12324],[-73.64305,11.11652],[-73.63741,11.10848],[-73.63969,11.10574],[-73.6393,11.10339],[-73.64229,11.10267],[-73.64327,11.09989],[-73.64878,11.09751],[-73.64639,11.09107],[-73.64896,11.08828],[-73.65156,11.08809],[-73.64915,11.08599],[-73.64954,11.08254],[-73.648,11.08028],[-73.64289,11.07956],[-73.64159,11.0777],[-73.64316,11.07516],[-73.64798,11.07539],[-73.64595,11.07175],[-73.64149,11.07011],[-73.64535,11.06796],[-73.6507,11.06074],[-73.64526,11.0583],[-73.64596,11.0544],[-73.64152,11.05421],[-73.63592,11.04178],[-73.63744,11.04032],[-73.64409,11.03932],[-73.64496,11.03581],[-73.64983,11.03306],[-73.64998,11.03053],[-73.65341,11.03057],[-73.65208,11.0242],[-73.64854,11.01953],[-73.64874,11.01624],[-73.65071,11.01112],[-73.6584,11.00525],[-73.66061,10.99795],[-73.66321,10.99668],[-73.66464,10.98982],[-73.66146,10.98106],[-73.65927,10.98124],[-73.65571,10.9779],[-73.65226,10.97685],[-73.65123,10.97466],[-73.64785,10.97334],[-73.64479,10.96829],[-73.64244,10.96779],[-73.6418,10.96354],[-73.64361,10.95669],[-73.63699,10.9461],[-73.63671,10.9388],[-73.63892,10.93615],[-73.64038,10.92926],[-73.63493,10.91565],[-73.63605,10.90974],[-73.63349,10.90498],[-73.6331,10.90089],[-73.62941,10.8966],[-73.62825,10.89291],[-73.6225,10.88692],[-73.61494,10.88244],[-73.6097,10.85898],[-73.60535,10.8473],[-73.60125,10.84086],[-73.60182,10.83526],[-73.59344,10.83955],[-73.57907,10.84281],[-73.57159,10.8429],[-73.56259,10.84681],[-73.54376,10.84435],[-73.53853,10.84528],[-73.53399,10.84801],[-73.52112,10.84836],[-73.50805,10.85271],[-73.50673,10.85586],[-73.50045,10.85924],[-73.49425,10.85763],[-73.48764,10.86302],[-73.47862,10.86745],[-73.47342,10.86697],[-73.46957,10.86232],[-73.46247,10.85925],[-73.45536,10.86061],[-73.45533,10.86619],[-73.44895,10.8668],[-73.43653,10.86538],[-73.43254,10.86678],[-73.40021,10.86558],[-73.39266,10.86722],[-73.38903,10.86334],[-73.38555,10.86245],[-73.38413,10.85978],[-73.37803,10.86137],[-73.37308,10.85806],[-73.36548,10.86026],[-73.35887,10.85803],[-73.35467,10.8605],[-73.34461,10.8602],[-73.33706,10.86184],[-73.32869,10.8574],[-73.32534,10.85795],[-73.31241,10.84637],[-73.30468,10.84961],[-73.29831,10.85588],[-73.29519,10.85547],[-73.28985,10.86245],[-73.28484,10.85739],[-73.27949,10.85697],[-73.2774,10.84793],[-73.26478,10.845],[-73.26418,10.84205],[-73.26643,10.83932],[-73.26448,10.83116],[-73.26198,10.82878],[-73.25792,10.82958],[-73.25557,10.82749],[-73.25559,10.8226],[-73.25202,10.81394],[-73.25533,10.80888],[-73.25134,10.80371],[-73.25201,10.7992],[-73.25633,10.7954],[-73.25891,10.7856],[-73.25652,10.77861],[-73.2521,10.77542],[-73.25241,10.7703],[-73.25992,10.75836],[-73.26328,10.75696],[-73.26451,10.75357],[-73.26741,10.75342],[-73.26722,10.75035],[-73.27001,10.74704],[-73.27007,10.74379],[-73.27489,10.74049],[-73.27748,10.72547],[-73.26544,10.73083],[-73.25637,10.73228],[-73.25002,10.73803],[-73.24071,10.73752],[-73.23647,10.74033],[-73.23316,10.73882],[-73.23096,10.73296],[-73.22855,10.73138],[-73.22107,10.73355],[-73.21453,10.7305],[-73.21185,10.71568],[-73.20746,10.70769],[-73.20725,10.70451],[-73.1852,10.71069],[-73.18161,10.71033],[-73.17558,10.70616],[-73.17074,10.70676],[-73.16437,10.71074],[-73.16098,10.71057],[-73.14372,10.69468],[-73.14048,10.68723],[-73.13155,10.68319],[-73.12658,10.68393],[-73.11729,10.68196],[-73.11459,10.67734],[-73.11205,10.66745],[-73.10853,10.66483],[-73.10403,10.66462],[-73.10297,10.66073],[-73.09875,10.65895],[-73.09599,10.65942],[-73.09223,10.65523],[-73.08922,10.6542],[-73.08742,10.65072],[-73.08283,10.64759],[-73.08261,10.64497],[-73.08444,10.64183],[-73.0802,10.64144],[-73.07913,10.63841],[-73.07661,10.63731],[-73.07679,10.63409],[-73.08528,10.62421],[-73.08757,10.61617],[-73.08864,10.60862],[-73.08624,10.60088],[-73.08605,10.59007],[-73.09135,10.58022],[-73.0991,10.57624],[-73.10116,10.57234],[-73.10081,10.56567],[-73.09611,10.55768],[-73.09994,10.54985],[-73.10702,10.54063],[-73.11586,10.53855],[-73.12515,10.52755],[-73.1328,10.53092],[-73.13732,10.52995],[-73.14016,10.51579],[-73.14803,10.50675],[-73.14528,10.50285],[-73.1456,10.50048],[-73.15508,10.49658],[-73.15923,10.49123],[-73.16732,10.49118],[-73.16603,10.48481],[-73.17432,10.47947],[-73.17165,10.4729],[-73.17681,10.4703],[-73.18057,10.46558],[-73.17856,10.45734],[-73.17449,10.46061],[-73.17329,10.45893],[-73.17157,10.46095],[-73.16814,10.46095],[-73.16814,10.45893],[-73.16247,10.45673],[-73.16264,10.45504],[-73.1544,10.45133],[-73.1544,10.44778],[-73.15337,10.44846],[-73.15303,10.44677],[-73.15063,10.44643],[-73.15097,10.4439],[-73.14805,10.44356],[-73.14306,10.43745],[-73.14249,10.43507],[-73.144,10.4321],[-73.14307,10.42888],[-73.1451,10.42281],[-73.14367,10.41984],[-73.14571,10.40028],[-73.14459,10.39833],[-73.14235,10.39671],[-73.12757,10.39917],[-73.1228,10.40385],[-73.11708,10.40511],[-73.11646,10.40914],[-73.11319,10.40954],[-73.10863,10.41314],[-73.09921,10.41649],[-73.09817,10.41872],[-73.08504,10.42636],[-73.07596,10.42314],[-73.06978,10.42297],[-73.06818,10.41997],[-73.06514,10.41875],[-73.06529,10.41687],[-73.05871,10.41468],[-73.05294,10.41465],[-73.05278,10.41351],[-73.05092,10.41419],[-73.05209,10.41233],[-73.04952,10.41192],[-73.04679,10.40829],[-73.04157,10.40548],[-73.03518,10.40454],[-73.02573,10.41075],[-73.0176,10.41178],[-73.01454,10.4107],[-73.00928,10.40513],[-73.00578,10.40523],[-73.0039,10.40349],[-72.99897,10.40411],[-72.99292,10.40104],[-72.98599,10.40075],[-72.97824,10.40376],[-72.97104,10.41008],[-72.96018,10.41364],[-72.93942,10.42718],[-72.93051,10.43096],[-72.90797,10.43446],[-72.89457,10.43381]]]}},{"type":"Feature","properties":{"shapeName":"Chocó","shapeISO":"CO-CHO","shapeID":"13589884B53668371411224","shapeGroup":"COL","shapeType":"ADM1"},"geometry":{"type":"MultiPolygon","coordinates":[[[[-76.98,8.2548],[-76.98139,8.25343],[-76.98664,8.2539],[-77.01359,8.24996],[-77.03696,8.25279],[-77.03679,8.25399],[-77.04047,8.25677],[-77.04026,8.25942],[-77.04305,8.26562],[-77.04583,8.2679],[-77.04562,8.27018],[-77.04848,8.27528],[-77.05009,8.27748],[-77.05254,8.27792],[-77.05328,8.28186],[-77.05808,8.28782],[-77.06536,8.29243],[-77.06529,8.29667],[-77.07427,8.30381],[-77.07466,8.3109],[-77.0788,8.31707],[-77.07545,8.32036],[-77.07668,8.32523],[-77.08774,8.33039],[-77.09288,8.33826],[-77.09374,8.34562],[-77.09866,8.35123],[-77.10552,8.35519],[-77.10975,8.36383],[-77.11235,8.36483],[-77.11776,8.37058],[-77.11843,8.37619],[-77.11694,8.37632],[-77.11502,8.37986],[-77.11085,8.37935],[-77.11391,8.38296],[-77.11487,8.38785],[-77.1164,8.38688],[-77.11952,8.38775],[-77.12175,8.38947],[-77.12285,8.39342],[-77.12579,8.39424],[-77.12861,8.39806],[-77.12777,8.40383],[-77.13047,8.41207],[-77.13417,8.41193],[-77.13587,8.41611],[-77.14201,8.4161],[-77.14641,8.41758],[-77.14904,8.42033],[-77.15101,8.41909],[-77.1523,8.42113],[-77.15518,8.42102],[-77.16331,8.43143],[-77.16345,8.43698],[-77.16651,8.43424],[-77.16935,8.43374],[-77.18956,8.43806],[-77.24899,8.47279],[-77.25342,8.49132],[-77.27254,8.50323],[-77.27508,8.50725],[-77.27533,8.51026],[-77.27262,8.51643],[-77.27095,8.51833],[-77.26912,8.5175],[-77.27073,8.52273],[-77.26951,8.52717],[-77.27721,8.5372],[-77.27578,8.54804],[-77.27652,8.55347],[-77.27989,8.55798],[-77.27961,8.55974],[-77.28563,8.56438],[-77.28491,8.56795],[-77.28679,8.57198],[-77.29069,8.57515],[-77.29171,8.57287],[-77.2941,8.5732],[-77.29411,8.57708],[-77.29849,8.58309],[-77.30197,8.5843],[-77.30291,8.58647],[-77.30797,8.58745],[-77.31012,8.59131],[-77.30893,8.59398],[-77.31026,8.59562],[-77.31153,8.59512],[-77.31063,8.59876],[-77.3117,8.59708],[-77.31379,8.59733],[-77.32114,8.60154],[-77.32373,8.61263],[-77.32826,8.61604],[-77.32533,8.61962],[-77.32586,8.62197],[-77.3305,8.61915],[-77.33157,8.62136],[-77.33555,8.62179],[-77.33958,8.62502],[-77.34223,8.62528],[-77.34206,8.62916],[-77.34648,8.63542],[-77.34444,8.64472],[-77.34694,8.64935],[-77.35417,8.65541],[-77.35514,8.65769],[-77.35895,8.65796],[-77.36288,8.65518],[-77.36537,8.65595],[-77.36609,8.65932],[-77.36493,8.66193],[-77.36415,8.66273],[-77.36171,8.66113],[-77.36014,8.66294],[-77.35827,8.67545],[-77.35924,8.6744],[-77.36198,8.67493],[-77.36244,8.67192],[-77.36604,8.67192],[-77.36796,8.67406],[-77.36693,8.6695],[-77.37027,8.66094],[-77.36995,8.6545],[-77.36726,8.64411],[-77.36448,8.64157],[-77.3708,8.63777],[-77.37828,8.64122],[-77.38006,8.64401],[-77.38494,8.64158],[-77.38577,8.64451],[-77.3924,8.65094],[-77.39553,8.6512],[-77.40892,8.6454],[-77.40936,8.63537],[-77.40694,8.6332],[-77.40256,8.62019],[-77.39621,8.60934],[-77.39836,8.60833],[-77.39949,8.61128],[-77.40301,8.61332],[-77.40445,8.61016],[-77.39798,8.59864],[-77.39372,8.59553],[-77.39359,8.58943],[-77.39454,8.58715],[-77.39793,8.58527],[-77.40456,8.58594],[-77.41027,8.58859],[-77.41612,8.58774],[-77.42122,8.58294],[-77.42167,8.57961],[-77.42503,8.57824],[-77.42707,8.57551],[-77.42395,8.56208],[-77.42488,8.56043],[-77.42803,8.55849],[-77.43001,8.5595],[-77.43254,8.5647],[-77.435,8.56572],[-77.43922,8.55711],[-77.44486,8.55496],[-77.44803,8.54587],[-77.44497,8.52857],[-77.44842,8.51951],[-77.44803,8.51342],[-77.45744,8.51004],[-77.4473,8.49637],[-77.44741,8.48638],[-77.44529,8.4809],[-77.44793,8.47686],[-77.4477,8.47217],[-77.43827,8.47062],[-77.41197,8.475],[-77.40849,8.46937],[-77.40336,8.46737],[-77.39779,8.46214],[-77.39756,8.45827],[-77.3944,8.45422],[-77.39473,8.45156],[-77.38599,8.43907],[-77.38498,8.42987],[-77.37884,8.42407],[-77.37628,8.41664],[-77.3706,8.40995],[-77.37004,8.40651],[-77.36808,8.40756],[-77.36267,8.40637],[-77.35888,8.40213],[-77.35564,8.39443],[-77.35545,8.3872],[-77.35941,8.3778],[-77.35877,8.36554],[-77.36633,8.35393],[-77.36014,8.35422],[-77.34964,8.34723],[-77.34878,8.33542],[-77.35266,8.3308],[-77.35576,8.31738],[-77.35365,8.31393],[-77.35024,8.29781],[-77.33988,8.28939],[-77.33604,8.28252],[-77.33261,8.28114],[-77.3296,8.26675],[-77.31442,8.26379],[-77.31138,8.26998],[-77.30127,8.27229],[-77.29957,8.26902],[-77.2947,8.26635],[-77.29384,8.26199],[-77.28422,8.25302],[-77.28458,8.25047],[-77.29091,8.2461],[-77.29101,8.24361],[-77.28055,8.22852],[-77.28099,8.2133],[-77.27974,8.20904],[-77.27727,8.20667],[-77.27164,8.20726],[-77.2666,8.20489],[-77.26557,8.20245],[-77.26242,8.20041],[-77.25875,8.19112],[-77.25133,8.18722],[-77.25232,8.18581],[-77.2468,8.17535],[-77.24728,8.17156],[-77.24904,8.17003],[-77.2542,8.17071],[-77.25127,8.16012],[-77.258,8.15808],[-77.25819,8.15653],[-77.24854,8.14963],[-77.23352,8.14187],[-77.22777,8.13711],[-77.22709,8.13254],[-77.22823,8.13159],[-77.23089,8.13274],[-77.23293,8.12929],[-77.23166,8.12394],[-77.23225,8.11753],[-77.22552,8.10714],[-77.22349,8.09886],[-77.21803,8.08645],[-77.21899,8.07826],[-77.22246,8.07246],[-77.23055,8.06766],[-77.22441,8.06343],[-77.22908,8.05906],[-77.22922,8.05088],[-77.22616,8.04617],[-77.22694,8.04161],[-77.21953,8.03908],[-77.21904,8.03724],[-77.22264,8.03471],[-77.23015,8.03374],[-77.23132,8.02849],[-77.23517,8.02558],[-77.22742,8.02208],[-77.22391,8.02305],[-77.22147,8.02607],[-77.21913,8.02587],[-77.21444,8.01852],[-77.21025,8.01515],[-77.21415,8.01291],[-77.21415,8.01068],[-77.20245,7.99854],[-77.19455,7.99398],[-77.19075,7.98922],[-77.18549,7.98776],[-77.18313,7.98387],[-77.16969,7.97586],[-77.15312,7.96109],[-77.13938,7.9542],[-77.1413,7.95291],[-77.146,7.95391],[-77.1576,7.96148],[-77.1659,7.96479],[-77.17077,7.96372],[-77.17388,7.96071],[-77.17895,7.95906],[-77.17993,7.95488],[-77.17135,7.9473],[-77.16968,7.94014],[-77.16208,7.93859],[-77.15954,7.93364],[-77.15331,7.92936],[-77.15438,7.92742],[-77.16227,7.92635],[-77.16773,7.93276],[-77.17738,7.93334],[-77.18094,7.92924],[-77.17874,7.91746],[-77.18271,7.91778],[-77.18992,7.92184],[-77.19591,7.91959],[-77.19786,7.92115],[-77.20165,7.92017],[-77.20682,7.92202],[-77.21101,7.91968],[-77.21198,7.91599],[-77.21393,7.91453],[-77.21929,7.91453],[-77.22884,7.92114],[-77.23759,7.91929],[-77.23866,7.91754],[-77.25669,7.91792],[-77.26628,7.91471],[-77.27329,7.90674],[-77.27583,7.90557],[-77.28713,7.90761],[-77.29863,7.91217],[-77.30876,7.90565],[-77.31295,7.90448],[-77.32137,7.89579],[-77.33482,7.89364],[-77.33812,7.88771],[-77.33559,7.88295],[-77.33656,7.87246],[-77.33928,7.86624],[-77.33986,7.8608],[-77.34317,7.85973],[-77.34461,7.84611],[-77.34954,7.84277],[-77.3615,7.84262],[-77.36648,7.83046],[-77.36016,7.8224],[-77.36179,7.81023],[-77.35051,7.79879],[-77.34965,7.79226],[-77.34166,7.77735],[-77.34222,7.7657],[-77.34464,7.76442],[-77.35134,7.76441],[-77.36131,7.76824],[-77.38196,7.76823],[-77.38667,7.77206],[-77.38795,7.7793],[-77.39023,7.77909],[-77.39905,7.77244],[-77.39827,7.76967],[-77.38851,7.75724],[-77.39207,7.75442],[-77.3957,7.74484],[-77.398,7.72531],[-77.4021,7.72144],[-77.40845,7.72097],[-77.40981,7.71416],[-77.41201,7.71471],[-77.41312,7.71773],[-77.41643,7.7169],[-77.42083,7.7004],[-77.43639,7.68519],[-77.44065,7.66895],[-77.44041,7.65842],[-77.44413,7.65718],[-77.45002,7.65822],[-77.46086,7.65656],[-77.46403,7.66247],[-77.46569,7.66274],[-77.46692,7.65462],[-77.47009,7.65063],[-77.46567,7.64307],[-77.46566,7.63757],[-77.47089,7.62698],[-77.47654,7.62059],[-77.48122,7.61756],[-77.48163,7.60821],[-77.48541,7.60008],[-77.48649,7.58246],[-77.49117,7.56711],[-77.50415,7.56799],[-77.51185,7.57476],[-77.51186,7.58164],[-77.51303,7.58328],[-77.51662,7.58273],[-77.51881,7.57433],[-77.52639,7.57048],[-77.52762,7.56566],[-77.52604,7.55652],[-77.52976,7.54936],[-77.53348,7.54578],[-77.53389,7.54262],[-77.54366,7.536],[-77.5482,7.52225],[-77.55577,7.51866],[-77.561,7.51054],[-77.56486,7.50779],[-77.56734,7.50765],[-77.57492,7.513],[-77.58347,7.51354],[-77.58816,7.52065],[-77.59328,7.53453],[-77.59719,7.5373],[-77.60488,7.53739],[-77.60798,7.54027],[-77.61228,7.54166],[-77.61159,7.54844],[-77.60778,7.55611],[-77.60764,7.56023],[-77.61565,7.56779],[-77.62042,7.57905],[-77.6249,7.58487],[-77.6254,7.59065],[-77.6302,7.59443],[-77.63031,7.6021],[-77.63432,7.60933],[-77.63613,7.62158],[-77.64302,7.63245],[-77.6452,7.65147],[-77.6515,7.65374],[-77.65186,7.65653],[-77.6546,7.6599],[-77.66964,7.6668],[-77.67835,7.67848],[-77.68508,7.68093],[-77.68578,7.68557],[-77.69074,7.69257],[-77.71141,7.69254],[-77.72452,7.69558],[-77.72649,7.69724],[-77.7271,7.70046],[-77.72858,7.70004],[-77.72996,7.69819],[-77.73015,7.69236],[-77.73193,7.69128],[-77.73232,7.68535],[-77.73786,7.68466],[-77.73876,7.68099],[-77.74214,7.67941],[-77.74365,7.67646],[-77.74364,7.67325],[-77.7409,7.66931],[-77.74543,7.66686],[-77.74499,7.65857],[-77.74706,7.64608],[-77.73985,7.63799],[-77.74214,7.63382],[-77.74127,7.62862],[-77.74544,7.62366],[-77.74859,7.61662],[-77.74859,7.61354],[-77.74715,7.6121],[-77.74168,7.61218],[-77.74671,7.60744],[-77.74649,7.60614],[-77.74148,7.60604],[-77.74074,7.60422],[-77.7362,7.603],[-77.73755,7.59432],[-77.73489,7.59282],[-77.73769,7.58951],[-77.73624,7.58058],[-77.73314,7.57685],[-77.7314,7.56881],[-77.72534,7.56468],[-77.72325,7.55612],[-77.71806,7.54756],[-77.7164,7.54002],[-77.71005,7.52776],[-77.70285,7.51949],[-77.70146,7.50694],[-77.70419,7.50356],[-77.71598,7.49723],[-77.71561,7.49378],[-77.73086,7.47531],[-77.73896,7.47036],[-77.74338,7.46565],[-77.75035,7.46785],[-77.75439,7.46148],[-77.7565,7.46269],[-77.75902,7.46058],[-77.76414,7.45976],[-77.77917,7.46112],[-77.78413,7.46395],[-77.78862,7.47335],[-77.80013,7.47294],[-77.80275,7.47048],[-77.8028,7.46683],[-77.80504,7.46819],[-77.81075,7.46584],[-77.81681,7.4692],[-77.81818,7.47248],[-77.88906,7.22837],[-77.89353,7.22297],[-77.8923,7.22156],[-77.88685,7.22348],[-77.88625,7.22144],[-77.88342,7.21974],[-77.88352,7.21691],[-77.87957,7.21113],[-77.87506,7.21372],[-77.87354,7.21252],[-77.87505,7.20995],[-77.87398,7.20673],[-77.86702,7.20615],[-77.86447,7.20185],[-77.86664,7.19966],[-77.86455,7.19836],[-77.86649,7.19544],[-77.86393,7.19516],[-77.86472,7.19389],[-77.86358,7.19255],[-77.8589,7.19445],[-77.85448,7.19396],[-77.85334,7.19164],[-77.85449,7.18815],[-77.8517,7.18705],[-77.85321,7.1864],[-77.85224,7.18627],[-77.85279,7.18278],[-77.85487,7.18282],[-77.85569,7.18139],[-77.85322,7.18071],[-77.84905,7.18521],[-77.84836,7.18406],[-77.8431,7.18567],[-77.84063,7.18286],[-77.83996,7.179],[-77.8361,7.17902],[-77.83708,7.17629],[-77.83476,7.17155],[-77.83501,7.17002],[-77.83661,7.16979],[-77.8355,7.16538],[-77.82982,7.16414],[-77.82941,7.16155],[-77.83133,7.15897],[-77.82927,7.15924],[-77.82926,7.15718],[-77.82616,7.15668],[-77.82563,7.15462],[-77.82666,7.15436],[-77.82276,7.14846],[-77.82147,7.14821],[-77.82149,7.1513],[-77.81968,7.15183],[-77.8192,7.14869],[-77.81607,7.15005],[-77.81637,7.14872],[-77.81451,7.14851],[-77.8154,7.14696],[-77.81448,7.14414],[-77.81319,7.1439],[-77.81116,7.14918],[-77.80831,7.14598],[-77.80782,7.14984],[-77.79603,7.14725],[-77.79488,7.14322],[-77.79231,7.1435],[-77.78205,7.13146],[-77.78164,7.1276],[-77.77723,7.12299],[-77.77434,7.11399],[-77.77177,7.11272],[-77.76915,7.10784],[-77.74841,7.08788],[-77.75037,7.0925],[-77.75852,7.09864],[-77.76036,7.10352],[-77.75881,7.10353],[-77.75806,7.10714],[-77.75625,7.10689],[-77.75649,7.10483],[-77.75494,7.10355],[-77.75133,7.10357],[-77.74796,7.10037],[-77.74615,7.10103],[-77.74643,7.10309],[-77.74513,7.10206],[-77.74413,7.10593],[-77.74154,7.1044],[-77.74078,7.10569],[-77.74075,7.10157],[-77.73662,7.10083],[-77.73534,7.10238],[-77.7352,7.09929],[-77.7379,7.09837],[-77.73827,7.09644],[-77.73672,7.0949],[-77.73838,7.09283],[-77.73606,7.0931],[-77.73683,7.09181],[-77.73477,7.09182],[-77.73501,7.09001],[-77.73141,7.09184],[-77.73063,7.08979],[-77.7252,7.08724],[-77.72285,7.08185],[-77.71767,7.07749],[-77.71765,7.07493],[-77.71945,7.07363],[-77.71454,7.07263],[-77.71457,7.07469],[-77.71147,7.07548],[-77.71071,7.0778],[-77.71406,7.07752],[-77.7133,7.08062],[-77.70817,7.08451],[-77.70685,7.08014],[-77.70531,7.0804],[-77.7076,7.07447],[-77.70832,7.06597],[-77.70496,7.06496],[-77.70625,7.06418],[-77.70585,7.06263],[-77.70156,7.05648],[-77.69821,7.05573],[-77.69768,7.0547],[-77.70001,7.0552],[-77.69818,7.05135],[-77.68888,7.04805],[-77.6876,7.04909],[-77.68758,7.04678],[-77.68085,7.0414],[-77.67962,7.02853],[-77.67844,7.02725],[-77.68124,7.03002],[-77.68284,7.02678],[-77.6823,7.02414],[-77.67737,7.01928],[-77.67402,7.01826],[-77.67374,7.01543],[-77.66334,6.99953],[-77.65598,6.97433],[-77.65657,6.96505],[-77.66643,6.95264],[-77.66952,6.95339],[-77.6748,6.95104],[-77.6738,6.95491],[-77.67474,6.95624],[-77.67919,6.95411],[-77.6816,6.94689],[-77.68572,6.94609],[-77.68956,6.94117],[-77.69858,6.93931],[-77.69651,6.93855],[-77.69559,6.93525],[-77.69855,6.93369],[-77.69826,6.92983],[-77.69593,6.92726],[-77.6977,6.92288],[-77.69564,6.92289],[-77.69522,6.91697],[-77.69841,6.91228],[-77.70152,6.91381],[-77.70485,6.91122],[-77.70688,6.90579],[-77.70583,6.90271],[-77.70838,6.89806],[-77.70695,6.89523],[-77.70913,6.89368],[-77.70758,6.8906],[-77.71141,6.88568],[-77.71139,6.88362],[-77.70997,6.8831],[-77.71111,6.87847],[-77.70853,6.87771],[-77.70567,6.87438],[-77.70409,6.86821],[-77.70097,6.86385],[-77.70378,6.86023],[-77.70378,6.85791],[-77.70507,6.85816],[-77.70326,6.85766],[-77.70376,6.85456],[-77.70156,6.85354],[-77.70274,6.85074],[-77.70115,6.84968],[-77.70088,6.84711],[-77.70214,6.84221],[-77.70112,6.84351],[-77.69673,6.84198],[-77.69541,6.83581],[-77.69283,6.8366],[-77.68999,6.83507],[-77.69026,6.83713],[-77.68808,6.83946],[-77.68836,6.84306],[-77.69031,6.84562],[-77.68825,6.84641],[-77.68773,6.84538],[-77.68905,6.85052],[-77.68751,6.85182],[-77.68804,6.85414],[-77.68649,6.8544],[-77.68705,6.85955],[-77.68396,6.86291],[-77.68401,6.87193],[-77.67553,6.87584],[-77.66574,6.87524],[-77.66289,6.87411],[-77.6625,6.87231],[-77.66456,6.87178],[-77.66133,6.86999],[-77.6626,6.86741],[-77.66002,6.86717],[-77.65999,6.8615],[-77.6574,6.85946],[-77.65893,6.85765],[-77.65764,6.85558],[-77.6548,6.85432],[-77.65481,6.85599],[-77.64965,6.85602],[-77.64526,6.85386],[-77.64421,6.85103],[-77.64371,6.85284],[-77.63441,6.8498],[-77.63133,6.8511],[-77.63261,6.84929],[-77.63028,6.8484],[-77.62926,6.84957],[-77.61685,6.84191],[-77.61503,6.83909],[-77.61219,6.83871],[-77.60599,6.8345],[-77.60468,6.83116],[-77.60106,6.82886],[-77.60003,6.8299],[-77.60028,6.82809],[-77.599,6.82835],[-77.60079,6.82577],[-77.59847,6.8263],[-77.59792,6.82218],[-77.59614,6.82374],[-77.59357,6.82298],[-77.592,6.82041],[-77.58734,6.81786],[-77.58617,6.81452],[-77.58809,6.81219],[-77.58627,6.81117],[-77.58525,6.81272],[-77.58266,6.8099],[-77.58056,6.80296],[-77.57875,6.80194],[-77.57799,6.80374],[-77.57746,6.80066],[-77.57566,6.80015],[-77.57615,6.79757],[-77.57203,6.79656],[-77.56917,6.79272],[-77.56763,6.79272],[-77.57016,6.78473],[-77.5663,6.78643],[-77.56501,6.78553],[-77.56552,6.78398],[-77.56578,6.78501],[-77.56732,6.78423],[-77.56652,6.77882],[-77.56807,6.77857],[-77.56805,6.77572],[-77.566,6.77831],[-77.5652,6.7729],[-77.56237,6.77343],[-77.56116,6.77198],[-77.56249,6.77215],[-77.56117,6.76571],[-77.56385,6.76312],[-77.56102,6.76159],[-77.56101,6.76005],[-77.55869,6.75955],[-77.55971,6.75671],[-77.55635,6.75569],[-77.5571,6.75183],[-77.55322,6.75004],[-77.54908,6.74491],[-77.54957,6.74079],[-77.54752,6.74132],[-77.54853,6.73745],[-77.54554,6.73334],[-77.54717,6.72535],[-77.54331,6.71734],[-77.54044,6.7174],[-77.53849,6.71432],[-77.5365,6.70454],[-77.53312,6.69864],[-77.53413,6.69426],[-77.53683,6.69218],[-77.53643,6.68959],[-77.53797,6.68947],[-77.5377,6.68728],[-77.54079,6.68623],[-77.53795,6.68548],[-77.53483,6.67931],[-77.53635,6.67544],[-77.53455,6.67519],[-77.53376,6.67159],[-77.53762,6.67028],[-77.53632,6.66977],[-77.53708,6.66693],[-77.53477,6.66772],[-77.53578,6.66462],[-77.5332,6.66386],[-77.5328,6.66129],[-77.53627,6.65843],[-77.53267,6.65974],[-77.53292,6.65871],[-77.5306,6.65898],[-77.5293,6.65616],[-77.52749,6.65565],[-77.52902,6.65204],[-77.52657,6.65102],[-77.52694,6.64818],[-77.52399,6.64974],[-77.52633,6.65488],[-77.52544,6.65721],[-77.51876,6.66007],[-77.51642,6.65648],[-77.51294,6.65547],[-77.51311,6.65413],[-77.51074,6.65471],[-77.50454,6.65087],[-77.50374,6.65324],[-77.50508,6.65499],[-77.50303,6.65655],[-77.50689,6.65627],[-77.50767,6.65859],[-77.51024,6.65754],[-77.51154,6.66011],[-77.50898,6.66244],[-77.51017,6.66836],[-77.50671,6.67276],[-77.50545,6.67714],[-77.50627,6.68615],[-77.50344,6.68797],[-77.50422,6.68977],[-77.50166,6.69133],[-77.50269,6.69287],[-77.49988,6.697],[-77.50015,6.69932],[-77.50092,6.69816],[-77.50199,6.69957],[-77.50145,6.70086],[-77.49656,6.70166],[-77.49373,6.70399],[-77.48909,6.70284],[-77.48473,6.70674],[-77.48085,6.70611],[-77.47881,6.70767],[-77.47526,6.70775],[-77.48288,6.69825],[-77.47392,6.70148],[-77.47471,6.70457],[-77.47315,6.702],[-77.4564,6.70647],[-77.4473,6.70671],[-77.43731,6.70247],[-77.43343,6.69837],[-77.43,6.69692],[-77.42863,6.69375],[-77.42976,6.68705],[-77.42639,6.68436],[-77.42485,6.68476],[-77.42435,6.68784],[-77.42074,6.68735],[-77.41844,6.69084],[-77.41431,6.69073],[-77.4063,6.68691],[-77.39969,6.67715],[-77.40058,6.67354],[-77.40418,6.67301],[-77.40339,6.67197],[-77.40572,6.67094],[-77.40544,6.66579],[-77.39873,6.66505],[-77.39586,6.65811],[-77.39841,6.65114],[-77.4033,6.65087],[-77.40561,6.64854],[-77.4069,6.64981],[-77.40443,6.64545],[-77.40584,6.64338],[-77.40429,6.64236],[-77.40505,6.64055],[-77.40196,6.64005],[-77.3995,6.63671],[-77.39908,6.62976],[-77.40294,6.62923],[-77.40087,6.62872],[-77.39854,6.62487],[-77.39827,6.62229],[-77.40032,6.62074],[-77.39207,6.61923],[-77.38999,6.6146],[-77.38302,6.61206],[-77.38306,6.61021],[-77.38069,6.61052],[-77.37706,6.60488],[-77.37396,6.60386],[-77.37473,6.60206],[-77.37112,6.60156],[-77.37095,6.59383],[-77.37597,6.59278],[-77.37543,6.58917],[-77.37441,6.58969],[-77.37388,6.58737],[-77.37157,6.58713],[-77.36896,6.58148],[-77.36509,6.58021],[-77.36409,6.58304],[-77.36279,6.58318],[-77.35736,6.57844],[-77.35351,6.58142],[-77.34809,6.58067],[-77.34241,6.57747],[-77.34188,6.57439],[-77.33982,6.57466],[-77.33542,6.56978],[-77.33514,6.56515],[-77.33359,6.56387],[-77.33076,6.56414],[-77.32528,6.55],[-77.32589,6.54278],[-77.33009,6.54093],[-77.3314,6.53696],[-77.33322,6.53734],[-77.3324,6.53064],[-77.33548,6.52702],[-77.33728,6.52754],[-77.33547,6.52599],[-77.33776,6.51954],[-77.33735,6.5131],[-77.3385,6.51232],[-77.33772,6.51052],[-77.33924,6.5051],[-77.34605,6.50198],[-77.34654,6.49606],[-77.35488,6.48932],[-77.35823,6.49008],[-77.36053,6.48672],[-77.35974,6.48313],[-77.36077,6.48213],[-77.35896,6.48162],[-77.35998,6.47827],[-77.35559,6.47675],[-77.35537,6.47385],[-77.35222,6.47236],[-77.35091,6.46644],[-77.35115,6.46232],[-77.35383,6.45741],[-77.36116,6.45661],[-77.36269,6.45299],[-77.36166,6.45326],[-77.36242,6.44887],[-77.36422,6.44861],[-77.36395,6.4468],[-77.3615,6.44553],[-77.36084,6.44218],[-77.36056,6.43728],[-77.3621,6.43677],[-77.36259,6.43135],[-77.36621,6.42822],[-77.36905,6.42833],[-77.37112,6.43026],[-77.37175,6.42871],[-77.37291,6.42831],[-77.37317,6.42947],[-77.37599,6.42508],[-77.37546,6.42354],[-77.37057,6.42356],[-77.37133,6.41995],[-77.36747,6.421],[-77.36772,6.41868],[-77.36487,6.41586],[-77.36406,6.40814],[-77.3612,6.40945],[-77.3594,6.40816],[-77.35856,6.39399],[-77.36266,6.39038],[-77.36678,6.38905],[-77.36651,6.38777],[-77.37089,6.38685],[-77.37347,6.38851],[-77.37477,6.39211],[-77.37632,6.39185],[-77.37697,6.39468],[-77.38045,6.39544],[-77.3802,6.39698],[-77.38122,6.39466],[-77.38045,6.39415],[-77.38377,6.38924],[-77.38865,6.38664],[-77.39304,6.38971],[-77.4,6.38994],[-77.40026,6.39174],[-77.40516,6.39313],[-77.41029,6.38911],[-77.41207,6.38395],[-77.41206,6.38086],[-77.40974,6.38062],[-77.4074,6.37624],[-77.40766,6.37779],[-77.40535,6.37857],[-77.40562,6.38089],[-77.40433,6.38129],[-77.39918,6.37835],[-77.39761,6.37501],[-77.39477,6.37373],[-77.39268,6.36756],[-77.39049,6.36705],[-77.39138,6.36396],[-77.39009,6.36268],[-77.38905,6.36217],[-77.38932,6.36397],[-77.38623,6.36475],[-77.3865,6.3681],[-77.37956,6.36891],[-77.37011,6.3571],[-77.36941,6.34603],[-77.37096,6.34602],[-77.3726,6.3388],[-77.37837,6.33388],[-77.37681,6.33157],[-77.37663,6.32049],[-77.37851,6.30812],[-77.38335,6.29702],[-77.3828,6.28955],[-77.38562,6.28619],[-77.38174,6.28209],[-77.38132,6.27616],[-77.38848,6.26454],[-77.39169,6.26233],[-77.4009,6.25031],[-77.39755,6.25058],[-77.39574,6.24905],[-77.3953,6.23592],[-77.39748,6.23436],[-77.39836,6.23101],[-77.40294,6.22851],[-77.40904,6.22817],[-77.42379,6.24686],[-77.42956,6.26254],[-77.43412,6.26739],[-77.43353,6.26918],[-77.43671,6.27101],[-77.44681,6.26904],[-77.45788,6.2713],[-77.46021,6.27402],[-77.45913,6.27711],[-77.46111,6.28124],[-77.46826,6.2889],[-77.4681,6.29478],[-77.46951,6.29678],[-77.47315,6.29634],[-77.47073,6.29249],[-77.46862,6.28061],[-77.46942,6.27949],[-77.46638,6.27242],[-77.46844,6.27061],[-77.46738,6.26598],[-77.4696,6.26276],[-77.46766,6.24847],[-77.47049,6.23754],[-77.47265,6.23685],[-77.47195,6.23575],[-77.47349,6.23456],[-77.47207,6.23373],[-77.47448,6.2288],[-77.47373,6.21856],[-77.47825,6.21158],[-77.47856,6.20483],[-77.48085,6.20075],[-77.48031,6.19637],[-77.48274,6.19172],[-77.48169,6.18683],[-77.47807,6.18376],[-77.47549,6.18351],[-77.47677,6.18042],[-77.47457,6.17888],[-77.47442,6.17476],[-77.47157,6.17064],[-77.47336,6.16755],[-77.46998,6.16113],[-77.46689,6.15986],[-77.4648,6.15291],[-77.46183,6.15035],[-77.46323,6.14777],[-77.46169,6.14777],[-77.46014,6.14623],[-77.46064,6.14494],[-77.45884,6.14521],[-77.45665,6.14264],[-77.45649,6.13801],[-77.45443,6.13725],[-77.45546,6.13595],[-77.45441,6.13287],[-77.44952,6.13237],[-77.44509,6.12106],[-77.44046,6.11979],[-77.43398,6.11158],[-77.43255,6.10772],[-77.43358,6.10451],[-77.43107,6.1011],[-77.42773,6.10384],[-77.42657,6.10032],[-77.42513,6.10045],[-77.42392,6.10622],[-77.42135,6.107],[-77.42261,6.1063],[-77.42248,6.09978],[-77.42389,6.09849],[-77.42635,6.09823],[-77.42922,6.10081],[-77.42995,6.0999],[-77.41405,6.08462],[-77.39287,6.0672],[-77.37321,6.04434],[-77.37475,6.04356],[-77.37346,6.04254],[-77.37344,6.03867],[-77.37061,6.03714],[-77.37292,6.03636],[-77.37266,6.03506],[-77.37188,6.03327],[-77.36982,6.03379],[-77.37084,6.03147],[-77.36825,6.02813],[-77.37031,6.02684],[-77.36978,6.02428],[-77.36823,6.02301],[-77.36669,6.02455],[-77.36549,6.02395],[-77.36591,6.02199],[-77.36385,6.02199],[-77.36422,6.0189],[-77.36615,6.01837],[-77.36589,6.01696],[-77.36692,6.01811],[-77.36769,6.01734],[-77.36485,6.01374],[-77.3633,6.01427],[-77.36406,6.01091],[-77.36252,6.01066],[-77.36278,6.00911],[-77.36096,6.00861],[-77.36005,6.00625],[-77.36285,6.00119],[-77.35579,6.0004],[-77.35079,5.99496],[-77.35378,6.00009],[-77.35499,6.02784],[-77.3601,6.04298],[-77.35961,6.04509],[-77.3624,6.04926],[-77.36324,6.05921],[-77.35889,6.05695],[-77.35934,6.0488],[-77.35674,6.04826],[-77.35623,6.04546],[-77.35237,6.04574],[-77.34784,6.0388],[-77.34782,6.03262],[-77.346,6.02902],[-77.34741,6.0285],[-77.34791,6.02541],[-77.34662,6.02464],[-77.34816,6.02309],[-77.34915,6.01484],[-77.34425,6.01254],[-77.34398,6.00943],[-77.34192,6.00841],[-77.34221,6.00578],[-77.33532,5.99969],[-77.3331,5.99196],[-77.3345,5.98809],[-77.33126,5.98141],[-77.33228,5.97986],[-77.33022,5.97884],[-77.33046,5.97523],[-77.32866,5.97472],[-77.33006,5.97162],[-77.3294,5.96905],[-77.32656,5.96674],[-77.32811,5.96699],[-77.3281,5.96519],[-77.32526,5.96391],[-77.32628,5.96005],[-77.32422,5.9598],[-77.3224,5.95646],[-77.32274,5.95448],[-77.32343,5.95541],[-77.32496,5.9531],[-77.32367,5.95181],[-77.32213,5.95234],[-77.3185,5.9454],[-77.32002,5.94075],[-77.32234,5.94205],[-77.32285,5.94076],[-77.3213,5.93999],[-77.32051,5.93562],[-77.31822,5.93717],[-77.3164,5.93641],[-77.31304,5.93204],[-77.31406,5.93023],[-77.312,5.92921],[-77.31277,5.92844],[-77.30942,5.92768],[-77.31069,5.92484],[-77.30837,5.92382],[-77.30991,5.92227],[-77.30629,5.91893],[-77.30743,5.91609],[-77.30627,5.91378],[-77.30858,5.91171],[-77.30961,5.91235],[-77.31167,5.90938],[-77.30856,5.90707],[-77.30787,5.89548],[-77.30594,5.89446],[-77.30373,5.89009],[-77.30435,5.88416],[-77.30266,5.87953],[-77.30714,5.87333],[-77.30198,5.87181],[-77.30148,5.87567],[-77.29788,5.87607],[-77.29505,5.87441],[-77.29465,5.87184],[-77.29735,5.87105],[-77.29811,5.86796],[-77.29503,5.86874],[-77.29412,5.86694],[-77.29678,5.85843],[-77.29524,5.85818],[-77.29574,5.85586],[-77.29216,5.85742],[-77.29034,5.85434],[-77.29213,5.85304],[-77.29007,5.8515],[-77.29106,5.84326],[-77.28901,5.84233],[-77.286,5.84664],[-77.28337,5.84576],[-77.28594,5.84512],[-77.28392,5.84435],[-77.28001,5.84698],[-77.27763,5.84645],[-77.27749,5.84539],[-77.28075,5.84613],[-77.28231,5.84403],[-77.28024,5.84486],[-77.27608,5.83964],[-77.2756,5.83065],[-77.27698,5.82442],[-77.27464,5.82577],[-77.27089,5.82421],[-77.27128,5.82801],[-77.26566,5.83043],[-77.27005,5.82783],[-77.26977,5.82127],[-77.27194,5.82298],[-77.27019,5.82102],[-77.26997,5.81789],[-77.26854,5.81916],[-77.2642,5.81425],[-77.25613,5.79213],[-77.25123,5.78906],[-77.25112,5.79421],[-77.24639,5.80015],[-77.24665,5.80298],[-77.24794,5.80285],[-77.25027,5.80632],[-77.24969,5.81087],[-77.24874,5.81045],[-77.24846,5.80427],[-77.24768,5.80324],[-77.24563,5.80428],[-77.24356,5.80171],[-77.24485,5.80171],[-77.24727,5.79551],[-77.24674,5.79088],[-77.24479,5.78779],[-77.24154,5.78772],[-77.24093,5.78601],[-77.24195,5.78446],[-77.24092,5.78395],[-77.24195,5.78407],[-77.24247,5.78536],[-77.24452,5.78445],[-77.24181,5.78008],[-77.24346,5.77517],[-77.24731,5.77387],[-77.24731,5.7713],[-77.23544,5.7631],[-77.23698,5.76245],[-77.24291,5.76603],[-77.24509,5.7659],[-77.24546,5.761],[-77.24637,5.76203],[-77.24155,5.74865],[-77.24334,5.74632],[-77.24085,5.74255],[-77.24243,5.74298],[-77.24463,5.74709],[-77.24245,5.74839],[-77.24713,5.7597],[-77.24755,5.77027],[-77.25013,5.77232],[-77.25015,5.77515],[-77.25246,5.77514],[-77.25041,5.77618],[-77.25183,5.7772],[-77.25095,5.7803],[-77.25274,5.78132],[-77.25146,5.78159],[-77.25172,5.78287],[-77.25571,5.78234],[-77.25724,5.77976],[-77.25746,5.77023],[-77.25404,5.75092],[-77.25564,5.73314],[-77.2568,5.73287],[-77.26138,5.72049],[-77.26664,5.71178],[-77.27175,5.70873],[-77.27143,5.71011],[-77.27309,5.71122],[-77.27468,5.70977],[-77.27272,5.70788],[-77.27303,5.70632],[-77.27482,5.70623],[-77.27404,5.70486],[-77.2687,5.70524],[-77.27646,5.70117],[-77.2756,5.70652],[-77.2774,5.70677],[-77.27768,5.70152],[-77.27882,5.70266],[-77.28781,5.68654],[-77.29975,5.67254],[-77.30036,5.66881],[-77.30031,5.67094],[-77.30597,5.66561],[-77.31189,5.66427],[-77.31325,5.66824],[-77.31583,5.67055],[-77.3171,5.66694],[-77.31657,5.66243],[-77.31888,5.66127],[-77.31566,5.65973],[-77.31706,5.65367],[-77.3189,5.65409],[-77.31935,5.65147],[-77.32141,5.65069],[-77.3268,5.65144],[-77.32705,5.64681],[-77.32935,5.64422],[-77.32704,5.6432],[-77.32613,5.64089],[-77.33326,5.62308],[-77.33735,5.61869],[-77.338,5.62074],[-77.34262,5.61647],[-77.36238,5.60801],[-77.36109,5.60622],[-77.36212,5.60609],[-77.37705,5.60989],[-77.38402,5.61888],[-77.3877,5.61965],[-77.3843,5.62339],[-77.38998,5.62878],[-77.40257,5.62731],[-77.40413,5.63039],[-77.42416,5.62426],[-77.42749,5.62089],[-77.42826,5.62218],[-77.43107,5.61598],[-77.44413,5.60382],[-77.46047,5.59606],[-77.46696,5.59501],[-77.47548,5.59764],[-77.48241,5.598],[-77.48424,5.60494],[-77.48733,5.60531],[-77.4876,5.60801],[-77.49336,5.60207],[-77.49475,5.59833],[-77.49591,5.59845],[-77.49614,5.59459],[-77.49973,5.59019],[-77.50074,5.58555],[-77.50395,5.58502],[-77.50262,5.57292],[-77.50338,5.57059],[-77.50813,5.56826],[-77.50592,5.56338],[-77.50666,5.55565],[-77.50537,5.5554],[-77.50795,5.5541],[-77.50703,5.55307],[-77.50869,5.55075],[-77.50753,5.54921],[-77.50816,5.54598],[-77.5107,5.54224],[-77.50891,5.54148],[-77.5068,5.52834],[-77.51587,5.5162],[-77.52113,5.51347],[-77.52327,5.50252],[-77.52647,5.49941],[-77.52725,5.50018],[-77.52826,5.4976],[-77.53237,5.49565],[-77.53414,5.49036],[-77.53645,5.48829],[-77.53542,5.48701],[-77.5395,5.48107],[-77.52974,5.48111],[-77.52382,5.47946],[-77.51612,5.48271],[-77.51303,5.4817],[-77.51072,5.48261],[-77.50533,5.48096],[-77.50377,5.47916],[-77.50068,5.47943],[-77.50016,5.47789],[-77.49759,5.47815],[-77.49269,5.4738],[-77.49267,5.46916],[-77.49164,5.46865],[-77.48718,5.47665],[-77.48782,5.4782],[-77.47885,5.48441],[-77.47629,5.48546],[-77.47475,5.48366],[-77.47296,5.48959],[-77.46833,5.48909],[-77.46729,5.48601],[-77.46498,5.48576],[-77.46525,5.48885],[-77.46217,5.48976],[-77.45007,5.48582],[-77.44723,5.48145],[-77.44336,5.48018],[-77.4436,5.47657],[-77.44232,5.47632],[-77.44233,5.4789],[-77.43898,5.47814],[-77.43072,5.46837],[-77.42944,5.46968],[-77.43089,5.46026],[-77.42982,5.45383],[-77.43103,5.45183],[-77.42857,5.44469],[-77.42854,5.43721],[-77.42647,5.43543],[-77.42545,5.43724],[-77.4244,5.43247],[-77.41926,5.43301],[-77.41985,5.44319],[-77.4188,5.44602],[-77.41316,5.44991],[-77.4083,5.45585],[-77.40684,5.45459],[-77.4061,5.44657],[-77.40354,5.44147],[-77.40002,5.44017],[-77.3954,5.44174],[-77.3949,5.4456],[-77.39438,5.44407],[-77.38999,5.4433],[-77.38948,5.44203],[-77.38919,5.43249],[-77.39137,5.43042],[-77.39027,5.42433],[-77.39315,5.4268],[-77.39145,5.42192],[-77.38889,5.42115],[-77.3881,5.41884],[-77.39119,5.41702],[-77.39119,5.41883],[-77.39634,5.41932],[-77.39502,5.41289],[-77.39578,5.40876],[-77.39038,5.40827],[-77.38628,5.41034],[-77.38191,5.41036],[-77.38276,5.40838],[-77.38653,5.40931],[-77.38678,5.40802],[-77.39294,5.40645],[-77.38957,5.39487],[-77.38749,5.39153],[-77.38449,5.39068],[-77.38491,5.38897],[-77.38916,5.39204],[-77.39162,5.39615],[-77.39281,5.39598],[-77.39252,5.39795],[-77.39576,5.40309],[-77.39885,5.40437],[-77.40149,5.40136],[-77.40244,5.40255],[-77.40064,5.40385],[-77.40553,5.40357],[-77.40489,5.40486],[-77.40761,5.40987],[-77.40992,5.41038],[-77.41234,5.40406],[-77.40482,5.35922],[-77.40094,5.34872],[-77.39554,5.34642],[-77.3935,5.35004],[-77.39275,5.35777],[-77.39726,5.3593],[-77.39714,5.36007],[-77.39465,5.36102],[-77.39636,5.3593],[-77.39224,5.35854],[-77.38941,5.36036],[-77.38622,5.36397],[-77.38697,5.36749],[-77.38583,5.36269],[-77.39145,5.3552],[-77.38836,5.35199],[-77.38384,5.35514],[-77.3863,5.35187],[-77.38681,5.35006],[-77.38553,5.34981],[-77.38732,5.34967],[-77.38885,5.34593],[-77.38575,5.34221],[-77.37805,5.34469],[-77.38173,5.34218],[-77.38729,5.34195],[-77.38884,5.3431],[-77.39012,5.34219],[-77.39219,5.34412],[-77.40141,5.33812],[-77.4032,5.33399],[-77.40166,5.33451],[-77.4019,5.33167],[-77.40242,5.33296],[-77.40384,5.33192],[-77.40428,5.32607],[-77.39749,5.32087],[-77.39183,5.31896],[-77.38107,5.3269],[-77.37773,5.32742],[-77.37773,5.32897],[-77.36771,5.32824],[-77.36413,5.33239],[-77.36489,5.3298],[-77.36077,5.3293],[-77.36438,5.32941],[-77.36745,5.32682],[-77.37541,5.32473],[-77.37694,5.32305],[-77.37705,5.31919],[-77.37537,5.3161],[-77.37201,5.31148],[-77.36892,5.30969],[-77.37068,5.29938],[-77.36913,5.29655],[-77.3614,5.29194],[-77.35857,5.29144],[-77.35883,5.29351],[-77.35626,5.29222],[-77.35857,5.29079],[-77.36422,5.29245],[-77.36626,5.28832],[-77.3601,5.28679],[-77.357,5.28449],[-77.36678,5.28754],[-77.3712,5.26769],[-77.36978,5.26602],[-77.3631,5.26541],[-77.35949,5.26335],[-77.36039,5.26258],[-77.35819,5.25743],[-77.35511,5.25976],[-77.35818,5.25615],[-77.35947,5.25691],[-77.36048,5.25086],[-77.35405,5.24933],[-77.34917,5.25154],[-77.3435,5.24796],[-77.34942,5.25038],[-77.35301,5.24766],[-77.36074,5.24944],[-77.36189,5.25124],[-77.3614,5.25613],[-77.36282,5.26038],[-77.36398,5.26025],[-77.36537,5.25406],[-77.36793,5.25173],[-77.36933,5.2458],[-77.3715,5.24399],[-77.37175,5.24193],[-77.36927,5.24133],[-77.37327,5.23677],[-77.3689,5.23706],[-77.37404,5.23573],[-77.37456,5.23831],[-77.37174,5.23961],[-77.37278,5.24398],[-77.37048,5.24579],[-77.3682,5.25405],[-77.36589,5.25586],[-77.36551,5.25818],[-77.36848,5.26061],[-77.36967,5.2598],[-77.37029,5.26331],[-77.37466,5.26536],[-77.37832,5.27977],[-77.38344,5.27924],[-77.38452,5.28979],[-77.38684,5.29017],[-77.3885,5.28875],[-77.39079,5.2823],[-77.39075,5.27045],[-77.38893,5.2653],[-77.38466,5.25965],[-77.38373,5.25321],[-77.38063,5.24679],[-77.38101,5.24575],[-77.38283,5.25038],[-77.38772,5.25243],[-77.38658,5.25526],[-77.38812,5.25526],[-77.388,5.22383],[-77.38658,5.22255],[-77.38683,5.221],[-77.38863,5.22074],[-77.38858,5.20863],[-77.39064,5.20785],[-77.38995,5.20691],[-77.39166,5.20707],[-77.39063,5.20553],[-77.38935,5.20708],[-77.38957,5.19858],[-77.39212,5.19213],[-77.39081,5.18724],[-77.39312,5.18646],[-77.39402,5.18414],[-77.39576,5.16919],[-77.39148,5.15839],[-77.3848,5.15866],[-77.3825,5.16331],[-77.38169,5.18702],[-77.37851,5.19373],[-77.36799,5.19995],[-77.36286,5.20126],[-77.3626,5.20023],[-77.35772,5.2005],[-77.35773,5.20334],[-77.35618,5.20102],[-77.34794,5.19616],[-77.34487,5.20004],[-77.34386,5.20674],[-77.34257,5.20314],[-77.33975,5.20598],[-77.33974,5.20367],[-77.33563,5.2029],[-77.33562,5.20187],[-77.34154,5.20262],[-77.33999,5.20211],[-77.33843,5.19723],[-77.33534,5.19543],[-77.33817,5.19542],[-77.34102,5.20121],[-77.3451,5.19463],[-77.35563,5.19587],[-77.35925,5.19792],[-77.36952,5.19556],[-77.3758,5.19116],[-77.37743,5.17982],[-77.37044,5.16645],[-77.3725,5.16747],[-77.37301,5.16644],[-77.37014,5.15537],[-77.35776,5.14306],[-77.3557,5.14216],[-77.35365,5.14333],[-77.3497,5.1508],[-77.35242,5.15853],[-77.35952,5.16727],[-77.35941,5.17319],[-77.35557,5.17526],[-77.35889,5.17139],[-77.35875,5.16753],[-77.3545,5.16393],[-77.35193,5.16394],[-77.35385,5.16316],[-77.34805,5.157],[-77.3452,5.15057],[-77.34751,5.14953],[-77.35286,5.1405],[-77.34619,5.13975],[-77.34517,5.14233],[-77.34567,5.14001],[-77.33797,5.13978],[-77.33817,5.14974],[-77.33492,5.15061],[-77.33402,5.14907],[-77.33451,5.14417],[-77.33335,5.14276],[-77.3313,5.14315],[-77.33016,5.14522],[-77.33055,5.15063],[-77.32594,5.15064],[-77.32553,5.14807],[-77.32694,5.14483],[-77.32618,5.15026],[-77.32991,5.15011],[-77.32963,5.1447],[-77.33053,5.14303],[-77.33361,5.14211],[-77.33529,5.14494],[-77.33453,5.14907],[-77.33672,5.14996],[-77.33761,5.1488],[-77.33643,5.14004],[-77.33719,5.13798],[-77.33384,5.13696],[-77.33743,5.13737],[-77.33873,5.13853],[-77.3508,5.13681],[-77.35569,5.13962],[-77.3544,5.13654],[-77.34976,5.13424],[-77.35542,5.13589],[-77.35852,5.14053],[-77.37706,5.14998],[-77.37869,5.14031],[-77.37701,5.13723],[-77.36954,5.13081],[-77.36463,5.1231],[-77.36129,5.12312],[-77.36128,5.12183],[-77.36411,5.12156],[-77.37262,5.13235],[-77.37434,5.13217],[-77.37906,5.13696],[-77.38025,5.14081],[-77.38015,5.15225],[-77.38644,5.15145],[-77.38667,5.14295],[-77.38389,5.12287],[-77.37978,5.12082],[-77.38196,5.11952],[-77.38014,5.11438],[-77.38231,5.11205],[-77.38051,5.11129],[-77.37972,5.10614],[-77.37792,5.10537],[-77.37223,5.10747],[-77.36713,5.10464],[-77.36322,5.09126],[-77.36679,5.08145],[-77.37009,5.08116],[-77.37605,5.08541],[-77.37938,5.07986],[-77.37587,5.03685],[-77.37441,5.03593],[-77.37625,5.03453],[-77.37438,5.01419],[-77.37526,5.01084],[-77.37604,5.01135],[-77.37415,4.98663],[-77.3746,4.96962],[-77.37652,4.96601],[-77.3756,4.96034],[-77.37223,4.95572],[-77.37223,4.9534],[-77.36631,4.95059],[-77.36195,4.95267],[-77.35684,4.95951],[-77.34658,4.96251],[-77.33992,4.96924],[-77.3389,4.96769],[-77.33606,4.96731],[-77.33299,4.969],[-77.32704,4.95871],[-77.32473,4.95872],[-77.32192,4.96234],[-77.32178,4.95925],[-77.32652,4.95678],[-77.33245,4.96398],[-77.33709,4.96718],[-77.34069,4.96691],[-77.34374,4.96046],[-77.3499,4.95709],[-77.35681,4.94985],[-77.35704,4.94418],[-77.35524,4.94367],[-77.35676,4.93568],[-77.36804,4.93075],[-77.36596,4.92431],[-77.36365,4.92303],[-77.35839,4.88982],[-77.35661,4.88768],[-77.35397,4.88752],[-77.35128,4.89203],[-77.3475,4.89349],[-77.347,4.8904],[-77.34852,4.88731],[-77.34378,4.88399],[-77.34232,4.87635],[-77.3383,4.87366],[-77.3392,4.87212],[-77.33828,4.86696],[-77.33726,4.86903],[-77.33597,4.86877],[-77.33593,4.85641],[-77.3382,4.85467],[-77.34314,4.86025],[-77.34289,4.86179],[-77.34932,4.86409],[-77.35035,4.86615],[-77.35241,4.86691],[-77.35368,4.86408],[-77.35293,4.8695],[-77.35024,4.87156],[-77.35346,4.87438],[-77.35192,4.87464],[-77.35142,4.87722],[-77.34962,4.87749],[-77.34988,4.8789],[-77.35603,4.87579],[-77.35756,4.87128],[-77.36114,4.86727],[-77.36215,4.86302],[-77.36086,4.85967],[-77.35906,4.8589],[-77.35736,4.85067],[-77.35465,4.84655],[-77.35567,4.84629],[-77.35515,4.84217],[-77.35203,4.83136],[-77.34833,4.80175],[-77.34549,4.79867],[-77.34397,4.80228],[-77.33936,4.80616],[-77.33499,4.80669],[-77.32936,4.81083],[-77.32833,4.81058],[-77.32883,4.80826],[-77.32729,4.80826],[-77.32703,4.8062],[-77.32933,4.80285],[-77.33601,4.80334],[-77.33471,4.8],[-77.33369,4.80051],[-77.33137,4.79717],[-77.32983,4.79769],[-77.33264,4.79498],[-77.33624,4.79587],[-77.33185,4.78944],[-77.34033,4.78954],[-77.34622,4.78553],[-77.34724,4.78321],[-77.33516,4.7799],[-77.33129,4.77502],[-77.32589,4.77323],[-77.32616,4.77581],[-77.32744,4.77529],[-77.32898,4.77683],[-77.32693,4.77684],[-77.32642,4.77864],[-77.32849,4.78147],[-77.32386,4.78045],[-77.32233,4.7833],[-77.31693,4.77996],[-77.31076,4.77947],[-77.30974,4.78127],[-77.31024,4.77688],[-77.3087,4.77896],[-77.30832,4.77741],[-77.31409,4.77533],[-77.31266,4.76993],[-77.30504,4.75682],[-77.30321,4.74832],[-77.29138,4.74424],[-77.28572,4.74065],[-77.29185,4.73432],[-77.29443,4.73457],[-77.30421,4.73904],[-77.30574,4.73826],[-77.30626,4.73981],[-77.31578,4.74416],[-77.31424,4.74468],[-77.32349,4.74619],[-77.32541,4.74413],[-77.32539,4.7382],[-77.32642,4.73897],[-77.32718,4.73587],[-77.32515,4.70419],[-77.32804,4.68589],[-77.32482,4.68385],[-77.32277,4.68488],[-77.32355,4.68618],[-77.31997,4.68721],[-77.32072,4.68514],[-77.31455,4.68336],[-77.31378,4.68439],[-77.30991,4.68003],[-77.304,4.67734],[-77.30643,4.67411],[-77.30492,4.64372],[-77.30646,4.64308],[-77.31007,4.64718],[-77.31225,4.64447],[-77.31507,4.64523],[-77.31534,4.64935],[-77.31305,4.6576],[-77.31563,4.65991],[-77.3159,4.66429],[-77.31925,4.66815],[-77.31811,4.67356],[-77.32529,4.66967],[-77.32744,4.65833],[-77.32503,4.63051],[-77.32527,4.5862],[-77.32715,4.57048],[-77.32573,4.5683],[-77.32598,4.56611],[-77.32803,4.56674],[-77.33188,4.56377],[-77.3334,4.5599],[-77.33654,4.53593],[-77.33486,4.53297],[-77.32202,4.53237],[-77.31968,4.52415],[-77.32441,4.51876],[-77.33745,4.51497],[-77.33954,4.51278],[-77.34337,4.47483],[-77.34906,4.43748],[-77.35097,4.4367],[-77.35148,4.43438],[-77.35108,4.42768],[-77.34889,4.42614],[-77.3448,4.43067],[-77.335,4.43255],[-77.33442,4.43063],[-77.34408,4.42698],[-77.34432,4.42442],[-77.35059,4.41864],[-77.3559,4.40861],[-77.3647,4.40105],[-77.36553,4.39204],[-77.36949,4.38651],[-77.36847,4.37412],[-77.37361,4.36978],[-77.37977,4.36859],[-77.38412,4.36601],[-77.38652,4.3671],[-77.38542,4.37219],[-77.39898,4.3581],[-77.40334,4.35745],[-77.40155,4.35822],[-77.40258,4.35887],[-77.40668,4.35756],[-77.41128,4.35072],[-77.41802,4.33215],[-77.42389,4.32235],[-77.42989,4.31588],[-77.43631,4.31342],[-77.43925,4.3107],[-77.40905,4.29766],[-77.41187,4.29637],[-77.41342,4.29713],[-77.41316,4.29585],[-77.4111,4.29585],[-77.41263,4.29263],[-77.42348,4.29032],[-77.42365,4.28602],[-77.42979,4.28278],[-77.43981,4.28533],[-77.45289,4.28258],[-77.45364,4.27872],[-77.45249,4.27743],[-77.45646,4.2751],[-77.45632,4.2733],[-77.46132,4.27122],[-77.46234,4.26864],[-77.46567,4.26863],[-77.46594,4.27172],[-77.46748,4.27275],[-77.46978,4.27042],[-77.46824,4.2694],[-77.46951,4.26579],[-77.47055,4.26849],[-77.47388,4.26757],[-77.48924,4.25542],[-77.49104,4.25696],[-77.48958,4.25396],[-77.49206,4.25515],[-77.49208,4.2585],[-77.49352,4.25807],[-77.49285,4.26159],[-77.49439,4.26184],[-77.4949,4.26029],[-77.4949,4.26157],[-77.49643,4.26183],[-77.49568,4.26338],[-77.49697,4.26621],[-77.48877,4.271],[-77.48725,4.2768],[-77.48431,4.27939],[-77.48369,4.2848],[-77.48126,4.2897],[-77.48294,4.29253],[-77.48551,4.29342],[-77.49013,4.29315],[-77.49167,4.29443],[-77.4986,4.29325],[-77.51471,4.27903],[-77.52325,4.26046],[-77.52559,4.23057],[-77.5287,4.21825],[-77.53056,4.20056],[-77.52651,4.1976],[-77.5196,4.19891],[-77.51906,4.19427],[-77.51812,4.19444],[-77.51956,4.18963],[-77.52455,4.18653],[-77.52411,4.16541],[-77.52617,4.12787],[-77.51217,4.11736],[-77.50672,4.10695],[-77.49934,4.10437],[-77.49543,4.10445],[-77.47767,4.08415],[-77.47935,4.08904],[-77.47938,4.09961],[-77.47742,4.08622],[-77.47433,4.08494],[-77.47021,4.07748],[-77.46791,4.07825],[-77.46327,4.07415],[-77.45966,4.06798],[-77.45607,4.06825],[-77.45482,4.06434],[-77.44965,4.06492],[-77.43917,4.07783],[-77.43711,4.07655],[-77.43712,4.07823],[-77.43609,4.07758],[-77.43481,4.07991],[-77.43416,4.07725],[-77.42871,4.09187],[-77.42838,4.09731],[-77.43058,4.10497],[-77.44379,4.12517],[-77.44177,4.13761],[-77.43788,4.14255],[-77.42945,4.14476],[-77.41721,4.14341],[-77.39088,4.14792],[-77.38798,4.152],[-77.39,4.16083],[-77.37827,4.16936],[-77.37607,4.17327],[-77.37496,4.17993],[-77.37201,4.18449],[-77.361,4.19351],[-77.35167,4.19716],[-77.34373,4.19607],[-77.33373,4.1908],[-77.31565,4.16986],[-77.3088,4.16602],[-77.30465,4.16643],[-77.28817,4.18112],[-77.28546,4.19329],[-77.2873,4.20618],[-77.28059,4.22014],[-77.27581,4.22585],[-77.26884,4.23094],[-77.26509,4.23307],[-77.25891,4.23405],[-77.25158,4.23201],[-77.24906,4.22658],[-77.25107,4.19558],[-77.24989,4.18793],[-77.24632,4.18079],[-77.2387,4.17212],[-77.22899,4.16437],[-77.22432,4.15795],[-77.21888,4.15555],[-77.21421,4.15661],[-77.20925,4.16274],[-77.2071,4.17049],[-77.20287,4.17253],[-77.18764,4.17277],[-77.16672,4.18318],[-77.16203,4.18365],[-77.15741,4.18212],[-77.153,4.17706],[-77.14809,4.16737],[-77.1408,4.16125],[-77.1364,4.16027],[-77.13077,4.15334],[-77.12519,4.12612],[-77.1214,4.11988],[-77.112,4.11235],[-77.10964,4.10369],[-77.10728,4.10245],[-77.09352,4.10168],[-77.08581,4.10893],[-77.06978,4.10028],[-77.06294,4.09949],[-77.05504,4.10171],[-77.0457,4.10006],[-77.03522,4.10055],[-77.01985,4.09751],[-77.01354,4.10096],[-77.00017,4.09981],[-76.99303,4.10906],[-76.99033,4.11872],[-76.98308,4.11728],[-76.97588,4.11982],[-76.96437,4.121],[-76.94817,4.11789],[-76.94136,4.11379],[-76.9358,4.10659],[-76.9259,4.10435],[-76.90226,4.09231],[-76.89342,4.07961],[-76.89269,4.07307],[-76.88941,4.06838],[-76.88595,4.06664],[-76.88038,4.06626],[-76.87555,4.06042],[-76.87259,4.05059],[-76.86793,4.04638],[-76.86794,4.04383],[-76.87232,4.04024],[-76.87216,4.03813],[-76.8672,4.03276],[-76.86316,4.03012],[-76.85689,4.03133],[-76.84871,4.03834],[-76.84093,4.03925],[-76.83185,4.03646],[-76.82791,4.03363],[-76.82565,4.02938],[-76.82508,4.0211],[-76.82097,4.01273],[-76.81563,4.00798],[-76.80742,4.00579],[-76.79451,4.00814],[-76.78858,4.00583],[-76.77859,3.99932],[-76.77543,3.99547],[-76.77197,3.99455],[-76.759,3.99822],[-76.75139,3.99765],[-76.74589,3.99451],[-76.74067,3.98926],[-76.71666,3.97565],[-76.69396,3.966],[-76.68523,3.96468],[-76.67824,3.96599],[-76.63499,4.00543],[-76.62975,4.00894],[-76.62408,4.00893],[-76.60749,4.00191],[-76.59963,4.00015],[-76.5957,3.99664],[-76.59265,3.98787],[-76.59382,3.97278],[-76.59113,3.96979],[-76.56907,3.98829],[-76.55291,4.00538],[-76.53854,4.01593],[-76.53796,4.01878],[-76.54236,4.02479],[-76.54105,4.03094],[-76.54153,4.04373],[-76.53736,4.0451],[-76.53639,4.05257],[-76.53202,4.05848],[-76.52533,4.06193],[-76.52442,4.06728],[-76.51505,4.06693],[-76.5097,4.06334],[-76.5047,4.06383],[-76.50167,4.06257],[-76.49892,4.06383],[-76.49442,4.06954],[-76.49019,4.08137],[-76.48441,4.08957],[-76.47984,4.09351],[-76.4773,4.09929],[-76.47265,4.10358],[-76.46699,4.12228],[-76.45692,4.14031],[-76.45298,4.14492],[-76.44488,4.17569],[-76.44438,4.1906],[-76.44671,4.20452],[-76.45136,4.20973],[-76.45129,4.21572],[-76.4541,4.21971],[-76.45368,4.22492],[-76.45501,4.22946],[-76.458,4.23146],[-76.46543,4.23269],[-76.46849,4.23184],[-76.47391,4.23424],[-76.49592,4.24578],[-76.50408,4.25211],[-76.51037,4.27075],[-76.52224,4.28417],[-76.52445,4.31435],[-76.5326,4.32814],[-76.54113,4.33336],[-76.54558,4.34081],[-76.54807,4.34925],[-76.55108,4.36479],[-76.54923,4.38898],[-76.55024,4.39296],[-76.55388,4.39538],[-76.55473,4.39888],[-76.55239,4.40111],[-76.54684,4.40187],[-76.54636,4.39812],[-76.53873,4.39644],[-76.5369,4.39726],[-76.53545,4.40075],[-76.52507,4.40438],[-76.51587,4.40307],[-76.51313,4.40402],[-76.50669,4.41031],[-76.50369,4.41035],[-76.50034,4.41333],[-76.49867,4.41247],[-76.49636,4.41412],[-76.49234,4.413],[-76.48052,4.4147],[-76.47368,4.42313],[-76.4534,4.43327],[-76.44758,4.44066],[-76.43381,4.44172],[-76.43303,4.44619],[-76.4308,4.44823],[-76.42586,4.44677],[-76.41772,4.44725],[-76.41723,4.45532],[-76.41122,4.45639],[-76.40947,4.45823],[-76.40947,4.46621],[-76.40112,4.47409],[-76.39298,4.47328],[-76.38664,4.48122],[-76.38625,4.488],[-76.38348,4.49255],[-76.38023,4.49318],[-76.37128,4.48964],[-76.36715,4.48942],[-76.36422,4.49131],[-76.36575,4.49671],[-76.36874,4.49803],[-76.38496,4.52065],[-76.3918,4.52545],[-76.39671,4.53332],[-76.39686,4.53863],[-76.38801,4.54462],[-76.3822,4.55796],[-76.37878,4.55933],[-76.36378,4.55794],[-76.34604,4.55964],[-76.34433,4.56169],[-76.34432,4.57606],[-76.34022,4.58256],[-76.33305,4.58701],[-76.32724,4.59932],[-76.31836,4.60787],[-76.31903,4.62088],[-76.318,4.62396],[-76.31322,4.62909],[-76.30023,4.65372],[-76.30124,4.66946],[-76.29644,4.68726],[-76.29643,4.69684],[-76.29114,4.70253],[-76.28789,4.71225],[-76.29068,4.72329],[-76.30211,4.73559],[-76.30593,4.74409],[-76.30592,4.75401],[-76.30455,4.7588],[-76.29909,4.75948],[-76.28372,4.77007],[-76.27348,4.77451],[-76.2605,4.79093],[-76.2325,4.80801],[-76.22344,4.82002],[-76.21092,4.83024],[-76.19428,4.8286],[-76.18188,4.8326],[-76.17384,4.8322],[-76.1644,4.83534],[-76.1533,4.83563],[-76.13708,4.84188],[-76.13518,4.85236],[-76.13062,4.85587],[-76.13077,4.86247],[-76.12598,4.8749],[-76.12051,4.87677],[-76.1167,4.88111],[-76.11716,4.88609],[-76.11426,4.88983],[-76.10713,4.9136],[-76.09752,4.92166],[-76.09397,4.94105],[-76.09054,4.94709],[-76.09151,4.98359],[-76.09785,4.99541],[-76.09833,5.0003],[-76.09426,5.01101],[-76.09688,5.03047],[-76.09631,5.03453],[-76.09362,5.04279],[-76.08573,5.04836],[-76.07993,5.04951],[-76.07737,5.05207],[-76.07411,5.05974],[-76.0741,5.0702],[-76.06968,5.07833],[-76.07012,5.09554],[-76.06871,5.10391],[-76.06382,5.11669],[-76.06102,5.13017],[-76.06703,5.13762],[-76.07863,5.14113],[-76.08465,5.14509],[-76.09878,5.15883],[-76.11634,5.16939],[-76.12918,5.18],[-76.1365,5.19935],[-76.1438,5.23112],[-76.15756,5.24219],[-76.16444,5.25325],[-76.17082,5.28549],[-76.18175,5.29295],[-76.1914,5.30518],[-76.19286,5.31226],[-76.1977,5.31765],[-76.19687,5.32127],[-76.19914,5.32342],[-76.19795,5.32938],[-76.2028,5.33104],[-76.20116,5.33668],[-76.20313,5.34072],[-76.2027,5.34283],[-76.20519,5.34588],[-76.20743,5.34487],[-76.21154,5.34731],[-76.20655,5.34906],[-76.20274,5.35256],[-76.20461,5.35743],[-76.20146,5.36045],[-76.20122,5.36266],[-76.20461,5.36492],[-76.20416,5.36711],[-76.19828,5.37011],[-76.19757,5.3721],[-76.19953,5.37604],[-76.19697,5.37933],[-76.1958,5.39265],[-76.19011,5.39925],[-76.18874,5.40588],[-76.18354,5.41115],[-76.16953,5.41423],[-76.14018,5.4161],[-76.1316,5.42219],[-76.12131,5.42084],[-76.1131,5.43114],[-76.1087,5.44354],[-76.10412,5.45098],[-76.09726,5.45116],[-76.09003,5.44523],[-76.08698,5.44542],[-76.07969,5.47328],[-76.07696,5.50841],[-76.07902,5.53152],[-76.07844,5.53744],[-76.0748,5.5466],[-76.0666,5.55193],[-76.05783,5.5523],[-76.0504,5.55515],[-76.04104,5.56373],[-76.03685,5.56506],[-76.01417,5.56406],[-76.00913,5.56804],[-76.00655,5.57579],[-76.00663,5.58076],[-76.00765,5.58663],[-76.01218,5.59236],[-76.01124,5.59447],[-76.00261,5.60079],[-76.00742,5.61254],[-76.00478,5.61798],[-76.00515,5.62192],[-76.01011,5.62592],[-76.01146,5.63056],[-76.02208,5.6357],[-76.02591,5.64275],[-76.03571,5.65152],[-76.04355,5.65367],[-76.05394,5.66147],[-76.06653,5.66713],[-76.06643,5.6722],[-76.07163,5.67488],[-76.07558,5.68016],[-76.08186,5.68305],[-76.08695,5.68864],[-76.08442,5.69673],[-76.07994,5.7043],[-76.07933,5.71028],[-76.07036,5.72105],[-76.06935,5.72485],[-76.07094,5.74353],[-76.06897,5.75053],[-76.06616,5.75399],[-76.06727,5.75805],[-76.08111,5.76702],[-76.08067,5.76894],[-76.07571,5.77279],[-76.07125,5.78064],[-76.08445,5.79092],[-76.09093,5.80048],[-76.09702,5.81541],[-76.09909,5.82558],[-76.09921,5.84215],[-76.09847,5.85069],[-76.08558,5.87462],[-76.07863,5.91085],[-76.07015,5.93168],[-76.06809,5.94498],[-76.07058,5.95534],[-76.06666,5.978],[-76.07063,5.98079],[-76.0715,5.98469],[-76.08027,5.98903],[-76.08585,5.98742],[-76.0879,5.99077],[-76.08889,5.99999],[-76.09261,6.00265],[-76.09767,6.01007],[-76.0982,6.01492],[-76.10225,6.01468],[-76.10485,6.0184],[-76.10888,6.01822],[-76.11173,6.02088],[-76.12243,6.01964],[-76.12392,6.01772],[-76.12441,6.01208],[-76.12888,6.00699],[-76.13185,5.9998],[-76.14084,5.99943],[-76.14432,5.99769],[-76.14963,5.99997],[-76.15511,6.00451],[-76.1592,6.00358],[-76.16534,6.00704],[-76.16825,6.01392],[-76.17265,6.01739],[-76.17017,6.02675],[-76.1724,6.0301],[-76.17255,6.03778],[-76.17474,6.04358],[-76.18245,6.04752],[-76.1873,6.05427],[-76.18855,6.05953],[-76.19183,6.06348],[-76.19696,6.08018],[-76.19756,6.09788],[-76.19623,6.10444],[-76.20187,6.12078],[-76.20331,6.13376],[-76.20068,6.1412],[-76.20579,6.14735],[-76.20057,6.15708],[-76.20095,6.16056],[-76.20341,6.16333],[-76.21252,6.1676],[-76.22467,6.18903],[-76.22559,6.19469],[-76.23925,6.20973],[-76.24825,6.20406],[-76.25471,6.20443],[-76.25972,6.20901],[-76.26155,6.20916],[-76.27375,6.20041],[-76.2765,6.19654],[-76.28388,6.19333],[-76.28623,6.19375],[-76.29467,6.20038],[-76.30973,6.19979],[-76.31734,6.20198],[-76.32641,6.20259],[-76.33279,6.19616],[-76.33881,6.19715],[-76.35126,6.19615],[-76.36099,6.19318],[-76.37757,6.19528],[-76.40517,6.18559],[-76.40852,6.18015],[-76.40914,6.17238],[-76.41501,6.167],[-76.41987,6.16573],[-76.43094,6.16658],[-76.43794,6.16956],[-76.44926,6.16858],[-76.46318,6.17541],[-76.46868,6.17657],[-76.47516,6.17197],[-76.47645,6.16159],[-76.48247,6.16205],[-76.48854,6.16844],[-76.49774,6.17375],[-76.5082,6.1739],[-76.51941,6.17998],[-76.52644,6.17764],[-76.5328,6.17757],[-76.53555,6.17894],[-76.54965,6.17821],[-76.55992,6.18019],[-76.57112,6.18649],[-76.58015,6.18723],[-76.58258,6.18914],[-76.58163,6.19233],[-76.58351,6.19345],[-76.58841,6.18821],[-76.59084,6.18925],[-76.59776,6.18695],[-76.59907,6.19066],[-76.6015,6.19234],[-76.61977,6.1854],[-76.62522,6.1826],[-76.63077,6.17494],[-76.63966,6.17466],[-76.64401,6.16821],[-76.65529,6.17317],[-76.66348,6.17065],[-76.66668,6.17172],[-76.66867,6.16963],[-76.67226,6.17417],[-76.67333,6.17051],[-76.67746,6.17323],[-76.6842,6.17126],[-76.68108,6.16897],[-76.68379,6.16681],[-76.68491,6.16266],[-76.68721,6.16149],[-76.6892,6.1623],[-76.68962,6.16596],[-76.69435,6.16314],[-76.70431,6.16915],[-76.71803,6.17224],[-76.72046,6.18126],[-76.71531,6.18864],[-76.71451,6.19236],[-76.72065,6.19758],[-76.72192,6.20129],[-76.71819,6.21809],[-76.72471,6.22157],[-76.72736,6.22534],[-76.72398,6.23652],[-76.72538,6.23759],[-76.73321,6.23732],[-76.74431,6.24297],[-76.75166,6.24739],[-76.75736,6.25372],[-76.75893,6.26084],[-76.75532,6.26787],[-76.74951,6.27438],[-76.74932,6.27919],[-76.75261,6.28339],[-76.75553,6.28464],[-76.77222,6.28434],[-76.77718,6.2853],[-76.78096,6.28819],[-76.78377,6.29216],[-76.78499,6.297],[-76.78241,6.30851],[-76.78905,6.31826],[-76.78996,6.32179],[-76.78938,6.32467],[-76.78705,6.32663],[-76.77814,6.32899],[-76.77927,6.3334],[-76.78998,6.33932],[-76.79049,6.34381],[-76.78872,6.35017],[-76.78381,6.35496],[-76.7748,6.3582],[-76.77185,6.36238],[-76.77252,6.36713],[-76.7748,6.3697],[-76.78556,6.3734],[-76.78605,6.3791],[-76.78442,6.38141],[-76.78213,6.38194],[-76.77174,6.38003],[-76.7683,6.38099],[-76.76626,6.38371],[-76.76552,6.38968],[-76.76639,6.39291],[-76.76968,6.39604],[-76.79328,6.4102],[-76.79549,6.41626],[-76.79523,6.42123],[-76.78853,6.425],[-76.77414,6.42121],[-76.76697,6.42249],[-76.76398,6.42703],[-76.76258,6.43335],[-76.76415,6.43784],[-76.76986,6.43966],[-76.77292,6.43905],[-76.78168,6.43304],[-76.79098,6.43377],[-76.79518,6.438],[-76.7952,6.44479],[-76.79253,6.45203],[-76.78421,6.45826],[-76.78118,6.47514],[-76.77902,6.47599],[-76.77659,6.47439],[-76.7751,6.46608],[-76.77065,6.46481],[-76.76863,6.46591],[-76.76677,6.47019],[-76.76719,6.47772],[-76.77841,6.48985],[-76.7916,6.4956],[-76.79914,6.50723],[-76.80276,6.50699],[-76.8054,6.505],[-76.81599,6.48715],[-76.82006,6.48742],[-76.82359,6.51026],[-76.81962,6.52011],[-76.81988,6.52449],[-76.82149,6.52604],[-76.82561,6.52576],[-76.83599,6.51935],[-76.83922,6.51966],[-76.84166,6.52189],[-76.84627,6.53314],[-76.84813,6.54761],[-76.85263,6.56108],[-76.86144,6.5695],[-76.86548,6.57105],[-76.87657,6.56652],[-76.88261,6.56025],[-76.88696,6.56155],[-76.89286,6.56757],[-76.898,6.57752],[-76.89943,6.58472],[-76.89722,6.59316],[-76.89023,6.60498],[-76.88642,6.60839],[-76.88201,6.60985],[-76.86798,6.60861],[-76.86385,6.60953],[-76.85942,6.61548],[-76.85856,6.61923],[-76.85966,6.62312],[-76.86204,6.62547],[-76.87039,6.62958],[-76.87865,6.6299],[-76.89799,6.62516],[-76.90424,6.62617],[-76.90992,6.63024],[-76.91231,6.63913],[-76.91116,6.64336],[-76.9004,6.65396],[-76.89684,6.65947],[-76.89699,6.66517],[-76.89989,6.67026],[-76.9039,6.67192],[-76.90715,6.67138],[-76.9128,6.66698],[-76.91671,6.6617],[-76.91954,6.6514],[-76.92245,6.64948],[-76.92814,6.64925],[-76.93394,6.65121],[-76.93677,6.65498],[-76.93983,6.68471],[-76.94172,6.68435],[-76.94611,6.67806],[-76.95113,6.67442],[-76.95651,6.67451],[-76.96085,6.67668],[-76.96388,6.68164],[-76.96281,6.68704],[-76.95916,6.68961],[-76.95208,6.69074],[-76.94732,6.6958],[-76.94186,6.7062],[-76.93574,6.70829],[-76.93333,6.71125],[-76.93723,6.72033],[-76.94018,6.72287],[-76.94588,6.72442],[-76.95406,6.72292],[-76.95836,6.72533],[-76.96187,6.73499],[-76.96646,6.74114],[-76.96669,6.74722],[-76.96251,6.76052],[-76.96432,6.78041],[-76.9581,6.7928],[-76.95958,6.79486],[-76.9677,6.79497],[-76.97161,6.79728],[-76.9731,6.80607],[-76.97096,6.81213],[-76.96885,6.81378],[-76.95703,6.81616],[-76.93179,6.81368],[-76.92551,6.83191],[-76.91886,6.84385],[-76.91569,6.84583],[-76.91565,6.84195],[-76.91261,6.84309],[-76.90279,6.83627],[-76.90047,6.83695],[-76.90089,6.83458],[-76.8985,6.83381],[-76.89076,6.83817],[-76.88604,6.84623],[-76.88079,6.84859],[-76.87788,6.8518],[-76.87435,6.85066],[-76.86745,6.84451],[-76.86235,6.8442],[-76.85979,6.84686],[-76.85406,6.84543],[-76.85186,6.84298],[-76.84972,6.83553],[-76.84721,6.83286],[-76.83772,6.83247],[-76.82762,6.83764],[-76.81904,6.83501],[-76.81753,6.83799],[-76.81865,6.84547],[-76.82402,6.85065],[-76.83126,6.85393],[-76.83062,6.85792],[-76.82798,6.85952],[-76.81388,6.85894],[-76.80538,6.86246],[-76.79793,6.86139],[-76.79113,6.86776],[-76.79098,6.87107],[-76.79477,6.87426],[-76.79424,6.87565],[-76.78984,6.87592],[-76.78749,6.87945],[-76.78774,6.89034],[-76.79186,6.89386],[-76.79224,6.89939],[-76.79643,6.90517],[-76.7992,6.92487],[-76.79649,6.93423],[-76.79934,6.94021],[-76.80033,6.94886],[-76.80592,6.9483],[-76.80802,6.94983],[-76.80941,6.95192],[-76.81059,6.96157],[-76.81318,6.96352],[-76.81822,6.96336],[-76.82479,6.95521],[-76.82855,6.95529],[-76.82883,6.95812],[-76.82217,6.96538],[-76.8189,6.97543],[-76.82015,6.97689],[-76.82375,6.9767],[-76.82961,6.97225],[-76.83058,6.97369],[-76.82837,6.97975],[-76.83225,6.98921],[-76.83812,6.98709],[-76.84267,6.98806],[-76.83464,6.99927],[-76.82478,7.00546],[-76.70666,7.02492],[-76.6963,7.02289],[-76.68363,7.02304],[-76.6761,7.02793],[-76.67086,7.02281],[-76.65552,7.01695],[-76.65073,7.01001],[-76.64515,7.00835],[-76.6405,7.01291],[-76.636,7.0145],[-76.61528,7.01599],[-76.60948,7.01242],[-76.60368,7.00049],[-76.5966,7.01142],[-76.59373,7.01212],[-76.59033,7.00842],[-76.58887,6.99886],[-76.58505,6.99247],[-76.58388,6.98299],[-76.57673,6.97885],[-76.57193,6.97833],[-76.56435,6.98754],[-76.55872,6.99057],[-76.54744,7.0027],[-76.54654,7.0077],[-76.54797,7.01564],[-76.54411,7.02135],[-76.54228,7.02932],[-76.54348,7.04159],[-76.54105,7.04725],[-76.54333,7.05365],[-76.53922,7.05514],[-76.53696,7.0589],[-76.54134,7.06406],[-76.53637,7.07371],[-76.53042,7.0815],[-76.5305,7.09498],[-76.52945,7.09739],[-76.52093,7.09858],[-76.52002,7.10044],[-76.52219,7.10654],[-76.51603,7.11087],[-76.51057,7.12124],[-76.50814,7.13874],[-76.49835,7.13668],[-76.49359,7.12822],[-76.48739,7.12852],[-76.48291,7.13327],[-76.4913,7.14456],[-76.50286,7.14932],[-76.50545,7.1545],[-76.50544,7.16071],[-76.50336,7.16433],[-76.50414,7.16796],[-76.50128,7.17106],[-76.50724,7.17391],[-76.50879,7.17728],[-76.50488,7.19616],[-76.50824,7.2016],[-76.51342,7.20523],[-76.51367,7.21247],[-76.51703,7.21506],[-76.51624,7.22334],[-76.52116,7.22982],[-76.52484,7.24294],[-76.53275,7.25802],[-76.53496,7.25799],[-76.53585,7.25639],[-76.54492,7.25891],[-76.56316,7.27449],[-76.56681,7.2816],[-76.56892,7.29037],[-76.57363,7.29809],[-76.57701,7.30097],[-76.57961,7.30138],[-76.58256,7.29899],[-76.58555,7.29866],[-76.60529,7.30966],[-76.6034,7.31441],[-76.61052,7.31188],[-76.61525,7.31635],[-76.61925,7.31706],[-76.62402,7.32352],[-76.62678,7.32364],[-76.63226,7.32056],[-76.63782,7.32106],[-76.64143,7.32335],[-76.64308,7.32742],[-76.695,7.3624],[-76.71713,7.36761],[-76.72926,7.38586],[-76.78006,7.44995],[-76.8026,7.47614],[-76.81948,7.50365],[-76.82738,7.50647],[-76.82566,7.51403],[-76.82943,7.5213],[-76.87184,7.54905],[-76.94367,7.61322],[-76.9519,7.61472],[-76.95943,7.61969],[-76.97358,7.62427],[-76.98717,7.6318],[-76.9896,7.63578],[-76.99136,7.64371],[-76.99659,7.65262],[-77.01619,7.66813],[-77.02532,7.67723],[-77.0302,7.68954],[-77.03534,7.69788],[-77.03894,7.70218],[-77.05458,7.71338],[-77.06269,7.73189],[-77.07464,7.75154],[-77.11343,7.77926],[-77.11491,7.78371],[-77.12054,7.78593],[-77.12289,7.7885],[-77.12709,7.82551],[-77.12633,7.83084],[-77.12273,7.83287],[-77.11744,7.83177],[-77.10294,7.82364],[-77.09505,7.82437],[-77.09139,7.8271],[-77.08042,7.84528],[-77.07611,7.84774],[-77.06289,7.84904],[-77.05799,7.85189],[-77.04941,7.86423],[-77.0311,7.8802],[-77.02779,7.88652],[-77.02333,7.9054],[-77.01474,7.92431],[-77.01309,7.93132],[-77.01371,7.93901],[-77.02029,7.94498],[-77.02138,7.94958],[-77.01914,7.95085],[-77.00721,7.95146],[-77.00382,7.95302],[-77.00034,7.95719],[-77.00022,7.96098],[-77.00479,7.96947],[-77.00616,7.97751],[-77.00537,7.98742],[-76.99434,8.02358],[-76.98805,8.0309],[-76.97068,8.03198],[-76.96442,8.03409],[-76.9546,8.04193],[-76.94791,8.06693],[-76.95813,8.07808],[-76.96421,8.07447],[-76.96585,8.07805],[-76.96481,8.08532],[-76.96713,8.09073],[-76.96673,8.0949],[-76.97966,8.09921],[-76.98628,8.10566],[-76.98247,8.12053],[-76.98099,8.12479],[-76.9787,8.12672],[-76.97722,8.13236],[-76.96819,8.13275],[-76.96489,8.12712],[-76.96461,8.12208],[-76.96067,8.11693],[-76.9575,8.11692],[-76.95537,8.12002],[-76.95436,8.14485],[-76.95008,8.17061],[-76.95425,8.17921],[-76.96665,8.19296],[-76.97854,8.23013],[-76.97825,8.24843],[-76.98,8.2548]]],[[[-77.69424,7.03862],[-77.69139,7.03657],[-77.68624,7.03699],[-77.70281,7.05003],[-77.70804,7.06288],[-77.70957,7.06004],[-77.71112,7.06003],[-77.70959,7.06261],[-77.71449,7.06284],[-77.71579,7.06592],[-77.71889,7.06694],[-77.72046,7.07028],[-77.72252,7.06948],[-77.72227,7.07155],[-77.72511,7.07141],[-77.73133,7.07716],[-77.73287,7.07664],[-77.7334,7.07844],[-77.73727,7.07945],[-77.73677,7.08125],[-77.73831,7.081],[-77.7378,7.08202],[-77.74298,7.08559],[-77.74377,7.08791],[-77.74427,7.08662],[-77.7448,7.0879],[-77.7466,7.08686],[-77.71991,7.06513],[-77.69424,7.03862]]]]}},{"type":"Feature","properties":{"shapeName":"Valle del Cauca","shapeISO":"CO-VAC","shapeID":"13589884B83777567082486","shapeGroup":"COL","shapeType":"ADM1"},"geometry":{"type":"Polygon","coordinates":[[[-75.75321,4.07702],[-75.75508,4.07561],[-75.77981,4.07414],[-75.78097,4.07538],[-75.78159,4.08483],[-75.78344,4.08807],[-75.79358,4.08771],[-75.79976,4.09161],[-75.82687,4.09954],[-75.83707,4.09852],[-75.83984,4.10175],[-75.83673,4.10625],[-75.83546,4.1111],[-75.83578,4.11386],[-75.84227,4.12524],[-75.84141,4.1329],[-75.84315,4.15246],[-75.83716,4.1613],[-75.83424,4.17192],[-75.82817,4.18072],[-75.82332,4.19314],[-75.82171,4.20406],[-75.82482,4.21383],[-75.82385,4.226],[-75.81924,4.23281],[-75.81567,4.24165],[-75.81175,4.24492],[-75.8083,4.25615],[-75.79842,4.26492],[-75.7963,4.26893],[-75.79743,4.27781],[-75.7933,4.28394],[-75.79411,4.28594],[-75.79269,4.2893],[-75.78722,4.29337],[-75.79367,4.30412],[-75.79443,4.30983],[-75.79679,4.31392],[-75.79139,4.34885],[-75.78925,4.35101],[-75.78913,4.35385],[-75.7959,4.35951],[-75.79935,4.36529],[-75.80427,4.36848],[-75.80342,4.37415],[-75.80528,4.38142],[-75.80063,4.38858],[-75.80113,4.39153],[-75.80334,4.39288],[-75.80339,4.39553],[-75.80888,4.39838],[-75.81193,4.40256],[-75.81452,4.40333],[-75.81865,4.4017],[-75.82018,4.40556],[-75.83199,4.40558],[-75.83478,4.40192],[-75.84294,4.40261],[-75.84639,4.40705],[-75.8535,4.40735],[-75.85147,4.41082],[-75.85814,4.41593],[-75.86156,4.41131],[-75.86684,4.41046],[-75.87788,4.41018],[-75.87951,4.41154],[-75.887,4.41174],[-75.89372,4.41455],[-75.89544,4.41677],[-75.89313,4.42014],[-75.89562,4.42583],[-75.8935,4.42814],[-75.8913,4.4264],[-75.88899,4.42726],[-75.88792,4.43805],[-75.88369,4.44142],[-75.88388,4.44296],[-75.88695,4.4448],[-75.88637,4.4474],[-75.87571,4.44902],[-75.87205,4.45171],[-75.86648,4.45257],[-75.86504,4.4543],[-75.8755,4.45789],[-75.88029,4.46474],[-75.88019,4.46927],[-75.87432,4.47147],[-75.87346,4.4735],[-75.87402,4.48005],[-75.87949,4.48507],[-75.879,4.48709],[-75.87612,4.48834],[-75.87263,4.5],[-75.87045,4.51895],[-75.87157,4.52357],[-75.87941,4.52695],[-75.88128,4.53133],[-75.88115,4.53532],[-75.87918,4.5388],[-75.87213,4.54381],[-75.87067,4.54646],[-75.87556,4.55125],[-75.87555,4.5563],[-75.86989,4.5586],[-75.86828,4.56337],[-75.86634,4.56343],[-75.86533,4.57037],[-75.86612,4.57277],[-75.87231,4.57877],[-75.87233,4.58248],[-75.86913,4.58836],[-75.86065,4.59349],[-75.85985,4.59628],[-75.8613,4.60106],[-75.86606,4.60798],[-75.86433,4.61529],[-75.86048,4.61701],[-75.85319,4.62364],[-75.85053,4.62829],[-75.84879,4.63759],[-75.84455,4.6409],[-75.83527,4.64487],[-75.82877,4.65217],[-75.82694,4.65453],[-75.82564,4.66345],[-75.82261,4.66402],[-75.82025,4.66136],[-75.81744,4.66172],[-75.81375,4.65889],[-75.80915,4.65878],[-75.80732,4.65624],[-75.80665,4.6577],[-75.80168,4.65955],[-75.79765,4.65984],[-75.79586,4.65841],[-75.79392,4.66003],[-75.7891,4.66006],[-75.78385,4.65893],[-75.78227,4.65693],[-75.78227,4.65272],[-75.78023,4.65385],[-75.77927,4.65284],[-75.77846,4.65456],[-75.77391,4.65347],[-75.77381,4.65481],[-75.76808,4.65225],[-75.76267,4.65346],[-75.76212,4.65172],[-75.76074,4.65286],[-75.758,4.65077],[-75.73875,4.65505],[-75.72528,4.65199],[-75.72302,4.65362],[-75.7161,4.65219],[-75.70569,4.65473],[-75.70487,4.65604],[-75.70783,4.67765],[-75.71427,4.71297],[-75.7203,4.7125],[-75.72078,4.7105],[-75.72229,4.71184],[-75.72506,4.71111],[-75.72744,4.70881],[-75.72882,4.70972],[-75.7299,4.70767],[-75.73098,4.7106],[-75.73147,4.70787],[-75.73348,4.70983],[-75.73441,4.70766],[-75.73516,4.7103],[-75.7389,4.70944],[-75.7391,4.71079],[-75.7418,4.71165],[-75.7438,4.71043],[-75.74508,4.71189],[-75.74706,4.71141],[-75.74679,4.71295],[-75.74987,4.71142],[-75.75091,4.71244],[-75.75257,4.70997],[-75.75408,4.71154],[-75.75433,4.70996],[-75.75806,4.7104],[-75.75816,4.71213],[-75.7611,4.71122],[-75.76403,4.71568],[-75.77049,4.71411],[-75.77284,4.71709],[-75.77138,4.71891],[-75.77279,4.71797],[-75.77346,4.72002],[-75.77451,4.71867],[-75.77517,4.72149],[-75.77677,4.72073],[-75.77668,4.72202],[-75.7789,4.72113],[-75.77954,4.72211],[-75.77969,4.72016],[-75.78279,4.71918],[-75.78534,4.72248],[-75.78605,4.71854],[-75.78752,4.71916],[-75.78959,4.71685],[-75.79029,4.71833],[-75.79047,4.71682],[-75.79184,4.71682],[-75.79157,4.71843],[-75.79441,4.71965],[-75.79596,4.71853],[-75.79675,4.72066],[-75.80042,4.72091],[-75.79902,4.72365],[-75.80172,4.72314],[-75.80238,4.72501],[-75.80082,4.7257],[-75.80284,4.72859],[-75.80637,4.72822],[-75.80679,4.72692],[-75.80845,4.7277],[-75.80828,4.72963],[-75.81172,4.72759],[-75.8113,4.73012],[-75.81515,4.73008],[-75.81914,4.7322],[-75.81909,4.73353],[-75.82071,4.73225],[-75.82129,4.73372],[-75.82334,4.73303],[-75.83143,4.73718],[-75.84151,4.72825],[-75.84334,4.72885],[-75.84425,4.72757],[-75.84685,4.73126],[-75.85074,4.7316],[-75.85647,4.7275],[-75.85554,4.7313],[-75.84908,4.73777],[-75.84649,4.74809],[-75.84678,4.75636],[-75.84463,4.75998],[-75.84535,4.76608],[-75.84724,4.76894],[-75.84671,4.77248],[-75.84828,4.77397],[-75.84798,4.77632],[-75.85067,4.77878],[-75.85705,4.77826],[-75.86324,4.77423],[-75.86982,4.77508],[-75.87836,4.76871],[-75.87889,4.76316],[-75.88895,4.75471],[-75.89801,4.75868],[-75.90739,4.75187],[-75.91695,4.75677],[-75.91322,4.7611],[-75.91509,4.76356],[-75.92034,4.76003],[-75.92209,4.75954],[-75.92381,4.76098],[-75.92449,4.76265],[-75.91988,4.76785],[-75.92046,4.76937],[-75.92506,4.77005],[-75.92605,4.76724],[-75.92841,4.76641],[-75.92948,4.76956],[-75.92739,4.77411],[-75.92845,4.77992],[-75.9219,4.77749],[-75.92194,4.78068],[-75.92887,4.78413],[-75.92735,4.78838],[-75.92118,4.7885],[-75.91882,4.78994],[-75.91771,4.79423],[-75.92152,4.79756],[-75.92274,4.80208],[-75.92742,4.79992],[-75.9307,4.79999],[-75.93203,4.80314],[-75.93142,4.80607],[-75.9362,4.80698],[-75.93437,4.8102],[-75.92677,4.81209],[-75.92071,4.81699],[-75.91816,4.81634],[-75.9175,4.81363],[-75.9121,4.81452],[-75.91042,4.81736],[-75.91066,4.82639],[-75.90254,4.83683],[-75.90664,4.84613],[-75.90625,4.84859],[-75.90174,4.84922],[-75.90083,4.85426],[-75.91227,4.86112],[-75.91482,4.87454],[-75.92094,4.86905],[-75.92484,4.86738],[-75.92818,4.8632],[-75.94488,4.85654],[-75.95562,4.86402],[-75.97102,4.85909],[-75.9888,4.87335],[-75.99046,4.88144],[-75.98736,4.90292],[-75.98818,4.91157],[-75.99152,4.91186],[-76.00193,4.92095],[-76.01192,4.92622],[-76.01335,4.93036],[-76.02101,4.93641],[-76.02706,4.93788],[-76.03161,4.9539],[-76.03432,4.95708],[-76.03455,4.96584],[-76.03898,4.97255],[-76.04334,4.98407],[-76.04642,4.98699],[-76.04503,4.99366],[-76.04931,5.0004],[-76.04966,5.00798],[-76.054,5.00973],[-76.05786,5.01385],[-76.06387,5.01484],[-76.06613,5.01654],[-76.06839,5.02438],[-76.078,5.03587],[-76.07898,5.035],[-76.0919,5.03687],[-76.09631,5.03453],[-76.09688,5.03047],[-76.09426,5.01101],[-76.09833,5.0003],[-76.09785,4.99541],[-76.09151,4.98359],[-76.09054,4.94709],[-76.09397,4.94105],[-76.09752,4.92166],[-76.10713,4.9136],[-76.11426,4.88983],[-76.11716,4.88609],[-76.1167,4.88111],[-76.12051,4.87677],[-76.12598,4.8749],[-76.13077,4.86247],[-76.13062,4.85587],[-76.13518,4.85236],[-76.13708,4.84188],[-76.1533,4.83563],[-76.1644,4.83534],[-76.17384,4.8322],[-76.18188,4.8326],[-76.19428,4.8286],[-76.21092,4.83024],[-76.22344,4.82002],[-76.2325,4.80801],[-76.2605,4.79093],[-76.27348,4.77451],[-76.28372,4.77007],[-76.29909,4.75948],[-76.30455,4.7588],[-76.30592,4.75401],[-76.30593,4.74409],[-76.30211,4.73559],[-76.29068,4.72329],[-76.28789,4.71225],[-76.29114,4.70253],[-76.29643,4.69684],[-76.29644,4.68726],[-76.30124,4.66946],[-76.30023,4.65372],[-76.31322,4.62909],[-76.318,4.62396],[-76.31903,4.62088],[-76.31836,4.60787],[-76.32724,4.59932],[-76.33305,4.58701],[-76.34022,4.58256],[-76.34432,4.57606],[-76.34433,4.56169],[-76.34604,4.55964],[-76.36378,4.55794],[-76.37878,4.55933],[-76.3822,4.55796],[-76.38801,4.54462],[-76.39686,4.53863],[-76.39671,4.53332],[-76.3918,4.52545],[-76.38496,4.52065],[-76.36874,4.49803],[-76.36575,4.49671],[-76.36422,4.49131],[-76.36715,4.48942],[-76.37128,4.48964],[-76.38023,4.49318],[-76.38348,4.49255],[-76.38625,4.488],[-76.38664,4.48122],[-76.39298,4.47328],[-76.40112,4.47409],[-76.40947,4.46621],[-76.40947,4.45823],[-76.41122,4.45639],[-76.41723,4.45532],[-76.41772,4.44725],[-76.42586,4.44677],[-76.4308,4.44823],[-76.43303,4.44619],[-76.43381,4.44172],[-76.44758,4.44066],[-76.4534,4.43327],[-76.47368,4.42313],[-76.48052,4.4147],[-76.49234,4.413],[-76.49636,4.41412],[-76.49867,4.41247],[-76.50034,4.41333],[-76.50369,4.41035],[-76.50669,4.41031],[-76.51313,4.40402],[-76.51587,4.40307],[-76.52507,4.40438],[-76.53545,4.40075],[-76.5369,4.39726],[-76.53873,4.39644],[-76.54636,4.39812],[-76.54684,4.40187],[-76.55239,4.40111],[-76.55473,4.39888],[-76.55388,4.39538],[-76.55024,4.39296],[-76.54923,4.38898],[-76.55108,4.36479],[-76.54807,4.34925],[-76.54558,4.34081],[-76.54113,4.33336],[-76.5326,4.32814],[-76.52445,4.31435],[-76.52224,4.28417],[-76.51037,4.27075],[-76.50408,4.25211],[-76.49592,4.24578],[-76.47391,4.23424],[-76.46849,4.23184],[-76.46543,4.23269],[-76.458,4.23146],[-76.45501,4.22946],[-76.45368,4.22492],[-76.4541,4.21971],[-76.45129,4.21572],[-76.45136,4.20973],[-76.44671,4.20452],[-76.44438,4.1906],[-76.44488,4.17569],[-76.45298,4.14492],[-76.45692,4.14031],[-76.46699,4.12228],[-76.47265,4.10358],[-76.4773,4.09929],[-76.47984,4.09351],[-76.48441,4.08957],[-76.49019,4.08137],[-76.49442,4.06954],[-76.49892,4.06383],[-76.50167,4.06257],[-76.5047,4.06383],[-76.5097,4.06334],[-76.51505,4.06693],[-76.52442,4.06728],[-76.52533,4.06193],[-76.53202,4.05848],[-76.53639,4.05257],[-76.53736,4.0451],[-76.54153,4.04373],[-76.54105,4.03094],[-76.54236,4.02479],[-76.53796,4.01878],[-76.53854,4.01593],[-76.55291,4.00538],[-76.56907,3.98829],[-76.59113,3.96979],[-76.59382,3.97278],[-76.59265,3.98787],[-76.5957,3.99664],[-76.59963,4.00015],[-76.60749,4.00191],[-76.62408,4.00893],[-76.62975,4.00894],[-76.63499,4.00543],[-76.67824,3.96599],[-76.68523,3.96468],[-76.69396,3.966],[-76.71666,3.97565],[-76.74067,3.98926],[-76.74589,3.99451],[-76.75139,3.99765],[-76.759,3.99822],[-76.77197,3.99455],[-76.77543,3.99547],[-76.77859,3.99932],[-76.78858,4.00583],[-76.79451,4.00814],[-76.80742,4.00579],[-76.81563,4.00798],[-76.82097,4.01273],[-76.82508,4.0211],[-76.82565,4.02938],[-76.82791,4.03363],[-76.83185,4.03646],[-76.84093,4.03925],[-76.84871,4.03834],[-76.85689,4.03133],[-76.86316,4.03012],[-76.8672,4.03276],[-76.87216,4.03813],[-76.87232,4.04024],[-76.86794,4.04383],[-76.86793,4.04638],[-76.87259,4.05059],[-76.87555,4.06042],[-76.88038,4.06626],[-76.88595,4.06664],[-76.88941,4.06838],[-76.89269,4.07307],[-76.89342,4.07961],[-76.90226,4.09231],[-76.9259,4.10435],[-76.9358,4.10659],[-76.94136,4.11379],[-76.94817,4.11789],[-76.96437,4.121],[-76.97588,4.11982],[-76.98308,4.11728],[-76.99033,4.11872],[-76.99303,4.10906],[-77.00017,4.09981],[-77.01354,4.10096],[-77.01985,4.09751],[-77.03522,4.10055],[-77.0457,4.10006],[-77.05504,4.10171],[-77.06294,4.09949],[-77.06978,4.10028],[-77.08581,4.10893],[-77.09352,4.10168],[-77.10728,4.10245],[-77.10964,4.10369],[-77.112,4.11235],[-77.1214,4.11988],[-77.12519,4.12612],[-77.13077,4.15334],[-77.1364,4.16027],[-77.1408,4.16125],[-77.14809,4.16737],[-77.153,4.17706],[-77.15741,4.18212],[-77.16203,4.18365],[-77.16672,4.18318],[-77.18764,4.17277],[-77.20287,4.17253],[-77.2071,4.17049],[-77.20925,4.16274],[-77.21421,4.15661],[-77.21888,4.15555],[-77.22432,4.15795],[-77.22899,4.16437],[-77.2387,4.17212],[-77.24632,4.18079],[-77.24989,4.18793],[-77.25107,4.19558],[-77.24906,4.22658],[-77.25158,4.23201],[-77.25891,4.23405],[-77.26509,4.23307],[-77.26884,4.23094],[-77.27581,4.22585],[-77.28059,4.22014],[-77.2873,4.20618],[-77.28546,4.19329],[-77.28817,4.18112],[-77.30465,4.16643],[-77.3088,4.16602],[-77.31565,4.16986],[-77.33373,4.1908],[-77.34373,4.19607],[-77.35167,4.19716],[-77.361,4.19351],[-77.37201,4.18449],[-77.37496,4.17993],[-77.37607,4.17327],[-77.37827,4.16936],[-77.39,4.16083],[-77.38798,4.152],[-77.39088,4.14792],[-77.41721,4.14341],[-77.42945,4.14476],[-77.43788,4.14255],[-77.44177,4.13761],[-77.44379,4.12517],[-77.43058,4.10497],[-77.42838,4.09731],[-77.42871,4.09187],[-77.43416,4.07725],[-77.43301,4.07785],[-77.43172,4.07451],[-77.43194,4.06369],[-77.43091,4.06292],[-77.4304,4.06395],[-77.42575,4.05237],[-77.42421,4.05366],[-77.4237,4.05212],[-77.42675,4.04245],[-77.42905,4.0418],[-77.43291,4.04359],[-77.43675,4.04152],[-77.43798,4.03911],[-77.43929,4.02687],[-77.43675,4.01104],[-77.40735,3.99034],[-77.40247,3.98649],[-77.40375,3.98481],[-77.4017,3.98469],[-77.39861,3.98148],[-77.39347,3.97982],[-77.39398,3.9825],[-77.38956,3.98393],[-77.38939,3.98653],[-77.3917,3.98653],[-77.39145,3.98833],[-77.38914,3.98962],[-77.38643,3.98249],[-77.38242,3.9816],[-77.37863,3.97338],[-77.3737,3.97009],[-77.37867,3.96667],[-77.3812,3.96857],[-77.38007,3.97249],[-77.3809,3.97506],[-77.38333,3.974],[-77.38266,3.96594],[-77.37203,3.95157],[-77.36526,3.9335],[-77.36212,3.92863],[-77.35874,3.92668],[-77.35203,3.92901],[-77.35042,3.93091],[-77.35092,3.93206],[-77.35168,3.9305],[-77.35197,3.93283],[-77.3486,3.93085],[-77.34717,3.93332],[-77.3464,3.93255],[-77.34489,3.94261],[-77.34259,3.94649],[-77.33798,3.96527],[-77.33541,3.96891],[-77.33577,3.9715],[-77.33338,3.97614],[-77.33079,3.97539],[-77.32953,3.97251],[-77.32493,3.97308],[-77.32411,3.97651],[-77.32691,3.97858],[-77.32641,3.98097],[-77.32498,3.98093],[-77.32614,3.98306],[-77.32399,3.98209],[-77.32411,3.98443],[-77.32171,3.98704],[-77.3227,3.98846],[-77.32385,3.98749],[-77.32373,3.98904],[-77.32091,3.99008],[-77.31977,3.99523],[-77.32426,3.99598],[-77.3207,4.00708],[-77.31838,4.00528],[-77.31557,4.00684],[-77.31583,4.00993],[-77.32019,4.0107],[-77.31765,4.01662],[-77.31405,4.01509],[-77.3156,4.01791],[-77.31175,4.01844],[-77.31189,4.02385],[-77.31408,4.02488],[-77.31447,4.02668],[-77.31383,4.02926],[-77.30921,4.02824],[-77.30781,4.03005],[-77.30833,4.03391],[-77.31051,4.03467],[-77.30783,4.03777],[-77.30873,4.03983],[-77.30693,4.03881],[-77.30592,4.04371],[-77.30464,4.04422],[-77.30514,4.0401],[-77.30283,4.03959],[-77.29489,4.04528],[-77.29618,4.04554],[-77.29567,4.04683],[-77.29182,4.04658],[-77.29208,4.0489],[-77.29054,4.04813],[-77.28772,4.0502],[-77.28567,4.04995],[-77.28376,4.05304],[-77.28543,4.05511],[-77.28107,4.0546],[-77.28235,4.05665],[-77.28031,4.06001],[-77.28211,4.06232],[-77.27878,4.06156],[-77.27773,4.05795],[-77.27901,4.05486],[-77.27517,4.05564],[-77.27465,4.05436],[-77.27542,4.05487],[-77.27516,4.05255],[-77.27746,4.05073],[-77.28055,4.05305],[-77.28208,4.0497],[-77.28362,4.04969],[-77.28156,4.0484],[-77.28155,4.04532],[-77.27847,4.04403],[-77.27771,4.04868],[-77.27668,4.04662],[-77.27514,4.0465],[-77.2731,4.04895],[-77.27079,4.04896],[-77.26927,4.05669],[-77.26723,4.05953],[-77.26517,4.05954],[-77.26287,4.06263],[-77.26107,4.06084],[-77.25711,4.06471],[-77.257,4.07115],[-77.25519,4.06832],[-77.25391,4.06858],[-77.25111,4.07581],[-77.247,4.07608],[-77.24367,4.07402],[-77.24263,4.07197],[-77.24339,4.0681],[-77.24211,4.0681],[-77.24262,4.0699],[-77.24134,4.07017],[-77.24159,4.06604],[-77.2439,4.06604],[-77.24571,4.06925],[-77.24827,4.06912],[-77.24928,4.06551],[-77.24647,4.06706],[-77.24633,4.06551],[-77.24902,4.06422],[-77.24851,4.06345],[-77.2503,4.06396],[-77.25068,4.06164],[-77.25261,4.06266],[-77.25465,4.05853],[-77.25696,4.05788],[-77.25748,4.05943],[-77.25694,4.0526],[-77.25283,4.05261],[-77.25028,4.05468],[-77.24875,4.05907],[-77.24644,4.05932],[-77.23953,4.06476],[-77.24387,4.05753],[-77.24207,4.05548],[-77.23823,4.05626],[-77.23669,4.05755],[-77.2367,4.05987],[-77.23439,4.05936],[-77.23311,4.06169],[-77.23131,4.06066],[-77.23055,4.06504],[-77.22849,4.06325],[-77.22874,4.05861],[-77.22233,4.06081],[-77.21515,4.06071],[-77.21233,4.06252],[-77.21517,4.06947],[-77.21363,4.07102],[-77.20887,4.06562],[-77.20873,4.06021],[-77.20438,4.06331],[-77.2054,4.06047],[-77.20436,4.0588],[-77.20719,4.05905],[-77.21026,4.05557],[-77.20384,4.0561],[-77.2005,4.05405],[-77.20051,4.05534],[-77.19564,4.05792],[-77.1941,4.05664],[-77.1946,4.05484],[-77.18922,4.05665],[-77.18716,4.0537],[-77.18357,4.0528],[-77.18356,4.04971],[-77.1874,4.04906],[-77.18767,4.05047],[-77.18766,4.04893],[-77.19126,4.05008],[-77.19613,4.04916],[-77.19766,4.04143],[-77.20073,4.04194],[-77.19944,4.04001],[-77.19414,4.04032],[-77.19507,4.03886],[-77.19276,4.03809],[-77.19661,4.03783],[-77.19661,4.03576],[-77.20123,4.03627],[-77.20379,4.03471],[-77.20404,4.03188],[-77.19737,4.03087],[-77.19813,4.0288],[-77.20325,4.02699],[-77.20324,4.02312],[-77.20478,4.02389],[-77.20465,4.02209],[-77.21092,4.01769],[-77.21143,4.01537],[-77.20887,4.0146],[-77.2104,4.01202],[-77.20885,4.00996],[-77.20987,4.00855],[-77.21628,4.0075],[-77.22012,4.00259],[-77.22422,4.00091],[-77.22485,3.99729],[-77.23036,3.99587],[-77.23202,3.99161],[-77.23446,3.99379],[-77.23856,3.99134],[-77.24087,3.99184],[-77.24137,3.98824],[-77.23958,3.98876],[-77.23906,3.98747],[-77.24009,3.98772],[-77.24034,3.98541],[-77.24316,3.98591],[-77.2424,3.98669],[-77.24471,3.98952],[-77.24907,3.98809],[-77.24958,3.98693],[-77.24752,3.98564],[-77.24482,3.98668],[-77.24702,3.98526],[-77.24584,3.98359],[-77.24879,3.97946],[-77.24443,3.98076],[-77.24341,3.98256],[-77.2447,3.98333],[-77.24213,3.98437],[-77.24163,3.98257],[-77.23982,3.98335],[-77.24047,3.98129],[-77.23852,3.97768],[-77.23494,3.97949],[-77.2339,3.97666],[-77.23211,3.97796],[-77.23287,3.97486],[-77.23505,3.97305],[-77.2335,3.971],[-77.23465,3.96893],[-77.23799,3.96841],[-77.23927,3.97021],[-77.23903,3.97394],[-77.24595,3.97302],[-77.24571,3.97457],[-77.25134,3.97224],[-77.25197,3.9694],[-77.2539,3.96991],[-77.2567,3.96423],[-77.25285,3.96424],[-77.25324,3.96321],[-77.25798,3.9614],[-77.25566,3.95908],[-77.25464,3.95986],[-77.25421,3.95789],[-77.25746,3.95972],[-77.26002,3.95933],[-77.26156,3.95804],[-77.2613,3.95546],[-77.26514,3.95494],[-77.2642,3.95193],[-77.26514,3.95236],[-77.26539,3.95055],[-77.2663,3.95468],[-77.26118,3.96062],[-77.26542,3.96278],[-77.26824,3.96034],[-77.26875,3.96188],[-77.26773,3.96343],[-77.2626,3.96241],[-77.26286,3.96499],[-77.2603,3.9668],[-77.26595,3.9691],[-77.26159,3.96834],[-77.26005,3.97092],[-77.25621,3.97068],[-77.25621,3.97197],[-77.2539,3.97274],[-77.25263,3.97687],[-77.25622,3.97596],[-77.26007,3.97736],[-77.25777,3.97853],[-77.2552,3.97712],[-77.25366,3.97893],[-77.25418,3.98047],[-77.257,3.97982],[-77.25649,3.982],[-77.26034,3.9811],[-77.25906,3.98278],[-77.26009,3.98458],[-77.26189,3.98457],[-77.26368,3.98238],[-77.26496,3.98302],[-77.26343,3.9856],[-77.26471,3.98392],[-77.26599,3.9843],[-77.26497,3.98611],[-77.27318,3.98647],[-77.27472,3.98557],[-77.2733,3.98428],[-77.27573,3.98222],[-77.27469,3.97629],[-77.27597,3.97603],[-77.27933,3.98221],[-77.28189,3.98142],[-77.28137,3.97782],[-77.28315,3.97524],[-77.28161,3.97472],[-77.28366,3.97369],[-77.28161,3.97318],[-77.28431,3.97369],[-77.28394,3.97936],[-77.28522,3.97909],[-77.28573,3.98064],[-77.29175,3.97728],[-77.29097,3.9729],[-77.29339,3.96748],[-77.29954,3.96231],[-77.29593,3.9577],[-77.29314,3.95785],[-77.29593,3.95717],[-77.29578,3.95588],[-77.29384,3.95585],[-77.29643,3.95451],[-77.29771,3.95045],[-77.2987,3.9507],[-77.29788,3.9549],[-77.30488,3.95095],[-77.30676,3.9479],[-77.30606,3.95177],[-77.30224,3.95522],[-77.30004,3.95535],[-77.30016,3.95717],[-77.29752,3.95707],[-77.30106,3.95914],[-77.30334,3.95844],[-77.3026,3.95741],[-77.30967,3.95769],[-77.30933,3.95519],[-77.31191,3.95426],[-77.31315,3.95547],[-77.31416,3.95137],[-77.31718,3.95151],[-77.3159,3.94398],[-77.31255,3.93729],[-77.31227,3.92929],[-77.31636,3.92517],[-77.3161,3.92375],[-77.31688,3.92491],[-77.3206,3.9249],[-77.31839,3.91563],[-77.31915,3.91202],[-77.32197,3.91125],[-77.32066,3.90223],[-77.31733,3.90211],[-77.31374,3.90431],[-77.31273,3.90972],[-77.31324,3.90663],[-77.31118,3.9056],[-77.30914,3.90844],[-77.30836,3.90535],[-77.30528,3.90433],[-77.30167,3.89893],[-77.29808,3.89997],[-77.2986,3.901],[-77.29732,3.90152],[-77.29782,3.90049],[-77.29655,3.90126],[-77.28678,3.89522],[-77.2796,3.89564],[-77.28166,3.9013],[-77.27858,3.89771],[-77.27499,3.89669],[-77.27831,3.89667],[-77.28267,3.89048],[-77.28754,3.89034],[-77.2906,3.88273],[-77.29329,3.88118],[-77.29315,3.87912],[-77.29085,3.87783],[-77.2934,3.87654],[-77.29378,3.87422],[-77.29647,3.87344],[-77.2952,3.87576],[-77.29724,3.876],[-77.29878,3.87446],[-77.30417,3.87419],[-77.30275,3.87136],[-77.3035,3.86569],[-77.30235,3.86106],[-77.2931,3.85825],[-77.29258,3.85593],[-77.28975,3.85439],[-77.28897,3.85001],[-77.28564,3.85054],[-77.28435,3.849],[-77.2846,3.8459],[-77.28332,3.84565],[-77.28125,3.83947],[-77.27534,3.83768],[-77.27407,3.8413],[-77.2733,3.83872],[-77.27098,3.8377],[-77.26868,3.84002],[-77.26739,3.83925],[-77.26816,3.83719],[-77.26713,3.83539],[-77.26533,3.83514],[-77.26456,3.83333],[-77.25994,3.83128],[-77.25867,3.83335],[-77.26084,3.83386],[-77.25867,3.83593],[-77.25559,3.83466],[-77.25506,3.83078],[-77.25404,3.83207],[-77.25275,3.83079],[-77.25019,3.83157],[-77.24967,3.82795],[-77.24711,3.82874],[-77.24481,3.83339],[-77.23548,3.83597],[-77.2248,3.82995],[-77.22276,3.83185],[-77.22449,3.83406],[-77.22349,3.83588],[-77.22027,3.83525],[-77.21961,3.837],[-77.2145,3.83471],[-77.21314,3.83558],[-77.20521,3.83357],[-77.2038,3.83838],[-77.20193,3.83977],[-77.19609,3.83789],[-77.19466,3.83877],[-77.1851,3.83161],[-77.18106,3.8314],[-77.17599,3.84279],[-77.1782,3.84526],[-77.18408,3.84705],[-77.18502,3.84838],[-77.18314,3.85093],[-77.1832,3.84754],[-77.17728,3.84596],[-77.17209,3.84903],[-77.16888,3.84877],[-77.16914,3.84566],[-77.16762,3.84527],[-77.16582,3.84627],[-77.16266,3.85349],[-77.15781,3.85361],[-77.15468,3.85572],[-77.15345,3.85485],[-77.14862,3.8575],[-77.14707,3.86005],[-77.13435,3.86974],[-77.13487,3.87283],[-77.12648,3.87064],[-77.12623,3.87229],[-77.12436,3.87243],[-77.12238,3.8752],[-77.11227,3.87532],[-77.10695,3.88862],[-77.10596,3.89525],[-77.10332,3.89713],[-77.10485,3.89702],[-77.10389,3.89893],[-77.10293,3.89821],[-77.10252,3.89952],[-77.10004,3.89688],[-77.09773,3.89715],[-77.09667,3.89241],[-77.09362,3.89509],[-77.09466,3.8987],[-77.09912,3.90035],[-77.09716,3.90128],[-77.09491,3.90036],[-77.09478,3.90228],[-77.09822,3.90283],[-77.09878,3.90503],[-77.09912,3.90278],[-77.10003,3.90424],[-77.10271,3.90232],[-77.10334,3.90422],[-77.102,3.9048],[-77.1036,3.90571],[-77.10494,3.9034],[-77.10686,3.90355],[-77.10455,3.90666],[-77.10699,3.90794],[-77.10064,3.90632],[-77.09939,3.90773],[-77.09045,3.90966],[-77.08937,3.91141],[-77.09075,3.91477],[-77.08917,3.91326],[-77.08849,3.91527],[-77.08726,3.91497],[-77.08663,3.9115],[-77.08569,3.91356],[-77.08382,3.91184],[-77.08571,3.91006],[-77.08416,3.90826],[-77.08057,3.9093],[-77.07915,3.90808],[-77.08185,3.90672],[-77.08775,3.90696],[-77.08465,3.9031],[-77.08184,3.90208],[-77.07674,3.9041],[-77.07261,3.90404],[-77.07081,3.90262],[-77.06645,3.90418],[-77.06518,3.90154],[-77.06259,3.90084],[-77.05745,3.90551],[-77.05826,3.91153],[-77.05396,3.90907],[-77.05439,3.90705],[-77.05274,3.90627],[-77.04562,3.90897],[-77.04458,3.90549],[-77.04515,3.90269],[-77.04807,3.90137],[-77.04848,3.89984],[-77.04668,3.89908],[-77.04911,3.89146],[-77.04956,3.89478],[-77.0515,3.89544],[-77.05913,3.89294],[-77.05474,3.88707],[-77.05296,3.887],[-77.0534,3.88332],[-77.05492,3.88351],[-77.0549,3.88227],[-77.05153,3.88123],[-77.05489,3.86695],[-77.06293,3.86738],[-77.06504,3.86507],[-77.06008,3.8521],[-77.06519,3.86163],[-77.06772,3.86356],[-77.06825,3.86128],[-77.0709,3.85937],[-77.07098,3.85625],[-77.0824,3.8583],[-77.0969,3.85274],[-77.09784,3.84982],[-77.09632,3.84562],[-77.09756,3.84442],[-77.10249,3.84882],[-77.10608,3.84843],[-77.10798,3.84095],[-77.11329,3.83559],[-77.1114,3.82214],[-77.1078,3.82059],[-77.10846,3.81582],[-77.11523,3.81852],[-77.12396,3.81836],[-77.13699,3.81009],[-77.132,3.80224],[-77.12981,3.80006],[-77.12839,3.80043],[-77.12843,3.79856],[-77.12313,3.79608],[-77.12287,3.79325],[-77.13237,3.79503],[-77.13868,3.80691],[-77.1423,3.8096],[-77.14756,3.80921],[-77.14597,3.8073],[-77.14594,3.794],[-77.14338,3.78856],[-77.13953,3.78818],[-77.13764,3.78982],[-77.13402,3.78611],[-77.1347,3.78152],[-77.13145,3.77774],[-77.12848,3.77777],[-77.13117,3.77622],[-77.13103,3.77416],[-77.12641,3.77159],[-77.13822,3.77504],[-77.14463,3.77018],[-77.14543,3.76788],[-77.1431,3.76552],[-77.13424,3.76526],[-77.13569,3.76393],[-77.13405,3.76323],[-77.13573,3.76209],[-77.13283,3.75913],[-77.13982,3.76149],[-77.1439,3.76093],[-77.14451,3.75957],[-77.14242,3.755],[-77.1381,3.7518],[-77.15208,3.75137],[-77.16352,3.75769],[-77.16573,3.75752],[-77.16923,3.75205],[-77.18457,3.74473],[-77.19048,3.74979],[-77.19074,3.75288],[-77.1933,3.75185],[-77.19471,3.74823],[-77.19699,3.73844],[-77.19619,3.72762],[-77.18915,3.67791],[-77.18645,3.67766],[-77.18646,3.67998],[-77.17257,3.69798],[-77.16761,3.69351],[-77.17033,3.69032],[-77.16905,3.68516],[-77.16326,3.68354],[-77.16312,3.67968],[-77.16403,3.68354],[-77.16581,3.68411],[-77.16564,3.66241],[-77.15843,3.65057],[-77.14709,3.6466],[-77.1488,3.64529],[-77.14662,3.64297],[-77.14712,3.64001],[-77.15123,3.64039],[-77.1556,3.64348],[-77.1656,3.64447],[-77.17835,3.65149],[-77.17925,3.65025],[-77.17896,3.65213],[-77.18281,3.65525],[-77.18762,3.65531],[-77.19027,3.64969],[-77.18738,3.63959],[-77.19046,3.63849],[-77.19211,3.63436],[-77.19489,3.61168],[-77.20053,3.60287],[-77.20434,3.60558],[-77.20441,3.60754],[-77.20744,3.6067],[-77.21072,3.59852],[-77.21177,3.60103],[-77.21739,3.59663],[-77.21883,3.59462],[-77.21793,3.5923],[-77.2334,3.57706],[-77.23562,3.57566],[-77.24018,3.57821],[-77.24737,3.57855],[-77.24751,3.58012],[-77.24265,3.58193],[-77.24187,3.58116],[-77.24238,3.58219],[-77.24058,3.58065],[-77.24136,3.58297],[-77.23999,3.58366],[-77.23623,3.58145],[-77.2361,3.58401],[-77.23803,3.58542],[-77.24754,3.58056],[-77.25955,3.57829],[-77.2703,3.57311],[-77.27211,3.574],[-77.2944,3.5697],[-77.29978,3.56788],[-77.30235,3.5653],[-77.32969,3.53018],[-77.3306,3.5271],[-77.32784,3.52361],[-77.33397,3.51314],[-77.33705,3.512],[-77.3423,3.50475],[-77.35396,3.49432],[-77.36239,3.48425],[-77.36982,3.48011],[-77.37045,3.47599],[-77.36632,3.46672],[-77.36414,3.46505],[-77.36454,3.45049],[-77.37247,3.4385],[-77.37937,3.42013],[-77.37886,3.41668],[-77.38346,3.41439],[-77.39189,3.39831],[-77.40058,3.38811],[-77.40633,3.3839],[-77.40759,3.37879],[-77.40443,3.37312],[-77.40625,3.37271],[-77.41452,3.36012],[-77.41355,3.35757],[-77.41615,3.35572],[-77.41828,3.35893],[-77.42741,3.35628],[-77.43119,3.3529],[-77.43488,3.35351],[-77.44655,3.34295],[-77.43907,3.35228],[-77.43264,3.35647],[-77.42929,3.36289],[-77.43447,3.36023],[-77.46173,3.33214],[-77.47466,3.32481],[-77.47966,3.3202],[-77.48295,3.3098],[-77.48064,3.30942],[-77.48113,3.30429],[-77.48575,3.30575],[-77.48784,3.30501],[-77.48919,3.30802],[-77.49267,3.30628],[-77.52825,3.2603],[-77.54246,3.23946],[-77.54388,3.22979],[-77.54006,3.22462],[-77.54011,3.21775],[-77.49834,3.2215],[-77.49623,3.22111],[-77.48048,3.20836],[-77.47591,3.20911],[-77.46679,3.21605],[-77.46679,3.22042],[-77.46895,3.22242],[-77.4691,3.2247],[-77.46168,3.22526],[-77.46258,3.22881],[-77.47005,3.23203],[-77.47095,3.23601],[-77.46846,3.23781],[-77.46271,3.23764],[-77.45448,3.23308],[-77.45434,3.23738],[-77.45142,3.243],[-77.44747,3.24364],[-77.44421,3.24698],[-77.4382,3.2472],[-77.43554,3.25067],[-77.42855,3.25319],[-77.41503,3.24163],[-77.41606,3.23533],[-77.4131,3.2298],[-77.40688,3.22509],[-77.40649,3.21819],[-77.40323,3.21249],[-77.39319,3.21372],[-77.39082,3.21279],[-77.38048,3.20195],[-77.38018,3.19766],[-77.384,3.19359],[-77.38121,3.18202],[-77.38332,3.17783],[-77.37881,3.17363],[-77.37104,3.1708],[-77.36435,3.16426],[-77.36684,3.15036],[-77.36345,3.14466],[-77.35486,3.14475],[-77.34662,3.13969],[-77.34508,3.14042],[-77.34122,3.14822],[-77.33332,3.15156],[-77.33135,3.15413],[-77.33046,3.16374],[-77.32534,3.16116],[-77.32143,3.16249],[-77.3204,3.16476],[-77.32109,3.17144],[-77.31993,3.17358],[-77.31645,3.1741],[-77.30615,3.16878],[-77.30135,3.16317],[-77.29049,3.15666],[-77.28538,3.15619],[-77.28208,3.1591],[-77.27946,3.15906],[-77.27736,3.15152],[-77.27783,3.14801],[-77.28671,3.14757],[-77.28972,3.14283],[-77.28774,3.13785],[-77.28431,3.13699],[-77.27808,3.13852],[-77.27873,3.13219],[-77.27651,3.13039],[-77.27431,3.1327],[-77.27324,3.13802],[-77.27041,3.14037],[-77.26757,3.13296],[-77.26324,3.13463],[-77.26054,3.13352],[-77.25835,3.12799],[-77.25366,3.12238],[-77.25295,3.11501],[-77.25145,3.11465],[-77.24856,3.11711],[-77.24779,3.12452],[-77.24502,3.12622],[-77.24303,3.12287],[-77.24491,3.11608],[-77.23353,3.10747],[-77.23206,3.11028],[-77.2353,3.11252],[-77.23466,3.11513],[-77.23028,3.11573],[-77.22818,3.11136],[-77.21658,3.12002],[-77.21752,3.12331],[-77.22019,3.12341],[-77.21878,3.12752],[-77.21573,3.13056],[-77.21728,3.13519],[-77.21196,3.13412],[-77.20909,3.13528],[-77.20629,3.13292],[-77.20144,3.13395],[-77.20015,3.13673],[-77.20042,3.14393],[-77.19788,3.1402],[-77.19286,3.13952],[-77.1931,3.14465],[-77.19056,3.14973],[-77.18664,3.14867],[-77.18233,3.15069],[-77.18063,3.1549],[-77.17264,3.15937],[-77.17217,3.1657],[-77.17003,3.16553],[-77.1669,3.16208],[-77.16548,3.16231],[-77.16363,3.16587],[-77.15906,3.16493],[-77.1582,3.1697],[-77.16124,3.17155],[-77.15953,3.17394],[-77.15564,3.17384],[-77.15461,3.17588],[-77.1533,3.17082],[-77.14689,3.17036],[-77.14561,3.16857],[-77.14285,3.17211],[-77.13986,3.17207],[-77.13557,3.169],[-77.13415,3.16373],[-77.13059,3.16107],[-77.1171,3.16908],[-77.11028,3.1771],[-77.11039,3.17911],[-77.10471,3.18094],[-77.10345,3.18339],[-77.10016,3.18528],[-77.09672,3.18528],[-77.09501,3.18339],[-77.08934,3.18219],[-77.08642,3.18562],[-77.08488,3.18391],[-77.08728,3.18151],[-77.08694,3.17962],[-77.08299,3.18099],[-77.08127,3.17911],[-77.07887,3.17945],[-77.06953,3.17177],[-77.06353,3.16899],[-77.05929,3.16857],[-77.05499,3.1706],[-77.03813,3.16481],[-77.03019,3.16638],[-77.01882,3.15654],[-77.01308,3.15415],[-76.99994,3.15304],[-76.99612,3.1543],[-76.99124,3.1486],[-76.98829,3.13904],[-76.97824,3.1345],[-76.97861,3.12748],[-76.97233,3.1189],[-76.96169,3.11864],[-76.95152,3.11554],[-76.93897,3.11433],[-76.93071,3.12178],[-76.92669,3.12741],[-76.92775,3.13859],[-76.92667,3.14177],[-76.91582,3.14957],[-76.9122,3.17219],[-76.91395,3.17824],[-76.91299,3.18673],[-76.90832,3.20051],[-76.89708,3.20384],[-76.89094,3.20329],[-76.88137,3.20903],[-76.87605,3.21041],[-76.87007,3.20934],[-76.86486,3.21231],[-76.85945,3.21247],[-76.85002,3.20787],[-76.83945,3.21096],[-76.82554,3.21124],[-76.81194,3.20864],[-76.80779,3.20953],[-76.79649,3.21646],[-76.78921,3.22456],[-76.78518,3.2232],[-76.78312,3.23075],[-76.77765,3.23068],[-76.77345,3.23381],[-76.76909,3.23128],[-76.76463,3.22153],[-76.75651,3.2127],[-76.75477,3.20933],[-76.75407,3.201],[-76.74786,3.1954],[-76.7454,3.1911],[-76.74151,3.17171],[-76.74817,3.15661],[-76.74873,3.14994],[-76.74356,3.13557],[-76.73325,3.12503],[-76.72518,3.11949],[-76.70119,3.1194],[-76.69517,3.113],[-76.68613,3.10949],[-76.68175,3.1024],[-76.67679,3.10035],[-76.66911,3.10071],[-76.6665,3.09917],[-76.65533,3.10107],[-76.64771,3.10527],[-76.64333,3.11186],[-76.64212,3.11719],[-76.63208,3.12645],[-76.62948,3.12714],[-76.62568,3.12385],[-76.62312,3.1175],[-76.62255,3.11436],[-76.62463,3.10947],[-76.62385,3.1048],[-76.61593,3.09704],[-76.61379,3.09247],[-76.60741,3.09109],[-76.60424,3.09703],[-76.59956,3.09167],[-76.59258,3.09436],[-76.59184,3.09715],[-76.5988,3.10193],[-76.59974,3.10451],[-76.59594,3.10623],[-76.59131,3.10201],[-76.58778,3.10647],[-76.59209,3.1145],[-76.58999,3.11703],[-76.58517,3.11623],[-76.57989,3.11951],[-76.57848,3.11909],[-76.57696,3.11477],[-76.57395,3.11451],[-76.57391,3.11668],[-76.57916,3.1238],[-76.57828,3.12653],[-76.57406,3.12847],[-76.57226,3.12893],[-76.56942,3.12516],[-76.57052,3.11863],[-76.56467,3.11732],[-76.56445,3.11462],[-76.56655,3.11129],[-76.56384,3.1076],[-76.56003,3.10508],[-76.55548,3.10938],[-76.55164,3.10509],[-76.5475,3.10997],[-76.54615,3.1084],[-76.54742,3.1043],[-76.54621,3.10293],[-76.54409,3.10368],[-76.54368,3.10789],[-76.54157,3.11123],[-76.53952,3.11184],[-76.53644,3.10903],[-76.53432,3.1105],[-76.53411,3.11349],[-76.53668,3.11941],[-76.53468,3.12133],[-76.53109,3.12167],[-76.53003,3.1262],[-76.52814,3.12496],[-76.52867,3.11679],[-76.52696,3.11493],[-76.52256,3.11727],[-76.51963,3.12074],[-76.51574,3.11847],[-76.5134,3.12076],[-76.51301,3.12318],[-76.51718,3.12506],[-76.52253,3.12289],[-76.52398,3.12672],[-76.52224,3.13101],[-76.52794,3.13485],[-76.5302,3.13489],[-76.53043,3.13198],[-76.53269,3.13061],[-76.53283,3.13632],[-76.52993,3.13757],[-76.52247,3.1364],[-76.51878,3.1332],[-76.51698,3.13413],[-76.51662,3.1374],[-76.52034,3.14093],[-76.52129,3.14453],[-76.51848,3.14533],[-76.51457,3.14426],[-76.51277,3.14592],[-76.5175,3.14764],[-76.52148,3.14699],[-76.52265,3.1481],[-76.52112,3.14944],[-76.51461,3.14801],[-76.50833,3.15049],[-76.5054,3.14925],[-76.50421,3.14388],[-76.50046,3.14376],[-76.50092,3.15218],[-76.50628,3.15291],[-76.50878,3.1567],[-76.50855,3.15907],[-76.50565,3.1603],[-76.50076,3.15893],[-76.50308,3.16597],[-76.50205,3.16772],[-76.49345,3.16632],[-76.4935,3.16921],[-76.49886,3.17144],[-76.49452,3.1763],[-76.4909,3.17479],[-76.48907,3.16813],[-76.48702,3.16909],[-76.48791,3.17594],[-76.4929,3.17983],[-76.49358,3.182],[-76.49021,3.18681],[-76.4899,3.18959],[-76.49191,3.19366],[-76.49125,3.19924],[-76.49432,3.19945],[-76.49779,3.19743],[-76.49964,3.20022],[-76.49694,3.20483],[-76.49209,3.20618],[-76.49245,3.21081],[-76.49014,3.21775],[-76.48784,3.21703],[-76.48631,3.21213],[-76.48435,3.21245],[-76.47952,3.21883],[-76.48054,3.22306],[-76.47729,3.22419],[-76.47548,3.2226],[-76.47606,3.21647],[-76.47396,3.21464],[-76.4717,3.22634],[-76.46764,3.23137],[-76.47284,3.22861],[-76.47737,3.2294],[-76.47645,3.23518],[-76.47067,3.23798],[-76.47201,3.24043],[-76.47673,3.24332],[-76.47645,3.24572],[-76.47109,3.24479],[-76.46806,3.23908],[-76.46269,3.24189],[-76.46352,3.24418],[-76.46643,3.24594],[-76.47227,3.2473],[-76.47245,3.25053],[-76.4704,3.25133],[-76.46179,3.24495],[-76.4603,3.24659],[-76.46232,3.24844],[-76.46315,3.25335],[-76.45947,3.25811],[-76.46454,3.26242],[-76.46246,3.26859],[-76.46607,3.27042],[-76.47356,3.27117],[-76.47425,3.27547],[-76.47152,3.27808],[-76.47234,3.28011],[-76.48169,3.28045],[-76.48454,3.27688],[-76.48686,3.28041],[-76.48734,3.28379],[-76.48584,3.28689],[-76.48237,3.28765],[-76.47504,3.28464],[-76.47306,3.28514],[-76.4716,3.28864],[-76.4734,3.29023],[-76.49146,3.28883],[-76.4942,3.29091],[-76.49425,3.29258],[-76.49046,3.29713],[-76.48997,3.30432],[-76.48857,3.30548],[-76.48468,3.30272],[-76.48304,3.2941],[-76.47941,3.29241],[-76.47664,3.29356],[-76.47732,3.30064],[-76.4736,3.30552],[-76.47597,3.31427],[-76.47826,3.31735],[-76.47811,3.32061],[-76.47348,3.32001],[-76.47245,3.31316],[-76.46915,3.31057],[-76.46798,3.31234],[-76.46784,3.32054],[-76.46658,3.32073],[-76.46355,3.31655],[-76.46126,3.31741],[-76.46185,3.32222],[-76.4589,3.32554],[-76.46073,3.32898],[-76.45752,3.32873],[-76.45659,3.32727],[-76.4575,3.32588],[-76.45371,3.32372],[-76.4477,3.31708],[-76.43343,3.31274],[-76.41994,3.31183],[-76.41658,3.31033],[-76.41437,3.30478],[-76.40765,3.30129],[-76.40633,3.29827],[-76.37339,3.28806],[-76.36582,3.28738],[-76.35692,3.28887],[-76.34228,3.28178],[-76.32803,3.28226],[-76.32292,3.28064],[-76.31097,3.28245],[-76.30406,3.28585],[-76.29323,3.28622],[-76.28232,3.28298],[-76.27515,3.27844],[-76.27104,3.27748],[-76.2611,3.27881],[-76.22961,3.27589],[-76.21719,3.26797],[-76.20651,3.25734],[-76.20237,3.24221],[-76.19421,3.2304],[-76.19121,3.22806],[-76.1857,3.22887],[-76.18104,3.23209],[-76.16969,3.23087],[-76.16536,3.23378],[-76.15676,3.235],[-76.1532,3.2338],[-76.15063,3.22669],[-76.14531,3.2238],[-76.13769,3.2244],[-76.1331,3.2222],[-76.12799,3.22438],[-76.11927,3.22236],[-76.10851,3.2258],[-76.08346,3.21776],[-76.06803,3.21125],[-76.0622,3.21343],[-76.05944,3.21753],[-76.05899,3.22191],[-76.05652,3.22388],[-76.05859,3.22926],[-76.05811,3.23213],[-76.04701,3.24546],[-76.0399,3.24923],[-76.03943,3.2508],[-76.04051,3.25628],[-76.04721,3.26491],[-76.04769,3.27188],[-76.05035,3.28042],[-76.04707,3.28742],[-76.04391,3.29027],[-76.0391,3.30161],[-76.04442,3.31869],[-76.05369,3.3267],[-76.05455,3.34438],[-76.05811,3.34882],[-76.05943,3.35381],[-76.05657,3.35818],[-76.04882,3.36492],[-76.04759,3.37418],[-76.03399,3.38101],[-76.03056,3.3854],[-76.03055,3.39135],[-76.03912,3.39371],[-76.04288,3.39733],[-76.04264,3.40832],[-76.03836,3.42002],[-76.04163,3.42882],[-76.04184,3.43714],[-76.03808,3.44268],[-76.03702,3.45038],[-76.0297,3.45462],[-76.02673,3.46104],[-76.02688,3.46527],[-76.02225,3.47816],[-76.02612,3.48541],[-76.02516,3.49275],[-76.0177,3.50129],[-76.01465,3.50853],[-76.00323,3.51713],[-76.00131,3.52949],[-75.99858,3.5323],[-75.99436,3.54555],[-75.98702,3.55494],[-75.98514,3.56011],[-75.9892,3.57536],[-75.98599,3.58087],[-75.9852,3.58808],[-75.99081,3.59686],[-75.99391,3.6072],[-75.99266,3.61159],[-75.98817,3.61566],[-75.98757,3.62223],[-75.99264,3.63219],[-75.99372,3.63752],[-75.99075,3.64159],[-75.98155,3.64252],[-75.97781,3.6444],[-75.97478,3.6571],[-75.96811,3.66278],[-75.95844,3.66465],[-75.95173,3.67388],[-75.9567,3.68877],[-75.95997,3.69395],[-75.96058,3.7057],[-75.95511,3.71353],[-75.94918,3.71446],[-75.94699,3.71634],[-75.94527,3.71853],[-75.94378,3.72832],[-75.938,3.73426],[-75.92084,3.74082],[-75.91626,3.75002],[-75.91535,3.75907],[-75.91035,3.77269],[-75.90628,3.78115],[-75.90175,3.78631],[-75.90158,3.79649],[-75.89273,3.80359],[-75.89145,3.80611],[-75.89259,3.8105],[-75.87467,3.82182],[-75.86698,3.83225],[-75.86322,3.84501],[-75.85572,3.85252],[-75.85665,3.85691],[-75.86085,3.86271],[-75.86131,3.87478],[-75.85899,3.88023],[-75.842,3.89721],[-75.83975,3.9032],[-75.83599,3.90709],[-75.83349,3.90724],[-75.82819,3.90379],[-75.82164,3.90503],[-75.8102,3.92443],[-75.80711,3.93181],[-75.80905,3.93873],[-75.80527,3.95217],[-75.8012,3.9578],[-75.79636,3.96108],[-75.79229,3.96922],[-75.7915,3.97815],[-75.796,3.99085],[-75.79181,4.00792],[-75.78712,4.0092],[-75.77804,4.00657],[-75.77554,4.00813],[-75.76965,4.01965],[-75.76124,4.02534],[-75.75405,4.03266],[-75.73857,4.05358],[-75.73968,4.05785],[-75.74644,4.06259],[-75.75161,4.0687],[-75.75321,4.07702]]]}},{"type":"Feature","properties":{"shapeName":"Norte de Santander","shapeISO":"CO-NSA","shapeID":"13589884B27060143959141","shapeGroup":"COL","shapeType":"ADM1"},"geometry":{"type":"Polygon","coordinates":[[[-73.63743,7.74948],[-73.63368,7.74794],[-73.62776,7.74115],[-73.62159,7.73964],[-73.61343,7.73216],[-73.60849,7.72948],[-73.59291,7.72655],[-73.57507,7.72609],[-73.56626,7.71322],[-73.55654,7.70564],[-73.54729,7.68883],[-73.54751,7.68138],[-73.55022,7.67867],[-73.55452,7.67776],[-73.55564,7.67505],[-73.55497,7.67167],[-73.54548,7.66489],[-73.52973,7.6671],[-73.52538,7.66579],[-73.51828,7.65492],[-73.5168,7.63711],[-73.51489,7.63265],[-73.50325,7.61972],[-73.49986,7.61498],[-73.4976,7.60843],[-73.4913,7.60171],[-73.49229,7.59446],[-73.49033,7.59155],[-73.48753,7.59336],[-73.48405,7.59287],[-73.48396,7.58896],[-73.47611,7.58529],[-73.47372,7.58019],[-73.46476,7.57487],[-73.44067,7.5739],[-73.42837,7.56878],[-73.42237,7.57157],[-73.42081,7.56979],[-73.41724,7.56978],[-73.41337,7.56577],[-73.40612,7.56563],[-73.39739,7.56792],[-73.39603,7.57123],[-73.3973,7.57538],[-73.39656,7.57786],[-73.39333,7.57946],[-73.39072,7.57804],[-73.38481,7.57982],[-73.37458,7.56855],[-73.36733,7.56505],[-73.36873,7.55967],[-73.36435,7.55399],[-73.36209,7.54648],[-73.35521,7.54446],[-73.32014,7.54794],[-73.31092,7.5458],[-73.29673,7.54719],[-73.28801,7.54981],[-73.28275,7.5496],[-73.27749,7.54301],[-73.26878,7.53956],[-73.26626,7.5346],[-73.26058,7.52942],[-73.25593,7.53075],[-73.25284,7.53557],[-73.25246,7.54276],[-73.24838,7.55954],[-73.24988,7.56723],[-73.25826,7.5785],[-73.25869,7.58776],[-73.24589,7.59873],[-73.24092,7.61091],[-73.2343,7.62118],[-73.22852,7.62622],[-73.22776,7.62854],[-73.22072,7.63292],[-73.21636,7.63207],[-73.21256,7.62688],[-73.20956,7.62661],[-73.20377,7.62934],[-73.19748,7.62734],[-73.19516,7.62803],[-73.19098,7.62322],[-73.18119,7.6196],[-73.17443,7.6208],[-73.16546,7.62595],[-73.1572,7.61982],[-73.13132,7.61405],[-73.12348,7.60685],[-73.11702,7.60997],[-73.11625,7.61171],[-73.10823,7.61397],[-73.09995,7.62028],[-73.08945,7.60981],[-73.08461,7.60896],[-73.07785,7.6115],[-73.06943,7.60913],[-73.0645,7.60973],[-73.05703,7.606],[-73.04785,7.60722],[-73.04111,7.6138],[-73.03901,7.62133],[-73.03535,7.62338],[-73.0279,7.62293],[-73.02353,7.62073],[-73.01019,7.62252],[-72.99818,7.61785],[-72.9878,7.6182],[-72.98275,7.62042],[-72.98002,7.61205],[-72.98123,7.60895],[-72.98457,7.60633],[-72.98902,7.59711],[-72.98937,7.58595],[-72.98663,7.56252],[-72.98412,7.55676],[-72.98478,7.54954],[-72.9774,7.53922],[-72.97768,7.52937],[-72.97044,7.5235],[-72.96224,7.51937],[-72.95652,7.51915],[-72.95398,7.51648],[-72.94525,7.51505],[-72.93944,7.51255],[-72.93672,7.50564],[-72.93133,7.50355],[-72.92811,7.49533],[-72.92206,7.49178],[-72.9152,7.4905],[-72.91003,7.48788],[-72.90784,7.48248],[-72.9024,7.4771],[-72.89873,7.48058],[-72.89559,7.48048],[-72.89403,7.47238],[-72.90162,7.44628],[-72.90049,7.43482],[-72.89569,7.42792],[-72.89309,7.42674],[-72.89154,7.41983],[-72.88448,7.41488],[-72.88262,7.41045],[-72.87729,7.40626],[-72.87738,7.40117],[-72.8742,7.39178],[-72.8647,7.38626],[-72.85192,7.37326],[-72.85244,7.36764],[-72.85524,7.36492],[-72.85545,7.36233],[-72.84104,7.36195],[-72.83756,7.3585],[-72.83733,7.35504],[-72.84024,7.35049],[-72.84151,7.34443],[-72.83999,7.34151],[-72.83962,7.3307],[-72.84101,7.32669],[-72.83958,7.32129],[-72.84227,7.31598],[-72.83757,7.30659],[-72.83497,7.30574],[-72.83442,7.30347],[-72.84035,7.2976],[-72.84695,7.29487],[-72.85429,7.28792],[-72.85568,7.28478],[-72.86337,7.28345],[-72.87071,7.27726],[-72.87048,7.27315],[-72.87241,7.26957],[-72.87662,7.2662],[-72.86831,7.25718],[-72.86846,7.2515],[-72.8647,7.24557],[-72.86662,7.23974],[-72.86578,7.23433],[-72.8577,7.22721],[-72.85844,7.22216],[-72.8558,7.21747],[-72.85099,7.21497],[-72.84171,7.20641],[-72.83154,7.20752],[-72.83239,7.19949],[-72.83737,7.19766],[-72.84158,7.19294],[-72.84042,7.19103],[-72.84265,7.18829],[-72.84131,7.17299],[-72.84234,7.16955],[-72.84808,7.16263],[-72.85861,7.15476],[-72.85494,7.14826],[-72.85581,7.1396],[-72.85282,7.13915],[-72.85078,7.13568],[-72.85016,7.13011],[-72.84427,7.12483],[-72.84282,7.12164],[-72.83638,7.11724],[-72.83479,7.10562],[-72.83766,7.10225],[-72.83825,7.09863],[-72.83455,7.09546],[-72.82566,7.09431],[-72.81885,7.09004],[-72.82229,7.07729],[-72.81924,7.07205],[-72.81149,7.07503],[-72.80002,7.07213],[-72.79423,7.06322],[-72.79335,7.05263],[-72.78953,7.04899],[-72.78599,7.0486],[-72.78354,7.05001],[-72.7804,7.05232],[-72.77915,7.05636],[-72.77478,7.05915],[-72.76391,7.06113],[-72.75766,7.05947],[-72.74962,7.05992],[-72.75704,7.04821],[-72.75649,7.04098],[-72.75095,7.03536],[-72.75224,7.02674],[-72.74344,7.01223],[-72.74171,6.99707],[-72.73413,6.98786],[-72.72566,6.99383],[-72.72174,7.00565],[-72.70979,7.00626],[-72.7032,7.00473],[-72.69779,6.99974],[-72.69381,7.00673],[-72.68913,7.00916],[-72.68455,7.00952],[-72.68103,7.00654],[-72.67698,7.0082],[-72.67923,6.99746],[-72.67376,6.98935],[-72.67124,6.97934],[-72.66585,6.97234],[-72.66475,6.97696],[-72.65974,6.98081],[-72.65696,6.98518],[-72.65693,6.99214],[-72.65155,6.99671],[-72.64884,6.99688],[-72.63756,6.98948],[-72.62144,6.98732],[-72.61802,6.98832],[-72.61161,6.99423],[-72.59864,6.98976],[-72.59453,6.99135],[-72.5891,6.99882],[-72.58468,6.99715],[-72.57384,7.00154],[-72.5627,7.00054],[-72.56225,6.99828],[-72.55243,6.98729],[-72.55296,6.96927],[-72.54921,6.96082],[-72.54342,6.95339],[-72.54241,6.93545],[-72.55187,6.92309],[-72.55053,6.91587],[-72.55125,6.91171],[-72.54707,6.90273],[-72.54853,6.89682],[-72.54596,6.8909],[-72.54422,6.88935],[-72.53711,6.88912],[-72.52999,6.88353],[-72.51639,6.88158],[-72.51316,6.88657],[-72.50792,6.88609],[-72.5067,6.90598],[-72.50378,6.90858],[-72.50083,6.90872],[-72.5002,6.91373],[-72.49598,6.92132],[-72.49187,6.92198],[-72.48786,6.92923],[-72.48348,6.93013],[-72.4851,6.92567],[-72.48463,6.92174],[-72.47162,6.91163],[-72.46216,6.90051],[-72.4422,6.89234],[-72.4311,6.88286],[-72.41938,6.87944],[-72.4103,6.87468],[-72.40584,6.87338],[-72.39166,6.87308],[-72.38392,6.87657],[-72.37882,6.88301],[-72.3622,6.8936],[-72.35824,6.89345],[-72.35213,6.89047],[-72.34912,6.8935],[-72.34864,6.90104],[-72.33658,6.90962],[-72.33333,6.91516],[-72.32805,6.91719],[-72.3268,6.91996],[-72.32127,6.92374],[-72.30724,6.9454],[-72.30175,6.96326],[-72.30152,6.97156],[-72.29401,6.98591],[-72.29403,6.99169],[-72.28124,7.01109],[-72.2758,7.01462],[-72.27245,7.01463],[-72.26765,7.00961],[-72.25582,7.00939],[-72.24977,7.00538],[-72.25253,7.00085],[-72.25526,6.98526],[-72.25475,6.9835],[-72.24618,6.97673],[-72.23713,6.98002],[-72.2316,6.98381],[-72.21903,6.9861],[-72.21829,6.99188],[-72.21277,7.0012],[-72.20976,7.00322],[-72.20297,7.00449],[-72.20046,7.00701],[-72.20122,7.01128],[-72.20349,7.01254],[-72.20402,7.02385],[-72.19825,7.03168],[-72.19777,7.04297],[-72.19024,7.04726],[-72.18522,7.05281],[-72.17515,7.05484],[-72.16514,7.04873],[-72.15928,7.04698],[-72.1599,7.04274],[-72.15525,7.04103],[-72.15352,7.03525],[-72.13879,7.03439],[-72.13198,7.03098],[-72.12103,7.03132],[-72.11598,7.03438],[-72.09481,7.03675],[-72.08761,7.0396],[-72.08235,7.04454],[-72.07944,7.04512],[-72.07255,7.04416],[-72.05796,7.03756],[-72.04809,7.0379],[-72.04758,7.0391],[-72.17382,7.2521],[-72.17093,7.25229],[-72.17094,7.25482],[-72.17484,7.25798],[-72.17132,7.26895],[-72.16922,7.2707],[-72.16824,7.2767],[-72.1716,7.28762],[-72.16494,7.30349],[-72.16015,7.3104],[-72.15995,7.31975],[-72.15581,7.32244],[-72.15384,7.327],[-72.17217,7.34487],[-72.17275,7.34825],[-72.17519,7.34879],[-72.17907,7.35352],[-72.18433,7.36313],[-72.18415,7.36665],[-72.1877,7.37061],[-72.18937,7.375],[-72.19437,7.37774],[-72.19661,7.38141],[-72.19645,7.38421],[-72.20179,7.38553],[-72.2033,7.38803],[-72.20638,7.38764],[-72.21004,7.38956],[-72.21069,7.39144],[-72.21386,7.39102],[-72.21474,7.39255],[-72.22039,7.39454],[-72.24161,7.39152],[-72.24704,7.38811],[-72.25232,7.37989],[-72.26202,7.38118],[-72.26605,7.38429],[-72.26907,7.38245],[-72.2783,7.38369],[-72.29401,7.39109],[-72.30418,7.39007],[-72.31116,7.38461],[-72.31184,7.38076],[-72.31442,7.38091],[-72.3196,7.37747],[-72.32572,7.37593],[-72.33798,7.38779],[-72.34068,7.38819],[-72.3459,7.39297],[-72.35386,7.39678],[-72.36011,7.39402],[-72.37159,7.3965],[-72.37295,7.39792],[-72.38036,7.39813],[-72.38576,7.39498],[-72.43942,7.40334],[-72.43724,7.4112],[-72.44198,7.42127],[-72.44121,7.43226],[-72.44317,7.44048],[-72.44174,7.44183],[-72.44185,7.44565],[-72.4453,7.44879],[-72.44525,7.4553],[-72.44704,7.4618],[-72.45016,7.46612],[-72.4552,7.46964],[-72.4557,7.4733],[-72.46093,7.48163],[-72.46987,7.48288],[-72.47106,7.48544],[-72.47449,7.4857],[-72.47598,7.48785],[-72.47341,7.49687],[-72.47496,7.5031],[-72.47383,7.51237],[-72.47255,7.5132],[-72.47376,7.51404],[-72.47278,7.51795],[-72.4741,7.52018],[-72.47132,7.52251],[-72.47229,7.52483],[-72.46703,7.53019],[-72.46779,7.53343],[-72.46482,7.53703],[-72.46068,7.53816],[-72.45925,7.54333],[-72.45685,7.54509],[-72.45598,7.55331],[-72.45276,7.55973],[-72.45356,7.57159],[-72.45713,7.57969],[-72.45645,7.5821],[-72.46046,7.58652],[-72.46056,7.58862],[-72.46514,7.59201],[-72.46454,7.59574],[-72.46673,7.59901],[-72.46577,7.60123],[-72.46845,7.60685],[-72.46747,7.60875],[-72.47175,7.62274],[-72.4735,7.62464],[-72.47284,7.62603],[-72.47585,7.62923],[-72.47648,7.63263],[-72.47382,7.64093],[-72.47696,7.64683],[-72.47486,7.64788],[-72.47328,7.65184],[-72.47569,7.65636],[-72.4744,7.65765],[-72.47457,7.6627],[-72.4721,7.66995],[-72.4752,7.6812],[-72.47404,7.69783],[-72.46912,7.7063],[-72.4718,7.71205],[-72.4711,7.7142],[-72.47252,7.71849],[-72.47079,7.73389],[-72.47189,7.74573],[-72.47426,7.75172],[-72.47298,7.75417],[-72.47382,7.75859],[-72.47052,7.76234],[-72.47134,7.76742],[-72.46753,7.77745],[-72.46984,7.78885],[-72.4684,7.79508],[-72.46516,7.79994],[-72.46193,7.80055],[-72.45921,7.8062],[-72.45518,7.80909],[-72.4539,7.81422],[-72.45068,7.81617],[-72.4518,7.81906],[-72.44924,7.82224],[-72.44915,7.8272],[-72.44703,7.82774],[-72.44979,7.83221],[-72.44776,7.83433],[-72.44954,7.83824],[-72.44612,7.84579],[-72.44742,7.84761],[-72.44579,7.84965],[-72.44442,7.85761],[-72.44871,7.86464],[-72.44807,7.87077],[-72.45092,7.87165],[-72.45342,7.8778],[-72.45732,7.88165],[-72.45594,7.88512],[-72.45781,7.88779],[-72.45672,7.88989],[-72.45895,7.8913],[-72.45927,7.90147],[-72.46138,7.90269],[-72.4606,7.90499],[-72.46224,7.90753],[-72.45814,7.90848],[-72.45761,7.91042],[-72.4609,7.91241],[-72.46369,7.91818],[-72.46712,7.91798],[-72.46648,7.92234],[-72.47331,7.92416],[-72.47432,7.92295],[-72.47737,7.92323],[-72.47436,7.92883],[-72.47638,7.92955],[-72.47923,7.92593],[-72.48069,7.92925],[-72.48446,7.93078],[-72.48388,7.93352],[-72.48705,7.93716],[-72.48589,7.94013],[-72.48769,7.94369],[-72.48289,7.94768],[-72.48283,7.95076],[-72.47478,7.95526],[-72.47565,7.95857],[-72.47333,7.96131],[-72.46986,7.96075],[-72.46696,7.96319],[-72.46252,7.96287],[-72.45596,7.96622],[-72.45003,7.96648],[-72.44623,7.96841],[-72.44606,7.97341],[-72.44055,7.97518],[-72.44029,7.97958],[-72.44287,7.9832],[-72.43983,7.98539],[-72.43752,7.99046],[-72.43306,7.99199],[-72.42895,7.98913],[-72.42664,7.98924],[-72.41922,7.99538],[-72.41725,8.00007],[-72.42003,8.00266],[-72.42141,8.00853],[-72.41666,8.01125],[-72.41755,8.01618],[-72.41199,8.02089],[-72.41623,8.03389],[-72.40327,8.03503],[-72.39791,8.03214],[-72.39457,8.03238],[-72.38942,8.0353],[-72.38313,8.03429],[-72.37813,8.02975],[-72.37685,8.02599],[-72.36509,8.01794],[-72.362,8.01038],[-72.35399,8.00715],[-72.3519,8.00451],[-72.34925,8.00517],[-72.35073,8.01161],[-72.34723,8.01604],[-72.34742,8.0183],[-72.35498,8.02743],[-72.3536,8.0283],[-72.35364,8.03166],[-72.35017,8.03266],[-72.34638,8.03761],[-72.34835,8.04623],[-72.34782,8.05823],[-72.35197,8.07196],[-72.3509,8.08003],[-72.35797,8.0887],[-72.3657,8.0907],[-72.37089,8.09383],[-72.37334,8.10222],[-72.37243,8.10462],[-72.37371,8.10581],[-72.37257,8.10599],[-72.37202,8.11087],[-72.36994,8.11243],[-72.37102,8.11355],[-72.36771,8.11443],[-72.36785,8.11707],[-72.36569,8.11755],[-72.36527,8.11904],[-72.36205,8.11901],[-72.36222,8.12026],[-72.3599,8.11931],[-72.35893,8.12047],[-72.36151,8.1241],[-72.36085,8.1259],[-72.36247,8.1259],[-72.36164,8.12817],[-72.36367,8.12815],[-72.36455,8.12974],[-72.36426,8.13235],[-72.36201,8.13216],[-72.36117,8.13421],[-72.3635,8.13373],[-72.36511,8.13625],[-72.36202,8.14045],[-72.36603,8.13983],[-72.36662,8.14213],[-72.36436,8.14598],[-72.36588,8.14918],[-72.36412,8.15095],[-72.35927,8.15108],[-72.35862,8.15342],[-72.35404,8.15454],[-72.35483,8.15663],[-72.35226,8.1575],[-72.35423,8.15748],[-72.3543,8.16182],[-72.35552,8.16304],[-72.35385,8.16561],[-72.35692,8.16752],[-72.35892,8.17141],[-72.35821,8.17289],[-72.3596,8.17314],[-72.3574,8.17404],[-72.36186,8.17767],[-72.35974,8.17853],[-72.36245,8.18041],[-72.36107,8.18203],[-72.36416,8.18179],[-72.36441,8.1848],[-72.36714,8.1842],[-72.36611,8.18763],[-72.36359,8.18777],[-72.36378,8.18983],[-72.36207,8.19132],[-72.3678,8.18988],[-72.37007,8.19152],[-72.36864,8.19282],[-72.36659,8.19235],[-72.36844,8.19604],[-72.37251,8.19384],[-72.3742,8.19524],[-72.37266,8.19752],[-72.36913,8.199],[-72.36888,8.20096],[-72.37173,8.20076],[-72.37152,8.20377],[-72.37345,8.203],[-72.37486,8.20489],[-72.37664,8.21006],[-72.37481,8.21458],[-72.37955,8.21874],[-72.3775,8.22047],[-72.3777,8.22362],[-72.3807,8.22519],[-72.38352,8.23197],[-72.38137,8.23454],[-72.38389,8.23613],[-72.38651,8.2416],[-72.38049,8.24657],[-72.38244,8.2471],[-72.38412,8.24539],[-72.38573,8.24626],[-72.3877,8.25102],[-72.38577,8.25179],[-72.38606,8.25284],[-72.39062,8.25354],[-72.39207,8.25131],[-72.3937,8.25243],[-72.39059,8.25547],[-72.39313,8.25912],[-72.38987,8.25967],[-72.38892,8.26883],[-72.38445,8.27832],[-72.38824,8.28],[-72.38605,8.2826],[-72.38809,8.2852],[-72.38746,8.28685],[-72.38911,8.28686],[-72.38812,8.28972],[-72.38426,8.29028],[-72.38737,8.29125],[-72.38708,8.29292],[-72.38371,8.29353],[-72.38322,8.29489],[-72.38565,8.29644],[-72.38639,8.29928],[-72.3838,8.30152],[-72.3862,8.30372],[-72.38014,8.3048],[-72.38036,8.30596],[-72.38239,8.30541],[-72.38023,8.31014],[-72.38249,8.31247],[-72.38175,8.31633],[-72.3852,8.31636],[-72.38862,8.32025],[-72.39262,8.3207],[-72.39545,8.32648],[-72.39135,8.32876],[-72.3951,8.33198],[-72.39241,8.33867],[-72.39522,8.34359],[-72.39341,8.34494],[-72.38935,8.34404],[-72.38786,8.34585],[-72.38919,8.34975],[-72.39379,8.35079],[-72.3916,8.35729],[-72.39957,8.361],[-72.40127,8.35955],[-72.40133,8.35545],[-72.40256,8.35512],[-72.40454,8.36311],[-72.40336,8.3651],[-72.40741,8.3674],[-72.4111,8.36396],[-72.41548,8.36448],[-72.41591,8.36767],[-72.41056,8.36835],[-72.40784,8.37061],[-72.40913,8.37571],[-72.42011,8.38292],[-72.42445,8.38326],[-72.42773,8.38134],[-72.61041,8.57862],[-72.61372,8.58022],[-72.61919,8.57804],[-72.61644,8.58269],[-72.61847,8.5878],[-72.61614,8.58833],[-72.61332,8.58592],[-72.61213,8.58653],[-72.61301,8.59],[-72.61696,8.59511],[-72.6279,8.59786],[-72.63199,8.59714],[-72.633,8.59835],[-72.63179,8.60061],[-72.62604,8.60125],[-72.62875,8.60628],[-72.63371,8.60656],[-72.63469,8.60408],[-72.63358,8.60123],[-72.63553,8.60065],[-72.63873,8.60806],[-72.64334,8.60857],[-72.64508,8.61061],[-72.65511,8.61466],[-72.69802,8.80641],[-72.71918,8.93456],[-72.74698,9.01429],[-72.76291,9.07663],[-72.76123,9.08187],[-72.76437,9.08487],[-72.77095,9.0845],[-72.77294,9.08648],[-72.77155,9.08983],[-72.76331,9.09316],[-72.76638,9.10558],[-72.76859,9.10636],[-72.77461,9.10309],[-72.77658,9.10648],[-72.77638,9.11388],[-72.7849,9.11528],[-72.78833,9.11306],[-72.79114,9.10541],[-72.7941,9.10302],[-72.79634,9.10323],[-72.79822,9.10826],[-72.79706,9.12049],[-72.80242,9.12187],[-72.81105,9.12083],[-72.81123,9.12243],[-72.80764,9.1268],[-72.80891,9.13118],[-72.81166,9.13462],[-72.82192,9.14054],[-72.82348,9.13958],[-72.82413,9.13646],[-72.82208,9.12507],[-72.82445,9.12163],[-72.83485,9.1223],[-72.84595,9.13036],[-72.86683,9.12913],[-72.8812,9.13296],[-72.88393,9.12759],[-72.88474,9.11739],[-72.88678,9.11459],[-72.88379,9.11094],[-72.88729,9.10294],[-72.89358,9.10368],[-72.89712,9.09785],[-72.90827,9.09734],[-72.91581,9.09307],[-72.91943,9.09388],[-72.92105,9.08839],[-72.93159,9.08317],[-72.93614,9.08502],[-72.93765,9.08998],[-72.9477,9.09165],[-72.95132,9.09715],[-72.94688,9.10232],[-72.94775,9.10575],[-72.95006,9.10724],[-72.95324,9.10696],[-72.95847,9.11136],[-72.96515,9.12556],[-72.96867,9.12756],[-72.97241,9.1359],[-72.98691,9.14236],[-72.98672,9.14531],[-72.97351,9.15389],[-72.96585,9.15547],[-72.96306,9.1663],[-72.96295,9.17246],[-72.95851,9.17541],[-72.95592,9.18124],[-72.95902,9.18184],[-72.96188,9.18439],[-72.96443,9.1994],[-72.96926,9.20682],[-72.97084,9.21307],[-72.98014,9.21624],[-72.9827,9.22059],[-72.98628,9.22319],[-72.9936,9.21983],[-72.99622,9.22079],[-72.99634,9.22663],[-72.98829,9.22911],[-72.98777,9.23795],[-72.98946,9.24407],[-72.98638,9.24837],[-72.98582,9.25294],[-72.98737,9.25476],[-72.99381,9.2562],[-72.9961,9.25851],[-72.99679,9.26096],[-72.99434,9.26627],[-72.99427,9.2713],[-72.99701,9.27371],[-73.00627,9.27493],[-73.00332,9.28629],[-73.01061,9.29129],[-73.02552,9.28576],[-73.02568,9.2815],[-73.02725,9.28002],[-73.02939,9.28052],[-73.03156,9.28591],[-73.03275,9.28342],[-73.03645,9.28212],[-73.04047,9.27061],[-73.04441,9.26898],[-73.04333,9.26242],[-73.04484,9.26138],[-73.04642,9.2626],[-73.05145,9.25832],[-73.0537,9.25862],[-73.05373,9.26066],[-73.05606,9.26056],[-73.05821,9.26308],[-73.06363,9.26279],[-73.06448,9.25896],[-73.07027,9.26453],[-73.07304,9.26339],[-73.07634,9.25745],[-73.07806,9.25052],[-73.07735,9.24642],[-73.07355,9.24309],[-73.07927,9.239],[-73.08249,9.24029],[-73.0862,9.23622],[-73.08886,9.23003],[-73.08848,9.22683],[-73.09036,9.22556],[-73.09555,9.22715],[-73.09901,9.22659],[-73.10196,9.22949],[-73.10333,9.22902],[-73.10652,9.23124],[-73.10867,9.22847],[-73.11053,9.2296],[-73.11419,9.22887],[-73.1173,9.23151],[-73.12298,9.22712],[-73.1313,9.22831],[-73.13157,9.22632],[-73.12993,9.22528],[-73.13341,9.22257],[-73.13211,9.21906],[-73.13636,9.21755],[-73.13734,9.21482],[-73.14028,9.21573],[-73.14184,9.21284],[-73.14425,9.2133],[-73.14451,9.2113],[-73.1474,9.21199],[-73.14824,9.20948],[-73.15295,9.2102],[-73.15285,9.20515],[-73.15045,9.1994],[-73.15857,9.19473],[-73.15767,9.19157],[-73.16251,9.19248],[-73.16684,9.18628],[-73.16812,9.18676],[-73.16926,9.18428],[-73.17204,9.1829],[-73.17221,9.18],[-73.17658,9.17717],[-73.18128,9.17708],[-73.18548,9.17525],[-73.188,9.17631],[-73.19294,9.17444],[-73.19596,9.17772],[-73.20098,9.1783],[-73.20293,9.18017],[-73.20484,9.17729],[-73.20499,9.18026],[-73.20731,9.18122],[-73.20703,9.1788],[-73.20966,9.17802],[-73.20985,9.18017],[-73.21291,9.18113],[-73.21378,9.18365],[-73.21472,9.18025],[-73.22243,9.1792],[-73.22486,9.17521],[-73.22948,9.17561],[-73.23497,9.1735],[-73.23948,9.16798],[-73.23933,9.16584],[-73.24143,9.16515],[-73.2419,9.16715],[-73.24352,9.16663],[-73.24783,9.1596],[-73.25015,9.15821],[-73.25282,9.15922],[-73.25272,9.16338],[-73.25529,9.16029],[-73.25712,9.16258],[-73.26329,9.16113],[-73.26704,9.16441],[-73.27157,9.16345],[-73.27602,9.1649],[-73.27747,9.16308],[-73.28042,9.16285],[-73.30068,9.17116],[-73.31661,9.16883],[-73.32794,9.16986],[-73.33829,9.17341],[-73.34726,9.1734],[-73.34903,9.17726],[-73.34776,9.17924],[-73.34816,9.18392],[-73.35148,9.18847],[-73.34989,9.1996],[-73.34648,9.20572],[-73.34705,9.21129],[-73.34946,9.21344],[-73.35346,9.21064],[-73.35707,9.20227],[-73.3605,9.19256],[-73.35989,9.18655],[-73.36411,9.17715],[-73.36829,9.16144],[-73.38021,9.15306],[-73.38855,9.15419],[-73.39327,9.15655],[-73.39911,9.16237],[-73.40172,9.163],[-73.40658,9.16115],[-73.41107,9.15473],[-73.41659,9.13062],[-73.42382,9.12433],[-73.42796,9.10702],[-73.4276,9.1001],[-73.42077,9.09427],[-73.41643,9.08462],[-73.41486,9.05691],[-73.41727,9.03169],[-73.42251,9.02502],[-73.42165,9.0192],[-73.42565,9.0087],[-73.43312,9.00117],[-73.4362,8.99985],[-73.43914,8.97459],[-73.43161,8.94081],[-73.43114,8.92647],[-73.42622,8.89801],[-73.4326,8.87292],[-73.43447,8.87107],[-73.4397,8.87021],[-73.4485,8.87074],[-73.44829,8.86318],[-73.44457,8.85352],[-73.42907,8.83359],[-73.42834,8.8218],[-73.42303,8.79907],[-73.41771,8.7883],[-73.41163,8.78174],[-73.41487,8.77531],[-73.41414,8.76653],[-73.41862,8.76369],[-73.43852,8.76138],[-73.44735,8.75447],[-73.4578,8.74954],[-73.46403,8.74151],[-73.47114,8.72779],[-73.47377,8.7179],[-73.47365,8.71147],[-73.47209,8.70888],[-73.47702,8.70404],[-73.48938,8.69734],[-73.49514,8.69014],[-73.50497,8.68661],[-73.5083,8.67926],[-73.51458,8.67158],[-73.51484,8.66273],[-73.52157,8.65771],[-73.52172,8.64312],[-73.52016,8.6357],[-73.50995,8.63365],[-73.50767,8.6315],[-73.51008,8.62648],[-73.50985,8.62038],[-73.51226,8.61524],[-73.51276,8.60495],[-73.51001,8.59705],[-73.51663,8.5851],[-73.51736,8.57793],[-73.51533,8.57123],[-73.50993,8.56763],[-73.51054,8.56189],[-73.50899,8.55328],[-73.51489,8.54467],[-73.5172,8.52733],[-73.52213,8.52602],[-73.52885,8.52878],[-73.5321,8.52747],[-73.54461,8.51768],[-73.5469,8.5135],[-73.55495,8.50685],[-73.57528,8.50641],[-73.57803,8.50003],[-73.5754,8.49141],[-73.56206,8.49127],[-73.55979,8.48134],[-73.55199,8.47595],[-73.54972,8.4726],[-73.53409,8.477],[-73.52676,8.48118],[-73.52135,8.48237],[-73.50021,8.4797],[-73.4804,8.47274],[-73.47536,8.46818],[-73.47249,8.45957],[-73.47239,8.44761],[-73.48784,8.43608],[-73.49733,8.41056],[-73.50968,8.3999],[-73.51588,8.39636],[-73.51904,8.38725],[-73.52413,8.38611],[-73.52682,8.38304],[-73.51796,8.38439],[-73.49361,8.38436],[-73.48339,8.38084],[-73.47928,8.37654],[-73.4798,8.37203],[-73.47799,8.3658],[-73.47303,8.36559],[-73.46981,8.36702],[-73.46335,8.36292],[-73.45628,8.36194],[-73.46133,8.35413],[-73.45919,8.34778],[-73.45605,8.34548],[-73.44196,8.34086],[-73.43711,8.3531],[-73.43718,8.35896],[-73.43331,8.36593],[-73.42933,8.36673],[-73.42574,8.36078],[-73.42134,8.36718],[-73.41875,8.36772],[-73.41506,8.36611],[-73.40939,8.36719],[-73.4109,8.37125],[-73.40422,8.37255],[-73.40143,8.37565],[-73.39768,8.37579],[-73.39314,8.38292],[-73.39847,8.38958],[-73.39775,8.39532],[-73.40439,8.40762],[-73.40439,8.41071],[-73.3986,8.41766],[-73.40164,8.42099],[-73.40185,8.42315],[-73.40798,8.42415],[-73.41135,8.4281],[-73.41087,8.4331],[-73.4148,8.44251],[-73.41533,8.4527],[-73.4141,8.45976],[-73.4043,8.45598],[-73.39542,8.45754],[-73.39068,8.45989],[-73.38181,8.45877],[-73.37726,8.46127],[-73.37313,8.45646],[-73.37067,8.44494],[-73.36931,8.44348],[-73.36206,8.44315],[-73.3603,8.43216],[-73.356,8.42944],[-73.3535,8.4173],[-73.34962,8.41405],[-73.35047,8.4107],[-73.35583,8.40726],[-73.35646,8.40528],[-73.34623,8.39086],[-73.34785,8.38912],[-73.35322,8.36562],[-73.35203,8.35423],[-73.35321,8.34743],[-73.34998,8.33272],[-73.35088,8.33054],[-73.35413,8.3311],[-73.35815,8.32955],[-73.37498,8.32021],[-73.37528,8.31659],[-73.37705,8.31537],[-73.37445,8.30658],[-73.37677,8.30563],[-73.37732,8.3031],[-73.37567,8.30102],[-73.37691,8.29213],[-73.36975,8.27723],[-73.3738,8.27322],[-73.37622,8.26482],[-73.38426,8.25815],[-73.38777,8.25811],[-73.39366,8.2517],[-73.3976,8.25018],[-73.39952,8.24552],[-73.40425,8.2463],[-73.40546,8.23808],[-73.40872,8.23338],[-73.40633,8.22567],[-73.4077,8.21911],[-73.40707,8.21253],[-73.41034,8.20511],[-73.41485,8.19972],[-73.41538,8.19234],[-73.41819,8.18684],[-73.42932,8.18156],[-73.42997,8.15895],[-73.43445,8.15254],[-73.4355,8.14696],[-73.43266,8.14059],[-73.42589,8.13955],[-73.41646,8.13205],[-73.41398,8.12469],[-73.40769,8.11465],[-73.40371,8.11279],[-73.39804,8.11462],[-73.38971,8.11098],[-73.38439,8.11137],[-73.37714,8.10556],[-73.37502,8.09766],[-73.37494,8.08462],[-73.37258,8.08095],[-73.37298,8.07258],[-73.37151,8.06755],[-73.37594,8.05305],[-73.37163,8.04192],[-73.3705,8.03221],[-73.36593,8.02298],[-73.36624,8.01272],[-73.36011,8.01347],[-73.35805,8.01636],[-73.3521,8.01793],[-73.34289,8.01708],[-73.33242,8.02219],[-73.32977,8.0215],[-73.32405,8.01483],[-73.30933,8.0157],[-73.30215,8.00654],[-73.30148,8.00362],[-73.30358,7.99808],[-73.29932,7.994],[-73.29755,7.98437],[-73.28887,7.99224],[-73.28136,7.99321],[-73.27846,7.9856],[-73.27553,7.9588],[-73.27611,7.94499],[-73.27861,7.9414],[-73.27777,7.93951],[-73.27969,7.93563],[-73.28653,7.93344],[-73.28999,7.92724],[-73.30195,7.92274],[-73.30429,7.91369],[-73.30361,7.9083],[-73.305,7.9072],[-73.30762,7.90838],[-73.31304,7.905],[-73.31996,7.90778],[-73.32495,7.90751],[-73.32966,7.90365],[-73.33447,7.90474],[-73.34666,7.89892],[-73.35054,7.89368],[-73.35156,7.89001],[-73.34981,7.88031],[-73.35281,7.87555],[-73.35037,7.87297],[-73.34995,7.87026],[-73.35298,7.86837],[-73.35306,7.86406],[-73.35523,7.85977],[-73.35016,7.85514],[-73.34786,7.84904],[-73.34642,7.83047],[-73.349,7.82711],[-73.34738,7.81999],[-73.34448,7.81787],[-73.34396,7.81281],[-73.3482,7.81007],[-73.35086,7.79529],[-73.35412,7.78952],[-73.35871,7.78872],[-73.36341,7.77746],[-73.3678,7.77363],[-73.36965,7.77381],[-73.37252,7.77046],[-73.37728,7.76005],[-73.38492,7.75854],[-73.39662,7.74865],[-73.39814,7.74391],[-73.40539,7.73433],[-73.40657,7.72618],[-73.40926,7.72049],[-73.42272,7.70884],[-73.42782,7.70772],[-73.43178,7.7011],[-73.44052,7.69508],[-73.45462,7.6951],[-73.46167,7.6921],[-73.46907,7.68374],[-73.48082,7.68141],[-73.48184,7.67672],[-73.48989,7.6764],[-73.50902,7.6848],[-73.51874,7.69653],[-73.52243,7.70682],[-73.52521,7.70821],[-73.52834,7.70786],[-73.53077,7.70578],[-73.53425,7.70578],[-73.5403,7.7102],[-73.54759,7.71097],[-73.55195,7.71332],[-73.56033,7.72806],[-73.57207,7.7331],[-73.58079,7.73914],[-73.58549,7.73982],[-73.58751,7.74149],[-73.61269,7.74252],[-73.62913,7.7469],[-73.63198,7.74943],[-73.63743,7.74948]]]}},{"type":"Feature","properties":{"shapeName":"Quindío","shapeISO":"CO-QUI","shapeID":"13589884B61455559641217","shapeGroup":"COL","shapeType":"ADM1"},"geometry":{"type":"Polygon","coordinates":[[[-75.38846,4.71618],[-75.39465,4.7165],[-75.4014,4.71127],[-75.40749,4.70984],[-75.40906,4.70267],[-75.41271,4.69826],[-75.42145,4.69636],[-75.42488,4.69415],[-75.43216,4.69757],[-75.43675,4.69708],[-75.43859,4.69556],[-75.4399,4.68517],[-75.44218,4.68164],[-75.44827,4.67987],[-75.45667,4.68097],[-75.46576,4.67999],[-75.47216,4.67418],[-75.47592,4.66746],[-75.47981,4.66467],[-75.48373,4.66464],[-75.49515,4.66965],[-75.49908,4.6732],[-75.50443,4.6824],[-75.52084,4.69442],[-75.52578,4.69335],[-75.53292,4.69457],[-75.53685,4.69732],[-75.55207,4.70253],[-75.56195,4.6997],[-75.56706,4.70091],[-75.58203,4.69949],[-75.58558,4.70024],[-75.58689,4.70543],[-75.59473,4.70315],[-75.60187,4.70693],[-75.60286,4.70908],[-75.60383,4.70776],[-75.60658,4.70948],[-75.60801,4.7065],[-75.61077,4.70598],[-75.61465,4.70113],[-75.62145,4.70112],[-75.62584,4.70452],[-75.62976,4.70335],[-75.63488,4.70484],[-75.63855,4.70333],[-75.6398,4.7064],[-75.6414,4.7056],[-75.64657,4.70969],[-75.64723,4.70778],[-75.65312,4.7063],[-75.65664,4.70032],[-75.65967,4.69954],[-75.66752,4.70214],[-75.67015,4.70506],[-75.66991,4.7067],[-75.67601,4.7083],[-75.68376,4.71477],[-75.68846,4.71422],[-75.69172,4.71855],[-75.69288,4.71826],[-75.6931,4.71955],[-75.69596,4.71858],[-75.6974,4.72115],[-75.70037,4.72011],[-75.7031,4.72133],[-75.70867,4.71594],[-75.71181,4.71671],[-75.71427,4.71297],[-75.70783,4.67765],[-75.70487,4.65604],[-75.70569,4.65473],[-75.7161,4.65219],[-75.72302,4.65362],[-75.72528,4.65199],[-75.73875,4.65505],[-75.758,4.65077],[-75.76074,4.65286],[-75.76212,4.65172],[-75.76267,4.65346],[-75.76808,4.65225],[-75.77381,4.65481],[-75.77391,4.65347],[-75.77846,4.65456],[-75.77927,4.65284],[-75.78023,4.65385],[-75.78227,4.65272],[-75.78227,4.65693],[-75.78385,4.65893],[-75.7891,4.66006],[-75.79392,4.66003],[-75.79586,4.65841],[-75.79765,4.65984],[-75.80168,4.65955],[-75.80665,4.6577],[-75.80732,4.65624],[-75.80915,4.65878],[-75.81375,4.65889],[-75.81744,4.66172],[-75.82025,4.66136],[-75.82261,4.66402],[-75.82564,4.66345],[-75.82694,4.65453],[-75.82877,4.65217],[-75.83527,4.64487],[-75.84455,4.6409],[-75.84879,4.63759],[-75.85053,4.62829],[-75.85319,4.62364],[-75.86048,4.61701],[-75.86433,4.61529],[-75.86606,4.60798],[-75.8613,4.60106],[-75.85985,4.59628],[-75.86065,4.59349],[-75.86913,4.58836],[-75.87233,4.58248],[-75.87231,4.57877],[-75.86612,4.57277],[-75.86533,4.57037],[-75.86634,4.56343],[-75.86828,4.56337],[-75.86989,4.5586],[-75.87555,4.5563],[-75.87556,4.55125],[-75.87067,4.54646],[-75.87213,4.54381],[-75.87918,4.5388],[-75.88115,4.53532],[-75.88128,4.53133],[-75.87941,4.52695],[-75.87157,4.52357],[-75.87045,4.51895],[-75.87263,4.5],[-75.87612,4.48834],[-75.879,4.48709],[-75.87949,4.48507],[-75.87402,4.48005],[-75.87346,4.4735],[-75.87432,4.47147],[-75.88019,4.46927],[-75.88029,4.46474],[-75.8755,4.45789],[-75.86504,4.4543],[-75.86648,4.45257],[-75.87205,4.45171],[-75.87571,4.44902],[-75.88637,4.4474],[-75.88695,4.4448],[-75.88388,4.44296],[-75.88369,4.44142],[-75.88792,4.43805],[-75.88899,4.42726],[-75.8913,4.4264],[-75.8935,4.42814],[-75.89562,4.42583],[-75.89313,4.42014],[-75.89544,4.41677],[-75.89372,4.41455],[-75.887,4.41174],[-75.87951,4.41154],[-75.87788,4.41018],[-75.86684,4.41046],[-75.86156,4.41131],[-75.85814,4.41593],[-75.85147,4.41082],[-75.8535,4.40735],[-75.84639,4.40705],[-75.84294,4.40261],[-75.83478,4.40192],[-75.83199,4.40558],[-75.82018,4.40556],[-75.81865,4.4017],[-75.81452,4.40333],[-75.81193,4.40256],[-75.80888,4.39838],[-75.80339,4.39553],[-75.80334,4.39288],[-75.80113,4.39153],[-75.80063,4.38858],[-75.80528,4.38142],[-75.80342,4.37415],[-75.80427,4.36848],[-75.79935,4.36529],[-75.7959,4.35951],[-75.78913,4.35385],[-75.78925,4.35101],[-75.79139,4.34885],[-75.79679,4.31392],[-75.79443,4.30983],[-75.79367,4.30412],[-75.78722,4.29337],[-75.79269,4.2893],[-75.79411,4.28594],[-75.7933,4.28394],[-75.79743,4.27781],[-75.7963,4.26893],[-75.79842,4.26492],[-75.8083,4.25615],[-75.81175,4.24492],[-75.81567,4.24165],[-75.81924,4.23281],[-75.82385,4.226],[-75.82482,4.21383],[-75.82171,4.20406],[-75.82332,4.19314],[-75.82817,4.18072],[-75.83424,4.17192],[-75.83716,4.1613],[-75.84315,4.15246],[-75.84141,4.1329],[-75.84227,4.12524],[-75.83578,4.11386],[-75.83546,4.1111],[-75.83673,4.10625],[-75.83984,4.10175],[-75.83707,4.09852],[-75.82687,4.09954],[-75.79976,4.09161],[-75.79358,4.08771],[-75.78344,4.08807],[-75.78159,4.08483],[-75.78097,4.07538],[-75.77981,4.07414],[-75.75508,4.07561],[-75.75321,4.07702],[-75.75073,4.08121],[-75.75086,4.08615],[-75.74716,4.09468],[-75.74364,4.09807],[-75.73292,4.10268],[-75.73357,4.11267],[-75.73131,4.11427],[-75.72648,4.11232],[-75.71869,4.11286],[-75.71894,4.12117],[-75.71542,4.12614],[-75.70567,4.12738],[-75.70245,4.13196],[-75.69683,4.13239],[-75.6934,4.13567],[-75.69236,4.14221],[-75.6935,4.152],[-75.69168,4.16092],[-75.68846,4.16766],[-75.68356,4.17116],[-75.67563,4.181],[-75.67053,4.18439],[-75.66605,4.19451],[-75.66204,4.19859],[-75.65902,4.19934],[-75.65554,4.20373],[-75.65419,4.21304],[-75.65997,4.21681],[-75.65847,4.22471],[-75.65372,4.22897],[-75.63815,4.23118],[-75.63036,4.24335],[-75.62944,4.25392],[-75.623,4.25847],[-75.61952,4.26938],[-75.61648,4.27219],[-75.60764,4.27294],[-75.60008,4.27609],[-75.59705,4.27933],[-75.59731,4.28364],[-75.60238,4.28663],[-75.60436,4.28967],[-75.60327,4.29765],[-75.6007,4.30233],[-75.5959,4.30489],[-75.59743,4.30685],[-75.59797,4.31291],[-75.59507,4.31744],[-75.5956,4.32238],[-75.59435,4.32457],[-75.59696,4.32644],[-75.59992,4.33521],[-75.59765,4.33675],[-75.59452,4.34609],[-75.59132,4.3489],[-75.59375,4.35338],[-75.59486,4.36076],[-75.59135,4.3636],[-75.58823,4.37171],[-75.58868,4.37502],[-75.59073,4.37707],[-75.58273,4.38717],[-75.58267,4.39411],[-75.57884,4.40636],[-75.58039,4.4122],[-75.5791,4.41733],[-75.57996,4.42181],[-75.58331,4.42419],[-75.58345,4.42693],[-75.58267,4.42946],[-75.57797,4.43336],[-75.57686,4.43808],[-75.57605,4.44499],[-75.57788,4.45365],[-75.57091,4.45711],[-75.56914,4.46174],[-75.55913,4.47252],[-75.55515,4.47284],[-75.54666,4.48015],[-75.53513,4.49452],[-75.52477,4.4956],[-75.52409,4.50178],[-75.5272,4.51593],[-75.52179,4.52782],[-75.52299,4.53504],[-75.52232,4.54379],[-75.51889,4.54728],[-75.51819,4.55076],[-75.51462,4.5557],[-75.50513,4.55922],[-75.50026,4.56388],[-75.49222,4.56827],[-75.48835,4.57234],[-75.48794,4.57625],[-75.48443,4.58149],[-75.47514,4.58558],[-75.47051,4.58921],[-75.46824,4.5989],[-75.44978,4.60322],[-75.4315,4.60272],[-75.4305,4.6063],[-75.42785,4.60905],[-75.42124,4.61037],[-75.41561,4.62457],[-75.41773,4.6386],[-75.42318,4.65609],[-75.41803,4.66736],[-75.40944,4.67699],[-75.40364,4.68647],[-75.39761,4.69293],[-75.38878,4.69795],[-75.38455,4.70248],[-75.38493,4.70894],[-75.38846,4.71618]]]}},{"type":"Feature","properties":{"shapeName":"Vichada","shapeISO":"CO-VID","shapeID":"13589884B14692588923622","shapeGroup":"COL","shapeType":"ADM1"},"geometry":{"type":"Polygon","coordinates":[[[-71.07741,2.88214],[-71.07427,2.88043],[-71.06578,2.86963],[-71.06569,2.86132],[-71.06406,2.85669],[-71.05977,2.85292],[-71.04269,2.84983],[-71.03101,2.84554],[-71.02569,2.84563],[-71.01986,2.85077],[-71.0172,2.85549],[-71.01282,2.85626],[-71.00698,2.85369],[-70.99998,2.83853],[-70.99325,2.83011],[-70.98861,2.82814],[-70.97806,2.82986],[-70.95849,2.84211],[-70.95188,2.83954],[-70.94862,2.83491],[-70.94845,2.8224],[-70.95076,2.81477],[-70.96018,2.80551],[-70.96158,2.80071],[-70.95308,2.78922],[-70.94948,2.78682],[-70.94312,2.78605],[-70.9348,2.79042],[-70.92973,2.79805],[-70.92639,2.81074],[-70.9275,2.82291],[-70.94012,2.83431],[-70.94158,2.84006],[-70.94149,2.84812],[-70.93866,2.85729],[-70.9324,2.85806],[-70.91643,2.85206],[-70.91102,2.84597],[-70.89875,2.80851],[-70.89205,2.79805],[-70.8869,2.79411],[-70.88098,2.79196],[-70.8712,2.79514],[-70.86751,2.79368],[-70.86948,2.78751],[-70.87352,2.78476],[-70.87463,2.78228],[-70.87188,2.77773],[-70.86776,2.77525],[-70.86107,2.7749],[-70.85644,2.77876],[-70.8512,2.79205],[-70.84227,2.80259],[-70.83395,2.8044],[-70.81858,2.81271],[-70.80974,2.81151],[-70.80313,2.80594],[-70.7961,2.79111],[-70.79541,2.78408],[-70.79678,2.77653],[-70.80022,2.77319],[-70.81215,2.77002],[-70.81455,2.76667],[-70.81403,2.7623],[-70.8106,2.7593],[-70.80331,2.75819],[-70.77721,2.76779],[-70.76245,2.76693],[-70.75644,2.76822],[-70.74314,2.77773],[-70.73541,2.78802],[-70.72838,2.79282],[-70.72125,2.79351],[-70.7179,2.78845],[-70.71602,2.77516],[-70.72031,2.75304],[-70.71893,2.74541],[-70.71584,2.73975],[-70.71052,2.73675],[-70.7058,2.73693],[-70.701,2.74027],[-70.69602,2.74884],[-70.68546,2.76213],[-70.68005,2.77953],[-70.67559,2.78125],[-70.664,2.78005],[-70.65619,2.78159],[-70.64023,2.80148],[-70.63748,2.8086],[-70.63774,2.81563],[-70.63954,2.82094],[-70.66314,2.84443],[-70.66151,2.85154],[-70.65799,2.85617],[-70.65104,2.85617],[-70.64091,2.853],[-70.63473,2.84717],[-70.63225,2.84014],[-70.63207,2.81057],[-70.63044,2.80551],[-70.6222,2.79359],[-70.61783,2.79239],[-70.61122,2.79599],[-70.60581,2.80268],[-70.6004,2.81897],[-70.59903,2.83423],[-70.58512,2.84109],[-70.56444,2.82891],[-70.55826,2.82025],[-70.55079,2.81528],[-70.52993,2.80628],[-70.50676,2.78648],[-70.50256,2.78493],[-70.49732,2.78588],[-70.49611,2.78742],[-70.49766,2.80714],[-70.4932,2.81305],[-70.48642,2.81091],[-70.43552,2.82351],[-70.41012,2.82814],[-70.39741,2.83363],[-70.37304,2.85],[-70.36342,2.85052],[-70.35544,2.85292],[-70.35166,2.85789],[-70.34754,2.87375],[-70.34875,2.88318],[-70.35596,2.90401],[-70.35596,2.91001],[-70.35347,2.91481],[-70.346,2.91746],[-70.33561,2.91455],[-70.32171,2.91446],[-70.31313,2.91858],[-70.29253,2.93229],[-70.27802,2.93367],[-70.27819,2.95938],[-70.28094,2.98732],[-70.28884,3.01141],[-70.29596,3.01861],[-70.30197,3.02907],[-70.3018,3.03378],[-70.29553,3.03558],[-70.27244,3.02984],[-70.263,3.03224],[-70.25605,3.03567],[-70.25399,3.04458],[-70.27141,3.06369],[-70.28163,3.07089],[-70.2969,3.07192],[-70.31244,3.06952],[-70.3181,3.07321],[-70.32111,3.08221],[-70.31605,3.08855],[-70.30626,3.0912],[-70.29562,3.08966],[-70.28137,3.09009],[-70.27802,3.09712],[-70.27794,3.10543],[-70.28697,3.12121],[-70.28542,3.12516],[-70.27959,3.1327],[-70.25109,3.14692],[-70.24697,3.15275],[-70.24749,3.15858],[-70.25006,3.16492],[-70.25006,3.17126],[-70.24714,3.17658],[-70.24045,3.18155],[-70.23427,3.18326],[-70.22757,3.18206],[-70.21985,3.16989],[-70.21607,3.16749],[-70.21092,3.16732],[-70.2068,3.17212],[-70.20543,3.17966],[-70.20921,3.18789],[-70.21779,3.19337],[-70.22139,3.19817],[-70.21985,3.20331],[-70.21418,3.2076],[-70.20835,3.20674],[-70.20285,3.20211],[-70.19976,3.19612],[-70.19805,3.18189],[-70.19564,3.17606],[-70.19084,3.17212],[-70.1792,3.17151],[-70.16509,3.18052],[-70.15908,3.18703],[-70.157,3.19213],[-70.15891,3.19646],[-70.16681,3.20589],[-70.17728,3.216],[-70.18071,3.22371],[-70.18002,3.23057],[-70.17522,3.23536],[-70.16766,3.23588],[-70.16131,3.23331],[-70.15599,3.22731],[-70.15256,3.22028],[-70.15084,3.2124],[-70.15136,3.19663],[-70.14895,3.19132],[-70.13694,3.19115],[-70.12904,3.19886],[-70.12629,3.20777],[-70.12715,3.22165],[-70.12904,3.23571],[-70.13196,3.24531],[-70.13711,3.24993],[-70.15273,3.25405],[-70.15736,3.26313],[-70.15736,3.2741],[-70.15359,3.28507],[-70.14844,3.29089],[-70.14037,3.29398],[-70.13076,3.29278],[-70.12544,3.28815],[-70.11874,3.27924],[-70.11496,3.27872],[-70.11033,3.28181],[-70.1081,3.28901],[-70.10999,3.29621],[-70.11514,3.30152],[-70.12011,3.3034],[-70.14277,3.32054],[-70.14998,3.3238],[-70.15874,3.33031],[-70.16389,3.33819],[-70.17075,3.3447],[-70.1723,3.3495],[-70.16938,3.35362],[-70.13642,3.36218],[-70.13076,3.36544],[-70.12801,3.37024],[-70.12681,3.37915],[-70.13041,3.39474],[-70.12561,3.40023],[-70.11874,3.40365],[-70.11514,3.4028],[-70.11325,3.39766],[-70.11359,3.38926],[-70.11239,3.38566],[-70.10881,3.383],[-70.07834,3.38677],[-70.05809,3.39346],[-70.04744,3.40211],[-70.03697,3.41753],[-70.03071,3.41813],[-70.02135,3.41428],[-70.01483,3.40622],[-70.01414,3.39963],[-70.0162,3.38198],[-70.01466,3.37778],[-70.01054,3.37384],[-70.0047,3.37169],[-69.99594,3.37298],[-69.9762,3.38575],[-69.96908,3.38849],[-69.94659,3.39277],[-69.94127,3.39611],[-69.93912,3.39971],[-69.93852,3.41248],[-69.94033,3.41822],[-69.96256,3.43921],[-69.96359,3.44623],[-69.96264,3.45069],[-69.95998,3.45617],[-69.95578,3.45874],[-69.94462,3.45874],[-69.91475,3.44461],[-69.90668,3.43612],[-69.90428,3.42704],[-69.90102,3.42353],[-69.88496,3.42593],[-69.87458,3.43184],[-69.87012,3.43827],[-69.86934,3.44641],[-69.87123,3.45746],[-69.87037,3.46645],[-69.86076,3.47605],[-69.85982,3.47999],[-69.86205,3.48385],[-69.87055,3.48839],[-69.88454,3.51143],[-69.89175,3.51434],[-69.89544,3.51846],[-69.89767,3.52968],[-69.89432,3.53508],[-69.88642,3.5397],[-69.88213,3.54047],[-69.87149,3.53593],[-69.86471,3.52368],[-69.85872,3.50394],[-69.85117,3.49091],[-69.84396,3.48457],[-69.83538,3.48046],[-69.82045,3.47566],[-69.81633,3.47635],[-69.81375,3.47943],[-69.81324,3.48389],[-69.81478,3.48749],[-69.82766,3.50154],[-69.83675,3.51559],[-69.84208,3.52741],[-69.84465,3.53666],[-69.84328,3.54797],[-69.84053,3.55208],[-69.83538,3.55585],[-69.8304,3.55739],[-69.81993,3.55739],[-69.81221,3.54557],[-69.81118,3.53512],[-69.81238,3.52844],[-69.81513,3.52415],[-69.81495,3.51713],[-69.81289,3.51113],[-69.80998,3.50788],[-69.80551,3.50633],[-69.79916,3.50719],[-69.78766,3.51696],[-69.78543,3.52604],[-69.78852,3.5442],[-69.78835,3.55225],[-69.78302,3.56253],[-69.77273,3.5651],[-69.75401,3.55962],[-69.74698,3.55619],[-69.73599,3.54506],[-69.72775,3.5418],[-69.7147,3.5466],[-69.7123,3.55276],[-69.71488,3.56167],[-69.71848,3.56818],[-69.72929,3.57213],[-69.73874,3.57264],[-69.74217,3.57675],[-69.74371,3.58292],[-69.74251,3.58806],[-69.73942,3.59149],[-69.72792,3.59183],[-69.71299,3.58086],[-69.70509,3.5723],[-69.70097,3.55842],[-69.69908,3.54111],[-69.69685,3.53906],[-69.69342,3.5394],[-69.67848,3.55928],[-69.67127,3.58086],[-69.65994,3.586],[-69.64913,3.58035],[-69.63746,3.56956],[-69.62801,3.56887],[-69.62407,3.57093],[-69.62115,3.57538],[-69.6184,3.59046],[-69.61617,3.59337],[-69.60793,3.59628],[-69.60364,3.59405],[-69.59334,3.56887],[-69.59076,3.56836],[-69.58682,3.57555],[-69.58527,3.58309],[-69.57549,3.60622],[-69.57634,3.62918],[-69.58167,3.64151],[-69.58235,3.65059],[-69.58115,3.65676],[-69.57463,3.6643],[-69.57051,3.66601],[-69.56931,3.67063],[-69.57119,3.67526],[-69.57463,3.67749],[-69.57909,3.67766],[-69.58991,3.67218],[-69.59351,3.67218],[-69.59488,3.67509],[-69.59025,3.68177],[-69.58098,3.68382],[-69.53583,3.67423],[-69.51008,3.678],[-69.50476,3.67766],[-69.5003,3.67526],[-69.49721,3.67063],[-69.49635,3.66087],[-69.49772,3.65247],[-69.49549,3.65042],[-69.49257,3.65008],[-69.48931,3.65179],[-69.48691,3.65539],[-69.48605,3.65916],[-69.48725,3.67183],[-69.47918,3.69307],[-69.467,3.70472],[-69.45979,3.70935],[-69.45326,3.70952],[-69.43747,3.70078],[-69.42734,3.67526],[-69.41927,3.66327],[-69.41309,3.66104],[-69.40606,3.66053],[-69.39953,3.66292],[-69.39593,3.67868],[-69.39112,3.68331],[-69.38683,3.68417],[-69.38099,3.68417],[-69.3779,3.67646],[-69.37705,3.66995],[-69.37481,3.66601],[-69.37018,3.66481],[-69.36263,3.66669],[-69.35662,3.67612],[-69.35169,3.67969],[-69.33206,3.69152],[-69.32216,3.69519],[-69.31582,3.7024],[-69.31428,3.71108],[-69.31002,3.71492],[-69.30402,3.71657],[-69.30003,3.71511],[-69.29539,3.7111],[-69.29056,3.7029],[-69.29118,3.69203],[-69.30387,3.66719],[-69.30639,3.6535],[-69.30402,3.64666],[-69.3012,3.64456],[-69.29384,3.64412],[-69.28722,3.64696],[-69.28204,3.65244],[-69.27325,3.6666],[-69.26918,3.67865],[-69.26901,3.6865],[-69.27211,3.69608],[-69.28184,3.704],[-69.28812,3.71248],[-69.28886,3.71978],[-69.28777,3.72325],[-69.28242,3.72545],[-69.2547,3.72138],[-69.24679,3.71828],[-69.24624,3.71329],[-69.24023,3.70095],[-69.24023,3.6804],[-69.23371,3.67389],[-69.22856,3.67218],[-69.22392,3.67509],[-69.22032,3.67903],[-69.21414,3.69787],[-69.21053,3.70147],[-69.20659,3.70301],[-69.20092,3.70181],[-69.19714,3.69599],[-69.19749,3.68931],[-69.20315,3.67749],[-69.19955,3.66841],[-69.19423,3.66635],[-69.18616,3.66858],[-69.17534,3.67663],[-69.16951,3.67303],[-69.16762,3.66241],[-69.16985,3.65556],[-69.18822,3.64048],[-69.18753,3.63483],[-69.18461,3.63243],[-69.1738,3.63106],[-69.16333,3.635],[-69.14341,3.65008],[-69.12831,3.67149],[-69.12453,3.6744],[-69.11784,3.67629],[-69.11149,3.67183],[-69.10874,3.66567],[-69.10737,3.65076],[-69.09998,3.63911],[-69.09432,3.63637],[-69.08951,3.63688],[-69.08436,3.64271],[-69.08368,3.64973],[-69.0799,3.6547],[-69.07506,3.65597],[-69.06888,3.6522],[-69.0617,3.63894],[-69.05776,3.63706],[-69.04454,3.64271],[-69.0318,3.66454],[-69.02425,3.66916],[-69.01158,3.68108],[-68.99421,3.69349],[-68.9779,3.69589],[-68.97018,3.69246],[-68.96008,3.68143],[-68.95356,3.67766],[-68.94446,3.67903],[-68.94034,3.68211],[-68.93584,3.69126],[-68.93447,3.69863],[-68.93879,3.71534],[-68.94669,3.72751],[-68.94837,3.73254],[-68.94666,3.73683],[-68.94271,3.74094],[-68.93433,3.74224],[-68.92606,3.73409],[-68.92451,3.72449],[-68.93035,3.69914],[-68.92812,3.69057],[-68.92249,3.68571],[-68.91579,3.68177],[-68.90343,3.68331],[-68.89519,3.68794],[-68.89107,3.6941],[-68.88012,3.70416],[-68.87129,3.70716],[-68.8632,3.70635],[-68.85563,3.70423],[-68.85159,3.7013],[-68.84352,3.68742],[-68.83837,3.67115],[-68.83477,3.66858],[-68.83116,3.66858],[-68.82876,3.6708],[-68.82773,3.67954],[-68.83425,3.68948],[-68.8406,3.70387],[-68.85142,3.71774],[-68.85434,3.72665],[-68.85451,3.73384],[-68.85142,3.73898],[-68.84524,3.74275],[-68.84129,3.74327],[-68.8346,3.74155],[-68.82756,3.73744],[-68.81915,3.72494],[-68.81245,3.72065],[-68.80627,3.71791],[-68.79683,3.71997],[-68.77932,3.72939],[-68.77297,3.73658],[-68.76919,3.74618],[-68.76833,3.76588],[-68.76645,3.77478],[-68.75752,3.78129],[-68.75306,3.78301],[-68.74671,3.78266],[-68.72988,3.77067],[-68.7213,3.7681],[-68.7146,3.76776],[-68.69641,3.76896],[-68.6777,3.77581],[-68.66843,3.77701],[-68.65246,3.76125],[-68.64886,3.76074],[-68.64508,3.76296],[-68.64388,3.76896],[-68.64474,3.77358],[-68.64783,3.77735],[-68.65847,3.78386],[-68.6765,3.78951],[-68.68113,3.79431],[-68.68216,3.8027],[-68.67735,3.80938],[-68.67066,3.81058],[-68.66379,3.80955],[-68.65624,3.8063],[-68.65006,3.79859],[-68.64251,3.78249],[-68.63204,3.77358],[-68.62757,3.77221],[-68.60371,3.78455],[-68.59787,3.78369],[-68.58981,3.77701],[-68.58517,3.77667],[-68.58002,3.78986],[-68.5759,3.7902],[-68.56989,3.78814],[-68.56217,3.78095],[-68.55479,3.76502],[-68.55067,3.76279],[-68.54741,3.76468],[-68.54861,3.77598],[-68.55582,3.7854],[-68.56698,3.79431],[-68.57264,3.80082],[-68.57487,3.8087],[-68.57247,3.81606],[-68.5668,3.81915],[-68.5608,3.81949],[-68.55462,3.8176],[-68.54689,3.81024],[-68.52646,3.7854],[-68.51496,3.77872],[-68.50913,3.77821],[-68.50174,3.78489],[-68.50157,3.79088],[-68.5038,3.79671],[-68.51342,3.8075],[-68.51531,3.81658],[-68.51342,3.82172],[-68.50398,3.83216],[-68.48012,3.85066],[-68.4717,3.85203],[-68.4657,3.85015],[-68.46055,3.84655],[-68.45334,3.83816],[-68.44939,3.83645],[-68.44201,3.8397],[-68.43909,3.84364],[-68.43857,3.85015],[-68.44166,3.85871],[-68.4499,3.87138],[-68.4499,3.87704],[-68.44355,3.88457],[-68.4384,3.88457],[-68.43068,3.88063],[-68.40973,3.85066],[-68.40596,3.84809],[-68.39583,3.84946],[-68.39222,3.85186],[-68.38965,3.85648],[-68.38896,3.86299],[-68.39325,3.87293],[-68.39772,3.87721],[-68.43205,3.89759],[-68.43583,3.90204],[-68.4372,3.91026],[-68.4293,3.92157],[-68.42347,3.92465],[-68.4166,3.92602],[-68.40493,3.92396],[-68.39205,3.9154],[-68.38381,3.91215],[-68.37574,3.91163],[-68.37025,3.91386],[-68.36236,3.92054],[-68.3524,3.92105],[-68.34673,3.92345],[-68.34382,3.92824],[-68.34296,3.93407],[-68.34502,3.93801],[-68.35103,3.94349],[-68.35343,3.94965],[-68.35309,3.9565],[-68.34656,3.97431],[-68.34897,3.98322],[-68.34673,3.98921],[-68.34261,3.99246],[-68.33626,3.99298],[-68.31257,3.97705],[-68.30451,3.9738],[-68.28648,3.97774],[-68.27103,3.97551],[-68.25472,3.97637],[-68.24254,3.97414],[-68.22777,3.96832],[-68.21988,3.96352],[-68.20889,3.96113],[-68.19979,3.96695],[-68.19825,3.97346],[-68.19808,3.97979],[-68.20614,3.99281],[-68.20494,3.99537],[-68.19705,3.99418],[-68.19447,3.99058],[-68.18949,3.98767],[-68.18297,3.98544],[-68.17713,3.98527],[-68.16409,3.98767],[-68.14864,3.99623],[-68.14057,3.99863],[-68.13422,3.99811],[-68.12684,3.9964],[-68.12203,3.99212],[-68.12048,3.9851],[-68.12254,3.97209],[-68.1337,3.95873],[-68.1349,3.9541],[-68.13405,3.94862],[-68.13061,3.94434],[-68.1198,3.9392],[-68.11276,3.94195],[-68.1071,3.94623],[-68.10366,3.95085],[-68.09774,3.97589],[-68.09452,3.97958],[-68.09058,3.98083],[-68.08177,3.98073],[-68.07362,3.97774],[-68.06984,3.97072],[-68.07087,3.96147],[-68.07414,3.95393],[-68.08186,3.94743],[-68.08375,3.94263],[-68.08073,3.93743],[-68.0772,3.93674],[-68.07494,3.93715],[-68.07194,3.94093],[-68.05749,3.97309],[-68.04942,4.0024],[-68.0453,4.0089],[-68.03877,4.01079],[-68.03328,4.01062],[-68.0283,4.00651],[-68.02607,4.0012],[-68.03019,3.98698],[-68.02968,3.9815],[-68.02573,3.97739],[-68.0156,3.9738],[-68.00667,3.97551],[-67.99775,3.97979],[-67.9914,3.97996],[-67.98487,3.97431],[-67.98144,3.96917],[-67.9756,3.96575],[-67.96462,3.96301],[-67.94436,3.96404],[-67.93458,3.96147],[-67.92754,3.95376],[-67.92101,3.93424],[-67.91741,3.90992],[-67.91319,3.90704],[-67.88308,3.91489],[-67.8714,3.92276],[-67.85716,3.93441],[-67.83261,3.96836],[-67.8151,3.97894],[-67.79738,3.99458],[-67.77825,4.00675],[-67.75073,4.02243],[-67.71818,4.03604],[-67.70958,4.04739],[-67.7138,4.05226],[-67.71853,4.06273],[-67.72016,4.07531],[-67.71882,4.08079],[-67.72541,4.0985],[-67.72879,4.10384],[-67.73557,4.12812],[-67.74205,4.13924],[-67.7727,4.16575],[-67.77665,4.1721],[-67.77901,4.17845],[-67.7809,4.19892],[-67.79701,4.22967],[-67.79839,4.23662],[-67.79545,4.26061],[-67.7913,4.2766],[-67.80198,4.30263],[-67.80567,4.31523],[-67.80401,4.32728],[-67.79912,4.33537],[-67.79101,4.34005],[-67.78188,4.34002],[-67.77344,4.33769],[-67.76381,4.34115],[-67.76161,4.34934],[-67.76392,4.3617],[-67.76623,4.36696],[-67.77086,4.3732],[-67.77878,4.37945],[-67.78,4.38422],[-67.77896,4.39235],[-67.77501,4.40044],[-67.7723,4.41242],[-67.77318,4.419],[-67.78714,4.42498],[-67.79782,4.43706],[-67.79561,4.45017],[-67.79277,4.45628],[-67.79179,4.46705],[-67.79464,4.47566],[-67.80107,4.48698],[-67.8104,4.49417],[-67.8398,4.50536],[-67.8537,4.51772],[-67.85723,4.52469],[-67.85759,4.53118],[-67.85515,4.53901],[-67.84052,4.55454],[-67.8393,4.55748],[-67.84015,4.56934],[-67.84611,4.59381],[-67.84385,4.61524],[-67.84531,4.62992],[-67.84494,4.64509],[-67.83871,4.66234],[-67.82273,4.69243],[-67.81784,4.70723],[-67.81942,4.72167],[-67.82381,4.73366],[-67.82636,4.76755],[-67.82635,4.78737],[-67.82232,4.80645],[-67.82328,4.83985],[-67.82645,4.85833],[-67.83571,4.88157],[-67.83545,4.90592],[-67.83873,4.94348],[-67.83568,4.94996],[-67.83019,4.95608],[-67.82328,4.97706],[-67.82034,5.00043],[-67.82143,5.0222],[-67.81972,5.02881],[-67.80971,5.04214],[-67.80593,5.05401],[-67.80866,5.05842],[-67.81666,5.0615],[-67.82194,5.06595],[-67.82296,5.07176],[-67.82211,5.08389],[-67.8267,5.0897],[-67.83925,5.11326],[-67.85064,5.12615],[-67.85428,5.13523],[-67.85384,5.14064],[-67.84318,5.16143],[-67.83791,5.17786],[-67.82632,5.19135],[-67.82444,5.19614],[-67.82518,5.20189],[-67.82907,5.20894],[-67.83076,5.22399],[-67.82355,5.24698],[-67.82387,5.25104],[-67.83141,5.26175],[-67.8469,5.26954],[-67.84932,5.27392],[-67.85135,5.28084],[-67.84951,5.30396],[-67.83827,5.32042],[-67.8198,5.3348],[-67.80742,5.35111],[-67.80031,5.35817],[-67.77474,5.36905],[-67.75295,5.38592],[-67.72681,5.39701],[-67.71738,5.41055],[-67.70609,5.42019],[-67.70053,5.42298],[-67.68091,5.42791],[-67.66549,5.44016],[-67.65054,5.45468],[-67.63442,5.46561],[-67.62497,5.47596],[-67.62301,5.48383],[-67.62284,5.49794],[-67.61903,5.51261],[-67.61446,5.51919],[-67.60787,5.52227],[-67.60494,5.52545],[-67.59966,5.5379],[-67.59889,5.54409],[-67.60254,5.55065],[-67.61578,5.56049],[-67.6201,5.56599],[-67.62,5.58842],[-67.62698,5.6047],[-67.63113,5.63368],[-67.63727,5.64629],[-67.63793,5.67501],[-67.63458,5.68782],[-67.63299,5.72112],[-67.63103,5.73261],[-67.61944,5.74818],[-67.61074,5.77656],[-67.60888,5.79465],[-67.60132,5.80709],[-67.59715,5.82824],[-67.58739,5.8405],[-67.56333,5.85933],[-67.55692,5.87307],[-67.54045,5.89591],[-67.53237,5.90429],[-67.52275,5.91178],[-67.50084,5.92177],[-67.47887,5.93619],[-67.47466,5.94036],[-67.47,5.94984],[-67.46382,5.95808],[-67.44096,5.97357],[-67.41616,5.98435],[-67.41204,5.98863],[-67.41013,5.99429],[-67.41014,6.00457],[-67.41249,6.01178],[-67.42339,6.02061],[-67.4277,6.0262],[-67.42778,6.03865],[-67.44206,6.04744],[-67.45989,6.06318],[-67.47169,6.08105],[-67.47586,6.09921],[-67.48687,6.11355],[-67.49464,6.13094],[-67.49407,6.15153],[-67.49102,6.16012],[-67.48224,6.16939],[-67.46807,6.17888],[-67.45685,6.19331],[-67.4633,6.20107],[-67.46697,6.20935],[-67.47667,6.21641],[-67.48896,6.22022],[-67.49176,6.22285],[-67.50776,6.22713],[-67.51529,6.23959],[-67.52211,6.2426],[-67.53481,6.26019],[-67.54745,6.26631],[-67.55441,6.26723],[-67.57723,6.26261],[-67.58664,6.26252],[-67.59655,6.26802],[-67.61072,6.28502],[-67.61798,6.28922],[-67.62526,6.29135],[-67.64135,6.28945],[-67.6649,6.29039],[-67.67897,6.29313],[-67.70011,6.29372],[-67.71852,6.30046],[-67.73606,6.29733],[-67.75665,6.2914],[-67.7615,6.29131],[-67.76996,6.29486],[-67.79758,6.321],[-67.80326,6.32353],[-67.81026,6.3243],[-67.83488,6.31771],[-67.84545,6.3122],[-67.85335,6.30162],[-67.86083,6.29494],[-67.90294,6.26688],[-67.923,6.24169],[-67.93004,6.23621],[-67.9549,6.2255],[-67.96637,6.2183],[-67.9783,6.20809],[-67.98553,6.20706],[-67.9954,6.20878],[-68.00186,6.2081],[-68.02754,6.19611],[-68.03674,6.19611],[-68.04292,6.1988],[-68.04999,6.20427],[-68.06425,6.22014],[-68.07769,6.2271],[-68.09791,6.23187],[-68.10518,6.2312],[-68.11339,6.2271],[-68.12049,6.22549],[-68.12836,6.22549],[-68.13564,6.22842],[-68.14185,6.22867],[-68.16828,6.2212],[-68.17619,6.21438],[-68.18679,6.2102],[-68.21399,6.20752],[-68.24058,6.19749],[-68.25739,6.19703],[-68.26327,6.19188],[-68.26882,6.18421],[-68.28436,6.17299],[-68.29606,6.16612],[-68.30697,6.16299],[-68.31452,6.16231],[-68.32838,6.16395],[-68.35484,6.1791],[-68.37357,6.18588],[-68.38144,6.18572],[-68.39386,6.18237],[-68.40303,6.18291],[-68.41271,6.18544],[-68.4272,6.18213],[-68.44857,6.18773],[-68.46337,6.18365],[-68.4769,6.18387],[-68.48799,6.18045],[-68.50289,6.18045],[-68.51008,6.17907],[-68.51373,6.17555],[-68.5188,6.1642],[-68.52248,6.15952],[-68.53347,6.15162],[-68.542,6.14898],[-68.55137,6.14974],[-68.57693,6.16698],[-68.58847,6.16633],[-68.59665,6.16348],[-68.61505,6.15111],[-68.62242,6.14213],[-68.63021,6.13583],[-68.64457,6.12915],[-68.66573,6.13215],[-68.67859,6.13053],[-68.68689,6.13195],[-68.69268,6.13754],[-68.69568,6.14734],[-68.70093,6.15073],[-68.70672,6.1521],[-68.7281,6.15199],[-68.74613,6.15685],[-68.75208,6.15685],[-68.76701,6.15218],[-68.79271,6.14741],[-68.79524,6.14935],[-68.79778,6.15725],[-68.80933,6.17042],[-68.82365,6.17816],[-68.82988,6.17997],[-68.85467,6.17795],[-68.86818,6.16928],[-68.87518,6.16718],[-68.88249,6.16737],[-68.91786,6.1773],[-68.93418,6.1769],[-68.96096,6.18908],[-68.97304,6.19614],[-68.98358,6.19607],[-69.00478,6.19163],[-69.01416,6.19293],[-69.01781,6.19466],[-69.02328,6.20106],[-69.03131,6.21723],[-69.04618,6.2217],[-69.06787,6.2175],[-69.08902,6.20996],[-69.09305,6.20538],[-69.0967,6.19724],[-69.10176,6.19412],[-69.12351,6.19107],[-69.13282,6.18358],[-69.13869,6.17547],[-69.1435,6.16257],[-69.1503,6.15088],[-69.15284,6.14963],[-69.173,6.14879],[-69.1777,6.14727],[-69.21197,6.11788],[-69.21732,6.10201],[-69.23282,6.08396],[-69.23861,6.07953],[-69.24971,6.07957],[-69.2598,6.08286],[-69.27007,6.08081],[-69.27825,6.08176],[-69.29066,6.08781],[-69.30887,6.08865],[-69.31204,6.0906],[-69.31641,6.09806],[-69.32926,6.13197],[-69.33541,6.13773],[-69.34213,6.13997],[-69.3498,6.13988],[-69.35951,6.13771],[-69.37499,6.12672],[-69.38304,6.12351],[-69.39323,6.12731],[-69.40427,6.12558],[-69.41223,6.12031],[-69.4171,6.11238],[-69.42756,6.1073],[-69.43046,6.1078],[-69.43569,6.10482],[-69.44479,6.09014],[-69.45249,6.08333],[-69.46884,6.07554],[-69.48576,6.06991],[-69.51396,6.05361],[-69.52783,6.05026],[-69.5357,6.0452],[-69.54155,6.04365],[-69.55759,6.04562],[-69.57101,6.04445],[-69.58778,6.04057],[-69.59983,6.04051],[-69.6155,6.03835],[-69.64178,6.03928],[-69.68863,6.04475],[-69.71668,6.0421],[-69.76489,6.05154],[-69.77032,6.05323],[-69.77723,6.05909],[-69.78158,6.06048],[-69.79414,6.06061],[-69.79977,6.06053],[-69.80571,6.05826],[-69.82274,6.04762],[-69.82649,6.04359],[-69.83867,6.03474],[-69.84284,6.03006],[-69.84567,6.02321],[-69.84702,6.00281],[-69.8619,5.97505],[-69.87774,5.96525],[-69.89246,5.95067],[-69.91269,5.91637],[-69.91752,5.91506],[-69.92989,5.90179],[-69.93453,5.88727],[-69.94561,5.87088],[-69.95855,5.86179],[-69.96479,5.85516],[-69.96964,5.84433],[-69.96711,5.83155],[-69.96774,5.82654],[-69.98653,5.79816],[-69.99457,5.79058],[-70.01276,5.77925],[-70.01785,5.76807],[-70.02181,5.76368],[-70.02222,5.75653],[-70.02509,5.755],[-70.03032,5.7567],[-70.03536,5.75137],[-70.04397,5.74737],[-70.04588,5.72949],[-70.05146,5.71473],[-70.0571,5.70976],[-70.06,5.70369],[-70.06623,5.69836],[-70.07297,5.68862],[-70.08928,5.67382],[-70.1001,5.65826],[-70.11554,5.64762],[-70.12409,5.63544],[-70.12986,5.62079],[-70.15722,5.60855],[-70.1663,5.60712],[-70.17433,5.60398],[-70.18577,5.5988],[-70.1941,5.59218],[-70.21565,5.59048],[-70.2261,5.58601],[-70.24206,5.57142],[-70.25724,5.56818],[-70.27192,5.56685],[-70.28705,5.56092],[-70.29336,5.56096],[-70.31485,5.56763],[-70.33138,5.57654],[-70.34922,5.58936],[-70.35622,5.59189],[-70.36591,5.58442],[-70.37328,5.57219],[-70.37785,5.56767],[-70.38319,5.56344],[-70.39611,5.5599],[-70.40985,5.55019],[-70.42413,5.5326],[-70.4408,5.52958],[-70.46106,5.51841],[-70.47619,5.51247],[-70.49059,5.49907],[-70.50693,5.49078],[-70.51296,5.47868],[-70.51645,5.47543],[-70.52873,5.47266],[-70.55207,5.45519],[-70.5574,5.45245],[-70.56392,5.45199],[-70.56685,5.44853],[-70.57146,5.43634],[-70.57689,5.42842],[-70.59249,5.42709],[-70.6062,5.42092],[-70.61078,5.41186],[-70.61828,5.40288],[-70.62467,5.40001],[-70.6365,5.401],[-70.64591,5.39018],[-70.65196,5.3866],[-70.66606,5.38653],[-70.67725,5.38816],[-70.68612,5.38451],[-70.68918,5.38212],[-70.69129,5.37375],[-70.69031,5.37076],[-70.68045,5.35955],[-70.68064,5.35039],[-70.68389,5.3394],[-70.6777,5.3317],[-70.67639,5.32473],[-70.67719,5.32047],[-70.6914,5.28895],[-70.71631,5.26763],[-70.72423,5.25766],[-70.74456,5.24484],[-70.7702,5.22019],[-70.79827,5.20357],[-70.81967,5.18848],[-70.82371,5.17614],[-70.82577,5.17353],[-70.83928,5.16479],[-70.84455,5.15849],[-70.8557,5.15365],[-70.86761,5.1525],[-70.89591,5.1466],[-70.9153,5.13668],[-70.92416,5.13694],[-70.9375,5.13218],[-70.93978,5.13013],[-70.95447,5.10995],[-70.95987,5.09335],[-70.96863,5.08381],[-70.97334,5.0758],[-70.97336,5.07289],[-70.97032,5.0701],[-70.97161,5.06705],[-70.97007,5.06342],[-70.97051,5.06037],[-70.97903,5.05622],[-70.97927,5.05216],[-70.98496,5.0468],[-70.98307,5.04047],[-70.99872,4.99823],[-71.00178,4.97978],[-71.00678,4.97028],[-71.01554,4.95981],[-71.0319,4.9461],[-71.04341,4.93805],[-71.05498,4.9332],[-71.05911,4.9286],[-71.06055,4.9225],[-71.06361,4.91932],[-71.06837,4.91834],[-71.0775,4.92464],[-71.07764,4.58225],[-71.07747,4.1228],[-71.07757,3.57661],[-71.07761,3.35582],[-71.07741,2.88214]]]}},{"type":"Feature","properties":{"shapeName":"Vaupés","shapeISO":"CO-VAU","shapeID":"13589884B22408468869829","shapeGroup":"COL","shapeType":"ADM1"},"geometry":{"type":"Polygon","coordinates":[[[-69.43287,-1.0714],[-69.43165,-1.06644],[-69.42475,-1.07199],[-69.42171,-1.07151],[-69.41954,-1.06899],[-69.42003,-1.06771],[-69.42564,-1.06707],[-69.43054,-1.06109],[-69.42916,-1.05977],[-69.42656,-1.06136],[-69.42525,-1.06051],[-69.42582,-1.05619],[-69.42311,-1.04947],[-69.41829,-1.04488],[-69.42014,-1.04277],[-69.42392,-1.04646],[-69.42862,-1.04317],[-69.42903,-1.03494],[-69.43027,-1.03552],[-69.43058,-1.03951],[-69.4329,-1.04125],[-69.4341,-1.03972],[-69.43161,-1.03598],[-69.43518,-1.03616],[-69.43744,-1.03397],[-69.44239,-1.03409],[-69.4449,-1.02338],[-69.44274,-1.02252],[-69.43984,-1.02814],[-69.43684,-1.02859],[-69.4386,-1.02362],[-69.4335,-1.02234],[-69.43132,-1.02003],[-69.43178,-1.01823],[-69.43472,-1.01712],[-69.43461,-1.01448],[-69.42971,-1.01546],[-69.42673,-1.01379],[-69.42252,-1.01402],[-69.41959,-1.01117],[-69.42337,-1.00991],[-69.42658,-1.01151],[-69.42984,-1.01115],[-69.43228,-1.00905],[-69.43195,-1.00603],[-69.42885,-1.00383],[-69.42504,-1.00741],[-69.42048,-1.00717],[-69.41867,-1.00478],[-69.41861,-0.99827],[-69.42042,-0.99752],[-69.4246,-1.00285],[-69.42958,-0.99974],[-69.43164,-1.00316],[-69.43369,-1.00391],[-69.43575,-1.0028],[-69.4345,-0.99782],[-69.43833,-0.99057],[-69.44049,-0.99073],[-69.44926,-0.9969],[-69.45138,-0.99612],[-69.45484,-0.99094],[-69.45606,-0.99067],[-69.45882,-0.99387],[-69.45948,-0.98812],[-69.46443,-0.98729],[-69.46732,-0.98218],[-69.46708,-0.98046],[-69.46354,-0.97941],[-69.46501,-0.97536],[-69.46187,-0.96789],[-69.46861,-0.96508],[-69.47115,-0.95745],[-69.47246,-0.95738],[-69.47402,-0.95992],[-69.47541,-0.95953],[-69.47674,-0.95623],[-69.48036,-0.95594],[-69.47993,-0.95213],[-69.48609,-0.94781],[-69.48822,-0.94843],[-69.48991,-0.95267],[-69.49197,-0.95249],[-69.4902,-0.94724],[-69.492,-0.94489],[-69.49407,-0.94494],[-69.49666,-0.94892],[-69.49996,-0.94913],[-69.50016,-0.94742],[-69.4975,-0.94636],[-69.49644,-0.94373],[-69.50064,-0.94212],[-69.50265,-0.93942],[-69.50861,-0.9389],[-69.50749,-0.93617],[-69.51063,-0.93337],[-69.51002,-0.92753],[-69.51193,-0.92739],[-69.51301,-0.93175],[-69.51629,-0.93234],[-69.51839,-0.93091],[-69.51744,-0.92626],[-69.51892,-0.92454],[-69.52123,-0.92449],[-69.52415,-0.92663],[-69.528,-0.92514],[-69.52847,-0.92337],[-69.52496,-0.92291],[-69.52353,-0.92067],[-69.52925,-0.91766],[-69.52947,-0.91191],[-69.5266,-0.90867],[-69.52922,-0.90522],[-69.5333,-0.90635],[-69.53487,-0.90458],[-69.53138,-0.90025],[-69.52236,-0.9022],[-69.52055,-0.9],[-69.52107,-0.89819],[-69.52755,-0.89808],[-69.53105,-0.89524],[-69.53027,-0.89313],[-69.5269,-0.89538],[-69.52153,-0.89252],[-69.52527,-0.89055],[-69.5222,-0.886],[-69.52552,-0.88184],[-69.53023,-0.87892],[-69.52345,-0.87462],[-69.53003,-0.87518],[-69.53186,-0.87336],[-69.53052,-0.87076],[-69.52856,-0.87346],[-69.52622,-0.87368],[-69.52582,-0.86795],[-69.53139,-0.86702],[-69.53082,-0.86164],[-69.53397,-0.85835],[-69.5355,-0.85949],[-69.53417,-0.86272],[-69.53579,-0.86702],[-69.53861,-0.86236],[-69.53766,-0.86006],[-69.53868,-0.85841],[-69.54059,-0.85803],[-69.54319,-0.86165],[-69.54495,-0.86177],[-69.54958,-0.85642],[-69.54787,-0.85302],[-69.54856,-0.85118],[-69.55059,-0.85019],[-69.55575,-0.85172],[-69.55626,-0.84487],[-69.5643,-0.84718],[-69.56697,-0.84541],[-69.57029,-0.84003],[-69.57268,-0.83917],[-69.57228,-0.83202],[-69.56744,-0.83256],[-69.56167,-0.82672],[-69.55806,-0.81893],[-69.55943,-0.81503],[-69.56488,-0.81041],[-69.56365,-0.809],[-69.56409,-0.80673],[-69.56964,-0.80449],[-69.56878,-0.80933],[-69.57466,-0.81001],[-69.57437,-0.79872],[-69.57589,-0.79894],[-69.57784,-0.80305],[-69.58018,-0.80265],[-69.57834,-0.79904],[-69.58325,-0.80027],[-69.58328,-0.79475],[-69.5865,-0.79385],[-69.58632,-0.79219],[-69.5887,-0.78955],[-69.58826,-0.78833],[-69.58437,-0.78811],[-69.58632,-0.78642],[-69.58592,-0.78191],[-69.58985,-0.78367],[-69.59223,-0.78219],[-69.5944,-0.78479],[-69.60074,-0.78463],[-69.60151,-0.78223],[-69.5975,-0.78342],[-69.59638,-0.7788],[-69.59786,-0.77833],[-69.59891,-0.7801],[-69.60093,-0.7788],[-69.60219,-0.7757],[-69.59999,-0.77263],[-69.60241,-0.77155],[-69.60288,-0.76762],[-69.60613,-0.77054],[-69.60638,-0.76827],[-69.61024,-0.76729],[-69.61186,-0.76542],[-69.6093,-0.76231],[-69.6097,-0.75863],[-69.60627,-0.75712],[-69.60634,-0.7547],[-69.60761,-0.7543],[-69.60923,-0.75697],[-69.61198,-0.75459],[-69.61568,-0.75725],[-69.6186,-0.75746],[-69.61922,-0.75595],[-69.61552,-0.75418],[-69.61625,-0.74933],[-69.615,-0.74573],[-69.61849,-0.74318],[-69.62157,-0.74683],[-69.62491,-0.74667],[-69.6247,-0.74417],[-69.62246,-0.74161],[-69.61594,-0.73718],[-69.61709,-0.73578],[-69.62115,-0.73755],[-69.6235,-0.73661],[-69.62183,-0.73395],[-69.62334,-0.72874],[-69.62152,-0.72796],[-69.62032,-0.73187],[-69.61849,-0.73249],[-69.61641,-0.72751],[-69.60775,-0.72624],[-69.60786,-0.72425],[-69.61005,-0.72436],[-69.61568,-0.71878],[-69.60974,-0.71716],[-69.60796,-0.72165],[-69.60556,-0.72113],[-69.60291,-0.71576],[-69.60765,-0.71315],[-69.60817,-0.71148],[-69.60583,-0.70981],[-69.60145,-0.71258],[-69.6027,-0.70914],[-69.59957,-0.70439],[-69.60181,-0.70309],[-69.60171,-0.70147],[-69.5978,-0.69954],[-69.59858,-0.69814],[-69.60186,-0.6985],[-69.60192,-0.69569],[-69.59748,-0.69569],[-69.59529,-0.69397],[-69.59602,-0.6923],[-69.59879,-0.69188],[-69.59894,-0.68839],[-69.59754,-0.68755],[-69.59451,-0.69115],[-69.59243,-0.69152],[-69.59175,-0.68927],[-69.5943,-0.68823],[-69.59498,-0.68573],[-69.59097,-0.68688],[-69.58742,-0.68182],[-69.5821,-0.68052],[-69.58481,-0.6715],[-69.58181,-0.67072],[-69.5789,-0.67259],[-69.57537,-0.66671],[-69.57681,-0.66519],[-69.57983,-0.66677],[-69.58122,-0.66111],[-69.57967,-0.66055],[-69.57695,-0.6625],[-69.5731,-0.6617],[-69.57316,-0.65985],[-69.57535,-0.66111],[-69.57745,-0.65983],[-69.57385,-0.65702],[-69.5734,-0.65275],[-69.57508,-0.65046],[-69.57156,-0.64979],[-69.57262,-0.64635],[-69.56902,-0.64213],[-69.56568,-0.64274],[-69.56352,-0.6409],[-69.56179,-0.63692],[-69.5668,-0.631],[-69.57129,-0.63316],[-69.57508,-0.62892],[-69.57441,-0.62764],[-69.57161,-0.6282],[-69.57305,-0.62475],[-69.56905,-0.62339],[-69.56955,-0.62147],[-69.5715,-0.62192],[-69.57281,-0.61829],[-69.57818,-0.6141],[-69.57874,-0.61733],[-69.5817,-0.61917],[-69.58586,-0.61816],[-69.58592,-0.61635],[-69.58239,-0.61506],[-69.58445,-0.61093],[-69.59013,-0.60663],[-69.5884,-0.60249],[-69.5928,-0.60196],[-69.59414,-0.59934],[-69.59731,-0.59884],[-69.5991,-0.59539],[-69.60156,-0.59673],[-69.60297,-0.59531],[-69.60348,-0.59005],[-69.60078,-0.58963],[-69.59473,-0.58004],[-69.59481,-0.57855],[-69.59723,-0.57778],[-69.5943,-0.57524],[-69.59622,-0.56606],[-69.59251,-0.56496],[-69.59317,-0.56298],[-69.59113,-0.56121],[-69.5928,-0.56034],[-69.59157,-0.55874],[-69.59243,-0.55747],[-69.59627,-0.55751],[-69.59237,-0.554],[-69.59443,-0.55117],[-69.59597,-0.551],[-69.59724,-0.55424],[-69.59704,-0.55233],[-69.59941,-0.5519],[-69.59824,-0.548],[-69.60131,-0.54916],[-69.60264,-0.54773],[-69.59887,-0.54449],[-69.60248,-0.54182],[-69.60522,-0.54212],[-69.60514,-0.54036],[-69.60818,-0.54036],[-69.60853,-0.53809],[-69.61031,-0.53841],[-69.61141,-0.53518],[-69.61365,-0.53432],[-69.61216,-0.53101],[-69.61378,-0.52899],[-69.6117,-0.52453],[-69.61461,-0.52338],[-69.6116,-0.5218],[-69.61421,-0.51986],[-69.61173,-0.51943],[-69.61288,-0.51719],[-69.61104,-0.51753],[-69.61002,-0.515],[-69.60764,-0.51537],[-69.60821,-0.51374],[-69.60983,-0.51393],[-69.6101,-0.51177],[-69.60813,-0.51094],[-69.60935,-0.50886],[-69.60647,-0.50862],[-69.60935,-0.50643],[-69.60714,-0.50491],[-69.61128,-0.50269],[-69.60783,-0.5008],[-69.61162,-0.49826],[-69.61144,-0.49968],[-69.61418,-0.50109],[-69.61397,-0.4985],[-69.61629,-0.49957],[-69.61728,-0.49733],[-69.62011,-0.49613],[-69.61912,-0.49877],[-69.62171,-0.49802],[-69.62446,-0.50037],[-69.62347,-0.49783],[-69.62606,-0.49783],[-69.62708,-0.49626],[-69.62529,-0.4945],[-69.6294,-0.49452],[-69.6318,-0.4917],[-69.63159,-0.49372],[-69.63354,-0.49618],[-69.63551,-0.49138],[-69.63666,-0.4934],[-69.63912,-0.4918],[-69.64077,-0.49362],[-69.64093,-0.49084],[-69.64264,-0.48953],[-69.63968,-0.48721],[-69.64317,-0.487],[-69.64355,-0.48441],[-69.64357,-0.48206],[-69.64181,-0.48054],[-69.64478,-0.48022],[-69.64552,-0.47768],[-69.65268,-0.47619],[-69.65308,-0.47416],[-69.65564,-0.47362],[-69.65487,-0.47093],[-69.65799,-0.47213],[-69.66206,-0.46656],[-69.66252,-0.46963],[-69.66415,-0.47002],[-69.66573,-0.46815],[-69.6645,-0.46666],[-69.66533,-0.4649],[-69.66645,-0.46487],[-69.66541,-0.46647],[-69.66685,-0.46693],[-69.66832,-0.46541],[-69.6693,-0.46802],[-69.67037,-0.46674],[-69.67261,-0.46717],[-69.67352,-0.46367],[-69.67379,-0.46623],[-69.67494,-0.46653],[-69.67571,-0.46431],[-69.67897,-0.46719],[-69.67961,-0.46486],[-69.68198,-0.46378],[-69.68044,-0.46239],[-69.68076,-0.46055],[-69.68294,-0.46191],[-69.69151,-0.45548],[-69.69405,-0.45975],[-69.69344,-0.45721],[-69.69581,-0.45764],[-69.69533,-0.45497],[-69.69717,-0.45494],[-69.69624,-0.45086],[-69.6996,-0.4515],[-69.69864,-0.45374],[-69.70395,-0.45475],[-69.7055,-0.45038],[-69.70886,-0.45427],[-69.7114,-0.45083],[-69.71063,-0.44838],[-69.71265,-0.44821],[-69.71191,-0.44963],[-69.71431,-0.45099],[-69.71607,-0.44813],[-69.71935,-0.44939],[-69.71871,-0.44389],[-69.7196,-0.44344],[-69.7217,-0.44717],[-69.72178,-0.44218],[-69.72365,-0.44434],[-69.72277,-0.44573],[-69.72646,-0.44587],[-69.72416,-0.44501],[-69.72525,-0.44229],[-69.72787,-0.44312],[-69.72731,-0.4409],[-69.73036,-0.44009],[-69.73089,-0.43755],[-69.7329,-0.43855],[-69.73471,-0.43702],[-69.73612,-0.43764],[-69.73791,-0.43456],[-69.73751,-0.43242],[-69.73967,-0.43377],[-69.73917,-0.42997],[-69.7424,-0.42813],[-69.7408,-0.42698],[-69.74088,-0.42228],[-69.7421,-0.4217],[-69.744,-0.42508],[-69.74396,-0.42023],[-69.74609,-0.42264],[-69.74614,-0.42025],[-69.74915,-0.42049],[-69.74789,-0.41938],[-69.74898,-0.41746],[-69.74829,-0.41509],[-69.75022,-0.41622],[-69.75062,-0.41423],[-69.75216,-0.41498],[-69.75165,-0.41141],[-69.75468,-0.41397],[-69.75498,-0.41122],[-69.75312,-0.40844],[-69.75521,-0.40825],[-69.75564,-0.40624],[-69.75724,-0.40699],[-69.76106,-0.40283],[-69.76322,-0.40261],[-69.76382,-0.40456],[-69.76499,-0.40387],[-69.76612,-0.40035],[-69.76914,-0.39775],[-69.77138,-0.39792],[-69.77101,-0.39461],[-69.77462,-0.39473],[-69.77274,-0.39412],[-69.7736,-0.3913],[-69.7745,-0.39309],[-69.77541,-0.39153],[-69.77793,-0.39155],[-69.77738,-0.39347],[-69.77954,-0.39572],[-69.78319,-0.39315],[-69.78528,-0.39478],[-69.78776,-0.39241],[-69.78976,-0.39275],[-69.79344,-0.38837],[-69.79348,-0.386],[-69.79162,-0.3838],[-69.80117,-0.38179],[-69.81108,-0.37268],[-69.81323,-0.37394],[-69.81558,-0.37178],[-69.81663,-0.37325],[-69.82361,-0.37445],[-69.82506,-0.37321],[-69.82816,-0.37569],[-69.82758,-0.37432],[-69.83034,-0.37193],[-69.82865,-0.36939],[-69.82872,-0.36255],[-69.83273,-0.35671],[-69.8322,-0.35389],[-69.83345,-0.35437],[-69.83591,-0.35065],[-69.83491,-0.34925],[-69.83751,-0.34793],[-69.83642,-0.34667],[-69.83717,-0.34289],[-69.839,-0.34139],[-69.83937,-0.34253],[-69.84209,-0.34269],[-69.8446,-0.33732],[-69.84667,-0.33833],[-69.8485,-0.33691],[-69.84853,-0.33857],[-69.85181,-0.33985],[-69.85224,-0.3383],[-69.85407,-0.33828],[-69.85354,-0.33983],[-69.85487,-0.33912],[-69.85593,-0.34053],[-69.85683,-0.33966],[-69.85856,-0.3407],[-69.85941,-0.33821],[-69.86129,-0.33971],[-69.86252,-0.33879],[-69.86271,-0.34004],[-69.86408,-0.339],[-69.8692,-0.34017],[-69.87363,-0.33937],[-69.87489,-0.33742],[-69.88068,-0.33655],[-69.87957,-0.33467],[-69.88162,-0.33417],[-69.88388,-0.33481],[-69.88446,-0.33688],[-69.8867,-0.3362],[-69.88625,-0.33784],[-69.88832,-0.33902],[-69.88698,-0.33985],[-69.88928,-0.34216],[-69.89113,-0.33946],[-69.89318,-0.3383],[-69.89502,-0.33961],[-69.89707,-0.33687],[-69.89784,-0.3382],[-69.90117,-0.33788],[-69.90284,-0.33506],[-69.90536,-0.33523],[-69.90788,-0.33337],[-69.90695,-0.33228],[-69.91153,-0.33067],[-69.91363,-0.32731],[-69.91568,-0.3264],[-69.91633,-0.32807],[-69.91669,-0.32674],[-69.92054,-0.32573],[-69.92353,-0.31726],[-69.92441,-0.31658],[-69.92556,-0.31788],[-69.92527,-0.31687],[-69.92855,-0.31646],[-69.92756,-0.31429],[-69.92906,-0.31277],[-69.92884,-0.31026],[-69.92962,-0.31135],[-69.93178,-0.3079],[-69.93251,-0.30897],[-69.93236,-0.30513],[-69.93463,-0.30508],[-69.93636,-0.29901],[-69.93497,-0.29433],[-69.93917,-0.2931],[-69.94218,-0.29456],[-69.94573,-0.29297],[-69.95204,-0.28279],[-69.9498,-0.27964],[-69.95571,-0.27672],[-69.95827,-0.27682],[-69.96295,-0.27366],[-69.96278,-0.27168],[-69.96695,-0.27072],[-69.97044,-0.26784],[-69.97745,-0.25827],[-69.97824,-0.25322],[-69.98273,-0.24539],[-69.98753,-0.24335],[-69.98847,-0.24472],[-69.99294,-0.24243],[-69.99301,-0.23272],[-69.99891,-0.22331],[-70.04323,-0.18998],[-70.04306,0.069],[-70.04675,0.25995],[-70.04705,0.56284],[-70.03837,0.56627],[-70.02676,0.56212],[-70.02088,0.55585],[-70.02282,0.54806],[-70.02058,0.54436],[-70.01252,0.5455],[-70.00879,0.54821],[-70.00551,0.54413],[-69.99578,0.54994],[-69.99632,0.55899],[-69.99172,0.56197],[-69.99378,0.56731],[-70.00043,0.57149],[-70.00014,0.57376],[-69.99551,0.5754],[-69.98939,0.56895],[-69.98542,0.56743],[-69.9853,0.57066],[-69.98832,0.57128],[-69.98835,0.57573],[-69.98492,0.57436],[-69.97781,0.57782],[-69.96349,0.57101],[-69.96349,0.56734],[-69.96068,0.5614],[-69.95576,0.5614],[-69.94615,0.55636],[-69.94075,0.55672],[-69.93564,0.55266],[-69.92905,0.55908],[-69.92943,0.56409],[-69.91956,0.57012],[-69.91594,0.57973],[-69.91392,0.58059],[-69.91753,0.58611],[-69.91632,0.59004],[-69.91175,0.58463],[-69.90877,0.58463],[-69.90317,0.58076],[-69.89949,0.58193],[-69.89776,0.58547],[-69.89422,0.58529],[-69.89212,0.57988],[-69.88741,0.57689],[-69.87971,0.57773],[-69.86899,0.58272],[-69.86689,0.57941],[-69.86017,0.57759],[-69.85854,0.57806],[-69.85621,0.58585],[-69.85145,0.58762],[-69.8495,0.58599],[-69.84376,0.58738],[-69.83756,0.58459],[-69.83532,0.58566],[-69.8328,0.59079],[-69.82268,0.59125],[-69.82142,0.58878],[-69.8127,0.58552],[-69.80921,0.57619],[-69.80272,0.57162],[-69.80156,0.57839],[-69.79652,0.57801],[-69.79466,0.57932],[-69.7941,0.58403],[-69.78808,0.58543],[-69.78706,0.59014],[-69.78533,0.59028],[-69.78239,0.59545],[-69.77936,0.59624],[-69.77787,0.59918],[-69.77363,0.59923],[-69.76719,0.60315],[-69.76201,0.60389],[-69.76225,0.60799],[-69.75022,0.6156],[-69.74884,0.61936],[-69.74679,0.61902],[-69.73858,0.60854],[-69.73534,0.6119],[-69.73134,0.61156],[-69.72295,0.61518],[-69.71721,0.6279],[-69.71795,0.62984],[-69.71549,0.63327],[-69.71553,0.64077],[-69.71027,0.64006],[-69.70855,0.64667],[-69.70743,0.64581],[-69.70228,0.65219],[-69.70008,0.65066],[-69.69788,0.65125],[-69.69527,0.65472],[-69.69079,0.64842],[-69.68643,0.65435],[-69.68736,0.6636],[-69.6711,0.66759],[-69.66692,0.66401],[-69.66416,0.66521],[-69.64886,0.66342],[-69.64767,0.65965],[-69.64543,0.65946],[-69.64256,0.65633],[-69.64215,0.65278],[-69.63901,0.64756],[-69.63961,0.64208],[-69.63692,0.63801],[-69.63372,0.63645],[-69.6295,0.62801],[-69.62756,0.62772],[-69.62674,0.62895],[-69.62603,0.63465],[-69.61973,0.6338],[-69.61644,0.62652],[-69.61189,0.62264],[-69.60771,0.61276],[-69.60529,0.61328],[-69.60443,0.61432],[-69.60671,0.61873],[-69.60596,0.63406],[-69.60368,0.63641],[-69.58902,0.63771],[-69.58697,0.64018],[-69.59275,0.64715],[-69.59749,0.64876],[-69.59701,0.6542],[-69.58623,0.6598],[-69.58445,0.66251],[-69.57982,0.66158],[-69.57397,0.66898],[-69.56675,0.67385],[-69.56624,0.68002],[-69.56156,0.68396],[-69.55786,0.68089],[-69.53521,0.67892],[-69.53079,0.6913],[-69.53246,0.69557],[-69.53204,0.70214],[-69.51443,0.71404],[-69.50569,0.71288],[-69.50297,0.7201],[-69.50014,0.72306],[-69.48701,0.72819],[-69.48002,0.73577],[-69.47047,0.7346],[-69.46343,0.73645],[-69.45937,0.73144],[-69.45907,0.72428],[-69.45615,0.71906],[-69.44669,0.71464],[-69.43964,0.71583],[-69.43338,0.71258],[-69.43406,0.70655],[-69.43621,0.70327],[-69.43591,0.69948],[-69.43087,0.69351],[-69.42204,0.691],[-69.42054,0.68892],[-69.4164,0.68859],[-69.41243,0.68522],[-69.41019,0.67767],[-69.40625,0.6759],[-69.40279,0.66334],[-69.39604,0.65755],[-69.39073,0.65498],[-69.38389,0.64714],[-69.36894,0.63439],[-69.35572,0.61529],[-69.35113,0.61395],[-69.34889,0.61497],[-69.34916,0.61789],[-69.34608,0.62165],[-69.34519,0.62538],[-69.33728,0.63371],[-69.33719,0.64179],[-69.33605,0.64278],[-69.33235,0.64284],[-69.32674,0.63705],[-69.32522,0.63684],[-69.32391,0.63988],[-69.32197,0.64054],[-69.32065,0.63296],[-69.3214,0.62819],[-69.31967,0.62616],[-69.31806,0.62714],[-69.31737,0.63221],[-69.31033,0.63717],[-69.30567,0.64329],[-69.29791,0.64878],[-69.28914,0.64997],[-69.28535,0.6492],[-69.28484,0.64785],[-69.28717,0.64481],[-69.28997,0.63517],[-69.28508,0.6255],[-69.28398,0.62013],[-69.28723,0.6144],[-69.29341,0.60974],[-69.29508,0.60688],[-69.29484,0.60389],[-69.28893,0.60419],[-69.28559,0.60619],[-69.28213,0.60398],[-69.27126,0.60151],[-69.2684,0.60655],[-69.26165,0.60563],[-69.25601,0.60727],[-69.25368,0.60488],[-69.24225,0.60909],[-69.23778,0.6033],[-69.23327,0.60234],[-69.22605,0.60664],[-69.22053,0.60831],[-69.217,0.60777],[-69.21315,0.60995],[-69.20936,0.60786],[-69.19975,0.60591],[-69.20112,0.62132],[-69.20369,0.63179],[-69.2006,0.6354],[-69.19631,0.6481],[-69.19425,0.64982],[-69.18121,0.65342],[-69.16593,0.65033],[-69.1582,0.65308],[-69.15408,0.64553],[-69.14378,0.64329],[-69.13452,0.6445],[-69.12902,0.63969],[-69.12782,0.63471],[-69.1225,0.63282],[-69.11804,0.6378],[-69.11563,0.64484],[-69.11821,0.65548],[-69.13108,0.67076],[-69.13469,0.67951],[-69.15254,0.70543],[-69.15941,0.71144],[-69.16868,0.7147],[-69.17782,0.71396],[-69.18297,0.71791],[-69.19001,0.74056],[-69.18469,0.74863],[-69.17696,0.75447],[-69.17542,0.75876],[-69.17181,0.75996],[-69.16237,0.75515],[-69.15533,0.76013],[-69.14881,0.76751],[-69.14692,0.78124],[-69.15293,0.7936],[-69.15482,0.8063],[-69.16752,0.82089],[-69.16512,0.83617],[-69.16615,0.84269],[-69.1646,0.84681],[-69.16048,0.84818],[-69.15499,0.84836],[-69.14692,0.84561],[-69.14229,0.84801],[-69.13748,0.8578],[-69.13576,0.87204],[-69.13902,0.87959],[-69.14263,0.88217],[-69.14864,0.87959],[-69.15671,0.8808],[-69.16632,0.8923],[-69.18142,0.90242],[-69.18245,0.90654],[-69.18846,0.91324],[-69.1919,0.92096],[-69.1919,0.92645],[-69.18863,0.93297],[-69.18194,0.93675],[-69.17301,0.934],[-69.16752,0.93435],[-69.16426,0.93812],[-69.1646,0.94156],[-69.16992,0.94465],[-69.17147,0.94997],[-69.19584,0.96061],[-69.20271,0.96061],[-69.20683,0.9649],[-69.20752,0.97073],[-69.21679,0.97245],[-69.21833,0.97623],[-69.21593,0.9812],[-69.1979,0.99614],[-69.19773,0.99974],[-69.20374,1.00386],[-69.20563,1.00901],[-69.21301,1.01828],[-69.22125,1.02308],[-69.22794,1.02995],[-69.23275,1.0375],[-69.23927,1.03836],[-69.24597,1.04608],[-69.24408,1.05466],[-69.24494,1.05655],[-69.25163,1.05672],[-69.25816,1.05329],[-69.26726,1.05312],[-69.27429,1.05466],[-69.28734,1.05243],[-69.28888,1.05466],[-69.287,1.0581],[-69.28854,1.06119],[-69.30382,1.06153],[-69.30554,1.07423],[-69.31189,1.07698],[-69.3203,1.08865],[-69.32788,1.08609],[-69.33764,1.07972],[-69.3409,1.07972],[-69.34227,1.08247],[-69.3457,1.08418],[-69.3491,1.08131],[-69.35594,1.07892],[-69.36132,1.07955],[-69.3627,1.08436],[-69.36549,1.08448],[-69.36955,1.07961],[-69.37132,1.08001],[-69.37477,1.08801],[-69.37641,1.08794],[-69.38234,1.07362],[-69.39943,1.05895],[-69.40355,1.05209],[-69.40407,1.0478],[-69.40888,1.04351],[-69.42312,1.04265],[-69.43016,1.04625],[-69.43583,1.06153],[-69.43222,1.06582],[-69.43377,1.07148],[-69.43943,1.07389],[-69.44819,1.07183],[-69.46003,1.0768],[-69.46741,1.0768],[-69.47546,1.07263],[-69.47833,1.07612],[-69.48561,1.07938],[-69.52732,1.07011],[-69.55256,1.07406],[-69.562,1.0708],[-69.57367,1.0732],[-69.59753,1.09397],[-69.60989,1.09826],[-69.62448,1.095],[-69.62963,1.08573],[-69.63358,1.08436],[-69.64199,1.08933],[-69.64577,1.08865],[-69.65229,1.08418],[-69.66843,1.08092],[-69.67255,1.07063],[-69.67718,1.06994],[-69.68577,1.07166],[-69.6923,1.07612],[-69.70386,1.07506],[-69.70585,1.09139],[-69.70482,1.10289],[-69.70122,1.11508],[-69.70156,1.11748],[-69.70963,1.11817],[-69.71484,1.11726],[-69.7212,1.10876],[-69.72664,1.1083],[-69.73452,1.11405],[-69.74619,1.11353],[-69.77366,1.10341],[-69.79072,1.08881],[-69.79752,1.07114],[-69.80627,1.06362],[-69.81606,1.0629],[-69.82047,1.06572],[-69.83268,1.0802],[-69.83869,1.07952],[-69.84266,1.07272],[-69.84265,1.71491],[-69.84634,1.71326],[-69.84722,1.70903],[-69.84985,1.71015],[-69.85145,1.70771],[-69.85359,1.70757],[-69.85703,1.71193],[-69.8601,1.70846],[-69.8621,1.71649],[-69.86371,1.71363],[-69.86616,1.71366],[-69.8651,1.71649],[-69.86589,1.71863],[-69.87009,1.71828],[-69.8776,1.72724],[-69.88803,1.72919],[-69.89198,1.73522],[-69.89894,1.73999],[-69.90473,1.74193],[-69.91169,1.74204],[-69.91939,1.74707],[-69.92028,1.7463],[-69.92011,1.74862],[-69.92214,1.74776],[-69.92397,1.7496],[-69.92557,1.74617],[-69.93121,1.74792],[-69.93276,1.74706],[-69.93241,1.74485],[-69.93542,1.74624],[-69.93846,1.74441],[-69.93994,1.74753],[-69.94025,1.74544],[-69.94186,1.74763],[-69.94316,1.74561],[-69.94443,1.74691],[-69.94631,1.74603],[-69.94639,1.74781],[-69.94844,1.74675],[-69.95013,1.74797],[-69.95252,1.74431],[-69.95618,1.74553],[-69.95831,1.74454],[-69.96037,1.74622],[-69.96421,1.74382],[-69.96585,1.74691],[-69.9705,1.74302],[-69.97462,1.74197],[-69.97806,1.74764],[-69.98313,1.74786],[-69.9854,1.75021],[-69.99034,1.74931],[-69.9946,1.75137],[-69.99703,1.75381],[-69.99582,1.75586],[-69.99842,1.75721],[-69.99885,1.75977],[-70.00182,1.76011],[-70.00347,1.76315],[-70.00824,1.76086],[-70.01016,1.76109],[-70.01056,1.76349],[-70.01782,1.76099],[-70.01988,1.7628],[-70.02317,1.76285],[-70.02377,1.76707],[-70.02684,1.76711],[-70.02883,1.76945],[-70.03352,1.76819],[-70.03559,1.77037],[-70.03858,1.76972],[-70.0405,1.77158],[-70.0425,1.77021],[-70.04252,1.77181],[-70.04475,1.77184],[-70.04428,1.77372],[-70.04765,1.77292],[-70.05108,1.77404],[-70.05424,1.77665],[-70.05451,1.7808],[-70.05694,1.78012],[-70.05725,1.78197],[-70.05967,1.78241],[-70.05974,1.78678],[-70.06238,1.7866],[-70.06289,1.78913],[-70.06523,1.78931],[-70.06487,1.79316],[-70.06851,1.79621],[-70.06684,1.79898],[-70.06815,1.80119],[-70.07078,1.8024],[-70.07549,1.80009],[-70.07783,1.80203],[-70.0805,1.80031],[-70.082,1.8037],[-70.08455,1.80411],[-70.08498,1.80704],[-70.08825,1.80579],[-70.08842,1.80844],[-70.09126,1.80871],[-70.09158,1.81172],[-70.09298,1.81143],[-70.09287,1.80918],[-70.0949,1.80987],[-70.09775,1.82041],[-70.10109,1.8241],[-70.10596,1.82606],[-70.1069,1.82924],[-70.10872,1.82779],[-70.11079,1.82891],[-70.11155,1.83065],[-70.10967,1.83274],[-70.11088,1.83472],[-70.11466,1.83659],[-70.12177,1.83648],[-70.12547,1.8386],[-70.12781,1.84127],[-70.12858,1.84613],[-70.13545,1.8489],[-70.13555,1.85453],[-70.14164,1.85693],[-70.1489,1.8669],[-70.15514,1.86969],[-70.15814,1.8675],[-70.16005,1.86847],[-70.16213,1.86748],[-70.16457,1.86948],[-70.16803,1.86727],[-70.17065,1.8691],[-70.17298,1.86699],[-70.17646,1.86908],[-70.1775,1.87132],[-70.17584,1.87299],[-70.17928,1.87645],[-70.18068,1.88478],[-70.17038,1.8988],[-70.16861,1.91284],[-70.1634,1.92242],[-70.16354,1.93071],[-70.15993,1.93245],[-70.15849,1.93681],[-70.15289,1.93666],[-70.14649,1.93431],[-70.13884,1.93394],[-70.13767,1.93492],[-70.1379,1.93923],[-70.1417,1.94688],[-70.1417,1.95191],[-70.13932,1.95478],[-70.13931,1.96148],[-70.13765,1.9653],[-70.1405,1.97009],[-70.14002,1.97751],[-70.12749,1.99161],[-70.12243,1.99376],[-70.11154,2.00257],[-70.11179,2.00439],[-70.11533,2.0068],[-70.11545,2.0095],[-70.11331,2.01287],[-70.11412,2.0176],[-70.11895,2.02425],[-70.11914,2.0299],[-70.12232,2.03997],[-70.11947,2.04568],[-70.11813,2.06033],[-70.11345,2.06883],[-70.1125,2.07413],[-70.10918,2.07553],[-70.11038,2.07958],[-70.11524,2.07983],[-70.12865,2.06975],[-70.13674,2.0677],[-70.13899,2.06435],[-70.14149,2.06701],[-70.1465,2.06454],[-70.14797,2.07022],[-70.14951,2.07172],[-70.15132,2.07132],[-70.15266,2.06488],[-70.15863,2.06185],[-70.16125,2.05833],[-70.162,2.05416],[-70.16038,2.0494],[-70.1626,2.04501],[-70.16678,2.04164],[-70.17105,2.04625],[-70.1726,2.04367],[-70.17108,2.03846],[-70.17303,2.04136],[-70.17618,2.03984],[-70.17518,2.03413],[-70.17979,2.02985],[-70.18057,2.02415],[-70.18435,2.02689],[-70.18738,2.02366],[-70.18993,2.02301],[-70.18927,2.02729],[-70.19336,2.03038],[-70.19479,2.02878],[-70.19224,2.02612],[-70.19495,2.02359],[-70.19906,2.02366],[-70.20118,2.02729],[-70.20398,2.02673],[-70.20495,2.02257],[-70.20294,2.01933],[-70.20539,2.01842],[-70.20801,2.01993],[-70.2087,2.02504],[-70.2119,2.02468],[-70.21101,2.02035],[-70.21194,2.01967],[-70.2151,2.02053],[-70.21559,2.02522],[-70.22103,2.02399],[-70.21861,2.02834],[-70.22137,2.03177],[-70.2258,2.03401],[-70.22959,2.03412],[-70.23309,2.03149],[-70.23667,2.03082],[-70.238,2.02435],[-70.24157,2.02268],[-70.24518,2.0233],[-70.24608,2.02533],[-70.2446,2.02873],[-70.24876,2.0301],[-70.25468,2.0262],[-70.25296,2.01913],[-70.25938,2.0138],[-70.26258,2.0146],[-70.2635,2.01697],[-70.26264,2.02204],[-70.26566,2.02333],[-70.27095,2.02084],[-70.27547,2.01424],[-70.27699,2.01517],[-70.27463,2.01778],[-70.27542,2.02009],[-70.28264,2.0145],[-70.29292,2.01315],[-70.29721,2.01596],[-70.29922,2.01527],[-70.3006,2.01258],[-70.30509,2.01357],[-70.30725,2.01157],[-70.30639,2.0066],[-70.31044,2.01067],[-70.31451,2.01064],[-70.31768,2.01274],[-70.31879,2.00972],[-70.31654,2.00412],[-70.32023,2.00653],[-70.32273,2.00589],[-70.32281,1.99729],[-70.32953,1.99911],[-70.33116,1.99699],[-70.32998,1.99351],[-70.33273,1.99646],[-70.33626,1.99553],[-70.33732,1.99931],[-70.34044,2.00037],[-70.34375,1.99577],[-70.34117,1.98829],[-70.3448,1.98783],[-70.34624,1.99198],[-70.34813,1.99231],[-70.35134,1.98313],[-70.35552,1.98941],[-70.35845,1.98482],[-70.36448,1.9851],[-70.36135,1.98834],[-70.36518,1.99066],[-70.36398,1.99606],[-70.36722,1.99984],[-70.3679,2.00388],[-70.37217,2.00221],[-70.37687,2.0048],[-70.38007,2.00356],[-70.38208,1.99585],[-70.37666,1.99136],[-70.37642,1.98808],[-70.37887,1.98539],[-70.38315,1.98649],[-70.38685,1.98464],[-70.38953,1.98562],[-70.38931,1.98945],[-70.39203,1.99144],[-70.39103,1.99525],[-70.39543,1.9956],[-70.39797,1.99839],[-70.40369,1.99619],[-70.40546,1.98936],[-70.4065,1.99182],[-70.41036,1.99202],[-70.41338,1.99004],[-70.41467,1.98619],[-70.41663,1.98566],[-70.42174,1.9865],[-70.42497,1.9903],[-70.43058,1.99039],[-70.43247,1.99784],[-70.43518,1.99949],[-70.43854,1.99521],[-70.4421,1.99341],[-70.44141,1.98602],[-70.44435,1.98727],[-70.44681,1.98426],[-70.45106,1.98329],[-70.45655,1.98826],[-70.46439,1.98403],[-70.46586,1.97893],[-70.46458,1.97814],[-70.46149,1.98117],[-70.46359,1.97578],[-70.45758,1.97143],[-70.45947,1.96842],[-70.46248,1.96698],[-70.46401,1.97136],[-70.46562,1.97225],[-70.46704,1.97114],[-70.46836,1.96766],[-70.46432,1.9657],[-70.46442,1.96252],[-70.46848,1.96262],[-70.4773,1.96661],[-70.48491,1.96303],[-70.48525,1.95974],[-70.48063,1.96257],[-70.47946,1.959],[-70.48319,1.95871],[-70.48206,1.95554],[-70.4833,1.95374],[-70.48757,1.9542],[-70.48954,1.95292],[-70.48695,1.94923],[-70.48693,1.94568],[-70.49122,1.94845],[-70.49576,1.94805],[-70.50161,1.95],[-70.50381,1.94812],[-70.50399,1.94234],[-70.50999,1.9399],[-70.51245,1.94277],[-70.50981,1.94527],[-70.50924,1.94925],[-70.51421,1.95165],[-70.51415,1.95704],[-70.52345,1.95412],[-70.52015,1.95085],[-70.52388,1.94684],[-70.52827,1.95007],[-70.52877,1.9566],[-70.53192,1.95716],[-70.53598,1.95386],[-70.53949,1.94661],[-70.54532,1.94698],[-70.54668,1.9408],[-70.54908,1.93789],[-70.55603,1.94122],[-70.55955,1.93772],[-70.56128,1.94095],[-70.56537,1.93277],[-70.56932,1.93211],[-70.57247,1.93578],[-70.57339,1.93252],[-70.5784,1.93215],[-70.57899,1.92813],[-70.58274,1.93083],[-70.5829,1.93495],[-70.58656,1.9352],[-70.58982,1.93863],[-70.5922,1.93644],[-70.5956,1.93726],[-70.59649,1.93327],[-70.59849,1.93542],[-70.60074,1.93447],[-70.60247,1.93114],[-70.60204,1.92668],[-70.60471,1.92397],[-70.60615,1.92373],[-70.60718,1.92719],[-70.60914,1.92781],[-70.60813,1.92329],[-70.60953,1.92152],[-70.61135,1.92213],[-70.61131,1.92546],[-70.61387,1.92859],[-70.61745,1.93013],[-70.62088,1.92979],[-70.62229,1.92584],[-70.62047,1.92345],[-70.61695,1.92224],[-70.6171,1.9199],[-70.62325,1.91789],[-70.62904,1.92114],[-70.63374,1.91908],[-70.63625,1.91301],[-70.63219,1.90964],[-70.63369,1.90824],[-70.63849,1.90844],[-70.63798,1.90662],[-70.63509,1.90532],[-70.63718,1.90282],[-70.64219,1.90423],[-70.64561,1.90792],[-70.64674,1.9047],[-70.64915,1.90439],[-70.65274,1.91138],[-70.65556,1.91226],[-70.6598,1.91115],[-70.66199,1.91403],[-70.6635,1.91176],[-70.6633,1.90762],[-70.66832,1.90212],[-70.67704,1.90798],[-70.67931,1.90586],[-70.6773,1.90313],[-70.68102,1.90128],[-70.68006,1.90733],[-70.6831,1.90898],[-70.68471,1.90331],[-70.6904,1.89742],[-70.69221,1.89894],[-70.69225,1.90181],[-70.69452,1.9029],[-70.6927,1.90546],[-70.695,1.90872],[-70.69594,1.90519],[-70.69894,1.90306],[-70.70068,1.90688],[-70.70478,1.90641],[-70.70464,1.91078],[-70.70281,1.91196],[-70.70002,1.90993],[-70.69914,1.91154],[-70.70023,1.913],[-70.70595,1.91243],[-70.70713,1.91614],[-70.70908,1.91743],[-70.71079,1.91595],[-70.71031,1.91282],[-70.71252,1.91274],[-70.7143,1.91418],[-70.71492,1.91812],[-70.71686,1.91875],[-70.71669,1.91212],[-70.71931,1.91],[-70.72075,1.912],[-70.71821,1.91555],[-70.722,1.91445],[-70.72419,1.91545],[-70.72191,1.91683],[-70.72132,1.91926],[-70.72708,1.92],[-70.72938,1.92331],[-70.73127,1.92011],[-70.73346,1.92395],[-70.73816,1.92115],[-70.74248,1.92205],[-70.74525,1.92059],[-70.74552,1.91833],[-70.74285,1.91783],[-70.74128,1.91453],[-70.74243,1.90809],[-70.7462,1.90801],[-70.74743,1.91275],[-70.75149,1.90956],[-70.75625,1.91229],[-70.76087,1.90965],[-70.76472,1.91399],[-70.76003,1.91862],[-70.7702,1.9273],[-70.77386,1.9251],[-70.77141,1.92216],[-70.7728,1.91985],[-70.77534,1.91966],[-70.77881,1.92248],[-70.7814,1.92117],[-70.77687,1.91739],[-70.7794,1.91226],[-70.78557,1.91456],[-70.79086,1.91462],[-70.79507,1.91714],[-70.79724,1.91525],[-70.79506,1.91258],[-70.79533,1.90911],[-70.79918,1.9082],[-70.80088,1.90507],[-70.80307,1.90607],[-70.80447,1.90982],[-70.80845,1.90734],[-70.81019,1.9138],[-70.8154,1.90959],[-70.82128,1.9093],[-70.82534,1.9124],[-70.82837,1.91739],[-70.8324,1.91933],[-70.83487,1.91687],[-70.83122,1.9121],[-70.8322,1.91018],[-70.83399,1.91013],[-70.84049,1.91425],[-70.84667,1.92052],[-70.85164,1.91667],[-70.85257,1.91091],[-70.85746,1.91186],[-70.85989,1.91693],[-70.86192,1.91473],[-70.86224,1.91027],[-70.86567,1.90866],[-70.86936,1.91308],[-70.86974,1.92038],[-70.8743,1.92028],[-70.87726,1.92243],[-70.87566,1.92977],[-70.87685,1.93254],[-70.87883,1.93298],[-70.88091,1.93146],[-70.88209,1.92353],[-70.88354,1.92193],[-70.88801,1.92221],[-70.89041,1.92465],[-70.89092,1.9277],[-70.89367,1.92774],[-70.89377,1.92535],[-70.88969,1.92182],[-70.88981,1.91996],[-70.89169,1.9179],[-70.89325,1.91826],[-70.89916,1.90302],[-70.9066,1.89098],[-70.92431,1.88142],[-70.92579,1.87942],[-70.92508,1.87696],[-70.93143,1.87397],[-70.93699,1.86685],[-70.94183,1.86776],[-70.94222,1.86598],[-70.94463,1.86468],[-70.94186,1.85985],[-70.9428,1.85827],[-70.94719,1.85648],[-70.95369,1.84814],[-70.96283,1.84601],[-70.9619,1.84266],[-70.96291,1.84124],[-70.9689,1.83996],[-70.97417,1.84339],[-70.97498,1.83865],[-70.98001,1.84052],[-70.9801,1.83404],[-70.98208,1.83191],[-70.98514,1.83111],[-70.98974,1.83445],[-70.98655,1.82526],[-70.99349,1.82215],[-70.99976,1.81529],[-71.00426,1.82392],[-71.00808,1.82457],[-71.01252,1.8226],[-71.00916,1.81812],[-71.01147,1.81448],[-71.01399,1.81473],[-71.01988,1.82129],[-71.01848,1.81409],[-71.02623,1.81005],[-71.03557,1.81074],[-71.04268,1.81731],[-71.04778,1.80449],[-71.05892,1.80553],[-71.06415,1.79835],[-71.07006,1.80669],[-71.08173,1.79665],[-71.09359,1.80102],[-71.08673,1.79242],[-71.09007,1.7883],[-71.09413,1.79022],[-71.09425,1.77912],[-71.09775,1.77921],[-71.1113,1.785],[-71.11431,1.78433],[-71.11835,1.77978],[-71.12506,1.78222],[-71.12758,1.77158],[-71.137,1.76875],[-71.14338,1.75924],[-71.14548,1.75917],[-71.15054,1.76296],[-71.15464,1.76256],[-71.17969,1.7461],[-71.19607,1.73134],[-71.1997,1.72551],[-71.20457,1.71248],[-71.20847,1.70697],[-71.23427,1.6901],[-71.23931,1.68441],[-71.24493,1.67263],[-71.25376,1.66821],[-71.2612,1.66893],[-71.26814,1.67981],[-71.28505,1.68464],[-71.29571,1.69738],[-71.3052,1.70063],[-71.30934,1.70356],[-71.31513,1.71444],[-71.3231,1.70702],[-71.33631,1.70413],[-71.3462,1.70578],[-71.3613,1.7023],[-71.36696,1.71012],[-71.37972,1.72259],[-71.38346,1.72776],[-71.38422,1.73335],[-71.38999,1.73518],[-71.38815,1.7273],[-71.38916,1.71967],[-71.3971,1.70946],[-71.38654,1.65946],[-71.38745,1.65279],[-71.39247,1.64355],[-71.39462,1.63224],[-71.3931,1.62425],[-71.39803,1.61423],[-71.39494,1.6105],[-71.39411,1.60548],[-71.39016,1.60233],[-71.39036,1.59912],[-71.39302,1.59542],[-71.39785,1.59379],[-71.39813,1.5892],[-71.40089,1.58656],[-71.4034,1.5809],[-71.4069,1.58122],[-71.41002,1.5845],[-71.41548,1.5863],[-71.41982,1.58597],[-71.42313,1.5834],[-71.43601,1.55639],[-71.43572,1.5507],[-71.43065,1.54438],[-71.43007,1.54049],[-71.43778,1.53161],[-71.44249,1.50969],[-71.45367,1.48421],[-71.45602,1.47114],[-71.4711,1.45952],[-71.47798,1.45203],[-71.48958,1.44746],[-71.49017,1.4445],[-71.48899,1.44213],[-71.47951,1.43394],[-71.47701,1.42583],[-71.47603,1.41869],[-71.478,1.40407],[-71.48994,1.38588],[-71.49015,1.37418],[-71.49468,1.37246],[-71.49564,1.36511],[-71.50189,1.36382],[-71.50504,1.35879],[-71.50362,1.35736],[-71.50677,1.35442],[-71.50524,1.35224],[-71.50845,1.34724],[-71.50519,1.34763],[-71.50503,1.34268],[-71.51017,1.3408],[-71.50748,1.3349],[-71.50999,1.33341],[-71.51013,1.33671],[-71.51165,1.3372],[-71.51146,1.33318],[-71.5141,1.32874],[-71.51301,1.32698],[-71.52018,1.32111],[-71.51602,1.31694],[-71.51911,1.31577],[-71.51877,1.31864],[-71.51975,1.3189],[-71.52285,1.31692],[-71.518,1.31052],[-71.51755,1.30716],[-71.51873,1.30533],[-71.52261,1.31075],[-71.52292,1.30715],[-71.52083,1.3032],[-71.52173,1.29929],[-71.52458,1.3043],[-71.5275,1.3031],[-71.52665,1.29693],[-71.52568,1.29551],[-71.52324,1.296],[-71.52313,1.2933],[-71.52442,1.29247],[-71.53083,1.29632],[-71.53041,1.29251],[-71.53275,1.28954],[-71.53139,1.28338],[-71.52823,1.28213],[-71.52503,1.28544],[-71.52439,1.28384],[-71.52635,1.27825],[-71.53196,1.27848],[-71.53635,1.2755],[-71.54032,1.27496],[-71.54407,1.27563],[-71.54718,1.27923],[-71.54855,1.27875],[-71.54935,1.2755],[-71.54939,1.27982],[-71.55101,1.28006],[-71.55281,1.27734],[-71.54563,1.26757],[-71.54748,1.26576],[-71.54801,1.25946],[-71.54572,1.2594],[-71.54275,1.26154],[-71.54134,1.26037],[-71.54296,1.25641],[-71.54857,1.25395],[-71.55101,1.25125],[-71.54575,1.25125],[-71.54401,1.24982],[-71.54365,1.24664],[-71.54212,1.2458],[-71.54472,1.24312],[-71.54479,1.2395],[-71.54336,1.23866],[-71.5409,1.24032],[-71.53964,1.23641],[-71.54059,1.23443],[-71.54335,1.23411],[-71.54161,1.23139],[-71.54384,1.22972],[-71.54164,1.22926],[-71.54002,1.23158],[-71.53938,1.23029],[-71.53991,1.22739],[-71.54427,1.22301],[-71.55121,1.22065],[-71.55063,1.21648],[-71.55332,1.21376],[-71.55171,1.21155],[-71.55327,1.20777],[-71.54875,1.20524],[-71.54504,1.20785],[-71.54288,1.20463],[-71.54379,1.20203],[-71.53848,1.20326],[-71.54003,1.20769],[-71.53447,1.20645],[-71.53095,1.20006],[-71.53327,1.19352],[-71.53012,1.19409],[-71.52965,1.19205],[-71.52725,1.1918],[-71.52856,1.18349],[-71.53169,1.18004],[-71.52785,1.17781],[-71.52804,1.17456],[-71.52461,1.17664],[-71.52256,1.17508],[-71.51917,1.17508],[-71.51764,1.17249],[-71.51335,1.1728],[-71.51589,1.16931],[-71.51446,1.16636],[-71.51756,1.16631],[-71.51776,1.16443],[-71.51679,1.16248],[-71.51479,1.16561],[-71.51107,1.16402],[-71.51072,1.15385],[-71.50874,1.15453],[-71.50779,1.15309],[-71.5122,1.15037],[-71.50179,1.14808],[-71.50874,1.14333],[-71.5084,1.13814],[-71.49484,1.13398],[-71.48495,1.11563],[-71.48413,1.11321],[-71.48533,1.11016],[-71.49276,1.10624],[-71.50273,1.10431],[-71.52381,1.11484],[-71.5355,1.12477],[-71.5366,1.12737],[-71.53529,1.13586],[-71.53106,1.14691],[-71.5313,1.16026],[-71.53629,1.16365],[-71.54009,1.16375],[-71.55584,1.15665],[-71.55803,1.15108],[-71.55782,1.14646],[-71.5408,1.12132],[-71.54048,1.11493],[-71.54408,1.113],[-71.55215,1.1133],[-71.55874,1.12159],[-71.56339,1.13138],[-71.5649,1.12876],[-71.56981,1.1259],[-71.58123,1.12773],[-71.58367,1.12702],[-71.58351,1.1204],[-71.57662,1.1197],[-71.57541,1.11717],[-71.57651,1.1126],[-71.58453,1.11043],[-71.5781,1.10617],[-71.58182,1.0975],[-71.57424,1.09611],[-71.57295,1.09147],[-71.57414,1.08797],[-71.57838,1.08713],[-71.57698,1.08111],[-71.58127,1.08011],[-71.58116,1.07415],[-71.58896,1.07208],[-71.58414,1.06484],[-71.58466,1.06142],[-71.58945,1.05985],[-71.5856,1.05311],[-71.58991,1.05128],[-71.58568,1.04944],[-71.58568,1.04602],[-71.60331,1.04341],[-71.60858,1.03795],[-71.61515,1.03805],[-71.6179,1.03647],[-71.62089,1.02657],[-71.62771,1.02479],[-71.63092,1.02237],[-71.63113,1.01674],[-71.63449,1.0152],[-71.6355,1.00955],[-71.63905,1.00764],[-71.63766,1.00118],[-71.64396,0.99897],[-71.6451,0.99153],[-71.64968,0.9862],[-71.65838,0.98145],[-71.65845,0.97584],[-71.66345,0.97271],[-71.67252,0.97478],[-71.6778,0.97201],[-71.68177,0.97231],[-71.68599,0.97666],[-71.69197,0.97744],[-71.69396,0.98165],[-71.70046,0.98166],[-71.704,0.98585],[-71.70951,0.98828],[-71.71812,0.98893],[-71.7262,0.98505],[-71.73746,0.98692],[-71.74198,0.98551],[-71.74723,0.97671],[-71.74824,0.9721],[-71.75539,0.96476],[-71.75873,0.9633],[-71.76517,0.96366],[-71.76973,0.96084],[-71.76845,0.94626],[-71.77042,0.94025],[-71.76746,0.93086],[-71.76949,0.92449],[-71.7692,0.91904],[-71.77324,0.91662],[-71.77938,0.90383],[-71.7875,0.89922],[-71.79294,0.89313],[-71.80335,0.88805],[-72.03268,0.66782],[-72.03294,0.66448],[-72.0254,0.66417],[-72.02126,0.66182],[-72.01778,0.65588],[-72.01417,0.65321],[-72.01082,0.65338],[-72.00044,0.65909],[-71.9976,0.6575],[-71.99382,0.64412],[-71.9947,0.63306],[-71.99331,0.63133],[-71.98058,0.63233],[-71.9885,0.61416],[-71.99631,0.60498],[-71.99958,0.60189],[-72.01151,0.59683],[-72.00988,0.59442],[-72.00601,0.59288],[-71.99477,0.59116],[-71.98876,0.58636],[-71.99074,0.57116],[-71.98962,0.56344],[-71.9867,0.56035],[-71.97408,0.55941],[-71.96344,0.55503],[-71.96035,0.5522],[-71.95529,0.54173],[-71.95263,0.53924],[-71.94936,0.54044],[-71.94241,0.55142],[-71.94413,0.56327],[-71.94387,0.5679],[-71.94173,0.57013],[-71.93941,0.57022],[-71.93555,0.56181],[-71.92954,0.55348],[-71.92851,0.54464],[-71.92293,0.53331],[-71.91812,0.52705],[-71.91297,0.51366],[-71.91555,0.50963],[-71.92121,0.50576],[-71.92662,0.4983],[-71.92851,0.49418],[-71.92825,0.48628],[-71.9231,0.47899],[-71.91838,0.47735],[-71.90739,0.47881],[-71.90199,0.47452],[-71.90104,0.47066],[-71.90516,0.4662],[-71.91898,0.46019],[-71.92113,0.45787],[-71.92121,0.4541],[-71.91855,0.45066],[-71.91108,0.44431],[-71.9049,0.44311],[-71.89838,0.44294],[-71.8904,0.44577],[-71.88636,0.45015],[-71.88482,0.4553],[-71.88731,0.4656],[-71.88679,0.46843],[-71.88388,0.46843],[-71.86903,0.45986],[-71.85537,0.45526],[-71.85319,0.44809],[-71.84582,0.43569],[-71.84529,0.42936],[-71.84736,0.41527],[-71.84472,0.41105],[-71.84036,0.40819],[-71.83304,0.40614],[-71.8244,0.40637],[-71.8251,0.40035],[-71.83562,0.39558],[-71.83281,0.37317],[-71.83425,0.36649],[-71.84088,0.35996],[-71.85341,0.35533],[-71.85295,0.35155],[-71.85106,0.34944],[-71.84128,0.34487],[-71.83275,0.33894],[-71.82422,0.33884],[-71.80617,0.34689],[-71.80191,0.35275],[-71.80184,0.3612],[-71.80448,0.36356],[-71.81493,0.36729],[-71.81616,0.36905],[-71.81513,0.37266],[-71.81206,0.37322],[-71.78852,0.36425],[-71.7791,0.36468],[-71.76622,0.36971],[-71.76669,0.36512],[-71.77187,0.3589],[-71.7727,0.34849],[-71.7761,0.3461],[-71.78504,0.34502],[-71.78759,0.34236],[-71.78886,0.33826],[-71.7871,0.33352],[-71.7765,0.33089],[-71.76819,0.32713],[-71.76027,0.32924],[-71.75554,0.33221],[-71.75298,0.33198],[-71.75216,0.3287],[-71.75384,0.3191],[-71.75198,0.30018],[-71.74732,0.29146],[-71.73771,0.28563],[-71.73366,0.28689],[-71.7317,0.29902],[-71.72621,0.30897],[-71.71247,0.31395],[-71.70635,0.31898],[-71.70292,0.31707],[-71.69898,0.30557],[-71.70138,0.29726],[-71.70355,0.29508],[-71.71559,0.29204],[-71.72417,0.2876],[-71.72639,0.28226],[-71.72277,0.27447],[-71.71101,0.25948],[-71.69737,0.23688],[-71.65651,0.21954],[-71.64535,0.20975],[-71.6401,0.20914],[-71.62583,0.21595],[-71.6229,0.21543],[-71.62612,0.20776],[-71.62617,0.20437],[-71.61704,0.19807],[-71.61625,0.19534],[-71.6194,0.19168],[-71.629,0.19183],[-71.63675,0.18647],[-71.63602,0.18389],[-71.62193,0.18501],[-71.61129,0.1821],[-71.60565,0.18341],[-71.59355,0.19615],[-71.57823,0.20598],[-71.56879,0.21628],[-71.56356,0.21739],[-71.55885,0.21656],[-71.55969,0.20993],[-71.56179,0.2073],[-71.56921,0.20452],[-71.57513,0.19865],[-71.57656,0.18084],[-71.57788,0.17825],[-71.58717,0.17074],[-71.58813,0.16621],[-71.58555,0.16451],[-71.57811,0.16452],[-71.5654,0.1722],[-71.55326,0.1717],[-71.54887,0.17427],[-71.54552,0.17441],[-71.52969,0.16588],[-71.52476,0.15803],[-71.52505,0.15282],[-71.53164,0.14079],[-71.54119,0.13647],[-71.54339,0.13235],[-71.54235,0.12851],[-71.53292,0.12138],[-71.52479,0.12177],[-71.51518,0.1326],[-71.51112,0.13386],[-71.5017,0.13007],[-71.49426,0.13446],[-71.49396,0.14465],[-71.49107,0.14782],[-71.48129,0.151],[-71.48132,0.16444],[-71.47576,0.17302],[-71.47374,0.18443],[-71.47181,0.18547],[-71.46397,0.18263],[-71.45446,0.17492],[-71.45428,0.17005],[-71.45621,0.16358],[-71.45985,0.16038],[-71.46636,0.16033],[-71.4692,0.15706],[-71.46807,0.1517],[-71.46579,0.14972],[-71.46224,0.15107],[-71.45076,0.13987],[-71.44479,0.13973],[-71.43814,0.14266],[-71.42875,0.14],[-71.41919,0.14314],[-71.40943,0.15011],[-71.4019,0.15766],[-71.40054,0.16413],[-71.40298,0.16969],[-71.40094,0.18655],[-71.39777,0.18577],[-71.39007,0.17877],[-71.37399,0.17404],[-71.36896,0.16584],[-71.36815,0.16208],[-71.3694,0.15025],[-71.36663,0.14665],[-71.36077,0.14377],[-71.35026,0.14476],[-71.34294,0.13812],[-71.339,0.13984],[-71.33855,0.14423],[-71.34358,0.14963],[-71.34219,0.1542],[-71.33775,0.15611],[-71.33346,0.15379],[-71.32921,0.14523],[-71.32344,0.142],[-71.32035,0.13723],[-71.32105,0.12521],[-71.32859,0.11658],[-71.32819,0.11372],[-71.3227,0.11176],[-71.30775,0.1026],[-71.29121,0.09843],[-71.28905,0.09479],[-71.28905,0.08736],[-71.29681,0.07357],[-71.29541,0.07059],[-71.28077,0.06622],[-71.26341,0.07063],[-71.25776,0.06659],[-71.2527,0.05914],[-71.24793,0.05869],[-71.23642,0.06708],[-71.22979,0.0636],[-71.22672,0.05496],[-71.22475,0.05501],[-71.21953,0.06297],[-71.2111,0.07091],[-71.20121,0.07352],[-71.19729,0.07906],[-71.18656,0.08154],[-71.18619,0.08611],[-71.19147,0.0925],[-71.19055,0.09643],[-71.18662,0.09817],[-71.17761,0.09547],[-71.16804,0.08826],[-71.15704,0.07188],[-71.15142,0.06947],[-71.147,0.06602],[-71.14522,0.06274],[-71.14442,0.05358],[-71.14875,0.04579],[-71.14933,0.03979],[-71.14182,0.0276],[-71.1373,0.01026],[-71.13202,0.00368],[-71.1254,0.0034],[-71.11553,0.01148],[-71.11308,0.02377],[-71.10947,0.02644],[-71.10391,0.02688],[-71.09956,0.02258],[-71.09728,0.00788],[-71.09929,-0.00082],[-71.09631,-0.00694],[-71.08979,-0.00729],[-71.08329,0.00088],[-71.07948,0.00217],[-71.07328,3e-05],[-71.06838,-0.00792],[-71.06498,-0.00962],[-71.06126,-0.00955],[-71.04482,-0.00358],[-71.03778,-0.00508],[-71.03542,-0.00655],[-71.03505,-0.01059],[-71.04094,-0.01954],[-71.0498,-0.02248],[-71.05312,-0.02523],[-71.05111,-0.03368],[-71.03571,-0.04447],[-71.02695,-0.04854],[-71.01955,-0.04789],[-71.01274,-0.04272],[-71.0115,-0.03852],[-71.01802,-0.02533],[-71.01797,-0.0183],[-71.01626,-0.01275],[-71.00065,-0.00358],[-70.99458,-0.00185],[-70.98199,-0.0035],[-70.96943,-0.00839],[-70.96905,-0.01499],[-70.97297,-0.02607],[-70.9598,-0.04],[-70.94416,-0.04134],[-70.93383,-0.05205],[-70.92745,-0.05046],[-70.92479,-0.05675],[-70.9284,-0.06099],[-70.9288,-0.0667],[-70.92593,-0.07064],[-70.93059,-0.0763],[-70.92317,-0.08077],[-70.92348,-0.08303],[-70.92716,-0.08679],[-70.91837,-0.09885],[-70.90075,-0.10092],[-70.89671,-0.10318],[-70.89226,-0.11151],[-70.89175,-0.11613],[-70.90036,-0.13256],[-70.90535,-0.13269],[-70.91402,-0.12323],[-70.92546,-0.12591],[-70.93294,-0.13008],[-70.94262,-0.13955],[-70.94537,-0.1435],[-70.947,-0.15375],[-70.94297,-0.16376],[-70.93321,-0.17496],[-70.91777,-0.18311],[-70.91605,-0.18765],[-70.91719,-0.19784],[-70.9149,-0.20191],[-70.90988,-0.20407],[-70.88858,-0.20827],[-70.88364,-0.21333],[-70.88304,-0.21584],[-70.88573,-0.2239],[-70.8742,-0.24175],[-70.87325,-0.24697],[-70.87279,-0.26275],[-70.87857,-0.27655],[-70.87816,-0.28283],[-70.86748,-0.29112],[-70.8653,-0.31005],[-70.8423,-0.32833],[-70.84249,-0.33537],[-70.83892,-0.34086],[-70.83278,-0.34496],[-70.82954,-0.36112],[-70.82647,-0.36438],[-70.82187,-0.36575],[-70.81112,-0.36421],[-70.80822,-0.35871],[-70.80805,-0.35013],[-70.80518,-0.34552],[-70.79674,-0.34402],[-70.76832,-0.33419],[-70.75894,-0.32849],[-70.75826,-0.32231],[-70.76116,-0.31716],[-70.77889,-0.31665],[-70.7806,-0.31167],[-70.77464,-0.30226],[-70.76527,-0.29378],[-70.74619,-0.29031],[-70.74383,-0.28723],[-70.74144,-0.28659],[-70.73558,-0.28712],[-70.72927,-0.28986],[-70.72551,-0.29793],[-70.72006,-0.30222],[-70.71034,-0.31356],[-70.69305,-0.32757],[-70.68981,-0.33146],[-70.68503,-0.3447],[-70.67974,-0.3502],[-70.67615,-0.3514],[-70.67052,-0.35089],[-70.66386,-0.34693],[-70.6613,-0.3392],[-70.65771,-0.3349],[-70.63739,-0.31908],[-70.63432,-0.31891],[-70.62698,-0.322],[-70.61614,-0.33791],[-70.6099,-0.33988],[-70.6058,-0.34693],[-70.59982,-0.36591],[-70.59027,-0.3836],[-70.5884,-0.38686],[-70.58072,-0.39149],[-70.57168,-0.39064],[-70.56947,-0.38892],[-70.56776,-0.38617],[-70.56401,-0.369],[-70.56026,-0.36437],[-70.55354,-0.3619],[-70.5481,-0.36199],[-70.53976,-0.36752],[-70.53491,-0.37359],[-70.53105,-0.37422],[-70.52975,-0.37172],[-70.53082,-0.36248],[-70.5298,-0.35921],[-70.52554,-0.35561],[-70.51974,-0.35664],[-70.51752,-0.35853],[-70.51394,-0.3678],[-70.50918,-0.37421],[-70.49554,-0.38754],[-70.4793,-0.39829],[-70.4722,-0.41135],[-70.45391,-0.43698],[-70.44913,-0.45295],[-70.44981,-0.46102],[-70.45271,-0.46514],[-70.46039,-0.47063],[-70.46516,-0.48042],[-70.46294,-0.49055],[-70.4572,-0.49484],[-70.45148,-0.49369],[-70.43907,-0.47818],[-70.41315,-0.46548],[-70.40718,-0.46324],[-70.39831,-0.46238],[-70.39285,-0.46376],[-70.38671,-0.47011],[-70.38125,-0.49277],[-70.37887,-0.49689],[-70.37546,-0.49775],[-70.36744,-0.49603],[-70.34323,-0.49929],[-70.33453,-0.49843],[-70.32276,-0.48899],[-70.32021,-0.47817],[-70.32191,-0.46976],[-70.3243,-0.46701],[-70.3278,-0.46627],[-70.33811,-0.47182],[-70.34357,-0.47302],[-70.35209,-0.47177],[-70.36335,-0.46616],[-70.36624,-0.46229],[-70.36702,-0.45695],[-70.36556,-0.45371],[-70.35929,-0.44973],[-70.34865,-0.44851],[-70.33744,-0.4394],[-70.33143,-0.43657],[-70.31942,-0.44205],[-70.30742,-0.43966],[-70.302,-0.43039],[-70.29836,-0.41711],[-70.28891,-0.41228],[-70.27826,-0.41255],[-70.26934,-0.41697],[-70.25598,-0.43196],[-70.25137,-0.44176],[-70.24924,-0.4435],[-70.24445,-0.4447],[-70.24059,-0.44403],[-70.22861,-0.43626],[-70.22342,-0.43452],[-70.21716,-0.43639],[-70.21157,-0.44014],[-70.20092,-0.45887],[-70.19999,-0.46426],[-70.20265,-0.47203],[-70.20864,-0.47659],[-70.23513,-0.46614],[-70.24192,-0.46668],[-70.24498,-0.46869],[-70.25536,-0.48707],[-70.26464,-0.49639],[-70.28347,-0.50421],[-70.29368,-0.51173],[-70.30754,-0.53251],[-70.3192,-0.54663],[-70.32461,-0.55644],[-70.32662,-0.56373],[-70.32747,-0.57264],[-70.32597,-0.57844],[-70.32296,-0.58236],[-70.31249,-0.5883],[-70.30866,-0.58802],[-70.30289,-0.58409],[-70.30103,-0.57751],[-70.30364,-0.56305],[-70.30062,-0.55745],[-70.29426,-0.55489],[-70.28125,-0.55722],[-70.27524,-0.56741],[-70.26881,-0.57329],[-70.26405,-0.5821],[-70.25876,-0.60151],[-70.26051,-0.61468],[-70.2554,-0.62704],[-70.25688,-0.64638],[-70.26051,-0.65122],[-70.25352,-0.66814],[-70.25352,-0.67634],[-70.26024,-0.693],[-70.26279,-0.7024],[-70.26293,-0.71046],[-70.25997,-0.71865],[-70.25178,-0.72725],[-70.24909,-0.73249],[-70.24882,-0.73692],[-70.25111,-0.74216],[-70.25433,-0.74485],[-70.26427,-0.74592],[-70.2777,-0.74364],[-70.28335,-0.74552],[-70.28953,-0.75076],[-70.29396,-0.76191],[-70.29691,-0.7873],[-70.29624,-0.79334],[-70.28872,-0.8096],[-70.27515,-0.82088],[-70.26293,-0.82693],[-70.25755,-0.83176],[-70.23714,-0.86575],[-70.23122,-0.8726],[-70.22424,-0.87784],[-70.22128,-0.88321],[-70.22128,-0.88899],[-70.22531,-0.89504],[-70.24278,-0.90336],[-70.24842,-0.90686],[-70.25111,-0.91035],[-70.25312,-0.91572],[-70.25406,-0.92566],[-70.25809,-0.93399],[-70.26158,-0.93695],[-70.26951,-0.93883],[-70.28523,-0.93211],[-70.29033,-0.93211],[-70.29517,-0.9352],[-70.30511,-0.95199],[-70.30726,-0.95952],[-70.30726,-0.96583],[-70.30135,-0.97886],[-70.27918,-1.00412],[-70.26011,-1.01701],[-70.25339,-1.01889],[-70.24117,-1.0193],[-70.23337,-1.01486],[-70.23002,-1.01003],[-70.22652,-0.99283],[-70.22397,-0.98826],[-70.2186,-0.98316],[-70.20825,-0.98101],[-70.19925,-0.98302],[-70.19683,-0.98504],[-70.19509,-0.98773],[-70.19509,-0.9931],[-70.19939,-1.0064],[-70.20191,-1.01068],[-70.22008,-1.02611],[-70.22505,-1.03194],[-70.22848,-1.04188],[-70.2278,-1.04685],[-70.2218,-1.05919],[-70.21323,-1.06657],[-70.20603,-1.06931],[-70.18237,-1.07205],[-70.17791,-1.07377],[-70.1762,-1.07908],[-70.17826,-1.09099],[-70.17723,-1.10146],[-70.17254,-1.10909],[-70.16795,-1.11288],[-70.15094,-1.11598],[-70.13149,-1.11075],[-70.12655,-1.10764],[-70.12111,-1.10161],[-70.11399,-1.07746],[-70.08222,-1.04416],[-70.07839,-1.03581],[-70.07797,-1.02939],[-70.08024,-1.02012],[-70.08421,-1.01328],[-70.08888,-1.01128],[-70.10362,-1.00929],[-70.11241,-1.01329],[-70.1219,-1.02056],[-70.1287,-1.01985],[-70.13409,-1.01643],[-70.13934,-1.00531],[-70.1392,-0.99503],[-70.13745,-0.99035],[-70.12634,-0.97628],[-70.09857,-0.95091],[-70.0829,-0.94559],[-70.07317,-0.94624],[-70.06733,-0.95146],[-70.05566,-0.96451],[-70.05053,-0.97479],[-70.04393,-0.97861],[-70.03416,-0.97846],[-70.02854,-0.97634],[-70.02373,-0.97089],[-70.02296,-0.96651],[-70.02574,-0.95177],[-70.02546,-0.94123],[-70.02097,-0.93621],[-70.01683,-0.93564],[-70.00783,-0.93712],[-70.00299,-0.94066],[-70.00046,-0.94497],[-70.00038,-0.94985],[-70.00598,-0.95734],[-70.00772,-0.96261],[-70.00519,-0.97053],[-70.00053,-0.97429],[-69.99016,-0.97624],[-69.96357,-0.96905],[-69.95581,-0.96449],[-69.94615,-0.94807],[-69.93953,-0.94632],[-69.93118,-0.94949],[-69.91305,-0.9598],[-69.90344,-0.96899],[-69.90234,-0.97311],[-69.90312,-0.9766],[-69.90517,-0.97851],[-69.90962,-0.97895],[-69.91604,-0.97217],[-69.91886,-0.97143],[-69.93432,-0.98217],[-69.95102,-0.99153],[-69.95448,-0.99518],[-69.95558,-0.99994],[-69.95448,-1.00581],[-69.94269,-1.0227],[-69.9415,-1.03105],[-69.9436,-1.03844],[-69.95872,-1.04863],[-69.96722,-1.05958],[-69.97053,-1.06545],[-69.97179,-1.07449],[-69.97084,-1.07972],[-69.96658,-1.08829],[-69.9576,-1.09494],[-69.95082,-1.09684],[-69.93948,-1.09589],[-69.93097,-1.09271],[-69.91742,-1.08319],[-69.91065,-1.08065],[-69.89155,-1.0813],[-69.87858,-1.07933],[-69.8708,-1.07411],[-69.86562,-1.06497],[-69.86044,-1.04865],[-69.85266,-1.03885],[-69.84488,-1.03036],[-69.83451,-1.02775],[-69.82394,-1.02801],[-69.81768,-1.03123],[-69.78494,-1.08517],[-69.77607,-1.09268],[-69.75852,-1.0974],[-69.75209,-1.09792],[-69.74184,-1.09477],[-69.73732,-1.09162],[-69.73367,-1.08409],[-69.73628,-1.0785],[-69.73906,-1.07693],[-69.74184,-1.07588],[-69.75192,-1.07641],[-69.75523,-1.07483],[-69.75922,-1.07029],[-69.76461,-1.06312],[-69.76966,-1.04458],[-69.77453,-1.03951],[-69.77071,-1.03583],[-69.75611,-1.03233],[-69.75212,-1.02778],[-69.74968,-1.0269],[-69.7469,-1.02865],[-69.74169,-1.03809],[-69.73769,-1.04177],[-69.73352,-1.04124],[-69.729,-1.03739],[-69.72163,-1.03894],[-69.71247,-1.0433],[-69.70014,-1.05178],[-69.67938,-1.08375],[-69.67224,-1.09223],[-69.65862,-1.10332],[-69.64889,-1.11833],[-69.64953,-1.13073],[-69.65202,-1.13315],[-69.65501,-1.13215],[-69.65801,-1.12735],[-69.66067,-1.11708],[-69.67321,-1.11463],[-69.67997,-1.11776],[-69.68097,-1.12167],[-69.67806,-1.13661],[-69.68128,-1.18165],[-69.68062,-1.19927],[-69.67543,-1.21428],[-69.66149,-1.2272],[-69.65373,-1.22767],[-69.64824,-1.22587],[-69.64333,-1.22247],[-69.6403,-1.21793],[-69.63458,-1.19794],[-69.63775,-1.17469],[-69.63576,-1.16822],[-69.63077,-1.16464],[-69.62293,-1.16465],[-69.61645,-1.16269],[-69.60945,-1.1583],[-69.60315,-1.15186],[-69.59392,-1.14634],[-69.58598,-1.14766],[-69.58144,-1.15092],[-69.57754,-1.1581],[-69.57647,-1.16573],[-69.57196,-1.17538],[-69.56959,-1.1848],[-69.56351,-1.19375],[-69.56115,-1.19452],[-69.55702,-1.19249],[-69.55185,-1.19576],[-69.55065,-1.19196],[-69.54634,-1.19049],[-69.53395,-1.1941],[-69.50835,-1.21736],[-69.48976,-1.21658],[-69.47837,-1.2115],[-69.47174,-1.20591],[-69.46738,-1.19815],[-69.46491,-1.19016],[-69.46478,-1.17694],[-69.46667,-1.16964],[-69.47172,-1.16137],[-69.47637,-1.15818],[-69.48815,-1.15528],[-69.48933,-1.1497],[-69.48656,-1.14601],[-69.48319,-1.14442],[-69.47072,-1.14632],[-69.46725,-1.14553],[-69.46418,-1.14333],[-69.46032,-1.13646],[-69.45943,-1.13347],[-69.46051,-1.1244],[-69.47028,-1.10205],[-69.46893,-1.08863],[-69.46443,-1.08007],[-69.45859,-1.0746],[-69.44793,-1.06995],[-69.44121,-1.06969],[-69.43287,-1.0714]]]}},{"type":"Feature","properties":{"shapeName":"Santander","shapeISO":"CO-SAN","shapeID":"13589884B55612798068582","shapeGroup":"COL","shapeType":"ADM1"},"geometry":{"type":"Polygon","coordinates":[[[-74.52111,6.27563],[-74.52574,6.26855],[-74.52645,6.26222],[-74.52145,6.25221],[-74.5189,6.23996],[-74.51263,6.23118],[-74.50952,6.21878],[-74.50533,6.21447],[-74.4947,6.20954],[-74.48586,6.20286],[-74.48157,6.20166],[-74.4741,6.20211],[-74.47098,6.19981],[-74.47328,6.18749],[-74.47288,6.17336],[-74.47767,6.1589],[-74.47545,6.15554],[-74.46817,6.15205],[-74.45442,6.13743],[-74.45433,6.12169],[-74.45073,6.11003],[-74.4491,6.09788],[-74.44396,6.09347],[-74.42818,6.0877],[-74.41174,6.08752],[-74.40564,6.08482],[-74.40079,6.07746],[-74.39838,6.06286],[-74.38686,6.05269],[-74.38254,6.04686],[-74.38005,6.04056],[-74.37746,6.04049],[-74.36889,6.04467],[-74.3582,6.03851],[-74.34717,6.04062],[-74.3446,6.04424],[-74.34131,6.05771],[-74.33819,6.06215],[-74.3143,6.06956],[-74.30849,6.07423],[-74.30471,6.07502],[-74.30089,6.08023],[-74.29746,6.08209],[-74.27808,6.07866],[-74.27488,6.0733],[-74.26263,6.06786],[-74.25976,6.06492],[-74.25921,6.06008],[-74.26311,6.05385],[-74.26162,6.04814],[-74.26429,6.03644],[-74.25956,6.02255],[-74.25865,6.01131],[-74.25431,6.00283],[-74.22606,5.97505],[-74.22278,5.96723],[-74.22519,5.96148],[-74.23652,5.94961],[-74.23864,5.944],[-74.2363,5.93494],[-74.22764,5.92979],[-74.22522,5.92523],[-74.2283,5.91246],[-74.23169,5.90582],[-74.23895,5.89881],[-74.25076,5.89375],[-74.25791,5.88294],[-74.26943,5.87575],[-74.27707,5.86608],[-74.27992,5.86451],[-74.27773,5.86004],[-74.27786,5.85346],[-74.27434,5.84894],[-74.27457,5.84276],[-74.26772,5.83796],[-74.26266,5.82633],[-74.25472,5.83405],[-74.2391,5.83373],[-74.23012,5.83643],[-74.22635,5.83972],[-74.22254,5.84738],[-74.21765,5.85076],[-74.20163,5.85287],[-74.19724,5.85502],[-74.19493,5.85861],[-74.19453,5.86237],[-74.19866,5.87134],[-74.19884,5.87494],[-74.19084,5.88371],[-74.18406,5.90295],[-74.18392,5.90829],[-74.18064,5.91139],[-74.1649,5.89685],[-74.14747,5.88836],[-74.1351,5.87694],[-74.1239,5.87494],[-74.1072,5.87678],[-74.1034,5.87542],[-74.09309,5.85708],[-74.08863,5.84316],[-74.08508,5.84151],[-74.0804,5.83345],[-74.07987,5.82006],[-74.06636,5.81591],[-74.06013,5.81982],[-74.05462,5.8199],[-74.02552,5.80691],[-74.02679,5.80171],[-74.02481,5.79826],[-74.0246,5.78821],[-74.01946,5.78201],[-74.01768,5.77647],[-74.01158,5.77512],[-74.01253,5.76227],[-74.00681,5.76249],[-74.0032,5.75964],[-73.99816,5.74674],[-73.99794,5.74101],[-73.99321,5.7351],[-73.99232,5.72974],[-73.98196,5.72064],[-73.97316,5.73083],[-73.96111,5.73903],[-73.95503,5.73936],[-73.94499,5.73667],[-73.9237,5.74188],[-73.9217,5.73809],[-73.91667,5.73644],[-73.90762,5.73601],[-73.9047,5.73817],[-73.89652,5.73551],[-73.89472,5.73782],[-73.8896,5.73891],[-73.8833,5.73688],[-73.88134,5.73361],[-73.87733,5.73337],[-73.87574,5.73072],[-73.8787,5.72786],[-73.87834,5.7239],[-73.88414,5.71865],[-73.88416,5.71346],[-73.88678,5.70825],[-73.87424,5.70685],[-73.86114,5.71151],[-73.85635,5.71902],[-73.85673,5.72367],[-73.84507,5.73381],[-73.84297,5.73836],[-73.83556,5.73992],[-73.83014,5.73865],[-73.82638,5.73973],[-73.8209,5.7377],[-73.81888,5.73441],[-73.81801,5.72421],[-73.8198,5.71672],[-73.81673,5.71473],[-73.8129,5.71439],[-73.80125,5.72641],[-73.79485,5.7288],[-73.79146,5.73353],[-73.79148,5.73754],[-73.78808,5.74233],[-73.78158,5.7479],[-73.77667,5.75459],[-73.75808,5.77006],[-73.74932,5.77228],[-73.74414,5.77095],[-73.74074,5.77432],[-73.73261,5.77023],[-73.72765,5.77027],[-73.7192,5.77362],[-73.71541,5.78107],[-73.71086,5.77558],[-73.71004,5.77185],[-73.7038,5.76659],[-73.70266,5.76112],[-73.69786,5.75604],[-73.68586,5.75336],[-73.68119,5.7504],[-73.67385,5.74832],[-73.66491,5.72732],[-73.65708,5.71838],[-73.65658,5.71318],[-73.65504,5.712],[-73.6469,5.71216],[-73.63952,5.72425],[-73.63663,5.73584],[-73.63087,5.74201],[-73.62978,5.75864],[-73.62564,5.77085],[-73.62615,5.77829],[-73.62972,5.7912],[-73.62589,5.79913],[-73.62396,5.81098],[-73.61993,5.82043],[-73.61886,5.82736],[-73.60874,5.84566],[-73.59991,5.86837],[-73.61444,5.8902],[-73.62611,5.89295],[-73.63163,5.89792],[-73.62966,5.90864],[-73.63016,5.91428],[-73.62663,5.91639],[-73.62155,5.92338],[-73.61105,5.9263],[-73.60376,5.93582],[-73.59083,5.96534],[-73.59135,5.98029],[-73.58468,6.00672],[-73.5796,6.01206],[-73.56506,6.01806],[-73.55703,6.02977],[-73.54652,6.03231],[-73.54091,6.03585],[-73.5344,6.04849],[-73.53118,6.05078],[-73.52525,6.06016],[-73.52648,6.07514],[-73.51464,6.08788],[-73.51367,6.09914],[-73.49779,6.10891],[-73.48748,6.10107],[-73.47621,6.09559],[-73.46706,6.09345],[-73.45399,6.08012],[-73.44544,6.07696],[-73.43452,6.0704],[-73.42683,6.06916],[-73.41431,6.0746],[-73.41776,6.06944],[-73.41689,6.0664],[-73.40447,6.05681],[-73.40398,6.04989],[-73.39694,6.04324],[-73.3894,6.03198],[-73.38654,6.02412],[-73.37144,6.00438],[-73.37102,5.99658],[-73.37498,5.97773],[-73.37442,5.96705],[-73.37911,5.96085],[-73.38195,5.95233],[-73.38738,5.9451],[-73.38774,5.93038],[-73.39358,5.92811],[-73.39594,5.92512],[-73.3978,5.9199],[-73.39629,5.91869],[-73.39604,5.91582],[-73.39825,5.91279],[-73.40117,5.9028],[-73.40673,5.89876],[-73.40775,5.89421],[-73.40647,5.89024],[-73.40794,5.88931],[-73.41198,5.89135],[-73.41838,5.88996],[-73.42315,5.89138],[-73.43069,5.889],[-73.43814,5.88867],[-73.44165,5.8863],[-73.43734,5.86316],[-73.43478,5.85993],[-73.43288,5.84993],[-73.43454,5.84855],[-73.44179,5.84813],[-73.45111,5.85133],[-73.46129,5.84854],[-73.46285,5.84671],[-73.46272,5.83688],[-73.46903,5.82763],[-73.47136,5.81878],[-73.4707,5.81609],[-73.46058,5.81376],[-73.45562,5.81109],[-73.45141,5.80766],[-73.44934,5.80261],[-73.43446,5.7934],[-73.43207,5.78942],[-73.43237,5.7822],[-73.43419,5.77993],[-73.43101,5.76755],[-73.41692,5.76804],[-73.41034,5.76225],[-73.39622,5.75789],[-73.39341,5.75348],[-73.38923,5.75153],[-73.37785,5.76432],[-73.37788,5.77251],[-73.37382,5.7777],[-73.37342,5.78557],[-73.3659,5.78926],[-73.36441,5.79358],[-73.3614,5.7951],[-73.35905,5.79877],[-73.35783,5.81591],[-73.35119,5.8237],[-73.35348,5.83166],[-73.34908,5.83351],[-73.34949,5.8399],[-73.34674,5.84257],[-73.34973,5.85063],[-73.35912,5.86266],[-73.35831,5.86773],[-73.36929,5.87165],[-73.35544,5.87357],[-73.35098,5.8728],[-73.34318,5.8629],[-73.33458,5.85765],[-73.32952,5.85121],[-73.32082,5.85146],[-73.31583,5.85494],[-73.31252,5.85549],[-73.30507,5.85244],[-73.29928,5.85326],[-73.29197,5.8491],[-73.28887,5.84984],[-73.28276,5.85469],[-73.27887,5.85503],[-73.27063,5.84625],[-73.26589,5.84412],[-73.26499,5.83427],[-73.26382,5.8328],[-73.25822,5.83233],[-73.25722,5.82741],[-73.25227,5.81912],[-73.2479,5.81569],[-73.23556,5.81937],[-73.22863,5.82451],[-73.21554,5.82431],[-73.21057,5.82734],[-73.20602,5.82619],[-73.20119,5.8331],[-73.19573,5.83368],[-73.19066,5.84317],[-73.18643,5.8467],[-73.18645,5.85039],[-73.18826,5.85851],[-73.19492,5.86587],[-73.19593,5.87147],[-73.20511,5.87722],[-73.20776,5.88053],[-73.20877,5.88631],[-73.21155,5.88889],[-73.22108,5.89039],[-73.23112,5.89607],[-73.23764,5.8966],[-73.24053,5.89844],[-73.24097,5.90133],[-73.24075,5.90755],[-73.23629,5.91452],[-73.23176,5.9311],[-73.22854,5.93689],[-73.21953,5.94724],[-73.21895,5.95201],[-73.22106,5.9572],[-73.21613,5.96211],[-73.22046,5.97175],[-73.2203,5.97628],[-73.21803,5.97729],[-73.21746,5.98261],[-73.20827,5.991],[-73.205,5.99232],[-73.20004,6.00385],[-73.1973,6.0041],[-73.19079,5.99995],[-73.17625,5.99594],[-73.15658,5.98244],[-73.15202,5.98756],[-73.15037,5.99265],[-73.14804,6.00442],[-73.1485,6.01918],[-73.1469,6.0248],[-73.14443,6.01539],[-73.14005,6.0102],[-73.14086,6.00216],[-73.13746,5.99744],[-73.12424,5.9952],[-73.10422,5.99863],[-73.10299,5.99482],[-73.09383,5.99046],[-73.07015,6.00539],[-73.06373,6.0141],[-73.05513,6.01427],[-73.05165,6.01763],[-73.04694,6.01817],[-73.04286,6.02241],[-73.03149,6.0249],[-73.02997,6.02331],[-73.03123,6.0214],[-73.02515,6.0169],[-73.01671,6.00288],[-73.01635,5.98646],[-73.00917,5.96598],[-73.00373,5.9722],[-72.99637,5.98562],[-72.99202,5.98717],[-72.99016,5.98963],[-72.98953,5.9961],[-72.98666,6.00088],[-72.98453,6.01012],[-72.97806,6.01252],[-72.97627,6.01708],[-72.97072,6.01818],[-72.96951,6.02237],[-72.96232,6.0278],[-72.96048,6.03596],[-72.96105,6.042],[-72.9577,6.04334],[-72.95452,6.0478],[-72.95485,6.05388],[-72.95354,6.05693],[-72.95457,6.06325],[-72.95233,6.06825],[-72.94696,6.07115],[-72.94457,6.07646],[-72.93638,6.07704],[-72.93197,6.08556],[-72.92441,6.08636],[-72.92341,6.0898],[-72.92422,6.0969],[-72.92319,6.09862],[-72.91971,6.09952],[-72.91621,6.10757],[-72.91426,6.10828],[-72.90803,6.10662],[-72.90122,6.1119],[-72.898,6.12275],[-72.87575,6.12398],[-72.87246,6.12567],[-72.86979,6.13321],[-72.87166,6.13739],[-72.87158,6.14129],[-72.86891,6.14465],[-72.85829,6.14196],[-72.85407,6.14489],[-72.8466,6.14224],[-72.83116,6.14713],[-72.8271,6.15693],[-72.82535,6.16897],[-72.82086,6.17345],[-72.81938,6.1815],[-72.81073,6.19469],[-72.81005,6.20067],[-72.80407,6.21047],[-72.8045,6.21564],[-72.79356,6.21676],[-72.78406,6.21411],[-72.77888,6.21017],[-72.77498,6.21028],[-72.76726,6.21943],[-72.7626,6.21813],[-72.7549,6.21919],[-72.7512,6.22249],[-72.75003,6.22663],[-72.74464,6.229],[-72.74414,6.2337],[-72.74857,6.24004],[-72.75006,6.24949],[-72.74937,6.25316],[-72.74431,6.25934],[-72.74586,6.27477],[-72.75424,6.27959],[-72.75557,6.284],[-72.75481,6.29543],[-72.7602,6.30303],[-72.75765,6.30847],[-72.75851,6.3172],[-72.7549,6.31857],[-72.7489,6.32574],[-72.75127,6.33598],[-72.74902,6.33893],[-72.74859,6.34586],[-72.73965,6.35374],[-72.73273,6.35564],[-72.73146,6.35738],[-72.73142,6.36785],[-72.72653,6.36952],[-72.72571,6.37194],[-72.72851,6.37614],[-72.72883,6.38247],[-72.73291,6.38592],[-72.73181,6.39692],[-72.73476,6.4068],[-72.73567,6.43],[-72.73412,6.43595],[-72.73794,6.44154],[-72.72668,6.45307],[-72.72486,6.45815],[-72.73271,6.46619],[-72.73721,6.47554],[-72.73794,6.48626],[-72.7363,6.49148],[-72.74888,6.49493],[-72.75614,6.49388],[-72.76699,6.50024],[-72.7723,6.5076],[-72.77467,6.52208],[-72.77821,6.52762],[-72.78515,6.53152],[-72.7931,6.53025],[-72.79778,6.53161],[-72.80713,6.54033],[-72.80895,6.543],[-72.80641,6.5451],[-72.8053,6.54941],[-72.80833,6.55923],[-72.80411,6.56061],[-72.79482,6.56918],[-72.79122,6.56877],[-72.7807,6.58035],[-72.772,6.57954],[-72.76404,6.58308],[-72.75943,6.58057],[-72.75016,6.56994],[-72.74314,6.5693],[-72.74236,6.56773],[-72.744,6.56451],[-72.74236,6.55925],[-72.73949,6.55714],[-72.72928,6.55142],[-72.72271,6.5539],[-72.71924,6.55333],[-72.71266,6.54588],[-72.71127,6.5424],[-72.70773,6.54196],[-72.70481,6.5398],[-72.70156,6.52959],[-72.69574,6.52483],[-72.69425,6.51529],[-72.68542,6.5068],[-72.68651,6.50379],[-72.68269,6.4979],[-72.67989,6.48864],[-72.6802,6.48505],[-72.67298,6.47255],[-72.67169,6.46473],[-72.66579,6.45678],[-72.66321,6.44733],[-72.64822,6.43617],[-72.63214,6.43774],[-72.62873,6.44045],[-72.62421,6.44015],[-72.61976,6.44169],[-72.60909,6.44797],[-72.60558,6.44855],[-72.60188,6.45242],[-72.6012,6.45866],[-72.59634,6.46268],[-72.59134,6.46427],[-72.58945,6.46916],[-72.5834,6.47584],[-72.57386,6.47839],[-72.56925,6.48273],[-72.56235,6.48619],[-72.53972,6.48829],[-72.53817,6.48987],[-72.5345,6.4959],[-72.53404,6.50313],[-72.53233,6.50546],[-72.54632,6.51602],[-72.54866,6.51985],[-72.54844,6.52353],[-72.54418,6.52953],[-72.54347,6.53381],[-72.53858,6.53812],[-72.53756,6.54184],[-72.54044,6.55654],[-72.54552,6.56565],[-72.54347,6.58341],[-72.53633,6.58961],[-72.52802,6.59318],[-72.52097,6.60374],[-72.51934,6.61885],[-72.51066,6.62932],[-72.50478,6.63212],[-72.4923,6.64446],[-72.49044,6.65114],[-72.48702,6.65505],[-72.48585,6.65902],[-72.48627,6.67395],[-72.49004,6.67944],[-72.48556,6.69351],[-72.4855,6.70271],[-72.48864,6.71396],[-72.4963,6.72435],[-72.49764,6.72858],[-72.49698,6.73306],[-72.48936,6.7422],[-72.49297,6.76261],[-72.49736,6.76603],[-72.4952,6.78998],[-72.49787,6.79264],[-72.49852,6.79689],[-72.4982,6.79881],[-72.49183,6.80277],[-72.49034,6.80586],[-72.48407,6.80886],[-72.48258,6.81121],[-72.48409,6.81535],[-72.48357,6.82057],[-72.4802,6.83378],[-72.47765,6.83677],[-72.47647,6.84217],[-72.48072,6.84381],[-72.48252,6.8457],[-72.48358,6.85043],[-72.48748,6.85298],[-72.49112,6.86605],[-72.49925,6.86903],[-72.50166,6.87296],[-72.50186,6.88152],[-72.49655,6.88462],[-72.49676,6.89575],[-72.50083,6.90872],[-72.50378,6.90858],[-72.5067,6.90598],[-72.50792,6.88609],[-72.51316,6.88657],[-72.51639,6.88158],[-72.52999,6.88353],[-72.53711,6.88912],[-72.54422,6.88935],[-72.54596,6.8909],[-72.54853,6.89682],[-72.54707,6.90273],[-72.55125,6.91171],[-72.55053,6.91587],[-72.55187,6.92309],[-72.54241,6.93545],[-72.54342,6.95339],[-72.54921,6.96082],[-72.55296,6.96927],[-72.55243,6.98729],[-72.56225,6.99828],[-72.5627,7.00054],[-72.57384,7.00154],[-72.58468,6.99715],[-72.5891,6.99882],[-72.59453,6.99135],[-72.59864,6.98976],[-72.61161,6.99423],[-72.61802,6.98832],[-72.62144,6.98732],[-72.63756,6.98948],[-72.64884,6.99688],[-72.65155,6.99671],[-72.65693,6.99214],[-72.65696,6.98518],[-72.65974,6.98081],[-72.66475,6.97696],[-72.66585,6.97234],[-72.67124,6.97934],[-72.67376,6.98935],[-72.67923,6.99746],[-72.67698,7.0082],[-72.68103,7.00654],[-72.68455,7.00952],[-72.68913,7.00916],[-72.69381,7.00673],[-72.69779,6.99974],[-72.7032,7.00473],[-72.70979,7.00626],[-72.72174,7.00565],[-72.72566,6.99383],[-72.73413,6.98786],[-72.74171,6.99707],[-72.74344,7.01223],[-72.75224,7.02674],[-72.75095,7.03536],[-72.75649,7.04098],[-72.75704,7.04821],[-72.74962,7.05992],[-72.75766,7.05947],[-72.76391,7.06113],[-72.77478,7.05915],[-72.77915,7.05636],[-72.7804,7.05232],[-72.78354,7.05001],[-72.78599,7.0486],[-72.78953,7.04899],[-72.79335,7.05263],[-72.79423,7.06322],[-72.80002,7.07213],[-72.81149,7.07503],[-72.81924,7.07205],[-72.82229,7.07729],[-72.81885,7.09004],[-72.82566,7.09431],[-72.83455,7.09546],[-72.83825,7.09863],[-72.83766,7.10225],[-72.83479,7.10562],[-72.83638,7.11724],[-72.84282,7.12164],[-72.84427,7.12483],[-72.85016,7.13011],[-72.85078,7.13568],[-72.85282,7.13915],[-72.85581,7.1396],[-72.85494,7.14826],[-72.85861,7.15476],[-72.84808,7.16263],[-72.84234,7.16955],[-72.84131,7.17299],[-72.84265,7.18829],[-72.84042,7.19103],[-72.84158,7.19294],[-72.83737,7.19766],[-72.83239,7.19949],[-72.83154,7.20752],[-72.84171,7.20641],[-72.85099,7.21497],[-72.8558,7.21747],[-72.85844,7.22216],[-72.8577,7.22721],[-72.86578,7.23433],[-72.86662,7.23974],[-72.8647,7.24557],[-72.86846,7.2515],[-72.86831,7.25718],[-72.87662,7.2662],[-72.87241,7.26957],[-72.87048,7.27315],[-72.87071,7.27726],[-72.86337,7.28345],[-72.85568,7.28478],[-72.85429,7.28792],[-72.84695,7.29487],[-72.84035,7.2976],[-72.83442,7.30347],[-72.83497,7.30574],[-72.83757,7.30659],[-72.84227,7.31598],[-72.83958,7.32129],[-72.84101,7.32669],[-72.83962,7.3307],[-72.83999,7.34151],[-72.84151,7.34443],[-72.84024,7.35049],[-72.83733,7.35504],[-72.83756,7.3585],[-72.84104,7.36195],[-72.85545,7.36233],[-72.85524,7.36492],[-72.85244,7.36764],[-72.85192,7.37326],[-72.8647,7.38626],[-72.8742,7.39178],[-72.87738,7.40117],[-72.87729,7.40626],[-72.88262,7.41045],[-72.88448,7.41488],[-72.89154,7.41983],[-72.89309,7.42674],[-72.89569,7.42792],[-72.90049,7.43482],[-72.90162,7.44628],[-72.89403,7.47238],[-72.89559,7.48048],[-72.89873,7.48058],[-72.9024,7.4771],[-72.90784,7.48248],[-72.91003,7.48788],[-72.9152,7.4905],[-72.92206,7.49178],[-72.92811,7.49533],[-72.93133,7.50355],[-72.93672,7.50564],[-72.93944,7.51255],[-72.94525,7.51505],[-72.95398,7.51648],[-72.95652,7.51915],[-72.96224,7.51937],[-72.97044,7.5235],[-72.97768,7.52937],[-72.9774,7.53922],[-72.98478,7.54954],[-72.98412,7.55676],[-72.98663,7.56252],[-72.98937,7.58595],[-72.98902,7.59711],[-72.98457,7.60633],[-72.98123,7.60895],[-72.98002,7.61205],[-72.98275,7.62042],[-72.9878,7.6182],[-72.99818,7.61785],[-73.01019,7.62252],[-73.02353,7.62073],[-73.0279,7.62293],[-73.03535,7.62338],[-73.03901,7.62133],[-73.04111,7.6138],[-73.04785,7.60722],[-73.05703,7.606],[-73.0645,7.60973],[-73.06943,7.60913],[-73.07785,7.6115],[-73.08461,7.60896],[-73.08945,7.60981],[-73.09995,7.62028],[-73.10823,7.61397],[-73.11625,7.61171],[-73.11702,7.60997],[-73.12348,7.60685],[-73.13132,7.61405],[-73.1572,7.61982],[-73.16546,7.62595],[-73.17443,7.6208],[-73.18119,7.6196],[-73.19098,7.62322],[-73.19516,7.62803],[-73.19748,7.62734],[-73.20377,7.62934],[-73.20956,7.62661],[-73.21256,7.62688],[-73.21636,7.63207],[-73.22072,7.63292],[-73.22776,7.62854],[-73.22852,7.62622],[-73.2343,7.62118],[-73.24092,7.61091],[-73.24589,7.59873],[-73.25869,7.58776],[-73.25826,7.5785],[-73.24988,7.56723],[-73.24838,7.55954],[-73.25246,7.54276],[-73.25284,7.53557],[-73.25593,7.53075],[-73.26058,7.52942],[-73.26626,7.5346],[-73.26878,7.53956],[-73.27749,7.54301],[-73.28275,7.5496],[-73.28801,7.54981],[-73.29673,7.54719],[-73.31092,7.5458],[-73.32014,7.54794],[-73.35521,7.54446],[-73.36209,7.54648],[-73.36435,7.55399],[-73.36873,7.55967],[-73.36733,7.56505],[-73.37458,7.56855],[-73.38481,7.57982],[-73.39072,7.57804],[-73.39333,7.57946],[-73.39656,7.57786],[-73.3973,7.57538],[-73.39603,7.57123],[-73.39739,7.56792],[-73.40612,7.56563],[-73.41337,7.56577],[-73.41724,7.56978],[-73.42081,7.56979],[-73.42237,7.57157],[-73.42837,7.56878],[-73.44067,7.5739],[-73.46476,7.57487],[-73.47372,7.58019],[-73.47611,7.58529],[-73.48396,7.58896],[-73.48405,7.59287],[-73.48753,7.59336],[-73.49033,7.59155],[-73.49229,7.59446],[-73.4913,7.60171],[-73.4976,7.60843],[-73.49986,7.61498],[-73.50325,7.61972],[-73.51489,7.63265],[-73.5168,7.63711],[-73.51828,7.65492],[-73.52538,7.66579],[-73.52973,7.6671],[-73.54548,7.66489],[-73.55497,7.67167],[-73.55564,7.67505],[-73.55452,7.67776],[-73.55022,7.67867],[-73.54751,7.68138],[-73.54729,7.68883],[-73.55654,7.70564],[-73.56626,7.71322],[-73.57507,7.72609],[-73.59291,7.72655],[-73.60849,7.72948],[-73.61343,7.73216],[-73.62159,7.73964],[-73.62776,7.74115],[-73.63368,7.74794],[-73.63743,7.74948],[-73.75293,7.75064],[-73.76179,7.76353],[-73.76155,7.7709],[-73.75965,7.77304],[-73.74918,7.77447],[-73.7449,7.77733],[-73.74014,7.7778],[-73.73728,7.78304],[-73.73776,7.78708],[-73.74157,7.79018],[-73.74239,7.79667],[-73.74558,7.79761],[-73.75212,7.8083],[-73.75123,7.82452],[-73.74429,7.83117],[-73.73587,7.83403],[-73.72576,7.83413],[-73.72294,7.84152],[-73.72339,7.84858],[-73.71012,7.85742],[-73.71023,7.86324],[-73.7018,7.86559],[-73.69787,7.87174],[-73.69506,7.87253],[-73.68909,7.88417],[-73.68482,7.88697],[-73.67595,7.88841],[-73.6719,7.89211],[-73.67435,7.90902],[-73.67775,7.91407],[-73.67724,7.92],[-73.67215,7.92836],[-73.67649,7.93508],[-73.67579,7.94238],[-73.67724,7.94323],[-73.68388,7.9405],[-73.68493,7.94841],[-73.68755,7.95127],[-73.69588,7.95127],[-73.70676,7.96789],[-73.71163,7.96928],[-73.72066,7.96789],[-73.72309,7.96963],[-73.72309,7.97831],[-73.71823,7.98526],[-73.71689,7.99708],[-73.71813,8.00476],[-73.72274,8.01295],[-73.73758,8.02615],[-73.74053,8.04215],[-73.74013,8.05262],[-73.74618,8.06122],[-73.7503,8.06219],[-73.7549,8.06607],[-73.75732,8.07164],[-73.75732,8.07527],[-73.7629,8.08327],[-73.76483,8.08811],[-73.76532,8.09659],[-73.76283,8.10534],[-73.76977,8.11228],[-73.77549,8.12146],[-73.77417,8.14007],[-73.77504,8.14342],[-73.77804,8.13832],[-73.78215,8.13589],[-73.79601,8.13429],[-73.80549,8.13061],[-73.80988,8.12647],[-73.81752,8.11082],[-73.84248,8.0931],[-73.85011,8.08366],[-73.85683,8.06363],[-73.86584,8.0489],[-73.86747,8.04084],[-73.86678,8.01989],[-73.86287,8.00008],[-73.86565,7.9865],[-73.86449,7.98005],[-73.86196,7.97429],[-73.85457,7.96554],[-73.84279,7.95563],[-73.83725,7.9478],[-73.83126,7.92569],[-73.83104,7.91809],[-73.8352,7.90565],[-73.8352,7.89806],[-73.83198,7.88792],[-73.82483,7.87594],[-73.82183,7.86788],[-73.82161,7.85453],[-73.81678,7.8186],[-73.81124,7.80938],[-73.80514,7.78738],[-73.80073,7.78005],[-73.7989,7.77363],[-73.79908,7.76923],[-73.80313,7.76153],[-73.81895,7.74463],[-73.83004,7.73617],[-73.83249,7.72804],[-73.83087,7.72479],[-73.81701,7.71697],[-73.81179,7.70867],[-73.81082,7.70053],[-73.81572,7.69045],[-73.81539,7.68784],[-73.80709,7.6677],[-73.80157,7.66029],[-73.7987,7.6517],[-73.80177,7.64496],[-73.8054,7.6445],[-73.8144,7.64716],[-73.81839,7.64209],[-73.81937,7.63841],[-73.81199,7.62421],[-73.81096,7.61782],[-73.81373,7.61063],[-73.81691,7.60729],[-73.82545,7.60298],[-73.82863,7.59815],[-73.83134,7.58997],[-73.8321,7.57667],[-73.84261,7.56223],[-73.8492,7.53805],[-73.85705,7.53127],[-73.86472,7.53208],[-73.8728,7.52983],[-73.87759,7.52206],[-73.8814,7.50595],[-73.88365,7.50411],[-73.90609,7.50124],[-73.91106,7.49704],[-73.91562,7.48742],[-73.91499,7.47654],[-73.90986,7.46789],[-73.90435,7.4511],[-73.89765,7.43706],[-73.89464,7.41856],[-73.89464,7.41384],[-73.9029,7.39333],[-73.90896,7.36905],[-73.91159,7.34138],[-73.91009,7.3326],[-73.91361,7.3203],[-73.9134,7.2978],[-73.91689,7.2871],[-73.92158,7.28182],[-73.92441,7.27109],[-73.92453,7.25619],[-73.92205,7.24313],[-73.92446,7.21325],[-73.93819,7.18348],[-73.93876,7.174],[-73.92697,7.15165],[-73.92481,7.12374],[-73.92043,7.10961],[-73.91133,7.0956],[-73.89488,7.0809],[-73.88832,7.07028],[-73.88643,7.06364],[-73.88633,7.04756],[-73.88216,7.0292],[-73.87965,7.02462],[-73.87959,7.01455],[-73.88377,7.00374],[-73.89848,6.99152],[-73.90557,6.98156],[-73.91913,6.97087],[-73.92791,6.96092],[-73.93688,6.95633],[-73.94891,6.95284],[-73.98466,6.9293],[-74.0048,6.9133],[-74.03176,6.88254],[-74.0474,6.86724],[-74.06729,6.8521],[-74.07444,6.83739],[-74.08011,6.82025],[-74.08834,6.81095],[-74.09706,6.79591],[-74.10678,6.7869],[-74.11971,6.77806],[-74.13172,6.76446],[-74.14798,6.75121],[-74.17024,6.72869],[-74.18525,6.72179],[-74.2009,6.71828],[-74.22033,6.7169],[-74.22953,6.71166],[-74.24299,6.69606],[-74.25352,6.68047],[-74.26395,6.6701],[-74.27801,6.66318],[-74.30845,6.65641],[-74.33022,6.62957],[-74.34172,6.63452],[-74.36128,6.63286],[-74.38443,6.60433],[-74.40028,6.59066],[-74.40346,6.58547],[-74.40625,6.56379],[-74.41241,6.54404],[-74.4098,6.53041],[-74.4008,6.5225],[-74.39426,6.5048],[-74.39473,6.49207],[-74.40012,6.48183],[-74.4047,6.47747],[-74.40479,6.46938],[-74.39899,6.45851],[-74.38884,6.44614],[-74.38235,6.43556],[-74.37042,6.42974],[-74.36786,6.42701],[-74.36618,6.41994],[-74.36794,6.40872],[-74.37623,6.40404],[-74.38395,6.3974],[-74.39169,6.39427],[-74.40457,6.39199],[-74.42201,6.39334],[-74.42828,6.3892],[-74.43191,6.3858],[-74.43957,6.36993],[-74.44873,6.33617],[-74.45328,6.33201],[-74.466,6.31306],[-74.47385,6.30754],[-74.48237,6.30404],[-74.48695,6.29629],[-74.49674,6.2859],[-74.50241,6.28265],[-74.51084,6.28384],[-74.50927,6.27904],[-74.52111,6.27563]]]}},{"type":"Feature","properties":{"shapeName":"Risaralda","shapeISO":"CO-RIS","shapeID":"13589884B85526028135750","shapeGroup":"COL","shapeType":"ADM1"},"geometry":{"type":"Polygon","coordinates":[[[-75.8674,5.48817],[-75.87127,5.49255],[-75.88419,5.4839],[-75.89161,5.48438],[-75.90553,5.48039],[-75.90786,5.48621],[-75.91492,5.48859],[-75.92308,5.49435],[-75.92649,5.50135],[-75.93109,5.50594],[-75.93011,5.50872],[-75.93618,5.51],[-75.95362,5.50918],[-75.95986,5.50541],[-75.96363,5.51205],[-75.96947,5.51254],[-75.98339,5.5194],[-75.98804,5.5285],[-75.9896,5.53576],[-75.99897,5.54151],[-76.00229,5.55269],[-76.0025,5.5602],[-76.00765,5.56293],[-76.00913,5.56804],[-76.01417,5.56406],[-76.03685,5.56506],[-76.04104,5.56373],[-76.0504,5.55515],[-76.05783,5.5523],[-76.0666,5.55193],[-76.0748,5.5466],[-76.07844,5.53744],[-76.07902,5.53152],[-76.07696,5.50841],[-76.07969,5.47328],[-76.08698,5.44542],[-76.09003,5.44523],[-76.09726,5.45116],[-76.10412,5.45098],[-76.1087,5.44354],[-76.1131,5.43114],[-76.12131,5.42084],[-76.1316,5.42219],[-76.14018,5.4161],[-76.16953,5.41423],[-76.18354,5.41115],[-76.18874,5.40588],[-76.19011,5.39925],[-76.1958,5.39265],[-76.19697,5.37933],[-76.19953,5.37604],[-76.19757,5.3721],[-76.19828,5.37011],[-76.20416,5.36711],[-76.20461,5.36492],[-76.20122,5.36266],[-76.20146,5.36045],[-76.20461,5.35743],[-76.20274,5.35256],[-76.20655,5.34906],[-76.21154,5.34731],[-76.20743,5.34487],[-76.20519,5.34588],[-76.2027,5.34283],[-76.20313,5.34072],[-76.20116,5.33668],[-76.2028,5.33104],[-76.19795,5.32938],[-76.19914,5.32342],[-76.19687,5.32127],[-76.1977,5.31765],[-76.19286,5.31226],[-76.1914,5.30518],[-76.18175,5.29295],[-76.17082,5.28549],[-76.16444,5.25325],[-76.15756,5.24219],[-76.1438,5.23112],[-76.1365,5.19935],[-76.12918,5.18],[-76.11634,5.16939],[-76.09878,5.15883],[-76.08465,5.14509],[-76.07863,5.14113],[-76.06703,5.13762],[-76.06102,5.13017],[-76.06382,5.11669],[-76.06871,5.10391],[-76.07012,5.09554],[-76.06968,5.07833],[-76.0741,5.0702],[-76.07411,5.05974],[-76.07737,5.05207],[-76.07993,5.04951],[-76.08573,5.04836],[-76.09362,5.04279],[-76.09631,5.03453],[-76.0919,5.03687],[-76.07898,5.035],[-76.078,5.03587],[-76.06839,5.02438],[-76.06613,5.01654],[-76.06387,5.01484],[-76.05786,5.01385],[-76.054,5.00973],[-76.04966,5.00798],[-76.04931,5.0004],[-76.04503,4.99366],[-76.04642,4.98699],[-76.04334,4.98407],[-76.03898,4.97255],[-76.03455,4.96584],[-76.03432,4.95708],[-76.03161,4.9539],[-76.02706,4.93788],[-76.02101,4.93641],[-76.01335,4.93036],[-76.01192,4.92622],[-76.00193,4.92095],[-75.99152,4.91186],[-75.98818,4.91157],[-75.98736,4.90292],[-75.99046,4.88144],[-75.9888,4.87335],[-75.97102,4.85909],[-75.95562,4.86402],[-75.94488,4.85654],[-75.92818,4.8632],[-75.92484,4.86738],[-75.92094,4.86905],[-75.91482,4.87454],[-75.91227,4.86112],[-75.90083,4.85426],[-75.90174,4.84922],[-75.90625,4.84859],[-75.90664,4.84613],[-75.90254,4.83683],[-75.91066,4.82639],[-75.91042,4.81736],[-75.9121,4.81452],[-75.9175,4.81363],[-75.91816,4.81634],[-75.92071,4.81699],[-75.92677,4.81209],[-75.93437,4.8102],[-75.9362,4.80698],[-75.93142,4.80607],[-75.93203,4.80314],[-75.9307,4.79999],[-75.92742,4.79992],[-75.92274,4.80208],[-75.92152,4.79756],[-75.91771,4.79423],[-75.91882,4.78994],[-75.92118,4.7885],[-75.92735,4.78838],[-75.92887,4.78413],[-75.92194,4.78068],[-75.9219,4.77749],[-75.92845,4.77992],[-75.92739,4.77411],[-75.92948,4.76956],[-75.92841,4.76641],[-75.92605,4.76724],[-75.92506,4.77005],[-75.92046,4.76937],[-75.91988,4.76785],[-75.92449,4.76265],[-75.92381,4.76098],[-75.92209,4.75954],[-75.92034,4.76003],[-75.91509,4.76356],[-75.91322,4.7611],[-75.91695,4.75677],[-75.90739,4.75187],[-75.89801,4.75868],[-75.88895,4.75471],[-75.87889,4.76316],[-75.87836,4.76871],[-75.86982,4.77508],[-75.86324,4.77423],[-75.85705,4.77826],[-75.85067,4.77878],[-75.84798,4.77632],[-75.84828,4.77397],[-75.84671,4.77248],[-75.84724,4.76894],[-75.84535,4.76608],[-75.84463,4.75998],[-75.84678,4.75636],[-75.84649,4.74809],[-75.84908,4.73777],[-75.85554,4.7313],[-75.85647,4.7275],[-75.85074,4.7316],[-75.84685,4.73126],[-75.84425,4.72757],[-75.84334,4.72885],[-75.84151,4.72825],[-75.83143,4.73718],[-75.82334,4.73303],[-75.82129,4.73372],[-75.82071,4.73225],[-75.81909,4.73353],[-75.81914,4.7322],[-75.81515,4.73008],[-75.8113,4.73012],[-75.81172,4.72759],[-75.80828,4.72963],[-75.80845,4.7277],[-75.80679,4.72692],[-75.80637,4.72822],[-75.80284,4.72859],[-75.80082,4.7257],[-75.80238,4.72501],[-75.80172,4.72314],[-75.79902,4.72365],[-75.80042,4.72091],[-75.79675,4.72066],[-75.79596,4.71853],[-75.79441,4.71965],[-75.79157,4.71843],[-75.79184,4.71682],[-75.79047,4.71682],[-75.79029,4.71833],[-75.78959,4.71685],[-75.78752,4.71916],[-75.78605,4.71854],[-75.78534,4.72248],[-75.78279,4.71918],[-75.77969,4.72016],[-75.77954,4.72211],[-75.7789,4.72113],[-75.77668,4.72202],[-75.77677,4.72073],[-75.77517,4.72149],[-75.77451,4.71867],[-75.77346,4.72002],[-75.77279,4.71797],[-75.77138,4.71891],[-75.77284,4.71709],[-75.77049,4.71411],[-75.76403,4.71568],[-75.7611,4.71122],[-75.75816,4.71213],[-75.75806,4.7104],[-75.75433,4.70996],[-75.75408,4.71154],[-75.75257,4.70997],[-75.75091,4.71244],[-75.74987,4.71142],[-75.74679,4.71295],[-75.74706,4.71141],[-75.74508,4.71189],[-75.7438,4.71043],[-75.7418,4.71165],[-75.7391,4.71079],[-75.7389,4.70944],[-75.73516,4.7103],[-75.73441,4.70766],[-75.73348,4.70983],[-75.73147,4.70787],[-75.73098,4.7106],[-75.7299,4.70767],[-75.72882,4.70972],[-75.72744,4.70881],[-75.72506,4.71111],[-75.72229,4.71184],[-75.72078,4.7105],[-75.7203,4.7125],[-75.71427,4.71297],[-75.71181,4.71671],[-75.70867,4.71594],[-75.7031,4.72133],[-75.70037,4.72011],[-75.6974,4.72115],[-75.69596,4.71858],[-75.6931,4.71955],[-75.69288,4.71826],[-75.69172,4.71855],[-75.68846,4.71422],[-75.68376,4.71477],[-75.67601,4.7083],[-75.66991,4.7067],[-75.67015,4.70506],[-75.66752,4.70214],[-75.65967,4.69954],[-75.65664,4.70032],[-75.65312,4.7063],[-75.64723,4.70778],[-75.64657,4.70969],[-75.6414,4.7056],[-75.6398,4.7064],[-75.63855,4.70333],[-75.63488,4.70484],[-75.62976,4.70335],[-75.62584,4.70452],[-75.62145,4.70112],[-75.61465,4.70113],[-75.61077,4.70598],[-75.60801,4.7065],[-75.60658,4.70948],[-75.60383,4.70776],[-75.60286,4.70908],[-75.60187,4.70693],[-75.59473,4.70315],[-75.58689,4.70543],[-75.58558,4.70024],[-75.58203,4.69949],[-75.56706,4.70091],[-75.56195,4.6997],[-75.55207,4.70253],[-75.53685,4.69732],[-75.53292,4.69457],[-75.52578,4.69335],[-75.52084,4.69442],[-75.50443,4.6824],[-75.49908,4.6732],[-75.49515,4.66965],[-75.48373,4.66464],[-75.47981,4.66467],[-75.47592,4.66746],[-75.47216,4.67418],[-75.46576,4.67999],[-75.45667,4.68097],[-75.44827,4.67987],[-75.44218,4.68164],[-75.4399,4.68517],[-75.43859,4.69556],[-75.43675,4.69708],[-75.43216,4.69757],[-75.42488,4.69415],[-75.42145,4.69636],[-75.41271,4.69826],[-75.40906,4.70267],[-75.40749,4.70984],[-75.4014,4.71127],[-75.39465,4.7165],[-75.38846,4.71618],[-75.38665,4.72172],[-75.37803,4.72958],[-75.3838,4.73603],[-75.3856,4.7436],[-75.38793,4.74689],[-75.38802,4.75077],[-75.38146,4.75999],[-75.38012,4.76445],[-75.38074,4.77447],[-75.37731,4.78774],[-75.37773,4.79795],[-75.37526,4.80385],[-75.38228,4.80453],[-75.38969,4.80251],[-75.39852,4.80729],[-75.40677,4.80486],[-75.41785,4.81293],[-75.42749,4.81767],[-75.43029,4.82559],[-75.43009,4.83445],[-75.43872,4.8401],[-75.4383,4.84185],[-75.44025,4.84462],[-75.43848,4.84996],[-75.43935,4.85484],[-75.45212,4.8688],[-75.45494,4.87472],[-75.45572,4.88396],[-75.45876,4.88648],[-75.47059,4.88701],[-75.47423,4.88892],[-75.4759,4.90381],[-75.48255,4.90619],[-75.48378,4.90884],[-75.47983,4.9148],[-75.48093,4.91698],[-75.48685,4.91706],[-75.494,4.92065],[-75.5096,4.92454],[-75.52372,4.92275],[-75.53045,4.9175],[-75.53962,4.91743],[-75.54217,4.91935],[-75.54403,4.92576],[-75.54777,4.92646],[-75.5521,4.92401],[-75.55705,4.92386],[-75.55863,4.92494],[-75.56159,4.934],[-75.56895,4.93646],[-75.58405,4.93219],[-75.58874,4.93325],[-75.5924,4.92815],[-75.59467,4.9274],[-75.59881,4.93034],[-75.60877,4.93344],[-75.6176,4.93202],[-75.61691,4.95474],[-75.61987,4.9584],[-75.61976,4.96283],[-75.62291,4.96338],[-75.62417,4.96534],[-75.62475,4.96768],[-75.62245,4.97138],[-75.62868,4.97071],[-75.63103,4.97229],[-75.63565,4.97125],[-75.63909,4.97613],[-75.64112,4.97515],[-75.64035,4.97338],[-75.64184,4.97125],[-75.63988,4.97021],[-75.64001,4.96722],[-75.64331,4.96809],[-75.64543,4.9659],[-75.64496,4.96245],[-75.65267,4.95845],[-75.65314,4.95266],[-75.65115,4.94777],[-75.65287,4.94682],[-75.66288,4.94271],[-75.67541,4.94432],[-75.68207,4.94269],[-75.68797,4.94418],[-75.69928,4.94436],[-75.70382,4.95092],[-75.7067,4.95243],[-75.70977,4.95932],[-75.71238,4.96009],[-75.71576,4.97014],[-75.71456,4.97375],[-75.71707,4.98062],[-75.71637,4.98287],[-75.71909,4.98257],[-75.72024,4.98448],[-75.72094,4.99571],[-75.72551,5.00237],[-75.72644,5.00674],[-75.72865,5.00786],[-75.72773,5.01041],[-75.73499,5.01953],[-75.73475,5.02117],[-75.73096,5.02098],[-75.73188,5.02396],[-75.73892,5.02925],[-75.74414,5.0436],[-75.74776,5.04582],[-75.75904,5.0369],[-75.75996,5.02794],[-75.76312,5.02409],[-75.76622,5.0217],[-75.76882,5.02325],[-75.77281,5.01964],[-75.77399,5.01507],[-75.77047,5.01047],[-75.77034,5.00768],[-75.77779,5.00693],[-75.77864,5.01045],[-75.78102,5.01104],[-75.78035,5.00268],[-75.78573,4.99703],[-75.78446,4.99454],[-75.77868,4.9943],[-75.77804,4.99299],[-75.78568,4.99036],[-75.78636,4.98418],[-75.78897,4.98378],[-75.79309,4.98039],[-75.79089,4.97471],[-75.79596,4.96806],[-75.79299,4.95502],[-75.78845,4.94984],[-75.79229,4.93755],[-75.80353,4.93612],[-75.80709,4.92838],[-75.81341,4.92265],[-75.81511,4.91915],[-75.82578,4.92164],[-75.83175,4.92728],[-75.83607,4.9263],[-75.84054,4.92923],[-75.84627,4.92807],[-75.85053,4.9309],[-75.85779,4.93155],[-75.85963,4.93414],[-75.86448,4.93517],[-75.86656,4.9395],[-75.86573,4.94077],[-75.86324,4.93794],[-75.86078,4.94038],[-75.86065,4.94259],[-75.86414,4.9418],[-75.86397,4.94364],[-75.86819,4.94535],[-75.87227,4.95105],[-75.87471,4.95022],[-75.87815,4.95138],[-75.88043,4.9594],[-75.88704,4.95726],[-75.89121,4.96097],[-75.89559,4.96257],[-75.89482,4.96938],[-75.89681,4.97474],[-75.89676,4.98133],[-75.89881,4.98348],[-75.89981,4.98785],[-75.90431,4.99327],[-75.90298,4.99953],[-75.90459,5.00727],[-75.90231,5.01147],[-75.90353,5.02425],[-75.90564,5.02364],[-75.90742,5.02569],[-75.90992,5.02536],[-75.91475,5.03509],[-75.92262,5.04133],[-75.91977,5.04463],[-75.92108,5.04795],[-75.91754,5.05961],[-75.91405,5.06312],[-75.91101,5.06933],[-75.91102,5.07366],[-75.91364,5.07609],[-75.91345,5.08436],[-75.90886,5.08746],[-75.90334,5.09824],[-75.90147,5.10454],[-75.90225,5.11023],[-75.89775,5.1164],[-75.8977,5.11867],[-75.89386,5.11725],[-75.89093,5.11779],[-75.89188,5.12367],[-75.89147,5.12615],[-75.88957,5.12613],[-75.8891,5.12922],[-75.87699,5.13031],[-75.87509,5.13458],[-75.86544,5.12134],[-75.85445,5.11192],[-75.85026,5.11072],[-75.84752,5.10815],[-75.84712,5.10549],[-75.84394,5.10697],[-75.84333,5.11103],[-75.83876,5.11257],[-75.83623,5.11546],[-75.83686,5.12392],[-75.83864,5.12582],[-75.83791,5.12886],[-75.83367,5.13307],[-75.83241,5.13932],[-75.83365,5.14335],[-75.83079,5.14589],[-75.83406,5.14958],[-75.83255,5.15164],[-75.82819,5.15317],[-75.82553,5.15909],[-75.8265,5.16194],[-75.82399,5.16354],[-75.82212,5.17224],[-75.81917,5.17264],[-75.81685,5.17604],[-75.81773,5.17898],[-75.81483,5.18021],[-75.81395,5.1827],[-75.8159,5.18479],[-75.81438,5.18511],[-75.81409,5.18807],[-75.80854,5.1885],[-75.80441,5.19482],[-75.80246,5.20157],[-75.80828,5.20739],[-75.80611,5.21771],[-75.80371,5.2215],[-75.80553,5.23591],[-75.81138,5.23707],[-75.81261,5.23612],[-75.81997,5.24323],[-75.8201,5.24992],[-75.82477,5.25958],[-75.82349,5.2703],[-75.81718,5.27007],[-75.81311,5.27184],[-75.80341,5.28093],[-75.79941,5.28011],[-75.79556,5.28191],[-75.79435,5.28575],[-75.78677,5.28466],[-75.77965,5.27717],[-75.77377,5.27402],[-75.76724,5.27316],[-75.76284,5.27353],[-75.75383,5.28299],[-75.748,5.28441],[-75.74569,5.27527],[-75.74366,5.27292],[-75.74076,5.27286],[-75.73885,5.26954],[-75.73689,5.27093],[-75.73649,5.26663],[-75.73512,5.26648],[-75.7347,5.26442],[-75.72986,5.26583],[-75.71942,5.2613],[-75.71412,5.26289],[-75.70772,5.25994],[-75.70539,5.26039],[-75.70505,5.26181],[-75.70069,5.26107],[-75.69691,5.26238],[-75.6964,5.26014],[-75.69384,5.25946],[-75.69247,5.25574],[-75.66573,5.26829],[-75.66528,5.27238],[-75.667,5.27699],[-75.66292,5.28146],[-75.66168,5.29125],[-75.65597,5.2964],[-75.65122,5.30702],[-75.64486,5.3069],[-75.63921,5.30453],[-75.63517,5.31566],[-75.63693,5.32303],[-75.63577,5.32888],[-75.63681,5.33264],[-75.63553,5.33586],[-75.63668,5.33807],[-75.64021,5.3392],[-75.64571,5.33864],[-75.65311,5.35149],[-75.65851,5.3498],[-75.66605,5.35013],[-75.66986,5.35546],[-75.67474,5.35644],[-75.67846,5.3609],[-75.6831,5.36173],[-75.69031,5.37131],[-75.69793,5.37244],[-75.69969,5.37565],[-75.70307,5.37657],[-75.70725,5.39022],[-75.71408,5.38931],[-75.72594,5.39747],[-75.7301,5.3955],[-75.7343,5.39686],[-75.73933,5.39629],[-75.73864,5.38827],[-75.74149,5.38417],[-75.74585,5.38426],[-75.75046,5.38644],[-75.75494,5.38436],[-75.75941,5.38804],[-75.76126,5.38668],[-75.76577,5.38733],[-75.76773,5.38472],[-75.77198,5.38312],[-75.77276,5.37946],[-75.77856,5.37501],[-75.78467,5.37287],[-75.78795,5.36858],[-75.79515,5.36817],[-75.79802,5.36576],[-75.80536,5.3644],[-75.80923,5.36206],[-75.81372,5.3647],[-75.82322,5.36383],[-75.83102,5.36637],[-75.83343,5.36109],[-75.83804,5.36925],[-75.84664,5.36947],[-75.85384,5.37416],[-75.8604,5.37251],[-75.85757,5.38124],[-75.8587,5.38627],[-75.85384,5.38933],[-75.85516,5.39445],[-75.85129,5.4022],[-75.85394,5.40512],[-75.85257,5.40672],[-75.85342,5.40902],[-75.85073,5.41334],[-75.85266,5.41452],[-75.85214,5.41926],[-75.85422,5.42439],[-75.85644,5.42824],[-75.8587,5.42833],[-75.85936,5.4343],[-75.85757,5.4383],[-75.86089,5.44345],[-75.8674,5.48817]]]}},{"type":"Feature","properties":{"shapeName":"Putumayo","shapeISO":"CO-PUT","shapeID":"13589884B42325644495938","shapeGroup":"COL","shapeType":"ADM1"},"geometry":{"type":"Polygon","coordinates":[[[-73.8413,-0.39798],[-73.8643,-0.37819],[-73.88279,-0.36884],[-73.92817,-0.35939],[-73.94789,-0.35322],[-73.96644,-0.34944],[-73.98507,-0.34771],[-74.0054,-0.34207],[-74.01354,-0.33721],[-74.01819,-0.33058],[-74.02193,-0.32054],[-74.02645,-0.31551],[-74.0389,-0.30669],[-74.04027,-0.29889],[-74.03986,-0.28232],[-74.04387,-0.27305],[-74.05023,-0.27142],[-74.05591,-0.27314],[-74.06999,-0.28123],[-74.0766,-0.2818],[-74.08361,-0.27857],[-74.08789,-0.27289],[-74.09342,-0.26],[-74.10633,-0.24184],[-74.11309,-0.23495],[-74.11896,-0.23168],[-74.13373,-0.23401],[-74.14623,-0.24144],[-74.15132,-0.24924],[-74.15489,-0.26135],[-74.16395,-0.26724],[-74.17204,-0.26699],[-74.18055,-0.2647],[-74.18659,-0.26106],[-74.18815,-0.25768],[-74.18764,-0.24618],[-74.18998,-0.22535],[-74.19407,-0.21641],[-74.20086,-0.20931],[-74.20764,-0.20816],[-74.21536,-0.20936],[-74.21917,-0.21325],[-74.2212,-0.23055],[-74.22592,-0.23785],[-74.23373,-0.23786],[-74.24086,-0.23467],[-74.24884,-0.22465],[-74.26678,-0.21725],[-74.27665,-0.2079],[-74.28798,-0.2025],[-74.28911,-0.18513],[-74.28259,-0.17292],[-74.26701,-0.16176],[-74.26304,-0.157],[-74.26279,-0.15141],[-74.26485,-0.14527],[-74.27406,-0.13875],[-74.27782,-0.13883],[-74.29618,-0.14769],[-74.30089,-0.14846],[-74.30547,-0.1466],[-74.31629,-0.136],[-74.32676,-0.11927],[-74.33319,-0.11421],[-74.34862,-0.10706],[-74.35698,-0.10688],[-74.36881,-0.11146],[-74.4004,-0.11489],[-74.40692,-0.11729],[-74.43699,-0.13736],[-74.44372,-0.14012],[-74.44862,-0.13876],[-74.44898,-0.13294],[-74.44606,-0.12863],[-74.43146,-0.11846],[-74.42448,-0.11083],[-74.42246,-0.10376],[-74.4237,-0.09414],[-74.42871,-0.08611],[-74.43559,-0.07901],[-74.44109,-0.07395],[-74.44822,-0.0712],[-74.45422,-0.07134],[-74.45973,-0.07663],[-74.46206,-0.08443],[-74.46248,-0.10868],[-74.46857,-0.12075],[-74.47906,-0.13621],[-74.48519,-0.13862],[-74.4961,-0.13815],[-74.50426,-0.13463],[-74.50803,-0.12931],[-74.50889,-0.12185],[-74.50503,-0.10853],[-74.50801,-0.09998],[-74.51635,-0.08898],[-74.52762,-0.08789],[-74.53201,-0.08997],[-74.53481,-0.09456],[-74.53449,-0.10145],[-74.5325,-0.105],[-74.52545,-0.11139],[-74.52332,-0.11809],[-74.52556,-0.12494],[-74.53039,-0.12689],[-74.54256,-0.11983],[-74.57577,-0.11177],[-74.58932,-0.10508],[-74.59846,-0.09855],[-74.63289,-0.08778],[-74.63164,-0.0822],[-74.61943,-0.07565],[-74.61549,-0.06065],[-74.61858,-0.05309],[-74.62785,-0.04605],[-74.64486,-0.03791],[-74.65283,-0.0417],[-74.67314,-0.06185],[-74.67857,-0.06022],[-74.68186,-0.05445],[-74.68096,-0.04806],[-74.67936,-0.04615],[-74.66785,-0.04228],[-74.65995,-0.03781],[-74.65561,-0.02811],[-74.65575,-0.0112],[-74.67009,0.00392],[-74.6715,0.00783],[-74.67856,0.01505],[-74.69139,0.02103],[-74.7039,0.03788],[-74.703,0.04469],[-74.69734,0.04512],[-74.68157,0.04157],[-74.6725,0.04758],[-74.66442,0.05093],[-74.65778,0.05842],[-74.65451,0.07202],[-74.65781,0.07807],[-74.66682,0.0818],[-74.67868,0.08277],[-74.69176,0.07877],[-74.69759,0.07888],[-74.70363,0.08239],[-74.71239,0.09153],[-74.71198,0.09726],[-74.70874,0.09845],[-74.70256,0.09497],[-74.69592,0.08851],[-74.68923,0.08726],[-74.68124,0.09029],[-74.67453,0.09748],[-74.67198,0.10852],[-74.67178,0.12365],[-74.67465,0.13761],[-74.67679,0.15933],[-74.68467,0.16861],[-74.70253,0.18386],[-74.71059,0.19739],[-74.72594,0.20692],[-74.75145,0.21212],[-74.76748,0.21282],[-74.78653,0.20917],[-74.81355,0.21694],[-74.82818,0.21333],[-74.84638,0.21487],[-74.86389,0.2238],[-74.88176,0.24262],[-74.89135,0.24817],[-74.90354,0.25246],[-74.92727,0.25102],[-74.93725,0.24738],[-74.94405,0.24187],[-74.95993,0.24153],[-74.96761,0.24646],[-74.98029,0.26312],[-74.99439,0.2714],[-75.00357,0.27318],[-75.01137,0.28435],[-75.0093,0.29288],[-75.00276,0.29795],[-74.98544,0.30164],[-74.9796,0.30988],[-74.98268,0.32164],[-74.99769,0.33319],[-75.00661,0.33663],[-75.01657,0.38494],[-75.01091,0.39256],[-74.99999,0.39284],[-74.98582,0.39874],[-74.98172,0.40501],[-74.98352,0.41548],[-74.98738,0.42189],[-75.00477,0.43887],[-75.00844,0.45253],[-75.01946,0.47568],[-75.02765,0.48204],[-75.03214,0.48276],[-75.043,0.47907],[-75.04883,0.47915],[-75.05945,0.48468],[-75.0715,0.4856],[-75.07962,0.48001],[-75.09391,0.47356],[-75.10435,0.47328],[-75.10628,0.47587],[-75.09684,0.48583],[-75.09497,0.49837],[-75.09702,0.51072],[-75.10525,0.51363],[-75.11796,0.51243],[-75.12843,0.50385],[-75.14388,0.48668],[-75.15103,0.48287],[-75.15859,0.48161],[-75.17228,0.48526],[-75.18521,0.48483],[-75.19228,0.48748],[-75.20618,0.48231],[-75.21965,0.48325],[-75.22188,0.48643],[-75.22226,0.49085],[-75.21941,0.49441],[-75.2057,0.49211],[-75.20259,0.49344],[-75.19905,0.49937],[-75.19778,0.50608],[-75.21099,0.5163],[-75.22799,0.54264],[-75.23374,0.56119],[-75.23543,0.57358],[-75.23357,0.578],[-75.22441,0.58255],[-75.21591,0.58343],[-75.21212,0.58685],[-75.20964,0.59234],[-75.21294,0.60753],[-75.21909,0.61715],[-75.21655,0.62736],[-75.22628,0.64529],[-75.23486,0.65061],[-75.24689,0.65005],[-75.26035,0.65313],[-75.27417,0.66555],[-75.27285,0.67459],[-75.26267,0.68683],[-75.25626,0.70579],[-75.2608,0.71917],[-75.26652,0.72525],[-75.26989,0.7271],[-75.2803,0.72634],[-75.28935,0.72801],[-75.29267,0.72695],[-75.29765,0.72877],[-75.30113,0.73378],[-75.30173,0.7432],[-75.30641,0.74608],[-75.31712,0.7438],[-75.32316,0.74456],[-75.33071,0.752],[-75.33297,0.76673],[-75.33433,0.76977],[-75.3376,0.77216],[-75.34278,0.77022],[-75.35108,0.75868],[-75.35732,0.75321],[-75.38231,0.75517],[-75.3897,0.75168],[-75.40085,0.73776],[-75.40796,0.73633],[-75.41505,0.73739],[-75.43265,0.74543],[-75.44033,0.74632],[-75.45621,0.7549],[-75.46141,0.75492],[-75.47029,0.75883],[-75.4726,0.76174],[-75.473,0.76942],[-75.47527,0.77686],[-75.48326,0.78157],[-75.48598,0.78157],[-75.49216,0.77838],[-75.49805,0.77017],[-75.50302,0.76789],[-75.51238,0.77017],[-75.53398,0.78288],[-75.53726,0.78751],[-75.5385,0.79112],[-75.53724,0.79967],[-75.53835,0.81238],[-75.53594,0.8221],[-75.54008,0.83073],[-75.542,0.83209],[-75.54832,0.83209],[-75.55552,0.82966],[-75.56242,0.8292],[-75.5766,0.83409],[-75.60788,0.83767],[-75.61227,0.84427],[-75.61329,0.85154],[-75.61229,0.85987],[-75.61421,0.86435],[-75.61827,0.867],[-75.63408,0.87253],[-75.64304,0.87851],[-75.64752,0.87751],[-75.65829,0.86829],[-75.67846,0.85821],[-75.6903,0.86289],[-75.70726,0.85954],[-75.71922,0.86137],[-75.734,0.86031],[-75.74459,0.85162],[-75.74835,0.84415],[-75.75358,0.83831],[-75.75723,0.83658],[-75.76066,0.83711],[-75.76347,0.83992],[-75.76515,0.85195],[-75.77273,0.86721],[-75.7888,0.8812],[-75.79809,0.89406],[-75.80948,0.89736],[-75.81591,0.89081],[-75.82156,0.88194],[-75.83337,0.87689],[-75.83956,0.87676],[-75.85117,0.8795],[-75.85316,0.88318],[-75.86016,0.88683],[-75.86561,0.89826],[-75.86551,0.90523],[-75.8618,0.91357],[-75.86294,0.9199],[-75.86875,0.925],[-75.89141,0.93269],[-75.89456,0.93563],[-75.9025,0.94611],[-75.90432,0.95647],[-75.90407,0.96706],[-75.90566,0.97073],[-75.91632,0.97645],[-75.93049,0.97985],[-75.93464,0.9796],[-75.94229,0.97571],[-75.94817,0.97671],[-75.94961,0.98075],[-75.94879,0.98268],[-75.93361,0.98923],[-75.93191,0.99248],[-75.93375,0.99986],[-75.93337,1.00606],[-75.92042,1.01745],[-75.91953,1.02605],[-75.92041,1.02897],[-75.92305,1.03099],[-75.92758,1.0315],[-75.93601,1.02783],[-75.94343,1.02935],[-75.94846,1.03214],[-75.96153,1.04316],[-75.97561,1.06101],[-75.9873,1.06874],[-75.99435,1.0714],[-75.99912,1.07115],[-76.00035,1.06621],[-75.99952,1.0642],[-75.99498,1.06254],[-75.99108,1.05912],[-75.98756,1.05165],[-75.98744,1.04595],[-75.99021,1.03215],[-75.99461,1.02671],[-75.99713,1.02671],[-76.00035,1.02934],[-76.0016,1.0363],[-76.00082,1.05248],[-76.00594,1.05641],[-76.00838,1.05659],[-76.02004,1.04784],[-76.03314,1.0504],[-76.03885,1.0529],[-76.04664,1.04766],[-76.0508,1.04707],[-76.06851,1.05341],[-76.08443,1.05704],[-76.08828,1.05778],[-76.09132,1.05671],[-76.09358,1.05314],[-76.09185,1.04879],[-76.08114,1.04505],[-76.0749,1.03343],[-76.07531,1.02671],[-76.07989,1.02106],[-76.09161,1.01862],[-76.09738,1.01998],[-76.10303,1.02498],[-76.10523,1.02391],[-76.1116,1.01279],[-76.11553,1.00981],[-76.1252,1.0066],[-76.13311,1.00892],[-76.14527,1.01844],[-76.14646,1.02201],[-76.14985,1.01951],[-76.15259,1.01933],[-76.16692,1.02998],[-76.17348,1.02956],[-76.18442,1.02498],[-76.18496,1.02213],[-76.18192,1.01564],[-76.18347,1.01291],[-76.19234,1.01011],[-76.2009,1.01784],[-76.20441,1.01725],[-76.20863,1.0058],[-76.20804,1.002],[-76.20566,1.00051],[-76.20346,1.00098],[-76.19846,1.00586],[-76.19454,1.00628],[-76.1899,1.00324],[-76.18841,0.99878],[-76.18942,0.99581],[-76.19144,0.99283],[-76.19686,0.98974],[-76.20275,0.98118],[-76.2059,0.97951],[-76.22665,0.98009],[-76.23331,0.98247],[-76.23587,0.98194],[-76.23878,0.97764],[-76.23405,0.97005],[-76.23405,0.96589],[-76.23567,0.96458],[-76.241,0.96478],[-76.24573,0.96904],[-76.24935,0.97663],[-76.24916,0.9814],[-76.25249,0.98081],[-76.25941,0.97309],[-76.26905,0.97094],[-76.27206,0.97985],[-76.27706,0.98247],[-76.2815,0.97874],[-76.28366,0.97136],[-76.29662,0.9629],[-76.3006,0.9626],[-76.31085,0.96557],[-76.31664,0.96454],[-76.32989,0.95859],[-76.33168,0.9616],[-76.32857,0.96863],[-76.3349,0.97368],[-76.33513,0.98066],[-76.34181,0.97863],[-76.3462,0.97481],[-76.34869,0.97648],[-76.34922,0.97827],[-76.348,0.97941],[-76.34943,0.98001],[-76.37073,0.98393],[-76.38553,0.9753],[-76.3967,0.97983],[-76.40325,0.97877],[-76.4059,0.97224],[-76.40947,0.96787],[-76.41055,0.96213],[-76.41332,0.96119],[-76.41642,0.96322],[-76.41941,0.96329],[-76.42363,0.96024],[-76.4263,0.96043],[-76.43667,0.9682],[-76.44529,0.96915],[-76.44633,0.9783],[-76.44521,0.98115],[-76.45133,0.9843],[-76.45381,0.98896],[-76.45851,0.99134],[-76.46713,0.9989],[-76.47974,1.00205],[-76.48484,1.0081],[-76.48674,1.01631],[-76.49185,1.02273],[-76.49269,1.02803],[-76.50173,1.03166],[-76.50607,1.02993],[-76.51618,1.03124],[-76.52262,1.0298],[-76.52926,1.03422],[-76.53725,1.03348],[-76.54622,1.03809],[-76.54805,1.04919],[-76.55453,1.05997],[-76.5564,1.06884],[-76.56198,1.0749],[-76.5621,1.08155],[-76.56649,1.08483],[-76.56721,1.087],[-76.56324,1.0955],[-76.56595,1.10078],[-76.56576,1.10401],[-76.55478,1.11432],[-76.54994,1.1237],[-76.54823,1.13355],[-76.55032,1.14234],[-76.54829,1.15191],[-76.54397,1.15932],[-76.54465,1.16465],[-76.54284,1.17218],[-76.54467,1.17801],[-76.54227,1.18448],[-76.54283,1.19542],[-76.53832,1.20611],[-76.53808,1.2099],[-76.54417,1.22289],[-76.54819,1.22467],[-76.5696,1.24468],[-76.57126,1.26256],[-76.57466,1.26988],[-76.58066,1.27554],[-76.58349,1.28136],[-76.58369,1.29004],[-76.58661,1.29874],[-76.58393,1.30513],[-76.57442,1.31945],[-76.57636,1.32784],[-76.58367,1.33788],[-76.5846,1.34234],[-76.58333,1.34605],[-76.57804,1.35229],[-76.57692,1.36124],[-76.57777,1.37603],[-76.57426,1.38399],[-76.5744,1.38769],[-76.57626,1.39014],[-76.59147,1.39038],[-76.59245,1.39134],[-76.59138,1.39624],[-76.60079,1.40562],[-76.60167,1.41241],[-76.60339,1.41522],[-76.61228,1.42203],[-76.62527,1.42404],[-76.6285,1.4285],[-76.6348,1.43299],[-76.63619,1.44158],[-76.6439,1.44978],[-76.64665,1.4551],[-76.65333,1.4586],[-76.66015,1.45948],[-76.66726,1.46728],[-76.67569,1.46679],[-76.6857,1.45463],[-76.70174,1.44313],[-76.716,1.43952],[-76.72455,1.43314],[-76.73079,1.4306],[-76.74061,1.43012],[-76.74994,1.42096],[-76.76505,1.41797],[-76.77097,1.41299],[-76.781,1.41057],[-76.78939,1.41224],[-76.79352,1.4097],[-76.79944,1.40858],[-76.80687,1.40139],[-76.81657,1.39973],[-76.82793,1.39175],[-76.85402,1.38367],[-76.85775,1.38068],[-76.85967,1.37645],[-76.86847,1.37483],[-76.87241,1.37128],[-76.87649,1.37066],[-76.88064,1.37263],[-76.8871,1.37199],[-76.89468,1.3611],[-76.91429,1.34167],[-76.92057,1.34561],[-76.92151,1.33634],[-76.91512,1.33274],[-76.91298,1.32814],[-76.90415,1.32094],[-76.90289,1.31832],[-76.9055,1.31048],[-76.90335,1.3055],[-76.90438,1.29804],[-76.91257,1.28755],[-76.91616,1.28058],[-76.92278,1.27475],[-76.92678,1.27354],[-76.92802,1.28035],[-76.93386,1.28625],[-76.93853,1.28651],[-76.94531,1.2893],[-76.94792,1.29359],[-76.95093,1.2947],[-76.95121,1.29994],[-76.9569,1.30761],[-76.96384,1.31127],[-76.97494,1.32159],[-76.97906,1.31471],[-76.97915,1.30485],[-76.98282,1.30138],[-76.98786,1.3],[-76.99124,1.30243],[-76.99624,1.29977],[-77.00232,1.2992],[-77.00506,1.29234],[-77.01204,1.28556],[-77.02233,1.28437],[-77.0369,1.27403],[-77.04902,1.27171],[-77.05434,1.26203],[-77.06367,1.25359],[-77.071,1.25018],[-77.07603,1.24527],[-77.07554,1.23601],[-77.0807,1.22362],[-77.08695,1.22236],[-77.09048,1.21852],[-77.09586,1.21957],[-77.10595,1.21611],[-77.12223,1.21543],[-77.1194,1.1988],[-77.11484,1.19437],[-77.11067,1.19067],[-77.10293,1.18921],[-77.09731,1.18465],[-77.09168,1.18445],[-77.08566,1.18074],[-77.08902,1.17365],[-77.09742,1.16419],[-77.09495,1.13214],[-77.09091,1.11827],[-77.09075,1.10709],[-77.0948,1.08332],[-77.09054,1.07119],[-77.08876,1.0678],[-77.0833,1.06349],[-77.06712,1.05539],[-77.06473,1.05262],[-77.06418,1.04175],[-77.06246,1.0377],[-77.05907,1.03459],[-77.05336,1.03437],[-77.04664,1.03786],[-77.03921,1.04646],[-77.03847,1.03666],[-77.03447,1.02806],[-77.02926,1.02129],[-77.0266,1.01236],[-77.0292,1.00475],[-77.0287,0.99648],[-77.02998,0.99382],[-77.03886,0.99304],[-77.04174,0.98555],[-77.0478,0.97753],[-77.05758,0.97675],[-77.06579,0.97425],[-77.07807,0.96316],[-77.07856,0.95836],[-77.07443,0.95185],[-77.07315,0.94485],[-77.07814,0.94107],[-77.08005,0.93655],[-77.08287,0.93426],[-77.0845,0.92861],[-77.08845,0.92359],[-77.09022,0.91512],[-77.10046,0.91264],[-77.10824,0.90438],[-77.11855,0.90056],[-77.12413,0.88161],[-77.11636,0.8764],[-77.11629,0.86488],[-77.11777,0.85925],[-77.1165,0.85445],[-77.11417,0.84965],[-77.10774,0.84444],[-77.10174,0.83398],[-77.11792,0.82736],[-77.13667,0.82288],[-77.14,0.81987],[-77.1868,0.63099],[-77.17562,0.61722],[-77.17037,0.61321],[-77.15673,0.60638],[-77.13973,0.60396],[-77.13177,0.59578],[-77.12786,0.59717],[-77.12646,0.60163],[-77.12347,0.59643],[-77.12175,0.59716],[-77.12157,0.59342],[-77.11885,0.59424],[-77.1174,0.59296],[-77.11813,0.59196],[-77.11677,0.58968],[-77.11894,0.58694],[-77.11677,0.58274],[-77.11903,0.579],[-77.11949,0.56988],[-77.11831,0.5666],[-77.11396,0.56194],[-77.11559,0.56012],[-77.11903,0.56176],[-77.12474,0.55629],[-77.12954,0.55592],[-77.12982,0.55017],[-77.12828,0.54653],[-77.13072,0.53831],[-77.12973,0.52618],[-77.12791,0.51897],[-77.1222,0.51469],[-77.11985,0.50994],[-77.11985,0.5083],[-77.12447,0.50483],[-77.1174,0.49544],[-77.1174,0.48376],[-77.11532,0.48121],[-77.10534,0.47756],[-77.10132,0.46986],[-77.10234,0.45965],[-77.10728,0.4502],[-77.10774,0.44292],[-77.10152,0.42751],[-77.09452,0.43136],[-77.09346,0.42901],[-77.089,0.42602],[-77.09027,0.41982],[-77.09239,0.41854],[-77.09373,0.4142],[-77.09229,0.40475],[-77.09528,0.40215],[-77.08964,0.39975],[-77.08815,0.39655],[-77.08985,0.39334],[-77.09664,0.39569],[-77.09643,0.38373],[-77.10003,0.37925],[-77.10449,0.38224],[-77.10618,0.37754],[-77.10724,0.37754],[-77.1083,0.38202],[-77.11127,0.38373],[-77.11255,0.38224],[-77.11206,0.37363],[-77.11331,0.37233],[-77.11132,0.36495],[-77.10625,0.35529],[-77.10812,0.34973],[-77.10731,0.34477],[-77.09824,0.33561],[-77.09445,0.32487],[-77.08543,0.32058],[-77.08162,0.31719],[-77.08014,0.31106],[-77.08727,0.30519],[-77.08911,0.30177],[-77.08162,0.29634],[-77.08059,0.29071],[-77.07611,0.2843],[-77.07197,0.28423],[-77.0654,0.28697],[-77.05337,0.28459],[-77.0515,0.28602],[-77.05074,0.29109],[-77.04535,0.29109],[-77.04012,0.28575],[-77.03513,0.2837],[-77.03166,0.27836],[-77.02744,0.27737],[-77.02458,0.27901],[-77.01509,0.29085],[-77.01123,0.29378],[-77.00669,0.29435],[-76.99795,0.28816],[-76.99617,0.27948],[-76.98572,0.266],[-76.98028,0.2668],[-76.96668,0.27222],[-76.95762,0.26861],[-76.94567,0.26839],[-76.93792,0.27614],[-76.93327,0.27676],[-76.92945,0.27388],[-76.92845,0.27139],[-76.92997,0.26816],[-76.9352,0.2653],[-76.93534,0.2617],[-76.92299,0.25622],[-76.91685,0.25101],[-76.90759,0.24603],[-76.90342,0.24567],[-76.89557,0.24762],[-76.88655,0.24636],[-76.87897,0.25148],[-76.87451,0.25141],[-76.85941,0.24637],[-76.85074,0.24043],[-76.84563,0.23896],[-76.84165,0.23998],[-76.8226,0.25522],[-76.81683,0.25691],[-76.81069,0.25611],[-76.80654,0.26102],[-76.79754,0.26437],[-76.78992,0.26396],[-76.78336,0.2605],[-76.77547,0.25262],[-76.77278,0.24527],[-76.77072,0.24352],[-76.76815,0.24327],[-76.75607,0.24824],[-76.75183,0.25306],[-76.75305,0.25712],[-76.75636,0.25871],[-76.76465,0.25855],[-76.76703,0.26091],[-76.76736,0.2635],[-76.75254,0.27485],[-76.74218,0.27812],[-76.73908,0.28071],[-76.73602,0.28664],[-76.73295,0.28862],[-76.72689,0.28455],[-76.7174,0.27265],[-76.71253,0.26898],[-76.70199,0.27893],[-76.6878,0.27511],[-76.67899,0.2697],[-76.66378,0.27232],[-76.65571,0.27067],[-76.65367,0.26647],[-76.65618,0.25356],[-76.65315,0.25108],[-76.64928,0.25193],[-76.63684,0.26048],[-76.62559,0.26191],[-76.61803,0.2545],[-76.61438,0.2449],[-76.60453,0.23057],[-76.59441,0.22723],[-76.59051,0.22082],[-76.58634,0.21866],[-76.58053,0.22222],[-76.58228,0.22938],[-76.57494,0.2346],[-76.56792,0.24392],[-76.53284,0.25865],[-76.5245,0.25297],[-76.51384,0.24122],[-76.50404,0.23641],[-76.48696,0.24242],[-76.47668,0.23902],[-76.44677,0.23945],[-76.44182,0.24251],[-76.44447,0.24938],[-76.44503,0.25554],[-76.43459,0.25774],[-76.42618,0.25546],[-76.42393,0.25235],[-76.42388,0.24839],[-76.42955,0.24072],[-76.42701,0.2344],[-76.42163,0.23512],[-76.4127,0.24065],[-76.41064,0.24236],[-76.41136,0.37962],[-76.39679,0.38217],[-76.37533,0.39313],[-76.37005,0.39431],[-76.36184,0.39126],[-76.35457,0.38074],[-76.34912,0.37956],[-76.34398,0.38122],[-76.33444,0.38722],[-76.33115,0.4134],[-76.31421,0.43389],[-76.31262,0.43483],[-76.30976,0.43361],[-76.30375,0.4226],[-76.29688,0.42122],[-76.2918,0.42349],[-76.28336,0.43497],[-76.27834,0.43708],[-76.27389,0.43606],[-76.26167,0.42695],[-76.25906,0.42353],[-76.25892,0.41626],[-76.26122,0.40564],[-76.25743,0.40095],[-76.24988,0.39841],[-76.23785,0.4045],[-76.23302,0.40341],[-76.23132,0.4017],[-76.22787,0.37923],[-76.22644,0.37683],[-76.22306,0.37717],[-76.20878,0.38644],[-76.20536,0.38483],[-76.19817,0.37665],[-76.19234,0.37287],[-76.18135,0.37167],[-76.16744,0.37866],[-76.15849,0.38825],[-76.15131,0.3796],[-76.13294,0.37116],[-76.12752,0.36679],[-76.11921,0.34644],[-76.11835,0.33889],[-76.12073,0.32971],[-76.1199,0.32464],[-76.11732,0.31863],[-76.11337,0.31588],[-76.10839,0.31365],[-76.09655,0.31794],[-76.08608,0.33494],[-76.08265,0.33614],[-76.06788,0.33597],[-76.05672,0.33322],[-76.05312,0.33013],[-76.04475,0.31268],[-76.03818,0.30696],[-76.03441,0.30473],[-76.009,0.30026],[-76.00368,0.29649],[-75.99809,0.2892],[-75.99639,0.2843],[-75.99612,0.26701],[-75.99458,0.2649],[-75.98463,0.26353],[-75.98259,0.26033],[-75.98239,0.25632],[-75.98572,0.2532],[-76.00265,0.25546],[-76.00588,0.2522],[-76.00543,0.24793],[-76.00407,0.2466],[-75.9958,0.24685],[-75.97568,0.24015],[-75.95922,0.23829],[-75.95755,0.23509],[-75.95836,0.22714],[-75.95668,0.22323],[-75.95132,0.2213],[-75.95098,0.21958],[-75.95115,0.21529],[-75.95855,0.21262],[-75.95891,0.20913],[-75.95459,0.2031],[-75.95184,0.20139],[-75.94343,0.20122],[-75.93124,0.19607],[-75.92351,0.18662],[-75.9206,0.17718],[-75.91699,0.17323],[-75.89777,0.16225],[-75.89639,0.15864],[-75.89725,0.15126],[-75.90548,0.14315],[-75.90548,0.13954],[-75.90273,0.1368],[-75.89742,0.13712],[-75.88645,0.14156],[-75.88199,0.13881],[-75.88044,0.13469],[-75.88068,0.12132],[-75.87827,0.1184],[-75.87295,0.11891],[-75.86687,0.1298],[-75.86172,0.13461],[-75.85458,0.13249],[-75.84987,0.12774],[-75.84563,0.11392],[-75.84073,0.1051],[-75.83154,0.09443],[-75.82309,0.08809],[-75.81434,0.07522],[-75.80953,0.05565],[-75.80661,0.05084],[-75.80232,0.04964],[-75.78756,0.05565],[-75.77983,0.05118],[-75.77501,0.05167],[-75.76866,0.04909],[-75.76027,0.03968],[-75.75254,0.03694],[-75.74185,0.04035],[-75.72593,0.03934],[-75.71203,0.04123],[-75.70421,0.04102],[-75.68364,0.03658],[-75.67167,0.0419],[-75.65813,0.03625],[-75.65212,0.03127],[-75.648,0.03179],[-75.64302,0.0347],[-75.63959,0.04689],[-75.63336,0.04709],[-75.62933,0.04537],[-75.62835,0.04296],[-75.62967,0.03957],[-75.62768,0.03603],[-75.62163,0.03333],[-75.61727,0.02887],[-75.60955,0.01668],[-75.60062,0.01256],[-75.58843,0.01719],[-75.58191,0.01428],[-75.57916,0.00535],[-75.57985,-0.00031],[-75.58242,-0.00598],[-75.58213,-0.01803],[-75.57453,-0.02658],[-75.56783,-0.02658],[-75.53554,-0.01751],[-75.53005,-0.01888],[-75.52612,-0.02469],[-75.51118,-0.03654],[-75.49024,-0.04752],[-75.48544,-0.04924],[-75.46878,-0.04975],[-75.46484,-0.05198],[-75.4523,-0.06898],[-75.42846,-0.08649],[-75.39325,-0.09713],[-75.37935,-0.09524],[-75.36665,-0.09078],[-75.35514,-0.09181],[-75.34639,-0.09456],[-75.33969,-0.10365],[-75.32983,-0.10731],[-75.30622,-0.10554],[-75.2985,-0.10657],[-75.28871,-0.11275],[-75.27841,-0.12374],[-75.27342,-0.12514],[-75.26881,-0.12463],[-75.2575,-0.11563],[-75.24837,-0.11172],[-75.22331,-0.08031],[-75.21129,-0.04924],[-75.19275,-0.03928],[-75.17627,-0.04048],[-75.16214,-0.04472],[-75.13164,-0.0707],[-75.1214,-0.07447],[-75.10755,-0.07487],[-75.09073,-0.08014],[-75.07745,-0.0818],[-75.05388,-0.10983],[-75.04055,-0.11304],[-75.01193,-0.14869],[-74.9851,-0.14789],[-74.97268,-0.15498],[-74.97005,-0.16705],[-74.96004,-0.17735],[-74.95586,-0.19492],[-74.94917,-0.20039],[-74.93492,-0.20236],[-74.93234,-0.2082],[-74.93088,-0.22148],[-74.92792,-0.22571],[-74.92353,-0.22782],[-74.91794,-0.22409],[-74.91583,-0.21909],[-74.91633,-0.20215],[-74.91203,-0.20236],[-74.90762,-0.20614],[-74.90264,-0.21386],[-74.89536,-0.23558],[-74.88328,-0.24328],[-74.87649,-0.23901],[-74.85794,-0.2391],[-74.84496,-0.23087],[-74.83062,-0.20529],[-74.81951,-0.19915],[-74.80587,-0.18846],[-74.80082,-0.18706],[-74.79349,-0.1888],[-74.78627,-0.19523],[-74.7809,-0.20442],[-74.77516,-0.20865],[-74.76156,-0.22365],[-74.75411,-0.24707],[-74.74094,-0.27926],[-74.73339,-0.28647],[-74.72858,-0.29694],[-74.7291,-0.3093],[-74.73294,-0.33367],[-74.72838,-0.34279],[-74.71862,-0.34758],[-74.70832,-0.34947],[-74.69441,-0.33351],[-74.68608,-0.32865],[-74.67914,-0.3311],[-74.67633,-0.33628],[-74.68017,-0.3481],[-74.67588,-0.36561],[-74.6709,-0.37196],[-74.66037,-0.37448],[-74.65021,-0.36325],[-74.64518,-0.3609],[-74.61167,-0.35084],[-74.60807,-0.35205],[-74.60727,-0.35726],[-74.61634,-0.37291],[-74.61632,-0.37761],[-74.60844,-0.38354],[-74.58936,-0.38346],[-74.57797,-0.39004],[-74.55371,-0.40769],[-74.54391,-0.41917],[-74.53714,-0.4586],[-74.52102,-0.47022],[-74.50375,-0.46154],[-74.49787,-0.46191],[-74.49512,-0.47135],[-74.50113,-0.48233],[-74.50112,-0.48517],[-74.49701,-0.48766],[-74.48722,-0.48851],[-74.48344,-0.47737],[-74.47367,-0.47267],[-74.46954,-0.47804],[-74.46583,-0.48669],[-74.45145,-0.49034],[-74.4383,-0.49727],[-74.42236,-0.49933],[-74.41952,-0.50425],[-74.42398,-0.521],[-74.4244,-0.54997],[-74.42045,-0.55992],[-74.41157,-0.55924],[-74.40846,-0.55659],[-74.39782,-0.53999],[-74.3923,-0.54191],[-74.38675,-0.55491],[-74.38759,-0.55933],[-74.38102,-0.55139],[-73.8413,-0.39798]]]}},{"type":"Feature","properties":{"shapeName":"Nariño","shapeISO":"CO-NAR","shapeID":"13589884B81785725414319","shapeGroup":"COL","shapeType":"ADM1"},"geometry":{"type":"MultiPolygon","coordinates":[[[[-78.75411,1.81909],[-78.75633,1.81892],[-78.75414,1.81678],[-78.75597,1.81286],[-78.75514,1.80723],[-78.74827,1.80423],[-78.74396,1.80696],[-78.73879,1.80729],[-78.73354,1.81686],[-78.7295,1.82055],[-78.7269,1.82019],[-78.72219,1.82419],[-78.72988,1.83061],[-78.73542,1.83047],[-78.74402,1.82316],[-78.75411,1.81909]]],[[[-78.82004,1.46447],[-78.81586,1.46553],[-78.8175,1.46738],[-78.82073,1.46624],[-78.83336,1.4579],[-78.83448,1.456],[-78.83303,1.45044],[-78.82354,1.45117],[-78.81729,1.45483],[-78.82244,1.46049],[-78.82231,1.46277],[-78.82004,1.46447]]],[[[-76.92057,1.34561],[-76.92019,1.34995],[-76.92488,1.35624],[-76.92698,1.36618],[-76.92585,1.37435],[-76.93001,1.38006],[-76.93168,1.386],[-76.93174,1.39933],[-76.92775,1.40157],[-76.92359,1.40983],[-76.91817,1.42954],[-76.92365,1.44114],[-76.9221,1.45159],[-76.92579,1.46553],[-76.92466,1.47309],[-76.92864,1.48302],[-76.92656,1.49434],[-76.93025,1.50047],[-76.91725,1.49932],[-76.91259,1.50051],[-76.90692,1.5099],[-76.89592,1.51561],[-76.88754,1.52296],[-76.88321,1.52324],[-76.87311,1.52015],[-76.86543,1.52143],[-76.86067,1.52062],[-76.85801,1.52267],[-76.85672,1.5271],[-76.85129,1.53429],[-76.85324,1.54078],[-76.85653,1.54321],[-76.85748,1.56388],[-76.84124,1.58474],[-76.83996,1.59767],[-76.8342,1.6073],[-76.83501,1.6154],[-76.84124,1.62026],[-76.8442,1.62654],[-76.85129,1.63061],[-76.85388,1.63698],[-76.85683,1.63821],[-76.8615,1.63659],[-76.87017,1.64031],[-76.88922,1.65631],[-76.89394,1.66341],[-76.90168,1.6626],[-76.91054,1.67956],[-76.91168,1.68933],[-76.91554,1.69576],[-76.91711,1.70238],[-76.92495,1.70769],[-76.92558,1.71852],[-76.93604,1.72924],[-76.94628,1.7273],[-76.95449,1.72211],[-76.96126,1.7225],[-76.96573,1.71386],[-76.96844,1.71255],[-76.98834,1.71434],[-76.99328,1.71289],[-76.99702,1.70881],[-76.99989,1.70823],[-77.00391,1.70866],[-77.01639,1.71527],[-77.02299,1.71434],[-77.0375,1.70715],[-77.04372,1.70147],[-77.05093,1.70078],[-77.05708,1.69781],[-77.06137,1.68758],[-77.06888,1.6771],[-77.06984,1.67278],[-77.07304,1.66863],[-77.08807,1.66467],[-77.09174,1.66098],[-77.12281,1.66061],[-77.12502,1.65895],[-77.13349,1.65844],[-77.13682,1.65481],[-77.13896,1.65607],[-77.14445,1.6665],[-77.14155,1.67632],[-77.14857,1.67985],[-77.14948,1.68138],[-77.14796,1.68276],[-77.15085,1.68598],[-77.15131,1.6843],[-77.1574,1.68168],[-77.15713,1.67954],[-77.15987,1.67946],[-77.16214,1.67498],[-77.17123,1.67567],[-77.17141,1.67739],[-77.17312,1.67498],[-77.17844,1.67361],[-77.18366,1.67458],[-77.18645,1.6777],[-77.19246,1.67654],[-77.20059,1.67052],[-77.20394,1.67197],[-77.2086,1.67049],[-77.21107,1.67178],[-77.21295,1.66795],[-77.21638,1.66726],[-77.21866,1.66954],[-77.2197,1.66776],[-77.22197,1.66779],[-77.22257,1.66529],[-77.22663,1.66317],[-77.22632,1.66148],[-77.22807,1.66025],[-77.23233,1.66144],[-77.23372,1.65783],[-77.23598,1.65971],[-77.23782,1.65936],[-77.23835,1.6568],[-77.24218,1.65971],[-77.24366,1.65728],[-77.246,1.65849],[-77.24934,1.66459],[-77.25178,1.66473],[-77.25288,1.66773],[-77.25547,1.66599],[-77.25678,1.67108],[-77.26295,1.6702],[-77.26422,1.66656],[-77.26656,1.66754],[-77.27014,1.66537],[-77.27004,1.66268],[-77.27417,1.66413],[-77.27546,1.66242],[-77.27985,1.66444],[-77.27988,1.66984],[-77.28061,1.66891],[-77.28243,1.67093],[-77.28154,1.67382],[-77.28589,1.67223],[-77.28628,1.66851],[-77.29304,1.67007],[-77.29573,1.67418],[-77.29675,1.67182],[-77.2952,1.66959],[-77.29782,1.66978],[-77.29949,1.67333],[-77.30138,1.67228],[-77.30192,1.67379],[-77.30787,1.67488],[-77.31331,1.67817],[-77.31443,1.67697],[-77.32153,1.67854],[-77.33112,1.68216],[-77.32559,1.69155],[-77.32451,1.69651],[-77.32129,1.70031],[-77.31614,1.71403],[-77.31065,1.72261],[-77.31185,1.72416],[-77.30876,1.72536],[-77.3043,1.74046],[-77.30001,1.74389],[-77.29778,1.75315],[-77.29984,1.75418],[-77.29915,1.75779],[-77.29428,1.76551],[-77.29554,1.77065],[-77.30447,1.78627],[-77.30756,1.78644],[-77.3031,1.79656],[-77.3043,1.79948],[-77.30842,1.80017],[-77.30893,1.80377],[-77.30533,1.80446],[-77.30069,1.81526],[-77.29469,1.81818],[-77.29446,1.83062],[-77.28662,1.84512],[-77.28645,1.84649],[-77.28868,1.84786],[-77.28816,1.84924],[-77.2837,1.84992],[-77.28147,1.84889],[-77.27924,1.85027],[-77.28078,1.85438],[-77.2801,1.8597],[-77.27855,1.86142],[-77.2556,1.86881],[-77.25206,1.8731],[-77.25163,1.87728],[-77.24721,1.8799],[-77.24627,1.88347],[-77.24303,1.88681],[-77.2443,1.89669],[-77.24259,1.90086],[-77.24556,1.90673],[-77.24528,1.9114],[-77.2405,1.91463],[-77.23115,1.91537],[-77.22857,1.91955],[-77.22591,1.92105],[-77.22206,1.92094],[-77.21882,1.91827],[-77.21672,1.91936],[-77.21802,1.93458],[-77.20751,1.94084],[-77.20347,1.95065],[-77.20733,1.95761],[-77.21041,1.9718],[-77.22126,1.98845],[-77.22704,1.99089],[-77.24718,1.99272],[-77.26044,1.99547],[-77.26567,2.0001],[-77.26839,2.00519],[-77.27416,2.00712],[-77.28103,2.0211],[-77.30294,2.02818],[-77.30762,2.03756],[-77.33102,2.04985],[-77.33525,2.0544],[-77.33486,2.05932],[-77.3333,2.06149],[-77.32667,2.06574],[-77.32023,2.07227],[-77.31852,2.08244],[-77.31603,2.08783],[-77.31606,2.093],[-77.31073,2.09848],[-77.30808,2.10694],[-77.3079,2.1246],[-77.31196,2.12911],[-77.30932,2.13739],[-77.31138,2.14199],[-77.3077,2.14573],[-77.30539,2.14605],[-77.30808,2.15492],[-77.31407,2.16519],[-77.31843,2.18213],[-77.31507,2.18555],[-77.31263,2.19279],[-77.3087,2.19446],[-77.30816,2.19622],[-77.31066,2.20117],[-77.31674,2.20048],[-77.3191,2.21087],[-77.32324,2.21758],[-77.32288,2.2223],[-77.32726,2.22395],[-77.32996,2.22979],[-77.34029,2.23671],[-77.34258,2.24173],[-77.34819,2.24655],[-77.35202,2.25695],[-77.35885,2.26236],[-77.37479,2.26421],[-77.38114,2.25656],[-77.38568,2.25594],[-77.40182,2.26376],[-77.40899,2.27115],[-77.41755,2.27319],[-77.42459,2.2785],[-77.43228,2.28185],[-77.43901,2.28259],[-77.4438,2.28542],[-77.45943,2.28618],[-77.46817,2.27498],[-77.47655,2.27524],[-77.47902,2.27369],[-77.48005,2.26627],[-77.47868,2.2639],[-77.47491,2.2638],[-77.4736,2.26244],[-77.47187,2.25627],[-77.47314,2.25081],[-77.47227,2.24132],[-77.47868,2.23618],[-77.47901,2.22953],[-77.48774,2.21608],[-77.48476,2.21052],[-77.48473,2.20197],[-77.48794,2.19525],[-77.50079,2.19327],[-77.50724,2.19722],[-77.52123,2.2],[-77.52953,2.19569],[-77.53897,2.19732],[-77.54345,2.19635],[-77.55621,2.20252],[-77.55979,2.19758],[-77.56461,2.19471],[-77.56859,2.18716],[-77.57416,2.18067],[-77.58141,2.17903],[-77.58747,2.17497],[-77.59318,2.1737],[-77.60363,2.16471],[-77.64562,2.16854],[-77.65144,2.16658],[-77.66458,2.1579],[-77.67928,2.15802],[-77.6857,2.15468],[-77.69848,2.15361],[-77.70467,2.14909],[-77.72186,2.14148],[-77.73079,2.13529],[-77.73936,2.13357],[-77.744,2.13505],[-77.75114,2.14088],[-77.78064,2.14838],[-77.7856,2.15555],[-77.79845,2.16387],[-77.80113,2.17012],[-77.80732,2.17381],[-77.82145,2.17827],[-77.83067,2.17619],[-77.83864,2.17821],[-77.84875,2.19119],[-77.85322,2.20541],[-77.85298,2.21457],[-77.84733,2.23166],[-77.8506,2.24245],[-77.84792,2.26059],[-77.84917,2.26274],[-77.86077,2.26823],[-77.86267,2.27061],[-77.86565,2.27733],[-77.86624,2.28356],[-77.87332,2.29439],[-77.87439,2.30129],[-77.87844,2.30444],[-77.87915,2.31304],[-77.8835,2.31946],[-77.88332,2.32499],[-77.88082,2.32896],[-77.88034,2.33467],[-77.8836,2.34843],[-77.88325,2.35271],[-77.89044,2.35932],[-77.89407,2.3656],[-77.89532,2.37524],[-77.89913,2.38291],[-77.90038,2.39364],[-77.91468,2.40578],[-77.91879,2.4167],[-77.91758,2.43121],[-77.91908,2.4385],[-77.91743,2.45456],[-77.92308,2.469],[-77.9252,2.48201],[-77.92564,2.51035],[-77.92392,2.51834],[-77.91809,2.52604],[-77.91466,2.54378],[-77.91552,2.59368],[-77.91735,2.60696],[-77.92447,2.62109],[-77.92788,2.64007],[-77.93129,2.63952],[-77.93424,2.63719],[-77.93519,2.63321],[-77.93327,2.62393],[-77.93177,2.6231],[-77.93297,2.61963],[-77.94683,2.62741],[-77.96314,2.64157],[-77.97238,2.63962],[-77.975,2.6422],[-77.97074,2.64559],[-77.96726,2.64568],[-77.96343,2.6495],[-77.96358,2.65197],[-77.96812,2.65384],[-77.97096,2.66164],[-77.9767,2.66232],[-77.98047,2.65856],[-77.98594,2.65705],[-77.98895,2.6595],[-77.99121,2.65768],[-77.98977,2.65531],[-77.99168,2.6537],[-77.99781,2.65404],[-77.99879,2.65254],[-78.00557,2.65121],[-78.01006,2.65291],[-78.01345,2.65122],[-78.01431,2.64844],[-78.01329,2.64215],[-78.01741,2.64206],[-78.01842,2.64438],[-78.02739,2.64595],[-78.03229,2.65028],[-78.03874,2.64369],[-78.05671,2.61832],[-78.0513,2.59718],[-78.04839,2.59373],[-78.04143,2.59113],[-78.03514,2.5866],[-78.03054,2.5811],[-78.02564,2.57886],[-78.03052,2.56739],[-78.04564,2.56099],[-78.05026,2.55585],[-78.06024,2.55949],[-78.06356,2.5631],[-78.06733,2.56436],[-78.07005,2.56937],[-78.0712,2.57705],[-78.06896,2.58098],[-78.06249,2.58642],[-78.05711,2.59532],[-78.05843,2.59811],[-78.07066,2.60987],[-78.07516,2.6171],[-78.07918,2.6171],[-78.08046,2.6188],[-78.07566,2.6214],[-78.08062,2.63621],[-78.08843,2.64043],[-78.09638,2.64724],[-78.1031,2.64697],[-78.10547,2.64569],[-78.10579,2.63858],[-78.10853,2.63544],[-78.10902,2.63255],[-78.10704,2.63058],[-78.10892,2.63168],[-78.11315,2.62444],[-78.12187,2.6235],[-78.12319,2.62928],[-78.12008,2.63889],[-78.12267,2.6416],[-78.13993,2.64426],[-78.14585,2.64779],[-78.14167,2.65314],[-78.14285,2.65455],[-78.13588,2.65996],[-78.13523,2.66322],[-78.14141,2.67186],[-78.14179,2.67903],[-78.14445,2.68225],[-78.15089,2.68349],[-78.15726,2.68266],[-78.16068,2.67759],[-78.16482,2.67512],[-78.17387,2.67547],[-78.19605,2.66945],[-78.2083,2.66931],[-78.20963,2.66565],[-78.19801,2.64821],[-78.1895,2.64381],[-78.18803,2.6375],[-78.19273,2.63076],[-78.19317,2.62317],[-78.19196,2.61944],[-78.1861,2.61213],[-78.17902,2.58661],[-78.18612,2.58317],[-78.19371,2.59695],[-78.1962,2.59706],[-78.20383,2.60556],[-78.21883,2.61281],[-78.22495,2.61783],[-78.22606,2.62565],[-78.22996,2.63067],[-78.23401,2.63242],[-78.23415,2.62961],[-78.23736,2.62994],[-78.23827,2.63436],[-78.23996,2.63513],[-78.24311,2.64092],[-78.24109,2.6597],[-78.24165,2.66417],[-78.24498,2.66528],[-78.25723,2.66229],[-78.27607,2.6552],[-78.29691,2.65742],[-78.30331,2.65951],[-78.30479,2.65291],[-78.30432,2.64572],[-78.30113,2.63599],[-78.28683,2.6141],[-78.28601,2.60459],[-78.29659,2.59889],[-78.31099,2.58815],[-78.32321,2.58814],[-78.32599,2.59037],[-78.32766,2.59539],[-78.32585,2.60091],[-78.32989,2.61047],[-78.33395,2.61586],[-78.33567,2.62197],[-78.33761,2.62425],[-78.33959,2.62329],[-78.34179,2.62549],[-78.34023,2.62779],[-78.34281,2.62794],[-78.34289,2.62988],[-78.33235,2.63658],[-78.33065,2.64068],[-78.32928,2.65235],[-78.33252,2.65515],[-78.34783,2.64889],[-78.3749,2.63444],[-78.38337,2.62503],[-78.39569,2.60414],[-78.41209,2.60098],[-78.41233,2.60449],[-78.42159,2.60584],[-78.4317,2.59915],[-78.44868,2.59452],[-78.45247,2.58449],[-78.44973,2.57988],[-78.45129,2.57721],[-78.46097,2.57454],[-78.46494,2.56498],[-78.46487,2.55815],[-78.46843,2.55475],[-78.47298,2.55615],[-78.47837,2.55401],[-78.48934,2.5447],[-78.50368,2.52733],[-78.50785,2.52002],[-78.50823,2.51441],[-78.50659,2.50734],[-78.50208,2.50639],[-78.50211,2.50173],[-78.50605,2.50127],[-78.50835,2.49393],[-78.51098,2.49034],[-78.51389,2.48815],[-78.51514,2.49159],[-78.51337,2.50065],[-78.52389,2.49858],[-78.52559,2.49939],[-78.5258,2.50262],[-78.52807,2.5005],[-78.53797,2.49741],[-78.54501,2.49179],[-78.55248,2.47939],[-78.5559,2.46213],[-78.55516,2.44779],[-78.5575,2.44179],[-78.56471,2.43597],[-78.56982,2.44246],[-78.56982,2.44485],[-78.56746,2.44689],[-78.56856,2.44841],[-78.57069,2.44796],[-78.601,2.39878],[-78.60099,2.395],[-78.60302,2.39158],[-78.61065,2.38714],[-78.6181,2.37946],[-78.61906,2.37337],[-78.62038,2.37263],[-78.61556,2.36621],[-78.61533,2.34856],[-78.63197,2.31812],[-78.63722,2.31814],[-78.65699,2.2814],[-78.66569,2.27527],[-78.66651,2.27124],[-78.66291,2.26624],[-78.65914,2.25696],[-78.65439,2.25477],[-78.65431,2.25265],[-78.65972,2.25104],[-78.66608,2.25366],[-78.66486,2.25006],[-78.67,2.24708],[-78.66972,2.24473],[-78.66467,2.24036],[-78.66506,2.23892],[-78.67496,2.24098],[-78.67828,2.24348],[-78.67924,2.24658],[-78.68041,2.24619],[-78.68536,2.23331],[-78.69166,2.22412],[-78.68988,2.21896],[-78.69374,2.2099],[-78.69203,2.206],[-78.69202,2.20006],[-78.69753,2.19411],[-78.70565,2.19228],[-78.71119,2.17323],[-78.71145,2.16909],[-78.71051,2.17007],[-78.70814,2.16838],[-78.70706,2.16459],[-78.70677,2.16211],[-78.70919,2.16065],[-78.71065,2.15246],[-78.70315,2.11457],[-78.70113,2.11352],[-78.69558,2.11585],[-78.6938,2.11533],[-78.68215,2.12581],[-78.67037,2.12129],[-78.66874,2.12315],[-78.66787,2.11243],[-78.65967,2.09777],[-78.65846,2.09338],[-78.66077,2.09216],[-78.66383,2.09483],[-78.66619,2.09989],[-78.66968,2.10083],[-78.6756,2.10914],[-78.68792,2.10682],[-78.68934,2.09961],[-78.68872,2.09451],[-78.68525,2.09392],[-78.68556,2.08682],[-78.67914,2.05927],[-78.67502,2.05612],[-78.67318,2.05802],[-78.66988,2.05288],[-78.66504,2.04905],[-78.65057,2.05032],[-78.64663,2.04858],[-78.65754,2.04386],[-78.66913,2.04333],[-78.67064,2.04499],[-78.6695,2.04861],[-78.67209,2.04598],[-78.66781,2.01775],[-78.66551,2.01536],[-78.66694,2.01187],[-78.6676,1.99631],[-78.66393,1.99043],[-78.67159,1.98654],[-78.67402,1.9803],[-78.67082,1.97746],[-78.67181,1.97583],[-78.66988,1.97524],[-78.67006,1.97308],[-78.66712,1.97243],[-78.65987,1.97575],[-78.66083,1.97875],[-78.65768,1.98032],[-78.64987,1.97666],[-78.64693,1.97974],[-78.64792,1.98553],[-78.64672,1.98844],[-78.63799,1.99558],[-78.63446,2.00041],[-78.63383,2.00506],[-78.63682,2.0122],[-78.63184,2.00665],[-78.63015,2.00737],[-78.62896,2.01087],[-78.62445,2.00138],[-78.62037,1.99875],[-78.61112,1.99782],[-78.60135,1.99384],[-78.60232,1.99069],[-78.60067,1.98853],[-78.5974,1.98835],[-78.59837,1.98633],[-78.59654,1.98028],[-78.59434,1.97866],[-78.59061,1.97855],[-78.58774,1.97527],[-78.58638,1.97174],[-78.58954,1.96636],[-78.58505,1.96295],[-78.58819,1.95772],[-78.59018,1.95913],[-78.59256,1.95878],[-78.59186,1.95603],[-78.5934,1.95448],[-78.5934,1.95088],[-78.59827,1.95024],[-78.60032,1.94702],[-78.60287,1.94694],[-78.60133,1.94358],[-78.60238,1.94059],[-78.60051,1.9341],[-78.60061,1.92845],[-78.59798,1.92576],[-78.59969,1.91891],[-78.59799,1.91454],[-78.5995,1.90469],[-78.5969,1.89365],[-78.59254,1.89423],[-78.59211,1.89272],[-78.58951,1.8929],[-78.58385,1.89802],[-78.57936,1.8981],[-78.57322,1.90196],[-78.55272,1.90056],[-78.55056,1.89805],[-78.5509,1.89385],[-78.54899,1.88988],[-78.547,1.88904],[-78.54585,1.8864],[-78.5464,1.87326],[-78.54466,1.86627],[-78.54309,1.86496],[-78.54412,1.85711],[-78.53408,1.85835],[-78.53805,1.85535],[-78.54184,1.84074],[-78.54787,1.83174],[-78.54865,1.82727],[-78.54646,1.8239],[-78.54888,1.81955],[-78.5468,1.80688],[-78.54419,1.80527],[-78.53703,1.80541],[-78.53065,1.79894],[-78.53343,1.79892],[-78.53834,1.80353],[-78.54061,1.80393],[-78.54858,1.79882],[-78.54966,1.79607],[-78.55636,1.7966],[-78.56089,1.79386],[-78.56186,1.76173],[-78.55979,1.75888],[-78.55405,1.75922],[-78.55391,1.75724],[-78.56026,1.75497],[-78.56516,1.74812],[-78.5716,1.74324],[-78.58185,1.74064],[-78.57016,1.74752],[-78.56869,1.75134],[-78.5747,1.76109],[-78.5892,1.77142],[-78.5959,1.76683],[-78.60068,1.74524],[-78.60247,1.74527],[-78.6,1.76949],[-78.60567,1.77645],[-78.60712,1.7835],[-78.61001,1.78475],[-78.61205,1.78776],[-78.60753,1.78727],[-78.6012,1.78903],[-78.5964,1.78751],[-78.59971,1.79242],[-78.60373,1.79493],[-78.60694,1.79511],[-78.62492,1.79139],[-78.64201,1.79044],[-78.65067,1.79317],[-78.65278,1.79258],[-78.65547,1.7859],[-78.65372,1.78451],[-78.65546,1.78248],[-78.65428,1.77604],[-78.65632,1.77725],[-78.65818,1.78262],[-78.66081,1.78526],[-78.67292,1.78705],[-78.67791,1.78978],[-78.68173,1.7874],[-78.68286,1.7853],[-78.68184,1.78438],[-78.68769,1.78195],[-78.68699,1.776],[-78.67575,1.75981],[-78.67609,1.75583],[-78.67975,1.75053],[-78.68649,1.74926],[-78.68752,1.74972],[-78.68546,1.75352],[-78.68055,1.75686],[-78.67998,1.75928],[-78.68124,1.76307],[-78.69006,1.77468],[-78.69224,1.78438],[-78.69411,1.78599],[-78.69609,1.78463],[-78.69472,1.77801],[-78.69538,1.7736],[-78.70023,1.77024],[-78.70322,1.77368],[-78.70017,1.77246],[-78.69979,1.77483],[-78.70417,1.77591],[-78.70662,1.77811],[-78.71262,1.79048],[-78.71672,1.79367],[-78.71973,1.79114],[-78.71683,1.7665],[-78.71893,1.75019],[-78.71564,1.74828],[-78.71898,1.74815],[-78.72474,1.74247],[-78.72675,1.73941],[-78.72598,1.73699],[-78.72696,1.73701],[-78.72918,1.74196],[-78.73738,1.74524],[-78.74149,1.7456],[-78.74904,1.74283],[-78.74874,1.74627],[-78.73062,1.74882],[-78.72614,1.7537],[-78.72654,1.76034],[-78.73365,1.76591],[-78.73552,1.76973],[-78.73026,1.76385],[-78.72578,1.76273],[-78.7319,1.77898],[-78.73711,1.78656],[-78.73776,1.79555],[-78.73961,1.79912],[-78.7413,1.79923],[-78.74295,1.7967],[-78.74415,1.79017],[-78.74523,1.79974],[-78.75183,1.80113],[-78.7562,1.79803],[-78.76146,1.80691],[-78.76435,1.80777],[-78.76288,1.8168],[-78.76064,1.81554],[-78.75891,1.81969],[-78.76144,1.82205],[-78.76131,1.82466],[-78.76824,1.82254],[-78.77578,1.81737],[-78.76984,1.81536],[-78.76971,1.82009],[-78.76773,1.81893],[-78.76779,1.82111],[-78.76572,1.82095],[-78.76366,1.81718],[-78.7643,1.81517],[-78.77462,1.80747],[-78.77997,1.80554],[-78.78342,1.80663],[-78.78403,1.8058],[-78.78067,1.80368],[-78.78094,1.80216],[-78.78627,1.80134],[-78.78857,1.80154],[-78.79124,1.80398],[-78.79128,1.80717],[-78.79667,1.80609],[-78.8021,1.80999],[-78.8009,1.81194],[-78.80515,1.81345],[-78.80422,1.815],[-78.80124,1.81402],[-78.79922,1.81604],[-78.79908,1.81956],[-78.80098,1.81929],[-78.80163,1.82075],[-78.81442,1.81718],[-78.81507,1.81314],[-78.81012,1.80951],[-78.80964,1.80747],[-78.81199,1.80739],[-78.8145,1.81095],[-78.82333,1.81451],[-78.83087,1.815],[-78.84115,1.81111],[-78.83655,1.81492],[-78.83098,1.81548],[-78.8318,1.81874],[-78.83665,1.81716],[-78.84562,1.81035],[-78.85706,1.79952],[-78.87142,1.79252],[-78.8907,1.76806],[-78.91699,1.74816],[-78.91902,1.7414],[-78.92772,1.73755],[-78.93832,1.72198],[-78.93939,1.71683],[-78.93699,1.71724],[-78.93945,1.71489],[-78.94222,1.71621],[-78.95376,1.69544],[-78.95495,1.69306],[-78.95345,1.68617],[-78.95542,1.6829],[-78.96019,1.68223],[-78.96805,1.67548],[-78.96914,1.67662],[-78.97417,1.67548],[-78.9891,1.66894],[-79.00172,1.66036],[-79.00783,1.65217],[-79.0033,1.64613],[-79.00311,1.64263],[-78.98911,1.64685],[-78.99115,1.64346],[-78.9909,1.6392],[-79.00381,1.63865],[-79.0053,1.63506],[-78.99552,1.60973],[-78.99189,1.60423],[-78.98839,1.6021],[-78.98193,1.60161],[-78.97827,1.59898],[-78.97015,1.59903],[-78.96257,1.59571],[-78.94254,1.57864],[-78.92991,1.56243],[-78.92357,1.55987],[-78.92096,1.56151],[-78.92258,1.56347],[-78.92946,1.56507],[-78.93267,1.56815],[-78.92961,1.57139],[-78.92276,1.57082],[-78.91535,1.56236],[-78.91326,1.56225],[-78.913,1.55935],[-78.90381,1.54216],[-78.90119,1.54172],[-78.89684,1.54416],[-78.89227,1.5443],[-78.88941,1.54895],[-78.88179,1.55433],[-78.87111,1.55541],[-78.8723,1.5493],[-78.87422,1.54868],[-78.87521,1.5464],[-78.87435,1.54131],[-78.86819,1.53634],[-78.86855,1.5322],[-78.86608,1.52992],[-78.86357,1.5318],[-78.86533,1.52639],[-78.86265,1.52379],[-78.86507,1.52283],[-78.86961,1.52468],[-78.87335,1.52225],[-78.87435,1.51669],[-78.87223,1.50408],[-78.86509,1.49151],[-78.85144,1.47746],[-78.84734,1.47633],[-78.8411,1.47821],[-78.83587,1.47802],[-78.81892,1.47303],[-78.80945,1.48102],[-78.79937,1.48546],[-78.80065,1.48255],[-78.79988,1.48016],[-78.80283,1.48134],[-78.81356,1.46774],[-78.8134,1.46493],[-78.80976,1.46205],[-78.80699,1.46198],[-78.8104,1.46163],[-78.81603,1.46471],[-78.82149,1.46152],[-78.81982,1.45836],[-78.81536,1.45931],[-78.81501,1.45781],[-78.81125,1.4574],[-78.80935,1.4548],[-78.80955,1.44688],[-78.80605,1.44404],[-78.80001,1.45174],[-78.79617,1.45108],[-78.78975,1.4444],[-78.78868,1.44717],[-78.78395,1.44717],[-78.78409,1.44445],[-78.78588,1.44633],[-78.79211,1.43934],[-78.79626,1.43963],[-78.79277,1.43139],[-78.79265,1.42796],[-78.79363,1.42771],[-78.79349,1.43171],[-78.79488,1.42776],[-78.7978,1.42754],[-78.79223,1.41264],[-78.79244,1.40937],[-78.79037,1.40826],[-78.78426,1.40949],[-78.78167,1.41544],[-78.78537,1.41759],[-78.78621,1.41993],[-78.78372,1.4222],[-78.77965,1.42135],[-78.77942,1.41668],[-78.77468,1.41748],[-78.76918,1.41546],[-78.77279,1.40856],[-78.76995,1.41006],[-78.76496,1.40847],[-78.76284,1.4111],[-78.76023,1.40908],[-78.76057,1.40635],[-78.76125,1.40865],[-78.76511,1.40769],[-78.76918,1.40915],[-78.77327,1.40763],[-78.77365,1.41033],[-78.77013,1.41464],[-78.77163,1.4156],[-78.77681,1.416],[-78.78054,1.41387],[-78.78026,1.40978],[-78.77708,1.40526],[-78.7789,1.39482],[-78.77804,1.39237],[-78.77272,1.39086],[-78.76762,1.3912],[-78.76636,1.39479],[-78.76493,1.39528],[-78.75975,1.39544],[-78.75664,1.39405],[-78.75165,1.38988],[-78.74661,1.37865],[-78.74367,1.37614],[-78.74185,1.37711],[-78.73952,1.37629],[-78.73132,1.36817],[-78.72831,1.37001],[-78.72794,1.36778],[-78.72485,1.36929],[-78.72025,1.36895],[-78.71689,1.36246],[-78.70952,1.35893],[-78.70598,1.35024],[-78.70349,1.34941],[-78.70438,1.3468],[-78.70281,1.34546],[-78.70224,1.33752],[-78.70037,1.33961],[-78.69943,1.33561],[-78.69718,1.33627],[-78.6946,1.33434],[-78.69429,1.32974],[-78.69016,1.33121],[-78.68975,1.33399],[-78.68468,1.33277],[-78.67911,1.32874],[-78.67874,1.32617],[-78.67606,1.32616],[-78.67386,1.32009],[-78.67138,1.31784],[-78.67044,1.31973],[-78.66568,1.32077],[-78.6621,1.31861],[-78.66226,1.31161],[-78.66002,1.3121],[-78.66063,1.30985],[-78.65927,1.3066],[-78.65769,1.30642],[-78.65907,1.3049],[-78.65635,1.30351],[-78.65712,1.30228],[-78.65419,1.29849],[-78.65309,1.29196],[-78.64602,1.28865],[-78.64852,1.2831],[-78.64838,1.27696],[-78.64216,1.26957],[-78.63838,1.26806],[-78.64,1.26468],[-78.63579,1.26826],[-78.63034,1.26536],[-78.63362,1.26191],[-78.62718,1.26118],[-78.62534,1.25395],[-78.61918,1.24851],[-78.61525,1.24619],[-78.60943,1.24773],[-78.60984,1.25221],[-78.60689,1.25261],[-78.60438,1.24976],[-78.55583,1.25049],[-78.5514,1.24911],[-78.55017,1.24771],[-78.5506,1.24354],[-78.54419,1.24402],[-78.54139,1.2361],[-78.54704,1.22958],[-78.54699,1.22667],[-78.53918,1.22861],[-78.53659,1.22581],[-78.53099,1.22403],[-78.52856,1.22053],[-78.52129,1.22075],[-78.52188,1.21563],[-78.52021,1.21272],[-78.51579,1.2138],[-78.51439,1.21283],[-78.51539,1.2043],[-78.51135,1.20247],[-78.51282,1.19489],[-78.51701,1.18967],[-78.51577,1.1874],[-78.5084,1.18972],[-78.5047,1.1974],[-78.50106,1.19542],[-78.4952,1.19791],[-78.49244,1.19616],[-78.49463,1.19186],[-78.48958,1.18535],[-78.47869,1.1937],[-78.47431,1.19005],[-78.46983,1.18873],[-78.47049,1.18339],[-78.46877,1.1805],[-78.46386,1.18125],[-78.46291,1.17643],[-78.45702,1.17782],[-78.45516,1.17611],[-78.4507,1.18351],[-78.44513,1.18259],[-78.44271,1.18368],[-78.44136,1.19096],[-78.43942,1.19401],[-78.43797,1.19413],[-78.43732,1.19088],[-78.43208,1.18981],[-78.42947,1.18702],[-78.42858,1.18101],[-78.42527,1.17847],[-78.42751,1.1756],[-78.42634,1.17104],[-78.42858,1.16995],[-78.43268,1.17177],[-78.43204,1.16783],[-78.43491,1.16217],[-78.43444,1.15985],[-78.43811,1.1587],[-78.43331,1.15065],[-78.43319,1.14437],[-78.43176,1.14186],[-78.4256,1.13871],[-78.41821,1.1384],[-78.41526,1.13963],[-78.41709,1.14899],[-78.42512,1.15244],[-78.42441,1.15416],[-78.42027,1.156],[-78.41756,1.16002],[-78.40738,1.16023],[-78.40222,1.15677],[-78.4019,1.1527],[-78.39482,1.15273],[-78.38659,1.15946],[-78.38244,1.15961],[-78.38252,1.16291],[-78.37962,1.16662],[-78.38067,1.16985],[-78.37417,1.17454],[-78.36781,1.17612],[-78.36498,1.17445],[-78.36288,1.1775],[-78.35971,1.17467],[-78.35681,1.17748],[-78.35661,1.18205],[-78.3542,1.18038],[-78.34484,1.18348],[-78.34085,1.18197],[-78.34075,1.17907],[-78.33757,1.17877],[-78.33771,1.18237],[-78.32988,1.18373],[-78.32711,1.18573],[-78.32766,1.18961],[-78.32489,1.19583],[-78.32254,1.19508],[-78.32254,1.19136],[-78.31845,1.19489],[-78.31363,1.19048],[-78.31058,1.19115],[-78.31132,1.18345],[-78.30792,1.1799],[-78.30499,1.1789],[-78.30332,1.17534],[-78.30437,1.1725],[-78.30064,1.1709],[-78.29636,1.17239],[-78.29471,1.17034],[-78.29461,1.16526],[-78.29649,1.16319],[-78.29537,1.16107],[-78.29802,1.15962],[-78.29479,1.15816],[-78.29794,1.15646],[-78.29619,1.14978],[-78.29809,1.14996],[-78.2985,1.1488],[-78.29489,1.14811],[-78.29466,1.14568],[-78.29299,1.1456],[-78.29086,1.13898],[-78.29098,1.13379],[-78.28748,1.12968],[-78.28853,1.12653],[-78.2863,1.12576],[-78.28456,1.12303],[-78.28251,1.12353],[-78.28291,1.12018],[-78.2796,1.1201],[-78.281,1.11751],[-78.2799,1.11503],[-78.28222,1.11142],[-78.27706,1.10876],[-78.27428,1.11435],[-78.26469,1.1117],[-78.26271,1.10758],[-78.26784,1.10535],[-78.26448,1.09965],[-78.26149,1.09982],[-78.25863,1.09723],[-78.25487,1.09785],[-78.25342,1.10164],[-78.25107,1.09951],[-78.25329,1.0927],[-78.25629,1.09016],[-78.25591,1.08692],[-78.25329,1.08923],[-78.25097,1.08756],[-78.24995,1.08428],[-78.25219,1.08308],[-78.25205,1.07962],[-78.25369,1.07796],[-78.25541,1.08064],[-78.26221,1.08245],[-78.27119,1.07484],[-78.27395,1.07507],[-78.27744,1.07245],[-78.27803,1.06984],[-78.2801,1.06836],[-78.27692,1.06202],[-78.2821,1.05811],[-78.28183,1.05585],[-78.27576,1.05288],[-78.27102,1.04689],[-78.26694,1.04575],[-78.2669,1.04367],[-78.2648,1.04182],[-78.26276,1.04261],[-78.26048,1.04057],[-78.25794,1.04068],[-78.25778,1.03768],[-78.25333,1.03667],[-78.25341,1.03166],[-78.25026,1.02838],[-78.2487,1.02909],[-78.24778,1.02794],[-78.24648,1.02935],[-78.24523,1.02816],[-78.24355,1.02947],[-78.2415,1.02761],[-78.2401,1.02844],[-78.2396,1.02625],[-78.23655,1.02387],[-78.23868,1.02256],[-78.2368,1.02099],[-78.23831,1.0195],[-78.23546,1.01795],[-78.23498,1.01536],[-78.23065,1.01305],[-78.22866,1.01355],[-78.22801,1.01178],[-78.22293,1.01108],[-78.22143,1.00884],[-78.21911,1.00934],[-78.21308,1.0048],[-78.21034,1.00531],[-78.20803,1.00208],[-78.2064,1.00219],[-78.20429,0.99721],[-78.20212,0.9968],[-78.20262,0.99183],[-78.19511,0.9847],[-78.19547,0.97733],[-78.19695,0.97573],[-78.19519,0.97559],[-78.19471,0.97256],[-78.19208,0.97002],[-78.19405,0.96737],[-78.19133,0.96053],[-78.19401,0.95565],[-78.19583,0.956],[-78.19966,0.95373],[-78.20058,0.95],[-78.19736,0.94879],[-78.19921,0.94695],[-78.1969,0.94674],[-78.19624,0.94462],[-78.19408,0.94576],[-78.18487,0.93718],[-78.18228,0.93787],[-78.17983,0.93614],[-78.17751,0.93715],[-78.17584,0.93481],[-78.17327,0.93483],[-78.1728,0.93301],[-78.17085,0.93343],[-78.16605,0.93123],[-78.15865,0.92523],[-78.15291,0.92446],[-78.14517,0.92653],[-78.1424,0.93147],[-78.13537,0.93607],[-78.12098,0.93598],[-78.11911,0.93401],[-78.11177,0.93225],[-78.10708,0.92818],[-78.10553,0.92086],[-78.10651,0.91782],[-78.10465,0.91134],[-78.09979,0.90937],[-78.09874,0.90533],[-78.09222,0.90197],[-78.09163,0.89972],[-78.08786,0.89685],[-78.08489,0.89627],[-78.07871,0.89804],[-78.07326,0.89569],[-78.07084,0.89739],[-78.0655,0.89328],[-78.0656,0.8893],[-78.06012,0.88861],[-78.0596,0.88736],[-78.05824,0.88861],[-78.0531,0.88878],[-78.0421,0.8803],[-78.0341,0.88071],[-78.03111,0.87809],[-78.0266,0.87691],[-78.02456,0.87423],[-78.02137,0.87486],[-78.02011,0.87116],[-78.01593,0.87033],[-78.01461,0.86871],[-78.01266,0.86915],[-78.01225,0.86653],[-78.00351,0.85942],[-77.99859,0.86053],[-77.98467,0.85333],[-77.97697,0.83656],[-77.97288,0.83393],[-77.96932,0.83416],[-77.96512,0.83227],[-77.96392,0.82532],[-77.96066,0.82343],[-77.95408,0.82392],[-77.93619,0.8164],[-77.92747,0.81654],[-77.9212,0.81315],[-77.91096,0.81084],[-77.90598,0.81251],[-77.89293,0.8109],[-77.87323,0.80508],[-77.86716,0.80143],[-77.86217,0.80273],[-77.85907,0.80155],[-77.85127,0.80286],[-77.84679,0.8021],[-77.8447,0.80364],[-77.8427,0.80218],[-77.83968,0.80391],[-77.83503,0.80399],[-77.83403,0.80583],[-77.82754,0.80645],[-77.82693,0.80502],[-77.81978,0.80788],[-77.81522,0.81573],[-77.81309,0.81589],[-77.81401,0.81951],[-77.81161,0.81988],[-77.80724,0.82672],[-77.80447,0.82775],[-77.80501,0.83007],[-77.8035,0.83115],[-77.80192,0.82982],[-77.80025,0.83095],[-77.79858,0.83002],[-77.79764,0.83261],[-77.78869,0.83584],[-77.78354,0.8337],[-77.77981,0.83617],[-77.77818,0.83583],[-77.77451,0.84113],[-77.77325,0.83956],[-77.76873,0.84019],[-77.76745,0.83845],[-77.76432,0.84185],[-77.75696,0.83766],[-77.75212,0.83708],[-77.74615,0.83323],[-77.74604,0.8345],[-77.74393,0.83379],[-77.74133,0.83629],[-77.73659,0.83705],[-77.73375,0.84013],[-77.73178,0.84001],[-77.72561,0.84694],[-77.72239,0.84645],[-77.72087,0.84997],[-77.71891,0.84941],[-77.71814,0.85048],[-77.71726,0.84892],[-77.71541,0.84892],[-77.7135,0.85082],[-77.71165,0.84839],[-77.70856,0.84834],[-77.70861,0.84659],[-77.70606,0.84536],[-77.70672,0.84341],[-77.70452,0.84287],[-77.70437,0.84145],[-77.70037,0.84131],[-77.69836,0.83927],[-77.69476,0.84005],[-77.69584,0.83807],[-77.69413,0.83668],[-77.69337,0.8329],[-77.6872,0.83027],[-77.6863,0.82845],[-77.68506,0.82986],[-77.68485,0.8252],[-77.68307,0.82622],[-77.67905,0.82172],[-77.67861,0.82335],[-77.6766,0.82277],[-77.67633,0.8242],[-77.67296,0.8239],[-77.66951,0.82112],[-77.671,0.82059],[-77.67,0.81797],[-77.6647,0.81774],[-77.66435,0.81037],[-77.66862,0.80378],[-77.67137,0.80383],[-77.6743,0.80174],[-77.6749,0.79848],[-77.67714,0.79653],[-77.67688,0.79232],[-77.67652,0.79102],[-77.66123,0.78992],[-77.67156,0.78031],[-77.68279,0.77596],[-77.68597,0.77053],[-77.68849,0.76914],[-77.69065,0.76544],[-77.69129,0.76014],[-77.69452,0.75628],[-77.69289,0.75123],[-77.69644,0.74911],[-77.6979,0.74157],[-77.69689,0.74038],[-77.69116,0.74071],[-77.67539,0.73721],[-77.67384,0.73218],[-77.67436,0.72131],[-77.67049,0.71142],[-77.6662,0.70527],[-77.65876,0.70394],[-77.65237,0.70592],[-77.64644,0.70308],[-77.63947,0.70258],[-77.6371,0.69898],[-77.63136,0.69756],[-77.6292,0.69549],[-77.62548,0.69592],[-77.6227,0.69458],[-77.6191,0.69074],[-77.60757,0.68579],[-77.60155,0.67507],[-77.5982,0.67534],[-77.59495,0.67302],[-77.58927,0.67357],[-77.58792,0.66948],[-77.58114,0.66596],[-77.57673,0.66019],[-77.5689,0.65759],[-77.56477,0.652],[-77.55984,0.65028],[-77.55547,0.64925],[-77.55125,0.65056],[-77.54766,0.64896],[-77.53555,0.65295],[-77.52945,0.6528],[-77.526,0.65557],[-77.5226,0.65496],[-77.5206,0.6573],[-77.5165,0.65577],[-77.51075,0.65662],[-77.50599,0.65516],[-77.5032,0.65798],[-77.49697,0.65829],[-77.49138,0.66209],[-77.48511,0.65557],[-77.47951,0.65558],[-77.48132,0.65274],[-77.48091,0.6503],[-77.48266,0.64945],[-77.48178,0.64478],[-77.47811,0.63971],[-77.47806,0.6323],[-77.47979,0.62589],[-77.47853,0.62044],[-77.48014,0.61615],[-77.47917,0.61311],[-77.48082,0.605],[-77.48547,0.59923],[-77.48808,0.58497],[-77.49151,0.58174],[-77.49765,0.57989],[-77.50181,0.57501],[-77.50273,0.56819],[-77.50546,0.5657],[-77.50905,0.56509],[-77.51122,0.54981],[-77.51372,0.54891],[-77.51366,0.54594],[-77.51766,0.53907],[-77.51703,0.53532],[-77.52122,0.5307],[-77.51981,0.52517],[-77.52214,0.51962],[-77.52,0.51178],[-77.51752,0.51002],[-77.51567,0.49497],[-77.5183,0.49307],[-77.52083,0.4827],[-77.524,0.47656],[-77.52273,0.47398],[-77.52473,0.47062],[-77.52478,0.46726],[-77.52214,0.46551],[-77.51762,0.45265],[-77.5219,0.44364],[-77.51811,0.43695],[-77.52115,0.43438],[-77.51998,0.43212],[-77.52193,0.42998],[-77.51928,0.42121],[-77.52177,0.41552],[-77.52677,0.41245],[-77.52857,0.40752],[-77.52646,0.40124],[-77.45885,0.42753],[-77.45505,0.43071],[-77.45128,0.43115],[-77.44448,0.43771],[-77.43362,0.43523],[-77.43078,0.43874],[-77.42813,0.43727],[-77.42417,0.43752],[-77.41881,0.43451],[-77.42006,0.42928],[-77.42184,0.42748],[-77.42021,0.421],[-77.4157,0.41971],[-77.41371,0.41681],[-77.41211,0.41844],[-77.4122,0.41603],[-77.41439,0.41517],[-77.41112,0.41308],[-77.41218,0.4092],[-77.40961,0.40698],[-77.40596,0.40668],[-77.40357,0.40333],[-77.39755,0.40064],[-77.39545,0.39683],[-77.39273,0.39623],[-77.39135,0.39429],[-77.39283,0.3913],[-77.3907,0.39056],[-77.38906,0.38764],[-77.37939,0.38517],[-77.37788,0.38929],[-77.38279,0.39543],[-77.38167,0.39665],[-77.37601,0.39667],[-77.37292,0.4004],[-77.37081,0.40076],[-77.36753,0.39765],[-77.36198,0.39632],[-77.36107,0.39313],[-77.35903,0.3929],[-77.35663,0.39588],[-77.3501,0.39118],[-77.34027,0.39093],[-77.33557,0.38821],[-77.32646,0.38865],[-77.32538,0.38632],[-77.31858,0.38299],[-77.31815,0.37969],[-77.31241,0.38073],[-77.30859,0.37229],[-77.30196,0.36758],[-77.29778,0.36773],[-77.2964,0.36501],[-77.29204,0.36583],[-77.28758,0.36322],[-77.28246,0.36435],[-77.28043,0.36264],[-77.27702,0.36516],[-77.27043,0.36364],[-77.26861,0.36501],[-77.26787,0.36827],[-77.26148,0.37002],[-77.25854,0.36888],[-77.2547,0.36442],[-77.24892,0.3651],[-77.24519,0.3616],[-77.2383,0.36612],[-77.23171,0.36195],[-77.22638,0.36251],[-77.22309,0.36519],[-77.21774,0.36249],[-77.21521,0.36264],[-77.20993,0.36513],[-77.20872,0.36709],[-77.20024,0.36765],[-77.19903,0.37436],[-77.19544,0.37447],[-77.1919,0.37955],[-77.18643,0.38078],[-77.18479,0.38267],[-77.18522,0.38785],[-77.1787,0.39043],[-77.1712,0.38717],[-77.16603,0.38952],[-77.15955,0.3822],[-77.15235,0.37942],[-77.14854,0.37561],[-77.14417,0.37641],[-77.13546,0.37456],[-77.13178,0.37835],[-77.12829,0.37906],[-77.12486,0.37731],[-77.12451,0.37431],[-77.11331,0.37233],[-77.11206,0.37363],[-77.11255,0.38224],[-77.11127,0.38373],[-77.1083,0.38202],[-77.10724,0.37754],[-77.10618,0.37754],[-77.10449,0.38224],[-77.10003,0.37925],[-77.09643,0.38373],[-77.09664,0.39569],[-77.08985,0.39334],[-77.08815,0.39655],[-77.08964,0.39975],[-77.09528,0.40215],[-77.09229,0.40475],[-77.09373,0.4142],[-77.09239,0.41854],[-77.09027,0.41982],[-77.089,0.42602],[-77.09346,0.42901],[-77.09452,0.43136],[-77.10152,0.42751],[-77.10774,0.44292],[-77.10728,0.4502],[-77.10234,0.45965],[-77.10132,0.46986],[-77.10534,0.47756],[-77.11532,0.48121],[-77.1174,0.48376],[-77.1174,0.49544],[-77.12447,0.50483],[-77.11985,0.5083],[-77.11985,0.50994],[-77.1222,0.51469],[-77.12791,0.51897],[-77.12973,0.52618],[-77.13072,0.53831],[-77.12828,0.54653],[-77.12982,0.55017],[-77.12954,0.55592],[-77.12474,0.55629],[-77.11903,0.56176],[-77.11559,0.56012],[-77.11396,0.56194],[-77.11831,0.5666],[-77.11949,0.56988],[-77.11903,0.579],[-77.11677,0.58274],[-77.11894,0.58694],[-77.11677,0.58968],[-77.11813,0.59196],[-77.1174,0.59296],[-77.11885,0.59424],[-77.12157,0.59342],[-77.12175,0.59716],[-77.12347,0.59643],[-77.12646,0.60163],[-77.12786,0.59717],[-77.13177,0.59578],[-77.13973,0.60396],[-77.15673,0.60638],[-77.17037,0.61321],[-77.17562,0.61722],[-77.1868,0.63099],[-77.14,0.81987],[-77.13667,0.82288],[-77.11792,0.82736],[-77.10174,0.83398],[-77.10774,0.84444],[-77.11417,0.84965],[-77.1165,0.85445],[-77.11777,0.85925],[-77.11629,0.86488],[-77.11636,0.8764],[-77.12413,0.88161],[-77.11855,0.90056],[-77.10824,0.90438],[-77.10046,0.91264],[-77.09022,0.91512],[-77.08845,0.92359],[-77.0845,0.92861],[-77.08287,0.93426],[-77.08005,0.93655],[-77.07814,0.94107],[-77.07315,0.94485],[-77.07443,0.95185],[-77.07856,0.95836],[-77.07807,0.96316],[-77.06579,0.97425],[-77.05758,0.97675],[-77.0478,0.97753],[-77.04174,0.98555],[-77.03886,0.99304],[-77.02998,0.99382],[-77.0287,0.99648],[-77.0292,1.00475],[-77.0266,1.01236],[-77.02926,1.02129],[-77.03447,1.02806],[-77.03847,1.03666],[-77.03921,1.04646],[-77.04664,1.03786],[-77.05336,1.03437],[-77.05907,1.03459],[-77.06246,1.0377],[-77.06418,1.04175],[-77.06473,1.05262],[-77.06712,1.05539],[-77.0833,1.06349],[-77.08876,1.0678],[-77.09054,1.07119],[-77.0948,1.08332],[-77.09075,1.10709],[-77.09091,1.11827],[-77.09495,1.13214],[-77.09742,1.16419],[-77.08902,1.17365],[-77.08566,1.18074],[-77.09168,1.18445],[-77.09731,1.18465],[-77.10293,1.18921],[-77.11067,1.19067],[-77.11484,1.19437],[-77.1194,1.1988],[-77.12223,1.21543],[-77.10595,1.21611],[-77.09586,1.21957],[-77.09048,1.21852],[-77.08695,1.22236],[-77.0807,1.22362],[-77.07554,1.23601],[-77.07603,1.24527],[-77.071,1.25018],[-77.06367,1.25359],[-77.05434,1.26203],[-77.04902,1.27171],[-77.0369,1.27403],[-77.02233,1.28437],[-77.01204,1.28556],[-77.00506,1.29234],[-77.00232,1.2992],[-76.99624,1.29977],[-76.99124,1.30243],[-76.98786,1.3],[-76.98282,1.30138],[-76.97915,1.30485],[-76.97906,1.31471],[-76.97494,1.32159],[-76.96384,1.31127],[-76.9569,1.30761],[-76.95121,1.29994],[-76.95093,1.2947],[-76.94792,1.29359],[-76.94531,1.2893],[-76.93853,1.28651],[-76.93386,1.28625],[-76.92802,1.28035],[-76.92678,1.27354],[-76.92278,1.27475],[-76.91616,1.28058],[-76.91257,1.28755],[-76.90438,1.29804],[-76.90335,1.3055],[-76.9055,1.31048],[-76.90289,1.31832],[-76.90415,1.32094],[-76.91298,1.32814],[-76.91512,1.33274],[-76.92151,1.33634],[-76.92057,1.34561]]],[[[-78.63111,2.32841],[-78.62482,2.33919],[-78.62502,2.34625],[-78.62257,2.3535],[-78.61998,2.35589],[-78.62072,2.35824],[-78.62287,2.35753],[-78.62691,2.34779],[-78.63192,2.33083],[-78.63111,2.32841]]],[[[-78.04736,2.58781],[-78.0505,2.58781],[-78.05326,2.58433],[-78.06701,2.57814],[-78.06614,2.57393],[-78.05878,2.56634],[-78.04866,2.56266],[-78.03913,2.56668],[-78.0337,2.57224],[-78.0355,2.58413],[-78.03743,2.58597],[-78.04736,2.58781]]]]}},{"type":"Feature","properties":{"shapeName":"Guaviare","shapeISO":"CO-GUV","shapeID":"13589884B51885004571697","shapeGroup":"COL","shapeType":"ADM1"},"geometry":{"type":"Polygon","coordinates":[[[-73.65877,1.61452],[-73.66117,1.59307],[-73.66054,1.58447],[-73.65769,1.57635],[-73.64393,1.56146],[-73.64047,1.54906],[-73.62706,1.53813],[-73.61738,1.52762],[-73.60995,1.50867],[-73.59814,1.49626],[-73.58513,1.48547],[-73.57787,1.46895],[-73.57051,1.46296],[-73.5619,1.46262],[-73.55503,1.45391],[-73.54812,1.43945],[-73.54519,1.41584],[-73.54033,1.40246],[-73.52906,1.39549],[-73.49877,1.38354],[-73.4831,1.37294],[-73.4756,1.36508],[-73.47186,1.35795],[-73.46637,1.33852],[-73.45987,1.32726],[-73.45851,1.31474],[-73.4551,1.30888],[-73.44541,1.29947],[-73.42473,1.28949],[-73.42462,1.27116],[-73.42577,1.26777],[-73.4308,1.26289],[-73.43151,1.26004],[-73.42167,1.25204],[-73.41275,1.24075],[-73.41309,1.23321],[-73.41516,1.22921],[-73.42141,1.22477],[-73.42218,1.22066],[-73.41687,1.21462],[-73.41498,1.21009],[-73.40882,1.20583],[-73.40963,1.20121],[-73.41702,1.19777],[-73.41778,1.19167],[-73.4115,1.17555],[-73.4083,1.17202],[-73.4047,1.17099],[-73.39682,1.17188],[-73.39502,1.16961],[-73.39417,1.16212],[-73.39639,1.1558],[-73.39297,1.15317],[-73.39268,1.14915],[-73.39024,1.14698],[-73.37726,1.14277],[-73.37528,1.1403],[-73.37348,1.1326],[-73.37048,1.13051],[-73.36052,1.12729],[-73.35333,1.12084],[-73.34465,1.12121],[-73.34081,1.11569],[-73.33453,1.11043],[-73.33468,1.1071],[-73.3383,1.1061],[-73.34059,1.10321],[-73.33891,1.10006],[-73.33421,1.09955],[-73.33333,1.09449],[-73.33148,1.09184],[-73.32741,1.08978],[-73.32436,1.08349],[-73.30316,1.07498],[-73.29973,1.06937],[-73.2972,1.06788],[-73.28251,1.06325],[-73.27942,1.04968],[-73.27635,1.04757],[-73.26206,1.04522],[-73.25329,1.04587],[-73.25061,1.04129],[-73.24547,1.03961],[-73.24143,1.0304],[-73.24604,1.02261],[-73.24558,1.01906],[-73.23962,1.01222],[-73.21941,1.00267],[-73.2168,0.99947],[-73.21363,0.99908],[-73.2065,1.00506],[-73.19904,1.00029],[-73.1856,1.00148],[-73.17598,0.99707],[-73.17384,0.99453],[-73.17424,0.98182],[-73.1882,0.97046],[-73.18795,0.96776],[-73.18341,0.96967],[-73.18015,0.96813],[-73.18037,0.96104],[-73.17714,0.96036],[-73.17718,0.95632],[-73.17347,0.95386],[-73.16834,0.95562],[-73.16528,0.95313],[-73.16357,0.94997],[-73.16363,0.94215],[-73.15136,0.94348],[-73.14861,0.9421],[-73.14674,0.93862],[-73.14659,0.93457],[-73.15146,0.93366],[-73.14661,0.92838],[-73.14352,0.92154],[-73.14079,0.92359],[-73.13809,0.92302],[-73.13888,0.91927],[-73.13718,0.91643],[-73.13109,0.91508],[-73.1233,0.92076],[-73.11985,0.92152],[-73.11484,0.92018],[-73.1131,0.92221],[-73.1104,0.9225],[-73.10734,0.91613],[-73.10193,0.91173],[-73.09454,0.91272],[-73.09118,0.90923],[-73.08665,0.90966],[-73.08494,0.90606],[-73.08005,0.90546],[-73.08224,0.90263],[-73.08233,0.89904],[-73.07941,0.89468],[-73.07482,0.89517],[-73.066,0.90385],[-73.05867,0.90559],[-73.05431,0.90973],[-73.04906,0.9105],[-73.04859,0.90651],[-73.04108,0.90975],[-73.03827,0.90421],[-73.03433,0.91279],[-73.02595,0.92056],[-73.01919,0.91464],[-73.01175,0.91148],[-73.00896,0.91209],[-73.00165,0.9275],[-73.00563,0.92953],[-73.0044,0.93274],[-72.99296,0.93253],[-72.99554,0.92768],[-72.99506,0.92446],[-72.98826,0.92923],[-72.98781,0.9326],[-72.99499,0.95012],[-72.98772,0.95154],[-72.98699,0.95443],[-72.98817,0.95903],[-72.98568,0.96077],[-72.98222,0.95646],[-72.9788,0.95598],[-72.97503,0.95681],[-72.96437,0.96302],[-72.96099,0.96177],[-72.95535,0.97103],[-72.9538,0.98253],[-72.95029,0.98406],[-72.94442,0.97984],[-72.9409,0.98084],[-72.9395,0.98421],[-72.93686,0.9859],[-72.93059,1.00089],[-72.93316,1.01066],[-72.93237,1.01459],[-72.92802,1.01584],[-72.9228,1.0125],[-72.91587,1.01511],[-72.91592,1.01209],[-72.91082,1.0094],[-72.90744,1.01036],[-72.90118,1.01751],[-72.89829,1.0168],[-72.89501,1.01351],[-72.88589,1.02301],[-72.88214,1.02401],[-72.87784,1.0227],[-72.86929,1.02662],[-72.86956,1.03016],[-72.87335,1.03489],[-72.87354,1.03761],[-72.86739,1.04114],[-72.86839,1.04435],[-72.87105,1.04522],[-72.87854,1.04385],[-72.87895,1.04751],[-72.87719,1.05071],[-72.87466,1.05188],[-72.87091,1.05098],[-72.85949,1.04396],[-72.8585,1.04713],[-72.86123,1.05458],[-72.86089,1.06879],[-72.86207,1.07177],[-72.86575,1.0738],[-72.87449,1.07467],[-72.88259,1.07196],[-72.88479,1.0747],[-72.88468,1.07737],[-72.8797,1.07941],[-72.87432,1.07803],[-72.8717,1.07939],[-72.87046,1.08426],[-72.87135,1.08754],[-72.88343,1.09816],[-72.88256,1.10124],[-72.87019,1.10398],[-72.8673,1.10737],[-72.86433,1.10787],[-72.85717,1.1028],[-72.85344,1.10294],[-72.85113,1.10486],[-72.8506,1.1079],[-72.85264,1.11129],[-72.86852,1.1218],[-72.87011,1.12499],[-72.87191,1.1384],[-72.87168,1.14291],[-72.86965,1.14625],[-72.86668,1.1469],[-72.8556,1.1436],[-72.85145,1.144],[-72.85005,1.14822],[-72.85065,1.15262],[-72.85409,1.16214],[-72.84612,1.16169],[-72.83737,1.15759],[-72.83322,1.15716],[-72.8272,1.15167],[-72.82425,1.15863],[-72.81833,1.1638],[-72.81658,1.16738],[-72.81771,1.17176],[-72.82167,1.17694],[-72.81919,1.17944],[-72.80425,1.18338],[-72.79771,1.17659],[-72.79037,1.17841],[-72.78453,1.17589],[-72.77533,1.18287],[-72.77193,1.18285],[-72.76975,1.17751],[-72.77726,1.1668],[-72.7791,1.15683],[-72.77874,1.14877],[-72.7657,1.13289],[-72.75081,1.1292],[-72.74523,1.13198],[-72.74057,1.1382],[-72.74,1.14294],[-72.74312,1.14773],[-72.73962,1.15125],[-72.73526,1.15383],[-72.72449,1.14874],[-72.72322,1.15042],[-72.73108,1.16111],[-72.72795,1.16742],[-72.72916,1.18043],[-72.72629,1.18647],[-72.7182,1.1883],[-72.69839,1.18216],[-72.69383,1.17599],[-72.694,1.1646],[-72.66985,1.16355],[-72.66667,1.16143],[-72.6647,1.15387],[-72.66062,1.15156],[-72.65686,1.15393],[-72.65131,1.17155],[-72.65347,1.18079],[-72.65271,1.18201],[-72.64882,1.18232],[-72.64564,1.17719],[-72.6438,1.167],[-72.63642,1.15943],[-72.6368,1.15251],[-72.62477,1.13852],[-72.62044,1.13532],[-72.60401,1.13217],[-72.59172,1.12652],[-72.58854,1.12363],[-72.58542,1.11555],[-72.58202,1.11382],[-72.57459,1.11324],[-72.55685,1.09325],[-72.53502,1.08285],[-72.52488,1.08211],[-72.51893,1.07983],[-72.51364,1.07457],[-72.51113,1.06756],[-72.50543,1.06712],[-72.50064,1.07213],[-72.49724,1.07351],[-72.48887,1.07153],[-72.48483,1.07211],[-72.47935,1.07923],[-72.47097,1.07909],[-72.46828,1.08265],[-72.45623,1.07957],[-72.45484,1.06939],[-72.45225,1.06513],[-72.44973,1.06234],[-72.44371,1.06006],[-72.44112,1.05517],[-72.43364,1.04844],[-72.42906,1.04197],[-72.42544,1.03531],[-72.42386,1.02358],[-72.41232,1.01144],[-72.39958,1.00403],[-72.39932,0.99963],[-72.40145,0.99372],[-72.40968,0.98693],[-72.41031,0.98492],[-72.40544,0.97951],[-72.40019,0.96644],[-72.39681,0.96393],[-72.3862,0.96054],[-72.37621,0.96004],[-72.37621,0.95602],[-72.38219,0.93879],[-72.38968,0.92698],[-72.39205,0.91931],[-72.38705,0.91679],[-72.37419,0.91642],[-72.36371,0.9246],[-72.35734,0.93151],[-72.35085,0.93453],[-72.33848,0.92523],[-72.34097,0.91518],[-72.34696,0.90311],[-72.34334,0.89481],[-72.33132,0.87749],[-72.33444,0.87381],[-72.34192,0.86992],[-72.3426,0.8671],[-72.34023,0.86156],[-72.33037,0.84971],[-72.32759,0.8391],[-72.32028,0.84137],[-72.31741,0.8452],[-72.31634,0.84995],[-72.31734,0.85669],[-72.32493,0.86726],[-72.32491,0.87045],[-72.32197,0.87571],[-72.3195,0.87688],[-72.31486,0.87501],[-72.30936,0.87509],[-72.30254,0.88039],[-72.2982,0.88161],[-72.29371,0.88007],[-72.28887,0.87452],[-72.28708,0.87018],[-72.28651,0.86009],[-72.28957,0.85534],[-72.29743,0.85157],[-72.30088,0.84181],[-72.2988,0.83657],[-72.28738,0.82315],[-72.28562,0.81916],[-72.28938,0.81589],[-72.30437,0.81596],[-72.30868,0.81288],[-72.30936,0.80919],[-72.2986,0.79386],[-72.2911,0.77919],[-72.26986,0.76371],[-72.26444,0.7632],[-72.26141,0.76509],[-72.26092,0.77479],[-72.26186,0.77782],[-72.26933,0.78595],[-72.27157,0.79185],[-72.27107,0.79449],[-72.26535,0.7951],[-72.256,0.79308],[-72.24827,0.78799],[-72.24226,0.77319],[-72.22637,0.75765],[-72.22193,0.74761],[-72.22393,0.73492],[-72.2297,0.72551],[-72.23079,0.71794],[-72.22015,0.70543],[-72.20786,0.70021],[-72.2024,0.7012],[-72.19795,0.70628],[-72.19314,0.72392],[-72.18975,0.72645],[-72.17982,0.72212],[-72.1717,0.71328],[-72.16845,0.71204],[-72.16358,0.71387],[-72.16074,0.71872],[-72.16149,0.72195],[-72.1675,0.73037],[-72.16731,0.7326],[-72.16458,0.73471],[-72.15833,0.73071],[-72.1463,0.71859],[-72.14123,0.71775],[-72.13617,0.72295],[-72.13248,0.73718],[-72.12689,0.73856],[-72.11919,0.73219],[-72.12204,0.72359],[-72.12183,0.7203],[-72.10895,0.70299],[-72.09977,0.69875],[-72.09302,0.6979],[-72.08638,0.703],[-72.08142,0.70364],[-72.06992,0.69206],[-72.06675,0.6806],[-72.06971,0.66998],[-72.07435,0.66445],[-72.08627,0.66233],[-72.08595,0.65659],[-72.07972,0.65553],[-72.06496,0.6566],[-72.05145,0.65427],[-72.03294,0.66448],[-72.03268,0.66782],[-71.80335,0.88805],[-71.79294,0.89313],[-71.7875,0.89922],[-71.77938,0.90383],[-71.77324,0.91662],[-71.7692,0.91904],[-71.76949,0.92449],[-71.76746,0.93086],[-71.77042,0.94025],[-71.76845,0.94626],[-71.76973,0.96084],[-71.76517,0.96366],[-71.75873,0.9633],[-71.75539,0.96476],[-71.74824,0.9721],[-71.74723,0.97671],[-71.74198,0.98551],[-71.73746,0.98692],[-71.7262,0.98505],[-71.71812,0.98893],[-71.70951,0.98828],[-71.704,0.98585],[-71.70046,0.98166],[-71.69396,0.98165],[-71.69197,0.97744],[-71.68599,0.97666],[-71.68177,0.97231],[-71.6778,0.97201],[-71.67252,0.97478],[-71.66345,0.97271],[-71.65845,0.97584],[-71.65838,0.98145],[-71.64968,0.9862],[-71.6451,0.99153],[-71.64396,0.99897],[-71.63766,1.00118],[-71.63905,1.00764],[-71.6355,1.00955],[-71.63449,1.0152],[-71.63113,1.01674],[-71.63092,1.02237],[-71.62771,1.02479],[-71.62089,1.02657],[-71.6179,1.03647],[-71.61515,1.03805],[-71.60858,1.03795],[-71.60331,1.04341],[-71.58568,1.04602],[-71.58568,1.04944],[-71.58991,1.05128],[-71.5856,1.05311],[-71.58945,1.05985],[-71.58466,1.06142],[-71.58414,1.06484],[-71.58896,1.07208],[-71.58116,1.07415],[-71.58127,1.08011],[-71.57698,1.08111],[-71.57838,1.08713],[-71.57414,1.08797],[-71.57295,1.09147],[-71.57424,1.09611],[-71.58182,1.0975],[-71.5781,1.10617],[-71.58453,1.11043],[-71.57651,1.1126],[-71.57541,1.11717],[-71.57662,1.1197],[-71.58351,1.1204],[-71.58367,1.12702],[-71.58123,1.12773],[-71.56981,1.1259],[-71.5649,1.12876],[-71.56339,1.13138],[-71.55874,1.12159],[-71.55215,1.1133],[-71.54408,1.113],[-71.54048,1.11493],[-71.5408,1.12132],[-71.55782,1.14646],[-71.55803,1.15108],[-71.55584,1.15665],[-71.54009,1.16375],[-71.53629,1.16365],[-71.5313,1.16026],[-71.53106,1.14691],[-71.53529,1.13586],[-71.5366,1.12737],[-71.5355,1.12477],[-71.52381,1.11484],[-71.50273,1.10431],[-71.49276,1.10624],[-71.48533,1.11016],[-71.48413,1.11321],[-71.48495,1.11563],[-71.49484,1.13398],[-71.5084,1.13814],[-71.50874,1.14333],[-71.50179,1.14808],[-71.5122,1.15037],[-71.50779,1.15309],[-71.50874,1.15453],[-71.51072,1.15385],[-71.51107,1.16402],[-71.51479,1.16561],[-71.51679,1.16248],[-71.51776,1.16443],[-71.51756,1.16631],[-71.51446,1.16636],[-71.51589,1.16931],[-71.51335,1.1728],[-71.51764,1.17249],[-71.51917,1.17508],[-71.52256,1.17508],[-71.52461,1.17664],[-71.52804,1.17456],[-71.52785,1.17781],[-71.53169,1.18004],[-71.52856,1.18349],[-71.52725,1.1918],[-71.52965,1.19205],[-71.53012,1.19409],[-71.53327,1.19352],[-71.53095,1.20006],[-71.53447,1.20645],[-71.54003,1.20769],[-71.53848,1.20326],[-71.54379,1.20203],[-71.54288,1.20463],[-71.54504,1.20785],[-71.54875,1.20524],[-71.55327,1.20777],[-71.55171,1.21155],[-71.55332,1.21376],[-71.55063,1.21648],[-71.55121,1.22065],[-71.54427,1.22301],[-71.53991,1.22739],[-71.53938,1.23029],[-71.54002,1.23158],[-71.54164,1.22926],[-71.54384,1.22972],[-71.54161,1.23139],[-71.54335,1.23411],[-71.54059,1.23443],[-71.53964,1.23641],[-71.5409,1.24032],[-71.54336,1.23866],[-71.54479,1.2395],[-71.54472,1.24312],[-71.54212,1.2458],[-71.54365,1.24664],[-71.54401,1.24982],[-71.54575,1.25125],[-71.55101,1.25125],[-71.54857,1.25395],[-71.54296,1.25641],[-71.54134,1.26037],[-71.54275,1.26154],[-71.54572,1.2594],[-71.54801,1.25946],[-71.54748,1.26576],[-71.54563,1.26757],[-71.55281,1.27734],[-71.55101,1.28006],[-71.54939,1.27982],[-71.54935,1.2755],[-71.54855,1.27875],[-71.54718,1.27923],[-71.54407,1.27563],[-71.54032,1.27496],[-71.53635,1.2755],[-71.53196,1.27848],[-71.52635,1.27825],[-71.52439,1.28384],[-71.52503,1.28544],[-71.52823,1.28213],[-71.53139,1.28338],[-71.53275,1.28954],[-71.53041,1.29251],[-71.53083,1.29632],[-71.52442,1.29247],[-71.52313,1.2933],[-71.52324,1.296],[-71.52568,1.29551],[-71.52665,1.29693],[-71.5275,1.3031],[-71.52458,1.3043],[-71.52173,1.29929],[-71.52083,1.3032],[-71.52292,1.30715],[-71.52261,1.31075],[-71.51873,1.30533],[-71.51755,1.30716],[-71.518,1.31052],[-71.52285,1.31692],[-71.51975,1.3189],[-71.51877,1.31864],[-71.51911,1.31577],[-71.51602,1.31694],[-71.52018,1.32111],[-71.51301,1.32698],[-71.5141,1.32874],[-71.51146,1.33318],[-71.51165,1.3372],[-71.51013,1.33671],[-71.50999,1.33341],[-71.50748,1.3349],[-71.51017,1.3408],[-71.50503,1.34268],[-71.50519,1.34763],[-71.50845,1.34724],[-71.50524,1.35224],[-71.50677,1.35442],[-71.50362,1.35736],[-71.50504,1.35879],[-71.50189,1.36382],[-71.49564,1.36511],[-71.49468,1.37246],[-71.49015,1.37418],[-71.48994,1.38588],[-71.478,1.40407],[-71.47603,1.41869],[-71.47701,1.42583],[-71.47951,1.43394],[-71.48899,1.44213],[-71.49017,1.4445],[-71.48958,1.44746],[-71.47798,1.45203],[-71.4711,1.45952],[-71.45602,1.47114],[-71.45367,1.48421],[-71.44249,1.50969],[-71.43778,1.53161],[-71.43007,1.54049],[-71.43065,1.54438],[-71.43572,1.5507],[-71.43601,1.55639],[-71.42313,1.5834],[-71.41982,1.58597],[-71.41548,1.5863],[-71.41002,1.5845],[-71.4069,1.58122],[-71.4034,1.5809],[-71.40089,1.58656],[-71.39813,1.5892],[-71.39785,1.59379],[-71.39302,1.59542],[-71.39036,1.59912],[-71.39016,1.60233],[-71.39411,1.60548],[-71.39494,1.6105],[-71.39803,1.61423],[-71.3931,1.62425],[-71.39462,1.63224],[-71.39247,1.64355],[-71.38745,1.65279],[-71.38654,1.65946],[-71.3971,1.70946],[-71.38916,1.71967],[-71.38815,1.7273],[-71.38999,1.73518],[-71.38422,1.73335],[-71.38346,1.72776],[-71.37972,1.72259],[-71.36696,1.71012],[-71.3613,1.7023],[-71.3462,1.70578],[-71.33631,1.70413],[-71.3231,1.70702],[-71.31513,1.71444],[-71.30934,1.70356],[-71.3052,1.70063],[-71.29571,1.69738],[-71.28505,1.68464],[-71.26814,1.67981],[-71.2612,1.66893],[-71.25376,1.66821],[-71.24493,1.67263],[-71.23931,1.68441],[-71.23427,1.6901],[-71.20847,1.70697],[-71.20457,1.71248],[-71.1997,1.72551],[-71.19607,1.73134],[-71.17969,1.7461],[-71.15464,1.76256],[-71.15054,1.76296],[-71.14548,1.75917],[-71.14338,1.75924],[-71.137,1.76875],[-71.12758,1.77158],[-71.12506,1.78222],[-71.11835,1.77978],[-71.11431,1.78433],[-71.1113,1.785],[-71.09775,1.77921],[-71.09425,1.77912],[-71.09413,1.79022],[-71.09007,1.7883],[-71.08673,1.79242],[-71.09359,1.80102],[-71.08173,1.79665],[-71.07006,1.80669],[-71.06415,1.79835],[-71.05892,1.80553],[-71.04778,1.80449],[-71.04268,1.81731],[-71.03557,1.81074],[-71.02623,1.81005],[-71.01848,1.81409],[-71.01988,1.82129],[-71.01399,1.81473],[-71.01147,1.81448],[-71.00916,1.81812],[-71.01252,1.8226],[-71.00808,1.82457],[-71.00426,1.82392],[-70.99976,1.81529],[-70.99349,1.82215],[-70.98655,1.82526],[-70.98974,1.83445],[-70.98514,1.83111],[-70.98208,1.83191],[-70.9801,1.83404],[-70.98001,1.84052],[-70.97498,1.83865],[-70.97417,1.84339],[-70.9689,1.83996],[-70.96291,1.84124],[-70.9619,1.84266],[-70.96283,1.84601],[-70.95369,1.84814],[-70.94719,1.85648],[-70.9428,1.85827],[-70.94186,1.85985],[-70.94463,1.86468],[-70.94222,1.86598],[-70.94183,1.86776],[-70.93699,1.86685],[-70.93143,1.87397],[-70.92508,1.87696],[-70.92579,1.87942],[-70.92431,1.88142],[-70.9066,1.89098],[-70.89916,1.90302],[-70.89325,1.91826],[-70.89169,1.9179],[-70.88981,1.91996],[-70.88969,1.92182],[-70.89377,1.92535],[-70.89367,1.92774],[-70.89092,1.9277],[-70.89041,1.92465],[-70.88801,1.92221],[-70.88354,1.92193],[-70.88209,1.92353],[-70.88091,1.93146],[-70.87883,1.93298],[-70.87685,1.93254],[-70.87566,1.92977],[-70.87726,1.92243],[-70.8743,1.92028],[-70.86974,1.92038],[-70.86936,1.91308],[-70.86567,1.90866],[-70.86224,1.91027],[-70.86192,1.91473],[-70.85989,1.91693],[-70.85746,1.91186],[-70.85257,1.91091],[-70.85164,1.91667],[-70.84667,1.92052],[-70.84049,1.91425],[-70.83399,1.91013],[-70.8322,1.91018],[-70.83122,1.9121],[-70.83487,1.91687],[-70.8324,1.91933],[-70.82837,1.91739],[-70.82534,1.9124],[-70.82128,1.9093],[-70.8154,1.90959],[-70.81019,1.9138],[-70.80845,1.90734],[-70.80447,1.90982],[-70.80307,1.90607],[-70.80088,1.90507],[-70.79918,1.9082],[-70.79533,1.90911],[-70.79506,1.91258],[-70.79724,1.91525],[-70.79507,1.91714],[-70.79086,1.91462],[-70.78557,1.91456],[-70.7794,1.91226],[-70.77687,1.91739],[-70.7814,1.92117],[-70.77881,1.92248],[-70.77534,1.91966],[-70.7728,1.91985],[-70.77141,1.92216],[-70.77386,1.9251],[-70.7702,1.9273],[-70.76003,1.91862],[-70.76472,1.91399],[-70.76087,1.90965],[-70.75625,1.91229],[-70.75149,1.90956],[-70.74743,1.91275],[-70.7462,1.90801],[-70.74243,1.90809],[-70.74128,1.91453],[-70.74285,1.91783],[-70.74552,1.91833],[-70.74525,1.92059],[-70.74248,1.92205],[-70.73816,1.92115],[-70.73346,1.92395],[-70.73127,1.92011],[-70.72938,1.92331],[-70.72708,1.92],[-70.72132,1.91926],[-70.72191,1.91683],[-70.72419,1.91545],[-70.722,1.91445],[-70.71821,1.91555],[-70.72075,1.912],[-70.71931,1.91],[-70.71669,1.91212],[-70.71686,1.91875],[-70.71492,1.91812],[-70.7143,1.91418],[-70.71252,1.91274],[-70.71031,1.91282],[-70.71079,1.91595],[-70.70908,1.91743],[-70.70713,1.91614],[-70.70595,1.91243],[-70.70023,1.913],[-70.69914,1.91154],[-70.70002,1.90993],[-70.70281,1.91196],[-70.70464,1.91078],[-70.70478,1.90641],[-70.70068,1.90688],[-70.69894,1.90306],[-70.69594,1.90519],[-70.695,1.90872],[-70.6927,1.90546],[-70.69452,1.9029],[-70.69225,1.90181],[-70.69221,1.89894],[-70.6904,1.89742],[-70.68471,1.90331],[-70.6831,1.90898],[-70.68006,1.90733],[-70.68102,1.90128],[-70.6773,1.90313],[-70.67931,1.90586],[-70.67704,1.90798],[-70.66832,1.90212],[-70.6633,1.90762],[-70.6635,1.91176],[-70.66199,1.91403],[-70.6598,1.91115],[-70.65556,1.91226],[-70.65274,1.91138],[-70.64915,1.90439],[-70.64674,1.9047],[-70.64561,1.90792],[-70.64219,1.90423],[-70.63718,1.90282],[-70.63509,1.90532],[-70.63798,1.90662],[-70.63849,1.90844],[-70.63369,1.90824],[-70.63219,1.90964],[-70.63625,1.91301],[-70.63374,1.91908],[-70.62904,1.92114],[-70.62325,1.91789],[-70.6171,1.9199],[-70.61695,1.92224],[-70.62047,1.92345],[-70.62229,1.92584],[-70.62088,1.92979],[-70.61745,1.93013],[-70.61387,1.92859],[-70.61131,1.92546],[-70.61135,1.92213],[-70.60953,1.92152],[-70.60813,1.92329],[-70.60914,1.92781],[-70.60718,1.92719],[-70.60615,1.92373],[-70.60471,1.92397],[-70.60204,1.92668],[-70.60247,1.93114],[-70.60074,1.93447],[-70.59849,1.93542],[-70.59649,1.93327],[-70.5956,1.93726],[-70.5922,1.93644],[-70.58982,1.93863],[-70.58656,1.9352],[-70.5829,1.93495],[-70.58274,1.93083],[-70.57899,1.92813],[-70.5784,1.93215],[-70.57339,1.93252],[-70.57247,1.93578],[-70.56932,1.93211],[-70.56537,1.93277],[-70.56128,1.94095],[-70.55955,1.93772],[-70.55603,1.94122],[-70.54908,1.93789],[-70.54668,1.9408],[-70.54532,1.94698],[-70.53949,1.94661],[-70.53598,1.95386],[-70.53192,1.95716],[-70.52877,1.9566],[-70.52827,1.95007],[-70.52388,1.94684],[-70.52015,1.95085],[-70.52345,1.95412],[-70.51415,1.95704],[-70.51421,1.95165],[-70.50924,1.94925],[-70.50981,1.94527],[-70.51245,1.94277],[-70.50999,1.9399],[-70.50399,1.94234],[-70.50381,1.94812],[-70.50161,1.95],[-70.49576,1.94805],[-70.49122,1.94845],[-70.48693,1.94568],[-70.48695,1.94923],[-70.48954,1.95292],[-70.48757,1.9542],[-70.4833,1.95374],[-70.48206,1.95554],[-70.48319,1.95871],[-70.47946,1.959],[-70.48063,1.96257],[-70.48525,1.95974],[-70.48491,1.96303],[-70.4773,1.96661],[-70.46848,1.96262],[-70.46442,1.96252],[-70.46432,1.9657],[-70.46836,1.96766],[-70.46704,1.97114],[-70.46562,1.97225],[-70.46401,1.97136],[-70.46248,1.96698],[-70.45947,1.96842],[-70.45758,1.97143],[-70.46359,1.97578],[-70.46149,1.98117],[-70.46458,1.97814],[-70.46586,1.97893],[-70.46439,1.98403],[-70.45655,1.98826],[-70.45106,1.98329],[-70.44681,1.98426],[-70.44435,1.98727],[-70.44141,1.98602],[-70.4421,1.99341],[-70.43854,1.99521],[-70.43518,1.99949],[-70.43247,1.99784],[-70.43058,1.99039],[-70.42497,1.9903],[-70.42174,1.9865],[-70.41663,1.98566],[-70.41467,1.98619],[-70.41338,1.99004],[-70.41036,1.99202],[-70.4065,1.99182],[-70.40546,1.98936],[-70.40369,1.99619],[-70.39797,1.99839],[-70.39543,1.9956],[-70.39103,1.99525],[-70.39203,1.99144],[-70.38931,1.98945],[-70.38953,1.98562],[-70.38685,1.98464],[-70.38315,1.98649],[-70.37887,1.98539],[-70.37642,1.98808],[-70.37666,1.99136],[-70.38208,1.99585],[-70.38007,2.00356],[-70.37687,2.0048],[-70.37217,2.00221],[-70.3679,2.00388],[-70.36722,1.99984],[-70.36398,1.99606],[-70.36518,1.99066],[-70.36135,1.98834],[-70.36448,1.9851],[-70.35845,1.98482],[-70.35552,1.98941],[-70.35134,1.98313],[-70.34813,1.99231],[-70.34624,1.99198],[-70.3448,1.98783],[-70.34117,1.98829],[-70.34375,1.99577],[-70.34044,2.00037],[-70.33732,1.99931],[-70.33626,1.99553],[-70.33273,1.99646],[-70.32998,1.99351],[-70.33116,1.99699],[-70.32953,1.99911],[-70.32281,1.99729],[-70.32273,2.00589],[-70.32023,2.00653],[-70.31654,2.00412],[-70.31879,2.00972],[-70.31768,2.01274],[-70.31451,2.01064],[-70.31044,2.01067],[-70.30639,2.0066],[-70.30725,2.01157],[-70.30509,2.01357],[-70.3006,2.01258],[-70.29922,2.01527],[-70.29721,2.01596],[-70.29292,2.01315],[-70.28264,2.0145],[-70.27542,2.02009],[-70.27463,2.01778],[-70.27699,2.01517],[-70.27547,2.01424],[-70.27095,2.02084],[-70.26566,2.02333],[-70.26264,2.02204],[-70.2635,2.01697],[-70.26258,2.0146],[-70.25938,2.0138],[-70.25296,2.01913],[-70.25468,2.0262],[-70.24876,2.0301],[-70.2446,2.02873],[-70.24608,2.02533],[-70.24518,2.0233],[-70.24157,2.02268],[-70.238,2.02435],[-70.23667,2.03082],[-70.23309,2.03149],[-70.22959,2.03412],[-70.2258,2.03401],[-70.22137,2.03177],[-70.21861,2.02834],[-70.22103,2.02399],[-70.21559,2.02522],[-70.2151,2.02053],[-70.21194,2.01967],[-70.21101,2.02035],[-70.2119,2.02468],[-70.2087,2.02504],[-70.20801,2.01993],[-70.20539,2.01842],[-70.20294,2.01933],[-70.20495,2.02257],[-70.20398,2.02673],[-70.20118,2.02729],[-70.19906,2.02366],[-70.19495,2.02359],[-70.19224,2.02612],[-70.19479,2.02878],[-70.19336,2.03038],[-70.18927,2.02729],[-70.18993,2.02301],[-70.18738,2.02366],[-70.18435,2.02689],[-70.18057,2.02415],[-70.17979,2.02985],[-70.17518,2.03413],[-70.17618,2.03984],[-70.17303,2.04136],[-70.17108,2.03846],[-70.1726,2.04367],[-70.17105,2.04625],[-70.16678,2.04164],[-70.1626,2.04501],[-70.16038,2.0494],[-70.162,2.05416],[-70.16125,2.05833],[-70.15863,2.06185],[-70.15266,2.06488],[-70.15132,2.07132],[-70.14951,2.07172],[-70.14797,2.07022],[-70.1465,2.06454],[-70.14149,2.06701],[-70.13899,2.06435],[-70.13674,2.0677],[-70.12865,2.06975],[-70.11524,2.07983],[-70.11038,2.07958],[-70.10873,2.0813],[-70.1127,2.08368],[-70.11281,2.08711],[-70.10395,2.09451],[-70.10947,2.09889],[-70.11483,2.09999],[-70.1149,2.10215],[-70.11204,2.10408],[-70.11178,2.10589],[-70.11423,2.10832],[-70.11892,2.1088],[-70.11875,2.1113],[-70.10919,2.11524],[-70.10937,2.11888],[-70.10789,2.12024],[-70.10409,2.12018],[-70.10192,2.11739],[-70.09895,2.12139],[-70.09214,2.12203],[-70.0931,2.1241],[-70.09661,2.124],[-70.09944,2.12582],[-70.10071,2.12856],[-70.09955,2.13045],[-70.09643,2.13074],[-70.09385,2.12773],[-70.09056,2.12765],[-70.08779,2.13067],[-70.08315,2.13095],[-70.08289,2.13493],[-70.07887,2.13938],[-70.07268,2.13902],[-70.07018,2.14149],[-70.05793,2.14623],[-70.05579,2.1526],[-70.052,2.15655],[-70.05246,2.15838],[-70.0557,2.15987],[-70.05478,2.16241],[-70.0458,2.16265],[-70.04298,2.15963],[-70.04156,2.16242],[-70.03819,2.16314],[-70.03622,2.16201],[-70.03529,2.15861],[-70.03305,2.15848],[-70.02675,2.17437],[-70.0321,2.17309],[-70.03256,2.17603],[-70.02936,2.18065],[-70.03066,2.1814],[-70.03525,2.17977],[-70.0359,2.18229],[-70.03158,2.18243],[-70.02778,2.18617],[-70.02288,2.1828],[-70.01871,2.18392],[-70.01833,2.18081],[-70.02139,2.18089],[-70.02285,2.17941],[-70.0201,2.17729],[-70.01744,2.178],[-70.01425,2.18164],[-70.00664,2.18149],[-70.0061,2.1846],[-70.00772,2.18756],[-70.01191,2.18424],[-70.01368,2.18527],[-70.01388,2.18787],[-70.01181,2.19337],[-70.00661,2.19623],[-70.00626,2.19864],[-70.00818,2.20103],[-70.00303,2.20422],[-70.0059,2.20744],[-70.00058,2.20803],[-69.99666,2.20425],[-69.99469,2.20628],[-69.99609,2.2141],[-69.99453,2.22074],[-69.99525,2.22444],[-70.01337,2.23154],[-70.02092,2.23254],[-70.02499,2.23657],[-70.0269,2.24847],[-70.02612,2.25047],[-70.02257,2.25183],[-70.02425,2.25457],[-70.02271,2.25715],[-70.02505,2.25798],[-70.02974,2.25672],[-70.03147,2.25822],[-70.02784,2.26345],[-70.0267,2.27295],[-70.02942,2.27325],[-70.03373,2.2671],[-70.03615,2.26642],[-70.03884,2.26805],[-70.04306,2.27501],[-70.04973,2.27638],[-70.05388,2.27897],[-70.05396,2.28266],[-70.04527,2.2883],[-70.04489,2.29149],[-70.04652,2.29395],[-70.04927,2.29469],[-70.05556,2.2931],[-70.06426,2.29596],[-70.06985,2.29394],[-70.07159,2.29096],[-70.07291,2.27822],[-70.07518,2.27351],[-70.08515,2.26319],[-70.09436,2.2657],[-70.10277,2.26212],[-70.10803,2.2685],[-70.11898,2.26375],[-70.1229,2.26345],[-70.1414,2.2769],[-70.14671,2.27771],[-70.15159,2.27486],[-70.1531,2.26802],[-70.15054,2.26567],[-70.1411,2.26543],[-70.13793,2.26383],[-70.13763,2.2608],[-70.14171,2.25123],[-70.14451,2.24857],[-70.14821,2.24918],[-70.15303,2.26134],[-70.15567,2.26453],[-70.15968,2.26506],[-70.16141,2.26195],[-70.15652,2.24417],[-70.15677,2.2399],[-70.15848,2.23868],[-70.16374,2.24286],[-70.17094,2.2378],[-70.17449,2.23743],[-70.17706,2.23887],[-70.18053,2.24662],[-70.18347,2.24974],[-70.1914,2.25255],[-70.19351,2.25111],[-70.19366,2.24883],[-70.18465,2.24548],[-70.18272,2.24011],[-70.18386,2.23606],[-70.18655,2.23326],[-70.19443,2.22977],[-70.19951,2.23068],[-70.20175,2.23873],[-70.20474,2.24187],[-70.20643,2.24139],[-70.20998,2.23357],[-70.21466,2.23396],[-70.22518,2.24741],[-70.22706,2.2471],[-70.2318,2.23989],[-70.2473,2.24327],[-70.25007,2.24638],[-70.24924,2.25046],[-70.24485,2.25327],[-70.23738,2.25395],[-70.23511,2.25706],[-70.23519,2.26002],[-70.2371,2.26255],[-70.24349,2.26534],[-70.24734,2.26542],[-70.25323,2.26246],[-70.2598,2.25512],[-70.26019,2.24826],[-70.26781,2.24758],[-70.27038,2.24006],[-70.27356,2.23741],[-70.27771,2.23809],[-70.29562,2.25264],[-70.30549,2.25292],[-70.30768,2.25125],[-70.30828,2.24776],[-70.30655,2.24563],[-70.30119,2.24418],[-70.29701,2.24112],[-70.29299,2.2321],[-70.29282,2.22853],[-70.29617,2.22187],[-70.304,2.21621],[-70.3071,2.21099],[-70.31223,2.20826],[-70.31588,2.20854],[-70.31741,2.21381],[-70.32498,2.22331],[-70.3348,2.22693],[-70.34129,2.23322],[-70.34204,2.24785],[-70.34725,2.2474],[-70.35752,2.23568],[-70.36153,2.23439],[-70.3659,2.23548],[-70.37247,2.23845],[-70.37579,2.24513],[-70.38279,2.24509],[-70.38621,2.24721],[-70.38832,2.25167],[-70.39444,2.25712],[-70.39466,2.26535],[-70.39896,2.26778],[-70.40362,2.26621],[-70.40342,2.25852],[-70.40793,2.25523],[-70.41558,2.25465],[-70.4186,2.25584],[-70.4192,2.25857],[-70.41656,2.26551],[-70.42078,2.26863],[-70.42758,2.26703],[-70.43375,2.26124],[-70.43778,2.25959],[-70.45817,2.25735],[-70.46368,2.25231],[-70.46479,2.24917],[-70.45727,2.24684],[-70.45445,2.24355],[-70.46135,2.23985],[-70.46306,2.23454],[-70.46472,2.23342],[-70.46988,2.24199],[-70.47312,2.24366],[-70.47622,2.24229],[-70.484,2.2347],[-70.49681,2.23374],[-70.51433,2.24509],[-70.51292,2.25119],[-70.51367,2.25636],[-70.51118,2.25947],[-70.50823,2.25978],[-70.50355,2.2578],[-70.49834,2.25081],[-70.49276,2.24989],[-70.48858,2.25286],[-70.48973,2.25627],[-70.49955,2.25871],[-70.50981,2.2673],[-70.51276,2.2736],[-70.50837,2.27907],[-70.51102,2.28279],[-70.5157,2.28439],[-70.51879,2.28272],[-70.51744,2.27497],[-70.51895,2.27079],[-70.52582,2.26829],[-70.53073,2.26844],[-70.54326,2.27987],[-70.54501,2.28356],[-70.54742,2.28475],[-70.5473,2.2869],[-70.54779,2.28594],[-70.54999,2.28793],[-70.55064,2.28633],[-70.55097,2.28785],[-70.55527,2.2898],[-70.55736,2.28905],[-70.55763,2.28726],[-70.55986,2.29126],[-70.56189,2.29107],[-70.56255,2.29347],[-70.56996,2.29099],[-70.56971,2.29333],[-70.57331,2.29276],[-70.57364,2.29501],[-70.5754,2.29395],[-70.5743,2.29303],[-70.57521,2.29153],[-70.57834,2.28941],[-70.58011,2.29161],[-70.58106,2.28904],[-70.58512,2.29146],[-70.58665,2.28928],[-70.58669,2.29069],[-70.58897,2.29106],[-70.58771,2.29328],[-70.58919,2.29579],[-70.59544,2.29399],[-70.6051,2.29835],[-70.60816,2.29802],[-70.60833,2.30012],[-70.61236,2.30229],[-70.61157,2.30401],[-70.61412,2.3046],[-70.61483,2.3067],[-70.61552,2.30566],[-70.61799,2.30624],[-70.61749,2.30802],[-70.61839,2.30713],[-70.62382,2.30897],[-70.62991,2.31358],[-70.62991,2.31609],[-70.6314,2.3165],[-70.63039,2.31826],[-70.63203,2.31824],[-70.63113,2.32249],[-70.63212,2.32372],[-70.63233,2.32204],[-70.63419,2.32201],[-70.63324,2.32522],[-70.63161,2.32401],[-70.63061,2.32556],[-70.63278,2.32685],[-70.63186,2.33116],[-70.63298,2.32926],[-70.63415,2.33005],[-70.63256,2.33395],[-70.63587,2.3352],[-70.63487,2.33578],[-70.63735,2.3383],[-70.63636,2.33998],[-70.63741,2.34122],[-70.6363,2.34176],[-70.63828,2.34459],[-70.63823,2.34623],[-70.63676,2.34452],[-70.63678,2.34766],[-70.63453,2.34758],[-70.6389,2.34939],[-70.63829,2.35048],[-70.64136,2.35258],[-70.63995,2.35431],[-70.64037,2.35771],[-70.64217,2.35792],[-70.64304,2.36184],[-70.64355,2.36024],[-70.64457,2.36138],[-70.64432,2.36013],[-70.64637,2.36063],[-70.64632,2.36419],[-70.649,2.36735],[-70.64893,2.37065],[-70.65265,2.37306],[-70.65444,2.3767],[-70.65341,2.37966],[-70.65478,2.37918],[-70.65451,2.38083],[-70.65747,2.3822],[-70.65464,2.3855],[-70.66001,2.38502],[-70.66091,2.38667],[-70.65939,2.3897],[-70.66221,2.39114],[-70.66276,2.39444],[-70.6651,2.39396],[-70.66366,2.39705],[-70.66524,2.39966],[-70.66717,2.39946],[-70.666,2.40193],[-70.66717,2.40619],[-70.66827,2.40523],[-70.66806,2.40681],[-70.67061,2.40723],[-70.66999,2.41087],[-70.67479,2.41167],[-70.67668,2.41463],[-70.67558,2.41561],[-70.68057,2.42043],[-70.67956,2.42026],[-70.67857,2.42379],[-70.68138,2.42945],[-70.67747,2.4305],[-70.6762,2.43292],[-70.67747,2.43638],[-70.67962,2.4371],[-70.67868,2.44193],[-70.68094,2.44105],[-70.68226,2.44369],[-70.68512,2.44287],[-70.68666,2.44479],[-70.68727,2.44292],[-70.68991,2.44402],[-70.69387,2.44859],[-70.69503,2.45211],[-70.69938,2.45343],[-70.70064,2.45497],[-70.69899,2.45959],[-70.6996,2.46344],[-70.70312,2.468],[-70.70444,2.46767],[-70.70373,2.46866],[-70.70598,2.47246],[-70.70951,2.47103],[-70.71132,2.47344],[-70.71506,2.47476],[-70.71611,2.47707],[-70.71848,2.47762],[-70.71886,2.4801],[-70.72112,2.48048],[-70.72277,2.47773],[-70.72607,2.47988],[-70.72827,2.48532],[-70.73235,2.48505],[-70.73361,2.49401],[-70.7356,2.49346],[-70.73928,2.49896],[-70.7411,2.50039],[-70.74303,2.49973],[-70.74297,2.50133],[-70.74506,2.50237],[-70.74429,2.50759],[-70.74556,2.51161],[-70.74165,2.51507],[-70.74348,2.51642],[-70.74299,2.51944],[-70.74396,2.51896],[-70.74568,2.5237],[-70.74561,2.52968],[-70.74897,2.5313],[-70.74932,2.5339],[-70.75474,2.5343],[-70.75364,2.5346],[-70.75373,2.53737],[-70.75677,2.53874],[-70.76742,2.53997],[-70.76773,2.53896],[-70.76808,2.5405],[-70.77112,2.53693],[-70.77244,2.53781],[-70.77667,2.53434],[-70.77825,2.53522],[-70.77843,2.53328],[-70.77979,2.53403],[-70.78336,2.53179],[-70.78332,2.53012],[-70.79138,2.5207],[-70.79367,2.52105],[-70.79485,2.524],[-70.79569,2.52321],[-70.79974,2.5273],[-70.8071,2.52405],[-70.80872,2.52888],[-70.81554,2.52909],[-70.8174,2.53342],[-70.81905,2.53308],[-70.81967,2.53074],[-70.82112,2.53184],[-70.82635,2.53156],[-70.8269,2.53287],[-70.82786,2.5317],[-70.83027,2.53321],[-70.82985,2.53624],[-70.83082,2.53548],[-70.83116,2.53803],[-70.82862,2.53926],[-70.83288,2.54517],[-70.83584,2.55287],[-70.84394,2.56334],[-70.85317,2.57],[-70.85683,2.57066],[-70.86176,2.56944],[-70.87801,2.55924],[-70.88449,2.55691],[-70.89261,2.55883],[-70.90178,2.56585],[-70.90636,2.56593],[-70.90919,2.56367],[-70.91553,2.56575],[-70.91872,2.56432],[-70.92408,2.56678],[-70.92522,2.57384],[-70.92761,2.57597],[-70.9413,2.60233],[-70.94249,2.60666],[-70.50676,2.78648],[-70.52993,2.80628],[-70.55079,2.81528],[-70.55826,2.82025],[-70.56444,2.82891],[-70.58512,2.84109],[-70.59903,2.83423],[-70.6004,2.81897],[-70.60581,2.80268],[-70.61122,2.79599],[-70.61783,2.79239],[-70.6222,2.79359],[-70.63044,2.80551],[-70.63207,2.81057],[-70.63225,2.84014],[-70.63473,2.84717],[-70.64091,2.853],[-70.65104,2.85617],[-70.65799,2.85617],[-70.66151,2.85154],[-70.66314,2.84443],[-70.63954,2.82094],[-70.63774,2.81563],[-70.63748,2.8086],[-70.64023,2.80148],[-70.65619,2.78159],[-70.664,2.78005],[-70.67559,2.78125],[-70.68005,2.77953],[-70.68546,2.76213],[-70.69602,2.74884],[-70.701,2.74027],[-70.7058,2.73693],[-70.71052,2.73675],[-70.71584,2.73975],[-70.71893,2.74541],[-70.72031,2.75304],[-70.71602,2.77516],[-70.7179,2.78845],[-70.72125,2.79351],[-70.72838,2.79282],[-70.73541,2.78802],[-70.74314,2.77773],[-70.75644,2.76822],[-70.76245,2.76693],[-70.77721,2.76779],[-70.80331,2.75819],[-70.8106,2.7593],[-70.81403,2.7623],[-70.81455,2.76667],[-70.81215,2.77002],[-70.80022,2.77319],[-70.79678,2.77653],[-70.79541,2.78408],[-70.7961,2.79111],[-70.80313,2.80594],[-70.80974,2.81151],[-70.81858,2.81271],[-70.83395,2.8044],[-70.84227,2.80259],[-70.8512,2.79205],[-70.85644,2.77876],[-70.86107,2.7749],[-70.86776,2.77525],[-70.87188,2.77773],[-70.87463,2.78228],[-70.87352,2.78476],[-70.86948,2.78751],[-70.86751,2.79368],[-70.8712,2.79514],[-70.88098,2.79196],[-70.8869,2.79411],[-70.89205,2.79805],[-70.89875,2.80851],[-70.91102,2.84597],[-70.91643,2.85206],[-70.9324,2.85806],[-70.93866,2.85729],[-70.94149,2.84812],[-70.94158,2.84006],[-70.94012,2.83431],[-70.9275,2.82291],[-70.92639,2.81074],[-70.92973,2.79805],[-70.9348,2.79042],[-70.94312,2.78605],[-70.94948,2.78682],[-70.95308,2.78922],[-70.96158,2.80071],[-70.96018,2.80551],[-70.95076,2.81477],[-70.94845,2.8224],[-70.94862,2.83491],[-70.95188,2.83954],[-70.95849,2.84211],[-70.97806,2.82986],[-70.98861,2.82814],[-70.99325,2.83011],[-70.99998,2.83853],[-71.00698,2.85369],[-71.01282,2.85626],[-71.0172,2.85549],[-71.01986,2.85077],[-71.02569,2.84563],[-71.03101,2.84554],[-71.04269,2.84983],[-71.05977,2.85292],[-71.06406,2.85669],[-71.06569,2.86132],[-71.06578,2.86963],[-71.07427,2.88043],[-71.07741,2.88214],[-71.08097,2.88352],[-71.09573,2.8782],[-71.09882,2.87418],[-71.11109,2.87323],[-71.11762,2.87735],[-71.12654,2.89149],[-71.12938,2.89321],[-71.13616,2.90221],[-71.14105,2.89981],[-71.13908,2.88875],[-71.13942,2.88223],[-71.14242,2.87718],[-71.1468,2.87358],[-71.15332,2.87229],[-71.15804,2.87486],[-71.16491,2.88283],[-71.17607,2.90229],[-71.18491,2.90418],[-71.18808,2.89243],[-71.1922,2.88969],[-71.19744,2.88926],[-71.20293,2.89115],[-71.20868,2.88961],[-71.21203,2.88635],[-71.21958,2.86938],[-71.22422,2.86526],[-71.2449,2.86132],[-71.24885,2.86406],[-71.25091,2.87983],[-71.25366,2.88369],[-71.26053,2.88429],[-71.26722,2.8812],[-71.27469,2.86912],[-71.28018,2.8674],[-71.28782,2.86817],[-71.29451,2.87143],[-71.29915,2.87735],[-71.30009,2.90538],[-71.30301,2.91738],[-71.30739,2.92115],[-71.31863,2.92484],[-71.32576,2.92372],[-71.32979,2.92047],[-71.33134,2.91729],[-71.33168,2.90898],[-71.32756,2.89321],[-71.3331,2.88357],[-71.33898,2.86869],[-71.34515,2.86003],[-71.34945,2.85797],[-71.35434,2.85883],[-71.35709,2.86149],[-71.35777,2.88318],[-71.35937,2.89012],[-71.36807,2.89201],[-71.37682,2.89046],[-71.38214,2.88743],[-71.38355,2.88268],[-71.37889,2.86998],[-71.38077,2.86132],[-71.38309,2.85326],[-71.38747,2.84726],[-71.39356,2.84649],[-71.39966,2.84923],[-71.40498,2.85369],[-71.41639,2.86595],[-71.43227,2.87083],[-71.44541,2.87983],[-71.45802,2.89158],[-71.46163,2.89869],[-71.4642,2.89861],[-71.46772,2.89466],[-71.46815,2.88472],[-71.4636,2.87083],[-71.46313,2.86022],[-71.46463,2.85679],[-71.47031,2.85268],[-71.4739,2.85163],[-71.48068,2.85369],[-71.486,2.85926],[-71.49193,2.86938],[-71.49759,2.87383],[-71.50291,2.87538],[-71.52343,2.8788],[-71.53021,2.87795],[-71.53295,2.87469],[-71.53441,2.86946],[-71.53986,2.86573],[-71.54862,2.86815],[-71.55626,2.8659],[-71.57953,2.87333],[-71.58215,2.873],[-71.58588,2.86976],[-71.58397,2.86648],[-71.5749,2.8589],[-71.57261,2.85343],[-71.57243,2.8488],[-71.57492,2.8452],[-71.57982,2.8428],[-71.60024,2.84606],[-71.60711,2.8458],[-71.62084,2.841],[-71.62585,2.8383],[-71.62808,2.83127],[-71.63443,2.82116],[-71.64679,2.81841],[-71.65297,2.82064],[-71.67065,2.8227],[-71.67305,2.82424],[-71.67391,2.82887],[-71.67219,2.83693],[-71.66687,2.84156],[-71.65966,2.85613],[-71.65795,2.86453],[-71.65949,2.86985],[-71.66395,2.87242],[-71.67065,2.87379],[-71.67734,2.87276],[-71.68129,2.87002],[-71.68267,2.86539],[-71.68318,2.8503],[-71.69262,2.83933],[-71.70103,2.83899],[-71.71099,2.84567],[-71.72678,2.85973],[-71.74086,2.88236],[-71.7467,2.88854],[-71.75391,2.89488],[-71.76335,2.89659],[-71.76609,2.89419],[-71.76712,2.88922],[-71.75906,2.86968],[-71.75974,2.85425],[-71.77004,2.82904],[-71.78051,2.81721],[-71.78583,2.8179],[-71.78944,2.82441],[-71.78961,2.83041],[-71.78412,2.85305],[-71.78463,2.8599],[-71.78755,2.8671],[-71.79253,2.87173],[-71.80025,2.87551],[-71.8236,2.87842],[-71.84918,2.87242],[-71.85124,2.87036],[-71.84935,2.86813],[-71.8339,2.87173],[-71.82806,2.87156],[-71.82154,2.86762],[-71.81914,2.85545],[-71.82497,2.84019],[-71.82892,2.83659],[-71.85141,2.84156],[-71.85707,2.84104],[-71.87441,2.83779],[-71.88729,2.83264],[-71.91561,2.82699],[-71.92797,2.8287],[-71.93878,2.83264],[-71.9441,2.83238],[-71.95853,2.82853],[-71.96453,2.82493],[-71.97964,2.80298],[-71.98273,2.80092],[-71.99457,2.82201],[-71.99766,2.82561],[-72.00419,2.82853],[-72.02118,2.82904],[-72.04968,2.81567],[-72.06496,2.81721],[-72.0792,2.82218],[-72.09826,2.83744],[-72.10341,2.84653],[-72.11319,2.87722],[-72.11697,2.88202],[-72.12387,2.88723],[-72.13514,2.88854],[-72.13714,2.88632],[-72.14049,2.87036],[-72.14306,2.86625],[-72.14924,2.86299],[-72.15834,2.86514],[-72.17207,2.87391],[-72.18404,2.87533],[-72.19401,2.87313],[-72.20092,2.86812],[-72.20395,2.86318],[-72.20731,2.85448],[-72.20623,2.84653],[-72.20726,2.84002],[-72.2028,2.81704],[-72.20074,2.81155],[-72.19216,2.80058],[-72.18615,2.79698],[-72.18426,2.78858],[-72.18512,2.78241],[-72.19164,2.77246],[-72.20211,2.77006],[-72.21052,2.77161],[-72.21482,2.77401],[-72.23112,2.78978],[-72.23556,2.8006],[-72.24486,2.81207],[-72.24709,2.81944],[-72.25825,2.82407],[-72.26734,2.81944],[-72.27061,2.81498],[-72.27146,2.8107],[-72.26992,2.8059],[-72.26494,2.79801],[-72.26546,2.78961],[-72.27181,2.77915],[-72.27593,2.77692],[-72.28606,2.77315],[-72.29378,2.77332],[-72.29636,2.77486],[-72.30099,2.78172],[-72.30477,2.79527],[-72.31163,2.79972],[-72.32022,2.79921],[-72.33584,2.78995],[-72.34906,2.78618],[-72.35747,2.78086],[-72.36674,2.76663],[-72.3724,2.7548],[-72.38098,2.74486],[-72.3894,2.73577],[-72.40588,2.72548],[-72.4112,2.72548],[-72.42407,2.73474],[-72.43531,2.73986],[-72.44353,2.73354],[-72.46654,2.73389],[-72.47151,2.73063],[-72.47014,2.72634],[-72.46602,2.72154],[-72.46345,2.71383],[-72.46327,2.70319],[-72.46499,2.69685],[-72.47031,2.68896],[-72.47478,2.68708],[-72.48353,2.68622],[-72.49486,2.68742],[-72.50842,2.69068],[-72.52027,2.70045],[-72.53501,2.70258],[-72.53799,2.69997],[-72.53537,2.68296],[-72.54275,2.67987],[-72.56455,2.68107],[-72.57034,2.6751],[-72.57137,2.66927],[-72.56983,2.66567],[-72.56708,2.66379],[-72.55816,2.66173],[-72.55507,2.65916],[-72.55369,2.65538],[-72.55661,2.64887],[-72.56039,2.64681],[-72.58082,2.64904],[-72.58391,2.64561],[-72.58682,2.63635],[-72.58923,2.63309],[-72.5894,2.62675],[-72.58202,2.61303],[-72.58099,2.59708],[-72.57858,2.59296],[-72.57979,2.58851],[-72.58391,2.58473],[-72.58854,2.58285],[-72.59352,2.58216],[-72.59678,2.58422],[-72.59695,2.58885],[-72.59352,2.59674],[-72.59403,2.60617],[-72.59774,2.61481],[-72.6033,2.62074],[-72.61527,2.62578],[-72.62199,2.62482],[-72.63465,2.61464],[-72.64129,2.61156],[-72.64555,2.60295],[-72.64623,2.59768],[-72.64222,2.58308],[-72.64315,2.57801],[-72.64617,2.57365],[-72.65102,2.5717],[-72.66065,2.58141],[-72.66216,2.58708],[-72.66267,2.60243],[-72.66625,2.60983],[-72.67054,2.61566],[-72.68273,2.62269],[-72.69938,2.62149],[-72.70779,2.60829],[-72.72049,2.58274],[-72.73253,2.5735],[-72.74538,2.56893],[-72.75826,2.57193],[-72.7689,2.57896],[-72.78515,2.586],[-72.79205,2.59298],[-72.79242,2.60469],[-72.7998,2.6124],[-72.81069,2.61573],[-72.82118,2.61181],[-72.82725,2.60701],[-72.84805,2.59675],[-72.85817,2.58531],[-72.86829,2.57708],[-72.87898,2.57633],[-72.88782,2.57081],[-72.89061,2.57125],[-72.8937,2.56559],[-72.89816,2.56233],[-72.91322,2.56762],[-72.91894,2.56353],[-72.92271,2.55753],[-72.92293,2.55434],[-72.92023,2.54965],[-72.91852,2.54018],[-72.92235,2.53086],[-72.93256,2.52374],[-72.94232,2.52463],[-72.94856,2.523],[-72.95481,2.51706],[-72.95722,2.5114],[-72.95773,2.49836],[-72.95464,2.49528],[-72.94983,2.49459],[-72.94228,2.50214],[-72.93765,2.50214],[-72.93404,2.49939],[-72.93164,2.49442],[-72.9282,2.47555],[-72.93009,2.46784],[-72.9337,2.46458],[-72.93747,2.46509],[-72.95344,2.47898],[-72.95687,2.48036],[-72.96322,2.47984],[-72.96837,2.47572],[-72.97126,2.46612],[-72.97076,2.46139],[-72.96277,2.45423],[-72.96291,2.45115],[-72.9646,2.44914],[-72.9744,2.45218],[-72.98493,2.45257],[-72.99152,2.44453],[-73.01298,2.43218],[-73.02526,2.42014],[-73.03025,2.4128],[-73.03331,2.41177],[-73.03526,2.41388],[-73.03681,2.41994],[-73.03677,2.43084],[-73.04131,2.43776],[-73.04415,2.43791],[-73.0517,2.42925],[-73.05978,2.43026],[-73.06543,2.42847],[-73.06989,2.42622],[-73.07176,2.41673],[-73.07518,2.41355],[-73.08151,2.41124],[-73.09416,2.39427],[-73.10527,2.38606],[-73.10926,2.381],[-73.11235,2.38155],[-73.11421,2.3846],[-73.11363,2.39126],[-73.11696,2.40733],[-73.11941,2.41106],[-73.1242,2.41214],[-73.13746,2.40594],[-73.14022,2.40149],[-73.14074,2.39764],[-73.13845,2.39425],[-73.12737,2.39003],[-73.12446,2.38579],[-73.12401,2.37881],[-73.12681,2.3771],[-73.13943,2.37842],[-73.14822,2.37227],[-73.15416,2.36593],[-73.15781,2.36457],[-73.16208,2.36524],[-73.16608,2.36789],[-73.16691,2.37165],[-73.16744,2.37995],[-73.16489,2.39489],[-73.16774,2.40009],[-73.1703,2.40163],[-73.1803,2.39845],[-73.18594,2.38885],[-73.19371,2.38685],[-73.20001,2.3833],[-73.21743,2.38641],[-73.21673,2.39082],[-73.2105,2.4004],[-73.21286,2.40376],[-73.21667,2.40565],[-73.22392,2.39081],[-73.22655,2.38877],[-73.24045,2.38936],[-73.24949,2.38206],[-73.26692,2.38164],[-73.26798,2.37999],[-73.26595,2.37367],[-73.26321,2.37253],[-73.2592,2.37168],[-73.24687,2.37421],[-73.24004,2.36981],[-73.23799,2.36632],[-73.23728,2.35848],[-73.23808,2.35185],[-73.24009,2.34895],[-73.24322,2.34715],[-73.24592,2.34748],[-73.2536,2.35587],[-73.2615,2.35882],[-73.26885,2.35885],[-73.2755,2.35609],[-73.29504,2.33879],[-73.30105,2.33644],[-73.31088,2.34586],[-73.3153,2.35477],[-73.32002,2.36042],[-73.32374,2.3614],[-73.33158,2.36051],[-73.33613,2.35609],[-73.33524,2.35278],[-73.33003,2.34785],[-73.32896,2.34402],[-73.33229,2.33407],[-73.33564,2.33049],[-73.34074,2.32819],[-73.35537,2.32446],[-73.35774,2.32481],[-73.35961,2.33348],[-73.35563,2.33886],[-73.34693,2.34575],[-73.34504,2.34899],[-73.34479,2.35682],[-73.34659,2.36239],[-73.34933,2.36547],[-73.35662,2.36884],[-73.3616,2.36836],[-73.37358,2.36361],[-73.37364,2.33259],[-73.37421,2.32955],[-73.37763,2.32614],[-73.38173,2.32432],[-73.38798,2.32483],[-73.39498,2.32791],[-73.39663,2.33269],[-73.38751,2.34245],[-73.38714,2.3471],[-73.38875,2.3506],[-73.39685,2.35492],[-73.41441,2.35636],[-73.41863,2.3553],[-73.4235,2.35055],[-73.42216,2.33389],[-73.424,2.32796],[-73.43093,2.32475],[-73.4375,2.32701],[-73.44067,2.3339],[-73.44037,2.34058],[-73.43256,2.35104],[-73.43072,2.35979],[-73.43255,2.37036],[-73.43878,2.38579],[-73.44182,2.38764],[-73.45545,2.3831],[-73.45564,2.38001],[-73.45011,2.36191],[-73.44585,2.35244],[-73.44496,2.34643],[-73.44686,2.34234],[-73.452,2.33852],[-73.46028,2.33942],[-73.46227,2.34306],[-73.46235,2.3522],[-73.46402,2.35677],[-73.4685,2.36181],[-73.47377,2.36215],[-73.47926,2.35902],[-73.48742,2.35689],[-73.50032,2.35897],[-73.5061,2.35658],[-73.50845,2.35294],[-73.50451,2.33822],[-73.50696,2.33471],[-73.51113,2.33327],[-73.51711,2.33536],[-73.51378,2.35063],[-73.51479,2.35628],[-73.52127,2.36538],[-73.52313,2.37193],[-73.52344,2.38368],[-73.52774,2.38761],[-73.5332,2.38676],[-73.53953,2.37731],[-73.55561,2.37107],[-73.5592,2.3681],[-73.56601,2.3579],[-73.57168,2.35513],[-73.58357,2.35747],[-73.58634,2.36247],[-73.58769,2.36771],[-73.58209,2.37746],[-73.58512,2.39002],[-73.58914,2.38978],[-73.59778,2.38121],[-73.61617,2.37803],[-73.63309,2.36171],[-73.63262,2.35654],[-73.62995,2.35195],[-73.62534,2.34909],[-73.61702,2.3468],[-73.61392,2.34191],[-73.61593,2.33572],[-73.61992,2.33243],[-73.63181,2.33021],[-73.63502,2.32417],[-73.63292,2.30943],[-73.62815,2.29905],[-73.62861,2.29643],[-73.6347,2.287],[-73.64137,2.28403],[-73.64507,2.28408],[-73.65085,2.29218],[-73.65623,2.295],[-73.65772,1.89523],[-73.65877,1.61452]]]}},{"type":"Feature","properties":{"shapeName":"Guainía","shapeISO":"CO-GUA","shapeID":"13589884B67034552102836","shapeGroup":"COL","shapeType":"ADM1"},"geometry":{"type":"Polygon","coordinates":[[[-70.50676,2.78648],[-70.94249,2.60666],[-70.9413,2.60233],[-70.92761,2.57597],[-70.92522,2.57384],[-70.92408,2.56678],[-70.91872,2.56432],[-70.91553,2.56575],[-70.90919,2.56367],[-70.90636,2.56593],[-70.90178,2.56585],[-70.89261,2.55883],[-70.88449,2.55691],[-70.87801,2.55924],[-70.86176,2.56944],[-70.85683,2.57066],[-70.85317,2.57],[-70.84394,2.56334],[-70.83584,2.55287],[-70.83288,2.54517],[-70.82862,2.53926],[-70.83116,2.53803],[-70.83082,2.53548],[-70.82985,2.53624],[-70.83027,2.53321],[-70.82786,2.5317],[-70.8269,2.53287],[-70.82635,2.53156],[-70.82112,2.53184],[-70.81967,2.53074],[-70.81905,2.53308],[-70.8174,2.53342],[-70.81554,2.52909],[-70.80872,2.52888],[-70.8071,2.52405],[-70.79974,2.5273],[-70.79569,2.52321],[-70.79485,2.524],[-70.79367,2.52105],[-70.79138,2.5207],[-70.78332,2.53012],[-70.78336,2.53179],[-70.77979,2.53403],[-70.77843,2.53328],[-70.77825,2.53522],[-70.77667,2.53434],[-70.77244,2.53781],[-70.77112,2.53693],[-70.76808,2.5405],[-70.76773,2.53896],[-70.76742,2.53997],[-70.75677,2.53874],[-70.75373,2.53737],[-70.75364,2.5346],[-70.75474,2.5343],[-70.74932,2.5339],[-70.74897,2.5313],[-70.74561,2.52968],[-70.74568,2.5237],[-70.74396,2.51896],[-70.74299,2.51944],[-70.74348,2.51642],[-70.74165,2.51507],[-70.74556,2.51161],[-70.74429,2.50759],[-70.74506,2.50237],[-70.74297,2.50133],[-70.74303,2.49973],[-70.7411,2.50039],[-70.73928,2.49896],[-70.7356,2.49346],[-70.73361,2.49401],[-70.73235,2.48505],[-70.72827,2.48532],[-70.72607,2.47988],[-70.72277,2.47773],[-70.72112,2.48048],[-70.71886,2.4801],[-70.71848,2.47762],[-70.71611,2.47707],[-70.71506,2.47476],[-70.71132,2.47344],[-70.70951,2.47103],[-70.70598,2.47246],[-70.70373,2.46866],[-70.70444,2.46767],[-70.70312,2.468],[-70.6996,2.46344],[-70.69899,2.45959],[-70.70064,2.45497],[-70.69938,2.45343],[-70.69503,2.45211],[-70.69387,2.44859],[-70.68991,2.44402],[-70.68727,2.44292],[-70.68666,2.44479],[-70.68512,2.44287],[-70.68226,2.44369],[-70.68094,2.44105],[-70.67868,2.44193],[-70.67962,2.4371],[-70.67747,2.43638],[-70.6762,2.43292],[-70.67747,2.4305],[-70.68138,2.42945],[-70.67857,2.42379],[-70.67956,2.42026],[-70.68057,2.42043],[-70.67558,2.41561],[-70.67668,2.41463],[-70.67479,2.41167],[-70.66999,2.41087],[-70.67061,2.40723],[-70.66806,2.40681],[-70.66827,2.40523],[-70.66717,2.40619],[-70.666,2.40193],[-70.66717,2.39946],[-70.66524,2.39966],[-70.66366,2.39705],[-70.6651,2.39396],[-70.66276,2.39444],[-70.66221,2.39114],[-70.65939,2.3897],[-70.66091,2.38667],[-70.66001,2.38502],[-70.65464,2.3855],[-70.65747,2.3822],[-70.65451,2.38083],[-70.65478,2.37918],[-70.65341,2.37966],[-70.65444,2.3767],[-70.65265,2.37306],[-70.64893,2.37065],[-70.649,2.36735],[-70.64632,2.36419],[-70.64637,2.36063],[-70.64432,2.36013],[-70.64457,2.36138],[-70.64355,2.36024],[-70.64304,2.36184],[-70.64217,2.35792],[-70.64037,2.35771],[-70.63995,2.35431],[-70.64136,2.35258],[-70.63829,2.35048],[-70.6389,2.34939],[-70.63453,2.34758],[-70.63678,2.34766],[-70.63676,2.34452],[-70.63823,2.34623],[-70.63828,2.34459],[-70.6363,2.34176],[-70.63741,2.34122],[-70.63636,2.33998],[-70.63735,2.3383],[-70.63487,2.33578],[-70.63587,2.3352],[-70.63256,2.33395],[-70.63415,2.33005],[-70.63298,2.32926],[-70.63186,2.33116],[-70.63278,2.32685],[-70.63061,2.32556],[-70.63161,2.32401],[-70.63324,2.32522],[-70.63419,2.32201],[-70.63233,2.32204],[-70.63212,2.32372],[-70.63113,2.32249],[-70.63203,2.31824],[-70.63039,2.31826],[-70.6314,2.3165],[-70.62991,2.31609],[-70.62991,2.31358],[-70.62382,2.30897],[-70.61839,2.30713],[-70.61749,2.30802],[-70.61799,2.30624],[-70.61552,2.30566],[-70.61483,2.3067],[-70.61412,2.3046],[-70.61157,2.30401],[-70.61236,2.30229],[-70.60833,2.30012],[-70.60816,2.29802],[-70.6051,2.29835],[-70.59544,2.29399],[-70.58919,2.29579],[-70.58771,2.29328],[-70.58897,2.29106],[-70.58669,2.29069],[-70.58665,2.28928],[-70.58512,2.29146],[-70.58106,2.28904],[-70.58011,2.29161],[-70.57834,2.28941],[-70.57521,2.29153],[-70.5743,2.29303],[-70.5754,2.29395],[-70.57364,2.29501],[-70.57331,2.29276],[-70.56971,2.29333],[-70.56996,2.29099],[-70.56255,2.29347],[-70.56189,2.29107],[-70.55986,2.29126],[-70.55763,2.28726],[-70.55736,2.28905],[-70.55527,2.2898],[-70.55097,2.28785],[-70.55064,2.28633],[-70.54999,2.28793],[-70.54779,2.28594],[-70.5473,2.2869],[-70.54742,2.28475],[-70.54501,2.28356],[-70.54326,2.27987],[-70.53073,2.26844],[-70.52582,2.26829],[-70.51895,2.27079],[-70.51744,2.27497],[-70.51879,2.28272],[-70.5157,2.28439],[-70.51102,2.28279],[-70.50837,2.27907],[-70.51276,2.2736],[-70.50981,2.2673],[-70.49955,2.25871],[-70.48973,2.25627],[-70.48858,2.25286],[-70.49276,2.24989],[-70.49834,2.25081],[-70.50355,2.2578],[-70.50823,2.25978],[-70.51118,2.25947],[-70.51367,2.25636],[-70.51292,2.25119],[-70.51433,2.24509],[-70.49681,2.23374],[-70.484,2.2347],[-70.47622,2.24229],[-70.47312,2.24366],[-70.46988,2.24199],[-70.46472,2.23342],[-70.46306,2.23454],[-70.46135,2.23985],[-70.45445,2.24355],[-70.45727,2.24684],[-70.46479,2.24917],[-70.46368,2.25231],[-70.45817,2.25735],[-70.43778,2.25959],[-70.43375,2.26124],[-70.42758,2.26703],[-70.42078,2.26863],[-70.41656,2.26551],[-70.4192,2.25857],[-70.4186,2.25584],[-70.41558,2.25465],[-70.40793,2.25523],[-70.40342,2.25852],[-70.40362,2.26621],[-70.39896,2.26778],[-70.39466,2.26535],[-70.39444,2.25712],[-70.38832,2.25167],[-70.38621,2.24721],[-70.38279,2.24509],[-70.37579,2.24513],[-70.37247,2.23845],[-70.3659,2.23548],[-70.36153,2.23439],[-70.35752,2.23568],[-70.34725,2.2474],[-70.34204,2.24785],[-70.34129,2.23322],[-70.3348,2.22693],[-70.32498,2.22331],[-70.31741,2.21381],[-70.31588,2.20854],[-70.31223,2.20826],[-70.3071,2.21099],[-70.304,2.21621],[-70.29617,2.22187],[-70.29282,2.22853],[-70.29299,2.2321],[-70.29701,2.24112],[-70.30119,2.24418],[-70.30655,2.24563],[-70.30828,2.24776],[-70.30768,2.25125],[-70.30549,2.25292],[-70.29562,2.25264],[-70.27771,2.23809],[-70.27356,2.23741],[-70.27038,2.24006],[-70.26781,2.24758],[-70.26019,2.24826],[-70.2598,2.25512],[-70.25323,2.26246],[-70.24734,2.26542],[-70.24349,2.26534],[-70.2371,2.26255],[-70.23519,2.26002],[-70.23511,2.25706],[-70.23738,2.25395],[-70.24485,2.25327],[-70.24924,2.25046],[-70.25007,2.24638],[-70.2473,2.24327],[-70.2318,2.23989],[-70.22706,2.2471],[-70.22518,2.24741],[-70.21466,2.23396],[-70.20998,2.23357],[-70.20643,2.24139],[-70.20474,2.24187],[-70.20175,2.23873],[-70.19951,2.23068],[-70.19443,2.22977],[-70.18655,2.23326],[-70.18386,2.23606],[-70.18272,2.24011],[-70.18465,2.24548],[-70.19366,2.24883],[-70.19351,2.25111],[-70.1914,2.25255],[-70.18347,2.24974],[-70.18053,2.24662],[-70.17706,2.23887],[-70.17449,2.23743],[-70.17094,2.2378],[-70.16374,2.24286],[-70.15848,2.23868],[-70.15677,2.2399],[-70.15652,2.24417],[-70.16141,2.26195],[-70.15968,2.26506],[-70.15567,2.26453],[-70.15303,2.26134],[-70.14821,2.24918],[-70.14451,2.24857],[-70.14171,2.25123],[-70.13763,2.2608],[-70.13793,2.26383],[-70.1411,2.26543],[-70.15054,2.26567],[-70.1531,2.26802],[-70.15159,2.27486],[-70.14671,2.27771],[-70.1414,2.2769],[-70.1229,2.26345],[-70.11898,2.26375],[-70.10803,2.2685],[-70.10277,2.26212],[-70.09436,2.2657],[-70.08515,2.26319],[-70.07518,2.27351],[-70.07291,2.27822],[-70.07159,2.29096],[-70.06985,2.29394],[-70.06426,2.29596],[-70.05556,2.2931],[-70.04927,2.29469],[-70.04652,2.29395],[-70.04489,2.29149],[-70.04527,2.2883],[-70.05396,2.28266],[-70.05388,2.27897],[-70.04973,2.27638],[-70.04306,2.27501],[-70.03884,2.26805],[-70.03615,2.26642],[-70.03373,2.2671],[-70.02942,2.27325],[-70.0267,2.27295],[-70.02784,2.26345],[-70.03147,2.25822],[-70.02974,2.25672],[-70.02505,2.25798],[-70.02271,2.25715],[-70.02425,2.25457],[-70.02257,2.25183],[-70.02612,2.25047],[-70.0269,2.24847],[-70.02499,2.23657],[-70.02092,2.23254],[-70.01337,2.23154],[-69.99525,2.22444],[-69.99453,2.22074],[-69.99609,2.2141],[-69.99469,2.20628],[-69.99666,2.20425],[-70.00058,2.20803],[-70.0059,2.20744],[-70.00303,2.20422],[-70.00818,2.20103],[-70.00626,2.19864],[-70.00661,2.19623],[-70.01181,2.19337],[-70.01388,2.18787],[-70.01368,2.18527],[-70.01191,2.18424],[-70.00772,2.18756],[-70.0061,2.1846],[-70.00664,2.18149],[-70.01425,2.18164],[-70.01744,2.178],[-70.0201,2.17729],[-70.02285,2.17941],[-70.02139,2.18089],[-70.01833,2.18081],[-70.01871,2.18392],[-70.02288,2.1828],[-70.02778,2.18617],[-70.03158,2.18243],[-70.0359,2.18229],[-70.03525,2.17977],[-70.03066,2.1814],[-70.02936,2.18065],[-70.03256,2.17603],[-70.0321,2.17309],[-70.02675,2.17437],[-70.03305,2.15848],[-70.03529,2.15861],[-70.03622,2.16201],[-70.03819,2.16314],[-70.04156,2.16242],[-70.04298,2.15963],[-70.0458,2.16265],[-70.05478,2.16241],[-70.0557,2.15987],[-70.05246,2.15838],[-70.052,2.15655],[-70.05579,2.1526],[-70.05793,2.14623],[-70.07018,2.14149],[-70.07268,2.13902],[-70.07887,2.13938],[-70.08289,2.13493],[-70.08315,2.13095],[-70.08779,2.13067],[-70.09056,2.12765],[-70.09385,2.12773],[-70.09643,2.13074],[-70.09955,2.13045],[-70.10071,2.12856],[-70.09944,2.12582],[-70.09661,2.124],[-70.0931,2.1241],[-70.09214,2.12203],[-70.09895,2.12139],[-70.10192,2.11739],[-70.10409,2.12018],[-70.10789,2.12024],[-70.10937,2.11888],[-70.10919,2.11524],[-70.11875,2.1113],[-70.11892,2.1088],[-70.11423,2.10832],[-70.11178,2.10589],[-70.11204,2.10408],[-70.1149,2.10215],[-70.11483,2.09999],[-70.10947,2.09889],[-70.10395,2.09451],[-70.11281,2.08711],[-70.1127,2.08368],[-70.10873,2.0813],[-70.11038,2.07958],[-70.10918,2.07553],[-70.1125,2.07413],[-70.11345,2.06883],[-70.11813,2.06033],[-70.11947,2.04568],[-70.12232,2.03997],[-70.11914,2.0299],[-70.11895,2.02425],[-70.11412,2.0176],[-70.11331,2.01287],[-70.11545,2.0095],[-70.11533,2.0068],[-70.11179,2.00439],[-70.11154,2.00257],[-70.12243,1.99376],[-70.12749,1.99161],[-70.14002,1.97751],[-70.1405,1.97009],[-70.13765,1.9653],[-70.13931,1.96148],[-70.13932,1.95478],[-70.1417,1.95191],[-70.1417,1.94688],[-70.1379,1.93923],[-70.13767,1.93492],[-70.13884,1.93394],[-70.14649,1.93431],[-70.15289,1.93666],[-70.15849,1.93681],[-70.15993,1.93245],[-70.16354,1.93071],[-70.1634,1.92242],[-70.16861,1.91284],[-70.17038,1.8988],[-70.18068,1.88478],[-70.17928,1.87645],[-70.17584,1.87299],[-70.1775,1.87132],[-70.17646,1.86908],[-70.17298,1.86699],[-70.17065,1.8691],[-70.16803,1.86727],[-70.16457,1.86948],[-70.16213,1.86748],[-70.16005,1.86847],[-70.15814,1.8675],[-70.15514,1.86969],[-70.1489,1.8669],[-70.14164,1.85693],[-70.13555,1.85453],[-70.13545,1.8489],[-70.12858,1.84613],[-70.12781,1.84127],[-70.12547,1.8386],[-70.12177,1.83648],[-70.11466,1.83659],[-70.11088,1.83472],[-70.10967,1.83274],[-70.11155,1.83065],[-70.11079,1.82891],[-70.10872,1.82779],[-70.1069,1.82924],[-70.10596,1.82606],[-70.10109,1.8241],[-70.09775,1.82041],[-70.0949,1.80987],[-70.09287,1.80918],[-70.09298,1.81143],[-70.09158,1.81172],[-70.09126,1.80871],[-70.08842,1.80844],[-70.08825,1.80579],[-70.08498,1.80704],[-70.08455,1.80411],[-70.082,1.8037],[-70.0805,1.80031],[-70.07783,1.80203],[-70.07549,1.80009],[-70.07078,1.8024],[-70.06815,1.80119],[-70.06684,1.79898],[-70.06851,1.79621],[-70.06487,1.79316],[-70.06523,1.78931],[-70.06289,1.78913],[-70.06238,1.7866],[-70.05974,1.78678],[-70.05967,1.78241],[-70.05725,1.78197],[-70.05694,1.78012],[-70.05451,1.7808],[-70.05424,1.77665],[-70.05108,1.77404],[-70.04765,1.77292],[-70.04428,1.77372],[-70.04475,1.77184],[-70.04252,1.77181],[-70.0425,1.77021],[-70.0405,1.77158],[-70.03858,1.76972],[-70.03559,1.77037],[-70.03352,1.76819],[-70.02883,1.76945],[-70.02684,1.76711],[-70.02377,1.76707],[-70.02317,1.76285],[-70.01988,1.7628],[-70.01782,1.76099],[-70.01056,1.76349],[-70.01016,1.76109],[-70.00824,1.76086],[-70.00347,1.76315],[-70.00182,1.76011],[-69.99885,1.75977],[-69.99842,1.75721],[-69.99582,1.75586],[-69.99703,1.75381],[-69.9946,1.75137],[-69.99034,1.74931],[-69.9854,1.75021],[-69.98313,1.74786],[-69.97806,1.74764],[-69.97462,1.74197],[-69.9705,1.74302],[-69.96585,1.74691],[-69.96421,1.74382],[-69.96037,1.74622],[-69.95831,1.74454],[-69.95618,1.74553],[-69.95252,1.74431],[-69.95013,1.74797],[-69.94844,1.74675],[-69.94639,1.74781],[-69.94631,1.74603],[-69.94443,1.74691],[-69.94316,1.74561],[-69.94186,1.74763],[-69.94025,1.74544],[-69.93994,1.74753],[-69.93846,1.74441],[-69.93542,1.74624],[-69.93241,1.74485],[-69.93276,1.74706],[-69.93121,1.74792],[-69.92557,1.74617],[-69.92397,1.7496],[-69.92214,1.74776],[-69.92011,1.74862],[-69.92028,1.7463],[-69.91939,1.74707],[-69.91169,1.74204],[-69.90473,1.74193],[-69.89894,1.73999],[-69.89198,1.73522],[-69.88803,1.72919],[-69.8776,1.72724],[-69.87009,1.71828],[-69.86589,1.71863],[-69.8651,1.71649],[-69.86616,1.71366],[-69.86371,1.71363],[-69.8621,1.71649],[-69.8601,1.70846],[-69.85703,1.71193],[-69.85359,1.70757],[-69.85145,1.70771],[-69.84985,1.71015],[-69.84722,1.70903],[-69.84634,1.71326],[-69.84265,1.71491],[-69.83899,1.71888],[-69.83777,1.71617],[-69.83886,1.71473],[-69.83692,1.71383],[-69.83466,1.70922],[-69.83083,1.71025],[-69.83018,1.71189],[-69.82769,1.7117],[-69.82568,1.70913],[-69.82781,1.7073],[-69.82276,1.70534],[-69.82348,1.70284],[-69.82054,1.70273],[-69.81874,1.70483],[-69.82198,1.699],[-69.81821,1.69877],[-69.81638,1.70104],[-69.81566,1.69792],[-69.81328,1.69792],[-69.81518,1.69648],[-69.81404,1.69567],[-69.80854,1.6947],[-69.80655,1.69875],[-69.80223,1.7003],[-69.8019,1.7015],[-69.80454,1.70305],[-69.80398,1.70471],[-69.79725,1.69847],[-69.79008,1.70046],[-69.79045,1.6972],[-69.78916,1.69674],[-69.78541,1.6988],[-69.78726,1.6941],[-69.78402,1.69399],[-69.78236,1.69244],[-69.78021,1.69491],[-69.78153,1.69819],[-69.7791,1.69884],[-69.78116,1.6999],[-69.78055,1.70305],[-69.77311,1.7017],[-69.77246,1.70473],[-69.77579,1.70675],[-69.77181,1.70708],[-69.7695,1.71167],[-69.76502,1.71102],[-69.76263,1.7138],[-69.76444,1.71557],[-69.76173,1.7177],[-69.75772,1.71333],[-69.75544,1.71777],[-69.75378,1.71524],[-69.75172,1.71535],[-69.75273,1.71293],[-69.75049,1.71239],[-69.74818,1.71387],[-69.75063,1.71878],[-69.75403,1.71943],[-69.75067,1.72413],[-69.74789,1.72395],[-69.74749,1.72691],[-69.74503,1.72955],[-69.73694,1.72597],[-69.7356,1.72933],[-69.73835,1.73078],[-69.73184,1.73262],[-69.72628,1.73103],[-69.72292,1.73244],[-69.71984,1.73052],[-69.72096,1.73497],[-69.71843,1.73161],[-69.71547,1.73294],[-69.71197,1.73193],[-69.70409,1.73475],[-69.7,1.73345],[-69.69155,1.72752],[-69.68844,1.72962],[-69.68652,1.72713],[-69.68548,1.73081],[-69.67745,1.72987],[-69.67651,1.73302],[-69.67597,1.72796],[-69.67395,1.72474],[-69.67655,1.72193],[-69.66802,1.72406],[-69.66719,1.72839],[-69.66477,1.72929],[-69.65816,1.72207],[-69.65729,1.71911],[-69.65465,1.71766],[-69.64706,1.72366],[-69.64103,1.72362],[-69.64117,1.7251],[-69.64583,1.72727],[-69.64283,1.72995],[-69.63868,1.72998],[-69.64012,1.72655],[-69.63593,1.72265],[-69.63163,1.72438],[-69.62856,1.72305],[-69.6265,1.72655],[-69.62202,1.72716],[-69.62166,1.73002],[-69.62426,1.73002],[-69.62458,1.73172],[-69.6214,1.73601],[-69.61941,1.73551],[-69.61985,1.72976],[-69.61743,1.72915],[-69.61595,1.73572],[-69.61277,1.7358],[-69.61269,1.73872],[-69.61052,1.73854],[-69.6064,1.74194],[-69.60351,1.73963],[-69.60077,1.74237],[-69.60384,1.74718],[-69.60098,1.7471],[-69.59932,1.7488],[-69.59882,1.74595],[-69.59726,1.74573],[-69.59679,1.74985],[-69.58928,1.75346],[-69.58978,1.7583],[-69.58628,1.75584],[-69.58725,1.7523],[-69.58443,1.75324],[-69.58335,1.76007],[-69.57879,1.75501],[-69.57753,1.7553],[-69.57814,1.75798],[-69.57533,1.75639],[-69.57168,1.75949],[-69.57128,1.7561],[-69.56875,1.75931],[-69.56564,1.7587],[-69.56564,1.76047],[-69.56943,1.76224],[-69.56882,1.76379],[-69.56419,1.76451],[-69.56391,1.76112],[-69.56235,1.7639],[-69.55968,1.76469],[-69.56257,1.76795],[-69.5595,1.76946],[-69.55845,1.7721],[-69.55552,1.77087],[-69.55462,1.77322],[-69.55321,1.76928],[-69.55147,1.77094],[-69.55267,1.77242],[-69.55195,1.77456],[-69.54896,1.77322],[-69.54712,1.77585],[-69.53464,1.77691],[-69.53084,1.77004],[-69.53467,1.76367],[-69.52797,1.76338],[-69.52773,1.769],[-69.52243,1.76828],[-69.51992,1.76976],[-69.51964,1.76563],[-69.51771,1.7638],[-69.51655,1.76662],[-69.51766,1.77122],[-69.51351,1.7714],[-69.51274,1.77046],[-69.51414,1.76749],[-69.50973,1.76297],[-69.5127,1.76151],[-69.50786,1.75827],[-69.50574,1.75896],[-69.50616,1.76311],[-69.50469,1.76407],[-69.50115,1.75804],[-69.49627,1.76119],[-69.49365,1.75758],[-69.49056,1.75951],[-69.49192,1.75586],[-69.48664,1.75252],[-69.48291,1.75543],[-69.48398,1.75868],[-69.48237,1.75906],[-69.48097,1.75479],[-69.48227,1.75076],[-69.47892,1.74697],[-69.47656,1.74978],[-69.47478,1.74895],[-69.47673,1.74483],[-69.47609,1.74352],[-69.46994,1.74654],[-69.47084,1.75002],[-69.46743,1.75302],[-69.46654,1.75717],[-69.46189,1.75291],[-69.46473,1.7518],[-69.4652,1.74873],[-69.45526,1.75258],[-69.45458,1.7471],[-69.452,1.74575],[-69.44838,1.74633],[-69.44801,1.74315],[-69.44637,1.74237],[-69.44121,1.74324],[-69.44172,1.74801],[-69.43718,1.74947],[-69.43726,1.74459],[-69.43289,1.73866],[-69.43048,1.74465],[-69.42806,1.74336],[-69.42788,1.73937],[-69.42483,1.73966],[-69.42482,1.74532],[-69.4237,1.7458],[-69.42211,1.74353],[-69.42339,1.73889],[-69.42228,1.73713],[-69.42076,1.73724],[-69.4178,1.74147],[-69.41169,1.74111],[-69.40976,1.73934],[-69.40793,1.74105],[-69.40578,1.73662],[-69.4058,1.73135],[-69.39109,1.72935],[-68.73302,1.7295],[-68.1645,1.72945],[-68.16718,1.7334],[-68.16756,1.74148],[-68.1704,1.74338],[-68.17225,1.74356],[-68.17417,1.74168],[-68.17702,1.73324],[-68.17896,1.73247],[-68.1831,1.73393],[-68.18529,1.72972],[-68.18943,1.7352],[-68.19326,1.73749],[-68.18853,1.75086],[-68.18909,1.75672],[-68.18406,1.75762],[-68.18385,1.76224],[-68.17842,1.76411],[-68.17776,1.76607],[-68.18777,1.77263],[-68.19207,1.7797],[-68.19891,1.77929],[-68.20526,1.78253],[-68.20903,1.77995],[-68.21283,1.77284],[-68.22019,1.77129],[-68.2273,1.77441],[-68.2288,1.78023],[-68.23044,1.78098],[-68.23607,1.77758],[-68.23601,1.77169],[-68.23954,1.77044],[-68.24162,1.78092],[-68.24487,1.78364],[-68.24503,1.78602],[-68.23978,1.8002],[-68.23855,1.8082],[-68.23316,1.8134],[-68.23208,1.81941],[-68.22822,1.8222],[-68.22688,1.82918],[-68.23049,1.82784],[-68.23677,1.82128],[-68.24692,1.8247],[-68.25527,1.82314],[-68.25863,1.82385],[-68.27444,1.81909],[-68.27564,1.82027],[-68.27387,1.82791],[-68.27589,1.83142],[-68.2808,1.83415],[-68.28198,1.82833],[-68.28455,1.82836],[-68.28555,1.83084],[-68.28532,1.83646],[-68.27918,1.83908],[-68.27322,1.84482],[-68.27828,1.84741],[-68.28457,1.84404],[-68.28505,1.84625],[-68.27359,1.85279],[-68.27444,1.85814],[-68.27064,1.85844],[-68.27059,1.86218],[-68.26892,1.86261],[-68.26973,1.86619],[-68.26536,1.86606],[-68.26404,1.86774],[-68.26452,1.87],[-68.26104,1.87161],[-68.25999,1.87522],[-68.25366,1.87929],[-68.25228,1.88714],[-68.24859,1.89524],[-68.24932,1.89958],[-68.24719,1.90223],[-68.24634,1.9119],[-68.24791,1.91545],[-68.24523,1.91946],[-68.23864,1.92349],[-68.23671,1.92905],[-68.23227,1.93339],[-68.22962,1.9402],[-68.22095,1.95267],[-68.21382,1.95496],[-68.21227,1.95676],[-68.19991,2.00118],[-68.19741,2.01561],[-68.19783,2.03198],[-68.19583,2.03479],[-68.19313,2.03522],[-68.19053,2.03237],[-68.18728,1.99939],[-68.18392,1.98428],[-68.18034,1.9767],[-68.17625,1.97309],[-68.17364,1.97291],[-68.15153,1.98279],[-68.14417,1.97854],[-68.11834,1.94905],[-68.10451,1.91611],[-68.09726,1.90461],[-68.09043,1.89774],[-68.08426,1.89382],[-68.07694,1.89139],[-68.06342,1.89185],[-68.05766,1.89459],[-68.03352,1.89121],[-68.02201,1.88341],[-68.01296,1.87222],[-68.00613,1.86878],[-68.00522,1.86453],[-68.00196,1.85976],[-67.99085,1.85052],[-67.97982,1.84754],[-67.9597,1.84853],[-67.94591,1.84428],[-67.93888,1.8393],[-67.9298,1.82451],[-67.92563,1.82055],[-67.91192,1.81604],[-67.90451,1.81155],[-67.90162,1.81165],[-67.90127,1.82313],[-67.89797,1.83118],[-67.89035,1.86214],[-67.88303,1.87101],[-67.87231,1.87667],[-67.86844,1.88026],[-67.86156,1.89459],[-67.85785,1.89867],[-67.85231,1.9],[-67.84096,1.89873],[-67.83664,1.90233],[-67.83728,1.90811],[-67.83467,1.91625],[-67.83846,1.93021],[-67.83587,1.93846],[-67.83504,1.94713],[-67.82909,1.95328],[-67.82604,1.96138],[-67.82066,1.96333],[-67.81385,1.9726],[-67.78549,1.99258],[-67.76715,2.01103],[-67.75927,2.01445],[-67.74489,2.01559],[-67.74033,2.01909],[-67.73988,2.02484],[-67.73205,2.0285],[-67.72631,2.02908],[-67.71496,2.02699],[-67.68672,2.03241],[-67.65701,2.031],[-67.63935,2.02867],[-67.63286,2.03173],[-67.62161,2.02764],[-67.59829,2.0354],[-67.58122,2.0365],[-67.57058,2.04421],[-67.55609,2.04531],[-67.55095,2.04769],[-67.53902,2.06145],[-67.53389,2.07044],[-67.5271,2.08953],[-67.52691,2.10384],[-67.52483,2.11021],[-67.515,2.12603],[-67.50283,2.13151],[-67.49665,2.14467],[-67.49719,2.15673],[-67.49519,2.16312],[-67.48656,2.16688],[-67.46945,2.16804],[-67.45941,2.1702],[-67.44923,2.1696],[-67.44498,2.17496],[-67.44232,2.18495],[-67.44343,2.20547],[-67.44042,2.21537],[-67.4369,2.22127],[-67.41783,2.22872],[-67.39739,2.22973],[-67.3908,2.2278],[-67.37333,2.21703],[-67.36766,2.20851],[-67.36637,2.2053],[-67.3669,2.20189],[-67.37277,2.1934],[-67.37246,2.18996],[-67.36825,2.18454],[-67.37,2.1744],[-67.3681,2.17153],[-67.35106,2.15998],[-67.34955,2.15688],[-67.35269,2.14364],[-67.34824,2.13434],[-67.3479,2.12404],[-67.35218,2.11864],[-67.35849,2.1163],[-67.35689,2.1065],[-67.35898,2.09998],[-67.35801,2.09667],[-67.34769,2.08289],[-67.33078,2.0712],[-67.3283,2.06882],[-67.32672,2.06387],[-67.32566,2.05452],[-67.32723,2.04819],[-67.33207,2.0421],[-67.33818,2.03881],[-67.34254,2.03386],[-67.345,2.02738],[-67.34292,2.02204],[-67.34425,2.01765],[-67.35089,2.01213],[-67.35297,2.00527],[-67.34956,2.00317],[-67.34919,1.98887],[-67.34598,1.9738],[-67.34313,1.97151],[-67.32911,1.97113],[-67.33404,1.96274],[-67.33423,1.95835],[-67.3295,1.9513],[-67.33083,1.94157],[-67.31833,1.93394],[-67.30848,1.90858],[-67.30375,1.90324],[-67.29295,1.89752],[-67.28618,1.89054],[-67.28235,1.88588],[-67.27954,1.87846],[-67.25708,1.8627],[-67.25215,1.85658],[-67.24389,1.85517],[-67.23442,1.84963],[-67.23158,1.84372],[-67.22831,1.84127],[-67.20701,1.84906],[-67.19903,1.84906],[-67.16683,1.84012],[-67.15915,1.83626],[-67.15384,1.8315],[-67.15266,1.81723],[-67.15621,1.8098],[-67.15799,1.79672],[-67.15593,1.7875],[-67.14796,1.76996],[-67.14619,1.76223],[-67.14974,1.75242],[-67.15979,1.73519],[-67.16159,1.69268],[-67.15922,1.67504],[-67.15546,1.67125],[-67.15439,1.66314],[-67.14418,1.65096],[-67.13693,1.64582],[-67.13155,1.64392],[-67.12726,1.63986],[-67.12872,1.62755],[-67.13988,1.60989],[-67.14043,1.60353],[-67.13198,1.59304],[-67.12508,1.59231],[-67.1211,1.58875],[-67.11815,1.58171],[-67.11976,1.56765],[-67.12756,1.55359],[-67.12786,1.54304],[-67.11711,1.51498],[-67.10102,1.48522],[-67.08546,1.46362],[-67.0826,1.45441],[-67.08228,1.44202],[-67.08864,1.40677],[-67.08017,1.38546],[-67.08051,1.37767],[-67.08286,1.37296],[-67.08992,1.36893],[-67.10103,1.36624],[-67.11342,1.36109],[-67.12632,1.35229],[-67.13395,1.34407],[-67.13923,1.32882],[-67.13923,1.32002],[-67.13512,1.30007],[-67.12926,1.29068],[-67.1108,1.27192],[-67.09955,1.25829],[-67.09903,1.25486],[-67.10193,1.23693],[-67.09349,1.22243],[-67.09191,1.21531],[-67.08532,1.20133],[-67.08505,1.19632],[-67.08927,1.17681],[-67.08675,1.16704],[-66.85119,1.22896],[-66.85595,1.24328],[-66.86086,1.24926],[-66.87322,1.25946],[-66.87592,1.26349],[-66.88121,1.2866],[-66.87974,1.29377],[-66.87326,1.30508],[-66.87002,1.30816],[-66.86038,1.31256],[-66.85538,1.32138],[-66.85188,1.34161],[-66.85492,1.36976],[-66.86457,1.38286],[-66.86997,1.39519],[-66.89246,1.4042],[-66.90264,1.40989],[-66.91105,1.42358],[-66.91281,1.43342],[-66.91068,1.44953],[-66.91167,1.47175],[-66.90866,1.47963],[-66.90766,1.48774],[-66.90907,1.49705],[-66.91624,1.5134],[-66.91906,1.531],[-66.92994,1.54854],[-66.93267,1.55896],[-66.94386,1.57807],[-66.94793,1.58172],[-66.95736,1.58367],[-66.96394,1.59122],[-66.96484,1.59745],[-66.96087,1.60342],[-66.95968,1.63203],[-66.97138,1.6571],[-66.98556,1.6724],[-66.98792,1.67656],[-66.99185,1.70019],[-66.9979,1.71595],[-67.00349,1.72893],[-67.01296,1.7409],[-67.01448,1.75879],[-67.0213,1.77159],[-67.02937,1.77948],[-67.03307,1.78641],[-67.03765,1.80899],[-67.03539,1.84548],[-67.04687,1.85971],[-67.05857,1.89319],[-67.06062,1.90818],[-67.06532,1.92057],[-67.08721,1.94363],[-67.09128,1.95097],[-67.10357,1.9583],[-67.10602,1.96408],[-67.11322,1.97419],[-67.123,1.97689],[-67.12098,1.99614],[-67.11603,2.00562],[-67.11455,2.02149],[-67.10818,2.02961],[-67.10618,2.03612],[-67.09716,2.05129],[-67.09769,2.06875],[-67.10825,2.09966],[-67.10664,2.11218],[-67.10802,2.1193],[-67.11553,2.13457],[-67.12173,2.13699],[-67.12666,2.13725],[-67.13184,2.13534],[-67.1476,2.12562],[-67.15378,2.12637],[-67.16158,2.13284],[-67.16584,2.14041],[-67.17517,2.15088],[-67.19073,2.17754],[-67.19376,2.18536],[-67.19678,2.2012],[-67.20126,2.21055],[-67.20537,2.21523],[-67.20913,2.2242],[-67.20966,2.2337],[-67.22197,2.25425],[-67.22051,2.26366],[-67.21589,2.26868],[-67.21399,2.2807],[-67.21468,2.28788],[-67.21841,2.29367],[-67.21739,2.3027],[-67.21366,2.30963],[-67.19683,2.32272],[-67.19063,2.33518],[-67.18614,2.34052],[-67.1879,2.35031],[-67.20319,2.36654],[-67.21285,2.38034],[-67.215,2.39045],[-67.22176,2.3986],[-67.23939,2.40865],[-67.25266,2.41966],[-67.25676,2.42609],[-67.26056,2.42914],[-67.26821,2.43048],[-67.27655,2.42966],[-67.28142,2.43208],[-67.28774,2.43819],[-67.29709,2.44195],[-67.30101,2.44888],[-67.30272,2.45652],[-67.31337,2.46314],[-67.31531,2.47471],[-67.32059,2.48049],[-67.32729,2.4847],[-67.33447,2.49574],[-67.33655,2.50063],[-67.33515,2.50928],[-67.33825,2.51672],[-67.34254,2.52251],[-67.3519,2.52951],[-67.36551,2.52921],[-67.3689,2.53078],[-67.37383,2.53995],[-67.38407,2.54511],[-67.38685,2.55573],[-67.38647,2.56304],[-67.39205,2.57347],[-67.4106,2.57919],[-67.41486,2.5828],[-67.4201,2.58481],[-67.42183,2.58624],[-67.42262,2.59117],[-67.43046,2.59658],[-67.43918,2.60873],[-67.4498,2.61866],[-67.45681,2.62051],[-67.46491,2.61841],[-67.46763,2.61943],[-67.47053,2.6242],[-67.47438,2.63768],[-67.48172,2.65483],[-67.49013,2.66312],[-67.49729,2.66641],[-67.50763,2.66695],[-67.52319,2.67338],[-67.53894,2.6683],[-67.54817,2.66176],[-67.55279,2.65445],[-67.55922,2.65365],[-67.56326,2.6569],[-67.56915,2.66782],[-67.5698,2.67618],[-67.56827,2.68854],[-67.56529,2.69681],[-67.56596,2.7049],[-67.56318,2.7231],[-67.56493,2.72738],[-67.58431,2.74394],[-67.58595,2.75812],[-67.58348,2.77166],[-67.58619,2.77911],[-67.602,2.79743],[-67.61034,2.80411],[-67.6123,2.81015],[-67.61439,2.81155],[-67.62141,2.81384],[-67.63791,2.80956],[-67.64285,2.80632],[-67.64981,2.79717],[-67.65575,2.79583],[-67.67036,2.80063],[-67.6856,2.80229],[-67.73557,2.81693],[-67.73816,2.82291],[-67.73752,2.82705],[-67.73563,2.82825],[-67.73474,2.83118],[-67.73607,2.83563],[-67.73992,2.8378],[-67.75042,2.83754],[-67.76364,2.83182],[-67.78256,2.82668],[-67.79413,2.82706],[-67.81089,2.83215],[-67.81538,2.83126],[-67.82234,2.8272],[-67.82658,2.82198],[-67.83265,2.81047],[-67.83265,2.80462],[-67.83575,2.80163],[-67.83462,2.79731],[-67.83715,2.79426],[-67.84177,2.79141],[-67.85269,2.79168],[-67.85703,2.78838],[-67.8641,2.78944],[-67.86433,2.86623],[-67.51652,3.17464],[-67.43485,3.24847],[-67.40466,3.24844],[-67.38272,3.24554],[-67.38072,3.25158],[-67.38413,3.26084],[-67.38429,3.26496],[-67.38112,3.28178],[-67.3816,3.29258],[-67.37522,3.30105],[-67.37009,3.30461],[-67.35663,3.30936],[-67.35331,3.31271],[-67.35188,3.31667],[-67.3364,3.33174],[-67.33323,3.34189],[-67.32501,3.35664],[-67.32614,3.36158],[-67.32504,3.36395],[-67.31383,3.37237],[-67.31078,3.37789],[-67.31244,3.3816],[-67.31301,3.39456],[-67.32039,3.4098],[-67.32906,3.42264],[-67.33269,3.4371],[-67.33915,3.45102],[-67.34386,3.45383],[-67.35667,3.45775],[-67.36977,3.46696],[-67.38098,3.47028],[-67.39456,3.47158],[-67.40147,3.48],[-67.40742,3.5014],[-67.40764,3.51729],[-67.41204,3.53888],[-67.43067,3.56225],[-67.43129,3.57507],[-67.4332,3.57791],[-67.44407,3.58524],[-67.44884,3.61148],[-67.44455,3.61561],[-67.43916,3.63225],[-67.44088,3.64077],[-67.45303,3.65506],[-67.45334,3.65887],[-67.44863,3.66839],[-67.44796,3.67648],[-67.44922,3.67918],[-67.45443,3.68268],[-67.46359,3.683],[-67.46596,3.68475],[-67.47132,3.69523],[-67.47921,3.70475],[-67.48284,3.7119],[-67.48363,3.7184],[-67.48599,3.7238],[-67.48535,3.73634],[-67.48661,3.74268],[-67.50129,3.76745],[-67.51613,3.77523],[-67.51913,3.77524],[-67.52482,3.77365],[-67.53731,3.75843],[-67.54458,3.75542],[-67.55611,3.75717],[-67.59434,3.75132],[-67.60682,3.75212],[-67.61014,3.75387],[-67.61244,3.75719],[-67.62648,3.77974],[-67.62709,3.7827],[-67.63443,3.78555],[-67.63697,3.7972],[-67.64423,3.81292],[-67.6443,3.85253],[-67.66047,3.88243],[-67.66185,3.89194],[-67.66444,3.89834],[-67.6746,3.90974],[-67.67973,3.91259],[-67.68225,3.91815],[-67.68367,3.92656],[-67.68715,3.93021],[-67.68999,3.93672],[-67.69093,3.95243],[-67.69472,3.96243],[-67.6974,3.97703],[-67.69801,4.01083],[-67.6999,4.02575],[-67.70337,4.03956],[-67.70958,4.04739],[-67.71818,4.03604],[-67.75073,4.02243],[-67.77825,4.00675],[-67.79738,3.99458],[-67.8151,3.97894],[-67.83261,3.96836],[-67.85716,3.93441],[-67.8714,3.92276],[-67.88308,3.91489],[-67.91319,3.90704],[-67.91741,3.90992],[-67.92101,3.93424],[-67.92754,3.95376],[-67.93458,3.96147],[-67.94436,3.96404],[-67.96462,3.96301],[-67.9756,3.96575],[-67.98144,3.96917],[-67.98487,3.97431],[-67.9914,3.97996],[-67.99775,3.97979],[-68.00667,3.97551],[-68.0156,3.9738],[-68.02573,3.97739],[-68.02968,3.9815],[-68.03019,3.98698],[-68.02607,4.0012],[-68.0283,4.00651],[-68.03328,4.01062],[-68.03877,4.01079],[-68.0453,4.0089],[-68.04942,4.0024],[-68.05749,3.97309],[-68.07194,3.94093],[-68.07494,3.93715],[-68.0772,3.93674],[-68.08073,3.93743],[-68.08375,3.94263],[-68.08186,3.94743],[-68.07414,3.95393],[-68.07087,3.96147],[-68.06984,3.97072],[-68.07362,3.97774],[-68.08177,3.98073],[-68.09058,3.98083],[-68.09452,3.97958],[-68.09774,3.97589],[-68.10366,3.95085],[-68.1071,3.94623],[-68.11276,3.94195],[-68.1198,3.9392],[-68.13061,3.94434],[-68.13405,3.94862],[-68.1349,3.9541],[-68.1337,3.95873],[-68.12254,3.97209],[-68.12048,3.9851],[-68.12203,3.99212],[-68.12684,3.9964],[-68.13422,3.99811],[-68.14057,3.99863],[-68.14864,3.99623],[-68.16409,3.98767],[-68.17713,3.98527],[-68.18297,3.98544],[-68.18949,3.98767],[-68.19447,3.99058],[-68.19705,3.99418],[-68.20494,3.99537],[-68.20614,3.99281],[-68.19808,3.97979],[-68.19825,3.97346],[-68.19979,3.96695],[-68.20889,3.96113],[-68.21988,3.96352],[-68.22777,3.96832],[-68.24254,3.97414],[-68.25472,3.97637],[-68.27103,3.97551],[-68.28648,3.97774],[-68.30451,3.9738],[-68.31257,3.97705],[-68.33626,3.99298],[-68.34261,3.99246],[-68.34673,3.98921],[-68.34897,3.98322],[-68.34656,3.97431],[-68.35309,3.9565],[-68.35343,3.94965],[-68.35103,3.94349],[-68.34502,3.93801],[-68.34296,3.93407],[-68.34382,3.92824],[-68.34673,3.92345],[-68.3524,3.92105],[-68.36236,3.92054],[-68.37025,3.91386],[-68.37574,3.91163],[-68.38381,3.91215],[-68.39205,3.9154],[-68.40493,3.92396],[-68.4166,3.92602],[-68.42347,3.92465],[-68.4293,3.92157],[-68.4372,3.91026],[-68.43583,3.90204],[-68.43205,3.89759],[-68.39772,3.87721],[-68.39325,3.87293],[-68.38896,3.86299],[-68.38965,3.85648],[-68.39222,3.85186],[-68.39583,3.84946],[-68.40596,3.84809],[-68.40973,3.85066],[-68.43068,3.88063],[-68.4384,3.88457],[-68.44355,3.88457],[-68.4499,3.87704],[-68.4499,3.87138],[-68.44166,3.85871],[-68.43857,3.85015],[-68.43909,3.84364],[-68.44201,3.8397],[-68.44939,3.83645],[-68.45334,3.83816],[-68.46055,3.84655],[-68.4657,3.85015],[-68.4717,3.85203],[-68.48012,3.85066],[-68.50398,3.83216],[-68.51342,3.82172],[-68.51531,3.81658],[-68.51342,3.8075],[-68.5038,3.79671],[-68.50157,3.79088],[-68.50174,3.78489],[-68.50913,3.77821],[-68.51496,3.77872],[-68.52646,3.7854],[-68.54689,3.81024],[-68.55462,3.8176],[-68.5608,3.81949],[-68.5668,3.81915],[-68.57247,3.81606],[-68.57487,3.8087],[-68.57264,3.80082],[-68.56698,3.79431],[-68.55582,3.7854],[-68.54861,3.77598],[-68.54741,3.76468],[-68.55067,3.76279],[-68.55479,3.76502],[-68.56217,3.78095],[-68.56989,3.78814],[-68.5759,3.7902],[-68.58002,3.78986],[-68.58517,3.77667],[-68.58981,3.77701],[-68.59787,3.78369],[-68.60371,3.78455],[-68.62757,3.77221],[-68.63204,3.77358],[-68.64251,3.78249],[-68.65006,3.79859],[-68.65624,3.8063],[-68.66379,3.80955],[-68.67066,3.81058],[-68.67735,3.80938],[-68.68216,3.8027],[-68.68113,3.79431],[-68.6765,3.78951],[-68.65847,3.78386],[-68.64783,3.77735],[-68.64474,3.77358],[-68.64388,3.76896],[-68.64508,3.76296],[-68.64886,3.76074],[-68.65246,3.76125],[-68.66843,3.77701],[-68.6777,3.77581],[-68.69641,3.76896],[-68.7146,3.76776],[-68.7213,3.7681],[-68.72988,3.77067],[-68.74671,3.78266],[-68.75306,3.78301],[-68.75752,3.78129],[-68.76645,3.77478],[-68.76833,3.76588],[-68.76919,3.74618],[-68.77297,3.73658],[-68.77932,3.72939],[-68.79683,3.71997],[-68.80627,3.71791],[-68.81245,3.72065],[-68.81915,3.72494],[-68.82756,3.73744],[-68.8346,3.74155],[-68.84129,3.74327],[-68.84524,3.74275],[-68.85142,3.73898],[-68.85451,3.73384],[-68.85434,3.72665],[-68.85142,3.71774],[-68.8406,3.70387],[-68.83425,3.68948],[-68.82773,3.67954],[-68.82876,3.6708],[-68.83116,3.66858],[-68.83477,3.66858],[-68.83837,3.67115],[-68.84352,3.68742],[-68.85159,3.7013],[-68.85563,3.70423],[-68.8632,3.70635],[-68.87129,3.70716],[-68.88012,3.70416],[-68.89107,3.6941],[-68.89519,3.68794],[-68.90343,3.68331],[-68.91579,3.68177],[-68.92249,3.68571],[-68.92812,3.69057],[-68.93035,3.69914],[-68.92451,3.72449],[-68.92606,3.73409],[-68.93433,3.74224],[-68.94271,3.74094],[-68.94666,3.73683],[-68.94837,3.73254],[-68.94669,3.72751],[-68.93879,3.71534],[-68.93447,3.69863],[-68.93584,3.69126],[-68.94034,3.68211],[-68.94446,3.67903],[-68.95356,3.67766],[-68.96008,3.68143],[-68.97018,3.69246],[-68.9779,3.69589],[-68.99421,3.69349],[-69.01158,3.68108],[-69.02425,3.66916],[-69.0318,3.66454],[-69.04454,3.64271],[-69.05776,3.63706],[-69.0617,3.63894],[-69.06888,3.6522],[-69.07506,3.65597],[-69.0799,3.6547],[-69.08368,3.64973],[-69.08436,3.64271],[-69.08951,3.63688],[-69.09432,3.63637],[-69.09998,3.63911],[-69.10737,3.65076],[-69.10874,3.66567],[-69.11149,3.67183],[-69.11784,3.67629],[-69.12453,3.6744],[-69.12831,3.67149],[-69.14341,3.65008],[-69.16333,3.635],[-69.1738,3.63106],[-69.18461,3.63243],[-69.18753,3.63483],[-69.18822,3.64048],[-69.16985,3.65556],[-69.16762,3.66241],[-69.16951,3.67303],[-69.17534,3.67663],[-69.18616,3.66858],[-69.19423,3.66635],[-69.19955,3.66841],[-69.20315,3.67749],[-69.19749,3.68931],[-69.19714,3.69599],[-69.20092,3.70181],[-69.20659,3.70301],[-69.21053,3.70147],[-69.21414,3.69787],[-69.22032,3.67903],[-69.22392,3.67509],[-69.22856,3.67218],[-69.23371,3.67389],[-69.24023,3.6804],[-69.24023,3.70095],[-69.24624,3.71329],[-69.24679,3.71828],[-69.2547,3.72138],[-69.28242,3.72545],[-69.28777,3.72325],[-69.28886,3.71978],[-69.28812,3.71248],[-69.28184,3.704],[-69.27211,3.69608],[-69.26901,3.6865],[-69.26918,3.67865],[-69.27325,3.6666],[-69.28204,3.65244],[-69.28722,3.64696],[-69.29384,3.64412],[-69.3012,3.64456],[-69.30402,3.64666],[-69.30639,3.6535],[-69.30387,3.66719],[-69.29118,3.69203],[-69.29056,3.7029],[-69.29539,3.7111],[-69.30003,3.71511],[-69.30402,3.71657],[-69.31002,3.71492],[-69.31428,3.71108],[-69.31582,3.7024],[-69.32216,3.69519],[-69.33206,3.69152],[-69.35169,3.67969],[-69.35662,3.67612],[-69.36263,3.66669],[-69.37018,3.66481],[-69.37481,3.66601],[-69.37705,3.66995],[-69.3779,3.67646],[-69.38099,3.68417],[-69.38683,3.68417],[-69.39112,3.68331],[-69.39593,3.67868],[-69.39953,3.66292],[-69.40606,3.66053],[-69.41309,3.66104],[-69.41927,3.66327],[-69.42734,3.67526],[-69.43747,3.70078],[-69.45326,3.70952],[-69.45979,3.70935],[-69.467,3.70472],[-69.47918,3.69307],[-69.48725,3.67183],[-69.48605,3.65916],[-69.48691,3.65539],[-69.48931,3.65179],[-69.49257,3.65008],[-69.49549,3.65042],[-69.49772,3.65247],[-69.49635,3.66087],[-69.49721,3.67063],[-69.5003,3.67526],[-69.50476,3.67766],[-69.51008,3.678],[-69.53583,3.67423],[-69.58098,3.68382],[-69.59025,3.68177],[-69.59488,3.67509],[-69.59351,3.67218],[-69.58991,3.67218],[-69.57909,3.67766],[-69.57463,3.67749],[-69.57119,3.67526],[-69.56931,3.67063],[-69.57051,3.66601],[-69.57463,3.6643],[-69.58115,3.65676],[-69.58235,3.65059],[-69.58167,3.64151],[-69.57634,3.62918],[-69.57549,3.60622],[-69.58527,3.58309],[-69.58682,3.57555],[-69.59076,3.56836],[-69.59334,3.56887],[-69.60364,3.59405],[-69.60793,3.59628],[-69.61617,3.59337],[-69.6184,3.59046],[-69.62115,3.57538],[-69.62407,3.57093],[-69.62801,3.56887],[-69.63746,3.56956],[-69.64913,3.58035],[-69.65994,3.586],[-69.67127,3.58086],[-69.67848,3.55928],[-69.69342,3.5394],[-69.69685,3.53906],[-69.69908,3.54111],[-69.70097,3.55842],[-69.70509,3.5723],[-69.71299,3.58086],[-69.72792,3.59183],[-69.73942,3.59149],[-69.74251,3.58806],[-69.74371,3.58292],[-69.74217,3.57675],[-69.73874,3.57264],[-69.72929,3.57213],[-69.71848,3.56818],[-69.71488,3.56167],[-69.7123,3.55276],[-69.7147,3.5466],[-69.72775,3.5418],[-69.73599,3.54506],[-69.74698,3.55619],[-69.75401,3.55962],[-69.77273,3.5651],[-69.78302,3.56253],[-69.78835,3.55225],[-69.78852,3.5442],[-69.78543,3.52604],[-69.78766,3.51696],[-69.79916,3.50719],[-69.80551,3.50633],[-69.80998,3.50788],[-69.81289,3.51113],[-69.81495,3.51713],[-69.81513,3.52415],[-69.81238,3.52844],[-69.81118,3.53512],[-69.81221,3.54557],[-69.81993,3.55739],[-69.8304,3.55739],[-69.83538,3.55585],[-69.84053,3.55208],[-69.84328,3.54797],[-69.84465,3.53666],[-69.84208,3.52741],[-69.83675,3.51559],[-69.82766,3.50154],[-69.81478,3.48749],[-69.81324,3.48389],[-69.81375,3.47943],[-69.81633,3.47635],[-69.82045,3.47566],[-69.83538,3.48046],[-69.84396,3.48457],[-69.85117,3.49091],[-69.85872,3.50394],[-69.86471,3.52368],[-69.87149,3.53593],[-69.88213,3.54047],[-69.88642,3.5397],[-69.89432,3.53508],[-69.89767,3.52968],[-69.89544,3.51846],[-69.89175,3.51434],[-69.88454,3.51143],[-69.87055,3.48839],[-69.86205,3.48385],[-69.85982,3.47999],[-69.86076,3.47605],[-69.87037,3.46645],[-69.87123,3.45746],[-69.86934,3.44641],[-69.87012,3.43827],[-69.87458,3.43184],[-69.88496,3.42593],[-69.90102,3.42353],[-69.90428,3.42704],[-69.90668,3.43612],[-69.91475,3.44461],[-69.94462,3.45874],[-69.95578,3.45874],[-69.95998,3.45617],[-69.96264,3.45069],[-69.96359,3.44623],[-69.96256,3.43921],[-69.94033,3.41822],[-69.93852,3.41248],[-69.93912,3.39971],[-69.94127,3.39611],[-69.94659,3.39277],[-69.96908,3.38849],[-69.9762,3.38575],[-69.99594,3.37298],[-70.0047,3.37169],[-70.01054,3.37384],[-70.01466,3.37778],[-70.0162,3.38198],[-70.01414,3.39963],[-70.01483,3.40622],[-70.02135,3.41428],[-70.03071,3.41813],[-70.03697,3.41753],[-70.04744,3.40211],[-70.05809,3.39346],[-70.07834,3.38677],[-70.10881,3.383],[-70.11239,3.38566],[-70.11359,3.38926],[-70.11325,3.39766],[-70.11514,3.4028],[-70.11874,3.40365],[-70.12561,3.40023],[-70.13041,3.39474],[-70.12681,3.37915],[-70.12801,3.37024],[-70.13076,3.36544],[-70.13642,3.36218],[-70.16938,3.35362],[-70.1723,3.3495],[-70.17075,3.3447],[-70.16389,3.33819],[-70.15874,3.33031],[-70.14998,3.3238],[-70.14277,3.32054],[-70.12011,3.3034],[-70.11514,3.30152],[-70.10999,3.29621],[-70.1081,3.28901],[-70.11033,3.28181],[-70.11496,3.27872],[-70.11874,3.27924],[-70.12544,3.28815],[-70.13076,3.29278],[-70.14037,3.29398],[-70.14844,3.29089],[-70.15359,3.28507],[-70.15736,3.2741],[-70.15736,3.26313],[-70.15273,3.25405],[-70.13711,3.24993],[-70.13196,3.24531],[-70.12904,3.23571],[-70.12715,3.22165],[-70.12629,3.20777],[-70.12904,3.19886],[-70.13694,3.19115],[-70.14895,3.19132],[-70.15136,3.19663],[-70.15084,3.2124],[-70.15256,3.22028],[-70.15599,3.22731],[-70.16131,3.23331],[-70.16766,3.23588],[-70.17522,3.23536],[-70.18002,3.23057],[-70.18071,3.22371],[-70.17728,3.216],[-70.16681,3.20589],[-70.15891,3.19646],[-70.157,3.19213],[-70.15908,3.18703],[-70.16509,3.18052],[-70.1792,3.17151],[-70.19084,3.17212],[-70.19564,3.17606],[-70.19805,3.18189],[-70.19976,3.19612],[-70.20285,3.20211],[-70.20835,3.20674],[-70.21418,3.2076],[-70.21985,3.20331],[-70.22139,3.19817],[-70.21779,3.19337],[-70.20921,3.18789],[-70.20543,3.17966],[-70.2068,3.17212],[-70.21092,3.16732],[-70.21607,3.16749],[-70.21985,3.16989],[-70.22757,3.18206],[-70.23427,3.18326],[-70.24045,3.18155],[-70.24714,3.17658],[-70.25006,3.17126],[-70.25006,3.16492],[-70.24749,3.15858],[-70.24697,3.15275],[-70.25109,3.14692],[-70.27959,3.1327],[-70.28542,3.12516],[-70.28697,3.12121],[-70.27794,3.10543],[-70.27802,3.09712],[-70.28137,3.09009],[-70.29562,3.08966],[-70.30626,3.0912],[-70.31605,3.08855],[-70.32111,3.08221],[-70.3181,3.07321],[-70.31244,3.06952],[-70.2969,3.07192],[-70.28163,3.07089],[-70.27141,3.06369],[-70.25399,3.04458],[-70.25605,3.03567],[-70.263,3.03224],[-70.27244,3.02984],[-70.29553,3.03558],[-70.3018,3.03378],[-70.30197,3.02907],[-70.29596,3.01861],[-70.28884,3.01141],[-70.28094,2.98732],[-70.27819,2.95938],[-70.27802,2.93367],[-70.29253,2.93229],[-70.31313,2.91858],[-70.32171,2.91446],[-70.33561,2.91455],[-70.346,2.91746],[-70.35347,2.91481],[-70.35596,2.91001],[-70.35596,2.90401],[-70.34875,2.88318],[-70.34754,2.87375],[-70.35166,2.85789],[-70.35544,2.85292],[-70.36342,2.85052],[-70.37304,2.85],[-70.39741,2.83363],[-70.41012,2.82814],[-70.43552,2.82351],[-70.48642,2.81091],[-70.4932,2.81305],[-70.49766,2.80714],[-70.49611,2.78742],[-70.49732,2.78588],[-70.50256,2.78493],[-70.50676,2.78648]]]}},{"type":"Feature","properties":{"shapeName":"Bogota Capital District","shapeISO":"CO-DC","shapeID":"13589884B40908771570386","shapeGroup":"COL","shapeType":"ADM1"},"geometry":{"type":"Polygon","coordinates":[[[-74.14384,4.00316],[-74.13834,4.01373],[-74.13996,4.02047],[-74.13932,4.02522],[-74.13127,4.03925],[-74.1253,4.0562],[-74.12547,4.06514],[-74.1315,4.07648],[-74.13207,4.08242],[-74.12985,4.08969],[-74.12634,4.09448],[-74.1213,4.09824],[-74.1296,4.10449],[-74.13071,4.11366],[-74.12843,4.12459],[-74.10811,4.13429],[-74.10655,4.13797],[-74.114,4.15503],[-74.10919,4.16959],[-74.11102,4.17894],[-74.1093,4.18235],[-74.12012,4.18207],[-74.12359,4.18692],[-74.12618,4.19459],[-74.13425,4.20316],[-74.13623,4.20812],[-74.13466,4.22123],[-74.13534,4.22951],[-74.14344,4.23847],[-74.15034,4.25021],[-74.15127,4.25435],[-74.12754,4.3028],[-74.12161,4.30963],[-74.11513,4.3131],[-74.11455,4.31888],[-74.10619,4.3306],[-74.09812,4.35056],[-74.09567,4.36995],[-74.10129,4.37689],[-74.11354,4.38528],[-74.11398,4.38687],[-74.11484,4.40351],[-74.11239,4.43258],[-74.10821,4.44517],[-74.10086,4.45356],[-74.08602,4.46122],[-74.07822,4.46268],[-74.07582,4.46527],[-74.07268,4.49991],[-74.07304,4.51081],[-74.06049,4.51105],[-74.05567,4.50863],[-74.0506,4.51154],[-74.04481,4.51226],[-74.04082,4.5165],[-74.03841,4.53019],[-74.03081,4.54399],[-74.02924,4.5498],[-74.0296,4.5578],[-74.0261,4.55925],[-74.01488,4.55949],[-74.00607,4.56203],[-74.00462,4.58056],[-74.00075,4.59546],[-73.99742,4.6021],[-73.99924,4.60697],[-73.99632,4.61711],[-74.0011,4.61741],[-74.00493,4.62383],[-74.0108,4.62685],[-74.01513,4.63581],[-74.03303,4.63601],[-74.03144,4.64472],[-74.02669,4.65393],[-74.02559,4.66107],[-74.02278,4.66285],[-74.01749,4.66174],[-74.01045,4.66327],[-74.00724,4.6662],[-74.00318,4.67464],[-74.00318,4.67809],[-74.01058,4.68419],[-74.01128,4.69089],[-74.01422,4.69719],[-74.00865,4.71863],[-74.00723,4.74139],[-74.00957,4.7567],[-74.01732,4.75965],[-74.01813,4.76684],[-74.01614,4.77674],[-74.01583,4.79289],[-74.01289,4.79665],[-74.00003,4.80336],[-73.99973,4.8059],[-74.0052,4.81067],[-74.00459,4.81652],[-74.01074,4.82114],[-74.0308,4.82312],[-74.0356,4.82831],[-74.04151,4.82978],[-74.04447,4.83249],[-74.0463,4.83011],[-74.05038,4.83093],[-74.05331,4.83324],[-74.05585,4.82915],[-74.05996,4.82898],[-74.06058,4.8276],[-74.06303,4.83574],[-74.06427,4.83049],[-74.06588,4.83564],[-74.0675,4.83262],[-74.06694,4.82814],[-74.07073,4.82857],[-74.07182,4.83463],[-74.07543,4.83701],[-74.08675,4.83215],[-74.08096,4.82608],[-74.07912,4.82219],[-74.08182,4.81639],[-74.08319,4.82232],[-74.08663,4.82095],[-74.0872,4.81617],[-74.08276,4.81406],[-74.08487,4.81223],[-74.07959,4.80966],[-74.08859,4.80321],[-74.08686,4.80205],[-74.08907,4.80138],[-74.08845,4.7983],[-74.0915,4.79682],[-74.08738,4.797],[-74.0873,4.79596],[-74.09367,4.79083],[-74.09555,4.79454],[-74.09576,4.79923],[-74.10062,4.79919],[-74.10312,4.79479],[-74.10242,4.79712],[-74.10507,4.79712],[-74.10798,4.78869],[-74.11154,4.78712],[-74.11231,4.78959],[-74.10985,4.79012],[-74.11217,4.79058],[-74.11384,4.78834],[-74.11425,4.78641],[-74.11195,4.78469],[-74.11472,4.78566],[-74.11429,4.78204],[-74.11719,4.78081],[-74.11474,4.78102],[-74.11424,4.77984],[-74.11715,4.77746],[-74.11384,4.77834],[-74.11652,4.77221],[-74.11416,4.77187],[-74.11813,4.76715],[-74.11534,4.76762],[-74.11655,4.76202],[-74.12131,4.75993],[-74.12029,4.75418],[-74.12547,4.75366],[-74.12242,4.74731],[-74.12396,4.74992],[-74.1272,4.75067],[-74.12756,4.74934],[-74.12586,4.74941],[-74.12531,4.74736],[-74.13019,4.74577],[-74.13194,4.74062],[-74.12911,4.73732],[-74.12642,4.73694],[-74.12841,4.73579],[-74.12616,4.7293],[-74.1289,4.72666],[-74.13028,4.73093],[-74.13526,4.72815],[-74.13732,4.7308],[-74.14916,4.72541],[-74.15118,4.72268],[-74.15658,4.72348],[-74.15672,4.72541],[-74.1583,4.72533],[-74.16045,4.72011],[-74.16929,4.71528],[-74.17221,4.71147],[-74.17066,4.70913],[-74.1706,4.70527],[-74.17691,4.703],[-74.17447,4.70066],[-74.16914,4.70083],[-74.17206,4.69677],[-74.17227,4.69398],[-74.17026,4.69005],[-74.16749,4.68828],[-74.17372,4.68239],[-74.17481,4.67653],[-74.17181,4.67465],[-74.16981,4.66897],[-74.16039,4.66686],[-74.1611,4.66497],[-74.15851,4.66268],[-74.1624,4.66321],[-74.16321,4.65889],[-74.1666,4.65963],[-74.16791,4.65622],[-74.17208,4.65725],[-74.18018,4.65256],[-74.18533,4.64682],[-74.18367,4.65253],[-74.18729,4.65172],[-74.19343,4.65497],[-74.19575,4.65138],[-74.20271,4.64675],[-74.20321,4.64562],[-74.20077,4.64403],[-74.20691,4.64648],[-74.20537,4.64237],[-74.20617,4.64118],[-74.21358,4.6404],[-74.2165,4.64489],[-74.2215,4.64368],[-74.21558,4.63957],[-74.21486,4.63755],[-74.21775,4.63465],[-74.21609,4.63016],[-74.2224,4.62953],[-74.22369,4.62516],[-74.22059,4.62298],[-74.22112,4.62129],[-74.22264,4.62116],[-74.22076,4.61981],[-74.22174,4.61865],[-74.22001,4.61887],[-74.21975,4.61734],[-74.21839,4.61802],[-74.21818,4.61604],[-74.20421,4.59961],[-74.20403,4.6008],[-74.18354,4.59623],[-74.17967,4.57839],[-74.17853,4.57869],[-74.17555,4.57542],[-74.18009,4.55667],[-74.17977,4.55005],[-74.17789,4.54564],[-74.17977,4.5324],[-74.17945,4.52342],[-74.17066,4.52169],[-74.16328,4.51444],[-74.15998,4.50782],[-74.16061,4.5031],[-74.17003,4.47883],[-74.1796,4.47001],[-74.18525,4.46244],[-74.18745,4.45267],[-74.19498,4.4355],[-74.19514,4.42951],[-74.19938,4.42667],[-74.20314,4.42037],[-74.20973,4.40461],[-74.21209,4.38838],[-74.21648,4.38397],[-74.21789,4.3783],[-74.21726,4.37231],[-74.21914,4.36286],[-74.22029,4.33958],[-74.21474,4.3085],[-74.21646,4.28581],[-74.20469,4.26911],[-74.20594,4.25981],[-74.20374,4.24153],[-74.20453,4.24043],[-74.2097,4.24106],[-74.21827,4.23446],[-74.22092,4.22516],[-74.22512,4.22193],[-74.22808,4.22259],[-74.23169,4.21705],[-74.23569,4.20017],[-74.23786,4.19627],[-74.24359,4.19822],[-74.24476,4.1913],[-74.24063,4.18684],[-74.24092,4.1699],[-74.2448,4.14286],[-74.24356,4.13796],[-74.24665,4.12585],[-74.24869,4.12472],[-74.24797,4.11797],[-74.25291,4.10457],[-74.25657,4.08905],[-74.26561,4.09144],[-74.27,4.09904],[-74.29623,4.10381],[-74.31653,4.1242],[-74.32867,4.12975],[-74.33421,4.11075],[-74.33983,4.10396],[-74.34536,4.08997],[-74.34973,4.07126],[-74.35124,4.05569],[-74.35367,4.05195],[-74.3586,4.04867],[-74.36468,4.03896],[-74.365,4.0326],[-74.36186,4.01145],[-74.37406,3.98609],[-74.36172,3.97856],[-74.35627,3.9703],[-74.35518,3.93945],[-74.36007,3.91361],[-74.36511,3.89691],[-74.37032,3.88932],[-74.37282,3.88091],[-74.38113,3.87222],[-74.38417,3.86587],[-74.38847,3.86128],[-74.39272,3.83464],[-74.39831,3.81966],[-74.40687,3.81006],[-74.42014,3.78826],[-74.42811,3.7828],[-74.43182,3.77833],[-74.43401,3.77327],[-74.43423,3.76482],[-74.44624,3.75815],[-74.45042,3.75251],[-74.45171,3.74608],[-74.45109,3.73947],[-74.44147,3.72844],[-74.44218,3.73046],[-74.43418,3.73822],[-74.42389,3.74149],[-74.41598,3.74073],[-74.41204,3.7408],[-74.40733,3.73765],[-74.40222,3.73791],[-74.40003,3.73953],[-74.39854,3.75404],[-74.39592,3.75465],[-74.39145,3.75156],[-74.38872,3.75205],[-74.38784,3.75366],[-74.3881,3.76029],[-74.39377,3.76797],[-74.39254,3.77228],[-74.38856,3.77259],[-74.37865,3.7774],[-74.37682,3.7795],[-74.37671,3.78237],[-74.37315,3.7831],[-74.36318,3.78946],[-74.35514,3.79994],[-74.35404,3.80717],[-74.34893,3.80815],[-74.34389,3.81187],[-74.33729,3.81207],[-74.33787,3.82234],[-74.33656,3.8233],[-74.33317,3.82278],[-74.33072,3.81861],[-74.32733,3.81778],[-74.32023,3.82665],[-74.31482,3.82792],[-74.30973,3.81767],[-74.2998,3.81747],[-74.29666,3.81915],[-74.29425,3.82645],[-74.29451,3.83236],[-74.30012,3.83867],[-74.30661,3.84049],[-74.30457,3.85202],[-74.3121,3.86456],[-74.31405,3.87097],[-74.31873,3.87404],[-74.31896,3.87883],[-74.31262,3.88546],[-74.30137,3.88359],[-74.2929,3.88767],[-74.27843,3.90573],[-74.27612,3.91056],[-74.27341,3.92421],[-74.26981,3.92688],[-74.26122,3.9282],[-74.2571,3.93045],[-74.25778,3.94228],[-74.26087,3.94557],[-74.26056,3.94855],[-74.25186,3.94912],[-74.24901,3.95158],[-74.24616,3.95745],[-74.24235,3.95981],[-74.23805,3.97136],[-74.23403,3.97638],[-74.23196,3.988],[-74.22679,3.99655],[-74.22192,4.00072],[-74.21803,4.0082],[-74.20733,4.01399],[-74.19758,4.01614],[-74.19445,4.01472],[-74.19309,4.01223],[-74.18321,4.00899],[-74.17636,4.01643],[-74.16976,4.01582],[-74.16437,4.01776],[-74.15576,4.01231],[-74.15574,4.00682],[-74.15339,4.00319],[-74.14384,4.00316]]]}},{"type":"Feature","properties":{"shapeName":"Arauca","shapeISO":"CO-ARA","shapeID":"13589884B25788978851461","shapeGroup":"COL","shapeType":"ADM1"},"geometry":{"type":"Polygon","coordinates":[[[-69.43046,6.1078],[-69.76288,6.52824],[-70.11787,6.9797],[-70.12569,6.9788],[-70.13369,6.97508],[-70.14526,6.97899],[-70.14608,6.98276],[-70.14903,6.98434],[-70.15684,6.98054],[-70.1664,6.97803],[-70.16957,6.97864],[-70.17279,6.9764],[-70.18022,6.97937],[-70.18234,6.97689],[-70.18904,6.97861],[-70.19177,6.9762],[-70.19667,6.97909],[-70.20189,6.97574],[-70.20611,6.97839],[-70.21086,6.97441],[-70.2166,6.97581],[-70.22433,6.97472],[-70.22887,6.97092],[-70.22862,6.96739],[-70.23037,6.9654],[-70.24999,6.95852],[-70.24961,6.95354],[-70.25339,6.95151],[-70.2566,6.94689],[-70.26585,6.94124],[-70.27308,6.941],[-70.27851,6.93777],[-70.28381,6.94109],[-70.28838,6.93604],[-70.29448,6.93395],[-70.3015,6.93713],[-70.30773,6.93754],[-70.32239,6.93457],[-70.32442,6.93543],[-70.3278,6.9406],[-70.33293,6.9406],[-70.3383,6.94464],[-70.34415,6.94443],[-70.3493,6.9527],[-70.3545,6.95199],[-70.35493,6.95371],[-70.3513,6.95524],[-70.35226,6.95659],[-70.36075,6.95622],[-70.36249,6.96071],[-70.36151,6.96697],[-70.366,6.96698],[-70.36792,6.97011],[-70.37106,6.97158],[-70.37211,6.98091],[-70.37992,6.98064],[-70.38482,6.98513],[-70.38729,6.9856],[-70.39738,6.98156],[-70.40411,6.98823],[-70.40621,6.9847],[-70.41036,6.98506],[-70.41107,6.9825],[-70.41667,6.98087],[-70.4229,6.98637],[-70.42386,6.99107],[-70.4277,6.99378],[-70.42652,6.99809],[-70.42967,7.00176],[-70.43111,7.00728],[-70.43689,7.0065],[-70.43694,7.00119],[-70.43941,7.00787],[-70.44448,7.00267],[-70.45521,7.00376],[-70.45524,7.00507],[-70.45036,7.00728],[-70.45242,7.01105],[-70.45541,7.01191],[-70.45791,7.00967],[-70.4597,7.00269],[-70.46575,7.00334],[-70.46698,7.00071],[-70.4745,7.00139],[-70.49052,7.00898],[-70.49289,7.00843],[-70.49271,7.00537],[-70.4956,7.00644],[-70.50234,7.00567],[-70.50476,7.01076],[-70.50911,7.01427],[-70.50922,7.018],[-70.51465,7.02074],[-70.51101,7.02491],[-70.51119,7.02755],[-70.51411,7.0283],[-70.52159,7.03483],[-70.52572,7.03572],[-70.52805,7.04177],[-70.53164,7.04007],[-70.5388,7.04072],[-70.53221,7.04602],[-70.53352,7.0478],[-70.53976,7.04521],[-70.54164,7.04871],[-70.54075,7.05081],[-70.53776,7.05066],[-70.53543,7.05458],[-70.53921,7.06017],[-70.54231,7.0616],[-70.54405,7.06898],[-70.54743,7.07108],[-70.5496,7.07472],[-70.55502,7.07593],[-70.55633,7.07932],[-70.56197,7.07748],[-70.56755,7.08084],[-70.57097,7.08079],[-70.57623,7.07503],[-70.58428,7.07612],[-70.58625,7.07359],[-70.58479,7.06915],[-70.586,7.0684],[-70.60653,7.06373],[-70.61337,7.06722],[-70.62148,7.06799],[-70.62452,7.07052],[-70.62959,7.06895],[-70.63497,7.07041],[-70.64194,7.06877],[-70.64359,7.07029],[-70.64428,7.07567],[-70.6465,7.07808],[-70.6591,7.08056],[-70.6629,7.08366],[-70.67095,7.08506],[-70.67589,7.08791],[-70.67987,7.09254],[-70.6843,7.10362],[-70.68721,7.10438],[-70.69,7.1035],[-70.69406,7.09647],[-70.69704,7.09401],[-70.70395,7.09262],[-70.71504,7.09396],[-70.73773,7.08841],[-70.744,7.08917],[-70.75168,7.09241],[-70.75779,7.09754],[-70.7609,7.09769],[-70.76491,7.09476],[-70.76465,7.09007],[-70.77091,7.08902],[-70.7736,7.08065],[-70.77715,7.07679],[-70.78082,7.07673],[-70.7876,7.08338],[-70.79678,7.08319],[-70.81294,7.07908],[-70.81815,7.07944],[-70.82204,7.07022],[-70.82536,7.07408],[-70.83175,7.07423],[-70.83736,7.07901],[-70.84063,7.07839],[-70.84569,7.07481],[-70.85382,7.07791],[-70.85637,7.07568],[-70.85679,7.07071],[-70.85152,7.06928],[-70.84816,7.07175],[-70.84578,7.07023],[-70.852,7.06297],[-70.85176,7.06047],[-70.84869,7.05866],[-70.84913,7.05702],[-70.86301,7.05487],[-70.86852,7.05779],[-70.87238,7.06399],[-70.88632,7.06438],[-70.89532,7.05932],[-70.90261,7.04546],[-70.90654,7.04194],[-70.9124,7.04411],[-70.91513,7.05273],[-70.91816,7.05301],[-70.92741,7.04579],[-70.92517,7.0323],[-70.91932,7.02923],[-70.91928,7.02629],[-70.92156,7.02369],[-70.93563,7.01971],[-70.93791,7.01711],[-70.93867,7.01275],[-70.94019,7.0123],[-70.95001,7.01629],[-70.96287,7.01744],[-70.96978,7.01636],[-70.97485,7.01162],[-70.97542,7.00415],[-70.97726,7.00117],[-70.98004,6.99947],[-70.98397,7.00054],[-70.98568,6.99972],[-70.98651,6.99415],[-70.99139,6.99042],[-70.99544,6.98308],[-71.02222,6.97429],[-71.03971,6.98234],[-71.05384,6.98101],[-71.06214,6.98285],[-71.06709,6.98036],[-71.071,6.98329],[-71.07709,6.98064],[-71.08423,6.98447],[-71.09103,6.98338],[-71.09801,6.98824],[-71.11167,6.98993],[-71.11404,6.99425],[-71.11167,6.99684],[-71.11144,6.9993],[-71.11506,7.00665],[-71.11378,7.00667],[-71.11063,7.00227],[-71.10893,7.0022],[-71.10282,7.00469],[-71.1036,7.00863],[-71.10918,7.01192],[-71.11778,7.01033],[-71.12319,7.01306],[-71.12473,7.01612],[-71.12296,7.02276],[-71.12636,7.03052],[-71.12977,7.03294],[-71.14403,7.03332],[-71.14879,7.02748],[-71.16721,7.02664],[-71.1761,7.02446],[-71.18295,7.02083],[-71.18747,7.02103],[-71.19163,7.01937],[-71.19376,7.02005],[-71.19661,7.0238],[-71.20031,7.02517],[-71.20281,7.02432],[-71.20712,7.01967],[-71.21224,7.01904],[-71.22792,7.02741],[-71.23329,7.0241],[-71.23741,7.01492],[-71.24095,7.01183],[-71.24388,7.0127],[-71.2489,7.01828],[-71.25804,7.0195],[-71.26089,7.02383],[-71.26177,7.03086],[-71.26433,7.03273],[-71.26764,7.03242],[-71.28317,7.02446],[-71.28654,7.02446],[-71.29827,7.02907],[-71.31273,7.02214],[-71.334,7.0169],[-71.35585,7.01958],[-71.36985,7.01535],[-71.37902,7.01799],[-71.38614,7.0307],[-71.39174,7.03594],[-71.40067,7.03704],[-71.41152,7.03535],[-71.42462,7.03896],[-71.43071,7.03689],[-71.43524,7.02573],[-71.44189,7.02487],[-71.44757,7.01824],[-71.45284,7.01821],[-71.45923,7.01333],[-71.46514,7.01189],[-71.47194,7.01218],[-71.47638,7.01429],[-71.48344,7.02672],[-71.48713,7.0306],[-71.49128,7.03105],[-71.50482,7.02643],[-71.5112,7.02669],[-71.52714,7.03502],[-71.54922,7.03007],[-71.56408,7.03046],[-71.57441,7.02612],[-71.58192,7.01809],[-71.58829,7.01554],[-71.59064,7.01594],[-71.59201,7.01819],[-71.59294,7.03108],[-71.5902,7.03538],[-71.58733,7.03682],[-71.58441,7.04299],[-71.58398,7.0519],[-71.58772,7.0552],[-71.5919,7.05469],[-71.59539,7.04778],[-71.60062,7.04665],[-71.60436,7.04415],[-71.61671,7.04258],[-71.6208,7.04355],[-71.63014,7.05522],[-71.64102,7.05574],[-71.64683,7.05337],[-71.64994,7.0439],[-71.65919,7.03442],[-71.66425,7.03301],[-71.67729,7.03805],[-71.69097,7.03782],[-71.69747,7.0367],[-71.70501,7.03247],[-71.71524,7.03537],[-71.71588,7.04827],[-71.7177,7.05387],[-71.72307,7.05623],[-71.73473,7.0579],[-71.74076,7.06419],[-71.74622,7.06573],[-71.76698,7.06626],[-71.79691,7.0626],[-71.81111,7.06368],[-71.81731,7.06081],[-71.82597,7.05417],[-71.82553,7.04719],[-71.82194,7.03715],[-71.82674,7.03016],[-71.83172,7.02878],[-71.83496,7.02566],[-71.83908,7.02653],[-71.84712,7.02508],[-71.85167,7.02782],[-71.86426,7.01994],[-71.86757,7.02206],[-71.87093,7.02205],[-71.87598,7.02061],[-71.87779,7.01812],[-71.89001,7.02133],[-71.89275,7.01934],[-71.89733,7.01972],[-71.8997,7.01611],[-71.90441,7.01801],[-71.91015,7.0155],[-71.91628,7.01717],[-71.92287,7.01666],[-71.93674,7.01239],[-71.94117,7.00968],[-71.94602,7.01082],[-71.96163,6.98305],[-71.96751,6.97972],[-71.97528,6.97149],[-71.97743,6.96258],[-71.98695,6.94145],[-71.98898,6.93354],[-71.99437,6.92453],[-71.99829,6.90622],[-72.00931,6.88463],[-72.02001,6.856],[-72.03062,6.83768],[-72.03794,6.81905],[-72.03748,6.81006],[-72.03868,6.80898],[-72.03705,6.80537],[-72.03728,6.79581],[-72.04318,6.78906],[-72.04409,6.78399],[-72.04772,6.77889],[-72.04721,6.77737],[-72.05048,6.7706],[-72.05794,6.76825],[-72.06197,6.76398],[-72.0673,6.76244],[-72.07582,6.75226],[-72.07909,6.75185],[-72.08441,6.75535],[-72.09213,6.75441],[-72.09335,6.7504],[-72.0979,6.74596],[-72.09848,6.74211],[-72.09659,6.73857],[-72.095,6.72792],[-72.10024,6.72149],[-72.09796,6.71579],[-72.09718,6.69696],[-72.09575,6.6954],[-72.09519,6.6877],[-72.09354,6.68516],[-72.09613,6.68012],[-72.09656,6.67353],[-72.09376,6.66882],[-72.09107,6.65226],[-72.08905,6.65034],[-72.08938,6.64529],[-72.09306,6.63433],[-72.09769,6.63025],[-72.11081,6.61283],[-72.10942,6.5921],[-72.11666,6.57666],[-72.12131,6.54487],[-72.12643,6.53634],[-72.1245,6.51635],[-72.12705,6.5106],[-72.13216,6.5106],[-72.13599,6.51316],[-72.15067,6.5138],[-72.15832,6.50677],[-72.17173,6.49975],[-72.17811,6.49337],[-72.17622,6.46865],[-72.17778,6.46321],[-72.18135,6.45919],[-72.18562,6.45966],[-72.197,6.46502],[-72.2073,6.46519],[-72.20949,6.46265],[-72.21194,6.45188],[-72.21513,6.4455],[-72.22215,6.43593],[-72.22917,6.43337],[-72.25343,6.43401],[-72.26109,6.43146],[-72.26619,6.42635],[-72.26925,6.41796],[-72.27459,6.41619],[-72.27803,6.41118],[-72.28598,6.40521],[-72.28633,6.39668],[-72.28359,6.39479],[-72.27967,6.38785],[-72.28238,6.38099],[-72.29231,6.37648],[-72.29512,6.3727],[-72.29583,6.36892],[-72.30206,6.3639],[-72.30381,6.35933],[-72.31327,6.35806],[-72.31642,6.35626],[-72.31581,6.34675],[-72.31832,6.33943],[-72.31773,6.3347],[-72.32263,6.33159],[-72.32415,6.33205],[-72.32646,6.33357],[-72.33355,6.34561],[-72.33736,6.34694],[-72.35097,6.34551],[-72.35293,6.34363],[-72.35095,6.33252],[-72.35236,6.32217],[-72.36441,6.30671],[-72.36821,6.29178],[-72.36655,6.27411],[-72.36153,6.26124],[-72.34956,6.24598],[-72.34388,6.22488],[-72.34026,6.22209],[-72.32797,6.21933],[-72.32234,6.21082],[-72.31699,6.2073],[-72.30598,6.20445],[-72.29642,6.20435],[-72.2923,6.20301],[-72.28605,6.19825],[-72.28174,6.19245],[-72.27957,6.18606],[-72.27916,6.17869],[-72.28363,6.16106],[-72.27854,6.15725],[-72.2766,6.13675],[-72.27357,6.13472],[-72.27468,6.13326],[-72.25991,6.1208],[-72.25236,6.1191],[-72.24979,6.11637],[-72.24721,6.11671],[-72.24137,6.11261],[-72.23399,6.11193],[-72.22369,6.10408],[-72.21494,6.10391],[-72.19932,6.09896],[-72.19056,6.09435],[-72.18816,6.09093],[-72.18146,6.08735],[-72.17855,6.08308],[-72.17185,6.08137],[-72.17134,6.07967],[-72.15675,6.07164],[-72.15074,6.07096],[-72.14421,6.06721],[-72.13683,6.06652],[-72.12464,6.06806],[-72.11864,6.07352],[-72.11074,6.0754],[-72.10576,6.08018],[-72.10353,6.08564],[-72.09649,6.09059],[-72.07503,6.11398],[-72.06971,6.11517],[-72.05358,6.12319],[-72.04757,6.12353],[-72.03538,6.12132],[-72.01495,6.12746],[-72.01244,6.1301],[-72.00403,6.13309],[-72.0005,6.13772],[-71.99335,6.13982],[-71.98538,6.14783],[-71.98282,6.14831],[-71.96096,6.16448],[-71.95466,6.1719],[-71.94822,6.16985],[-71.9446,6.17045],[-71.94294,6.16905],[-71.94049,6.1697],[-71.93674,6.16827],[-71.93207,6.169],[-71.91711,6.16601],[-71.91371,6.16465],[-71.91477,6.1627],[-71.90977,6.15817],[-71.90201,6.15657],[-71.88913,6.15929],[-71.88159,6.15783],[-71.87418,6.16008],[-71.86998,6.1589],[-71.86679,6.16205],[-71.85876,6.16258],[-71.84783,6.17188],[-71.84289,6.17427],[-71.83783,6.18112],[-71.82722,6.18615],[-71.82046,6.19117],[-71.81072,6.18678],[-71.80842,6.18707],[-71.80405,6.19075],[-71.79765,6.18823],[-71.79072,6.18802],[-71.78257,6.19334],[-71.77908,6.19175],[-71.77268,6.19321],[-71.76997,6.1917],[-71.76143,6.1915],[-71.75622,6.19303],[-71.74889,6.18935],[-71.7426,6.1916],[-71.73685,6.19117],[-71.72682,6.19582],[-71.72301,6.19443],[-71.71675,6.19478],[-71.71349,6.19268],[-71.70664,6.19477],[-71.7042,6.19339],[-71.70228,6.19407],[-71.6926,6.18975],[-71.67907,6.19102],[-71.67185,6.18805],[-71.6621,6.19599],[-71.65711,6.19722],[-71.64757,6.20354],[-71.64537,6.20701],[-71.64531,6.21217],[-71.64679,6.21389],[-71.64195,6.21802],[-71.64129,6.22074],[-71.63718,6.22166],[-71.63838,6.22596],[-71.63646,6.22794],[-71.63091,6.22395],[-71.62002,6.22659],[-71.61178,6.22527],[-71.60838,6.22028],[-71.61167,6.21198],[-71.6112,6.2086],[-71.60939,6.20745],[-71.59793,6.2114],[-71.59087,6.21097],[-71.58628,6.2077],[-71.58433,6.19954],[-71.57498,6.19083],[-71.5712,6.1892],[-71.56759,6.19083],[-71.56739,6.19385],[-71.57455,6.20567],[-71.5733,6.21017],[-71.5713,6.21158],[-71.5646,6.21074],[-71.56233,6.20789],[-71.55916,6.19792],[-71.5564,6.19611],[-71.5507,6.19569],[-71.54806,6.19989],[-71.55249,6.20765],[-71.55144,6.21159],[-71.54811,6.21326],[-71.54099,6.21054],[-71.53381,6.21064],[-71.5345,6.21688],[-71.53777,6.22365],[-71.53666,6.22512],[-71.53302,6.22522],[-71.53096,6.22365],[-71.53118,6.21851],[-71.52954,6.21604],[-71.52342,6.21017],[-71.51244,6.20519],[-71.50886,6.19595],[-71.50194,6.20015],[-71.50179,6.21033],[-71.49535,6.21709],[-71.49218,6.21395],[-71.49076,6.20356],[-71.48538,6.2022],[-71.47904,6.20524],[-71.47515,6.21047],[-71.47056,6.21295],[-71.46399,6.21072],[-71.45973,6.21112],[-71.45824,6.21524],[-71.45932,6.21987],[-71.45686,6.22406],[-71.45257,6.22373],[-71.44689,6.2155],[-71.44115,6.21464],[-71.43861,6.21631],[-71.43787,6.22436],[-71.4407,6.23171],[-71.44999,6.24313],[-71.44857,6.24654],[-71.44372,6.24584],[-71.43365,6.23938],[-71.42608,6.22696],[-71.41902,6.22481],[-71.4163,6.22674],[-71.41832,6.23768],[-71.41555,6.24346],[-71.40458,6.24235],[-71.39496,6.23671],[-71.39156,6.23757],[-71.38604,6.24272],[-71.38295,6.24276],[-71.38045,6.24038],[-71.38082,6.22848],[-71.37824,6.22536],[-71.37515,6.22714],[-71.37571,6.2326],[-71.37332,6.2359],[-71.36977,6.23505],[-71.36544,6.22882],[-71.35525,6.23064],[-71.3491,6.2293],[-71.34663,6.23015],[-71.34384,6.23446],[-71.34387,6.24098],[-71.3426,6.24265],[-71.33331,6.24406],[-71.33126,6.24618],[-71.33096,6.24896],[-71.33302,6.25382],[-71.33186,6.25697],[-71.31701,6.25341],[-71.3125,6.25545],[-71.30268,6.26887],[-71.2938,6.27384],[-71.27633,6.27284],[-71.27422,6.27106],[-71.27379,6.26738],[-71.27664,6.26235],[-71.27411,6.25994],[-71.27147,6.26067],[-71.27147,6.27378],[-71.26852,6.27808],[-71.26854,6.28343],[-71.26017,6.28285],[-71.25718,6.28073],[-71.25418,6.27413],[-71.2494,6.26943],[-71.24033,6.26803],[-71.23475,6.26421],[-71.23247,6.26409],[-71.23165,6.26542],[-71.23433,6.2714],[-71.23303,6.27891],[-71.22981,6.28279],[-71.22023,6.283],[-71.21928,6.28618],[-71.22122,6.29036],[-71.22521,6.29268],[-71.22603,6.29478],[-71.22155,6.29866],[-71.21768,6.29845],[-71.21317,6.29601],[-71.20479,6.28556],[-71.19419,6.28312],[-71.188,6.27668],[-71.18467,6.27706],[-71.18333,6.28127],[-71.18118,6.28199],[-71.17158,6.27508],[-71.16148,6.27256],[-71.15803,6.2691],[-71.15668,6.26279],[-71.1454,6.26603],[-71.13244,6.26052],[-71.12886,6.26068],[-71.12625,6.2633],[-71.12713,6.27147],[-71.12154,6.27505],[-71.11771,6.27282],[-71.11602,6.26549],[-71.11421,6.26389],[-71.10655,6.26675],[-71.09632,6.27804],[-71.09245,6.27913],[-71.08853,6.27667],[-71.08163,6.26755],[-71.07483,6.26353],[-71.07216,6.26462],[-71.06969,6.26382],[-71.06355,6.2558],[-71.05979,6.25462],[-71.05148,6.2566],[-71.04327,6.2559],[-71.03991,6.25412],[-71.03555,6.25452],[-71.03357,6.25719],[-71.03684,6.26471],[-71.03407,6.2664],[-71.0214,6.25432],[-71.01151,6.25422],[-70.99608,6.24124],[-70.99628,6.23748],[-70.99479,6.2353],[-70.9845,6.22916],[-70.97778,6.23065],[-70.9755,6.23391],[-70.97214,6.23569],[-70.96284,6.2349],[-70.95601,6.23619],[-70.95245,6.2352],[-70.94394,6.22747],[-70.93543,6.22579],[-70.92999,6.23054],[-70.92188,6.2342],[-70.91574,6.23509],[-70.90585,6.23142],[-70.89734,6.23597],[-70.89368,6.23448],[-70.88854,6.22656],[-70.88527,6.22715],[-70.88023,6.23151],[-70.87647,6.23141],[-70.87004,6.2223],[-70.86727,6.22081],[-70.864,6.22418],[-70.864,6.23606],[-70.86113,6.23932],[-70.84787,6.23724],[-70.84134,6.24001],[-70.83145,6.23881],[-70.82996,6.23961],[-70.82798,6.24723],[-70.82432,6.25218],[-70.8164,6.25316],[-70.81007,6.24732],[-70.80572,6.25029],[-70.80443,6.25375],[-70.80103,6.25464],[-70.78336,6.24849],[-70.7799,6.24295],[-70.77446,6.24502],[-70.7705,6.24344],[-70.76981,6.24096],[-70.77209,6.23255],[-70.76863,6.22848],[-70.76546,6.22838],[-70.75804,6.23234],[-70.7526,6.23105],[-70.74598,6.22481],[-70.7435,6.22421],[-70.73321,6.22648],[-70.73163,6.22529],[-70.72976,6.21727],[-70.72491,6.21618],[-70.72085,6.21905],[-70.71855,6.22354],[-70.7144,6.2244],[-70.70309,6.2204],[-70.68922,6.22603],[-70.68299,6.22296],[-70.68,6.2191],[-70.67325,6.22021],[-70.6631,6.22804],[-70.65474,6.22859],[-70.63833,6.23468],[-70.63325,6.23293],[-70.63232,6.22852],[-70.62967,6.22659],[-70.62665,6.22889],[-70.62396,6.23412],[-70.61598,6.2329],[-70.61105,6.23946],[-70.60706,6.23953],[-70.60266,6.23605],[-70.60005,6.23605],[-70.59811,6.24028],[-70.59568,6.24172],[-70.58814,6.23794],[-70.58456,6.23798],[-70.57893,6.24918],[-70.57561,6.24803],[-70.5743,6.2408],[-70.57091,6.23898],[-70.56762,6.23931],[-70.55953,6.24632],[-70.55553,6.24495],[-70.5549,6.23972],[-70.55262,6.23701],[-70.54983,6.23749],[-70.54468,6.24465],[-70.5377,6.24413],[-70.53274,6.23876],[-70.53195,6.23215],[-70.52938,6.22919],[-70.51487,6.23512],[-70.51117,6.23987],[-70.50039,6.24751],[-70.48942,6.25014],[-70.48165,6.24944],[-70.47748,6.25732],[-70.47707,6.26185],[-70.47345,6.26563],[-70.46942,6.26548],[-70.46542,6.26251],[-70.46233,6.26211],[-70.45515,6.26644],[-70.44953,6.27243],[-70.44423,6.27436],[-70.43875,6.27303],[-70.42963,6.27811],[-70.42832,6.28191],[-70.43198,6.28658],[-70.43106,6.29103],[-70.42028,6.29012],[-70.4134,6.29339],[-70.40585,6.29043],[-70.38992,6.29229],[-70.38063,6.30108],[-70.37324,6.29833],[-70.36898,6.30182],[-70.36648,6.30204],[-70.35242,6.29385],[-70.34324,6.29448],[-70.33682,6.29203],[-70.33007,6.29388],[-70.32891,6.29088],[-70.32447,6.28925],[-70.31944,6.28417],[-70.32037,6.27872],[-70.31015,6.27946],[-70.30877,6.28113],[-70.31089,6.28628],[-70.30985,6.28862],[-70.29895,6.27753],[-70.29496,6.27979],[-70.2931,6.28402],[-70.28955,6.28517],[-70.27097,6.27326],[-70.26567,6.27515],[-70.26176,6.28268],[-70.25392,6.28624],[-70.24482,6.28736],[-70.23747,6.28572],[-70.23366,6.29199],[-70.2265,6.28773],[-70.22422,6.29166],[-70.22169,6.29255],[-70.21176,6.28802],[-70.20217,6.28736],[-70.19844,6.29395],[-70.19496,6.29493],[-70.1837,6.28151],[-70.17457,6.27899],[-70.17061,6.28001],[-70.16781,6.28287],[-70.16536,6.29063],[-70.16536,6.29624],[-70.15977,6.29795],[-70.15227,6.29627],[-70.15011,6.29192],[-70.15093,6.28864],[-70.15407,6.2884],[-70.15457,6.28701],[-70.15423,6.27579],[-70.15043,6.26876],[-70.14784,6.26713],[-70.14275,6.26682],[-70.14056,6.26876],[-70.13787,6.26892],[-70.12742,6.26711],[-70.12349,6.2643],[-70.1169,6.24484],[-70.11721,6.23716],[-70.11573,6.23477],[-70.11238,6.23202],[-70.10906,6.23155],[-70.09803,6.23525],[-70.09505,6.23472],[-70.08766,6.22898],[-70.07574,6.2155],[-70.05988,6.20923],[-70.05896,6.20658],[-70.06134,6.19291],[-70.06068,6.18733],[-70.05703,6.18384],[-70.04846,6.18457],[-70.0426,6.18704],[-70.03543,6.18649],[-70.03472,6.18185],[-70.03828,6.17702],[-70.04537,6.17429],[-70.05413,6.17369],[-70.0601,6.17015],[-70.06057,6.16501],[-70.05798,6.16039],[-70.04398,6.15375],[-70.03754,6.15354],[-70.0354,6.15391],[-70.0302,6.16031],[-70.02738,6.16149],[-70.02284,6.15766],[-70.00853,6.15242],[-70.0033,6.14745],[-69.99894,6.14663],[-69.99416,6.14852],[-69.99301,6.15142],[-69.99401,6.16332],[-69.99114,6.167],[-69.9876,6.16741],[-69.98185,6.16336],[-69.98028,6.15713],[-69.98538,6.14891],[-69.98633,6.13873],[-69.98227,6.1381],[-69.97578,6.13207],[-69.97235,6.13223],[-69.96079,6.13548],[-69.95942,6.13779],[-69.96,6.14272],[-69.95837,6.14387],[-69.94903,6.14361],[-69.9428,6.13627],[-69.93399,6.11769],[-69.92349,6.10961],[-69.91294,6.10678],[-69.90608,6.10001],[-69.89975,6.08627],[-69.9065,6.07703],[-69.9065,6.072],[-69.90497,6.06969],[-69.89706,6.06554],[-69.89162,6.05205],[-69.8883,6.04964],[-69.87152,6.04508],[-69.86133,6.0392],[-69.85189,6.04083],[-69.84624,6.04387],[-69.83379,6.04261],[-69.82649,6.04359],[-69.82274,6.04762],[-69.80571,6.05826],[-69.79977,6.06053],[-69.79414,6.06061],[-69.78158,6.06048],[-69.77723,6.05909],[-69.77032,6.05323],[-69.76489,6.05154],[-69.71668,6.0421],[-69.68863,6.04475],[-69.64178,6.03928],[-69.6155,6.03835],[-69.59983,6.04051],[-69.58778,6.04057],[-69.57101,6.04445],[-69.55759,6.04562],[-69.54155,6.04365],[-69.5357,6.0452],[-69.52783,6.05026],[-69.51396,6.05361],[-69.48576,6.06991],[-69.46884,6.07554],[-69.45249,6.08333],[-69.44479,6.09014],[-69.43569,6.10482],[-69.43046,6.1078]]]}},{"type":"Feature","properties":{"shapeName":"Boyacá","shapeISO":"CO-BOY","shapeID":"13589884B62290921297491","shapeGroup":"COL","shapeType":"ADM1"},"geometry":{"type":"Polygon","coordinates":[[[-74.65933,5.75137],[-74.65687,5.75371],[-74.65385,5.75191],[-74.65081,5.74576],[-74.65066,5.73915],[-74.64785,5.73635],[-74.64419,5.73663],[-74.6407,5.73888],[-74.63875,5.75449],[-74.62977,5.76138],[-74.62584,5.76012],[-74.62261,5.75267],[-74.62078,5.75408],[-74.62037,5.75802],[-74.61784,5.75928],[-74.61503,5.75535],[-74.6097,5.75423],[-74.60647,5.75114],[-74.60479,5.74595],[-74.59804,5.74665],[-74.59523,5.74567],[-74.59299,5.74792],[-74.59328,5.7586],[-74.58172,5.75321],[-74.57279,5.75469],[-74.57083,5.76045],[-74.56297,5.75751],[-74.55259,5.76446],[-74.55176,5.7702],[-74.54927,5.77432],[-74.54495,5.77764],[-74.53997,5.77875],[-74.53886,5.78508],[-74.53142,5.78986],[-74.52164,5.78909],[-74.51079,5.79437],[-74.50358,5.79305],[-74.50416,5.78879],[-74.50757,5.78851],[-74.50863,5.78664],[-74.4966,5.77819],[-74.49414,5.77794],[-74.49306,5.78253],[-74.49076,5.78287],[-74.48939,5.78129],[-74.48933,5.77541],[-74.48682,5.77158],[-74.4844,5.77126],[-74.48082,5.77548],[-74.47626,5.77555],[-74.47423,5.77718],[-74.46739,5.77512],[-74.46335,5.77596],[-74.46185,5.77382],[-74.46294,5.76916],[-74.46036,5.76573],[-74.45841,5.76536],[-74.45448,5.76792],[-74.45136,5.76232],[-74.4495,5.76585],[-74.44441,5.76392],[-74.44324,5.76767],[-74.44061,5.76852],[-74.43893,5.76653],[-74.43788,5.75975],[-74.43277,5.76018],[-74.42818,5.76221],[-74.42215,5.76783],[-74.41697,5.76607],[-74.41289,5.767],[-74.41274,5.7709],[-74.41003,5.77445],[-74.3978,5.7819],[-74.38471,5.78377],[-74.37716,5.79592],[-74.35762,5.8109],[-74.34916,5.81906],[-74.34502,5.824],[-74.34438,5.83116],[-74.33465,5.83666],[-74.33332,5.82694],[-74.32587,5.82428],[-74.32067,5.81432],[-74.31766,5.80176],[-74.31495,5.80046],[-74.30565,5.80039],[-74.30237,5.7978],[-74.30291,5.7939],[-74.31065,5.78374],[-74.31082,5.77953],[-74.30762,5.7736],[-74.29266,5.75578],[-74.28906,5.74596],[-74.29158,5.73695],[-74.3009,5.72547],[-74.30123,5.71756],[-74.29836,5.70934],[-74.29433,5.70426],[-74.28781,5.69983],[-74.27805,5.69773],[-74.27732,5.69474],[-74.28221,5.66718],[-74.28491,5.66433],[-74.29384,5.66068],[-74.30573,5.64872],[-74.30717,5.64452],[-74.30651,5.63915],[-74.30916,5.63092],[-74.3148,5.62307],[-74.30861,5.61718],[-74.29999,5.58386],[-74.29399,5.57286],[-74.28667,5.56735],[-74.2723,5.56106],[-74.26193,5.5616],[-74.25896,5.56052],[-74.25174,5.55438],[-74.24994,5.54887],[-74.24372,5.54517],[-74.24273,5.53813],[-74.2475,5.53117],[-74.24597,5.51744],[-74.24975,5.50371],[-74.25425,5.49983],[-74.25299,5.4973],[-74.25479,5.49369],[-74.25416,5.48664],[-74.24722,5.47671],[-74.24487,5.47536],[-74.23559,5.47843],[-74.22649,5.49117],[-74.22226,5.49478],[-74.21144,5.49731],[-74.20144,5.49704],[-74.19657,5.49425],[-74.19404,5.4909],[-74.18701,5.47456],[-74.17818,5.46797],[-74.17601,5.46161],[-74.16853,5.45781],[-74.16071,5.44783],[-74.15411,5.44719],[-74.15347,5.44546],[-74.15046,5.4445],[-74.14837,5.44799],[-74.14401,5.44866],[-74.13875,5.44499],[-74.13427,5.43578],[-74.12508,5.43279],[-74.12358,5.43296],[-74.12118,5.43794],[-74.11903,5.4513],[-74.11547,5.45703],[-74.11323,5.46442],[-74.11273,5.47289],[-74.09688,5.46992],[-74.09648,5.43944],[-74.09002,5.42788],[-74.07751,5.41353],[-74.074,5.41208],[-74.06839,5.40542],[-74.04959,5.4032],[-74.03051,5.38814],[-74.02116,5.3878],[-74.02066,5.38512],[-74.02358,5.37357],[-74.02258,5.36502],[-74.00982,5.36861],[-74.00017,5.36766],[-73.99856,5.37094],[-73.99149,5.37472],[-73.98738,5.37964],[-73.9865,5.3872],[-73.9852,5.38946],[-73.98334,5.38936],[-73.98274,5.39487],[-73.98389,5.39625],[-73.98177,5.39827],[-73.98102,5.4038],[-73.97321,5.41876],[-73.96569,5.42037],[-73.96362,5.42237],[-73.95155,5.4236],[-73.94965,5.42167],[-73.9491,5.42418],[-73.94521,5.42698],[-73.94241,5.43415],[-73.93184,5.44054],[-73.92733,5.441],[-73.9162,5.43432],[-73.91211,5.43348],[-73.90516,5.44689],[-73.89929,5.44947],[-73.89765,5.45399],[-73.90181,5.46459],[-73.90173,5.47618],[-73.90369,5.48029],[-73.90186,5.48737],[-73.90751,5.4997],[-73.90725,5.50879],[-73.91051,5.51097],[-73.91066,5.52064],[-73.90849,5.52625],[-73.90071,5.52905],[-73.88983,5.51299],[-73.88049,5.52515],[-73.87701,5.52226],[-73.8748,5.52655],[-73.86696,5.53371],[-73.85638,5.5334],[-73.84751,5.54617],[-73.83584,5.55022],[-73.8318,5.5538],[-73.82086,5.55321],[-73.8117,5.56225],[-73.80472,5.57358],[-73.80022,5.55893],[-73.79447,5.5527],[-73.7892,5.55002],[-73.79095,5.53199],[-73.78554,5.50666],[-73.78097,5.49849],[-73.77102,5.48853],[-73.76021,5.48513],[-73.75507,5.4863],[-73.74803,5.49046],[-73.74658,5.48946],[-73.74289,5.46929],[-73.73612,5.47227],[-73.72989,5.47779],[-73.72565,5.47905],[-73.71907,5.47724],[-73.71699,5.47262],[-73.71892,5.46038],[-73.71723,5.45616],[-73.71479,5.45544],[-73.7101,5.4576],[-73.69999,5.45655],[-73.69071,5.44738],[-73.68011,5.45446],[-73.67711,5.45042],[-73.67494,5.44365],[-73.67824,5.43469],[-73.67382,5.43062],[-73.66608,5.42701],[-73.65794,5.41789],[-73.64367,5.41526],[-73.62285,5.40476],[-73.60236,5.40249],[-73.59283,5.39892],[-73.58994,5.39026],[-73.59812,5.37812],[-73.60007,5.37055],[-73.59987,5.3659],[-73.59585,5.35793],[-73.59431,5.35131],[-73.59587,5.33859],[-73.59461,5.32914],[-73.60153,5.32182],[-73.60243,5.31808],[-73.59617,5.3159],[-73.58878,5.30858],[-73.57904,5.30232],[-73.57562,5.30212],[-73.56658,5.30618],[-73.54963,5.29949],[-73.54418,5.28991],[-73.53656,5.28511],[-73.53317,5.28072],[-73.53154,5.27681],[-73.53336,5.27262],[-73.53285,5.26949],[-73.52682,5.25929],[-73.52717,5.24809],[-73.52378,5.24299],[-73.52225,5.23352],[-73.51774,5.23098],[-73.51428,5.23104],[-73.52091,5.22265],[-73.52438,5.21508],[-73.5216,5.20381],[-73.52202,5.19311],[-73.51634,5.19246],[-73.51202,5.18781],[-73.50716,5.1851],[-73.51177,5.17332],[-73.51015,5.16979],[-73.51072,5.16194],[-73.50535,5.15362],[-73.49926,5.15264],[-73.48399,5.15395],[-73.47787,5.14754],[-73.48436,5.14186],[-73.48761,5.13698],[-73.48815,5.13238],[-73.49137,5.12656],[-73.49055,5.11613],[-73.49464,5.10733],[-73.49127,5.1013],[-73.48954,5.09349],[-73.48441,5.08861],[-73.4832,5.07587],[-73.48,5.06293],[-73.48133,5.06042],[-73.47917,5.05473],[-73.4816,5.05148],[-73.48846,5.04963],[-73.49945,5.03971],[-73.50254,5.03991],[-73.50846,5.03698],[-73.51249,5.03711],[-73.52332,5.02992],[-73.52178,5.02857],[-73.52196,5.01726],[-73.5168,5.01267],[-73.51842,5.00456],[-73.51537,5.00388],[-73.51067,4.99955],[-73.50992,4.9972],[-73.50725,4.9963],[-73.51534,4.9904],[-73.52014,4.97737],[-73.52721,4.96716],[-73.53179,4.95727],[-73.54137,4.95139],[-73.54373,4.94757],[-73.54658,4.9352],[-73.54715,4.92487],[-73.54238,4.91307],[-73.54091,4.90222],[-73.53785,4.89538],[-73.52439,4.89076],[-73.52017,4.88237],[-73.51961,4.8779],[-73.48878,4.88503],[-73.48001,4.89072],[-73.47133,4.89356],[-73.46517,4.89274],[-73.45204,4.88239],[-73.44952,4.88337],[-73.44503,4.88996],[-73.42527,4.87981],[-73.40914,4.88048],[-73.40211,4.87865],[-73.39409,4.86504],[-73.39315,4.85411],[-73.3913,4.85028],[-73.38255,4.84738],[-73.37874,4.84441],[-73.37574,4.8402],[-73.37416,4.83116],[-73.36572,4.82416],[-73.37104,4.81005],[-73.371,4.80306],[-73.36929,4.79895],[-73.36955,4.8002],[-73.36055,4.79646],[-73.34127,4.79174],[-73.33407,4.7881],[-73.32166,4.77858],[-73.31381,4.76896],[-73.30919,4.74998],[-73.30572,4.74674],[-73.30859,4.73677],[-73.30519,4.73071],[-73.29041,4.72377],[-73.28484,4.72297],[-73.2712,4.73817],[-73.26762,4.73987],[-73.24736,4.73426],[-73.234,4.73566],[-73.22253,4.7313],[-73.22052,4.72753],[-73.22069,4.72451],[-73.22744,4.71478],[-73.23348,4.69524],[-73.22351,4.67935],[-73.22078,4.67753],[-73.21713,4.67712],[-73.20598,4.67962],[-73.19571,4.67348],[-73.16123,4.66289],[-73.14945,4.65589],[-73.14543,4.65652],[-73.13506,4.66383],[-73.12656,4.6662],[-73.12073,4.6706],[-73.11144,4.66143],[-73.10508,4.66053],[-73.09154,4.67713],[-73.09003,4.68191],[-73.09004,4.69112],[-73.08328,4.69576],[-73.08006,4.70614],[-73.07476,4.71466],[-73.07407,4.71883],[-73.07652,4.72712],[-73.07131,4.73919],[-73.06773,4.74122],[-73.05966,4.73624],[-73.05083,4.73721],[-73.04668,4.74523],[-73.04623,4.75823],[-73.05737,4.78337],[-73.06085,4.7885],[-73.06878,4.79272],[-73.0717,4.79608],[-73.0733,4.80158],[-73.07113,4.8125],[-73.0739,4.81792],[-73.07143,4.82184],[-73.06947,4.83224],[-73.07027,4.83471],[-73.06686,4.83896],[-73.0678,4.84511],[-73.058,4.85029],[-73.05269,4.85681],[-73.05111,4.85999],[-73.05083,4.87214],[-73.04433,4.87348],[-73.04269,4.87603],[-73.04191,4.87938],[-73.04302,4.88258],[-73.04065,4.88769],[-73.0476,4.90191],[-73.04837,4.92373],[-73.04476,4.93366],[-73.0405,4.93797],[-73.03875,4.95328],[-73.03583,4.96243],[-73.03318,4.96443],[-73.03203,4.96782],[-73.02903,4.96904],[-73.03042,4.9825],[-73.02318,4.98845],[-73.0211,4.99433],[-73.01797,4.99707],[-73.01768,4.99955],[-73.0196,5.00151],[-73.01637,5.00263],[-73.01124,4.99956],[-73.01071,4.99743],[-73.00428,4.99689],[-72.99985,4.98886],[-72.98746,4.98559],[-72.97245,4.97587],[-72.96831,4.98944],[-72.95763,4.99756],[-72.95434,5.00711],[-72.94814,5.01491],[-72.93959,5.02193],[-72.92489,5.03089],[-72.92435,5.03428],[-72.92785,5.04409],[-72.92581,5.04869],[-72.90323,5.06875],[-72.90537,5.0793],[-72.90509,5.09656],[-72.90883,5.1035],[-72.91602,5.10176],[-72.92376,5.09647],[-72.92704,5.09708],[-72.92983,5.10234],[-72.93513,5.10768],[-72.93707,5.11572],[-72.94949,5.12355],[-72.95756,5.13093],[-72.96434,5.13411],[-72.9734,5.1492],[-72.9688,5.15444],[-72.96176,5.15635],[-72.96011,5.16006],[-72.96152,5.16291],[-72.95757,5.16402],[-72.95383,5.17392],[-72.94993,5.1753],[-72.94765,5.18035],[-72.94976,5.18422],[-72.94908,5.19032],[-72.94626,5.19189],[-72.94575,5.19552],[-72.93984,5.19961],[-72.93922,5.20174],[-72.93244,5.20797],[-72.93241,5.2134],[-72.92955,5.21946],[-72.92182,5.22363],[-72.91604,5.23813],[-72.90864,5.2501],[-72.90615,5.2668],[-72.89725,5.28314],[-72.88228,5.33387],[-72.87624,5.35005],[-72.87754,5.35942],[-72.86762,5.35395],[-72.86313,5.34903],[-72.85865,5.34761],[-72.85329,5.34791],[-72.84842,5.35161],[-72.84564,5.35693],[-72.83788,5.36455],[-72.81338,5.37712],[-72.81556,5.38279],[-72.81463,5.38626],[-72.80254,5.39498],[-72.79681,5.39517],[-72.7848,5.38342],[-72.78382,5.37725],[-72.77476,5.35693],[-72.76215,5.33738],[-72.75517,5.33061],[-72.72273,5.31263],[-72.71906,5.30149],[-72.71956,5.29032],[-72.71715,5.28478],[-72.71437,5.28144],[-72.70559,5.27678],[-72.70166,5.27672],[-72.70042,5.27352],[-72.69874,5.27823],[-72.68725,5.28241],[-72.67931,5.29062],[-72.66784,5.29341],[-72.66427,5.30059],[-72.65522,5.30437],[-72.64967,5.31181],[-72.64892,5.32043],[-72.64467,5.32772],[-72.63738,5.33092],[-72.63648,5.34056],[-72.62291,5.34637],[-72.61823,5.35016],[-72.60759,5.35116],[-72.59517,5.35485],[-72.59097,5.35791],[-72.58892,5.35769],[-72.58354,5.35139],[-72.58033,5.35255],[-72.57565,5.35853],[-72.56803,5.37513],[-72.57049,5.37654],[-72.5763,5.37639],[-72.58279,5.38215],[-72.57105,5.39161],[-72.56906,5.38965],[-72.56586,5.39029],[-72.56351,5.39387],[-72.54378,5.40683],[-72.54108,5.41207],[-72.53482,5.4176],[-72.52834,5.4271],[-72.51802,5.43496],[-72.50669,5.43907],[-72.50033,5.44813],[-72.49419,5.46205],[-72.49102,5.47231],[-72.49016,5.4814],[-72.47648,5.49316],[-72.47081,5.49586],[-72.46027,5.50841],[-72.44482,5.51852],[-72.44098,5.52613],[-72.44017,5.53169],[-72.43731,5.53332],[-72.43362,5.53964],[-72.42534,5.54774],[-72.42531,5.55513],[-72.42306,5.55685],[-72.42101,5.56294],[-72.41732,5.5673],[-72.40876,5.57072],[-72.39679,5.57043],[-72.38108,5.55332],[-72.37359,5.53575],[-72.36787,5.52739],[-72.35777,5.51719],[-72.34434,5.50696],[-72.33251,5.53028],[-72.32633,5.53498],[-72.31218,5.55255],[-72.31037,5.55316],[-72.30557,5.5639],[-72.29865,5.57405],[-72.29775,5.57889],[-72.2999,5.5934],[-72.29885,5.59996],[-72.29644,5.60102],[-72.28527,5.60074],[-72.28091,5.60559],[-72.27836,5.61437],[-72.28019,5.62328],[-72.27945,5.62979],[-72.27116,5.63887],[-72.26142,5.65527],[-72.26373,5.6692],[-72.27202,5.67051],[-72.28309,5.675],[-72.29391,5.68178],[-72.29929,5.68785],[-72.29539,5.6902],[-72.28615,5.70057],[-72.28456,5.70832],[-72.28036,5.7147],[-72.27931,5.7282],[-72.27316,5.73125],[-72.2691,5.73507],[-72.26778,5.74083],[-72.26029,5.75476],[-72.258,5.76214],[-72.25893,5.77915],[-72.25513,5.78572],[-72.25559,5.79316],[-72.25763,5.79476],[-72.26356,5.79554],[-72.26879,5.79925],[-72.27613,5.79729],[-72.2795,5.80029],[-72.2887,5.79868],[-72.30015,5.79908],[-72.30014,5.7947],[-72.30285,5.79069],[-72.30683,5.79245],[-72.30972,5.79686],[-72.31603,5.79499],[-72.32887,5.79567],[-72.33339,5.80195],[-72.33765,5.80398],[-72.34366,5.80414],[-72.35253,5.81165],[-72.35828,5.812],[-72.36279,5.8103],[-72.37312,5.81211],[-72.38331,5.81795],[-72.3912,5.81844],[-72.39268,5.82362],[-72.38626,5.8275],[-72.37508,5.82582],[-72.37248,5.82795],[-72.36641,5.82745],[-72.36576,5.83398],[-72.36258,5.83888],[-72.36113,5.85133],[-72.35941,5.85279],[-72.35089,5.85275],[-72.34939,5.85681],[-72.34578,5.8593],[-72.34253,5.86541],[-72.34214,5.87127],[-72.33503,5.88137],[-72.32632,5.88357],[-72.32417,5.88711],[-72.33363,5.89028],[-72.32918,5.89634],[-72.32672,5.90278],[-72.32807,5.91759],[-72.32441,5.93184],[-72.32798,5.9392],[-72.33835,5.94767],[-72.3388,5.9511],[-72.33749,5.95357],[-72.33855,5.95831],[-72.3427,5.96419],[-72.34211,5.978],[-72.33966,5.98258],[-72.34152,5.98856],[-72.34005,5.99832],[-72.3438,6.00224],[-72.34873,6.01272],[-72.35514,6.02104],[-72.36311,6.02697],[-72.36587,6.03337],[-72.36588,6.03716],[-72.36473,6.04258],[-72.35418,6.04321],[-72.35057,6.04502],[-72.34304,6.0526],[-72.33239,6.0587],[-72.32076,6.06826],[-72.32012,6.07483],[-72.3175,6.07927],[-72.318,6.0814],[-72.32096,6.08468],[-72.3213,6.08928],[-72.335,6.08402],[-72.3391,6.07679],[-72.3424,6.07575],[-72.35436,6.07407],[-72.35911,6.07467],[-72.36448,6.07673],[-72.36941,6.08091],[-72.37524,6.09154],[-72.37169,6.09816],[-72.36531,6.1021],[-72.37433,6.11102],[-72.38775,6.11682],[-72.39183,6.1287],[-72.38814,6.13573],[-72.38174,6.13698],[-72.3773,6.14174],[-72.37542,6.14882],[-72.37369,6.15053],[-72.38508,6.15698],[-72.39254,6.16338],[-72.39155,6.18238],[-72.39218,6.18631],[-72.39384,6.18795],[-72.40828,6.1873],[-72.41776,6.18294],[-72.41879,6.18521],[-72.41551,6.19038],[-72.40871,6.19473],[-72.40604,6.20155],[-72.40152,6.20755],[-72.39825,6.21953],[-72.39746,6.23668],[-72.39028,6.25012],[-72.39029,6.25445],[-72.3868,6.26189],[-72.3866,6.26355],[-72.3899,6.26457],[-72.39547,6.26311],[-72.39939,6.26579],[-72.40105,6.26867],[-72.40044,6.27288],[-72.39651,6.27237],[-72.38953,6.28337],[-72.37904,6.29251],[-72.37464,6.30537],[-72.36441,6.30671],[-72.35236,6.32217],[-72.35095,6.33252],[-72.35293,6.34363],[-72.35097,6.34551],[-72.33736,6.34694],[-72.33355,6.34561],[-72.32646,6.33357],[-72.32415,6.33205],[-72.32263,6.33159],[-72.31773,6.3347],[-72.31832,6.33943],[-72.31581,6.34675],[-72.31642,6.35626],[-72.31327,6.35806],[-72.30381,6.35933],[-72.30206,6.3639],[-72.29583,6.36892],[-72.29512,6.3727],[-72.29231,6.37648],[-72.28238,6.38099],[-72.27967,6.38785],[-72.28359,6.39479],[-72.28633,6.39668],[-72.28598,6.40521],[-72.27803,6.41118],[-72.27459,6.41619],[-72.26925,6.41796],[-72.26619,6.42635],[-72.26109,6.43146],[-72.25343,6.43401],[-72.22917,6.43337],[-72.22215,6.43593],[-72.21513,6.4455],[-72.21194,6.45188],[-72.20949,6.46265],[-72.2073,6.46519],[-72.197,6.46502],[-72.18562,6.45966],[-72.18135,6.45919],[-72.17778,6.46321],[-72.17622,6.46865],[-72.17811,6.49337],[-72.17173,6.49975],[-72.15832,6.50677],[-72.15067,6.5138],[-72.13599,6.51316],[-72.13216,6.5106],[-72.12705,6.5106],[-72.1245,6.51635],[-72.12643,6.53634],[-72.12131,6.54487],[-72.11666,6.57666],[-72.10942,6.5921],[-72.11081,6.61283],[-72.09769,6.63025],[-72.09306,6.63433],[-72.08938,6.64529],[-72.08905,6.65034],[-72.09107,6.65226],[-72.09376,6.66882],[-72.09656,6.67353],[-72.09613,6.68012],[-72.09354,6.68516],[-72.09519,6.6877],[-72.09575,6.6954],[-72.09718,6.69696],[-72.09796,6.71579],[-72.10024,6.72149],[-72.095,6.72792],[-72.09659,6.73857],[-72.09848,6.74211],[-72.0979,6.74596],[-72.09335,6.7504],[-72.09213,6.75441],[-72.08441,6.75535],[-72.07909,6.75185],[-72.07582,6.75226],[-72.0673,6.76244],[-72.06197,6.76398],[-72.05794,6.76825],[-72.05048,6.7706],[-72.04721,6.77737],[-72.04772,6.77889],[-72.04409,6.78399],[-72.04318,6.78906],[-72.03728,6.79581],[-72.03705,6.80537],[-72.03868,6.80898],[-72.03748,6.81006],[-72.03794,6.81905],[-72.03062,6.83768],[-72.02001,6.856],[-72.00931,6.88463],[-71.99829,6.90622],[-71.99437,6.92453],[-71.98898,6.93354],[-71.98695,6.94145],[-71.97743,6.96258],[-71.97528,6.97149],[-71.96751,6.97972],[-71.96163,6.98305],[-71.94602,7.01082],[-71.95097,7.0131],[-71.95888,7.01099],[-71.9622,7.01168],[-71.97246,7.01939],[-71.98629,7.02071],[-71.98871,7.02484],[-71.99104,7.02608],[-71.9983,7.02799],[-72.01063,7.02777],[-72.02143,7.03277],[-72.04758,7.0391],[-72.04809,7.0379],[-72.05796,7.03756],[-72.07255,7.04416],[-72.07944,7.04512],[-72.08235,7.04454],[-72.08761,7.0396],[-72.09481,7.03675],[-72.11598,7.03438],[-72.12103,7.03132],[-72.13198,7.03098],[-72.13879,7.03439],[-72.15352,7.03525],[-72.15525,7.04103],[-72.1599,7.04274],[-72.15928,7.04698],[-72.16514,7.04873],[-72.17515,7.05484],[-72.18522,7.05281],[-72.19024,7.04726],[-72.19777,7.04297],[-72.19825,7.03168],[-72.20402,7.02385],[-72.20349,7.01254],[-72.20122,7.01128],[-72.20046,7.00701],[-72.20297,7.00449],[-72.20976,7.00322],[-72.21277,7.0012],[-72.21829,6.99188],[-72.21903,6.9861],[-72.2316,6.98381],[-72.23713,6.98002],[-72.24618,6.97673],[-72.25475,6.9835],[-72.25526,6.98526],[-72.25253,7.00085],[-72.24977,7.00538],[-72.25582,7.00939],[-72.26765,7.00961],[-72.27245,7.01463],[-72.2758,7.01462],[-72.28124,7.01109],[-72.29403,6.99169],[-72.29401,6.98591],[-72.30152,6.97156],[-72.30175,6.96326],[-72.30724,6.9454],[-72.32127,6.92374],[-72.3268,6.91996],[-72.32805,6.91719],[-72.33333,6.91516],[-72.33658,6.90962],[-72.34864,6.90104],[-72.34912,6.8935],[-72.35213,6.89047],[-72.35824,6.89345],[-72.3622,6.8936],[-72.37882,6.88301],[-72.38392,6.87657],[-72.39166,6.87308],[-72.40584,6.87338],[-72.4103,6.87468],[-72.41938,6.87944],[-72.4311,6.88286],[-72.4422,6.89234],[-72.46216,6.90051],[-72.47162,6.91163],[-72.48463,6.92174],[-72.4851,6.92567],[-72.48348,6.93013],[-72.48786,6.92923],[-72.49187,6.92198],[-72.49598,6.92132],[-72.5002,6.91373],[-72.50083,6.90872],[-72.49676,6.89575],[-72.49655,6.88462],[-72.50186,6.88152],[-72.50166,6.87296],[-72.49925,6.86903],[-72.49112,6.86605],[-72.48748,6.85298],[-72.48358,6.85043],[-72.48252,6.8457],[-72.48072,6.84381],[-72.47647,6.84217],[-72.47765,6.83677],[-72.4802,6.83378],[-72.48357,6.82057],[-72.48409,6.81535],[-72.48258,6.81121],[-72.48407,6.80886],[-72.49034,6.80586],[-72.49183,6.80277],[-72.4982,6.79881],[-72.49852,6.79689],[-72.49787,6.79264],[-72.4952,6.78998],[-72.49736,6.76603],[-72.49297,6.76261],[-72.48936,6.7422],[-72.49698,6.73306],[-72.49764,6.72858],[-72.4963,6.72435],[-72.48864,6.71396],[-72.4855,6.70271],[-72.48556,6.69351],[-72.49004,6.67944],[-72.48627,6.67395],[-72.48585,6.65902],[-72.48702,6.65505],[-72.49044,6.65114],[-72.4923,6.64446],[-72.50478,6.63212],[-72.51066,6.62932],[-72.51934,6.61885],[-72.52097,6.60374],[-72.52802,6.59318],[-72.53633,6.58961],[-72.54347,6.58341],[-72.54552,6.56565],[-72.54044,6.55654],[-72.53756,6.54184],[-72.53858,6.53812],[-72.54347,6.53381],[-72.54418,6.52953],[-72.54844,6.52353],[-72.54866,6.51985],[-72.54632,6.51602],[-72.53233,6.50546],[-72.53404,6.50313],[-72.5345,6.4959],[-72.53817,6.48987],[-72.53972,6.48829],[-72.56235,6.48619],[-72.56925,6.48273],[-72.57386,6.47839],[-72.5834,6.47584],[-72.58945,6.46916],[-72.59134,6.46427],[-72.59634,6.46268],[-72.6012,6.45866],[-72.60188,6.45242],[-72.60558,6.44855],[-72.60909,6.44797],[-72.61976,6.44169],[-72.62421,6.44015],[-72.62873,6.44045],[-72.63214,6.43774],[-72.64822,6.43617],[-72.66321,6.44733],[-72.66579,6.45678],[-72.67169,6.46473],[-72.67298,6.47255],[-72.6802,6.48505],[-72.67989,6.48864],[-72.68269,6.4979],[-72.68651,6.50379],[-72.68542,6.5068],[-72.69425,6.51529],[-72.69574,6.52483],[-72.70156,6.52959],[-72.70481,6.5398],[-72.70773,6.54196],[-72.71127,6.5424],[-72.71266,6.54588],[-72.71924,6.55333],[-72.72271,6.5539],[-72.72928,6.55142],[-72.73949,6.55714],[-72.74236,6.55925],[-72.744,6.56451],[-72.74236,6.56773],[-72.74314,6.5693],[-72.75016,6.56994],[-72.75943,6.58057],[-72.76404,6.58308],[-72.772,6.57954],[-72.7807,6.58035],[-72.79122,6.56877],[-72.79482,6.56918],[-72.80411,6.56061],[-72.80833,6.55923],[-72.8053,6.54941],[-72.80641,6.5451],[-72.80895,6.543],[-72.80713,6.54033],[-72.79778,6.53161],[-72.7931,6.53025],[-72.78515,6.53152],[-72.77821,6.52762],[-72.77467,6.52208],[-72.7723,6.5076],[-72.76699,6.50024],[-72.75614,6.49388],[-72.74888,6.49493],[-72.7363,6.49148],[-72.73794,6.48626],[-72.73721,6.47554],[-72.73271,6.46619],[-72.72486,6.45815],[-72.72668,6.45307],[-72.73794,6.44154],[-72.73412,6.43595],[-72.73567,6.43],[-72.73476,6.4068],[-72.73181,6.39692],[-72.73291,6.38592],[-72.72883,6.38247],[-72.72851,6.37614],[-72.72571,6.37194],[-72.72653,6.36952],[-72.73142,6.36785],[-72.73146,6.35738],[-72.73273,6.35564],[-72.73965,6.35374],[-72.74859,6.34586],[-72.74902,6.33893],[-72.75127,6.33598],[-72.7489,6.32574],[-72.7549,6.31857],[-72.75851,6.3172],[-72.75765,6.30847],[-72.7602,6.30303],[-72.75481,6.29543],[-72.75557,6.284],[-72.75424,6.27959],[-72.74586,6.27477],[-72.74431,6.25934],[-72.74937,6.25316],[-72.75006,6.24949],[-72.74857,6.24004],[-72.74414,6.2337],[-72.74464,6.229],[-72.75003,6.22663],[-72.7512,6.22249],[-72.7549,6.21919],[-72.7626,6.21813],[-72.76726,6.21943],[-72.77498,6.21028],[-72.77888,6.21017],[-72.78406,6.21411],[-72.79356,6.21676],[-72.8045,6.21564],[-72.80407,6.21047],[-72.81005,6.20067],[-72.81073,6.19469],[-72.81938,6.1815],[-72.82086,6.17345],[-72.82535,6.16897],[-72.8271,6.15693],[-72.83116,6.14713],[-72.8466,6.14224],[-72.85407,6.14489],[-72.85829,6.14196],[-72.86891,6.14465],[-72.87158,6.14129],[-72.87166,6.13739],[-72.86979,6.13321],[-72.87246,6.12567],[-72.87575,6.12398],[-72.898,6.12275],[-72.90122,6.1119],[-72.90803,6.10662],[-72.91426,6.10828],[-72.91621,6.10757],[-72.91971,6.09952],[-72.92319,6.09862],[-72.92422,6.0969],[-72.92341,6.0898],[-72.92441,6.08636],[-72.93197,6.08556],[-72.93638,6.07704],[-72.94457,6.07646],[-72.94696,6.07115],[-72.95233,6.06825],[-72.95457,6.06325],[-72.95354,6.05693],[-72.95485,6.05388],[-72.95452,6.0478],[-72.9577,6.04334],[-72.96105,6.042],[-72.96048,6.03596],[-72.96232,6.0278],[-72.96951,6.02237],[-72.97072,6.01818],[-72.97627,6.01708],[-72.97806,6.01252],[-72.98453,6.01012],[-72.98666,6.00088],[-72.98953,5.9961],[-72.99016,5.98963],[-72.99202,5.98717],[-72.99637,5.98562],[-73.00373,5.9722],[-73.00917,5.96598],[-73.01635,5.98646],[-73.01671,6.00288],[-73.02515,6.0169],[-73.03123,6.0214],[-73.02997,6.02331],[-73.03149,6.0249],[-73.04286,6.02241],[-73.04694,6.01817],[-73.05165,6.01763],[-73.05513,6.01427],[-73.06373,6.0141],[-73.07015,6.00539],[-73.09383,5.99046],[-73.10299,5.99482],[-73.10422,5.99863],[-73.12424,5.9952],[-73.13746,5.99744],[-73.14086,6.00216],[-73.14005,6.0102],[-73.14443,6.01539],[-73.1469,6.0248],[-73.1485,6.01918],[-73.14804,6.00442],[-73.15037,5.99265],[-73.15202,5.98756],[-73.15658,5.98244],[-73.17625,5.99594],[-73.19079,5.99995],[-73.1973,6.0041],[-73.20004,6.00385],[-73.205,5.99232],[-73.20827,5.991],[-73.21746,5.98261],[-73.21803,5.97729],[-73.2203,5.97628],[-73.22046,5.97175],[-73.21613,5.96211],[-73.22106,5.9572],[-73.21895,5.95201],[-73.21953,5.94724],[-73.22854,5.93689],[-73.23176,5.9311],[-73.23629,5.91452],[-73.24075,5.90755],[-73.24097,5.90133],[-73.24053,5.89844],[-73.23764,5.8966],[-73.23112,5.89607],[-73.22108,5.89039],[-73.21155,5.88889],[-73.20877,5.88631],[-73.20776,5.88053],[-73.20511,5.87722],[-73.19593,5.87147],[-73.19492,5.86587],[-73.18826,5.85851],[-73.18645,5.85039],[-73.18643,5.8467],[-73.19066,5.84317],[-73.19573,5.83368],[-73.20119,5.8331],[-73.20602,5.82619],[-73.21057,5.82734],[-73.21554,5.82431],[-73.22863,5.82451],[-73.23556,5.81937],[-73.2479,5.81569],[-73.25227,5.81912],[-73.25722,5.82741],[-73.25822,5.83233],[-73.26382,5.8328],[-73.26499,5.83427],[-73.26589,5.84412],[-73.27063,5.84625],[-73.27887,5.85503],[-73.28276,5.85469],[-73.28887,5.84984],[-73.29197,5.8491],[-73.29928,5.85326],[-73.30507,5.85244],[-73.31252,5.85549],[-73.31583,5.85494],[-73.32082,5.85146],[-73.32952,5.85121],[-73.33458,5.85765],[-73.34318,5.8629],[-73.35098,5.8728],[-73.35544,5.87357],[-73.36929,5.87165],[-73.35831,5.86773],[-73.35912,5.86266],[-73.34973,5.85063],[-73.34674,5.84257],[-73.34949,5.8399],[-73.34908,5.83351],[-73.35348,5.83166],[-73.35119,5.8237],[-73.35783,5.81591],[-73.35905,5.79877],[-73.3614,5.7951],[-73.36441,5.79358],[-73.3659,5.78926],[-73.37342,5.78557],[-73.37382,5.7777],[-73.37788,5.77251],[-73.37785,5.76432],[-73.38923,5.75153],[-73.39341,5.75348],[-73.39622,5.75789],[-73.41034,5.76225],[-73.41692,5.76804],[-73.43101,5.76755],[-73.43419,5.77993],[-73.43237,5.7822],[-73.43207,5.78942],[-73.43446,5.7934],[-73.44934,5.80261],[-73.45141,5.80766],[-73.45562,5.81109],[-73.46058,5.81376],[-73.4707,5.81609],[-73.47136,5.81878],[-73.46903,5.82763],[-73.46272,5.83688],[-73.46285,5.84671],[-73.46129,5.84854],[-73.45111,5.85133],[-73.44179,5.84813],[-73.43454,5.84855],[-73.43288,5.84993],[-73.43478,5.85993],[-73.43734,5.86316],[-73.44165,5.8863],[-73.43814,5.88867],[-73.43069,5.889],[-73.42315,5.89138],[-73.41838,5.88996],[-73.41198,5.89135],[-73.40794,5.88931],[-73.40647,5.89024],[-73.40775,5.89421],[-73.40673,5.89876],[-73.40117,5.9028],[-73.39825,5.91279],[-73.39604,5.91582],[-73.39629,5.91869],[-73.3978,5.9199],[-73.39594,5.92512],[-73.39358,5.92811],[-73.38774,5.93038],[-73.38738,5.9451],[-73.38195,5.95233],[-73.37911,5.96085],[-73.37442,5.96705],[-73.37498,5.97773],[-73.37102,5.99658],[-73.37144,6.00438],[-73.38654,6.02412],[-73.3894,6.03198],[-73.39694,6.04324],[-73.40398,6.04989],[-73.40447,6.05681],[-73.41689,6.0664],[-73.41776,6.06944],[-73.41431,6.0746],[-73.42683,6.06916],[-73.43452,6.0704],[-73.44544,6.07696],[-73.45399,6.08012],[-73.46706,6.09345],[-73.47621,6.09559],[-73.48748,6.10107],[-73.49779,6.10891],[-73.51367,6.09914],[-73.51464,6.08788],[-73.52648,6.07514],[-73.52525,6.06016],[-73.53118,6.05078],[-73.5344,6.04849],[-73.54091,6.03585],[-73.54652,6.03231],[-73.55703,6.02977],[-73.56506,6.01806],[-73.5796,6.01206],[-73.58468,6.00672],[-73.59135,5.98029],[-73.59083,5.96534],[-73.60376,5.93582],[-73.61105,5.9263],[-73.62155,5.92338],[-73.62663,5.91639],[-73.63016,5.91428],[-73.62966,5.90864],[-73.63163,5.89792],[-73.62611,5.89295],[-73.61444,5.8902],[-73.59991,5.86837],[-73.60874,5.84566],[-73.61886,5.82736],[-73.61993,5.82043],[-73.62396,5.81098],[-73.62589,5.79913],[-73.62972,5.7912],[-73.62615,5.77829],[-73.62564,5.77085],[-73.62978,5.75864],[-73.63087,5.74201],[-73.63663,5.73584],[-73.63952,5.72425],[-73.6469,5.71216],[-73.65504,5.712],[-73.65658,5.71318],[-73.65708,5.71838],[-73.66491,5.72732],[-73.67385,5.74832],[-73.68119,5.7504],[-73.68586,5.75336],[-73.69786,5.75604],[-73.70266,5.76112],[-73.7038,5.76659],[-73.71004,5.77185],[-73.71086,5.77558],[-73.71541,5.78107],[-73.7192,5.77362],[-73.72765,5.77027],[-73.73261,5.77023],[-73.74074,5.77432],[-73.74414,5.77095],[-73.74932,5.77228],[-73.75808,5.77006],[-73.77667,5.75459],[-73.78158,5.7479],[-73.78808,5.74233],[-73.79148,5.73754],[-73.79146,5.73353],[-73.79485,5.7288],[-73.80125,5.72641],[-73.8129,5.71439],[-73.81673,5.71473],[-73.8198,5.71672],[-73.81801,5.72421],[-73.81888,5.73441],[-73.8209,5.7377],[-73.82638,5.73973],[-73.83014,5.73865],[-73.83556,5.73992],[-73.84297,5.73836],[-73.84507,5.73381],[-73.85673,5.72367],[-73.85635,5.71902],[-73.86114,5.71151],[-73.87424,5.70685],[-73.88678,5.70825],[-73.88416,5.71346],[-73.88414,5.71865],[-73.87834,5.7239],[-73.8787,5.72786],[-73.87574,5.73072],[-73.87733,5.73337],[-73.88134,5.73361],[-73.8833,5.73688],[-73.8896,5.73891],[-73.89472,5.73782],[-73.89652,5.73551],[-73.9047,5.73817],[-73.90762,5.73601],[-73.91667,5.73644],[-73.9217,5.73809],[-73.9237,5.74188],[-73.94499,5.73667],[-73.95503,5.73936],[-73.96111,5.73903],[-73.97316,5.73083],[-73.98196,5.72064],[-73.99232,5.72974],[-73.99321,5.7351],[-73.99794,5.74101],[-73.99816,5.74674],[-74.0032,5.75964],[-74.00681,5.76249],[-74.01253,5.76227],[-74.01158,5.77512],[-74.01768,5.77647],[-74.01946,5.78201],[-74.0246,5.78821],[-74.02481,5.79826],[-74.02679,5.80171],[-74.02552,5.80691],[-74.05462,5.8199],[-74.06013,5.81982],[-74.06636,5.81591],[-74.07987,5.82006],[-74.0804,5.83345],[-74.08508,5.84151],[-74.08863,5.84316],[-74.09309,5.85708],[-74.1034,5.87542],[-74.1072,5.87678],[-74.1239,5.87494],[-74.1351,5.87694],[-74.14747,5.88836],[-74.1649,5.89685],[-74.18064,5.91139],[-74.18392,5.90829],[-74.18406,5.90295],[-74.19084,5.88371],[-74.19884,5.87494],[-74.19866,5.87134],[-74.19453,5.86237],[-74.19493,5.85861],[-74.19724,5.85502],[-74.20163,5.85287],[-74.21765,5.85076],[-74.22254,5.84738],[-74.22635,5.83972],[-74.23012,5.83643],[-74.2391,5.83373],[-74.25472,5.83405],[-74.26266,5.82633],[-74.26772,5.83796],[-74.27457,5.84276],[-74.27434,5.84894],[-74.27786,5.85346],[-74.27773,5.86004],[-74.27992,5.86451],[-74.27707,5.86608],[-74.26943,5.87575],[-74.25791,5.88294],[-74.25076,5.89375],[-74.23895,5.89881],[-74.23169,5.90582],[-74.2283,5.91246],[-74.22522,5.92523],[-74.22764,5.92979],[-74.2363,5.93494],[-74.23864,5.944],[-74.23652,5.94961],[-74.22519,5.96148],[-74.22278,5.96723],[-74.22606,5.97505],[-74.25431,6.00283],[-74.25865,6.01131],[-74.25956,6.02255],[-74.26429,6.03644],[-74.26162,6.04814],[-74.26311,6.05385],[-74.25921,6.06008],[-74.25976,6.06492],[-74.26263,6.06786],[-74.27488,6.0733],[-74.27808,6.07866],[-74.29746,6.08209],[-74.30089,6.08023],[-74.30471,6.07502],[-74.30849,6.07423],[-74.3143,6.06956],[-74.33819,6.06215],[-74.34131,6.05771],[-74.3446,6.04424],[-74.34717,6.04062],[-74.3582,6.03851],[-74.36889,6.04467],[-74.37746,6.04049],[-74.38005,6.04056],[-74.38254,6.04686],[-74.38686,6.05269],[-74.39838,6.06286],[-74.40079,6.07746],[-74.40564,6.08482],[-74.41174,6.08752],[-74.42818,6.0877],[-74.44396,6.09347],[-74.4491,6.09788],[-74.45073,6.11003],[-74.45433,6.12169],[-74.45442,6.13743],[-74.46817,6.15205],[-74.47545,6.15554],[-74.47767,6.1589],[-74.47288,6.17336],[-74.47328,6.18749],[-74.47098,6.19981],[-74.4741,6.20211],[-74.48157,6.20166],[-74.48586,6.20286],[-74.4947,6.20954],[-74.50533,6.21447],[-74.50952,6.21878],[-74.51263,6.23118],[-74.5189,6.23996],[-74.52145,6.25221],[-74.52645,6.26222],[-74.52574,6.26855],[-74.52111,6.27563],[-74.5391,6.26614],[-74.54392,6.25351],[-74.55787,6.23252],[-74.56812,6.22105],[-74.57235,6.21408],[-74.57373,6.20788],[-74.57606,6.1836],[-74.58463,6.16882],[-74.5868,6.16641],[-74.59299,6.16364],[-74.59657,6.15953],[-74.59994,6.15139],[-74.60654,6.1421],[-74.61108,6.13072],[-74.60979,6.12063],[-74.60582,6.10788],[-74.60578,6.10076],[-74.60242,6.09508],[-74.59503,6.09073],[-74.58933,6.08934],[-74.57801,6.08239],[-74.56583,6.07983],[-74.56132,6.07568],[-74.5627,6.06978],[-74.57039,6.05757],[-74.57184,6.04405],[-74.56967,6.02863],[-74.56105,6.00218],[-74.56539,5.98871],[-74.57074,5.9837],[-74.5769,5.98219],[-74.58903,5.98392],[-74.5943,5.98295],[-74.6072,5.97581],[-74.61093,5.97122],[-74.61153,5.96086],[-74.60544,5.95307],[-74.60045,5.93313],[-74.58912,5.91984],[-74.5859,5.90607],[-74.58629,5.89863],[-74.58877,5.8959],[-74.5958,5.89305],[-74.61974,5.88864],[-74.62889,5.8822],[-74.63662,5.87308],[-74.64469,5.84332],[-74.64872,5.83399],[-74.64861,5.82734],[-74.6454,5.81863],[-74.6451,5.81339],[-74.64995,5.79543],[-74.65571,5.78397],[-74.65755,5.77526],[-74.6575,5.76332],[-74.65933,5.75137]]]}},{"type":"Feature","properties":{"shapeName":"Casanare","shapeISO":"CO-CAS","shapeID":"13589884B21818736641406","shapeGroup":"COL","shapeType":"ADM1"},"geometry":{"type":"Polygon","coordinates":[[[-71.0775,4.92464],[-71.06837,4.91834],[-71.06361,4.91932],[-71.06055,4.9225],[-71.05911,4.9286],[-71.05498,4.9332],[-71.04341,4.93805],[-71.0319,4.9461],[-71.01554,4.95981],[-71.00678,4.97028],[-71.00178,4.97978],[-70.99872,4.99823],[-70.98307,5.04047],[-70.98496,5.0468],[-70.97927,5.05216],[-70.97903,5.05622],[-70.97051,5.06037],[-70.97007,5.06342],[-70.97161,5.06705],[-70.97032,5.0701],[-70.97336,5.07289],[-70.97334,5.0758],[-70.96863,5.08381],[-70.95987,5.09335],[-70.95447,5.10995],[-70.93978,5.13013],[-70.9375,5.13218],[-70.92416,5.13694],[-70.9153,5.13668],[-70.89591,5.1466],[-70.86761,5.1525],[-70.8557,5.15365],[-70.84455,5.15849],[-70.83928,5.16479],[-70.82577,5.17353],[-70.82371,5.17614],[-70.81967,5.18848],[-70.79827,5.20357],[-70.7702,5.22019],[-70.74456,5.24484],[-70.72423,5.25766],[-70.71631,5.26763],[-70.6914,5.28895],[-70.67719,5.32047],[-70.67639,5.32473],[-70.6777,5.3317],[-70.68389,5.3394],[-70.68064,5.35039],[-70.68045,5.35955],[-70.69031,5.37076],[-70.69129,5.37375],[-70.68918,5.38212],[-70.68612,5.38451],[-70.67725,5.38816],[-70.66606,5.38653],[-70.65196,5.3866],[-70.64591,5.39018],[-70.6365,5.401],[-70.62467,5.40001],[-70.61828,5.40288],[-70.61078,5.41186],[-70.6062,5.42092],[-70.59249,5.42709],[-70.57689,5.42842],[-70.57146,5.43634],[-70.56685,5.44853],[-70.56392,5.45199],[-70.5574,5.45245],[-70.55207,5.45519],[-70.52873,5.47266],[-70.51645,5.47543],[-70.51296,5.47868],[-70.50693,5.49078],[-70.49059,5.49907],[-70.47619,5.51247],[-70.46106,5.51841],[-70.4408,5.52958],[-70.42413,5.5326],[-70.40985,5.55019],[-70.39611,5.5599],[-70.38319,5.56344],[-70.37785,5.56767],[-70.37328,5.57219],[-70.36591,5.58442],[-70.35622,5.59189],[-70.34922,5.58936],[-70.33138,5.57654],[-70.31485,5.56763],[-70.29336,5.56096],[-70.28705,5.56092],[-70.27192,5.56685],[-70.25724,5.56818],[-70.24206,5.57142],[-70.2261,5.58601],[-70.21565,5.59048],[-70.1941,5.59218],[-70.18577,5.5988],[-70.17433,5.60398],[-70.1663,5.60712],[-70.15722,5.60855],[-70.12986,5.62079],[-70.12409,5.63544],[-70.11554,5.64762],[-70.1001,5.65826],[-70.08928,5.67382],[-70.07297,5.68862],[-70.06623,5.69836],[-70.06,5.70369],[-70.0571,5.70976],[-70.05146,5.71473],[-70.04588,5.72949],[-70.04397,5.74737],[-70.03536,5.75137],[-70.03032,5.7567],[-70.02509,5.755],[-70.02222,5.75653],[-70.02181,5.76368],[-70.01785,5.76807],[-70.01276,5.77925],[-69.99457,5.79058],[-69.98653,5.79816],[-69.96774,5.82654],[-69.96711,5.83155],[-69.96964,5.84433],[-69.96479,5.85516],[-69.95855,5.86179],[-69.94561,5.87088],[-69.93453,5.88727],[-69.92989,5.90179],[-69.91752,5.91506],[-69.91269,5.91637],[-69.89246,5.95067],[-69.87774,5.96525],[-69.8619,5.97505],[-69.84702,6.00281],[-69.84567,6.02321],[-69.84284,6.03006],[-69.83867,6.03474],[-69.82649,6.04359],[-69.83379,6.04261],[-69.84624,6.04387],[-69.85189,6.04083],[-69.86133,6.0392],[-69.87152,6.04508],[-69.8883,6.04964],[-69.89162,6.05205],[-69.89706,6.06554],[-69.90497,6.06969],[-69.9065,6.072],[-69.9065,6.07703],[-69.89975,6.08627],[-69.90608,6.10001],[-69.91294,6.10678],[-69.92349,6.10961],[-69.93399,6.11769],[-69.9428,6.13627],[-69.94903,6.14361],[-69.95837,6.14387],[-69.96,6.14272],[-69.95942,6.13779],[-69.96079,6.13548],[-69.97235,6.13223],[-69.97578,6.13207],[-69.98227,6.1381],[-69.98633,6.13873],[-69.98538,6.14891],[-69.98028,6.15713],[-69.98185,6.16336],[-69.9876,6.16741],[-69.99114,6.167],[-69.99401,6.16332],[-69.99301,6.15142],[-69.99416,6.14852],[-69.99894,6.14663],[-70.0033,6.14745],[-70.00853,6.15242],[-70.02284,6.15766],[-70.02738,6.16149],[-70.0302,6.16031],[-70.0354,6.15391],[-70.03754,6.15354],[-70.04398,6.15375],[-70.05798,6.16039],[-70.06057,6.16501],[-70.0601,6.17015],[-70.05413,6.17369],[-70.04537,6.17429],[-70.03828,6.17702],[-70.03472,6.18185],[-70.03543,6.18649],[-70.0426,6.18704],[-70.04846,6.18457],[-70.05703,6.18384],[-70.06068,6.18733],[-70.06134,6.19291],[-70.05896,6.20658],[-70.05988,6.20923],[-70.07574,6.2155],[-70.08766,6.22898],[-70.09505,6.23472],[-70.09803,6.23525],[-70.10906,6.23155],[-70.11238,6.23202],[-70.11573,6.23477],[-70.11721,6.23716],[-70.1169,6.24484],[-70.12349,6.2643],[-70.12742,6.26711],[-70.13787,6.26892],[-70.14056,6.26876],[-70.14275,6.26682],[-70.14784,6.26713],[-70.15043,6.26876],[-70.15423,6.27579],[-70.15457,6.28701],[-70.15407,6.2884],[-70.15093,6.28864],[-70.15011,6.29192],[-70.15227,6.29627],[-70.15977,6.29795],[-70.16536,6.29624],[-70.16536,6.29063],[-70.16781,6.28287],[-70.17061,6.28001],[-70.17457,6.27899],[-70.1837,6.28151],[-70.19496,6.29493],[-70.19844,6.29395],[-70.20217,6.28736],[-70.21176,6.28802],[-70.22169,6.29255],[-70.22422,6.29166],[-70.2265,6.28773],[-70.23366,6.29199],[-70.23747,6.28572],[-70.24482,6.28736],[-70.25392,6.28624],[-70.26176,6.28268],[-70.26567,6.27515],[-70.27097,6.27326],[-70.28955,6.28517],[-70.2931,6.28402],[-70.29496,6.27979],[-70.29895,6.27753],[-70.30985,6.28862],[-70.31089,6.28628],[-70.30877,6.28113],[-70.31015,6.27946],[-70.32037,6.27872],[-70.31944,6.28417],[-70.32447,6.28925],[-70.32891,6.29088],[-70.33007,6.29388],[-70.33682,6.29203],[-70.34324,6.29448],[-70.35242,6.29385],[-70.36648,6.30204],[-70.36898,6.30182],[-70.37324,6.29833],[-70.38063,6.30108],[-70.38992,6.29229],[-70.40585,6.29043],[-70.4134,6.29339],[-70.42028,6.29012],[-70.43106,6.29103],[-70.43198,6.28658],[-70.42832,6.28191],[-70.42963,6.27811],[-70.43875,6.27303],[-70.44423,6.27436],[-70.44953,6.27243],[-70.45515,6.26644],[-70.46233,6.26211],[-70.46542,6.26251],[-70.46942,6.26548],[-70.47345,6.26563],[-70.47707,6.26185],[-70.47748,6.25732],[-70.48165,6.24944],[-70.48942,6.25014],[-70.50039,6.24751],[-70.51117,6.23987],[-70.51487,6.23512],[-70.52938,6.22919],[-70.53195,6.23215],[-70.53274,6.23876],[-70.5377,6.24413],[-70.54468,6.24465],[-70.54983,6.23749],[-70.55262,6.23701],[-70.5549,6.23972],[-70.55553,6.24495],[-70.55953,6.24632],[-70.56762,6.23931],[-70.57091,6.23898],[-70.5743,6.2408],[-70.57561,6.24803],[-70.57893,6.24918],[-70.58456,6.23798],[-70.58814,6.23794],[-70.59568,6.24172],[-70.59811,6.24028],[-70.60005,6.23605],[-70.60266,6.23605],[-70.60706,6.23953],[-70.61105,6.23946],[-70.61598,6.2329],[-70.62396,6.23412],[-70.62665,6.22889],[-70.62967,6.22659],[-70.63232,6.22852],[-70.63325,6.23293],[-70.63833,6.23468],[-70.65474,6.22859],[-70.6631,6.22804],[-70.67325,6.22021],[-70.68,6.2191],[-70.68299,6.22296],[-70.68922,6.22603],[-70.70309,6.2204],[-70.7144,6.2244],[-70.71855,6.22354],[-70.72085,6.21905],[-70.72491,6.21618],[-70.72976,6.21727],[-70.73163,6.22529],[-70.73321,6.22648],[-70.7435,6.22421],[-70.74598,6.22481],[-70.7526,6.23105],[-70.75804,6.23234],[-70.76546,6.22838],[-70.76863,6.22848],[-70.77209,6.23255],[-70.76981,6.24096],[-70.7705,6.24344],[-70.77446,6.24502],[-70.7799,6.24295],[-70.78336,6.24849],[-70.80103,6.25464],[-70.80443,6.25375],[-70.80572,6.25029],[-70.81007,6.24732],[-70.8164,6.25316],[-70.82432,6.25218],[-70.82798,6.24723],[-70.82996,6.23961],[-70.83145,6.23881],[-70.84134,6.24001],[-70.84787,6.23724],[-70.86113,6.23932],[-70.864,6.23606],[-70.864,6.22418],[-70.86727,6.22081],[-70.87004,6.2223],[-70.87647,6.23141],[-70.88023,6.23151],[-70.88527,6.22715],[-70.88854,6.22656],[-70.89368,6.23448],[-70.89734,6.23597],[-70.90585,6.23142],[-70.91574,6.23509],[-70.92188,6.2342],[-70.92999,6.23054],[-70.93543,6.22579],[-70.94394,6.22747],[-70.95245,6.2352],[-70.95601,6.23619],[-70.96284,6.2349],[-70.97214,6.23569],[-70.9755,6.23391],[-70.97778,6.23065],[-70.9845,6.22916],[-70.99479,6.2353],[-70.99628,6.23748],[-70.99608,6.24124],[-71.01151,6.25422],[-71.0214,6.25432],[-71.03407,6.2664],[-71.03684,6.26471],[-71.03357,6.25719],[-71.03555,6.25452],[-71.03991,6.25412],[-71.04327,6.2559],[-71.05148,6.2566],[-71.05979,6.25462],[-71.06355,6.2558],[-71.06969,6.26382],[-71.07216,6.26462],[-71.07483,6.26353],[-71.08163,6.26755],[-71.08853,6.27667],[-71.09245,6.27913],[-71.09632,6.27804],[-71.10655,6.26675],[-71.11421,6.26389],[-71.11602,6.26549],[-71.11771,6.27282],[-71.12154,6.27505],[-71.12713,6.27147],[-71.12625,6.2633],[-71.12886,6.26068],[-71.13244,6.26052],[-71.1454,6.26603],[-71.15668,6.26279],[-71.15803,6.2691],[-71.16148,6.27256],[-71.17158,6.27508],[-71.18118,6.28199],[-71.18333,6.28127],[-71.18467,6.27706],[-71.188,6.27668],[-71.19419,6.28312],[-71.20479,6.28556],[-71.21317,6.29601],[-71.21768,6.29845],[-71.22155,6.29866],[-71.22603,6.29478],[-71.22521,6.29268],[-71.22122,6.29036],[-71.21928,6.28618],[-71.22023,6.283],[-71.22981,6.28279],[-71.23303,6.27891],[-71.23433,6.2714],[-71.23165,6.26542],[-71.23247,6.26409],[-71.23475,6.26421],[-71.24033,6.26803],[-71.2494,6.26943],[-71.25418,6.27413],[-71.25718,6.28073],[-71.26017,6.28285],[-71.26854,6.28343],[-71.26852,6.27808],[-71.27147,6.27378],[-71.27147,6.26067],[-71.27411,6.25994],[-71.27664,6.26235],[-71.27379,6.26738],[-71.27422,6.27106],[-71.27633,6.27284],[-71.2938,6.27384],[-71.30268,6.26887],[-71.3125,6.25545],[-71.31701,6.25341],[-71.33186,6.25697],[-71.33302,6.25382],[-71.33096,6.24896],[-71.33126,6.24618],[-71.33331,6.24406],[-71.3426,6.24265],[-71.34387,6.24098],[-71.34384,6.23446],[-71.34663,6.23015],[-71.3491,6.2293],[-71.35525,6.23064],[-71.36544,6.22882],[-71.36977,6.23505],[-71.37332,6.2359],[-71.37571,6.2326],[-71.37515,6.22714],[-71.37824,6.22536],[-71.38082,6.22848],[-71.38045,6.24038],[-71.38295,6.24276],[-71.38604,6.24272],[-71.39156,6.23757],[-71.39496,6.23671],[-71.40458,6.24235],[-71.41555,6.24346],[-71.41832,6.23768],[-71.4163,6.22674],[-71.41902,6.22481],[-71.42608,6.22696],[-71.43365,6.23938],[-71.44372,6.24584],[-71.44857,6.24654],[-71.44999,6.24313],[-71.4407,6.23171],[-71.43787,6.22436],[-71.43861,6.21631],[-71.44115,6.21464],[-71.44689,6.2155],[-71.45257,6.22373],[-71.45686,6.22406],[-71.45932,6.21987],[-71.45824,6.21524],[-71.45973,6.21112],[-71.46399,6.21072],[-71.47056,6.21295],[-71.47515,6.21047],[-71.47904,6.20524],[-71.48538,6.2022],[-71.49076,6.20356],[-71.49218,6.21395],[-71.49535,6.21709],[-71.50179,6.21033],[-71.50194,6.20015],[-71.50886,6.19595],[-71.51244,6.20519],[-71.52342,6.21017],[-71.52954,6.21604],[-71.53118,6.21851],[-71.53096,6.22365],[-71.53302,6.22522],[-71.53666,6.22512],[-71.53777,6.22365],[-71.5345,6.21688],[-71.53381,6.21064],[-71.54099,6.21054],[-71.54811,6.21326],[-71.55144,6.21159],[-71.55249,6.20765],[-71.54806,6.19989],[-71.5507,6.19569],[-71.5564,6.19611],[-71.55916,6.19792],[-71.56233,6.20789],[-71.5646,6.21074],[-71.5713,6.21158],[-71.5733,6.21017],[-71.57455,6.20567],[-71.56739,6.19385],[-71.56759,6.19083],[-71.5712,6.1892],[-71.57498,6.19083],[-71.58433,6.19954],[-71.58628,6.2077],[-71.59087,6.21097],[-71.59793,6.2114],[-71.60939,6.20745],[-71.6112,6.2086],[-71.61167,6.21198],[-71.60838,6.22028],[-71.61178,6.22527],[-71.62002,6.22659],[-71.63091,6.22395],[-71.63646,6.22794],[-71.63838,6.22596],[-71.63718,6.22166],[-71.64129,6.22074],[-71.64195,6.21802],[-71.64679,6.21389],[-71.64531,6.21217],[-71.64537,6.20701],[-71.64757,6.20354],[-71.65711,6.19722],[-71.6621,6.19599],[-71.67185,6.18805],[-71.67907,6.19102],[-71.6926,6.18975],[-71.70228,6.19407],[-71.7042,6.19339],[-71.70664,6.19477],[-71.71349,6.19268],[-71.71675,6.19478],[-71.72301,6.19443],[-71.72682,6.19582],[-71.73685,6.19117],[-71.7426,6.1916],[-71.74889,6.18935],[-71.75622,6.19303],[-71.76143,6.1915],[-71.76997,6.1917],[-71.77268,6.19321],[-71.77908,6.19175],[-71.78257,6.19334],[-71.79072,6.18802],[-71.79765,6.18823],[-71.80405,6.19075],[-71.80842,6.18707],[-71.81072,6.18678],[-71.82046,6.19117],[-71.82722,6.18615],[-71.83783,6.18112],[-71.84289,6.17427],[-71.84783,6.17188],[-71.85876,6.16258],[-71.86679,6.16205],[-71.86998,6.1589],[-71.87418,6.16008],[-71.88159,6.15783],[-71.88913,6.15929],[-71.90201,6.15657],[-71.90977,6.15817],[-71.91477,6.1627],[-71.91371,6.16465],[-71.91711,6.16601],[-71.93207,6.169],[-71.93674,6.16827],[-71.94049,6.1697],[-71.94294,6.16905],[-71.9446,6.17045],[-71.94822,6.16985],[-71.95466,6.1719],[-71.96096,6.16448],[-71.98282,6.14831],[-71.98538,6.14783],[-71.99335,6.13982],[-72.0005,6.13772],[-72.00403,6.13309],[-72.01244,6.1301],[-72.01495,6.12746],[-72.03538,6.12132],[-72.04757,6.12353],[-72.05358,6.12319],[-72.06971,6.11517],[-72.07503,6.11398],[-72.09649,6.09059],[-72.10353,6.08564],[-72.10576,6.08018],[-72.11074,6.0754],[-72.11864,6.07352],[-72.12464,6.06806],[-72.13683,6.06652],[-72.14421,6.06721],[-72.15074,6.07096],[-72.15675,6.07164],[-72.17134,6.07967],[-72.17185,6.08137],[-72.17855,6.08308],[-72.18146,6.08735],[-72.18816,6.09093],[-72.19056,6.09435],[-72.19932,6.09896],[-72.21494,6.10391],[-72.22369,6.10408],[-72.23399,6.11193],[-72.24137,6.11261],[-72.24721,6.11671],[-72.24979,6.11637],[-72.25236,6.1191],[-72.25991,6.1208],[-72.27468,6.13326],[-72.27357,6.13472],[-72.2766,6.13675],[-72.27854,6.15725],[-72.28363,6.16106],[-72.27916,6.17869],[-72.27957,6.18606],[-72.28174,6.19245],[-72.28605,6.19825],[-72.2923,6.20301],[-72.29642,6.20435],[-72.30598,6.20445],[-72.31699,6.2073],[-72.32234,6.21082],[-72.32797,6.21933],[-72.34026,6.22209],[-72.34388,6.22488],[-72.34956,6.24598],[-72.36153,6.26124],[-72.36655,6.27411],[-72.36821,6.29178],[-72.36441,6.30671],[-72.37464,6.30537],[-72.37904,6.29251],[-72.38953,6.28337],[-72.39651,6.27237],[-72.40044,6.27288],[-72.40105,6.26867],[-72.39939,6.26579],[-72.39547,6.26311],[-72.3899,6.26457],[-72.3866,6.26355],[-72.3868,6.26189],[-72.39029,6.25445],[-72.39028,6.25012],[-72.39746,6.23668],[-72.39825,6.21953],[-72.40152,6.20755],[-72.40604,6.20155],[-72.40871,6.19473],[-72.41551,6.19038],[-72.41879,6.18521],[-72.41776,6.18294],[-72.40828,6.1873],[-72.39384,6.18795],[-72.39218,6.18631],[-72.39155,6.18238],[-72.39254,6.16338],[-72.38508,6.15698],[-72.37369,6.15053],[-72.37542,6.14882],[-72.3773,6.14174],[-72.38174,6.13698],[-72.38814,6.13573],[-72.39183,6.1287],[-72.38775,6.11682],[-72.37433,6.11102],[-72.36531,6.1021],[-72.37169,6.09816],[-72.37524,6.09154],[-72.36941,6.08091],[-72.36448,6.07673],[-72.35911,6.07467],[-72.35436,6.07407],[-72.3424,6.07575],[-72.3391,6.07679],[-72.335,6.08402],[-72.3213,6.08928],[-72.32096,6.08468],[-72.318,6.0814],[-72.3175,6.07927],[-72.32012,6.07483],[-72.32076,6.06826],[-72.33239,6.0587],[-72.34304,6.0526],[-72.35057,6.04502],[-72.35418,6.04321],[-72.36473,6.04258],[-72.36588,6.03716],[-72.36587,6.03337],[-72.36311,6.02697],[-72.35514,6.02104],[-72.34873,6.01272],[-72.3438,6.00224],[-72.34005,5.99832],[-72.34152,5.98856],[-72.33966,5.98258],[-72.34211,5.978],[-72.3427,5.96419],[-72.33855,5.95831],[-72.33749,5.95357],[-72.3388,5.9511],[-72.33835,5.94767],[-72.32798,5.9392],[-72.32441,5.93184],[-72.32807,5.91759],[-72.32672,5.90278],[-72.32918,5.89634],[-72.33363,5.89028],[-72.32417,5.88711],[-72.32632,5.88357],[-72.33503,5.88137],[-72.34214,5.87127],[-72.34253,5.86541],[-72.34578,5.8593],[-72.34939,5.85681],[-72.35089,5.85275],[-72.35941,5.85279],[-72.36113,5.85133],[-72.36258,5.83888],[-72.36576,5.83398],[-72.36641,5.82745],[-72.37248,5.82795],[-72.37508,5.82582],[-72.38626,5.8275],[-72.39268,5.82362],[-72.3912,5.81844],[-72.38331,5.81795],[-72.37312,5.81211],[-72.36279,5.8103],[-72.35828,5.812],[-72.35253,5.81165],[-72.34366,5.80414],[-72.33765,5.80398],[-72.33339,5.80195],[-72.32887,5.79567],[-72.31603,5.79499],[-72.30972,5.79686],[-72.30683,5.79245],[-72.30285,5.79069],[-72.30014,5.7947],[-72.30015,5.79908],[-72.2887,5.79868],[-72.2795,5.80029],[-72.27613,5.79729],[-72.26879,5.79925],[-72.26356,5.79554],[-72.25763,5.79476],[-72.25559,5.79316],[-72.25513,5.78572],[-72.25893,5.77915],[-72.258,5.76214],[-72.26029,5.75476],[-72.26778,5.74083],[-72.2691,5.73507],[-72.27316,5.73125],[-72.27931,5.7282],[-72.28036,5.7147],[-72.28456,5.70832],[-72.28615,5.70057],[-72.29539,5.6902],[-72.29929,5.68785],[-72.29391,5.68178],[-72.28309,5.675],[-72.27202,5.67051],[-72.26373,5.6692],[-72.26142,5.65527],[-72.27116,5.63887],[-72.27945,5.62979],[-72.28019,5.62328],[-72.27836,5.61437],[-72.28091,5.60559],[-72.28527,5.60074],[-72.29644,5.60102],[-72.29885,5.59996],[-72.2999,5.5934],[-72.29775,5.57889],[-72.29865,5.57405],[-72.30557,5.5639],[-72.31037,5.55316],[-72.31218,5.55255],[-72.32633,5.53498],[-72.33251,5.53028],[-72.34434,5.50696],[-72.35777,5.51719],[-72.36787,5.52739],[-72.37359,5.53575],[-72.38108,5.55332],[-72.39679,5.57043],[-72.40876,5.57072],[-72.41732,5.5673],[-72.42101,5.56294],[-72.42306,5.55685],[-72.42531,5.55513],[-72.42534,5.54774],[-72.43362,5.53964],[-72.43731,5.53332],[-72.44017,5.53169],[-72.44098,5.52613],[-72.44482,5.51852],[-72.46027,5.50841],[-72.47081,5.49586],[-72.47648,5.49316],[-72.49016,5.4814],[-72.49102,5.47231],[-72.49419,5.46205],[-72.50033,5.44813],[-72.50669,5.43907],[-72.51802,5.43496],[-72.52834,5.4271],[-72.53482,5.4176],[-72.54108,5.41207],[-72.54378,5.40683],[-72.56351,5.39387],[-72.56586,5.39029],[-72.56906,5.38965],[-72.57105,5.39161],[-72.58279,5.38215],[-72.5763,5.37639],[-72.57049,5.37654],[-72.56803,5.37513],[-72.57565,5.35853],[-72.58033,5.35255],[-72.58354,5.35139],[-72.58892,5.35769],[-72.59097,5.35791],[-72.59517,5.35485],[-72.60759,5.35116],[-72.61823,5.35016],[-72.62291,5.34637],[-72.63648,5.34056],[-72.63738,5.33092],[-72.64467,5.32772],[-72.64892,5.32043],[-72.64967,5.31181],[-72.65522,5.30437],[-72.66427,5.30059],[-72.66784,5.29341],[-72.67931,5.29062],[-72.68725,5.28241],[-72.69874,5.27823],[-72.70042,5.27352],[-72.70166,5.27672],[-72.70559,5.27678],[-72.71437,5.28144],[-72.71715,5.28478],[-72.71956,5.29032],[-72.71906,5.30149],[-72.72273,5.31263],[-72.75517,5.33061],[-72.76215,5.33738],[-72.77476,5.35693],[-72.78382,5.37725],[-72.7848,5.38342],[-72.79681,5.39517],[-72.80254,5.39498],[-72.81463,5.38626],[-72.81556,5.38279],[-72.81338,5.37712],[-72.83788,5.36455],[-72.84564,5.35693],[-72.84842,5.35161],[-72.85329,5.34791],[-72.85865,5.34761],[-72.86313,5.34903],[-72.86762,5.35395],[-72.87754,5.35942],[-72.87624,5.35005],[-72.88228,5.33387],[-72.89725,5.28314],[-72.90615,5.2668],[-72.90864,5.2501],[-72.91604,5.23813],[-72.92182,5.22363],[-72.92955,5.21946],[-72.93241,5.2134],[-72.93244,5.20797],[-72.93922,5.20174],[-72.93984,5.19961],[-72.94575,5.19552],[-72.94626,5.19189],[-72.94908,5.19032],[-72.94976,5.18422],[-72.94765,5.18035],[-72.94993,5.1753],[-72.95383,5.17392],[-72.95757,5.16402],[-72.96152,5.16291],[-72.96011,5.16006],[-72.96176,5.15635],[-72.9688,5.15444],[-72.9734,5.1492],[-72.96434,5.13411],[-72.95756,5.13093],[-72.94949,5.12355],[-72.93707,5.11572],[-72.93513,5.10768],[-72.92983,5.10234],[-72.92704,5.09708],[-72.92376,5.09647],[-72.91602,5.10176],[-72.90883,5.1035],[-72.90509,5.09656],[-72.90537,5.0793],[-72.90323,5.06875],[-72.92581,5.04869],[-72.92785,5.04409],[-72.92435,5.03428],[-72.92489,5.03089],[-72.93959,5.02193],[-72.94814,5.01491],[-72.95434,5.00711],[-72.95763,4.99756],[-72.96831,4.98944],[-72.97245,4.97587],[-72.98746,4.98559],[-72.99985,4.98886],[-73.00428,4.99689],[-73.01071,4.99743],[-73.01124,4.99956],[-73.01637,5.00263],[-73.0196,5.00151],[-73.01768,4.99955],[-73.01797,4.99707],[-73.0211,4.99433],[-73.02318,4.98845],[-73.03042,4.9825],[-73.02903,4.96904],[-73.03203,4.96782],[-73.03318,4.96443],[-73.03583,4.96243],[-73.03875,4.95328],[-73.0405,4.93797],[-73.04476,4.93366],[-73.04837,4.92373],[-73.0476,4.90191],[-73.04065,4.88769],[-73.04302,4.88258],[-73.04191,4.87938],[-73.04269,4.87603],[-73.04433,4.87348],[-73.05083,4.87214],[-73.05111,4.85999],[-73.05269,4.85681],[-73.058,4.85029],[-73.0678,4.84511],[-73.06686,4.83896],[-73.07027,4.83471],[-73.06947,4.83224],[-73.07143,4.82184],[-73.0739,4.81792],[-73.07113,4.8125],[-73.0733,4.80158],[-73.0717,4.79608],[-73.06878,4.79272],[-73.06085,4.7885],[-73.05737,4.78337],[-73.04623,4.75823],[-73.04668,4.74523],[-73.05083,4.73721],[-73.04922,4.73115],[-73.05414,4.70059],[-73.05124,4.69746],[-73.04992,4.69244],[-73.04444,4.68813],[-73.04122,4.68173],[-73.03746,4.66474],[-73.02807,4.65632],[-73.01719,4.6406],[-73.00728,4.63172],[-73.00322,4.62498],[-72.99824,4.61997],[-72.98214,4.6101],[-72.97052,4.5965],[-72.96463,4.58389],[-72.96176,4.57378],[-72.94873,4.55647],[-72.94473,4.54852],[-72.93214,4.53383],[-72.92643,4.5184],[-72.91537,4.51165],[-72.90953,4.50381],[-72.90639,4.49632],[-72.89864,4.48863],[-72.89553,4.47858],[-72.89032,4.4727],[-72.8748,4.46221],[-72.87091,4.45506],[-72.86089,4.45289],[-72.84467,4.44474],[-72.8434,4.44247],[-72.84403,4.43085],[-72.82866,4.43016],[-72.81885,4.43588],[-72.81138,4.43149],[-72.8098,4.4255],[-72.81612,4.41519],[-72.81468,4.41066],[-72.80503,4.40271],[-72.80511,4.39844],[-72.80875,4.39258],[-72.80875,4.38919],[-72.8071,4.387],[-72.80268,4.38756],[-72.79182,4.39946],[-72.78913,4.40095],[-72.78494,4.3995],[-72.78348,4.39391],[-72.78502,4.38868],[-72.79021,4.3878],[-72.79818,4.38384],[-72.8008,4.3814],[-72.80149,4.37801],[-72.79877,4.3746],[-72.78295,4.37378],[-72.78097,4.37089],[-72.7735,4.36953],[-72.76867,4.36544],[-72.76747,4.36121],[-72.76817,4.3557],[-72.77012,4.35386],[-72.77693,4.35526],[-72.77799,4.35118],[-72.77398,4.34744],[-72.77181,4.34762],[-72.7706,4.3497],[-72.76645,4.35],[-72.76232,4.34612],[-72.76275,4.34359],[-72.76612,4.34156],[-72.76841,4.338],[-72.76856,4.33403],[-72.76429,4.3308],[-72.75067,4.32993],[-72.745,4.32762],[-72.74036,4.3222],[-72.74089,4.31386],[-72.74268,4.31269],[-72.74172,4.30884],[-72.73836,4.30934],[-72.73326,4.30703],[-72.71842,4.2969],[-72.70875,4.29557],[-72.70172,4.28773],[-72.69694,4.286],[-72.69166,4.28757],[-72.68898,4.29237],[-72.68592,4.30371],[-72.68711,4.31126],[-72.68458,4.31384],[-72.675,4.31715],[-72.66461,4.31713],[-72.65019,4.30847],[-72.62908,4.30054],[-72.61851,4.30206],[-72.60771,4.30957],[-72.59822,4.30925],[-72.5933,4.31347],[-72.58437,4.31099],[-72.57689,4.30456],[-72.57037,4.30428],[-72.5648,4.3059],[-72.56169,4.31424],[-72.56161,4.32007],[-72.56426,4.32389],[-72.57257,4.32931],[-72.57407,4.33204],[-72.57272,4.33583],[-72.56132,4.34277],[-72.54061,4.34073],[-72.53006,4.34443],[-72.52225,4.34422],[-72.50801,4.33551],[-72.48642,4.33111],[-72.47742,4.32087],[-72.4741,4.31801],[-72.47064,4.31733],[-72.45233,4.3286],[-72.43538,4.3527],[-72.43349,4.3544],[-72.42907,4.355],[-72.41905,4.34895],[-72.41525,4.34379],[-72.41792,4.32468],[-72.41675,4.32167],[-72.41275,4.31967],[-72.40493,4.31905],[-72.39856,4.3225],[-72.38829,4.33341],[-72.3846,4.33554],[-72.3754,4.33883],[-72.36013,4.34028],[-72.35335,4.3441],[-72.34588,4.359],[-72.34509,4.36705],[-72.34131,4.3719],[-72.33426,4.37171],[-72.33003,4.36824],[-72.32291,4.36931],[-72.31652,4.37416],[-72.31003,4.38314],[-72.30576,4.39242],[-72.29779,4.40031],[-72.28852,4.41549],[-72.27502,4.413],[-72.25701,4.41776],[-72.2527,4.42223],[-72.24757,4.43257],[-72.23705,4.43521],[-72.21815,4.43302],[-72.20919,4.43348],[-72.2034,4.43181],[-72.19888,4.42864],[-72.18097,4.43363],[-72.17009,4.43835],[-72.16346,4.43893],[-72.15855,4.44168],[-72.14068,4.43959],[-72.12267,4.43053],[-72.11493,4.42956],[-72.10827,4.42596],[-72.08755,4.42008],[-72.07922,4.41509],[-72.07035,4.40652],[-72.06938,4.40265],[-72.07016,4.39551],[-72.06628,4.38451],[-72.06273,4.38052],[-72.05507,4.37627],[-72.05097,4.37645],[-72.03477,4.38446],[-72.02826,4.38598],[-72.00988,4.38484],[-71.98642,4.38674],[-71.97469,4.39325],[-71.96473,4.40757],[-71.95784,4.41099],[-71.95556,4.41446],[-71.95658,4.41986],[-71.93838,4.43581],[-71.93305,4.44265],[-71.93198,4.44737],[-71.91863,4.45259],[-71.90484,4.46746],[-71.90135,4.4744],[-71.89656,4.47878],[-71.89396,4.49384],[-71.88999,4.49808],[-71.867,4.51505],[-71.85126,4.5234],[-71.84825,4.52669],[-71.84453,4.53531],[-71.83483,4.54269],[-71.83182,4.55847],[-71.82787,4.56643],[-71.82015,4.57142],[-71.80835,4.58274],[-71.80113,4.58604],[-71.78973,4.58649],[-71.77581,4.57991],[-71.76672,4.58102],[-71.74473,4.57468],[-71.73256,4.5756],[-71.71893,4.58579],[-71.68258,4.60115],[-71.66812,4.60959],[-71.65317,4.61264],[-71.6452,4.61582],[-71.63542,4.62254],[-71.61552,4.64031],[-71.60661,4.63931],[-71.60293,4.64121],[-71.59703,4.64644],[-71.59295,4.65531],[-71.57949,4.67316],[-71.57627,4.67563],[-71.5647,4.67864],[-71.55492,4.67932],[-71.54138,4.6839],[-71.53684,4.68378],[-71.53253,4.68135],[-71.52419,4.68213],[-71.51707,4.68614],[-71.51366,4.69407],[-71.5077,4.69835],[-71.49328,4.70157],[-71.48494,4.70694],[-71.47421,4.70836],[-71.46357,4.71245],[-71.43651,4.7181],[-71.43253,4.72165],[-71.42494,4.72495],[-71.40486,4.74181],[-71.39637,4.7522],[-71.3901,4.75666],[-71.38468,4.75634],[-71.37743,4.75135],[-71.35914,4.75466],[-71.35625,4.75623],[-71.35154,4.7673],[-71.34639,4.76908],[-71.32632,4.77086],[-71.31917,4.77532],[-71.31226,4.78608],[-71.30379,4.79582],[-71.28989,4.80397],[-71.28107,4.80598],[-71.26282,4.80621],[-71.23818,4.81525],[-71.21382,4.81563],[-71.19581,4.82528],[-71.17846,4.83845],[-71.16719,4.84431],[-71.15615,4.85572],[-71.14056,4.86886],[-71.12765,4.88458],[-71.11866,4.8867],[-71.11181,4.8849],[-71.10656,4.88602],[-71.10466,4.88912],[-71.10431,4.8972],[-71.10291,4.90016],[-71.09503,4.90811],[-71.09156,4.90819],[-71.08982,4.91067],[-71.08649,4.91036],[-71.08185,4.91328],[-71.08258,4.92344],[-71.08081,4.92514],[-71.0775,4.92464]]]}},{"type":"Feature","properties":{"shapeName":"Cauca","shapeISO":"CO-CAU","shapeID":"13589884B79790550435280","shapeGroup":"COL","shapeType":"ADM1"},"geometry":{"type":"Polygon","coordinates":[[[-76.05652,3.22388],[-76.05899,3.22191],[-76.05944,3.21753],[-76.0622,3.21343],[-76.06803,3.21125],[-76.08346,3.21776],[-76.10851,3.2258],[-76.11927,3.22236],[-76.12799,3.22438],[-76.1331,3.2222],[-76.13769,3.2244],[-76.14531,3.2238],[-76.15063,3.22669],[-76.1532,3.2338],[-76.15676,3.235],[-76.16536,3.23378],[-76.16969,3.23087],[-76.18104,3.23209],[-76.1857,3.22887],[-76.19121,3.22806],[-76.19421,3.2304],[-76.20237,3.24221],[-76.20651,3.25734],[-76.21719,3.26797],[-76.22961,3.27589],[-76.2611,3.27881],[-76.27104,3.27748],[-76.27515,3.27844],[-76.28232,3.28298],[-76.29323,3.28622],[-76.30406,3.28585],[-76.31097,3.28245],[-76.32292,3.28064],[-76.32803,3.28226],[-76.34228,3.28178],[-76.35692,3.28887],[-76.36582,3.28738],[-76.37339,3.28806],[-76.40633,3.29827],[-76.40765,3.30129],[-76.41437,3.30478],[-76.41658,3.31033],[-76.41994,3.31183],[-76.43343,3.31274],[-76.4477,3.31708],[-76.45371,3.32372],[-76.4575,3.32588],[-76.45659,3.32727],[-76.45752,3.32873],[-76.46073,3.32898],[-76.4589,3.32554],[-76.46185,3.32222],[-76.46126,3.31741],[-76.46355,3.31655],[-76.46658,3.32073],[-76.46784,3.32054],[-76.46798,3.31234],[-76.46915,3.31057],[-76.47245,3.31316],[-76.47348,3.32001],[-76.47811,3.32061],[-76.47826,3.31735],[-76.47597,3.31427],[-76.4736,3.30552],[-76.47732,3.30064],[-76.47664,3.29356],[-76.47941,3.29241],[-76.48304,3.2941],[-76.48468,3.30272],[-76.48857,3.30548],[-76.48997,3.30432],[-76.49046,3.29713],[-76.49425,3.29258],[-76.4942,3.29091],[-76.49146,3.28883],[-76.4734,3.29023],[-76.4716,3.28864],[-76.47306,3.28514],[-76.47504,3.28464],[-76.48237,3.28765],[-76.48584,3.28689],[-76.48734,3.28379],[-76.48686,3.28041],[-76.48454,3.27688],[-76.48169,3.28045],[-76.47234,3.28011],[-76.47152,3.27808],[-76.47425,3.27547],[-76.47356,3.27117],[-76.46607,3.27042],[-76.46246,3.26859],[-76.46454,3.26242],[-76.45947,3.25811],[-76.46315,3.25335],[-76.46232,3.24844],[-76.4603,3.24659],[-76.46179,3.24495],[-76.4704,3.25133],[-76.47245,3.25053],[-76.47227,3.2473],[-76.46643,3.24594],[-76.46352,3.24418],[-76.46269,3.24189],[-76.46806,3.23908],[-76.47109,3.24479],[-76.47645,3.24572],[-76.47673,3.24332],[-76.47201,3.24043],[-76.47067,3.23798],[-76.47645,3.23518],[-76.47737,3.2294],[-76.47284,3.22861],[-76.46764,3.23137],[-76.4717,3.22634],[-76.47396,3.21464],[-76.47606,3.21647],[-76.47548,3.2226],[-76.47729,3.22419],[-76.48054,3.22306],[-76.47952,3.21883],[-76.48435,3.21245],[-76.48631,3.21213],[-76.48784,3.21703],[-76.49014,3.21775],[-76.49245,3.21081],[-76.49209,3.20618],[-76.49694,3.20483],[-76.49964,3.20022],[-76.49779,3.19743],[-76.49432,3.19945],[-76.49125,3.19924],[-76.49191,3.19366],[-76.4899,3.18959],[-76.49021,3.18681],[-76.49358,3.182],[-76.4929,3.17983],[-76.48791,3.17594],[-76.48702,3.16909],[-76.48907,3.16813],[-76.4909,3.17479],[-76.49452,3.1763],[-76.49886,3.17144],[-76.4935,3.16921],[-76.49345,3.16632],[-76.50205,3.16772],[-76.50308,3.16597],[-76.50076,3.15893],[-76.50565,3.1603],[-76.50855,3.15907],[-76.50878,3.1567],[-76.50628,3.15291],[-76.50092,3.15218],[-76.50046,3.14376],[-76.50421,3.14388],[-76.5054,3.14925],[-76.50833,3.15049],[-76.51461,3.14801],[-76.52112,3.14944],[-76.52265,3.1481],[-76.52148,3.14699],[-76.5175,3.14764],[-76.51277,3.14592],[-76.51457,3.14426],[-76.51848,3.14533],[-76.52129,3.14453],[-76.52034,3.14093],[-76.51662,3.1374],[-76.51698,3.13413],[-76.51878,3.1332],[-76.52247,3.1364],[-76.52993,3.13757],[-76.53283,3.13632],[-76.53269,3.13061],[-76.53043,3.13198],[-76.5302,3.13489],[-76.52794,3.13485],[-76.52224,3.13101],[-76.52398,3.12672],[-76.52253,3.12289],[-76.51718,3.12506],[-76.51301,3.12318],[-76.5134,3.12076],[-76.51574,3.11847],[-76.51963,3.12074],[-76.52256,3.11727],[-76.52696,3.11493],[-76.52867,3.11679],[-76.52814,3.12496],[-76.53003,3.1262],[-76.53109,3.12167],[-76.53468,3.12133],[-76.53668,3.11941],[-76.53411,3.11349],[-76.53432,3.1105],[-76.53644,3.10903],[-76.53952,3.11184],[-76.54157,3.11123],[-76.54368,3.10789],[-76.54409,3.10368],[-76.54621,3.10293],[-76.54742,3.1043],[-76.54615,3.1084],[-76.5475,3.10997],[-76.55164,3.10509],[-76.55548,3.10938],[-76.56003,3.10508],[-76.56384,3.1076],[-76.56655,3.11129],[-76.56445,3.11462],[-76.56467,3.11732],[-76.57052,3.11863],[-76.56942,3.12516],[-76.57226,3.12893],[-76.57406,3.12847],[-76.57828,3.12653],[-76.57916,3.1238],[-76.57391,3.11668],[-76.57395,3.11451],[-76.57696,3.11477],[-76.57848,3.11909],[-76.57989,3.11951],[-76.58517,3.11623],[-76.58999,3.11703],[-76.59209,3.1145],[-76.58778,3.10647],[-76.59131,3.10201],[-76.59594,3.10623],[-76.59974,3.10451],[-76.5988,3.10193],[-76.59184,3.09715],[-76.59258,3.09436],[-76.59956,3.09167],[-76.60424,3.09703],[-76.60741,3.09109],[-76.61379,3.09247],[-76.61593,3.09704],[-76.62385,3.1048],[-76.62463,3.10947],[-76.62255,3.11436],[-76.62312,3.1175],[-76.62568,3.12385],[-76.62948,3.12714],[-76.63208,3.12645],[-76.64212,3.11719],[-76.64333,3.11186],[-76.64771,3.10527],[-76.65533,3.10107],[-76.6665,3.09917],[-76.66911,3.10071],[-76.67679,3.10035],[-76.68175,3.1024],[-76.68613,3.10949],[-76.69517,3.113],[-76.70119,3.1194],[-76.72518,3.11949],[-76.73325,3.12503],[-76.74356,3.13557],[-76.74873,3.14994],[-76.74817,3.15661],[-76.74151,3.17171],[-76.7454,3.1911],[-76.74786,3.1954],[-76.75407,3.201],[-76.75477,3.20933],[-76.75651,3.2127],[-76.76463,3.22153],[-76.76909,3.23128],[-76.77345,3.23381],[-76.77765,3.23068],[-76.78312,3.23075],[-76.78518,3.2232],[-76.78921,3.22456],[-76.79649,3.21646],[-76.80779,3.20953],[-76.81194,3.20864],[-76.82554,3.21124],[-76.83945,3.21096],[-76.85002,3.20787],[-76.85945,3.21247],[-76.86486,3.21231],[-76.87007,3.20934],[-76.87605,3.21041],[-76.88137,3.20903],[-76.89094,3.20329],[-76.89708,3.20384],[-76.90832,3.20051],[-76.91299,3.18673],[-76.91395,3.17824],[-76.9122,3.17219],[-76.91582,3.14957],[-76.92667,3.14177],[-76.92775,3.13859],[-76.92669,3.12741],[-76.93071,3.12178],[-76.93897,3.11433],[-76.95152,3.11554],[-76.96169,3.11864],[-76.97233,3.1189],[-76.97861,3.12748],[-76.97824,3.1345],[-76.98829,3.13904],[-76.99124,3.1486],[-76.99612,3.1543],[-76.99994,3.15304],[-77.01308,3.15415],[-77.01882,3.15654],[-77.03019,3.16638],[-77.03813,3.16481],[-77.05499,3.1706],[-77.05929,3.16857],[-77.06353,3.16899],[-77.06953,3.17177],[-77.07887,3.17945],[-77.08127,3.17911],[-77.08299,3.18099],[-77.08694,3.17962],[-77.08728,3.18151],[-77.08488,3.18391],[-77.08642,3.18562],[-77.08934,3.18219],[-77.09501,3.18339],[-77.09672,3.18528],[-77.10016,3.18528],[-77.10345,3.18339],[-77.10471,3.18094],[-77.11039,3.17911],[-77.11028,3.1771],[-77.1171,3.16908],[-77.13059,3.16107],[-77.13415,3.16373],[-77.13557,3.169],[-77.13986,3.17207],[-77.14285,3.17211],[-77.14561,3.16857],[-77.14689,3.17036],[-77.1533,3.17082],[-77.15461,3.17588],[-77.15564,3.17384],[-77.15953,3.17394],[-77.16124,3.17155],[-77.1582,3.1697],[-77.15906,3.16493],[-77.16363,3.16587],[-77.16548,3.16231],[-77.1669,3.16208],[-77.17003,3.16553],[-77.17217,3.1657],[-77.17264,3.15937],[-77.18063,3.1549],[-77.18233,3.15069],[-77.18664,3.14867],[-77.19056,3.14973],[-77.1931,3.14465],[-77.19286,3.13952],[-77.19788,3.1402],[-77.20042,3.14393],[-77.20015,3.13673],[-77.20144,3.13395],[-77.20629,3.13292],[-77.20909,3.13528],[-77.21196,3.13412],[-77.21728,3.13519],[-77.21573,3.13056],[-77.21878,3.12752],[-77.22019,3.12341],[-77.21752,3.12331],[-77.21658,3.12002],[-77.22818,3.11136],[-77.23028,3.11573],[-77.23466,3.11513],[-77.2353,3.11252],[-77.23206,3.11028],[-77.23353,3.10747],[-77.24491,3.11608],[-77.24303,3.12287],[-77.24502,3.12622],[-77.24779,3.12452],[-77.24856,3.11711],[-77.25145,3.11465],[-77.25295,3.11501],[-77.25366,3.12238],[-77.25835,3.12799],[-77.26054,3.13352],[-77.26324,3.13463],[-77.26757,3.13296],[-77.27041,3.14037],[-77.27324,3.13802],[-77.27431,3.1327],[-77.27651,3.13039],[-77.27873,3.13219],[-77.27808,3.13852],[-77.28431,3.13699],[-77.28774,3.13785],[-77.28972,3.14283],[-77.28671,3.14757],[-77.27783,3.14801],[-77.27736,3.15152],[-77.27946,3.15906],[-77.28208,3.1591],[-77.28538,3.15619],[-77.29049,3.15666],[-77.30135,3.16317],[-77.30615,3.16878],[-77.31645,3.1741],[-77.31993,3.17358],[-77.32109,3.17144],[-77.3204,3.16476],[-77.32143,3.16249],[-77.32534,3.16116],[-77.33046,3.16374],[-77.33135,3.15413],[-77.33332,3.15156],[-77.34122,3.14822],[-77.34508,3.14042],[-77.34662,3.13969],[-77.35486,3.14475],[-77.36345,3.14466],[-77.36684,3.15036],[-77.36435,3.16426],[-77.37104,3.1708],[-77.37881,3.17363],[-77.38332,3.17783],[-77.38121,3.18202],[-77.384,3.19359],[-77.38018,3.19766],[-77.38048,3.20195],[-77.39082,3.21279],[-77.39319,3.21372],[-77.40323,3.21249],[-77.40649,3.21819],[-77.40688,3.22509],[-77.4131,3.2298],[-77.41606,3.23533],[-77.41503,3.24163],[-77.42855,3.25319],[-77.43554,3.25067],[-77.4382,3.2472],[-77.44421,3.24698],[-77.44747,3.24364],[-77.45142,3.243],[-77.45434,3.23738],[-77.45448,3.23308],[-77.46271,3.23764],[-77.46846,3.23781],[-77.47095,3.23601],[-77.47005,3.23203],[-77.46258,3.22881],[-77.46168,3.22526],[-77.4691,3.2247],[-77.46895,3.22242],[-77.46679,3.22042],[-77.46679,3.21605],[-77.47591,3.20911],[-77.48048,3.20836],[-77.49623,3.22111],[-77.49834,3.2215],[-77.54011,3.21775],[-77.54017,3.21023],[-77.54608,3.20802],[-77.54945,3.20403],[-77.55338,3.18392],[-77.56229,3.16381],[-77.57712,3.13978],[-77.62285,3.08176],[-77.62377,3.07767],[-77.62665,3.07582],[-77.63049,3.07568],[-77.65401,3.06101],[-77.65685,3.05293],[-77.65355,3.04629],[-77.65553,3.04442],[-77.66356,3.04896],[-77.66693,3.0456],[-77.67507,3.02793],[-77.68949,3.00316],[-77.69053,2.99899],[-77.68923,2.99556],[-77.69276,2.99326],[-77.70223,2.97415],[-77.7032,2.96845],[-77.70227,2.96825],[-77.69977,2.96991],[-77.6895,2.98458],[-77.67987,2.99354],[-77.67869,2.99301],[-77.68134,2.98559],[-77.67627,2.98503],[-77.67278,2.98635],[-77.66634,2.98328],[-77.66356,2.98354],[-77.66131,2.97776],[-77.66749,2.97411],[-77.67254,2.9643],[-77.66737,2.95987],[-77.66384,2.95869],[-77.6571,2.9514],[-77.65457,2.94131],[-77.66032,2.93235],[-77.66805,2.9357],[-77.67731,2.93627],[-77.68096,2.93458],[-77.68898,2.9203],[-77.69123,2.91313],[-77.69078,2.90729],[-77.68853,2.90303],[-77.69325,2.90303],[-77.69707,2.90101],[-77.69909,2.89675],[-77.699,2.88903],[-77.69369,2.88602],[-77.68422,2.86733],[-77.6813,2.86561],[-77.6766,2.85844],[-77.67148,2.86],[-77.66764,2.8631],[-77.66571,2.8586],[-77.66634,2.85396],[-77.67351,2.85098],[-77.67877,2.85146],[-77.68322,2.85357],[-77.68652,2.8584],[-77.693,2.86201],[-77.70504,2.86262],[-77.70566,2.85514],[-77.70948,2.84252],[-77.71301,2.83552],[-77.71571,2.83462],[-77.71857,2.82937],[-77.72044,2.82497],[-77.71971,2.82149],[-77.72151,2.81931],[-77.72536,2.82386],[-77.73188,2.82453],[-77.73727,2.82341],[-77.76048,2.8017],[-77.76367,2.79502],[-77.76294,2.79109],[-77.75933,2.79108],[-77.7612,2.79316],[-77.7595,2.7918],[-77.75518,2.79256],[-77.74322,2.78899],[-77.73928,2.78944],[-77.72898,2.7821],[-77.73451,2.77122],[-77.74184,2.77637],[-77.74771,2.77324],[-77.752,2.76462],[-77.75791,2.76158],[-77.7646,2.7653],[-77.76957,2.7654],[-77.77324,2.76396],[-77.77898,2.75768],[-77.78164,2.75789],[-77.78132,2.75395],[-77.78351,2.75355],[-77.78625,2.76019],[-77.78907,2.76031],[-77.79655,2.75208],[-77.79988,2.72719],[-77.79783,2.72578],[-77.79302,2.72898],[-77.78946,2.72709],[-77.79392,2.72234],[-77.79644,2.71596],[-77.79769,2.70785],[-77.79706,2.7013],[-77.79492,2.69889],[-77.79106,2.69761],[-77.7915,2.69252],[-77.78415,2.68945],[-77.77935,2.68989],[-77.77717,2.68735],[-77.77955,2.68537],[-77.78483,2.68588],[-77.78991,2.68346],[-77.78654,2.67327],[-77.79001,2.66229],[-77.78852,2.65234],[-77.78721,2.6498],[-77.78479,2.64928],[-77.77321,2.65501],[-77.7709,2.65386],[-77.77209,2.65174],[-77.7757,2.64928],[-77.78007,2.64849],[-77.79535,2.63814],[-77.80467,2.63884],[-77.80467,2.64078],[-77.80301,2.64175],[-77.79523,2.64199],[-77.79269,2.64357],[-77.79261,2.64702],[-77.79777,2.65817],[-77.80176,2.67387],[-77.80291,2.67522],[-77.80819,2.67582],[-77.80958,2.67827],[-77.80831,2.6891],[-77.81006,2.69132],[-77.81677,2.69243],[-77.82324,2.69711],[-77.83042,2.69869],[-77.83074,2.70091],[-77.8336,2.7031],[-77.84207,2.70364],[-77.84593,2.70187],[-77.84678,2.69237],[-77.84924,2.68864],[-77.84918,2.6857],[-77.85081,2.6851],[-77.85324,2.69346],[-77.85782,2.69754],[-77.86225,2.69805],[-77.8769,2.69337],[-77.88234,2.68957],[-77.88504,2.68203],[-77.88238,2.67529],[-77.8769,2.67347],[-77.87857,2.66903],[-77.88773,2.67422],[-77.89047,2.68358],[-77.89776,2.68563],[-77.90739,2.6806],[-77.9141,2.6626],[-77.90853,2.66328],[-77.90373,2.66209],[-77.90754,2.65979],[-77.90937,2.65578],[-77.90683,2.64952],[-77.90564,2.63643],[-77.90131,2.62232],[-77.89847,2.61828],[-77.89373,2.61418],[-77.89142,2.61457],[-77.88479,2.6263],[-77.88082,2.62605],[-77.88132,2.61961],[-77.8863,2.61212],[-77.89269,2.60916],[-77.90089,2.6103],[-77.91052,2.62263],[-77.9162,2.64098],[-77.92788,2.64007],[-77.92447,2.62109],[-77.91735,2.60696],[-77.91552,2.59368],[-77.91466,2.54378],[-77.91809,2.52604],[-77.92392,2.51834],[-77.92564,2.51035],[-77.9252,2.48201],[-77.92308,2.469],[-77.91743,2.45456],[-77.91908,2.4385],[-77.91758,2.43121],[-77.91879,2.4167],[-77.91468,2.40578],[-77.90038,2.39364],[-77.89913,2.38291],[-77.89532,2.37524],[-77.89407,2.3656],[-77.89044,2.35932],[-77.88325,2.35271],[-77.8836,2.34843],[-77.88034,2.33467],[-77.88082,2.32896],[-77.88332,2.32499],[-77.8835,2.31946],[-77.87915,2.31304],[-77.87844,2.30444],[-77.87439,2.30129],[-77.87332,2.29439],[-77.86624,2.28356],[-77.86565,2.27733],[-77.86267,2.27061],[-77.86077,2.26823],[-77.84917,2.26274],[-77.84792,2.26059],[-77.8506,2.24245],[-77.84733,2.23166],[-77.85298,2.21457],[-77.85322,2.20541],[-77.84875,2.19119],[-77.83864,2.17821],[-77.83067,2.17619],[-77.82145,2.17827],[-77.80732,2.17381],[-77.80113,2.17012],[-77.79845,2.16387],[-77.7856,2.15555],[-77.78064,2.14838],[-77.75114,2.14088],[-77.744,2.13505],[-77.73936,2.13357],[-77.73079,2.13529],[-77.72186,2.14148],[-77.70467,2.14909],[-77.69848,2.15361],[-77.6857,2.15468],[-77.67928,2.15802],[-77.66458,2.1579],[-77.65144,2.16658],[-77.64562,2.16854],[-77.60363,2.16471],[-77.59318,2.1737],[-77.58747,2.17497],[-77.58141,2.17903],[-77.57416,2.18067],[-77.56859,2.18716],[-77.56461,2.19471],[-77.55979,2.19758],[-77.55621,2.20252],[-77.54345,2.19635],[-77.53897,2.19732],[-77.52953,2.19569],[-77.52123,2.2],[-77.50724,2.19722],[-77.50079,2.19327],[-77.48794,2.19525],[-77.48473,2.20197],[-77.48476,2.21052],[-77.48774,2.21608],[-77.47901,2.22953],[-77.47868,2.23618],[-77.47227,2.24132],[-77.47314,2.25081],[-77.47187,2.25627],[-77.4736,2.26244],[-77.47491,2.2638],[-77.47868,2.2639],[-77.48005,2.26627],[-77.47902,2.27369],[-77.47655,2.27524],[-77.46817,2.27498],[-77.45943,2.28618],[-77.4438,2.28542],[-77.43901,2.28259],[-77.43228,2.28185],[-77.42459,2.2785],[-77.41755,2.27319],[-77.40899,2.27115],[-77.40182,2.26376],[-77.38568,2.25594],[-77.38114,2.25656],[-77.37479,2.26421],[-77.35885,2.26236],[-77.35202,2.25695],[-77.34819,2.24655],[-77.34258,2.24173],[-77.34029,2.23671],[-77.32996,2.22979],[-77.32726,2.22395],[-77.32288,2.2223],[-77.32324,2.21758],[-77.3191,2.21087],[-77.31674,2.20048],[-77.31066,2.20117],[-77.30816,2.19622],[-77.3087,2.19446],[-77.31263,2.19279],[-77.31507,2.18555],[-77.31843,2.18213],[-77.31407,2.16519],[-77.30808,2.15492],[-77.30539,2.14605],[-77.3077,2.14573],[-77.31138,2.14199],[-77.30932,2.13739],[-77.31196,2.12911],[-77.3079,2.1246],[-77.30808,2.10694],[-77.31073,2.09848],[-77.31606,2.093],[-77.31603,2.08783],[-77.31852,2.08244],[-77.32023,2.07227],[-77.32667,2.06574],[-77.3333,2.06149],[-77.33486,2.05932],[-77.33525,2.0544],[-77.33102,2.04985],[-77.30762,2.03756],[-77.30294,2.02818],[-77.28103,2.0211],[-77.27416,2.00712],[-77.26839,2.00519],[-77.26567,2.0001],[-77.26044,1.99547],[-77.24718,1.99272],[-77.22704,1.99089],[-77.22126,1.98845],[-77.21041,1.9718],[-77.20733,1.95761],[-77.20347,1.95065],[-77.20751,1.94084],[-77.21802,1.93458],[-77.21672,1.91936],[-77.21882,1.91827],[-77.22206,1.92094],[-77.22591,1.92105],[-77.22857,1.91955],[-77.23115,1.91537],[-77.2405,1.91463],[-77.24528,1.9114],[-77.24556,1.90673],[-77.24259,1.90086],[-77.2443,1.89669],[-77.24303,1.88681],[-77.24627,1.88347],[-77.24721,1.8799],[-77.25163,1.87728],[-77.25206,1.8731],[-77.2556,1.86881],[-77.27855,1.86142],[-77.2801,1.8597],[-77.28078,1.85438],[-77.27924,1.85027],[-77.28147,1.84889],[-77.2837,1.84992],[-77.28816,1.84924],[-77.28868,1.84786],[-77.28645,1.84649],[-77.28662,1.84512],[-77.29446,1.83062],[-77.29469,1.81818],[-77.30069,1.81526],[-77.30533,1.80446],[-77.30893,1.80377],[-77.30842,1.80017],[-77.3043,1.79948],[-77.3031,1.79656],[-77.30756,1.78644],[-77.30447,1.78627],[-77.29554,1.77065],[-77.29428,1.76551],[-77.29915,1.75779],[-77.29984,1.75418],[-77.29778,1.75315],[-77.30001,1.74389],[-77.3043,1.74046],[-77.30876,1.72536],[-77.31185,1.72416],[-77.31065,1.72261],[-77.31614,1.71403],[-77.32129,1.70031],[-77.32451,1.69651],[-77.32559,1.69155],[-77.33112,1.68216],[-77.32153,1.67854],[-77.31443,1.67697],[-77.31331,1.67817],[-77.30787,1.67488],[-77.30192,1.67379],[-77.30138,1.67228],[-77.29949,1.67333],[-77.29782,1.66978],[-77.2952,1.66959],[-77.29675,1.67182],[-77.29573,1.67418],[-77.29304,1.67007],[-77.28628,1.66851],[-77.28589,1.67223],[-77.28154,1.67382],[-77.28243,1.67093],[-77.28061,1.66891],[-77.27988,1.66984],[-77.27985,1.66444],[-77.27546,1.66242],[-77.27417,1.66413],[-77.27004,1.66268],[-77.27014,1.66537],[-77.26656,1.66754],[-77.26422,1.66656],[-77.26295,1.6702],[-77.25678,1.67108],[-77.25547,1.66599],[-77.25288,1.66773],[-77.25178,1.66473],[-77.24934,1.66459],[-77.246,1.65849],[-77.24366,1.65728],[-77.24218,1.65971],[-77.23835,1.6568],[-77.23782,1.65936],[-77.23598,1.65971],[-77.23372,1.65783],[-77.23233,1.66144],[-77.22807,1.66025],[-77.22632,1.66148],[-77.22663,1.66317],[-77.22257,1.66529],[-77.22197,1.66779],[-77.2197,1.66776],[-77.21866,1.66954],[-77.21638,1.66726],[-77.21295,1.66795],[-77.21107,1.67178],[-77.2086,1.67049],[-77.20394,1.67197],[-77.20059,1.67052],[-77.19246,1.67654],[-77.18645,1.6777],[-77.18366,1.67458],[-77.17844,1.67361],[-77.17312,1.67498],[-77.17141,1.67739],[-77.17123,1.67567],[-77.16214,1.67498],[-77.15987,1.67946],[-77.15713,1.67954],[-77.1574,1.68168],[-77.15131,1.6843],[-77.15085,1.68598],[-77.14796,1.68276],[-77.14948,1.68138],[-77.14857,1.67985],[-77.14155,1.67632],[-77.14445,1.6665],[-77.13896,1.65607],[-77.13682,1.65481],[-77.13349,1.65844],[-77.12502,1.65895],[-77.12281,1.66061],[-77.09174,1.66098],[-77.08807,1.66467],[-77.07304,1.66863],[-77.06984,1.67278],[-77.06888,1.6771],[-77.06137,1.68758],[-77.05708,1.69781],[-77.05093,1.70078],[-77.04372,1.70147],[-77.0375,1.70715],[-77.02299,1.71434],[-77.01639,1.71527],[-77.00391,1.70866],[-76.99989,1.70823],[-76.99702,1.70881],[-76.99328,1.71289],[-76.98834,1.71434],[-76.96844,1.71255],[-76.96573,1.71386],[-76.96126,1.7225],[-76.95449,1.72211],[-76.94628,1.7273],[-76.93604,1.72924],[-76.92558,1.71852],[-76.92495,1.70769],[-76.91711,1.70238],[-76.91554,1.69576],[-76.91168,1.68933],[-76.91054,1.67956],[-76.90168,1.6626],[-76.89394,1.66341],[-76.88922,1.65631],[-76.87017,1.64031],[-76.8615,1.63659],[-76.85683,1.63821],[-76.85388,1.63698],[-76.85129,1.63061],[-76.8442,1.62654],[-76.84124,1.62026],[-76.83501,1.6154],[-76.8342,1.6073],[-76.83996,1.59767],[-76.84124,1.58474],[-76.85748,1.56388],[-76.85653,1.54321],[-76.85324,1.54078],[-76.85129,1.53429],[-76.85672,1.5271],[-76.85801,1.52267],[-76.86067,1.52062],[-76.86543,1.52143],[-76.87311,1.52015],[-76.88321,1.52324],[-76.88754,1.52296],[-76.89592,1.51561],[-76.90692,1.5099],[-76.91259,1.50051],[-76.91725,1.49932],[-76.93025,1.50047],[-76.92656,1.49434],[-76.92864,1.48302],[-76.92466,1.47309],[-76.92579,1.46553],[-76.9221,1.45159],[-76.92365,1.44114],[-76.91817,1.42954],[-76.92359,1.40983],[-76.92775,1.40157],[-76.93174,1.39933],[-76.93168,1.386],[-76.93001,1.38006],[-76.92585,1.37435],[-76.92698,1.36618],[-76.92488,1.35624],[-76.92019,1.34995],[-76.92057,1.34561],[-76.91429,1.34167],[-76.89468,1.3611],[-76.8871,1.37199],[-76.88064,1.37263],[-76.87649,1.37066],[-76.87241,1.37128],[-76.86847,1.37483],[-76.85967,1.37645],[-76.85775,1.38068],[-76.85402,1.38367],[-76.82793,1.39175],[-76.81657,1.39973],[-76.80687,1.40139],[-76.79944,1.40858],[-76.79352,1.4097],[-76.78939,1.41224],[-76.781,1.41057],[-76.77097,1.41299],[-76.76505,1.41797],[-76.74994,1.42096],[-76.74061,1.43012],[-76.73079,1.4306],[-76.72455,1.43314],[-76.716,1.43952],[-76.70174,1.44313],[-76.6857,1.45463],[-76.67569,1.46679],[-76.66726,1.46728],[-76.66015,1.45948],[-76.65333,1.4586],[-76.64665,1.4551],[-76.6439,1.44978],[-76.63619,1.44158],[-76.6348,1.43299],[-76.6285,1.4285],[-76.62527,1.42404],[-76.61228,1.42203],[-76.60339,1.41522],[-76.60167,1.41241],[-76.60079,1.40562],[-76.59138,1.39624],[-76.59245,1.39134],[-76.59147,1.39038],[-76.57626,1.39014],[-76.5744,1.38769],[-76.57426,1.38399],[-76.57777,1.37603],[-76.57692,1.36124],[-76.57804,1.35229],[-76.58333,1.34605],[-76.5846,1.34234],[-76.58367,1.33788],[-76.57636,1.32784],[-76.57442,1.31945],[-76.58393,1.30513],[-76.58661,1.29874],[-76.58369,1.29004],[-76.58349,1.28136],[-76.58066,1.27554],[-76.57466,1.26988],[-76.57126,1.26256],[-76.5696,1.24468],[-76.54819,1.22467],[-76.54417,1.22289],[-76.53808,1.2099],[-76.53832,1.20611],[-76.54283,1.19542],[-76.54227,1.18448],[-76.54467,1.17801],[-76.54284,1.17218],[-76.54465,1.16465],[-76.54397,1.15932],[-76.54829,1.15191],[-76.55032,1.14234],[-76.54823,1.13355],[-76.54994,1.1237],[-76.55478,1.11432],[-76.56576,1.10401],[-76.56595,1.10078],[-76.56324,1.0955],[-76.56721,1.087],[-76.56649,1.08483],[-76.5621,1.08155],[-76.56198,1.0749],[-76.5564,1.06884],[-76.55453,1.05997],[-76.54805,1.04919],[-76.54622,1.03809],[-76.53725,1.03348],[-76.52926,1.03422],[-76.52262,1.0298],[-76.51618,1.03124],[-76.50607,1.02993],[-76.50173,1.03166],[-76.49269,1.02803],[-76.49185,1.02273],[-76.48674,1.01631],[-76.48484,1.0081],[-76.47974,1.00205],[-76.46713,0.9989],[-76.45851,0.99134],[-76.45381,0.98896],[-76.45133,0.9843],[-76.44521,0.98115],[-76.44633,0.9783],[-76.44529,0.96915],[-76.43667,0.9682],[-76.4263,0.96043],[-76.42363,0.96024],[-76.41941,0.96329],[-76.41642,0.96322],[-76.41332,0.96119],[-76.41055,0.96213],[-76.40947,0.96787],[-76.4059,0.97224],[-76.40325,0.97877],[-76.3967,0.97983],[-76.38553,0.9753],[-76.37073,0.98393],[-76.34943,0.98001],[-76.348,0.97941],[-76.34922,0.97827],[-76.34869,0.97648],[-76.3462,0.97481],[-76.34181,0.97863],[-76.33513,0.98066],[-76.3349,0.97368],[-76.32857,0.96863],[-76.33168,0.9616],[-76.32989,0.95859],[-76.31664,0.96454],[-76.31085,0.96557],[-76.3006,0.9626],[-76.29662,0.9629],[-76.28366,0.97136],[-76.2815,0.97874],[-76.27706,0.98247],[-76.27206,0.97985],[-76.26905,0.97094],[-76.25941,0.97309],[-76.25249,0.98081],[-76.24916,0.9814],[-76.24935,0.97663],[-76.24573,0.96904],[-76.241,0.96478],[-76.23567,0.96458],[-76.23405,0.96589],[-76.23405,0.97005],[-76.23878,0.97764],[-76.23587,0.98194],[-76.23331,0.98247],[-76.22665,0.98009],[-76.2059,0.97951],[-76.20275,0.98118],[-76.19686,0.98974],[-76.19144,0.99283],[-76.18942,0.99581],[-76.18841,0.99878],[-76.1899,1.00324],[-76.19454,1.00628],[-76.19846,1.00586],[-76.20346,1.00098],[-76.20566,1.00051],[-76.20804,1.002],[-76.20863,1.0058],[-76.20441,1.01725],[-76.2009,1.01784],[-76.19234,1.01011],[-76.18347,1.01291],[-76.18192,1.01564],[-76.18496,1.02213],[-76.18442,1.02498],[-76.17348,1.02956],[-76.16692,1.02998],[-76.15259,1.01933],[-76.14985,1.01951],[-76.14646,1.02201],[-76.14527,1.01844],[-76.13311,1.00892],[-76.1252,1.0066],[-76.11553,1.00981],[-76.1116,1.01279],[-76.10523,1.02391],[-76.10303,1.02498],[-76.09738,1.01998],[-76.09161,1.01862],[-76.07989,1.02106],[-76.07531,1.02671],[-76.0749,1.03343],[-76.08114,1.04505],[-76.09185,1.04879],[-76.09358,1.05314],[-76.09132,1.05671],[-76.08828,1.05778],[-76.08443,1.05704],[-76.08393,1.0597],[-76.08077,1.06106],[-76.08044,1.06431],[-76.08773,1.06697],[-76.09191,1.07094],[-76.10029,1.0676],[-76.10228,1.07069],[-76.10212,1.07794],[-76.11314,1.0846],[-76.1167,1.08408],[-76.12412,1.08727],[-76.12322,1.09987],[-76.12806,1.10243],[-76.13045,1.10091],[-76.13826,1.10046],[-76.13931,1.09764],[-76.14321,1.0994],[-76.14266,1.10217],[-76.14404,1.10373],[-76.1454,1.10326],[-76.14608,1.09968],[-76.14843,1.09986],[-76.14752,1.10424],[-76.15299,1.10473],[-76.15153,1.10825],[-76.15257,1.10995],[-76.15678,1.11076],[-76.16485,1.10681],[-76.18386,1.10564],[-76.19293,1.10872],[-76.20551,1.11673],[-76.20783,1.11634],[-76.21241,1.11077],[-76.2157,1.11015],[-76.22994,1.11864],[-76.23432,1.12322],[-76.24879,1.11955],[-76.25902,1.12381],[-76.27673,1.13461],[-76.28142,1.13932],[-76.28476,1.14562],[-76.28408,1.15217],[-76.28719,1.16063],[-76.28681,1.16828],[-76.29114,1.17641],[-76.2947,1.1785],[-76.30185,1.17598],[-76.29724,1.1839],[-76.2999,1.19026],[-76.29974,1.1933],[-76.29113,1.20181],[-76.2896,1.20762],[-76.29501,1.21779],[-76.30204,1.22635],[-76.30578,1.22887],[-76.30286,1.23075],[-76.3025,1.23753],[-76.30056,1.23964],[-76.29476,1.24148],[-76.292,1.24632],[-76.28653,1.25044],[-76.27694,1.26422],[-76.26926,1.26688],[-76.26088,1.27487],[-76.25381,1.27712],[-76.25305,1.2819],[-76.24992,1.28608],[-76.24999,1.29047],[-76.24534,1.2935],[-76.24544,1.30073],[-76.23182,1.30925],[-76.22374,1.32129],[-76.21544,1.32181],[-76.21555,1.32991],[-76.22137,1.3368],[-76.22179,1.33996],[-76.21022,1.34751],[-76.20284,1.35862],[-76.20211,1.36917],[-76.19949,1.37472],[-76.20121,1.38371],[-76.20039,1.40128],[-76.19708,1.40941],[-76.2011,1.41706],[-76.20115,1.42261],[-76.19739,1.42112],[-76.19217,1.42361],[-76.18436,1.43964],[-76.18484,1.44287],[-76.17995,1.44609],[-76.17703,1.45097],[-76.17913,1.45865],[-76.18498,1.45974],[-76.18617,1.4619],[-76.18306,1.47888],[-76.18268,1.48978],[-76.17165,1.50782],[-76.16486,1.51098],[-76.16495,1.51592],[-76.16084,1.5213],[-76.15913,1.52662],[-76.15112,1.53592],[-76.14876,1.54535],[-76.15442,1.55617],[-76.15269,1.56397],[-76.15849,1.57787],[-76.1637,1.58491],[-76.16826,1.58722],[-76.17173,1.58556],[-76.18434,1.57376],[-76.18706,1.57309],[-76.19192,1.57416],[-76.19854,1.58009],[-76.19819,1.58304],[-76.2081,1.60009],[-76.21214,1.6112],[-76.21004,1.61249],[-76.20994,1.61437],[-76.21423,1.62194],[-76.21151,1.64481],[-76.21249,1.65565],[-76.21359,1.66269],[-76.21708,1.66518],[-76.22574,1.66751],[-76.25317,1.65724],[-76.26653,1.65823],[-76.26853,1.66169],[-76.27274,1.66419],[-76.27835,1.6704],[-76.28113,1.68318],[-76.29087,1.68679],[-76.29897,1.68642],[-76.30449,1.68458],[-76.32621,1.66606],[-76.33652,1.66311],[-76.37848,1.66201],[-76.38363,1.6646],[-76.38547,1.66979],[-76.38547,1.67498],[-76.38104,1.70164],[-76.36888,1.73127],[-76.36962,1.74349],[-76.37403,1.74942],[-76.37992,1.74942],[-76.41011,1.72462],[-76.41931,1.72166],[-76.4241,1.72314],[-76.42483,1.74425],[-76.42057,1.7555],[-76.42224,1.7687],[-76.42592,1.78092],[-76.43291,1.79203],[-76.45218,1.80639],[-76.45402,1.80629],[-76.46414,1.8124],[-76.47142,1.82028],[-76.47436,1.82042],[-76.48057,1.82425],[-76.5113,1.83391],[-76.53596,1.83429],[-76.54848,1.83652],[-76.55841,1.84171],[-76.56982,1.85875],[-76.57539,1.86421],[-76.57902,1.86468],[-76.58601,1.87209],[-76.58785,1.88023],[-76.5838,1.89024],[-76.5869,1.90781],[-76.60614,1.92363],[-76.61606,1.92354],[-76.61883,1.92594],[-76.61922,1.93096],[-76.61232,1.94567],[-76.62003,1.9561],[-76.62312,1.96508],[-76.62426,1.97385],[-76.6196,1.97871],[-76.61201,1.99285],[-76.60221,1.99502],[-76.59319,1.99984],[-76.58627,2.00063],[-76.57957,2.00348],[-76.5756,2.01253],[-76.57268,2.0221],[-76.57546,2.02993],[-76.58645,2.03698],[-76.58654,2.04261],[-76.58638,2.04869],[-76.57964,2.05131],[-76.57723,2.05619],[-76.57638,2.06558],[-76.58904,2.08904],[-76.59015,2.09852],[-76.58492,2.11027],[-76.57232,2.1202],[-76.55598,2.13738],[-76.55177,2.1385],[-76.52842,2.13088],[-76.51321,2.13456],[-76.50785,2.13265],[-76.50144,2.12414],[-76.49677,2.12432],[-76.49297,2.12711],[-76.48882,2.12677],[-76.48449,2.12312],[-76.47166,2.10262],[-76.46665,2.10106],[-76.46216,2.10315],[-76.45076,2.115],[-76.43201,2.11999],[-76.42995,2.12172],[-76.42737,2.12742],[-76.42702,2.1333],[-76.43329,2.14939],[-76.43645,2.15404],[-76.4372,2.16002],[-76.43266,2.17],[-76.43427,2.17493],[-76.43371,2.17825],[-76.43574,2.18161],[-76.43462,2.18751],[-76.43296,2.18958],[-76.41141,2.19487],[-76.40701,2.19754],[-76.40316,2.20473],[-76.39628,2.22752],[-76.38973,2.24166],[-76.38891,2.25369],[-76.38466,2.26413],[-76.3813,2.27117],[-76.37377,2.27909],[-76.36764,2.27716],[-76.36393,2.27779],[-76.36057,2.27069],[-76.34379,2.27211],[-76.33324,2.27774],[-76.32328,2.28112],[-76.30829,2.2813],[-76.3029,2.28367],[-76.29906,2.28249],[-76.29504,2.27792],[-76.28883,2.27426],[-76.27859,2.27583],[-76.27642,2.27475],[-76.2747,2.26935],[-76.26901,2.26291],[-76.25147,2.24801],[-76.24256,2.23235],[-76.22761,2.22101],[-76.22414,2.22221],[-76.22508,2.21779],[-76.2217,2.21084],[-76.21972,2.20804],[-76.21361,2.20483],[-76.20909,2.19901],[-76.19475,2.19546],[-76.18613,2.19714],[-76.15335,2.19894],[-76.14387,2.20438],[-76.13361,2.22231],[-76.12106,2.2245],[-76.14662,2.29341],[-76.12609,2.38025],[-76.12134,2.3819],[-76.1154,2.392],[-76.10708,2.39775],[-76.1034,2.40666],[-76.09943,2.40784],[-76.09735,2.41028],[-76.09455,2.41019],[-76.09085,2.41552],[-76.08443,2.41606],[-76.07711,2.41516],[-76.05532,2.40621],[-76.04872,2.4063],[-76.04081,2.40065],[-76.03791,2.40149],[-76.0356,2.40697],[-76.03364,2.40922],[-76.03067,2.40995],[-76.02663,2.41671],[-76.0234,2.42617],[-76.01987,2.44657],[-75.99984,2.46652],[-75.99455,2.47737],[-75.98908,2.48119],[-75.98573,2.49315],[-75.97794,2.50306],[-75.96239,2.49868],[-75.95819,2.49127],[-75.95152,2.48713],[-75.94757,2.4862],[-75.93866,2.48799],[-75.93172,2.4799],[-75.92413,2.47942],[-75.92133,2.475],[-75.91651,2.47208],[-75.91768,2.45846],[-75.91218,2.45316],[-75.90968,2.44632],[-75.89942,2.44039],[-75.88577,2.42825],[-75.87551,2.43019],[-75.87203,2.42698],[-75.86384,2.42736],[-75.861,2.42877],[-75.85567,2.43478],[-75.85571,2.43739],[-75.85845,2.4394],[-75.85898,2.44195],[-75.85475,2.44586],[-75.85258,2.45471],[-75.84848,2.45497],[-75.84531,2.4586],[-75.84008,2.46051],[-75.83946,2.46816],[-75.83077,2.47384],[-75.8204,2.48362],[-75.81406,2.48386],[-75.82228,2.49505],[-75.82123,2.50651],[-75.81931,2.51198],[-75.82039,2.51976],[-75.82418,2.52401],[-75.827,2.53059],[-75.83653,2.53881],[-75.83414,2.55045],[-75.83861,2.55796],[-75.8381,2.56519],[-75.83686,2.56835],[-75.82979,2.57245],[-75.82739,2.57549],[-75.82298,2.59221],[-75.81468,2.59581],[-75.81057,2.59992],[-75.80028,2.6218],[-75.79131,2.63162],[-75.78918,2.65413],[-75.7868,2.65699],[-75.78021,2.66021],[-75.77444,2.66871],[-75.77473,2.67132],[-75.77172,2.67561],[-75.761,2.68008],[-75.75737,2.68338],[-75.75745,2.69295],[-75.75453,2.7005],[-75.75358,2.7115],[-75.75086,2.71653],[-75.74751,2.71899],[-75.75265,2.73152],[-75.7534,2.74292],[-75.76026,2.75018],[-75.77154,2.75453],[-75.7779,2.75882],[-75.79413,2.76195],[-75.80339,2.7674],[-75.81052,2.76778],[-75.81817,2.77767],[-75.831,2.78414],[-75.84648,2.78383],[-75.85718,2.78597],[-75.91345,2.83388],[-75.93692,2.85175],[-75.94343,2.85982],[-75.94557,2.85992],[-75.94923,2.86585],[-75.9575,2.87265],[-75.96304,2.87401],[-75.97846,2.88771],[-75.99727,2.90523],[-76.00163,2.91406],[-76.00792,2.91531],[-76.00964,2.91829],[-76.01976,2.92544],[-76.02924,2.94078],[-76.0312,2.94061],[-76.03435,2.94477],[-76.03234,2.95345],[-76.03334,2.96193],[-76.02854,2.9837],[-76.0204,2.99449],[-76.02246,3.00343],[-76.02431,3.00537],[-76.03232,3.00813],[-76.03538,3.01343],[-76.0419,3.0163],[-76.03883,3.02518],[-76.04455,3.03381],[-76.04608,3.04296],[-76.05795,3.04369],[-76.06184,3.04605],[-76.06799,3.04667],[-76.07415,3.05029],[-76.07442,3.05331],[-76.07174,3.0572],[-76.07024,3.06633],[-76.07227,3.06948],[-76.07426,3.07835],[-76.08072,3.0866],[-76.0816,3.09039],[-76.09206,3.0969],[-76.09783,3.09756],[-76.10383,3.09597],[-76.10853,3.10419],[-76.10796,3.10668],[-76.10503,3.10872],[-76.09303,3.11242],[-76.0889,3.11518],[-76.0843,3.11492],[-76.07619,3.11918],[-76.07347,3.12344],[-76.07602,3.13221],[-76.07277,3.14038],[-76.07888,3.1504],[-76.08556,3.15361],[-76.08491,3.15699],[-76.08038,3.16194],[-76.07977,3.1661],[-76.08336,3.17265],[-76.09043,3.17543],[-76.09236,3.17806],[-76.09234,3.18645],[-76.09042,3.19125],[-76.09148,3.19793],[-76.09011,3.20097],[-76.08497,3.20399],[-76.07569,3.20111],[-76.07011,3.1974],[-76.06059,3.20286],[-76.05336,3.21636],[-76.05652,3.22388]]]}},{"type":"Feature","properties":{"shapeName":"Caquetá","shapeISO":"CO-CAQ","shapeID":"13589884B16144547040567","shapeGroup":"COL","shapeType":"ADM1"},"geometry":{"type":"Polygon","coordinates":[[[-71.3227,0.11176],[-71.32819,0.11372],[-71.32859,0.11658],[-71.32105,0.12521],[-71.32035,0.13723],[-71.32344,0.142],[-71.32921,0.14523],[-71.33346,0.15379],[-71.33775,0.15611],[-71.34219,0.1542],[-71.34358,0.14963],[-71.33855,0.14423],[-71.339,0.13984],[-71.34294,0.13812],[-71.35026,0.14476],[-71.36077,0.14377],[-71.36663,0.14665],[-71.3694,0.15025],[-71.36815,0.16208],[-71.36896,0.16584],[-71.37399,0.17404],[-71.39007,0.17877],[-71.39777,0.18577],[-71.40094,0.18655],[-71.40298,0.16969],[-71.40054,0.16413],[-71.4019,0.15766],[-71.40943,0.15011],[-71.41919,0.14314],[-71.42875,0.14],[-71.43814,0.14266],[-71.44479,0.13973],[-71.45076,0.13987],[-71.46224,0.15107],[-71.46579,0.14972],[-71.46807,0.1517],[-71.4692,0.15706],[-71.46636,0.16033],[-71.45985,0.16038],[-71.45621,0.16358],[-71.45428,0.17005],[-71.45446,0.17492],[-71.46397,0.18263],[-71.47181,0.18547],[-71.47374,0.18443],[-71.47576,0.17302],[-71.48132,0.16444],[-71.48129,0.151],[-71.49107,0.14782],[-71.49396,0.14465],[-71.49426,0.13446],[-71.5017,0.13007],[-71.51112,0.13386],[-71.51518,0.1326],[-71.52479,0.12177],[-71.53292,0.12138],[-71.54235,0.12851],[-71.54339,0.13235],[-71.54119,0.13647],[-71.53164,0.14079],[-71.52505,0.15282],[-71.52476,0.15803],[-71.52969,0.16588],[-71.54552,0.17441],[-71.54887,0.17427],[-71.55326,0.1717],[-71.5654,0.1722],[-71.57811,0.16452],[-71.58555,0.16451],[-71.58813,0.16621],[-71.58717,0.17074],[-71.57788,0.17825],[-71.57656,0.18084],[-71.57513,0.19865],[-71.56921,0.20452],[-71.56179,0.2073],[-71.55969,0.20993],[-71.55885,0.21656],[-71.56356,0.21739],[-71.56879,0.21628],[-71.57823,0.20598],[-71.59355,0.19615],[-71.60565,0.18341],[-71.61129,0.1821],[-71.62193,0.18501],[-71.63602,0.18389],[-71.63675,0.18647],[-71.629,0.19183],[-71.6194,0.19168],[-71.61625,0.19534],[-71.61704,0.19807],[-71.62617,0.20437],[-71.62612,0.20776],[-71.6229,0.21543],[-71.62583,0.21595],[-71.6401,0.20914],[-71.64535,0.20975],[-71.65651,0.21954],[-71.69737,0.23688],[-71.71101,0.25948],[-71.72277,0.27447],[-71.72639,0.28226],[-71.72417,0.2876],[-71.71559,0.29204],[-71.70355,0.29508],[-71.70138,0.29726],[-71.69898,0.30557],[-71.70292,0.31707],[-71.70635,0.31898],[-71.71247,0.31395],[-71.72621,0.30897],[-71.7317,0.29902],[-71.73366,0.28689],[-71.73771,0.28563],[-71.74732,0.29146],[-71.75198,0.30018],[-71.75384,0.3191],[-71.75216,0.3287],[-71.75298,0.33198],[-71.75554,0.33221],[-71.76027,0.32924],[-71.76819,0.32713],[-71.7765,0.33089],[-71.7871,0.33352],[-71.78886,0.33826],[-71.78759,0.34236],[-71.78504,0.34502],[-71.7761,0.3461],[-71.7727,0.34849],[-71.77187,0.3589],[-71.76669,0.36512],[-71.76622,0.36971],[-71.7791,0.36468],[-71.78852,0.36425],[-71.81206,0.37322],[-71.81513,0.37266],[-71.81616,0.36905],[-71.81493,0.36729],[-71.80448,0.36356],[-71.80184,0.3612],[-71.80191,0.35275],[-71.80617,0.34689],[-71.82422,0.33884],[-71.83275,0.33894],[-71.84128,0.34487],[-71.85106,0.34944],[-71.85295,0.35155],[-71.85341,0.35533],[-71.84088,0.35996],[-71.83425,0.36649],[-71.83281,0.37317],[-71.83562,0.39558],[-71.8251,0.40035],[-71.8244,0.40637],[-71.83304,0.40614],[-71.84036,0.40819],[-71.84472,0.41105],[-71.84736,0.41527],[-71.84529,0.42936],[-71.84582,0.43569],[-71.85319,0.44809],[-71.85537,0.45526],[-71.86903,0.45986],[-71.88388,0.46843],[-71.88679,0.46843],[-71.88731,0.4656],[-71.88482,0.4553],[-71.88636,0.45015],[-71.8904,0.44577],[-71.89838,0.44294],[-71.9049,0.44311],[-71.91108,0.44431],[-71.91855,0.45066],[-71.92121,0.4541],[-71.92113,0.45787],[-71.91898,0.46019],[-71.90516,0.4662],[-71.90104,0.47066],[-71.90199,0.47452],[-71.90739,0.47881],[-71.91838,0.47735],[-71.9231,0.47899],[-71.92825,0.48628],[-71.92851,0.49418],[-71.92662,0.4983],[-71.92121,0.50576],[-71.91555,0.50963],[-71.91297,0.51366],[-71.91812,0.52705],[-71.92293,0.53331],[-71.92851,0.54464],[-71.92954,0.55348],[-71.93555,0.56181],[-71.93941,0.57022],[-71.94173,0.57013],[-71.94387,0.5679],[-71.94413,0.56327],[-71.94241,0.55142],[-71.94936,0.54044],[-71.95263,0.53924],[-71.95529,0.54173],[-71.96035,0.5522],[-71.96344,0.55503],[-71.97408,0.55941],[-71.9867,0.56035],[-71.98962,0.56344],[-71.99074,0.57116],[-71.98876,0.58636],[-71.99477,0.59116],[-72.00601,0.59288],[-72.00988,0.59442],[-72.01151,0.59683],[-71.99958,0.60189],[-71.99631,0.60498],[-71.9885,0.61416],[-71.98058,0.63233],[-71.99331,0.63133],[-71.9947,0.63306],[-71.99382,0.64412],[-71.9976,0.6575],[-72.00044,0.65909],[-72.01082,0.65338],[-72.01417,0.65321],[-72.01778,0.65588],[-72.02126,0.66182],[-72.0254,0.66417],[-72.03294,0.66448],[-72.05145,0.65427],[-72.06496,0.6566],[-72.07972,0.65553],[-72.08595,0.65659],[-72.08627,0.66233],[-72.07435,0.66445],[-72.06971,0.66998],[-72.06675,0.6806],[-72.06992,0.69206],[-72.08142,0.70364],[-72.08638,0.703],[-72.09302,0.6979],[-72.09977,0.69875],[-72.10895,0.70299],[-72.12183,0.7203],[-72.12204,0.72359],[-72.11919,0.73219],[-72.12689,0.73856],[-72.13248,0.73718],[-72.13617,0.72295],[-72.14123,0.71775],[-72.1463,0.71859],[-72.15833,0.73071],[-72.16458,0.73471],[-72.16731,0.7326],[-72.1675,0.73037],[-72.16149,0.72195],[-72.16074,0.71872],[-72.16358,0.71387],[-72.16845,0.71204],[-72.1717,0.71328],[-72.17982,0.72212],[-72.18975,0.72645],[-72.19314,0.72392],[-72.19795,0.70628],[-72.2024,0.7012],[-72.20786,0.70021],[-72.22015,0.70543],[-72.23079,0.71794],[-72.2297,0.72551],[-72.22393,0.73492],[-72.22193,0.74761],[-72.22637,0.75765],[-72.24226,0.77319],[-72.24827,0.78799],[-72.256,0.79308],[-72.26535,0.7951],[-72.27107,0.79449],[-72.27157,0.79185],[-72.26933,0.78595],[-72.26186,0.77782],[-72.26092,0.77479],[-72.26141,0.76509],[-72.26444,0.7632],[-72.26986,0.76371],[-72.2911,0.77919],[-72.2986,0.79386],[-72.30936,0.80919],[-72.30868,0.81288],[-72.30437,0.81596],[-72.28938,0.81589],[-72.28562,0.81916],[-72.28738,0.82315],[-72.2988,0.83657],[-72.30088,0.84181],[-72.29743,0.85157],[-72.28957,0.85534],[-72.28651,0.86009],[-72.28708,0.87018],[-72.28887,0.87452],[-72.29371,0.88007],[-72.2982,0.88161],[-72.30254,0.88039],[-72.30936,0.87509],[-72.31486,0.87501],[-72.3195,0.87688],[-72.32197,0.87571],[-72.32491,0.87045],[-72.32493,0.86726],[-72.31734,0.85669],[-72.31634,0.84995],[-72.31741,0.8452],[-72.32028,0.84137],[-72.32759,0.8391],[-72.33037,0.84971],[-72.34023,0.86156],[-72.3426,0.8671],[-72.34192,0.86992],[-72.33444,0.87381],[-72.33132,0.87749],[-72.34334,0.89481],[-72.34696,0.90311],[-72.34097,0.91518],[-72.33848,0.92523],[-72.35085,0.93453],[-72.35734,0.93151],[-72.36371,0.9246],[-72.37419,0.91642],[-72.38705,0.91679],[-72.39205,0.91931],[-72.38968,0.92698],[-72.38219,0.93879],[-72.37621,0.95602],[-72.37621,0.96004],[-72.3862,0.96054],[-72.39681,0.96393],[-72.40019,0.96644],[-72.40544,0.97951],[-72.41031,0.98492],[-72.40968,0.98693],[-72.40145,0.99372],[-72.39932,0.99963],[-72.39958,1.00403],[-72.41232,1.01144],[-72.42386,1.02358],[-72.42544,1.03531],[-72.42906,1.04197],[-72.43364,1.04844],[-72.44112,1.05517],[-72.44371,1.06006],[-72.44973,1.06234],[-72.45225,1.06513],[-72.45484,1.06939],[-72.45623,1.07957],[-72.46828,1.08265],[-72.47097,1.07909],[-72.47935,1.07923],[-72.48483,1.07211],[-72.48887,1.07153],[-72.49724,1.07351],[-72.50064,1.07213],[-72.50543,1.06712],[-72.51113,1.06756],[-72.51364,1.07457],[-72.51893,1.07983],[-72.52488,1.08211],[-72.53502,1.08285],[-72.55685,1.09325],[-72.57459,1.11324],[-72.58202,1.11382],[-72.58542,1.11555],[-72.58854,1.12363],[-72.59172,1.12652],[-72.60401,1.13217],[-72.62044,1.13532],[-72.62477,1.13852],[-72.6368,1.15251],[-72.63642,1.15943],[-72.6438,1.167],[-72.64564,1.17719],[-72.64882,1.18232],[-72.65271,1.18201],[-72.65347,1.18079],[-72.65131,1.17155],[-72.65686,1.15393],[-72.66062,1.15156],[-72.6647,1.15387],[-72.66667,1.16143],[-72.66985,1.16355],[-72.694,1.1646],[-72.69383,1.17599],[-72.69839,1.18216],[-72.7182,1.1883],[-72.72629,1.18647],[-72.72916,1.18043],[-72.72795,1.16742],[-72.73108,1.16111],[-72.72322,1.15042],[-72.72449,1.14874],[-72.73526,1.15383],[-72.73962,1.15125],[-72.74312,1.14773],[-72.74,1.14294],[-72.74057,1.1382],[-72.74523,1.13198],[-72.75081,1.1292],[-72.7657,1.13289],[-72.77874,1.14877],[-72.7791,1.15683],[-72.77726,1.1668],[-72.76975,1.17751],[-72.77193,1.18285],[-72.77533,1.18287],[-72.78453,1.17589],[-72.79037,1.17841],[-72.79771,1.17659],[-72.80425,1.18338],[-72.81919,1.17944],[-72.82167,1.17694],[-72.81771,1.17176],[-72.81658,1.16738],[-72.81833,1.1638],[-72.82425,1.15863],[-72.8272,1.15167],[-72.83322,1.15716],[-72.83737,1.15759],[-72.84612,1.16169],[-72.85409,1.16214],[-72.85065,1.15262],[-72.85005,1.14822],[-72.85145,1.144],[-72.8556,1.1436],[-72.86668,1.1469],[-72.86965,1.14625],[-72.87168,1.14291],[-72.87191,1.1384],[-72.87011,1.12499],[-72.86852,1.1218],[-72.85264,1.11129],[-72.8506,1.1079],[-72.85113,1.10486],[-72.85344,1.10294],[-72.85717,1.1028],[-72.86433,1.10787],[-72.8673,1.10737],[-72.87019,1.10398],[-72.88256,1.10124],[-72.88343,1.09816],[-72.87135,1.08754],[-72.87046,1.08426],[-72.8717,1.07939],[-72.87432,1.07803],[-72.8797,1.07941],[-72.88468,1.07737],[-72.88479,1.0747],[-72.88259,1.07196],[-72.87449,1.07467],[-72.86575,1.0738],[-72.86207,1.07177],[-72.86089,1.06879],[-72.86123,1.05458],[-72.8585,1.04713],[-72.85949,1.04396],[-72.87091,1.05098],[-72.87466,1.05188],[-72.87719,1.05071],[-72.87895,1.04751],[-72.87854,1.04385],[-72.87105,1.04522],[-72.86839,1.04435],[-72.86739,1.04114],[-72.87354,1.03761],[-72.87335,1.03489],[-72.86956,1.03016],[-72.86929,1.02662],[-72.87784,1.0227],[-72.88214,1.02401],[-72.88589,1.02301],[-72.89501,1.01351],[-72.89829,1.0168],[-72.90118,1.01751],[-72.90744,1.01036],[-72.91082,1.0094],[-72.91592,1.01209],[-72.91587,1.01511],[-72.9228,1.0125],[-72.92802,1.01584],[-72.93237,1.01459],[-72.93316,1.01066],[-72.93059,1.00089],[-72.93686,0.9859],[-72.9395,0.98421],[-72.9409,0.98084],[-72.94442,0.97984],[-72.95029,0.98406],[-72.9538,0.98253],[-72.95535,0.97103],[-72.96099,0.96177],[-72.96437,0.96302],[-72.97503,0.95681],[-72.9788,0.95598],[-72.98222,0.95646],[-72.98568,0.96077],[-72.98817,0.95903],[-72.98699,0.95443],[-72.98772,0.95154],[-72.99499,0.95012],[-72.98781,0.9326],[-72.98826,0.92923],[-72.99506,0.92446],[-72.99554,0.92768],[-72.99296,0.93253],[-73.0044,0.93274],[-73.00563,0.92953],[-73.00165,0.9275],[-73.00896,0.91209],[-73.01175,0.91148],[-73.01919,0.91464],[-73.02595,0.92056],[-73.03433,0.91279],[-73.03827,0.90421],[-73.04108,0.90975],[-73.04859,0.90651],[-73.04906,0.9105],[-73.05431,0.90973],[-73.05867,0.90559],[-73.066,0.90385],[-73.07482,0.89517],[-73.07941,0.89468],[-73.08233,0.89904],[-73.08224,0.90263],[-73.08005,0.90546],[-73.08494,0.90606],[-73.08665,0.90966],[-73.09118,0.90923],[-73.09454,0.91272],[-73.10193,0.91173],[-73.10734,0.91613],[-73.1104,0.9225],[-73.1131,0.92221],[-73.11484,0.92018],[-73.11985,0.92152],[-73.1233,0.92076],[-73.13109,0.91508],[-73.13718,0.91643],[-73.13888,0.91927],[-73.13809,0.92302],[-73.14079,0.92359],[-73.14352,0.92154],[-73.14661,0.92838],[-73.15146,0.93366],[-73.14659,0.93457],[-73.14674,0.93862],[-73.14861,0.9421],[-73.15136,0.94348],[-73.16363,0.94215],[-73.16357,0.94997],[-73.16528,0.95313],[-73.16834,0.95562],[-73.17347,0.95386],[-73.17718,0.95632],[-73.17714,0.96036],[-73.18037,0.96104],[-73.18015,0.96813],[-73.18341,0.96967],[-73.18795,0.96776],[-73.1882,0.97046],[-73.17424,0.98182],[-73.17384,0.99453],[-73.17598,0.99707],[-73.1856,1.00148],[-73.19904,1.00029],[-73.2065,1.00506],[-73.21363,0.99908],[-73.2168,0.99947],[-73.21941,1.00267],[-73.23962,1.01222],[-73.24558,1.01906],[-73.24604,1.02261],[-73.24143,1.0304],[-73.24547,1.03961],[-73.25061,1.04129],[-73.25329,1.04587],[-73.26206,1.04522],[-73.27635,1.04757],[-73.27942,1.04968],[-73.28251,1.06325],[-73.2972,1.06788],[-73.29973,1.06937],[-73.30316,1.07498],[-73.32436,1.08349],[-73.32741,1.08978],[-73.33148,1.09184],[-73.33333,1.09449],[-73.33421,1.09955],[-73.33891,1.10006],[-73.34059,1.10321],[-73.3383,1.1061],[-73.33468,1.1071],[-73.33453,1.11043],[-73.34081,1.11569],[-73.34465,1.12121],[-73.35333,1.12084],[-73.36052,1.12729],[-73.37048,1.13051],[-73.37348,1.1326],[-73.37528,1.1403],[-73.37726,1.14277],[-73.39024,1.14698],[-73.39268,1.14915],[-73.39297,1.15317],[-73.39639,1.1558],[-73.39417,1.16212],[-73.39502,1.16961],[-73.39682,1.17188],[-73.4047,1.17099],[-73.4083,1.17202],[-73.4115,1.17555],[-73.41778,1.19167],[-73.41702,1.19777],[-73.40963,1.20121],[-73.40882,1.20583],[-73.41498,1.21009],[-73.41687,1.21462],[-73.42218,1.22066],[-73.42141,1.22477],[-73.41516,1.22921],[-73.41309,1.23321],[-73.41275,1.24075],[-73.42167,1.25204],[-73.43151,1.26004],[-73.4308,1.26289],[-73.42577,1.26777],[-73.42462,1.27116],[-73.42473,1.28949],[-73.44541,1.29947],[-73.4551,1.30888],[-73.45851,1.31474],[-73.45987,1.32726],[-73.46637,1.33852],[-73.47186,1.35795],[-73.4756,1.36508],[-73.4831,1.37294],[-73.49877,1.38354],[-73.52906,1.39549],[-73.54033,1.40246],[-73.54519,1.41584],[-73.54812,1.43945],[-73.55503,1.45391],[-73.5619,1.46262],[-73.57051,1.46296],[-73.57787,1.46895],[-73.58513,1.48547],[-73.59814,1.49626],[-73.60995,1.50867],[-73.61738,1.52762],[-73.62706,1.53813],[-73.64047,1.54906],[-73.64393,1.56146],[-73.65769,1.57635],[-73.66054,1.58447],[-73.66117,1.59307],[-73.65877,1.61452],[-73.66989,1.61557],[-73.68635,1.62134],[-73.69548,1.63229],[-73.7068,1.63343],[-73.71246,1.63806],[-73.72054,1.63898],[-73.73345,1.63343],[-73.73949,1.63981],[-73.74334,1.64012],[-73.74628,1.64285],[-73.76002,1.64567],[-73.76493,1.64969],[-73.77904,1.65517],[-73.78206,1.65524],[-73.79127,1.65008],[-73.79459,1.65357],[-73.79723,1.65236],[-73.80018,1.65403],[-73.80222,1.65122],[-73.80554,1.65251],[-73.80864,1.64759],[-73.81505,1.65207],[-73.8169,1.64997],[-73.82714,1.64828],[-73.83667,1.65176],[-73.84031,1.65091],[-73.84602,1.65209],[-73.85269,1.65431],[-73.85828,1.6583],[-73.86303,1.65411],[-73.86623,1.65335],[-73.86729,1.65077],[-73.87522,1.64945],[-73.88044,1.65073],[-73.88547,1.64682],[-73.89494,1.64365],[-73.92464,1.64261],[-73.9298,1.64541],[-73.93335,1.6433],[-73.93712,1.64683],[-73.94407,1.64541],[-73.9501,1.64077],[-73.94918,1.63665],[-73.95392,1.63233],[-73.95369,1.62713],[-73.95705,1.62541],[-73.96814,1.61242],[-73.97403,1.60231],[-73.98143,1.60178],[-73.98588,1.60657],[-73.9923,1.62852],[-73.9966,1.63278],[-73.99924,1.63809],[-73.99955,1.64429],[-73.99593,1.65143],[-73.99683,1.65538],[-73.99957,1.65789],[-74.0145,1.65891],[-74.01909,1.66328],[-74.02292,1.66153],[-74.02809,1.66244],[-74.03888,1.66153],[-74.061,1.65735],[-74.07549,1.64535],[-74.08101,1.64338],[-74.09051,1.64247],[-74.09332,1.64831],[-74.09692,1.65069],[-74.10017,1.66086],[-74.10044,1.66263],[-74.0964,1.66944],[-74.09763,1.67651],[-74.10457,1.68376],[-74.10791,1.6919],[-74.1123,1.69614],[-74.11696,1.6957],[-74.12715,1.698],[-74.12996,1.69623],[-74.13321,1.69711],[-74.15335,1.71547],[-74.16574,1.71695],[-74.1743,1.72089],[-74.18053,1.72038],[-74.19746,1.71364],[-74.20163,1.71318],[-74.20591,1.7147],[-74.20725,1.71612],[-74.20765,1.7266],[-74.20557,1.74985],[-74.21002,1.76152],[-74.21536,1.76666],[-74.22604,1.76652],[-74.23381,1.76312],[-74.25697,1.7583],[-74.27047,1.75353],[-74.27495,1.7563],[-74.28849,1.77229],[-74.30097,1.78],[-74.31676,1.78637],[-74.34408,1.79082],[-74.37281,1.78896],[-74.38343,1.79051],[-74.38963,1.79268],[-74.39922,1.8029],[-74.40796,1.80961],[-74.41518,1.81244],[-74.42552,1.81141],[-74.45002,1.81212],[-74.45658,1.80775],[-74.46992,1.80624],[-74.47757,1.80718],[-74.50007,1.81769],[-74.50338,1.82114],[-74.50433,1.82731],[-74.51586,1.83317],[-74.52745,1.83571],[-74.53245,1.83962],[-74.54075,1.84248],[-74.55841,1.84569],[-74.56464,1.84921],[-74.56698,1.8561],[-74.56613,1.8763],[-74.56465,1.88593],[-74.55991,1.89643],[-74.56162,1.90841],[-74.57011,1.92031],[-74.57042,1.925],[-74.56692,1.92923],[-74.56591,1.93832],[-74.56816,1.95334],[-74.57199,1.96839],[-74.5881,2.00924],[-74.60253,2.02863],[-74.60425,2.04592],[-74.60947,2.0708],[-74.60848,2.07743],[-74.60359,2.08841],[-74.59607,2.09674],[-74.59194,2.11414],[-74.5991,2.14138],[-74.5991,2.14933],[-74.59873,2.16144],[-74.59234,2.17052],[-74.58783,2.18301],[-74.59009,2.19549],[-74.59385,2.20192],[-74.59799,2.2057],[-74.62733,2.20229],[-74.63635,2.20266],[-74.6499,2.20682],[-74.65742,2.21211],[-74.66419,2.21968],[-74.6736,2.23481],[-74.68038,2.256],[-74.68678,2.26924],[-74.68641,2.27188],[-74.67701,2.28059],[-74.67663,2.28475],[-74.68227,2.28778],[-74.69807,2.28626],[-74.70634,2.28171],[-74.71048,2.27566],[-74.71311,2.26771],[-74.72138,2.26165],[-74.72815,2.26392],[-74.73267,2.273],[-74.72854,2.30062],[-74.72892,2.30667],[-74.73344,2.3131],[-74.73345,2.33127],[-74.72669,2.35548],[-74.70977,2.38084],[-74.70188,2.40393],[-74.697,2.41301],[-74.68873,2.41869],[-74.67744,2.42285],[-74.67105,2.42815],[-74.66767,2.43724],[-74.6673,2.46372],[-74.6643,2.4747],[-74.65528,2.49059],[-74.65077,2.49551],[-74.65114,2.5027],[-74.68685,2.52689],[-74.68803,2.5322],[-74.68577,2.54582],[-74.67713,2.56398],[-74.66435,2.57837],[-74.65231,2.58821],[-74.63878,2.60903],[-74.60606,2.63628],[-74.59289,2.65142],[-74.59026,2.65975],[-74.59064,2.66618],[-74.60344,2.68244],[-74.61436,2.68849],[-74.62715,2.69265],[-74.63618,2.6987],[-74.63844,2.70437],[-74.63431,2.71383],[-74.62416,2.72481],[-74.61889,2.73654],[-74.61739,2.74827],[-74.6204,2.75243],[-74.63771,2.75432],[-74.64337,2.77361],[-74.66559,2.81106],[-74.66447,2.83035],[-74.66221,2.84057],[-74.6626,2.85495],[-74.66787,2.8697],[-74.67014,2.88105],[-74.67692,2.89013],[-74.68896,2.89428],[-74.70213,2.89428],[-74.71605,2.88822],[-74.75706,2.87533],[-74.76572,2.87684],[-74.77663,2.8844],[-74.78266,2.89045],[-74.78492,2.89536],[-74.78569,2.92866],[-74.7872,2.93131],[-74.79473,2.93319],[-74.80489,2.93092],[-74.81391,2.92637],[-74.82821,2.91614],[-74.82896,2.91236],[-74.83498,2.91009],[-74.84514,2.9097],[-74.85831,2.91196],[-74.8696,2.91195],[-74.89142,2.9074],[-74.93393,2.90668],[-74.94164,2.89549],[-74.95255,2.88364],[-74.97822,2.86227],[-74.99019,2.85022],[-75.00216,2.83506],[-75.01584,2.81095],[-75.03841,2.78098],[-75.05152,2.75938],[-75.06436,2.74573],[-75.08076,2.73208],[-75.08718,2.72885],[-75.09503,2.72741],[-75.12707,2.72928],[-75.13987,2.72587],[-75.14755,2.7217],[-75.15267,2.71023],[-75.15238,2.70293],[-75.14868,2.69981],[-75.14385,2.69914],[-75.13837,2.69518],[-75.13428,2.69431],[-75.13361,2.69014],[-75.14072,2.66815],[-75.14755,2.66133],[-75.15304,2.6528],[-75.15494,2.64218],[-75.14906,2.62815],[-75.15086,2.62142],[-75.14309,2.61536],[-75.13892,2.60995],[-75.13532,2.60455],[-75.13434,2.59902],[-75.13984,2.58442],[-75.15691,2.5618],[-75.16895,2.55215],[-75.17787,2.53576],[-75.17963,2.53198],[-75.17907,2.5272],[-75.17534,2.52409],[-75.17444,2.52027],[-75.17649,2.51683],[-75.18367,2.51269],[-75.20113,2.51474],[-75.22851,2.51472],[-75.22851,2.51093],[-75.22268,2.49854],[-75.22232,2.48546],[-75.22574,2.47823],[-75.23512,2.46961],[-75.24624,2.44241],[-75.25308,2.43449],[-75.26505,2.42553],[-75.276,2.42001],[-75.28284,2.41346],[-75.29001,2.39349],[-75.30129,2.37696],[-75.30709,2.36146],[-75.31872,2.35629],[-75.32762,2.35628],[-75.33207,2.35765],[-75.3447,2.32632],[-75.35359,2.31943],[-75.38507,2.31492],[-75.38849,2.31044],[-75.38957,2.29675],[-75.39326,2.28807],[-75.4018,2.27532],[-75.40932,2.25845],[-75.40911,2.24919],[-75.40804,2.248],[-75.41777,2.2383],[-75.437,2.22538],[-75.43494,2.21368],[-75.42432,2.19854],[-75.4226,2.18891],[-75.43421,2.16618],[-75.44275,2.15274],[-75.45027,2.14551],[-75.46053,2.14068],[-75.47592,2.13516],[-75.48681,2.13351],[-75.51594,2.1217],[-75.52963,2.121],[-75.53168,2.11859],[-75.54124,2.09827],[-75.55142,2.08128],[-75.55306,2.07184],[-75.5529,2.06236],[-75.55459,2.058],[-75.55768,2.05364],[-75.5768,2.04632],[-75.58241,2.02882],[-75.59112,2.01445],[-75.61164,1.99634],[-75.62284,1.98135],[-75.644,1.94011],[-75.65335,1.90761],[-75.65957,1.89949],[-75.68941,1.87513],[-75.69317,1.86922],[-75.70294,1.86156],[-75.71055,1.84452],[-75.71305,1.83389],[-75.72921,1.81627],[-75.73296,1.7939],[-75.73918,1.78515],[-75.76652,1.76732],[-75.78766,1.75705],[-75.79674,1.75381],[-75.81991,1.74929],[-75.82867,1.7452],[-75.84638,1.72958],[-75.85074,1.72271],[-75.86239,1.71522],[-75.86845,1.71413],[-75.88662,1.72039],[-75.89407,1.72071],[-75.90106,1.71884],[-75.90728,1.71478],[-75.93339,1.69182],[-75.94598,1.67651],[-75.95577,1.66854],[-75.97255,1.66183],[-75.98125,1.65605],[-75.99135,1.64027],[-76.00162,1.61573],[-76.0111,1.60183],[-76.03083,1.58214],[-76.04777,1.57184],[-76.0532,1.57278],[-76.0563,1.57604],[-76.06765,1.57685],[-76.07014,1.57381],[-76.07432,1.57685],[-76.08396,1.57404],[-76.09961,1.56586],[-76.11016,1.55703],[-76.1203,1.55547],[-76.12364,1.55655],[-76.13391,1.5708],[-76.13886,1.57501],[-76.14649,1.57794],[-76.15729,1.5847],[-76.16826,1.58722],[-76.1637,1.58491],[-76.15849,1.57787],[-76.15269,1.56397],[-76.15442,1.55617],[-76.14876,1.54535],[-76.15112,1.53592],[-76.15913,1.52662],[-76.16084,1.5213],[-76.16495,1.51592],[-76.16486,1.51098],[-76.17165,1.50782],[-76.18268,1.48978],[-76.18306,1.47888],[-76.18617,1.4619],[-76.18498,1.45974],[-76.17913,1.45865],[-76.17703,1.45097],[-76.17995,1.44609],[-76.18484,1.44287],[-76.18436,1.43964],[-76.19217,1.42361],[-76.19739,1.42112],[-76.20115,1.42261],[-76.2011,1.41706],[-76.19708,1.40941],[-76.20039,1.40128],[-76.20121,1.38371],[-76.19949,1.37472],[-76.20211,1.36917],[-76.20284,1.35862],[-76.21022,1.34751],[-76.22179,1.33996],[-76.22137,1.3368],[-76.21555,1.32991],[-76.21544,1.32181],[-76.22374,1.32129],[-76.23182,1.30925],[-76.24544,1.30073],[-76.24534,1.2935],[-76.24999,1.29047],[-76.24992,1.28608],[-76.25305,1.2819],[-76.25381,1.27712],[-76.26088,1.27487],[-76.26926,1.26688],[-76.27694,1.26422],[-76.28653,1.25044],[-76.292,1.24632],[-76.29476,1.24148],[-76.30056,1.23964],[-76.3025,1.23753],[-76.30286,1.23075],[-76.30578,1.22887],[-76.30204,1.22635],[-76.29501,1.21779],[-76.2896,1.20762],[-76.29113,1.20181],[-76.29974,1.1933],[-76.2999,1.19026],[-76.29724,1.1839],[-76.30185,1.17598],[-76.2947,1.1785],[-76.29114,1.17641],[-76.28681,1.16828],[-76.28719,1.16063],[-76.28408,1.15217],[-76.28476,1.14562],[-76.28142,1.13932],[-76.27673,1.13461],[-76.25902,1.12381],[-76.24879,1.11955],[-76.23432,1.12322],[-76.22994,1.11864],[-76.2157,1.11015],[-76.21241,1.11077],[-76.20783,1.11634],[-76.20551,1.11673],[-76.19293,1.10872],[-76.18386,1.10564],[-76.16485,1.10681],[-76.15678,1.11076],[-76.15257,1.10995],[-76.15153,1.10825],[-76.15299,1.10473],[-76.14752,1.10424],[-76.14843,1.09986],[-76.14608,1.09968],[-76.1454,1.10326],[-76.14404,1.10373],[-76.14266,1.10217],[-76.14321,1.0994],[-76.13931,1.09764],[-76.13826,1.10046],[-76.13045,1.10091],[-76.12806,1.10243],[-76.12322,1.09987],[-76.12412,1.08727],[-76.1167,1.08408],[-76.11314,1.0846],[-76.10212,1.07794],[-76.10228,1.07069],[-76.10029,1.0676],[-76.09191,1.07094],[-76.08773,1.06697],[-76.08044,1.06431],[-76.08077,1.06106],[-76.08393,1.0597],[-76.08443,1.05704],[-76.06851,1.05341],[-76.0508,1.04707],[-76.04664,1.04766],[-76.03885,1.0529],[-76.03314,1.0504],[-76.02004,1.04784],[-76.00838,1.05659],[-76.00594,1.05641],[-76.00082,1.05248],[-76.0016,1.0363],[-76.00035,1.02934],[-75.99713,1.02671],[-75.99461,1.02671],[-75.99021,1.03215],[-75.98744,1.04595],[-75.98756,1.05165],[-75.99108,1.05912],[-75.99498,1.06254],[-75.99952,1.0642],[-76.00035,1.06621],[-75.99912,1.07115],[-75.99435,1.0714],[-75.9873,1.06874],[-75.97561,1.06101],[-75.96153,1.04316],[-75.94846,1.03214],[-75.94343,1.02935],[-75.93601,1.02783],[-75.92758,1.0315],[-75.92305,1.03099],[-75.92041,1.02897],[-75.91953,1.02605],[-75.92042,1.01745],[-75.93337,1.00606],[-75.93375,0.99986],[-75.93191,0.99248],[-75.93361,0.98923],[-75.94879,0.98268],[-75.94961,0.98075],[-75.94817,0.97671],[-75.94229,0.97571],[-75.93464,0.9796],[-75.93049,0.97985],[-75.91632,0.97645],[-75.90566,0.97073],[-75.90407,0.96706],[-75.90432,0.95647],[-75.9025,0.94611],[-75.89456,0.93563],[-75.89141,0.93269],[-75.86875,0.925],[-75.86294,0.9199],[-75.8618,0.91357],[-75.86551,0.90523],[-75.86561,0.89826],[-75.86016,0.88683],[-75.85316,0.88318],[-75.85117,0.8795],[-75.83956,0.87676],[-75.83337,0.87689],[-75.82156,0.88194],[-75.81591,0.89081],[-75.80948,0.89736],[-75.79809,0.89406],[-75.7888,0.8812],[-75.77273,0.86721],[-75.76515,0.85195],[-75.76347,0.83992],[-75.76066,0.83711],[-75.75723,0.83658],[-75.75358,0.83831],[-75.74835,0.84415],[-75.74459,0.85162],[-75.734,0.86031],[-75.71922,0.86137],[-75.70726,0.85954],[-75.6903,0.86289],[-75.67846,0.85821],[-75.65829,0.86829],[-75.64752,0.87751],[-75.64304,0.87851],[-75.63408,0.87253],[-75.61827,0.867],[-75.61421,0.86435],[-75.61229,0.85987],[-75.61329,0.85154],[-75.61227,0.84427],[-75.60788,0.83767],[-75.5766,0.83409],[-75.56242,0.8292],[-75.55552,0.82966],[-75.54832,0.83209],[-75.542,0.83209],[-75.54008,0.83073],[-75.53594,0.8221],[-75.53835,0.81238],[-75.53724,0.79967],[-75.5385,0.79112],[-75.53726,0.78751],[-75.53398,0.78288],[-75.51238,0.77017],[-75.50302,0.76789],[-75.49805,0.77017],[-75.49216,0.77838],[-75.48598,0.78157],[-75.48326,0.78157],[-75.47527,0.77686],[-75.473,0.76942],[-75.4726,0.76174],[-75.47029,0.75883],[-75.46141,0.75492],[-75.45621,0.7549],[-75.44033,0.74632],[-75.43265,0.74543],[-75.41505,0.73739],[-75.40796,0.73633],[-75.40085,0.73776],[-75.3897,0.75168],[-75.38231,0.75517],[-75.35732,0.75321],[-75.35108,0.75868],[-75.34278,0.77022],[-75.3376,0.77216],[-75.33433,0.76977],[-75.33297,0.76673],[-75.33071,0.752],[-75.32316,0.74456],[-75.31712,0.7438],[-75.30641,0.74608],[-75.30173,0.7432],[-75.30113,0.73378],[-75.29765,0.72877],[-75.29267,0.72695],[-75.28935,0.72801],[-75.2803,0.72634],[-75.26989,0.7271],[-75.26652,0.72525],[-75.2608,0.71917],[-75.25626,0.70579],[-75.26267,0.68683],[-75.27285,0.67459],[-75.27417,0.66555],[-75.26035,0.65313],[-75.24689,0.65005],[-75.23486,0.65061],[-75.22628,0.64529],[-75.21655,0.62736],[-75.21909,0.61715],[-75.21294,0.60753],[-75.20964,0.59234],[-75.21212,0.58685],[-75.21591,0.58343],[-75.22441,0.58255],[-75.23357,0.578],[-75.23543,0.57358],[-75.23374,0.56119],[-75.22799,0.54264],[-75.21099,0.5163],[-75.19778,0.50608],[-75.19905,0.49937],[-75.20259,0.49344],[-75.2057,0.49211],[-75.21941,0.49441],[-75.22226,0.49085],[-75.22188,0.48643],[-75.21965,0.48325],[-75.20618,0.48231],[-75.19228,0.48748],[-75.18521,0.48483],[-75.17228,0.48526],[-75.15859,0.48161],[-75.15103,0.48287],[-75.14388,0.48668],[-75.12843,0.50385],[-75.11796,0.51243],[-75.10525,0.51363],[-75.09702,0.51072],[-75.09497,0.49837],[-75.09684,0.48583],[-75.10628,0.47587],[-75.10435,0.47328],[-75.09391,0.47356],[-75.07962,0.48001],[-75.0715,0.4856],[-75.05945,0.48468],[-75.04883,0.47915],[-75.043,0.47907],[-75.03214,0.48276],[-75.02765,0.48204],[-75.01946,0.47568],[-75.00844,0.45253],[-75.00477,0.43887],[-74.98738,0.42189],[-74.98352,0.41548],[-74.98172,0.40501],[-74.98582,0.39874],[-74.99999,0.39284],[-75.01091,0.39256],[-75.01657,0.38494],[-75.00661,0.33663],[-74.99769,0.33319],[-74.98268,0.32164],[-74.9796,0.30988],[-74.98544,0.30164],[-75.00276,0.29795],[-75.0093,0.29288],[-75.01137,0.28435],[-75.00357,0.27318],[-74.99439,0.2714],[-74.98029,0.26312],[-74.96761,0.24646],[-74.95993,0.24153],[-74.94405,0.24187],[-74.93725,0.24738],[-74.92727,0.25102],[-74.90354,0.25246],[-74.89135,0.24817],[-74.88176,0.24262],[-74.86389,0.2238],[-74.84638,0.21487],[-74.82818,0.21333],[-74.81355,0.21694],[-74.78653,0.20917],[-74.76748,0.21282],[-74.75145,0.21212],[-74.72594,0.20692],[-74.71059,0.19739],[-74.70253,0.18386],[-74.68467,0.16861],[-74.67679,0.15933],[-74.67465,0.13761],[-74.67178,0.12365],[-74.67198,0.10852],[-74.67453,0.09748],[-74.68124,0.09029],[-74.68923,0.08726],[-74.69592,0.08851],[-74.70256,0.09497],[-74.70874,0.09845],[-74.71198,0.09726],[-74.71239,0.09153],[-74.70363,0.08239],[-74.69759,0.07888],[-74.69176,0.07877],[-74.67868,0.08277],[-74.66682,0.0818],[-74.65781,0.07807],[-74.65451,0.07202],[-74.65778,0.05842],[-74.66442,0.05093],[-74.6725,0.04758],[-74.68157,0.04157],[-74.69734,0.04512],[-74.703,0.04469],[-74.7039,0.03788],[-74.69139,0.02103],[-74.67856,0.01505],[-74.6715,0.00783],[-74.67009,0.00392],[-74.65575,-0.0112],[-74.65561,-0.02811],[-74.65995,-0.03781],[-74.66785,-0.04228],[-74.67936,-0.04615],[-74.68096,-0.04806],[-74.68186,-0.05445],[-74.67857,-0.06022],[-74.67314,-0.06185],[-74.65283,-0.0417],[-74.64486,-0.03791],[-74.62785,-0.04605],[-74.61858,-0.05309],[-74.61549,-0.06065],[-74.61943,-0.07565],[-74.63164,-0.0822],[-74.63289,-0.08778],[-74.59846,-0.09855],[-74.58932,-0.10508],[-74.57577,-0.11177],[-74.54256,-0.11983],[-74.53039,-0.12689],[-74.52556,-0.12494],[-74.52332,-0.11809],[-74.52545,-0.11139],[-74.5325,-0.105],[-74.53449,-0.10145],[-74.53481,-0.09456],[-74.53201,-0.08997],[-74.52762,-0.08789],[-74.51635,-0.08898],[-74.50801,-0.09998],[-74.50503,-0.10853],[-74.50889,-0.12185],[-74.50803,-0.12931],[-74.50426,-0.13463],[-74.4961,-0.13815],[-74.48519,-0.13862],[-74.47906,-0.13621],[-74.46857,-0.12075],[-74.46248,-0.10868],[-74.46206,-0.08443],[-74.45973,-0.07663],[-74.45422,-0.07134],[-74.44822,-0.0712],[-74.44109,-0.07395],[-74.43559,-0.07901],[-74.42871,-0.08611],[-74.4237,-0.09414],[-74.42246,-0.10376],[-74.42448,-0.11083],[-74.43146,-0.11846],[-74.44606,-0.12863],[-74.44898,-0.13294],[-74.44862,-0.13876],[-74.44372,-0.14012],[-74.43699,-0.13736],[-74.40692,-0.11729],[-74.4004,-0.11489],[-74.36881,-0.11146],[-74.35698,-0.10688],[-74.34862,-0.10706],[-74.33319,-0.11421],[-74.32676,-0.11927],[-74.31629,-0.136],[-74.30547,-0.1466],[-74.30089,-0.14846],[-74.29618,-0.14769],[-74.27782,-0.13883],[-74.27406,-0.13875],[-74.26485,-0.14527],[-74.26279,-0.15141],[-74.26304,-0.157],[-74.26701,-0.16176],[-74.28259,-0.17292],[-74.28911,-0.18513],[-74.28798,-0.2025],[-74.27665,-0.2079],[-74.26678,-0.21725],[-74.24884,-0.22465],[-74.24086,-0.23467],[-74.23373,-0.23786],[-74.22592,-0.23785],[-74.2212,-0.23055],[-74.21917,-0.21325],[-74.21536,-0.20936],[-74.20764,-0.20816],[-74.20086,-0.20931],[-74.19407,-0.21641],[-74.18998,-0.22535],[-74.18764,-0.24618],[-74.18815,-0.25768],[-74.18659,-0.26106],[-74.18055,-0.2647],[-74.17204,-0.26699],[-74.16395,-0.26724],[-74.15489,-0.26135],[-74.15132,-0.24924],[-74.14623,-0.24144],[-74.13373,-0.23401],[-74.11896,-0.23168],[-74.11309,-0.23495],[-74.10633,-0.24184],[-74.09342,-0.26],[-74.08789,-0.27289],[-74.08361,-0.27857],[-74.0766,-0.2818],[-74.06999,-0.28123],[-74.05591,-0.27314],[-74.05023,-0.27142],[-74.04387,-0.27305],[-74.03986,-0.28232],[-74.04027,-0.29889],[-74.0389,-0.30669],[-74.02645,-0.31551],[-74.02193,-0.32054],[-74.01819,-0.33058],[-74.01354,-0.33721],[-74.0054,-0.34207],[-73.98507,-0.34771],[-73.96644,-0.34944],[-73.94789,-0.35322],[-73.92817,-0.35939],[-73.88279,-0.36884],[-73.8643,-0.37819],[-73.8413,-0.39798],[-73.82415,-0.409],[-73.81281,-0.41167],[-73.79007,-0.409],[-73.76289,-0.40866],[-73.75309,-0.40378],[-73.73892,-0.38566],[-73.73137,-0.38085],[-73.71662,-0.3807],[-73.70836,-0.38552],[-73.69082,-0.41415],[-73.6748,-0.42256],[-73.66826,-0.42335],[-73.66292,-0.42194],[-73.6462,-0.4147],[-73.6403,-0.41766],[-73.63737,-0.42179],[-73.63515,-0.42936],[-73.63647,-0.43504],[-73.65311,-0.45137],[-73.6532,-0.45512],[-73.65144,-0.45786],[-73.64777,-0.45818],[-73.63934,-0.45186],[-73.63247,-0.45087],[-73.62426,-0.44734],[-73.61654,-0.44199],[-73.60356,-0.43887],[-73.59172,-0.44145],[-73.58259,-0.44753],[-73.57872,-0.45715],[-73.57746,-0.48327],[-73.5684,-0.49566],[-73.56853,-0.50448],[-73.57197,-0.51413],[-73.56755,-0.51819],[-73.56185,-0.51928],[-73.55319,-0.51696],[-73.5439,-0.51037],[-73.5398,-0.49532],[-73.53724,-0.49001],[-73.53401,-0.48827],[-73.53,-0.49024],[-73.52668,-0.50706],[-73.52212,-0.51605],[-73.51446,-0.52344],[-73.5054,-0.52669],[-73.48751,-0.52902],[-73.4474,-0.51385],[-73.4371,-0.51162],[-73.42835,-0.51203],[-73.41917,-0.51393],[-73.41115,-0.51739],[-73.40285,-0.52253],[-73.39646,-0.53095],[-73.38933,-0.5339],[-73.38046,-0.53511],[-73.37484,-0.53287],[-73.36147,-0.51876],[-73.35209,-0.51171],[-73.33626,-0.50559],[-73.32974,-0.50664],[-73.32264,-0.52355],[-73.31427,-0.53159],[-73.29863,-0.54114],[-73.27652,-0.54714],[-73.26778,-0.55365],[-73.26031,-0.56135],[-73.25636,-0.57751],[-73.25259,-0.58298],[-73.24008,-0.58645],[-73.21865,-0.60756],[-73.21176,-0.62151],[-73.20841,-0.62552],[-73.20243,-0.62712],[-73.16335,-0.62219],[-73.14333,-0.61049],[-73.12318,-0.60563],[-73.11011,-0.6055],[-73.09834,-0.61176],[-73.08899,-0.62127],[-73.08354,-0.62359],[-73.0753,-0.62364],[-73.0717,-0.61815],[-73.07132,-0.60273],[-73.06946,-0.59326],[-73.06014,-0.57588],[-73.05534,-0.55296],[-73.04421,-0.5361],[-73.02486,-0.52879],[-73.01416,-0.52811],[-72.99788,-0.53265],[-72.98655,-0.53867],[-72.97214,-0.54893],[-72.95552,-0.56535],[-72.94884,-0.57641],[-72.94288,-0.59645],[-72.93614,-0.60672],[-72.93188,-0.61046],[-72.92057,-0.61617],[-72.9069,-0.61763],[-72.87517,-0.61853],[-72.86221,-0.61615],[-72.85219,-0.61167],[-72.83033,-0.59802],[-72.8247,-0.59814],[-72.81553,-0.60095],[-72.8107,-0.59774],[-72.80634,-0.58608],[-72.79989,-0.57999],[-72.79458,-0.57712],[-72.78846,-0.57625],[-72.7757,-0.57966],[-72.7687,-0.56855],[-72.75915,-0.5591],[-72.75325,-0.55603],[-72.74876,-0.55686],[-72.74554,-0.56034],[-72.74387,-0.57716],[-72.74146,-0.58077],[-72.7334,-0.58558],[-72.72717,-0.58468],[-72.72219,-0.5888],[-72.7143,-0.59034],[-72.70149,-0.60526],[-72.69368,-0.61151],[-72.67658,-0.61748],[-72.67607,-0.63377],[-72.67438,-0.63558],[-72.62237,-0.6695],[-72.60312,-0.68666],[-72.56276,-0.70643],[-72.55638,-0.70656],[-72.54228,-0.68704],[-72.5345,-0.67279],[-72.52677,-0.66572],[-72.5148,-0.66016],[-72.49508,-0.63145],[-72.47822,-0.61722],[-72.46742,-0.60145],[-72.4459,-0.5808],[-72.43358,-0.56525],[-72.42172,-0.56264],[-72.41597,-0.56275],[-72.41161,-0.56461],[-72.40805,-0.56826],[-72.40374,-0.58322],[-72.40945,-0.59681],[-72.40555,-0.60387],[-72.39587,-0.614],[-72.37218,-0.62357],[-72.3582,-0.63537],[-72.34904,-0.64009],[-72.32987,-0.64444],[-72.27262,-0.62548],[-72.26285,-0.62417],[-72.25362,-0.61593],[-72.24914,-0.61603],[-72.24191,-0.61097],[-72.23497,-0.59505],[-72.23028,-0.59028],[-72.22974,-0.58416],[-72.24266,-0.55673],[-72.24301,-0.53808],[-72.24021,-0.5307],[-72.2362,-0.52578],[-72.23497,-0.51927],[-72.23549,-0.49887],[-72.23304,-0.49113],[-72.21191,-0.48498],[-72.19391,-0.47039],[-72.19164,-0.45562],[-72.17574,-0.43522],[-72.1656,-0.41869],[-72.15809,-0.39213],[-72.15791,-0.37384],[-72.15319,-0.36312],[-72.13136,-0.34272],[-72.11528,-0.33463],[-72.10829,-0.33217],[-72.08768,-0.33305],[-72.08174,-0.332],[-72.07074,-0.32444],[-72.06672,-0.32057],[-72.05955,-0.30755],[-72.0475,-0.27854],[-72.03841,-0.26746],[-72.03352,-0.26482],[-72.02863,-0.26464],[-72.00347,-0.26799],[-71.95526,-0.27063],[-71.92171,-0.26729],[-71.87175,-0.26852],[-71.85812,-0.26923],[-71.84624,-0.27187],[-71.8286,-0.27204],[-71.81025,-0.26466],[-71.77881,-0.26325],[-71.76623,-0.25358],[-71.74998,-0.25147],[-71.71731,-0.22509],[-71.71626,-0.21805],[-71.71713,-0.20223],[-71.72237,-0.18903],[-71.72499,-0.17602],[-71.73128,-0.16318],[-71.73181,-0.14067],[-71.72082,-0.11612],[-71.72149,-0.10478],[-71.72034,-0.10118],[-71.70534,-0.08952],[-71.69888,-0.07923],[-71.68767,-0.069],[-71.66469,-0.05976],[-71.64121,-0.04698],[-71.62906,-0.03608],[-71.61813,-0.01622],[-71.59676,-0.0064],[-71.58273,-0.00306],[-71.56886,-0.00324],[-71.54101,-0.00072],[-71.50426,0.00854],[-71.48229,0.0178],[-71.46473,0.02032],[-71.43784,0.02069],[-71.42156,0.02271],[-71.39768,0.03078],[-71.36932,0.04797],[-71.36115,0.06387],[-71.34165,0.07657],[-71.33295,0.08922],[-71.3227,0.11176]]]}},{"type":"Feature","properties":{"shapeName":"Huila","shapeISO":"CO-HUI","shapeID":"13589884B32024052187233","shapeGroup":"COL","shapeType":"ADM1"},"geometry":{"type":"Polygon","coordinates":[[[-74.41598,3.74073],[-74.42389,3.74149],[-74.43418,3.73822],[-74.44218,3.73046],[-74.44147,3.72844],[-74.45157,3.72435],[-74.44987,3.7269],[-74.45332,3.7277],[-74.45575,3.73016],[-74.45726,3.73463],[-74.45664,3.74486],[-74.46096,3.75789],[-74.45987,3.7741],[-74.4516,3.78786],[-74.44745,3.80286],[-74.45107,3.81043],[-74.45841,3.81715],[-74.47972,3.82503],[-74.51267,3.82439],[-74.52333,3.82704],[-74.52787,3.82973],[-74.53308,3.84117],[-74.53943,3.84485],[-74.53731,3.83326],[-74.53523,3.83089],[-74.53695,3.81846],[-74.53783,3.81603],[-74.5427,3.81389],[-74.54466,3.81119],[-74.54598,3.79246],[-74.55439,3.78326],[-74.55339,3.77923],[-74.55594,3.77405],[-74.55677,3.76808],[-74.56604,3.75861],[-74.57415,3.75294],[-74.57716,3.7464],[-74.58456,3.74269],[-74.58608,3.73483],[-74.59269,3.72541],[-74.60455,3.72124],[-74.60864,3.71649],[-74.61452,3.71258],[-74.62456,3.699],[-74.62988,3.6992],[-74.63331,3.69298],[-74.64756,3.6846],[-74.65272,3.68275],[-74.65566,3.68387],[-74.66111,3.67824],[-74.6622,3.67383],[-74.6672,3.67356],[-74.67409,3.67096],[-74.67818,3.66252],[-74.68707,3.65333],[-74.69217,3.64426],[-74.69879,3.63861],[-74.70077,3.61674],[-74.709,3.61093],[-74.71231,3.61062],[-74.71704,3.6142],[-74.72075,3.61251],[-74.72823,3.60044],[-74.73859,3.58976],[-74.73868,3.58287],[-74.73469,3.57553],[-74.7332,3.56734],[-74.72579,3.5624],[-74.72768,3.55421],[-74.73236,3.5479],[-74.73428,3.54125],[-74.73916,3.53338],[-74.74507,3.52925],[-74.74958,3.52851],[-74.75608,3.53206],[-74.76101,3.53229],[-74.76774,3.53023],[-74.77256,3.52607],[-74.78235,3.49953],[-74.78067,3.4805],[-74.7778,3.4719],[-74.77489,3.46729],[-74.76576,3.45966],[-74.7625,3.45436],[-74.76235,3.45039],[-74.76505,3.4426],[-74.76985,3.43795],[-74.80066,3.4179],[-74.81419,3.40729],[-74.81679,3.40195],[-74.81486,3.3921],[-74.82237,3.39051],[-74.82537,3.38725],[-74.82777,3.37793],[-74.83455,3.36689],[-74.83931,3.3608],[-74.84647,3.35531],[-74.84933,3.34153],[-74.85645,3.3379],[-74.8598,3.33432],[-74.86287,3.3336],[-74.86515,3.32955],[-74.87312,3.32599],[-74.88666,3.30971],[-74.90781,3.29002],[-74.91537,3.2893],[-74.92915,3.28324],[-74.9364,3.28436],[-74.94414,3.28113],[-74.95514,3.27996],[-74.96046,3.28157],[-74.96564,3.28099],[-74.97243,3.28388],[-74.98436,3.28431],[-74.98954,3.28286],[-74.99407,3.27839],[-75.00085,3.27681],[-75.00368,3.27764],[-75.0057,3.281],[-75.01456,3.28775],[-75.02336,3.28828],[-75.03705,3.28665],[-75.05308,3.28763],[-75.07266,3.29606],[-75.07415,3.29969],[-75.07243,3.30277],[-75.06477,3.31077],[-75.05896,3.31447],[-75.0595,3.32412],[-75.0569,3.33367],[-75.06141,3.3578],[-75.05797,3.36882],[-75.05851,3.38109],[-75.0535,3.3854],[-75.04108,3.3831],[-75.03575,3.38374],[-75.03388,3.38594],[-75.03409,3.39077],[-75.03775,3.39517],[-75.03546,3.40094],[-75.03724,3.40451],[-75.04288,3.40796],[-75.04309,3.41772],[-75.03966,3.42559],[-75.04024,3.42769],[-75.04364,3.42916],[-75.06096,3.43195],[-75.06693,3.43074],[-75.095,3.43091],[-75.11633,3.43277],[-75.12106,3.43256],[-75.12345,3.43045],[-75.12798,3.42966],[-75.1439,3.43547],[-75.14763,3.43549],[-75.15109,3.43274],[-75.15275,3.42929],[-75.15235,3.42462],[-75.14976,3.42307],[-75.14924,3.42092],[-75.15363,3.41787],[-75.15738,3.41152],[-75.16367,3.41065],[-75.17171,3.41212],[-75.17616,3.4092],[-75.17693,3.40504],[-75.17377,3.39824],[-75.17387,3.39111],[-75.17251,3.38728],[-75.17553,3.3852],[-75.18045,3.38472],[-75.18399,3.38181],[-75.19818,3.38442],[-75.19987,3.38635],[-75.20056,3.39255],[-75.19562,3.39567],[-75.20133,3.40253],[-75.19964,3.40853],[-75.20397,3.4106],[-75.21135,3.40896],[-75.21166,3.41222],[-75.21452,3.41373],[-75.22027,3.4119],[-75.22838,3.41458],[-75.2416,3.40463],[-75.2424,3.40045],[-75.24582,3.39529],[-75.24541,3.38342],[-75.25115,3.3758],[-75.25057,3.36903],[-75.25295,3.36656],[-75.25588,3.36761],[-75.2564,3.37317],[-75.26047,3.37813],[-75.27738,3.38382],[-75.28229,3.38842],[-75.29022,3.39145],[-75.30269,3.39891],[-75.30705,3.40411],[-75.31094,3.41226],[-75.31996,3.41956],[-75.32366,3.4121],[-75.32356,3.40506],[-75.33345,3.39947],[-75.33919,3.4014],[-75.34368,3.40623],[-75.35347,3.40377],[-75.35941,3.40898],[-75.36489,3.4089],[-75.3683,3.40708],[-75.3704,3.40344],[-75.37356,3.38935],[-75.37761,3.38108],[-75.37816,3.37358],[-75.39421,3.37763],[-75.40961,3.36965],[-75.4154,3.37253],[-75.417,3.3644],[-75.42462,3.35852],[-75.42751,3.35355],[-75.44192,3.34708],[-75.4433,3.35463],[-75.44604,3.35672],[-75.46237,3.35473],[-75.47188,3.36072],[-75.47844,3.36105],[-75.48655,3.34842],[-75.48771,3.33909],[-75.48567,3.3305],[-75.4879,3.32707],[-75.49817,3.32241],[-75.5131,3.3277],[-75.51743,3.3262],[-75.52619,3.31982],[-75.52669,3.31735],[-75.52165,3.3109],[-75.52134,3.30138],[-75.52793,3.29443],[-75.53057,3.28696],[-75.53448,3.28146],[-75.53903,3.27866],[-75.54427,3.2719],[-75.54816,3.26038],[-75.54787,3.25709],[-75.55396,3.25622],[-75.55948,3.2483],[-75.56851,3.24122],[-75.57706,3.22395],[-75.57675,3.22073],[-75.57336,3.21935],[-75.5729,3.21782],[-75.57287,3.21051],[-75.5756,3.20675],[-75.57569,3.20398],[-75.57263,3.20103],[-75.57791,3.19548],[-75.5767,3.18906],[-75.57808,3.1852],[-75.58484,3.17721],[-75.58251,3.16928],[-75.58848,3.15609],[-75.58423,3.14874],[-75.57709,3.14421],[-75.57698,3.14235],[-75.58226,3.13587],[-75.58455,3.12183],[-75.59073,3.11582],[-75.59823,3.11564],[-75.6015,3.11404],[-75.60587,3.10257],[-75.62214,3.07543],[-75.61703,3.06151],[-75.6081,3.05818],[-75.60055,3.05177],[-75.59966,3.04871],[-75.60172,3.04663],[-75.60206,3.03908],[-75.60955,3.03452],[-75.61065,3.02847],[-75.61688,3.02107],[-75.62198,3.00883],[-75.62711,3.00882],[-75.6308,2.99966],[-75.6342,2.99502],[-75.63664,2.99412],[-75.64729,2.99626],[-75.65792,2.98883],[-75.66482,2.9877],[-75.68445,2.9893],[-75.69412,2.9946],[-75.69319,2.99],[-75.69704,2.98501],[-75.6992,2.97517],[-75.70271,2.96997],[-75.71067,2.96422],[-75.72213,2.96167],[-75.72455,2.95705],[-75.72877,2.95678],[-75.73279,2.95247],[-75.73591,2.95441],[-75.74494,2.95307],[-75.74802,2.94768],[-75.75127,2.9469],[-75.75389,2.94406],[-75.76005,2.94278],[-75.76137,2.93831],[-75.76512,2.93382],[-75.76531,2.92725],[-75.76706,2.92429],[-75.76368,2.91781],[-75.76577,2.91479],[-75.77216,2.91284],[-75.77754,2.91325],[-75.78114,2.91032],[-75.78307,2.90513],[-75.78963,2.90143],[-75.79083,2.89762],[-75.79899,2.88807],[-75.8034,2.8854],[-75.81731,2.88424],[-75.82501,2.87209],[-75.83431,2.87307],[-75.84489,2.8705],[-75.85699,2.87131],[-75.86411,2.8776],[-75.86955,2.8775],[-75.87616,2.88661],[-75.88124,2.88875],[-75.88453,2.8977],[-75.90091,2.89546],[-75.90287,2.89856],[-75.90755,2.90119],[-75.90872,2.90967],[-75.92582,2.91396],[-75.92683,2.92183],[-75.9332,2.92217],[-75.93786,2.92003],[-75.94481,2.92183],[-75.94864,2.917],[-75.95387,2.91735],[-75.95717,2.9236],[-75.95537,2.92994],[-75.95753,2.93234],[-75.95754,2.93521],[-75.96306,2.9364],[-75.96505,2.94015],[-75.96496,2.94413],[-75.97223,2.94565],[-75.98157,2.95553],[-75.98032,2.96021],[-75.98298,2.96584],[-75.9829,2.97247],[-75.98876,2.98237],[-76.01232,2.97853],[-76.01366,2.97661],[-76.02233,2.9732],[-76.02577,2.96869],[-76.02536,2.95619],[-76.02916,2.95044],[-76.02924,2.94078],[-76.01976,2.92544],[-76.00964,2.91829],[-76.00792,2.91531],[-76.00163,2.91406],[-75.99727,2.90523],[-75.97846,2.88771],[-75.96304,2.87401],[-75.9575,2.87265],[-75.94923,2.86585],[-75.94557,2.85992],[-75.94343,2.85982],[-75.93692,2.85175],[-75.91345,2.83388],[-75.85718,2.78597],[-75.84648,2.78383],[-75.831,2.78414],[-75.81817,2.77767],[-75.81052,2.76778],[-75.80339,2.7674],[-75.79413,2.76195],[-75.7779,2.75882],[-75.77154,2.75453],[-75.76026,2.75018],[-75.7534,2.74292],[-75.75265,2.73152],[-75.74751,2.71899],[-75.75086,2.71653],[-75.75358,2.7115],[-75.75453,2.7005],[-75.75745,2.69295],[-75.75737,2.68338],[-75.761,2.68008],[-75.77172,2.67561],[-75.77473,2.67132],[-75.77444,2.66871],[-75.78021,2.66021],[-75.7868,2.65699],[-75.78918,2.65413],[-75.79131,2.63162],[-75.80028,2.6218],[-75.81057,2.59992],[-75.81468,2.59581],[-75.82298,2.59221],[-75.82739,2.57549],[-75.82979,2.57245],[-75.83686,2.56835],[-75.8381,2.56519],[-75.83861,2.55796],[-75.83414,2.55045],[-75.83653,2.53881],[-75.827,2.53059],[-75.82418,2.52401],[-75.82039,2.51976],[-75.81931,2.51198],[-75.82123,2.50651],[-75.82228,2.49505],[-75.81406,2.48386],[-75.8204,2.48362],[-75.83077,2.47384],[-75.83946,2.46816],[-75.84008,2.46051],[-75.84531,2.4586],[-75.84848,2.45497],[-75.85258,2.45471],[-75.85475,2.44586],[-75.85898,2.44195],[-75.85845,2.4394],[-75.85571,2.43739],[-75.85567,2.43478],[-75.861,2.42877],[-75.86384,2.42736],[-75.87203,2.42698],[-75.87551,2.43019],[-75.88577,2.42825],[-75.89942,2.44039],[-75.90968,2.44632],[-75.91218,2.45316],[-75.91768,2.45846],[-75.91651,2.47208],[-75.92133,2.475],[-75.92413,2.47942],[-75.93172,2.4799],[-75.93866,2.48799],[-75.94757,2.4862],[-75.95152,2.48713],[-75.95819,2.49127],[-75.96239,2.49868],[-75.97794,2.50306],[-75.98573,2.49315],[-75.98908,2.48119],[-75.99455,2.47737],[-75.99984,2.46652],[-76.01987,2.44657],[-76.0234,2.42617],[-76.02663,2.41671],[-76.03067,2.40995],[-76.03364,2.40922],[-76.0356,2.40697],[-76.03791,2.40149],[-76.04081,2.40065],[-76.04872,2.4063],[-76.05532,2.40621],[-76.07711,2.41516],[-76.08443,2.41606],[-76.09085,2.41552],[-76.09455,2.41019],[-76.09735,2.41028],[-76.09943,2.40784],[-76.1034,2.40666],[-76.10708,2.39775],[-76.1154,2.392],[-76.12134,2.3819],[-76.12609,2.38025],[-76.14662,2.29341],[-76.12106,2.2245],[-76.13361,2.22231],[-76.14387,2.20438],[-76.15335,2.19894],[-76.18613,2.19714],[-76.19475,2.19546],[-76.20909,2.19901],[-76.21361,2.20483],[-76.21972,2.20804],[-76.2217,2.21084],[-76.22508,2.21779],[-76.22414,2.22221],[-76.22761,2.22101],[-76.24256,2.23235],[-76.25147,2.24801],[-76.26901,2.26291],[-76.2747,2.26935],[-76.27642,2.27475],[-76.27859,2.27583],[-76.28883,2.27426],[-76.29504,2.27792],[-76.29906,2.28249],[-76.3029,2.28367],[-76.30829,2.2813],[-76.32328,2.28112],[-76.33324,2.27774],[-76.34379,2.27211],[-76.36057,2.27069],[-76.36393,2.27779],[-76.36764,2.27716],[-76.37377,2.27909],[-76.3813,2.27117],[-76.38466,2.26413],[-76.38891,2.25369],[-76.38973,2.24166],[-76.39628,2.22752],[-76.40316,2.20473],[-76.40701,2.19754],[-76.41141,2.19487],[-76.43296,2.18958],[-76.43462,2.18751],[-76.43574,2.18161],[-76.43371,2.17825],[-76.43427,2.17493],[-76.43266,2.17],[-76.4372,2.16002],[-76.43645,2.15404],[-76.43329,2.14939],[-76.42702,2.1333],[-76.42737,2.12742],[-76.42995,2.12172],[-76.43201,2.11999],[-76.45076,2.115],[-76.46216,2.10315],[-76.46665,2.10106],[-76.47166,2.10262],[-76.48449,2.12312],[-76.48882,2.12677],[-76.49297,2.12711],[-76.49677,2.12432],[-76.50144,2.12414],[-76.50785,2.13265],[-76.51321,2.13456],[-76.52842,2.13088],[-76.55177,2.1385],[-76.55598,2.13738],[-76.57232,2.1202],[-76.58492,2.11027],[-76.59015,2.09852],[-76.58904,2.08904],[-76.57638,2.06558],[-76.57723,2.05619],[-76.57964,2.05131],[-76.58638,2.04869],[-76.58654,2.04261],[-76.58645,2.03698],[-76.57546,2.02993],[-76.57268,2.0221],[-76.5756,2.01253],[-76.57957,2.00348],[-76.58627,2.00063],[-76.59319,1.99984],[-76.60221,1.99502],[-76.61201,1.99285],[-76.6196,1.97871],[-76.62426,1.97385],[-76.62312,1.96508],[-76.62003,1.9561],[-76.61232,1.94567],[-76.61922,1.93096],[-76.61883,1.92594],[-76.61606,1.92354],[-76.60614,1.92363],[-76.5869,1.90781],[-76.5838,1.89024],[-76.58785,1.88023],[-76.58601,1.87209],[-76.57902,1.86468],[-76.57539,1.86421],[-76.56982,1.85875],[-76.55841,1.84171],[-76.54848,1.83652],[-76.53596,1.83429],[-76.5113,1.83391],[-76.48057,1.82425],[-76.47436,1.82042],[-76.47142,1.82028],[-76.46414,1.8124],[-76.45402,1.80629],[-76.45218,1.80639],[-76.43291,1.79203],[-76.42592,1.78092],[-76.42224,1.7687],[-76.42057,1.7555],[-76.42483,1.74425],[-76.4241,1.72314],[-76.41931,1.72166],[-76.41011,1.72462],[-76.37992,1.74942],[-76.37403,1.74942],[-76.36962,1.74349],[-76.36888,1.73127],[-76.38104,1.70164],[-76.38547,1.67498],[-76.38547,1.66979],[-76.38363,1.6646],[-76.37848,1.66201],[-76.33652,1.66311],[-76.32621,1.66606],[-76.30449,1.68458],[-76.29897,1.68642],[-76.29087,1.68679],[-76.28113,1.68318],[-76.27835,1.6704],[-76.27274,1.66419],[-76.26853,1.66169],[-76.26653,1.65823],[-76.25317,1.65724],[-76.22574,1.66751],[-76.21708,1.66518],[-76.21359,1.66269],[-76.21249,1.65565],[-76.21151,1.64481],[-76.21423,1.62194],[-76.20994,1.61437],[-76.21004,1.61249],[-76.21214,1.6112],[-76.2081,1.60009],[-76.19819,1.58304],[-76.19854,1.58009],[-76.19192,1.57416],[-76.18706,1.57309],[-76.18434,1.57376],[-76.17173,1.58556],[-76.16826,1.58722],[-76.15729,1.5847],[-76.14649,1.57794],[-76.13886,1.57501],[-76.13391,1.5708],[-76.12364,1.55655],[-76.1203,1.55547],[-76.11016,1.55703],[-76.09961,1.56586],[-76.08396,1.57404],[-76.07432,1.57685],[-76.07014,1.57381],[-76.06765,1.57685],[-76.0563,1.57604],[-76.0532,1.57278],[-76.04777,1.57184],[-76.03083,1.58214],[-76.0111,1.60183],[-76.00162,1.61573],[-75.99135,1.64027],[-75.98125,1.65605],[-75.97255,1.66183],[-75.95577,1.66854],[-75.94598,1.67651],[-75.93339,1.69182],[-75.90728,1.71478],[-75.90106,1.71884],[-75.89407,1.72071],[-75.88662,1.72039],[-75.86845,1.71413],[-75.86239,1.71522],[-75.85074,1.72271],[-75.84638,1.72958],[-75.82867,1.7452],[-75.81991,1.74929],[-75.79674,1.75381],[-75.78766,1.75705],[-75.76652,1.76732],[-75.73918,1.78515],[-75.73296,1.7939],[-75.72921,1.81627],[-75.71305,1.83389],[-75.71055,1.84452],[-75.70294,1.86156],[-75.69317,1.86922],[-75.68941,1.87513],[-75.65957,1.89949],[-75.65335,1.90761],[-75.644,1.94011],[-75.62284,1.98135],[-75.61164,1.99634],[-75.59112,2.01445],[-75.58241,2.02882],[-75.5768,2.04632],[-75.55768,2.05364],[-75.55459,2.058],[-75.5529,2.06236],[-75.55306,2.07184],[-75.55142,2.08128],[-75.54124,2.09827],[-75.53168,2.11859],[-75.52963,2.121],[-75.51594,2.1217],[-75.48681,2.13351],[-75.47592,2.13516],[-75.46053,2.14068],[-75.45027,2.14551],[-75.44275,2.15274],[-75.43421,2.16618],[-75.4226,2.18891],[-75.42432,2.19854],[-75.43494,2.21368],[-75.437,2.22538],[-75.41777,2.2383],[-75.40804,2.248],[-75.40911,2.24919],[-75.40932,2.25845],[-75.4018,2.27532],[-75.39326,2.28807],[-75.38957,2.29675],[-75.38849,2.31044],[-75.38507,2.31492],[-75.35359,2.31943],[-75.3447,2.32632],[-75.33207,2.35765],[-75.32762,2.35628],[-75.31872,2.35629],[-75.30709,2.36146],[-75.30129,2.37696],[-75.29001,2.39349],[-75.28284,2.41346],[-75.276,2.42001],[-75.26505,2.42553],[-75.25308,2.43449],[-75.24624,2.44241],[-75.23512,2.46961],[-75.22574,2.47823],[-75.22232,2.48546],[-75.22268,2.49854],[-75.22851,2.51093],[-75.22851,2.51472],[-75.20113,2.51474],[-75.18367,2.51269],[-75.17649,2.51683],[-75.17444,2.52027],[-75.17534,2.52409],[-75.17907,2.5272],[-75.17963,2.53198],[-75.17787,2.53576],[-75.16895,2.55215],[-75.15691,2.5618],[-75.13984,2.58442],[-75.13434,2.59902],[-75.13532,2.60455],[-75.13892,2.60995],[-75.14309,2.61536],[-75.15086,2.62142],[-75.14906,2.62815],[-75.15494,2.64218],[-75.15304,2.6528],[-75.14755,2.66133],[-75.14072,2.66815],[-75.13361,2.69014],[-75.13428,2.69431],[-75.13837,2.69518],[-75.14385,2.69914],[-75.14868,2.69981],[-75.15238,2.70293],[-75.15267,2.71023],[-75.14755,2.7217],[-75.13987,2.72587],[-75.12707,2.72928],[-75.09503,2.72741],[-75.08718,2.72885],[-75.08076,2.73208],[-75.06436,2.74573],[-75.05152,2.75938],[-75.03841,2.78098],[-75.01584,2.81095],[-75.00216,2.83506],[-74.99019,2.85022],[-74.97822,2.86227],[-74.95255,2.88364],[-74.94164,2.89549],[-74.93393,2.90668],[-74.92586,2.91471],[-74.918,2.92567],[-74.90694,2.93741],[-74.9026,2.94014],[-74.89166,2.96367],[-74.87832,2.97424],[-74.86805,2.98561],[-74.85299,2.99629],[-74.84101,3.00972],[-74.81981,3.04726],[-74.81022,3.0545],[-74.79208,3.0614],[-74.78763,3.07173],[-74.78936,3.08688],[-74.78353,3.0886],[-74.77497,3.08826],[-74.7647,3.09309],[-74.75854,3.09895],[-74.75444,3.11169],[-74.74965,3.11806],[-74.74041,3.12874],[-74.725,3.1408],[-74.72159,3.15595],[-74.71509,3.16938],[-74.71509,3.17867],[-74.71338,3.18109],[-74.69386,3.1811],[-74.68282,3.18605],[-74.67024,3.20074],[-74.66545,3.22312],[-74.66067,3.23551],[-74.65006,3.25411],[-74.63465,3.27409],[-74.6237,3.28339],[-74.62302,3.2889],[-74.63021,3.29647],[-74.62851,3.31128],[-74.6155,3.32609],[-74.6155,3.33263],[-74.6203,3.34089],[-74.63504,3.35362],[-74.63744,3.35947],[-74.63745,3.36567],[-74.63334,3.37634],[-74.61349,3.41113],[-74.61281,3.4156],[-74.61521,3.42507],[-74.61111,3.43815],[-74.61351,3.44883],[-74.61797,3.45605],[-74.63202,3.46293],[-74.63442,3.46913],[-74.62586,3.47498],[-74.61696,3.48566],[-74.60293,3.50977],[-74.593,3.52183],[-74.58478,3.52768],[-74.57107,3.52494],[-74.56182,3.52563],[-74.55394,3.53458],[-74.53511,3.55835],[-74.52861,3.5797],[-74.51799,3.60002],[-74.51218,3.62343],[-74.50259,3.64065],[-74.493,3.64789],[-74.48238,3.66166],[-74.46765,3.66752],[-74.46286,3.67475],[-74.46046,3.68267],[-74.45464,3.68887],[-74.43751,3.69818],[-74.42928,3.70575],[-74.41901,3.72039],[-74.41284,3.73382],[-74.41285,3.73795],[-74.41598,3.74073]]]}},{"type":"Feature","properties":{"shapeName":"Archipiélago de San Andrés, Providencia y Santa Catalina","shapeISO":"CO-SAP","shapeID":"13589884B18807997781037","shapeGroup":"COL","shapeType":"ADM1"},"geometry":{"type":"MultiPolygon","coordinates":[[[[-81.73317,12.53766],[-81.73566,12.5309],[-81.73502,12.52931],[-81.73016,12.52603],[-81.72747,12.52606],[-81.73002,12.52497],[-81.72872,12.52283],[-81.72978,12.50464],[-81.7346,12.49732],[-81.73549,12.49215],[-81.73314,12.48248],[-81.73008,12.48022],[-81.72635,12.48299],[-81.71554,12.50458],[-81.71323,12.52307],[-81.70652,12.53223],[-81.70766,12.54084],[-81.70343,12.54414],[-81.70456,12.54965],[-81.70342,12.5612],[-81.70706,12.56121],[-81.70738,12.56315],[-81.70035,12.56438],[-81.70009,12.56641],[-81.70274,12.56679],[-81.70393,12.56887],[-81.70485,12.56753],[-81.70538,12.5677],[-81.70763,12.56984],[-81.70711,12.57221],[-81.70396,12.57052],[-81.70654,12.56991],[-81.70395,12.56919],[-81.70224,12.56791],[-81.69993,12.57],[-81.7034,12.57433],[-81.70291,12.57539],[-81.69636,12.57982],[-81.68955,12.5795],[-81.68728,12.58135],[-81.68929,12.58376],[-81.69871,12.58732],[-81.70388,12.59494],[-81.70937,12.59267],[-81.7226,12.57819],[-81.72306,12.56714],[-81.73112,12.55845],[-81.73246,12.55493],[-81.73122,12.54926],[-81.72955,12.54793],[-81.73168,12.54493],[-81.73317,12.53766]]],[[[-81.39412,13.34375],[-81.39624,13.33906],[-81.39294,13.33744],[-81.39092,13.3305],[-81.39267,13.32647],[-81.39037,13.32145],[-81.38822,13.32045],[-81.38619,13.32027],[-81.38052,13.324],[-81.37509,13.32469],[-81.36842,13.33222],[-81.35955,13.33427],[-81.35531,13.34361],[-81.35662,13.35322],[-81.34995,13.35654],[-81.3491,13.35952],[-81.34998,13.36189],[-81.35404,13.36068],[-81.35537,13.36543],[-81.35805,13.36814],[-81.35692,13.37025],[-81.35821,13.37133],[-81.35465,13.37539],[-81.35451,13.37746],[-81.36184,13.37906],[-81.3644,13.38585],[-81.3663,13.38561],[-81.36661,13.38336],[-81.37,13.38106],[-81.37007,13.37383],[-81.37253,13.37067],[-81.37627,13.36947],[-81.37919,13.37186],[-81.38152,13.37193],[-81.38497,13.37015],[-81.39212,13.35909],[-81.39386,13.35345],[-81.39297,13.34801],[-81.39412,13.34375]]],[[[-81.37637,13.38151],[-81.3707,13.38238],[-81.36843,13.38596],[-81.37135,13.38724],[-81.37092,13.39197],[-81.36898,13.39385],[-81.37142,13.3946],[-81.37955,13.39143],[-81.38084,13.38589],[-81.37637,13.38151]]]]}}]}