{"type":"FeatureCollection","crs":{"type":"name","properties":{"name":"urn:ogc:def:crs:OGC:1.3:CRS84"}},"features":[{"type":"Feature","properties":{"shapeName":"Pastaza","shapeISO":"EC-Y","shapeID":"780006B84481112392323","shapeGroup":"ECU","shapeType":"ADM1"},"geometry":{"type":"Polygon","coordinates":[[[-75.57932,-1.55103],[-75.58823,-1.54499],[-75.59,-1.54075],[-75.58781,-1.532],[-75.59,-1.51831],[-75.59999,-1.50559],[-75.60998,-1.50135],[-75.62106,-1.50395],[-75.63187,-1.4993],[-75.64555,-1.49068],[-75.65964,-1.48507],[-75.66867,-1.47467],[-75.67414,-1.47098],[-75.687,-1.46646],[-75.6974,-1.45812],[-75.70479,-1.4562],[-75.71204,-1.45689],[-75.73238,-1.43342],[-75.74003,-1.4132],[-75.74516,-1.40829],[-75.75329,-1.40679],[-75.75842,-1.40743],[-75.7691,-1.40337],[-75.77766,-1.4023],[-75.79134,-1.40508],[-75.79732,-1.40294],[-75.80673,-1.39482],[-75.82682,-1.38563],[-75.83238,-1.3805],[-75.84243,-1.36361],[-75.85055,-1.35805],[-75.86808,-1.35271],[-75.87791,-1.34116],[-75.88539,-1.33838],[-75.89181,-1.33924],[-75.89608,-1.3433],[-75.89929,-1.34993],[-75.91126,-1.35549],[-75.92323,-1.35356],[-75.93306,-1.35698],[-75.94054,-1.35677],[-75.98073,-1.33133],[-75.98886,-1.32748],[-76.00446,-1.31209],[-76.01429,-1.30846],[-76.02434,-1.30846],[-76.03011,-1.31209],[-76.04999,-1.29777],[-76.05726,-1.28751],[-76.06517,-1.28558],[-76.07543,-1.292],[-76.0812,-1.28986],[-76.0936,-1.27874],[-76.0998,-1.27532],[-76.10963,-1.27383],[-76.12759,-1.27661],[-76.13999,-1.28216],[-76.15773,-1.29649],[-76.16414,-1.29841],[-76.17269,-1.29264],[-76.18039,-1.28965],[-76.18552,-1.28986],[-76.19001,-1.29221],[-76.19813,-1.29371],[-76.21865,-1.29221],[-76.2272,-1.29456],[-76.2505,-1.29713],[-76.27765,-1.3076],[-76.28278,-1.31209],[-76.28941,-1.31273],[-76.30459,-1.30247],[-76.31442,-1.30247],[-76.32169,-1.30525],[-76.33494,-1.30354],[-76.34007,-1.29756],[-76.35354,-1.29157],[-76.36059,-1.28558],[-76.36551,-1.27361],[-76.3794,-1.27019],[-76.3871,-1.26442],[-76.39608,-1.26079],[-76.40377,-1.26122],[-76.41446,-1.26848],[-76.4213,-1.26955],[-76.43605,-1.26335],[-76.44418,-1.26827],[-76.45401,-1.26378],[-76.47325,-1.25117],[-76.48244,-1.23535],[-76.48736,-1.23107],[-76.49484,-1.21889],[-76.51386,-1.20606],[-76.52498,-1.1958],[-76.52626,-1.15177],[-76.52049,-1.13424],[-76.51557,-1.1274],[-76.51814,-1.11008],[-76.51408,-1.08785],[-76.51322,-1.06113],[-76.51771,-1.056],[-76.52819,-1.05279],[-76.53454,-1.05398],[-76.54193,-1.06315],[-76.54712,-1.06602],[-76.56327,-1.06315],[-76.57107,-1.0637],[-76.57996,-1.06493],[-76.59761,-1.07149],[-76.60541,-1.07136],[-76.62757,-1.06205],[-76.63386,-1.0574],[-76.63482,-1.0362],[-76.63769,-1.0273],[-76.6433,-1.02265],[-76.65028,-1.01978],[-76.67545,-1.00131],[-76.69173,-0.99707],[-76.69953,-0.9994],[-76.71089,-1.01595],[-76.71266,-1.02129],[-76.71978,-1.02676],[-76.72744,-1.03031],[-76.74632,-1.03223],[-76.76534,-1.0362],[-76.81007,-1.05193],[-76.82854,-1.05562],[-76.84387,-1.0559],[-76.87478,-1.06028],[-76.88039,-1.06493],[-76.88888,-1.08463],[-76.90721,-1.11418],[-76.9135,-1.11787],[-76.92581,-1.11951],[-76.94209,-1.11828],[-76.95222,-1.11692],[-76.96918,-1.10944],[-76.99248,-1.09576],[-77.00745,-1.09426],[-77.03908,-1.09662],[-77.06025,-1.08208],[-77.06773,-1.0731],[-77.07478,-1.05835],[-77.07478,-1.03185],[-77.07286,-1.02394],[-77.06901,-1.01667],[-77.07005,-1.01177],[-77.07986,-1.01294],[-77.10462,-1.01116],[-77.11967,-1.01239],[-77.14348,-1.0206],[-77.18151,-1.02224],[-77.21544,-1.02799],[-77.22365,-1.03469],[-77.23767,-1.05322],[-77.24708,-1.05579],[-77.27508,-1.05728],[-77.33474,-1.0678],[-77.34267,-1.07464],[-77.34295,-1.09653],[-77.35239,-1.09995],[-77.35978,-1.09995],[-77.36921,-1.09694],[-77.40911,-1.08016],[-77.42172,-1.07887],[-77.44246,-1.08187],[-77.45529,-1.09854],[-77.48158,-1.10773],[-77.51557,-1.12291],[-77.52711,-1.12932],[-77.54464,-1.14557],[-77.55404,-1.15198],[-77.56516,-1.15284],[-77.57215,-1.1486],[-77.58444,-1.1373],[-77.59479,-1.13362],[-77.60648,-1.1363],[-77.61216,-1.13997],[-77.62252,-1.14298],[-77.63805,-1.14193],[-77.64746,-1.1383],[-77.65601,-1.13873],[-77.66862,-1.14578],[-77.67439,-1.14386],[-77.68979,-1.14364],[-77.69834,-1.14877],[-77.7133,-1.1678],[-77.72014,-1.17314],[-77.73917,-1.16459],[-77.74729,-1.16652],[-77.77273,-1.1787],[-77.79026,-1.19153],[-77.83258,-1.21547],[-77.84284,-1.21611],[-77.85695,-1.20393],[-77.86892,-1.19965],[-77.87683,-1.20029],[-77.88495,-1.20713],[-77.88773,-1.21568],[-77.88752,-1.233],[-77.89115,-1.24112],[-77.89949,-1.24155],[-77.90911,-1.23834],[-77.91381,-1.23364],[-77.93134,-1.22167],[-77.94267,-1.21141],[-77.95101,-1.20628],[-77.95806,-1.20735],[-77.9696,-1.21974],[-77.97944,-1.22509],[-77.98927,-1.2253],[-77.99894,-1.2228],[-78.01264,-1.22614],[-78.03001,-1.23717],[-78.0447,-1.24218],[-78.06441,-1.24117],[-78.08612,-1.23182],[-78.09848,-1.22414],[-78.1085,-1.22013],[-78.12174,-1.22041],[-78.11945,-1.26858],[-78.11634,-1.27986],[-78.12023,-1.30319],[-78.11673,-1.32613],[-78.12139,-1.35451],[-78.13014,-1.37784],[-78.1455,-1.39884],[-78.14881,-1.4177],[-78.16136,-1.43384],[-78.17108,-1.44356],[-78.17507,-1.44544],[-78.15802,-1.45024],[-78.13098,-1.4554],[-78.11579,-1.46421],[-78.0927,-1.48973],[-78.07964,-1.50796],[-78.06307,-1.53503],[-78.05405,-1.56114],[-78.04456,-1.60576],[-78.02889,-1.66129],[-78.01703,-1.67173],[-77.99377,-1.67411],[-77.97526,-1.67126],[-77.95959,-1.66271],[-77.94725,-1.65892],[-77.93064,-1.65797],[-77.91925,-1.66224],[-77.88697,-1.69594],[-77.88127,-1.72964],[-77.88127,-1.74815],[-77.88412,-1.75859],[-77.86941,-1.77141],[-77.8528,-1.82742],[-77.83632,-1.85184],[-77.82447,-1.87796],[-77.81809,-1.92353],[-77.80715,-1.92808],[-77.79652,-1.93568],[-77.79136,-1.94904],[-77.78528,-1.95968],[-77.76888,-1.97335],[-77.75794,-1.97821],[-77.73394,-1.9858],[-77.72938,-1.99248],[-77.72574,-2.00767],[-77.72088,-2.01557],[-77.71116,-2.02408],[-77.6987,-2.02894],[-77.67136,-2.04747],[-77.66012,-2.05172],[-77.64858,-2.04899],[-77.64129,-2.04413],[-77.62914,-2.04139],[-77.6182,-2.04291],[-77.60696,-2.0499],[-77.59977,-2.05189],[-77.59355,-2.05636],[-77.57683,-2.07386],[-77.57002,-2.076],[-77.55758,-2.07697],[-77.54864,-2.07503],[-77.53969,-2.07503],[-77.50217,-2.08864],[-77.49148,-2.09855],[-77.4837,-2.10302],[-77.4734,-2.10322],[-77.45512,-2.09875],[-77.44423,-2.09797],[-77.43121,-2.10827],[-77.42732,-2.12499],[-77.4209,-2.1353],[-77.41215,-2.14424],[-77.38941,-2.15221],[-77.3791,-2.15804],[-77.35558,-2.16115],[-77.34255,-2.16485],[-77.32749,-2.17597],[-77.3129,-2.18174],[-77.29255,-2.19511],[-77.27645,-2.20908],[-77.24911,-2.24037],[-77.23423,-2.25282],[-77.18987,-2.27652],[-77.17468,-2.2908],[-77.16466,-2.29657],[-77.14431,-2.30173],[-77.11393,-2.31814],[-77.1039,-2.32664],[-77.09449,-2.33636],[-77.07778,-2.36066],[-77.07049,-2.3795],[-77.05226,-2.4038],[-77.04315,-2.41838],[-77.03738,-2.43509],[-77.02857,-2.44663],[-77.00609,-2.4603],[-77.00123,-2.46608],[-76.99515,-2.48521],[-76.99424,-2.50739],[-76.99211,-2.51498],[-76.97996,-2.51498],[-76.96629,-2.51772],[-76.95961,-2.52501],[-76.95445,-2.53503],[-76.94715,-2.54506],[-76.93986,-2.55022],[-76.93045,-2.55387],[-76.9183,-2.5648],[-76.89278,-2.55903],[-76.88822,-2.56177],[-76.87637,-2.56359],[-76.84782,-2.55691],[-76.83779,-2.54597],[-76.82747,-2.53959],[-76.82109,-2.54293],[-76.81137,-2.56602],[-76.80225,-2.57209],[-76.79132,-2.57118],[-76.78433,-2.56207],[-76.77673,-2.55721],[-76.76711,-2.55732],[-76.76435,-2.56068],[-76.75716,-2.56302],[-76.75094,-2.56224],[-76.7453,-2.55952],[-76.73772,-2.56243],[-76.72936,-2.57935],[-76.72158,-2.58751],[-76.70272,-2.60151],[-76.69623,-2.61087],[-76.66121,-2.60287],[-76.64079,-2.59301],[-76.57275,-2.53854],[-76.40443,-2.41335],[-76.2563,-2.30739],[-76.0517,-2.15742],[-75.87021,-1.93816],[-75.64372,-1.63559],[-75.59584,-1.57528],[-75.59021,-1.5666],[-75.58669,-1.55463],[-75.57932,-1.55103]]]}},{"type":"Feature","properties":{"shapeName":"Carchi","shapeISO":"EC-C","shapeID":"780006B30899548387252","shapeGroup":"ECU","shapeType":"ADM1"},"geometry":{"type":"Polygon","coordinates":[[[-77.5589,0.65219],[-77.56351,0.65405],[-77.58409,0.67237],[-77.60076,0.68063],[-77.60797,0.68799],[-77.62208,0.69715],[-77.65167,0.71052],[-77.66053,0.71953],[-77.66504,0.72974],[-77.67209,0.73905],[-77.69161,0.7474],[-77.6956,0.7528],[-77.69396,0.76969],[-77.67424,0.79269],[-77.67284,0.79832],[-77.67448,0.80348],[-77.67284,0.80982],[-77.66767,0.81545],[-77.66838,0.82202],[-77.67354,0.82742],[-77.6848,0.83164],[-77.6902,0.83516],[-77.69959,0.84525],[-77.70569,0.84948],[-77.71719,0.84971],[-77.72329,0.8476],[-77.73408,0.83751],[-77.73995,0.83563],[-77.74558,0.83751],[-77.75943,0.84572],[-77.77257,0.84384],[-77.79204,0.83375],[-77.82325,0.81029],[-77.83123,0.80583],[-77.8493,0.80137],[-77.85963,0.8009],[-77.86549,0.80254],[-77.88051,0.81076],[-77.92322,0.8192],[-77.95772,0.83047],[-77.96405,0.83352],[-77.97438,0.84173],[-77.98376,0.85323],[-77.98869,0.85722],[-78.00418,0.86356],[-78.02647,0.8774],[-78.07857,0.9004],[-78.08936,0.90227],[-78.09687,0.90603],[-78.10344,0.91072],[-78.10907,0.918],[-78.12221,0.94006],[-78.12808,0.9424],[-78.13512,0.94123],[-78.14146,0.93818],[-78.15178,0.92879],[-78.15882,0.92691],[-78.17243,0.93278],[-78.18346,0.94146],[-78.19543,0.9485],[-78.19707,0.95484],[-78.19425,0.96258],[-78.19332,0.97033],[-78.1966,0.97666],[-78.20104,0.99391],[-78.2069,0.99917],[-78.23033,1.00593],[-78.23393,1.00818],[-78.24835,1.0217],[-78.25391,1.02455],[-78.26607,1.03657],[-78.27809,1.04378],[-78.28094,1.04978],[-78.28094,1.05429],[-78.27283,1.0645],[-78.25841,1.07531],[-78.25766,1.08162],[-78.26352,1.09934],[-78.27809,1.11631],[-78.28364,1.13389],[-78.29325,1.15356],[-78.2907,1.16633],[-78.2922,1.17248],[-78.30211,1.1884],[-78.30617,1.19141],[-78.31509,1.19512],[-78.3199,1.19445],[-78.33125,1.1893],[-78.36129,1.1824],[-78.37315,1.17624],[-78.38592,1.16362],[-78.39132,1.16002],[-78.39658,1.15912],[-78.39973,1.16092],[-78.40454,1.16708],[-78.41325,1.16663],[-78.41926,1.16257],[-78.42376,1.15431],[-78.42782,1.15266],[-78.42977,1.15311],[-78.43262,1.15777],[-78.43353,1.16197],[-78.43292,1.16708],[-78.42707,1.17924],[-78.42677,1.18735],[-78.42902,1.1902],[-78.43668,1.19411],[-78.44209,1.19381],[-78.4536,1.18407],[-78.45802,1.18176],[-78.46215,1.18196],[-78.46455,1.18359],[-78.46717,1.19051],[-78.48504,1.19967],[-78.49646,1.20237],[-78.50091,1.18844],[-78.50945,1.17426],[-78.51099,1.16383],[-78.50108,1.14367],[-78.49851,1.13103],[-78.50244,1.12761],[-78.50518,1.12026],[-78.50757,1.10625],[-78.49903,1.09822],[-78.49578,1.09309],[-78.49476,1.08643],[-78.49766,1.07959],[-78.51184,1.07549],[-78.52363,1.06848],[-78.53149,1.0596],[-78.54021,1.04405],[-78.5438,1.02884],[-78.54363,1.02303],[-78.54214,1.01137],[-78.5368,0.99375],[-78.53653,0.97906],[-78.54454,0.95263],[-78.5352,0.93207],[-78.49702,0.89977],[-78.48447,0.89363],[-78.45564,0.89042],[-78.45258,0.88704],[-78.45101,0.88531],[-78.43563,0.87676],[-78.40658,0.84771],[-78.39565,0.83985],[-78.36404,0.82892],[-78.35344,0.8202],[-78.34866,0.82054],[-78.34045,0.8255],[-78.32747,0.82652],[-78.31813,0.81673],[-78.31093,0.80605],[-78.28636,0.79484],[-78.27248,0.78683],[-78.25699,0.76307],[-78.24978,0.75666],[-78.24391,0.75265],[-78.23537,0.75105],[-78.22068,0.74037],[-78.20546,0.72035],[-78.20199,0.69979],[-78.19692,0.69205],[-78.1833,0.67603],[-78.16835,0.66188],[-78.13898,0.62022],[-78.13578,0.60848],[-78.13551,0.59887],[-78.1259,0.57163],[-78.12643,0.56416],[-78.12964,0.55775],[-78.13204,0.546],[-78.12537,0.53345],[-78.1008,0.50328],[-78.09493,0.49367],[-78.08879,0.4878],[-78.07437,0.48566],[-78.04046,0.47712],[-78.00682,0.47658],[-77.99561,0.47044],[-77.98947,0.45976],[-77.98279,0.45416],[-77.97365,0.44763],[-77.9482,0.43428],[-77.91566,0.40383],[-77.89188,0.39673],[-77.87186,0.38672],[-77.86268,0.3813],[-77.84641,0.36503],[-77.84015,0.36294],[-77.82221,0.37045],[-77.81136,0.37296],[-77.81001,0.37347],[-77.8026,0.37629],[-77.79802,0.38213],[-77.79718,0.3934],[-77.80052,0.40216],[-77.80636,0.40967],[-77.81095,0.41968],[-77.80844,0.43261],[-77.79843,0.44179],[-77.77721,0.46857],[-77.76973,0.47498],[-77.75505,0.49447],[-77.74624,0.51263],[-77.73369,0.53132],[-77.72434,0.54146],[-77.71633,0.54814],[-77.69764,0.55695],[-77.67708,0.56896],[-77.66961,0.58044],[-77.6592,0.60634],[-77.65893,0.61355],[-77.66587,0.61916],[-77.67708,0.62183],[-77.68723,0.62717],[-77.6891,0.63624],[-77.67949,0.65013],[-77.67468,0.65306],[-77.66373,0.65387],[-77.65386,0.65173],[-77.63997,0.64586],[-77.6317,0.64506],[-77.61861,0.65013],[-77.6082,0.64719],[-77.58826,0.64984],[-77.58194,0.6483],[-77.57083,0.64164],[-77.56605,0.64078],[-77.56075,0.64249],[-77.5589,0.65219]]]}},{"type":"Feature","properties":{"shapeName":"Loja","shapeISO":"EC-L","shapeID":"780006B83348252159319","shapeGroup":"ECU","shapeType":"ADM1"},"geometry":{"type":"Polygon","coordinates":[[[-79.43205,-4.74328],[-79.42432,-4.7365],[-79.40911,-4.73052],[-79.40467,-4.72505],[-79.39134,-4.68114],[-79.37733,-4.66712],[-79.3587,-4.65209],[-79.35135,-4.63483],[-79.34042,-4.62543],[-79.33375,-4.61552],[-79.32897,-4.5822],[-79.33324,-4.56426],[-79.33239,-4.55247],[-79.32589,-4.52683],[-79.32043,-4.51573],[-79.30744,-4.50736],[-79.3006,-4.49847],[-79.29666,-4.49056],[-79.28278,-4.47988],[-79.27344,-4.48201],[-79.26462,-4.48682],[-79.25361,-4.48651],[-79.23806,-4.49112],[-79.21482,-4.50855],[-79.20765,-4.50872],[-79.19757,-4.49146],[-79.19517,-4.48377],[-79.19067,-4.47988],[-79.18346,-4.47721],[-79.17144,-4.4756],[-79.16424,-4.4724],[-79.1605,-4.45291],[-79.15195,-4.43556],[-79.14101,-4.43128],[-79.12899,-4.42995],[-79.11805,-4.42407],[-79.11351,-4.41526],[-79.10952,-4.38579],[-79.10854,-4.33712],[-79.11564,-4.32075],[-79.11911,-4.31701],[-79.11484,-4.30633],[-79.10603,-4.29485],[-79.10603,-4.28924],[-79.1111,-4.2815],[-79.11137,-4.27563],[-79.10897,-4.26682],[-79.10526,-4.26024],[-79.10526,-4.24832],[-79.10974,-4.23257],[-79.10887,-4.22612],[-79.10358,-4.21806],[-79.10358,-4.19773],[-79.10649,-4.19072],[-79.12375,-4.17295],[-79.15263,-4.15535],[-79.15929,-4.13963],[-79.16202,-4.12459],[-79.16271,-4.10904],[-79.15946,-4.09093],[-79.15194,-4.07008],[-79.14477,-4.06427],[-79.13947,-4.05385],[-79.13725,-4.04411],[-79.13844,-4.03164],[-79.14254,-4.01848],[-79.14638,-3.99789],[-79.14616,-3.9829],[-79.15021,-3.96902],[-79.15021,-3.96289],[-79.14783,-3.96029],[-79.13967,-3.95764],[-79.1378,-3.94589],[-79.14154,-3.94055],[-79.14741,-3.93708],[-79.14741,-3.92426],[-79.14288,-3.90771],[-79.13914,-3.9005],[-79.13353,-3.89676],[-79.12792,-3.88929],[-79.12525,-3.88048],[-79.12846,-3.87193],[-79.1354,-3.86259],[-79.13807,-3.85298],[-79.13727,-3.84417],[-79.1386,-3.83375],[-79.14795,-3.81907],[-79.16988,-3.80044],[-79.17569,-3.79241],[-79.1815,-3.76422],[-79.18526,-3.75841],[-79.19159,-3.75379],[-79.19406,-3.74701],[-79.19483,-3.73553],[-79.19362,-3.72656],[-79.18651,-3.72066],[-79.16836,-3.71257],[-79.15929,-3.71125],[-79.1504,-3.6998],[-79.15023,-3.69279],[-79.15963,-3.6822],[-79.16083,-3.67673],[-79.15673,-3.66972],[-79.15075,-3.66545],[-79.12582,-3.65985],[-79.1139,-3.65296],[-79.10428,-3.64268],[-79.09848,-3.63295],[-79.09771,-3.62825],[-79.09775,-3.62539],[-79.09775,-3.62496],[-79.12419,-3.60441],[-79.13326,-3.59266],[-79.13994,-3.57317],[-79.14074,-3.56542],[-79.137,-3.54407],[-79.13807,-3.52751],[-79.16023,-3.49788],[-79.15809,-3.49147],[-79.15809,-3.4833],[-79.17569,-3.46023],[-79.17672,-3.45288],[-79.18082,-3.44639],[-79.188,-3.44553],[-79.20115,-3.45134],[-79.20919,-3.4575],[-79.25225,-3.48125],[-79.26079,-3.48296],[-79.26626,-3.48227],[-79.28095,-3.47629],[-79.28591,-3.47168],[-79.29428,-3.45732],[-79.29736,-3.44895],[-79.30351,-3.42674],[-79.30147,-3.41644],[-79.29773,-3.40923],[-79.30414,-3.40042],[-79.30494,-3.39321],[-79.3004,-3.38414],[-79.30387,-3.36598],[-79.30761,-3.36198],[-79.31696,-3.35503],[-79.33831,-3.34489],[-79.35754,-3.34729],[-79.37676,-3.3529],[-79.38798,-3.35263],[-79.40293,-3.34649],[-79.43123,-3.34329],[-79.44137,-3.33982],[-79.44698,-3.33634],[-79.45419,-3.33581],[-79.46104,-3.33784],[-79.4614,-3.33795],[-79.46434,-3.36251],[-79.46353,-3.37559],[-79.4654,-3.38627],[-79.45793,-3.40122],[-79.44778,-3.41484],[-79.44511,-3.42659],[-79.44004,-3.4394],[-79.43176,-3.44795],[-79.42829,-3.45863],[-79.43069,-3.46744],[-79.4379,-3.47625],[-79.44458,-3.48079],[-79.45819,-3.49761],[-79.47021,-3.50695],[-79.47635,-3.51496],[-79.47822,-3.5211],[-79.47315,-3.53072],[-79.47315,-3.53632],[-79.47929,-3.54246],[-79.48169,-3.55101],[-79.48142,-3.55715],[-79.47154,-3.57397],[-79.47154,-3.57984],[-79.47632,-3.58897],[-79.49426,-3.60941],[-79.49592,-3.61776],[-79.49426,-3.62485],[-79.4905,-3.63152],[-79.47965,-3.63319],[-79.46505,-3.62276],[-79.44044,-3.59857],[-79.43043,-3.58146],[-79.42125,-3.57979],[-79.41624,-3.58688],[-79.41249,-3.60774],[-79.40957,-3.61233],[-79.39664,-3.61317],[-79.38996,-3.61192],[-79.38788,-3.614],[-79.38537,-3.62318],[-79.36827,-3.63778],[-79.36368,-3.64571],[-79.36034,-3.66281],[-79.36493,-3.68742],[-79.36869,-3.69243],[-79.38537,-3.70536],[-79.39705,-3.71761],[-79.40506,-3.72375],[-79.40773,-3.73149],[-79.40693,-3.74004],[-79.39305,-3.76567],[-79.39465,-3.77635],[-79.40026,-3.78516],[-79.4064,-3.78943],[-79.41734,-3.7937],[-79.44057,-3.81213],[-79.4622,-3.81079],[-79.50332,-3.78997],[-79.51613,-3.78783],[-79.52387,-3.78917],[-79.53108,-3.79264],[-79.53936,-3.79931],[-79.55912,-3.79931],[-79.56846,-3.79717],[-79.57434,-3.79317],[-79.58422,-3.78409],[-79.58795,-3.77875],[-79.6005,-3.76914],[-79.60731,-3.7525],[-79.61774,-3.75334],[-79.6265,-3.75751],[-79.64486,-3.77086],[-79.66488,-3.7742],[-79.67406,-3.77837],[-79.67948,-3.78337],[-79.68449,-3.7938],[-79.68949,-3.80048],[-79.69241,-3.80924],[-79.70618,-3.82801],[-79.71744,-3.83052],[-79.75416,-3.83427],[-79.76709,-3.84261],[-79.79861,-3.84176],[-79.81116,-3.8447],[-79.83519,-3.83535],[-79.85281,-3.82307],[-79.86456,-3.82387],[-79.8723,-3.82601],[-79.88725,-3.83349],[-79.89526,-3.83402],[-79.91075,-3.82868],[-79.92143,-3.82948],[-79.93131,-3.83322],[-79.94065,-3.83375],[-79.94733,-3.83215],[-79.96094,-3.83722],[-79.9807,-3.84924],[-79.98711,-3.85324],[-79.99619,-3.86446],[-80.01461,-3.87407],[-80.04157,-3.87968],[-80.05065,-3.88502],[-80.06026,-3.88688],[-80.0939,-3.89036],[-80.10832,-3.88875],[-80.13259,-3.89483],[-80.12716,-3.89961],[-80.12763,-3.90829],[-80.13256,-3.91627],[-80.14101,-3.92331],[-80.16917,-3.93622],[-80.19756,-3.95499],[-80.20789,-3.95921],[-80.21845,-3.95968],[-80.22549,-3.9625],[-80.2344,-3.97681],[-80.24567,-3.98784],[-80.25857,-4.00896],[-80.26843,-4.01459],[-80.27876,-4.01858],[-80.2872,-4.01929],[-80.29565,-4.02187],[-80.30856,-4.01952],[-80.32146,-4.01459],[-80.3569,-3.98949],[-80.363,-3.98972],[-80.37309,-3.99582],[-80.38013,-3.99653],[-80.39421,-3.9916],[-80.40078,-3.99324],[-80.41228,-4.00028],[-80.43269,-4.00216],[-80.43715,-4.00755],[-80.45241,-4.03947],[-80.46461,-4.05519],[-80.46766,-4.0634],[-80.46649,-4.07373],[-80.46719,-4.08147],[-80.47564,-4.08945],[-80.47282,-4.09907],[-80.46695,-4.10564],[-80.4592,-4.12209],[-80.45184,-4.1275],[-80.44133,-4.12554],[-80.43833,-4.12689],[-80.44118,-4.14041],[-80.44396,-4.21265],[-80.43222,-4.20983],[-80.42824,-4.20467],[-80.42378,-4.20303],[-80.41744,-4.20678],[-80.40665,-4.22274],[-80.39773,-4.22297],[-80.38952,-4.21945],[-80.37145,-4.20491],[-80.36206,-4.20373],[-80.3569,-4.20866],[-80.35408,-4.2157],[-80.35056,-4.21875],[-80.33719,-4.21617],[-80.32592,-4.21734],[-80.31748,-4.21288],[-80.30973,-4.20584],[-80.30551,-4.20467],[-80.30692,-4.215],[-80.32099,-4.23353],[-80.33554,-4.24879],[-80.36582,-4.28727],[-80.40805,-4.32857],[-80.42425,-4.35227],[-80.43035,-4.36706],[-80.4449,-4.38653],[-80.44607,-4.39522],[-80.44232,-4.40484],[-80.44865,-4.41821],[-80.44607,-4.43839],[-80.44185,-4.44895],[-80.43387,-4.45646],[-80.41392,-4.46608],[-80.39585,-4.48533],[-80.38717,-4.48744],[-80.35878,-4.48345],[-80.33531,-4.47172],[-80.3271,-4.46538],[-80.31442,-4.45834],[-80.30551,-4.45107],[-80.29565,-4.43886],[-80.28345,-4.42807],[-80.27969,-4.41657],[-80.26538,-4.41],[-80.25365,-4.40742],[-80.24379,-4.40319],[-80.18677,-4.34586],[-80.18046,-4.32514],[-80.17235,-4.31342],[-80.1719,-4.30696],[-80.1689,-4.30306],[-80.16124,-4.30141],[-80.15703,-4.30501],[-80.15178,-4.30711],[-80.14124,-4.30041],[-80.12576,-4.30041],[-80.1152,-4.30276],[-80.09807,-4.29901],[-80.0868,-4.30065],[-80.07859,-4.30628],[-80.06029,-4.31426],[-80.02352,-4.35427],[-80.00865,-4.36704],[-79.99273,-4.37725],[-79.95714,-4.39377],[-79.93897,-4.40038],[-79.93131,-4.39993],[-79.92139,-4.39302],[-79.91148,-4.39317],[-79.8857,-4.40507],[-79.86434,-4.42314],[-79.85496,-4.43347],[-79.84064,-4.45975],[-79.82515,-4.47711],[-79.81553,-4.48627],[-79.80497,-4.49354],[-79.77916,-4.49448],[-79.72966,-4.47654],[-79.69666,-4.46847],[-79.66953,-4.44538],[-79.65376,-4.44098],[-79.63653,-4.43878],[-79.62186,-4.44391],[-79.61233,-4.45088],[-79.59363,-4.47141],[-79.58153,-4.48974],[-79.5753,-4.50331],[-79.5665,-4.51357],[-79.54157,-4.52861],[-79.53167,-4.53007],[-79.52213,-4.52824],[-79.51297,-4.51577],[-79.50747,-4.51467],[-79.4972,-4.52054],[-79.49133,-4.52494],[-79.4873,-4.53264],[-79.48253,-4.54291],[-79.48143,-4.55097],[-79.47557,-4.56637],[-79.47667,-4.57114],[-79.48327,-4.57957],[-79.49133,-4.58507],[-79.49353,-4.59534],[-79.4917,-4.61551],[-79.48803,-4.62944],[-79.4708,-4.64484],[-79.4631,-4.6584],[-79.45814,-4.6984],[-79.45322,-4.71295],[-79.4497,-4.72093],[-79.43984,-4.73454],[-79.43257,-4.74111],[-79.43205,-4.74328]]]}},{"type":"Feature","properties":{"shapeName":"Zamora Chinchipe","shapeISO":"EC-Z","shapeID":"780006B32277993251715","shapeGroup":"ECU","shapeType":"ADM1"},"geometry":{"type":"Polygon","coordinates":[[[-79.43205,-4.74328],[-79.43045,-4.75003],[-79.43045,-4.75941],[-79.43515,-4.78311],[-79.42107,-4.80282],[-79.41332,-4.82277],[-79.40816,-4.82652],[-79.38282,-4.83098],[-79.37273,-4.83521],[-79.36545,-4.84131],[-79.35348,-4.869],[-79.35161,-4.87815],[-79.32321,-4.89481],[-79.31476,-4.89692],[-79.30585,-4.90443],[-79.28989,-4.93963],[-79.27159,-4.96122],[-79.26642,-4.96967],[-79.25985,-4.97272],[-79.24554,-4.96803],[-79.2141,-4.96662],[-79.20518,-4.96544],[-79.19626,-4.96169],[-79.18711,-4.96099],[-79.16716,-4.96239],[-79.15449,-4.96169],[-79.11476,-4.97753],[-79.10665,-4.97663],[-79.09523,-4.97093],[-79.08427,-4.97138],[-79.07586,-4.97588],[-79.0652,-4.98775],[-79.05243,-4.99511],[-79.04405,-5.00416],[-79.03482,-5.01022],[-79.02117,-5.01147],[-79.01732,-5.00676],[-79.00829,-4.98734],[-79.00196,-4.96943],[-78.99774,-4.96286],[-78.99236,-4.93729],[-78.98935,-4.93053],[-78.9892,-4.92092],[-78.98485,-4.9044],[-78.97344,-4.89508],[-78.95827,-4.88968],[-78.90705,-4.89073],[-78.90015,-4.88757],[-78.89789,-4.88232],[-78.90129,-4.87674],[-78.91537,-4.86736],[-78.92053,-4.85985],[-78.91983,-4.85116],[-78.91584,-4.84225],[-78.90458,-4.8277],[-78.90223,-4.81831],[-78.9027,-4.8101],[-78.90763,-4.80447],[-78.91795,-4.79719],[-78.92288,-4.78781],[-78.91607,-4.77607],[-78.90505,-4.77044],[-78.89824,-4.76129],[-78.89698,-4.7288],[-78.89075,-4.71707],[-78.88561,-4.71047],[-78.87718,-4.7035],[-78.87021,-4.6936],[-78.86435,-4.67967],[-78.85555,-4.66684],[-78.84161,-4.65327],[-78.82805,-4.64374],[-78.80935,-4.63677],[-78.76535,-4.632],[-78.74196,-4.62542],[-78.7321,-4.6212],[-78.7084,-4.61744],[-78.69713,-4.60524],[-78.68845,-4.59984],[-78.68094,-4.59796],[-78.67296,-4.58999],[-78.6671,-4.57966],[-78.66358,-4.56957],[-78.66757,-4.54165],[-78.66481,-4.53059],[-78.64769,-4.50836],[-78.64423,-4.48658],[-78.63331,-4.45271],[-78.61758,-4.4337],[-78.6089,-4.42737],[-78.6028,-4.41986],[-78.60538,-4.41446],[-78.61148,-4.41329],[-78.62369,-4.41774],[-78.63026,-4.41634],[-78.63448,-4.41235],[-78.63706,-4.40742],[-78.63964,-4.38583],[-78.65466,-4.35697],[-78.6549,-4.34875],[-78.65161,-4.33984],[-78.65091,-4.33022],[-78.64668,-4.31614],[-78.64105,-4.30323],[-78.63612,-4.2976],[-78.62861,-4.29314],[-78.62181,-4.2868],[-78.61148,-4.26897],[-78.60374,-4.25864],[-78.60632,-4.24668],[-78.60984,-4.24175],[-78.61172,-4.23541],[-78.61148,-4.22931],[-78.60843,-4.22227],[-78.60749,-4.21523],[-78.60327,-4.20936],[-78.58684,-4.19951],[-78.5798,-4.19036],[-78.57746,-4.18332],[-78.57581,-4.16971],[-78.57746,-4.1622],[-78.58778,-4.14272],[-78.58778,-4.13615],[-78.57725,-4.12239],[-78.57184,-4.10812],[-78.57094,-4.10121],[-78.56689,-4.0937],[-78.54857,-4.08004],[-78.54181,-4.07268],[-78.54211,-4.06787],[-78.54902,-4.05766],[-78.56719,-4.04159],[-78.56809,-4.02627],[-78.56539,-4.0096],[-78.56674,-3.99068],[-78.56244,-3.9794],[-78.54414,-3.96273],[-78.53193,-3.94537],[-78.52466,-3.9381],[-78.51856,-3.9334],[-78.49626,-3.928],[-78.49157,-3.92448],[-78.48852,-3.91909],[-78.47491,-3.87685],[-78.46505,-3.84212],[-78.45614,-3.82992],[-78.42282,-3.79871],[-78.41413,-3.78697],[-78.41132,-3.77806],[-78.41319,-3.74732],[-78.41836,-3.73934],[-78.41836,-3.72948],[-78.4139,-3.71939],[-78.41554,-3.71259],[-78.42469,-3.70179],[-78.4254,-3.69616],[-78.42375,-3.68912],[-78.40639,-3.67668],[-78.39935,-3.66378],[-78.39513,-3.65181],[-78.39278,-3.64336],[-78.39348,-3.63139],[-78.40076,-3.60816],[-78.40052,-3.59502],[-78.38949,-3.54926],[-78.37377,-3.53236],[-78.37029,-3.52599],[-78.51865,-3.52805],[-78.55362,-3.5438],[-78.57044,-3.54727],[-78.5862,-3.54754],[-78.60061,-3.54487],[-78.61423,-3.53766],[-78.62811,-3.53472],[-78.64093,-3.53686],[-78.65535,-3.54593],[-78.66282,-3.55394],[-78.68044,-3.58358],[-78.68685,-3.58652],[-78.69593,-3.58385],[-78.7229,-3.56409],[-78.73411,-3.56409],[-78.74426,-3.56809],[-78.752,-3.56943],[-78.76268,-3.56836],[-78.77443,-3.56249],[-78.79739,-3.54727],[-78.80753,-3.54647],[-78.81581,-3.54967],[-78.82489,-3.54887],[-78.83423,-3.543],[-78.84037,-3.53018],[-78.84972,-3.51763],[-78.8596,-3.5139],[-78.866,-3.50108],[-78.86921,-3.48186],[-78.88052,-3.43862],[-78.88227,-3.42342],[-78.88726,-3.41341],[-78.89631,-3.39871],[-78.90605,-3.39325],[-78.90998,-3.38727],[-78.91562,-3.37189],[-78.93195,-3.35343],[-78.9437,-3.34355],[-78.94531,-3.34368],[-78.95037,-3.34409],[-78.97253,-3.35343],[-78.99923,-3.36919],[-79.02755,-3.39154],[-79.04327,-3.40948],[-79.05403,-3.42503],[-79.05574,-3.43409],[-79.04019,-3.46296],[-79.03558,-3.4768],[-79.03934,-3.48979],[-79.05044,-3.49816],[-79.05916,-3.50278],[-79.06445,-3.51337],[-79.05899,-3.52704],[-79.05301,-3.53405],[-79.04634,-3.56737],[-79.03985,-3.58377],[-79.04805,-3.59351],[-79.04976,-3.60394],[-79.05489,-3.61265],[-79.06344,-3.61936],[-79.09775,-3.62539],[-79.09771,-3.62825],[-79.09848,-3.63295],[-79.10428,-3.64268],[-79.1139,-3.65296],[-79.12582,-3.65985],[-79.15075,-3.66545],[-79.15673,-3.66972],[-79.16083,-3.67673],[-79.15963,-3.6822],[-79.15023,-3.69279],[-79.1504,-3.6998],[-79.15929,-3.71125],[-79.16836,-3.71257],[-79.18651,-3.72066],[-79.19362,-3.72656],[-79.19483,-3.73553],[-79.19406,-3.74701],[-79.19159,-3.75379],[-79.18526,-3.75841],[-79.1815,-3.76422],[-79.17569,-3.79241],[-79.16988,-3.80044],[-79.14795,-3.81907],[-79.1386,-3.83375],[-79.13727,-3.84417],[-79.13807,-3.85298],[-79.1354,-3.86259],[-79.12846,-3.87193],[-79.12525,-3.88048],[-79.12792,-3.88929],[-79.13353,-3.89676],[-79.13914,-3.9005],[-79.14288,-3.90771],[-79.14741,-3.92426],[-79.14741,-3.93708],[-79.14154,-3.94055],[-79.1378,-3.94589],[-79.13967,-3.95764],[-79.14783,-3.96029],[-79.15021,-3.96289],[-79.15021,-3.96902],[-79.14616,-3.9829],[-79.14638,-3.99789],[-79.14254,-4.01848],[-79.13844,-4.03164],[-79.13725,-4.04411],[-79.13947,-4.05385],[-79.14477,-4.06427],[-79.15194,-4.07008],[-79.15946,-4.09093],[-79.16271,-4.10904],[-79.16202,-4.12459],[-79.15929,-4.13963],[-79.15263,-4.15535],[-79.12375,-4.17295],[-79.10649,-4.19072],[-79.10358,-4.19773],[-79.10358,-4.21806],[-79.10887,-4.22612],[-79.10974,-4.23257],[-79.10526,-4.24832],[-79.10526,-4.26024],[-79.10897,-4.26682],[-79.11137,-4.27563],[-79.1111,-4.2815],[-79.10603,-4.28924],[-79.10603,-4.29485],[-79.11484,-4.30633],[-79.11911,-4.31701],[-79.11564,-4.32075],[-79.10854,-4.33712],[-79.10952,-4.38579],[-79.11351,-4.41526],[-79.11805,-4.42407],[-79.12899,-4.42995],[-79.14101,-4.43128],[-79.15195,-4.43556],[-79.1605,-4.45291],[-79.16424,-4.4724],[-79.17144,-4.4756],[-79.18346,-4.47721],[-79.19067,-4.47988],[-79.19517,-4.48377],[-79.19757,-4.49146],[-79.20765,-4.50872],[-79.21482,-4.50855],[-79.23806,-4.49112],[-79.25361,-4.48651],[-79.26462,-4.48682],[-79.27344,-4.48201],[-79.28278,-4.47988],[-79.29666,-4.49056],[-79.3006,-4.49847],[-79.30744,-4.50736],[-79.32043,-4.51573],[-79.32589,-4.52683],[-79.33239,-4.55247],[-79.33324,-4.56426],[-79.32897,-4.5822],[-79.33375,-4.61552],[-79.34042,-4.62543],[-79.35135,-4.63483],[-79.3587,-4.65209],[-79.37733,-4.66712],[-79.39134,-4.68114],[-79.40467,-4.72505],[-79.40911,-4.73052],[-79.42432,-4.7365],[-79.43205,-4.74328]]]}},{"type":"Feature","properties":{"shapeName":"El Oro","shapeISO":"EC-O","shapeID":"780006B8093408258889","shapeGroup":"ECU","shapeType":"ADM1"},"geometry":{"type":"MultiPolygon","coordinates":[[[[-80.23099,-3.36662],[-80.24017,-3.35201],[-80.23766,-3.33908],[-80.2385,-3.32865],[-80.25477,-3.3299],[-80.25852,-3.35952],[-80.26186,-3.36662],[-80.27187,-3.3687],[-80.27271,-3.36203],[-80.26979,-3.34576],[-80.28898,-3.35285],[-80.29607,-3.36161],[-80.30316,-3.39206],[-80.28314,-3.40541],[-80.28939,-3.42293],[-80.28814,-3.43086],[-80.26353,-3.42919],[-80.24267,-3.42544],[-80.2289,-3.42877],[-80.22056,-3.43628],[-80.20846,-3.43587],[-80.20971,-3.42544],[-80.21681,-3.41626],[-80.23224,-3.38747],[-80.23307,-3.37371],[-80.23099,-3.36662]]],[[[-80.00405,-3.32824],[-79.99278,-3.30112],[-79.9907,-3.28485],[-80.00029,-3.26649],[-80.01447,-3.23312],[-80.01614,-3.22352],[-80.02073,-3.21101],[-80.03492,-3.20892],[-80.04409,-3.22436],[-80.05411,-3.25731],[-80.06579,-3.27484],[-80.07455,-3.29778],[-80.07997,-3.30696],[-80.10417,-3.32323],[-80.13838,-3.34158],[-80.19553,-3.34325],[-80.20054,-3.3395],[-80.20971,-3.3395],[-80.225,-3.34596],[-80.22366,-3.3513],[-80.21672,-3.36304],[-80.20898,-3.36838],[-80.20444,-3.37853],[-80.19963,-3.39135],[-80.19917,-3.41184],[-80.19052,-3.41751],[-80.16132,-3.42168],[-80.12878,-3.40917],[-80.1171,-3.41334],[-80.09374,-3.41],[-80.07163,-3.40583],[-80.05703,-3.39832],[-80.04076,-3.38581],[-80.03074,-3.37329],[-80.02282,-3.35785],[-80.01239,-3.34367],[-80.00405,-3.32824]]],[[[-79.46104,-3.33784],[-79.4654,-3.32513],[-79.47261,-3.32086],[-79.49504,-3.31979],[-79.51426,-3.31418],[-79.53642,-3.31926],[-79.56633,-3.31846],[-79.5738,-3.3238],[-79.58288,-3.32727],[-79.59516,-3.32807],[-79.60424,-3.33101],[-79.61305,-3.33127],[-79.6232,-3.32673],[-79.63868,-3.32994],[-79.64803,-3.32807],[-79.65283,-3.323],[-79.65283,-3.31525],[-79.64642,-3.29923],[-79.63922,-3.29176],[-79.62774,-3.27093],[-79.62533,-3.2461],[-79.61973,-3.23542],[-79.59943,-3.2186],[-79.59623,-3.20472],[-79.5981,-3.19404],[-79.59596,-3.18443],[-79.59116,-3.17321],[-79.59075,-3.16222],[-79.59297,-3.15607],[-79.59947,-3.15094],[-79.61126,-3.14462],[-79.63825,-3.13881],[-79.66747,-3.12634],[-79.68507,-3.11455],[-79.72335,-3.1019],[-79.74232,-3.08994],[-79.7553,-3.07764],[-79.75941,-3.07132],[-79.76036,-3.07086],[-79.76402,-3.0691],[-79.77427,-3.0679],[-79.77974,-3.06517],[-79.79905,-3.06175],[-79.81101,-3.05508],[-79.81648,-3.05543],[-79.8322,-3.06055],[-79.84296,-3.05782],[-79.84741,-3.05269],[-79.86044,-3.04821],[-79.86276,-3.0572],[-79.86973,-3.06637],[-79.88879,-3.07994],[-79.89466,-3.08984],[-79.89613,-3.11147],[-79.90492,-3.14227],[-79.90788,-3.16797],[-79.91569,-3.18059],[-79.92169,-3.18765],[-79.93071,-3.19215],[-79.96284,-3.19846],[-79.97399,-3.2099],[-79.97752,-3.22259],[-79.97752,-3.24407],[-79.98021,-3.26377],[-79.98021,-3.28257],[-79.98827,-3.3139],[-79.99811,-3.33628],[-80.00617,-3.34791],[-80.02049,-3.36224],[-80.03392,-3.4061],[-80.05809,-3.41684],[-80.09121,-3.4249],[-80.12791,-3.43027],[-80.15208,-3.43832],[-80.22674,-3.45347],[-80.23991,-3.47467],[-80.24106,-3.48555],[-80.23247,-3.49701],[-80.21642,-3.51248],[-80.21241,-3.51993],[-80.21012,-3.52967],[-80.20038,-3.5543],[-80.20325,-3.56003],[-80.21356,-3.57321],[-80.21299,-3.58524],[-80.20382,-3.59441],[-80.1895,-3.60185],[-80.19312,-3.62186],[-80.19239,-3.62773],[-80.18469,-3.64166],[-80.18029,-3.65522],[-80.18102,-3.66732],[-80.18359,-3.67906],[-80.19202,-3.68639],[-80.19569,-3.69592],[-80.19239,-3.70509],[-80.18762,-3.71022],[-80.17809,-3.72599],[-80.17589,-3.73552],[-80.17955,-3.74872],[-80.18579,-3.75312],[-80.18982,-3.76327],[-80.18935,-3.77078],[-80.18677,-3.7797],[-80.18325,-3.7851],[-80.17809,-3.79026],[-80.16682,-3.79683],[-80.15978,-3.80715],[-80.15767,-3.81701],[-80.15955,-3.83649],[-80.15673,-3.84376],[-80.15063,-3.85244],[-80.14993,-3.85808],[-80.15251,-3.86347],[-80.1511,-3.87779],[-80.14781,-3.88412],[-80.13259,-3.89483],[-80.10832,-3.88875],[-80.0939,-3.89036],[-80.06026,-3.88688],[-80.05065,-3.88502],[-80.04157,-3.87968],[-80.01461,-3.87407],[-79.99619,-3.86446],[-79.98711,-3.85324],[-79.9807,-3.84924],[-79.96094,-3.83722],[-79.94733,-3.83215],[-79.94065,-3.83375],[-79.93131,-3.83322],[-79.92143,-3.82948],[-79.91075,-3.82868],[-79.89526,-3.83402],[-79.88725,-3.83349],[-79.8723,-3.82601],[-79.86456,-3.82387],[-79.85281,-3.82307],[-79.83519,-3.83535],[-79.81116,-3.8447],[-79.79861,-3.84176],[-79.76709,-3.84261],[-79.75416,-3.83427],[-79.71744,-3.83052],[-79.70618,-3.82801],[-79.69241,-3.80924],[-79.68949,-3.80048],[-79.68449,-3.7938],[-79.67948,-3.78337],[-79.67406,-3.77837],[-79.66488,-3.7742],[-79.64486,-3.77086],[-79.6265,-3.75751],[-79.61774,-3.75334],[-79.60731,-3.7525],[-79.6005,-3.76914],[-79.58795,-3.77875],[-79.58422,-3.78409],[-79.57434,-3.79317],[-79.56846,-3.79717],[-79.55912,-3.79931],[-79.53936,-3.79931],[-79.53108,-3.79264],[-79.52387,-3.78917],[-79.51613,-3.78783],[-79.50332,-3.78997],[-79.4622,-3.81079],[-79.44057,-3.81213],[-79.41734,-3.7937],[-79.4064,-3.78943],[-79.40026,-3.78516],[-79.39465,-3.77635],[-79.39305,-3.76567],[-79.40693,-3.74004],[-79.40773,-3.73149],[-79.40506,-3.72375],[-79.39705,-3.71761],[-79.38537,-3.70536],[-79.36869,-3.69243],[-79.36493,-3.68742],[-79.36034,-3.66281],[-79.36368,-3.64571],[-79.36827,-3.63778],[-79.38537,-3.62318],[-79.38788,-3.614],[-79.38996,-3.61192],[-79.39664,-3.61317],[-79.40957,-3.61233],[-79.41249,-3.60774],[-79.41624,-3.58688],[-79.42125,-3.57979],[-79.43043,-3.58146],[-79.44044,-3.59857],[-79.46505,-3.62276],[-79.47965,-3.63319],[-79.4905,-3.63152],[-79.49426,-3.62485],[-79.49592,-3.61776],[-79.49426,-3.60941],[-79.47632,-3.58897],[-79.47154,-3.57984],[-79.47154,-3.57397],[-79.48142,-3.55715],[-79.48169,-3.55101],[-79.47929,-3.54246],[-79.47315,-3.53632],[-79.47315,-3.53072],[-79.47822,-3.5211],[-79.47635,-3.51496],[-79.47021,-3.50695],[-79.45819,-3.49761],[-79.44458,-3.48079],[-79.4379,-3.47625],[-79.43069,-3.46744],[-79.42829,-3.45863],[-79.43176,-3.44795],[-79.44004,-3.4394],[-79.44511,-3.42659],[-79.44778,-3.41484],[-79.45793,-3.40122],[-79.4654,-3.38627],[-79.46353,-3.37559],[-79.46434,-3.36251],[-79.4614,-3.33795],[-79.46104,-3.33784]]]]}},{"type":"Feature","properties":{"shapeName":"Esmeraldas","shapeISO":"EC-E","shapeID":"780006B31400562589266","shapeGroup":"ECU","shapeType":"ADM1"},"geometry":{"type":"MultiPolygon","coordinates":[[[[-79.00328,1.21732],[-78.9973,1.22039],[-78.98978,1.22723],[-78.97885,1.23304],[-78.97406,1.23799],[-78.97269,1.24637],[-78.97782,1.25525],[-78.98654,1.26123],[-78.99901,1.27388],[-79.00619,1.279],[-79.01251,1.27097],[-79.04087,1.25218],[-79.04412,1.245],[-79.04156,1.24004],[-79.019,1.22108],[-79.012,1.21663],[-79.00328,1.21732]]],[[[-78.8418,1.3142],[-78.83616,1.32189],[-78.83787,1.3318],[-78.85547,1.35316],[-78.8606,1.36205],[-78.86931,1.36017],[-78.87427,1.35624],[-78.877,1.34958],[-78.87461,1.3301],[-78.87017,1.32053],[-78.86077,1.3142],[-78.84847,1.31301],[-78.8418,1.3142]]],[[[-78.93435,1.25567],[-78.91433,1.26154],[-78.89564,1.26955],[-78.88389,1.27863],[-78.88122,1.29011],[-78.88149,1.29999],[-78.88603,1.32455],[-78.88843,1.33283],[-78.89644,1.34912],[-78.90125,1.37555],[-78.90445,1.37849],[-78.91299,1.37421],[-78.92261,1.3662],[-78.93622,1.34645],[-78.95705,1.32242],[-78.96986,1.30159],[-78.97574,1.28584],[-78.96773,1.27409],[-78.94744,1.2522],[-78.93435,1.25567]]],[[[-78.49646,1.20237],[-78.50666,1.20192],[-78.51492,1.19922],[-78.52364,1.20012],[-78.53295,1.20312],[-78.55292,1.21499],[-78.56659,1.22069],[-78.57995,1.23661],[-78.58386,1.24487],[-78.59873,1.24938],[-78.61299,1.25584],[-78.62816,1.27025],[-78.64435,1.27891],[-78.65608,1.29944],[-78.65755,1.31411],[-78.66085,1.32107],[-78.66525,1.32657],[-78.67515,1.33097],[-78.68028,1.33537],[-78.68395,1.34087],[-78.68908,1.35444],[-78.69275,1.37387],[-78.69898,1.37827],[-78.70448,1.3801],[-78.71438,1.38047],[-78.72282,1.37791],[-78.72942,1.37351],[-78.73602,1.37351],[-78.74482,1.37644],[-78.76645,1.38634],[-78.77855,1.3977],[-78.78368,1.40467],[-78.79358,1.41274],[-78.80353,1.42441],[-78.8102,1.42441],[-78.82008,1.4148],[-78.82782,1.41213],[-78.83423,1.40625],[-78.83396,1.39691],[-78.83049,1.38489],[-78.8329,1.37742],[-78.84251,1.37021],[-78.84651,1.36193],[-78.84491,1.35312],[-78.82889,1.32535],[-78.82756,1.31734],[-78.81661,1.31227],[-78.80139,1.312],[-78.79044,1.31681],[-78.78537,1.31734],[-78.78537,1.3104],[-78.79659,1.30746],[-78.82756,1.30426],[-78.84438,1.30079],[-78.85372,1.30213],[-78.86147,1.29705],[-78.86413,1.28851],[-78.8644,1.27756],[-78.88589,1.25337],[-78.89529,1.24842],[-78.90896,1.24585],[-78.91784,1.24192],[-78.92474,1.23351],[-78.93302,1.22843],[-78.9437,1.2263],[-78.95358,1.2287],[-78.96025,1.23324],[-78.98962,1.21829],[-78.99576,1.21242],[-79.0019,1.20227],[-79.0019,1.19907],[-78.99736,1.18945],[-78.99496,1.17424],[-78.99897,1.16836],[-79.01846,1.19479],[-79.02967,1.20574],[-79.04549,1.218],[-79.05198,1.21834],[-79.05967,1.21578],[-79.06428,1.21014],[-79.08188,1.17716],[-79.10905,1.14743],[-79.14989,1.10967],[-79.16578,1.10266],[-79.17383,1.10181],[-79.1898,1.09623],[-79.20357,1.09338],[-79.21965,1.08518],[-79.23081,1.08168],[-79.24251,1.0819],[-79.25447,1.08626],[-79.25959,1.09155],[-79.26643,1.09343],[-79.27361,1.09087],[-79.28386,1.08455],[-79.29121,1.08369],[-79.30778,1.0866],[-79.35807,1.07251],[-79.37115,1.07385],[-79.38904,1.08533],[-79.412,1.08132],[-79.43577,1.06904],[-79.49744,1.03059],[-79.54769,1.00167],[-79.56204,1.00082],[-79.58016,0.99398],[-79.5899,0.9933],[-79.60254,0.99347],[-79.62305,1.00116],[-79.63244,1.00201],[-79.64321,1.00065],[-79.65449,0.99706],[-79.70045,0.97638],[-79.73292,0.96886],[-79.74232,0.96391],[-79.76539,0.94545],[-79.77923,0.93196],[-79.79085,0.91692],[-79.80588,0.90154],[-79.85629,0.87557],[-79.88995,0.86856],[-79.92063,0.85678],[-79.93131,0.8493],[-79.94092,0.83943],[-79.95907,0.82714],[-79.99138,0.8194],[-80.02288,0.82741],[-80.03917,0.821],[-80.05092,0.82688],[-80.05839,0.82234],[-80.06801,0.81006],[-80.08216,0.79537],[-80.09631,0.77081],[-80.10218,0.74892],[-80.10165,0.7401],[-80.09524,0.72515],[-80.09524,0.71661],[-80.10405,0.69739],[-80.10512,0.68777],[-80.09657,0.67095],[-80.0891,0.66188],[-80.07201,0.65974],[-80.0632,0.6568],[-80.04077,0.64132],[-80.01728,0.62183],[-80.00687,0.60314],[-80.00072,0.58311],[-80.00099,0.57537],[-80.00446,0.56603],[-80.0066,0.55428],[-80.00687,0.54066],[-80.01327,0.52785],[-80.01968,0.5185],[-80.03784,0.50542],[-80.05092,0.48379],[-80.06053,0.47338],[-80.06267,0.46617],[-80.06,0.45896],[-80.05065,0.44801],[-80.04371,0.436],[-80.03383,0.42398],[-80.01808,0.41437],[-80.00313,0.41197],[-79.99458,0.40823],[-79.97803,0.37459],[-79.97589,0.36445],[-79.98577,0.34015],[-79.98577,0.31505],[-79.9831,0.29583],[-79.9783,0.28782],[-79.96895,0.28088],[-79.9532,0.27767],[-79.94674,0.26486],[-79.94118,0.26486],[-79.93665,0.26299],[-79.93237,0.25845],[-79.9265,0.26512],[-79.92677,0.26859],[-79.92303,0.2758],[-79.91796,0.28034],[-79.90594,0.29957],[-79.90114,0.30864],[-79.90114,0.31505],[-79.895,0.32173],[-79.89046,0.32413],[-79.86509,0.31745],[-79.85708,0.32119],[-79.85041,0.32733],[-79.84266,0.3308],[-79.83198,0.32894],[-79.81223,0.31585],[-79.79888,0.30224],[-79.7906,0.29796],[-79.78099,0.29796],[-79.77031,0.3017],[-79.72732,0.3236],[-79.72118,0.31879],[-79.71798,0.31105],[-79.71958,0.29903],[-79.72439,0.29449],[-79.72626,0.28889],[-79.7295,0.28639],[-79.73036,0.28126],[-79.72626,0.27699],[-79.71686,0.2734],[-79.70267,0.28007],[-79.6943,0.27904],[-79.68166,0.26964],[-79.67687,0.26332],[-79.67516,0.257],[-79.67619,0.24777],[-79.68029,0.24213],[-79.68883,0.23581],[-79.69311,0.22949],[-79.7037,0.21975],[-79.71019,0.20915],[-79.71237,0.20158],[-79.71317,0.19117],[-79.7081,0.18289],[-79.70223,0.18049],[-79.69689,0.17568],[-79.68808,0.17435],[-79.67392,0.17835],[-79.66698,0.17782],[-79.66244,0.17328],[-79.66111,0.1618],[-79.65871,0.15753],[-79.65443,0.15539],[-79.64803,0.15726],[-79.64375,0.16046],[-79.63628,0.16126],[-79.62533,0.15325],[-79.62079,0.14685],[-79.60851,0.13456],[-79.60077,0.13083],[-79.58929,0.12202],[-79.57888,0.12388],[-79.57514,0.12655],[-79.57468,0.12654],[-79.56873,0.12629],[-79.56019,0.11614],[-79.55084,0.11454],[-79.53322,0.11668],[-79.52281,0.11321],[-79.51198,0.10065],[-79.50719,0.09108],[-79.50224,0.08732],[-79.49404,0.08663],[-79.47644,0.10099],[-79.46858,0.10492],[-79.4602,0.10492],[-79.4467,0.09979],[-79.44004,0.09501],[-79.42757,0.07963],[-79.4221,0.07536],[-79.40052,0.0801],[-79.36662,0.08036],[-79.36273,0.08158],[-79.35807,0.08303],[-79.33912,0.11534],[-79.33431,0.12602],[-79.33378,0.1375],[-79.33111,0.14818],[-79.3239,0.16073],[-79.31482,0.17034],[-79.31322,0.18342],[-79.31802,0.19304],[-79.34127,0.21001],[-79.35597,0.2247],[-79.36263,0.23427],[-79.36195,0.2435],[-79.337,0.2558],[-79.31991,0.26246],[-79.29975,0.27648],[-79.28232,0.29339],[-79.27702,0.30518],[-79.27514,0.31697],[-79.27487,0.32148],[-79.27463,0.32552],[-79.27514,0.3356],[-79.26968,0.34688],[-79.23465,0.34842],[-79.22251,0.35081],[-79.21175,0.35576],[-79.19449,0.35029],[-79.18748,0.35029],[-79.18168,0.35388],[-79.17241,0.35542],[-79.16322,0.35531],[-79.12998,0.34755],[-79.11623,0.34209],[-79.10171,0.34055],[-79.09675,0.34363],[-79.09179,0.34346],[-79.07317,0.33748],[-79.06155,0.32894],[-79.05403,0.31902],[-79.04412,0.3098],[-79.0378,0.30877],[-79.03079,0.31099],[-79.00858,0.32483],[-78.98671,0.34466],[-78.96911,0.36448],[-78.95885,0.3696],[-78.90285,0.36952],[-78.89003,0.37352],[-78.84892,0.38073],[-78.82515,0.39488],[-78.81234,0.40636],[-78.79231,0.42025],[-78.78457,0.42238],[-78.77549,0.42051],[-78.74959,0.40823],[-78.72637,0.4061],[-78.71168,0.40209],[-78.70127,0.39435],[-78.68872,0.38073],[-78.67083,0.37753],[-78.64947,0.38767],[-78.62197,0.41411],[-78.6185,0.42265],[-78.61663,0.43466],[-78.60755,0.45629],[-78.60195,0.46243],[-78.59073,0.47071],[-78.58139,0.47605],[-78.57216,0.4776],[-78.56516,0.4817],[-78.55866,0.50938],[-78.55132,0.521],[-78.54328,0.52766],[-78.53707,0.53078],[-78.51758,0.53452],[-78.49942,0.54947],[-78.49462,0.55081],[-78.48901,0.55001],[-78.4802,0.54413],[-78.47166,0.54119],[-78.46124,0.542],[-78.4527,0.5476],[-78.43267,0.5751],[-78.42894,0.58471],[-78.42894,0.5986],[-78.43321,0.61035],[-78.45857,0.63624],[-78.47433,0.66748],[-78.48474,0.70566],[-78.49088,0.71421],[-78.49835,0.71608],[-78.5053,0.72195],[-78.51384,0.74491],[-78.51758,0.75132],[-78.52452,0.75693],[-78.53039,0.76547],[-78.52852,0.77188],[-78.52452,0.77775],[-78.51651,0.78309],[-78.51037,0.78336],[-78.49515,0.77535],[-78.4842,0.77615],[-78.46765,0.78176],[-78.46338,0.78629],[-78.45644,0.7903],[-78.45483,0.79751],[-78.44549,0.80845],[-78.44309,0.81833],[-78.45068,0.83744],[-78.45522,0.84317],[-78.45528,0.87608],[-78.45258,0.88704],[-78.45564,0.89042],[-78.48447,0.89363],[-78.49702,0.89977],[-78.5352,0.93207],[-78.54454,0.95263],[-78.53653,0.97906],[-78.5368,0.99375],[-78.54214,1.01137],[-78.54363,1.02303],[-78.5438,1.02884],[-78.54021,1.04405],[-78.53149,1.0596],[-78.52363,1.06848],[-78.51184,1.07549],[-78.49766,1.07959],[-78.49476,1.08643],[-78.49578,1.09309],[-78.49903,1.09822],[-78.50757,1.10625],[-78.50518,1.12026],[-78.50244,1.12761],[-78.49851,1.13103],[-78.50108,1.14367],[-78.51099,1.16383],[-78.50945,1.17426],[-78.50091,1.18844],[-78.49646,1.20237]]],[[[-78.84659,1.38922],[-78.83343,1.41246],[-78.82557,1.42117],[-78.82215,1.42972],[-78.82437,1.44048],[-78.83685,1.44304],[-78.84249,1.42954],[-78.85752,1.40699],[-78.87324,1.39349],[-78.87632,1.38888],[-78.86897,1.3846],[-78.85633,1.38272],[-78.84659,1.38922]]],[[[-78.87666,1.39588],[-78.86983,1.40631],[-78.86145,1.4116],[-78.85376,1.4198],[-78.84727,1.42954],[-78.84539,1.43946],[-78.85035,1.44954],[-78.86333,1.45962],[-78.87256,1.45859],[-78.87803,1.4533],[-78.88179,1.44407],[-78.88145,1.42544],[-78.88606,1.41673],[-78.88897,1.3993],[-78.88469,1.39076],[-78.87666,1.39588]]]]}},{"type":"Feature","properties":{"shapeName":"Imbabura","shapeISO":"EC-I","shapeID":"780006B18414364413556","shapeGroup":"ECU","shapeType":"ADM1"},"geometry":{"type":"Polygon","coordinates":[[[-78.45258,0.88704],[-78.45528,0.87608],[-78.45522,0.84317],[-78.45068,0.83744],[-78.44309,0.81833],[-78.44549,0.80845],[-78.45483,0.79751],[-78.45644,0.7903],[-78.46338,0.78629],[-78.46765,0.78176],[-78.4842,0.77615],[-78.49515,0.77535],[-78.51037,0.78336],[-78.51651,0.78309],[-78.52452,0.77775],[-78.52852,0.77188],[-78.53039,0.76547],[-78.52452,0.75693],[-78.51758,0.75132],[-78.51384,0.74491],[-78.5053,0.72195],[-78.49835,0.71608],[-78.49088,0.71421],[-78.48474,0.70566],[-78.47433,0.66748],[-78.45857,0.63624],[-78.43321,0.61035],[-78.42894,0.5986],[-78.42894,0.58471],[-78.43267,0.5751],[-78.4527,0.5476],[-78.46124,0.542],[-78.47166,0.54119],[-78.4802,0.54413],[-78.48901,0.55001],[-78.49462,0.55081],[-78.49942,0.54947],[-78.51758,0.53452],[-78.53707,0.53078],[-78.54328,0.52766],[-78.55132,0.521],[-78.55866,0.50938],[-78.56516,0.4817],[-78.57216,0.4776],[-78.58139,0.47605],[-78.59073,0.47071],[-78.60195,0.46243],[-78.60755,0.45629],[-78.61663,0.43466],[-78.6185,0.42265],[-78.62197,0.41411],[-78.64947,0.38767],[-78.67083,0.37753],[-78.68872,0.38073],[-78.70127,0.39435],[-78.71168,0.40209],[-78.72637,0.4061],[-78.74959,0.40823],[-78.77549,0.42051],[-78.78457,0.42238],[-78.79231,0.42025],[-78.81234,0.40636],[-78.82515,0.39488],[-78.84892,0.38073],[-78.89003,0.37352],[-78.90285,0.36952],[-78.95885,0.3696],[-78.96911,0.36448],[-78.98671,0.34466],[-79.00858,0.32483],[-79.03079,0.31099],[-79.0378,0.30877],[-79.04412,0.3098],[-79.05403,0.31902],[-79.06155,0.32894],[-79.07317,0.33748],[-79.09179,0.34346],[-79.09675,0.34363],[-79.10171,0.34055],[-79.11623,0.34209],[-79.12998,0.34755],[-79.16322,0.35531],[-79.17241,0.35542],[-79.18168,0.35388],[-79.18748,0.35029],[-79.19449,0.35029],[-79.21175,0.35576],[-79.22251,0.35081],[-79.23465,0.34842],[-79.26968,0.34688],[-79.27514,0.3356],[-79.27463,0.32552],[-79.27487,0.32148],[-79.25891,0.32666],[-79.23704,0.32939],[-79.22676,0.32917],[-79.21035,0.32458],[-79.20095,0.32513],[-79.19297,0.32393],[-79.18586,0.31999],[-79.17798,0.31846],[-79.16891,0.31955],[-79.15316,0.32502],[-79.14244,0.32589],[-79.13391,0.32261],[-79.12255,0.31458],[-79.09692,0.30638],[-79.08581,0.30621],[-79.07026,0.31082],[-79.06394,0.30843],[-79.05864,0.30142],[-79.05078,0.29579],[-79.04139,0.29493],[-79.03438,0.29186],[-79.01781,0.27613],[-79.01388,0.23803],[-79.00995,0.23085],[-79.00431,0.22521],[-78.99047,0.2194],[-78.97423,0.2247],[-78.96535,0.22419],[-78.95851,0.21752],[-78.94587,0.2124],[-78.9363,0.21189],[-78.92963,0.22009],[-78.92126,0.22197],[-78.90998,0.21838],[-78.90127,0.21872],[-78.87717,0.23427],[-78.87171,0.24128],[-78.85018,0.24623],[-78.83941,0.24709],[-78.82745,0.24401],[-78.81634,0.23308],[-78.8054,0.23228],[-78.7787,0.24697],[-78.76909,0.24697],[-78.74986,0.24056],[-78.7237,0.22294],[-78.71569,0.22134],[-78.6994,0.22508],[-78.68899,0.22508],[-78.68071,0.2216],[-78.67093,0.22077],[-78.65589,0.22316],[-78.65059,0.21855],[-78.64974,0.21547],[-78.64325,0.21274],[-78.63539,0.21394],[-78.62599,0.22351],[-78.61898,0.22709],[-78.58993,0.23102],[-78.58207,0.22966],[-78.5737,0.22624],[-78.56362,0.22487],[-78.54687,0.23564],[-78.53935,0.237],[-78.5332,0.23581],[-78.525,0.23154],[-78.51663,0.23205],[-78.50263,0.23976],[-78.49675,0.24029],[-78.49168,0.23549],[-78.4834,0.23068],[-78.47299,0.23442],[-78.46391,0.24991],[-78.45991,0.24937],[-78.45297,0.24243],[-78.44282,0.2427],[-78.43161,0.24777],[-78.42653,0.25338],[-78.41772,0.25818],[-78.40758,0.25845],[-78.39343,0.24697],[-78.37046,0.22454],[-78.35872,0.20745],[-78.35712,0.19838],[-78.37207,0.17835],[-78.37714,0.17408],[-78.37821,0.16794],[-78.3742,0.16527],[-78.36406,0.16821],[-78.35738,0.17381],[-78.34403,0.19544],[-78.33415,0.19704],[-78.32614,0.19437],[-78.31493,0.18423],[-78.31306,0.17808],[-78.30665,0.17221],[-78.30238,0.15672],[-78.29731,0.14872],[-78.27381,0.14231],[-78.2626,0.1335],[-78.25512,0.13136],[-78.2367,0.13136],[-78.22869,0.1335],[-78.20493,0.13296],[-78.19585,0.13216],[-78.17663,0.12682],[-78.17317,0.12799],[-78.15881,0.13961],[-78.13797,0.15823],[-78.11302,0.16797],[-78.1026,0.17498],[-78.09166,0.17942],[-78.0701,0.17862],[-78.06102,0.17515],[-78.04527,0.17595],[-78.03779,0.18209],[-78.03085,0.1925],[-78.02257,0.19063],[-78.01216,0.18022],[-78.00095,0.17461],[-77.97959,0.17274],[-77.9625,0.16847],[-77.95979,0.16925],[-77.95502,0.17061],[-77.94328,0.17755],[-77.9059,0.21092],[-77.8808,0.21253],[-77.87519,0.2176],[-77.83621,0.26886],[-77.83488,0.2766],[-77.84022,0.28381],[-77.84609,0.28782],[-77.85063,0.29449],[-77.85303,0.3033],[-77.84769,0.31185],[-77.8274,0.32894],[-77.81352,0.34843],[-77.81031,0.3551],[-77.81001,0.37347],[-77.81136,0.37296],[-77.82221,0.37045],[-77.84015,0.36294],[-77.84641,0.36503],[-77.86268,0.3813],[-77.87186,0.38672],[-77.89188,0.39673],[-77.91566,0.40383],[-77.9482,0.43428],[-77.97365,0.44763],[-77.98279,0.45416],[-77.98947,0.45976],[-77.99561,0.47044],[-78.00682,0.47658],[-78.04046,0.47712],[-78.07437,0.48566],[-78.08879,0.4878],[-78.09493,0.49367],[-78.1008,0.50328],[-78.12537,0.53345],[-78.13204,0.546],[-78.12964,0.55775],[-78.12643,0.56416],[-78.1259,0.57163],[-78.13551,0.59887],[-78.13578,0.60848],[-78.13898,0.62022],[-78.16835,0.66188],[-78.1833,0.67603],[-78.19692,0.69205],[-78.20199,0.69979],[-78.20546,0.72035],[-78.22068,0.74037],[-78.23537,0.75105],[-78.24391,0.75265],[-78.24978,0.75666],[-78.25699,0.76307],[-78.27248,0.78683],[-78.28636,0.79484],[-78.31093,0.80605],[-78.31813,0.81673],[-78.32747,0.82652],[-78.34045,0.8255],[-78.34866,0.82054],[-78.35344,0.8202],[-78.36404,0.82892],[-78.39565,0.83985],[-78.40658,0.84771],[-78.43563,0.87676],[-78.45101,0.88531],[-78.45258,0.88704]]]}},{"type":"Feature","properties":{"shapeName":"Sucumbios","shapeISO":"EC-U","shapeID":"780006B2045588347602","shapeGroup":"ECU","shapeType":"ADM1"},"geometry":{"type":"Polygon","coordinates":[[[-77.81001,0.37347],[-77.81031,0.3551],[-77.81352,0.34843],[-77.8274,0.32894],[-77.84769,0.31185],[-77.85303,0.3033],[-77.85063,0.29449],[-77.84609,0.28782],[-77.84022,0.28381],[-77.83488,0.2766],[-77.83621,0.26886],[-77.87519,0.2176],[-77.8808,0.21253],[-77.9059,0.21092],[-77.94328,0.17755],[-77.95502,0.17061],[-77.95979,0.16925],[-77.96197,0.15602],[-77.97031,0.14226],[-77.97198,0.13266],[-77.96989,0.12474],[-77.96655,0.12056],[-77.95779,0.11806],[-77.95028,0.1118],[-77.9361,0.10388],[-77.92984,0.09929],[-77.924,0.09178],[-77.91566,0.08719],[-77.90898,0.08594],[-77.89188,0.08969],[-77.87895,0.08427],[-77.856,0.0655],[-77.85308,0.06007],[-77.85141,0.03629],[-77.84557,0.03129],[-77.84331,0.03164],[-77.84015,0.03212],[-77.83348,0.03713],[-77.8243,0.03921],[-77.81679,0.03921],[-77.80302,0.03254],[-77.78049,0.02712],[-77.77424,0.01961],[-77.77549,0.01293],[-77.77841,0.00751],[-77.78759,-0.0025],[-77.79009,-0.0146],[-77.78341,-0.02169],[-77.77896,-0.03845],[-77.77452,-0.06579],[-77.77178,-0.07091],[-77.76597,-0.07672],[-77.75709,-0.07758],[-77.74632,-0.07382],[-77.73966,-0.06664],[-77.73368,-0.04938],[-77.72752,-0.04785],[-77.72069,-0.04921],[-77.71539,-0.05229],[-77.71146,-0.05793],[-77.70377,-0.07604],[-77.69745,-0.07826],[-77.68668,-0.081],[-77.67079,-0.08048],[-77.65917,-0.07587],[-77.6467,-0.07331],[-77.63952,-0.07348],[-77.60005,-0.08561],[-77.58433,-0.09603],[-77.57493,-0.09364],[-77.56553,-0.08561],[-77.54264,-0.05844],[-77.53614,-0.05365],[-77.52264,-0.05041],[-77.50897,-0.054],[-77.50504,-0.04323],[-77.49155,-0.02939],[-77.4748,-0.01589],[-77.4666,-0.01299],[-77.45771,-0.0135],[-77.44951,-0.02051],[-77.44678,-0.03024],[-77.44507,-0.04511],[-77.43874,-0.05776],[-77.43806,-0.06596],[-77.44182,-0.07091],[-77.44747,-0.07262],[-77.45147,-0.07956],[-77.44987,-0.0857],[-77.44186,-0.09078],[-77.43999,-0.09558],[-77.44213,-0.10359],[-77.44907,-0.10867],[-77.45281,-0.11427],[-77.45414,-0.12175],[-77.45067,-0.12976],[-77.44613,-0.13109],[-77.44026,-0.12682],[-77.42985,-0.12469],[-77.41997,-0.12495],[-77.41036,-0.12762],[-77.38099,-0.14338],[-77.37244,-0.14578],[-77.3631,-0.14151],[-77.33613,-0.1076],[-77.32225,-0.08544],[-77.3081,-0.06915],[-77.29929,-0.0558],[-77.29578,-0.05263],[-77.29368,-0.05073],[-77.28674,-0.04005],[-77.28087,-0.03631],[-77.27499,-0.03871],[-77.26858,-0.04566],[-77.21946,-0.07449],[-77.20744,-0.08624],[-77.19329,-0.09291],[-77.17193,-0.09452],[-77.16019,-0.09345],[-77.15298,-0.08891],[-77.15111,-0.0857],[-77.1212,-0.0817],[-77.114,-0.0841],[-77.11052,-0.09051],[-77.09771,-0.10199],[-77.08863,-0.10493],[-77.05953,-0.10626],[-77.04618,-0.10626],[-77.02375,-0.09852],[-77.01067,-0.09265],[-76.99545,-0.08357],[-76.98183,-0.07262],[-76.97035,-0.06568],[-76.96021,-0.06168],[-76.93858,-0.0566],[-76.93271,-0.05767],[-76.92737,-0.06328],[-76.92336,-0.07049],[-76.90654,-0.07716],[-76.90094,-0.08143],[-76.8996,-0.09291],[-76.89533,-0.10199],[-76.87397,-0.12282],[-76.87023,-0.12896],[-76.86569,-0.14151],[-76.85688,-0.15192],[-76.84754,-0.16794],[-76.81897,-0.19811],[-76.80508,-0.21039],[-76.79681,-0.22908],[-76.78746,-0.23816],[-76.77438,-0.24563],[-76.76317,-0.25551],[-76.75329,-0.28542],[-76.74207,-0.30464],[-76.72499,-0.31906],[-76.71831,-0.33187],[-76.71724,-0.33988],[-76.7111,-0.34656],[-76.69882,-0.35216],[-76.66919,-0.37406],[-76.65904,-0.3834],[-76.64702,-0.39141],[-76.63768,-0.39515],[-76.63047,-0.40316],[-76.63234,-0.41437],[-76.6246,-0.42425],[-76.6035,-0.42932],[-76.59389,-0.42639],[-76.5712,-0.41197],[-76.55972,-0.4077],[-76.5477,-0.4093],[-76.53702,-0.41998],[-76.51833,-0.4352],[-76.50685,-0.43867],[-76.49831,-0.44534],[-76.48564,-0.46413],[-76.47569,-0.47561],[-76.46563,-0.48337],[-76.45305,-0.48633],[-76.43698,-0.48611],[-76.42003,-0.4825],[-76.40666,-0.48939],[-76.40016,-0.49537],[-76.39111,-0.50989],[-76.38205,-0.51622],[-76.3706,-0.51707],[-76.3571,-0.51297],[-76.34753,-0.50767],[-76.32925,-0.48836],[-76.32139,-0.48341],[-76.28363,-0.47076],[-76.2744,-0.46393],[-76.25629,-0.44428],[-76.2486,-0.44103],[-76.23903,-0.44018],[-76.22997,-0.44206],[-76.21869,-0.44872],[-76.19768,-0.4412],[-76.17768,-0.43915],[-76.15547,-0.43932],[-76.12967,-0.44616],[-76.12266,-0.44667],[-76.09037,-0.43471],[-76.08285,-0.43368],[-76.07618,-0.43659],[-76.06866,-0.44513],[-76.05841,-0.4764],[-76.04628,-0.50015],[-76.04047,-0.50904],[-76.03193,-0.51622],[-76.0104,-0.52613],[-75.99536,-0.54133],[-75.96358,-0.55723],[-75.95486,-0.55979],[-75.92376,-0.5603],[-75.91898,-0.5509],[-75.92171,-0.54561],[-75.92721,-0.5436],[-75.92908,-0.53799],[-75.92694,-0.52704],[-75.9184,-0.5217],[-75.91787,-0.50996],[-75.92214,-0.49661],[-75.93982,-0.45948],[-75.94068,-0.41454],[-75.93299,-0.40976],[-75.92103,-0.40617],[-75.91248,-0.40173],[-75.89283,-0.40104],[-75.88207,-0.40258],[-75.86857,-0.40549],[-75.859,-0.4113],[-75.83354,-0.4359],[-75.82089,-0.43693],[-75.78934,-0.42552],[-75.77896,-0.42519],[-75.77097,-0.42793],[-75.76222,-0.42858],[-75.75336,-0.42541],[-75.74582,-0.42082],[-75.74199,-0.41557],[-75.73652,-0.41382],[-75.72865,-0.41601],[-75.72395,-0.4206],[-75.71903,-0.42869],[-75.71356,-0.4335],[-75.70153,-0.45855],[-75.6895,-0.46588],[-75.68086,-0.46588],[-75.65669,-0.45046],[-75.64554,-0.4475],[-75.63974,-0.44849],[-75.62563,-0.46347],[-75.59348,-0.4802],[-75.5855,-0.48611],[-75.57552,-0.49644],[-75.56957,-0.49035],[-75.56572,-0.48972],[-75.56055,-0.49308],[-75.55587,-0.51006],[-75.54972,-0.51519],[-75.541,-0.53792],[-75.53263,-0.53962],[-75.52545,-0.53484],[-75.51947,-0.53501],[-75.50136,-0.55381],[-75.48598,-0.54749],[-75.48051,-0.5415],[-75.47692,-0.54133],[-75.4706,-0.54663],[-75.46171,-0.54783],[-75.453,-0.54202],[-75.44599,-0.53997],[-75.43779,-0.54185],[-75.42258,-0.55159],[-75.39712,-0.55791],[-75.38655,-0.56255],[-75.38014,-0.59326],[-75.37534,-0.6018],[-75.36786,-0.60634],[-75.35611,-0.59833],[-75.35184,-0.59993],[-75.33796,-0.61141],[-75.32968,-0.61542],[-75.32274,-0.61435],[-75.3142,-0.61061],[-75.30966,-0.61141],[-75.30325,-0.61488],[-75.30031,-0.62022],[-75.29204,-0.6261],[-75.28759,-0.62575],[-75.28281,-0.62233],[-75.27785,-0.62387],[-75.27666,-0.64352],[-75.27307,-0.64625],[-75.2676,-0.64659],[-75.26008,-0.63685],[-75.25154,-0.63566],[-75.24182,-0.63827],[-75.22742,-0.63171],[-75.22085,-0.6242],[-75.21804,-0.61552],[-75.2232,-0.60378],[-75.2347,-0.58665],[-75.23353,-0.57797],[-75.21874,-0.57164],[-75.21554,-0.56154],[-75.21494,-0.55298],[-75.22515,-0.53691],[-75.23311,-0.51032],[-75.23657,-0.50852],[-75.24047,-0.50882],[-75.24828,-0.51543],[-75.25098,-0.51558],[-75.25534,-0.51077],[-75.26015,-0.4935],[-75.27111,-0.4899],[-75.28207,-0.49185],[-75.29063,-0.48464],[-75.30025,-0.47158],[-75.3028,-0.46302],[-75.30941,-0.4495],[-75.31421,-0.44725],[-75.31977,-0.4498],[-75.32728,-0.4504],[-75.33674,-0.44785],[-75.36077,-0.43163],[-75.36893,-0.4292],[-75.3816,-0.40315],[-75.38676,-0.39587],[-75.40178,-0.38226],[-75.42595,-0.34824],[-75.4358,-0.32876],[-75.45478,-0.30412],[-75.4656,-0.27003],[-75.46608,-0.25813],[-75.46373,-0.24733],[-75.4649,-0.23748],[-75.48063,-0.21472],[-75.48954,-0.20768],[-75.49987,-0.19453],[-75.51676,-0.16966],[-75.52701,-0.16096],[-75.53618,-0.14923],[-75.53655,-0.12723],[-75.53288,-0.11183],[-75.52665,-0.10596],[-75.51638,-0.1034],[-75.50208,-0.1034],[-75.49072,-0.10706],[-75.46982,-0.11696],[-75.44305,-0.13566],[-75.41328,-0.14361],[-75.39098,-0.15511],[-75.37667,-0.15769],[-75.36494,-0.15675],[-75.36001,-0.14971],[-75.35508,-0.14619],[-75.34968,-0.14619],[-75.34476,-0.15136],[-75.33865,-0.15323],[-75.33349,-0.15018],[-75.32575,-0.14948],[-75.31754,-0.15112],[-75.29964,-0.14838],[-75.27802,-0.13877],[-75.25819,-0.11834],[-75.25444,-0.11204],[-75.27501,-0.11399],[-75.29063,-0.10798],[-75.304,-0.10032],[-75.32412,-0.09447],[-75.34665,-0.08275],[-75.35266,-0.08155],[-75.36888,-0.08711],[-75.38795,-0.08651],[-75.42595,-0.06713],[-75.44517,-0.05136],[-75.48017,-0.03695],[-75.49008,-0.03094],[-75.5081,-0.01232],[-75.51561,-0.00886],[-75.52867,-0.01277],[-75.54519,-0.01247],[-75.55721,-0.01051],[-75.56247,-0.00781],[-75.56922,0.003],[-75.57285,0.02182],[-75.57895,0.02605],[-75.60382,0.03543],[-75.61016,0.04083],[-75.61532,0.04975],[-75.62166,0.05491],[-75.62893,0.05491],[-75.63386,0.04764],[-75.63973,0.04412],[-75.64653,0.04717],[-75.65334,0.05233],[-75.65897,0.05256],[-75.66343,0.05139],[-75.67516,0.04435],[-75.68595,0.04435],[-75.69863,0.04834],[-75.70614,0.04858],[-75.72749,0.04459],[-75.73805,0.04506],[-75.74626,0.04811],[-75.77794,0.06617],[-75.78334,0.06688],[-75.79742,0.06359],[-75.80258,0.06641],[-75.80563,0.07392],[-75.80845,0.08917],[-75.81197,0.09457],[-75.82487,0.10536],[-75.84435,0.14479],[-75.85163,0.14455],[-75.86031,0.13423],[-75.86711,0.13305],[-75.87204,0.13798],[-75.87486,0.14455],[-75.88776,0.15582],[-75.89081,0.16098],[-75.89175,0.16943],[-75.89433,0.17412],[-75.91334,0.19289],[-75.93845,0.22316],[-75.93962,0.22833],[-75.93118,0.23912],[-75.93493,0.24452],[-75.9408,0.24076],[-75.94737,0.24006],[-75.95276,0.24381],[-75.95699,0.24898],[-75.96239,0.25156],[-75.98139,0.25625],[-75.98515,0.26423],[-75.98397,0.27103],[-75.98045,0.27526],[-75.97928,0.27995],[-75.98585,0.28934],[-75.99336,0.30811],[-76.00462,0.31539],[-76.02903,0.31703],[-76.03724,0.32876],[-76.04006,0.33956],[-76.04405,0.3466],[-76.05226,0.34941],[-76.05907,0.34918],[-76.06822,0.34519],[-76.08464,0.32853],[-76.09685,0.3236],[-76.106,0.32759],[-76.10952,0.33697],[-76.10647,0.35105],[-76.10975,0.36795],[-76.11351,0.37616],[-76.12313,0.38766],[-76.13697,0.394],[-76.14293,0.39558],[-76.15089,0.39558],[-76.15674,0.39168],[-76.16425,0.38282],[-76.17101,0.38117],[-76.18047,0.38237],[-76.19053,0.39213],[-76.19654,0.39453],[-76.2015,0.39363],[-76.21186,0.38852],[-76.21817,0.39078],[-76.21997,0.40745],[-76.22432,0.41316],[-76.2413,0.41526],[-76.2488,0.41901],[-76.25211,0.42547],[-76.25601,0.44169],[-76.25827,0.44605],[-76.26157,0.4489],[-76.26382,0.4489],[-76.28064,0.43523],[-76.2886,0.43463],[-76.29701,0.43884],[-76.30557,0.43613],[-76.31669,0.42307],[-76.32354,0.39645],[-76.32525,0.39359],[-76.33156,0.38958],[-76.33671,0.39015],[-76.34588,0.39416],[-76.34874,0.39874],[-76.35505,0.4039],[-76.36135,0.40619],[-76.3688,0.40333],[-76.37452,0.39588],[-76.38083,0.39301],[-76.39687,0.38958],[-76.39916,0.38614],[-76.39973,0.38155],[-76.39687,0.37239],[-76.39393,0.26094],[-76.39768,0.25273],[-76.40214,0.2478],[-76.41012,0.24663],[-76.41693,0.24991],[-76.42185,0.26259],[-76.42725,0.2647],[-76.43335,0.26282],[-76.44884,0.25015],[-76.45565,0.24851],[-76.47666,0.25116],[-76.49536,0.24859],[-76.51039,0.25483],[-76.51663,0.26326],[-76.52249,0.26766],[-76.52946,0.26693],[-76.54999,0.25629],[-76.56173,0.24566],[-76.56466,0.24016],[-76.57089,0.23356],[-76.57713,0.22916],[-76.58263,0.22733],[-76.58776,0.23026],[-76.60771,0.24991],[-76.62038,0.26939],[-76.62507,0.27103],[-76.62883,0.26939],[-76.63892,0.26024],[-76.64337,0.26047],[-76.64807,0.26306],[-76.65135,0.27901],[-76.66238,0.28183],[-76.66731,0.27925],[-76.67857,0.27948],[-76.6889,0.28488],[-76.69523,0.28488],[-76.70415,0.27901],[-76.71025,0.27901],[-76.71448,0.28089],[-76.71823,0.28934],[-76.72246,0.29262],[-76.73043,0.29051],[-76.73935,0.28347],[-76.75273,0.27714],[-76.75296,0.27221],[-76.7478,0.26634],[-76.75085,0.2586],[-76.75695,0.25649],[-76.76563,0.25625],[-76.7722,0.25954],[-76.77784,0.26681],[-76.7837,0.27103],[-76.79544,0.27197],[-76.83556,0.2471],[-76.84143,0.24663],[-76.84964,0.24921],[-76.85856,0.25742],[-76.86513,0.25977],[-76.87592,0.25977],[-76.89423,0.25461],[-76.91136,0.25766],[-76.92544,0.26751],[-76.92778,0.27174],[-76.92755,0.28089],[-76.92943,0.28394],[-76.93295,0.28394],[-76.94304,0.27854],[-76.98504,0.27901],[-76.99419,0.29497],[-77.0003,0.2952],[-77.00452,0.29309],[-77.01578,0.28464],[-77.01954,0.27972],[-77.02564,0.2762],[-77.03221,0.2769],[-77.04582,0.28652],[-77.08149,0.28676],[-77.08735,0.29028],[-77.09134,0.29544],[-77.09252,0.2999],[-77.09228,0.30764],[-77.08642,0.31539],[-77.08665,0.32031],[-77.10308,0.33909],[-77.10636,0.35692],[-77.11199,0.36983],[-77.11528,0.37264],[-77.12326,0.37475],[-77.14719,0.37827],[-77.16855,0.39001],[-77.17348,0.39001],[-77.17958,0.38766],[-77.19436,0.3764],[-77.21689,0.36349],[-77.2244,0.36255],[-77.23965,0.36396],[-77.25866,0.37053],[-77.2657,0.37053],[-77.27016,0.36889],[-77.27461,0.3649],[-77.28494,0.3649],[-77.29949,0.371],[-77.32882,0.39282],[-77.35628,0.4008],[-77.36918,0.40221],[-77.38232,0.39752],[-77.38749,0.39752],[-77.39359,0.39916],[-77.39852,0.40714],[-77.4018,0.40902],[-77.40743,0.40808],[-77.41752,0.39799],[-77.42409,0.39564],[-77.44146,0.39634],[-77.45253,0.39844],[-77.46935,0.4085],[-77.52161,0.41841],[-77.51741,0.44424],[-77.51741,0.45205],[-77.52289,0.47144],[-77.5189,0.4881],[-77.51444,0.49936],[-77.51538,0.50546],[-77.5189,0.51039],[-77.52171,0.51907],[-77.52054,0.53174],[-77.50529,0.57093],[-77.49731,0.58032],[-77.48511,0.59135],[-77.48112,0.6012],[-77.47901,0.60824],[-77.48159,0.65306],[-77.48511,0.65987],[-77.4952,0.66315],[-77.51139,0.66104],[-77.51936,0.66276],[-77.54714,0.65195],[-77.5536,0.65105],[-77.5589,0.65219],[-77.56075,0.64249],[-77.56605,0.64078],[-77.57083,0.64164],[-77.58194,0.6483],[-77.58826,0.64984],[-77.6082,0.64719],[-77.61861,0.65013],[-77.6317,0.64506],[-77.63997,0.64586],[-77.65386,0.65173],[-77.66373,0.65387],[-77.67468,0.65306],[-77.67949,0.65013],[-77.6891,0.63624],[-77.68723,0.62717],[-77.67708,0.62183],[-77.66587,0.61916],[-77.65893,0.61355],[-77.6592,0.60634],[-77.66961,0.58044],[-77.67708,0.56896],[-77.69764,0.55695],[-77.71633,0.54814],[-77.72434,0.54146],[-77.73369,0.53132],[-77.74624,0.51263],[-77.75505,0.49447],[-77.76973,0.47498],[-77.77721,0.46857],[-77.79843,0.44179],[-77.80844,0.43261],[-77.81095,0.41968],[-77.80636,0.40967],[-77.80052,0.40216],[-77.79718,0.3934],[-77.79802,0.38213],[-77.8026,0.37629],[-77.81001,0.37347]]]}},{"type":"Feature","properties":{"shapeName":"Santa Elena","shapeISO":"EC-SE*","shapeID":"780006B15798287521285","shapeGroup":"ECU","shapeType":"ADM1"},"geometry":{"type":"Polygon","coordinates":[[[-80.5613,-2.50809],[-80.55571,-2.50508],[-80.55201,-2.49808],[-80.54696,-2.49419],[-80.54015,-2.48953],[-80.53335,-2.48758],[-80.51196,-2.49517],[-80.49602,-2.50275],[-80.48669,-2.50255],[-80.47736,-2.49808],[-80.46666,-2.48914],[-80.4515,-2.46036],[-80.44994,-2.44462],[-80.45772,-2.43392],[-80.45947,-2.42926],[-80.46025,-2.42051],[-80.45733,-2.41215],[-80.43536,-2.39426],[-80.42506,-2.38746],[-80.41436,-2.38415],[-80.38131,-2.38493],[-80.37237,-2.38085],[-80.35351,-2.35499],[-80.33912,-2.35013],[-80.32435,-2.34974],[-80.30899,-2.35188],[-80.29577,-2.3616],[-80.28469,-2.36199],[-80.27672,-2.35518],[-80.27302,-2.34935],[-80.25844,-2.33341],[-80.25339,-2.32486],[-80.23861,-2.31416],[-80.23239,-2.30289],[-80.23414,-2.29491],[-80.23842,-2.28869],[-80.2495,-2.27878],[-80.25552,-2.27158],[-80.25863,-2.26478],[-80.25786,-2.25389],[-80.23608,-2.2467],[-80.22831,-2.23989],[-80.22694,-2.2292],[-80.23764,-2.21268],[-80.23958,-2.20004],[-80.23589,-2.1841],[-80.23725,-2.1771],[-80.24658,-2.15435],[-80.24814,-2.14696],[-80.24055,-2.13044],[-80.23978,-2.12266],[-80.24172,-2.11177],[-80.24911,-2.10244],[-80.25727,-2.09972],[-80.26151,-2.09611],[-80.26524,-2.08815],[-80.27109,-2.08342],[-80.28005,-2.0828],[-80.28565,-2.09064],[-80.29361,-2.08964],[-80.3012,-2.08404],[-80.31676,-2.06799],[-80.32049,-2.05828],[-80.32012,-2.05256],[-80.33407,-2.03925],[-80.35273,-2.00348],[-80.36498,-1.99123],[-80.39317,-1.98229],[-80.41572,-1.9786],[-80.43769,-1.96343],[-80.44395,-1.95512],[-80.44458,-1.954],[-80.44972,-1.94479],[-80.45732,-1.93659],[-80.46704,-1.9296],[-80.48223,-1.92626],[-80.49711,-1.92778],[-80.50926,-1.92383],[-80.51747,-1.91624],[-80.52506,-1.90287],[-80.54116,-1.88191],[-80.54845,-1.86824],[-80.57974,-1.80627],[-80.57974,-1.79564],[-80.57518,-1.78561],[-80.57245,-1.76799],[-80.57974,-1.74794],[-80.58623,-1.74141],[-80.59012,-1.7346],[-80.59362,-1.6928],[-80.59012,-1.68619],[-80.58992,-1.68055],[-80.61053,-1.67355],[-80.62589,-1.66578],[-80.63658,-1.66558],[-80.64281,-1.66733],[-80.66458,-1.68094],[-80.67197,-1.68075],[-80.67741,-1.67666],[-80.69024,-1.67433],[-80.70988,-1.67919],[-80.71668,-1.68483],[-80.72388,-1.68755],[-80.73418,-1.68639],[-80.74079,-1.67939],[-80.7476,-1.67647],[-80.75498,-1.67705],[-80.7787,-1.6858],[-80.79076,-1.68639],[-80.79951,-1.68891],[-80.81015,-1.69405],[-80.80243,-1.71234],[-80.78275,-1.73626],[-80.77661,-1.7472],[-80.76966,-1.76749],[-80.75872,-1.81502],[-80.75097,-1.83237],[-80.73976,-1.86628],[-80.73408,-1.90321],[-80.7281,-1.91227],[-80.72554,-1.92047],[-80.72639,-1.93465],[-80.72981,-1.94713],[-80.74109,-1.96199],[-80.75544,-1.97122],[-80.76022,-1.97635],[-80.76142,-1.98404],[-80.75646,-2.00147],[-80.74006,-2.02675],[-80.73733,-2.03427],[-80.73835,-2.05973],[-80.74194,-2.06828],[-80.74587,-2.08981],[-80.74997,-2.1004],[-80.76962,-2.12894],[-80.79474,-2.14944],[-80.80328,-2.15525],[-80.82464,-2.16038],[-80.84395,-2.18294],[-80.85113,-2.18772],[-80.8689,-2.19473],[-80.90547,-2.21574],[-80.91504,-2.21899],[-80.92563,-2.21933],[-80.93657,-2.21643],[-80.95531,-2.20394],[-80.97401,-2.19978],[-80.98265,-2.19442],[-80.9938,-2.18283],[-81.00266,-2.18207],[-81.00725,-2.18491],[-81.00835,-2.18928],[-80.99938,-2.20142],[-80.98221,-2.21586],[-80.92683,-2.27316],[-80.90649,-2.30545],[-80.89729,-2.32471],[-80.89328,-2.32951],[-80.88086,-2.32442],[-80.87198,-2.32391],[-80.86582,-2.32545],[-80.84959,-2.33672],[-80.82362,-2.36321],[-80.81542,-2.36936],[-80.79508,-2.37944],[-80.77201,-2.38867],[-80.73976,-2.39066],[-80.72855,-2.39279],[-80.69544,-2.40454],[-80.67355,-2.40935],[-80.665,-2.41495],[-80.64498,-2.43418],[-80.63056,-2.44379],[-80.61641,-2.45767],[-80.59291,-2.47609],[-80.5817,-2.49131],[-80.5613,-2.50809]]]}},{"type":"Feature","properties":{"shapeName":"Santo Domingo de los Tsáchilas","shapeISO":"EC-SD*","shapeID":"780006B2576853520044","shapeGroup":"ECU","shapeType":"ADM1"},"geometry":{"type":"Polygon","coordinates":[[[-79.57468,0.12654],[-79.58487,0.10602],[-79.59641,0.09356],[-79.60552,0.07929],[-79.60886,0.06896],[-79.62588,0.05286],[-79.62709,0.04374],[-79.62284,0.03007],[-79.62527,0.0243],[-79.62405,0.01792],[-79.61978,0.00369],[-79.61647,-0.00253],[-79.61083,-0.00719],[-79.60792,-0.014],[-79.60811,-0.02158],[-79.61317,-0.02955],[-79.6153,-0.03577],[-79.61453,-0.04297],[-79.61005,-0.05249],[-79.60189,-0.05794],[-79.59392,-0.06688],[-79.58478,-0.07174],[-79.57409,-0.08418],[-79.5551,-0.09812],[-79.54811,-0.10723],[-79.54355,-0.12273],[-79.52958,-0.13883],[-79.51986,-0.15614],[-79.51196,-0.16404],[-79.49768,-0.16829],[-79.45211,-0.17619],[-79.4273,-0.17595],[-79.41777,-0.18081],[-79.41078,-0.18995],[-79.40871,-0.32039],[-79.40064,-0.3783],[-79.40207,-0.39017],[-79.40503,-0.40251],[-79.43389,-0.43288],[-79.44239,-0.44473],[-79.46123,-0.46357],[-79.46427,-0.46964],[-79.46184,-0.47815],[-79.4588,-0.4821],[-79.46424,-0.50957],[-79.47455,-0.52707],[-79.47688,-0.53484],[-79.47591,-0.54165],[-79.46891,-0.5467],[-79.4686,-0.54761],[-79.46813,-0.54904],[-79.46677,-0.55195],[-79.46132,-0.55293],[-79.44149,-0.5434],[-79.42613,-0.54029],[-79.35879,-0.54027],[-79.35294,-0.54076],[-79.34647,-0.54425],[-79.34709,-0.54885],[-79.36509,-0.57898],[-79.35964,-0.5885],[-79.34759,-0.62117],[-79.34973,-0.62836],[-79.35673,-0.63497],[-79.36256,-0.64605],[-79.36405,-0.65801],[-79.35999,-0.67251],[-79.35657,-0.68047],[-79.34861,-0.68796],[-79.31636,-0.69145],[-79.29931,-0.6953],[-79.28874,-0.6907],[-79.27791,-0.68099],[-79.26783,-0.6683],[-79.24531,-0.6469],[-79.21557,-0.63272],[-79.20711,-0.62177],[-79.19989,-0.60895],[-79.19255,-0.60111],[-79.16543,-0.58382],[-79.149,-0.56179],[-79.12984,-0.54251],[-79.12188,-0.53977],[-79.10944,-0.54101],[-79.10035,-0.54586],[-79.09229,-0.55268],[-79.09226,-0.55271],[-79.08069,-0.56129],[-79.06974,-0.57361],[-79.05867,-0.5812],[-79.04871,-0.58419],[-79.03664,-0.58431],[-79.03279,-0.58145],[-79.03378,-0.57399],[-79.03789,-0.56913],[-79.03839,-0.55943],[-79.03391,-0.55209],[-79.00526,-0.52858],[-78.99948,-0.51977],[-79.00009,-0.50549],[-79.00799,-0.49637],[-79.02105,-0.49121],[-79.02925,-0.48392],[-79.03199,-0.47724],[-79.03077,-0.4663],[-79.02196,-0.45476],[-79.01437,-0.43167],[-79.00556,-0.42013],[-78.99888,-0.41314],[-78.9688,-0.39825],[-78.96031,-0.39],[-78.95253,-0.37387],[-78.94087,-0.35987],[-78.93776,-0.35093],[-78.93873,-0.34295],[-78.94242,-0.33841],[-78.94378,-0.33673],[-78.95312,-0.32837],[-78.95642,-0.32021],[-78.95486,-0.31243],[-78.94456,-0.30971],[-78.93231,-0.30971],[-78.90801,-0.32565],[-78.89226,-0.32973],[-78.87554,-0.33109],[-78.85649,-0.34043],[-78.84696,-0.34257],[-78.83374,-0.34257],[-78.81631,-0.3296],[-78.80476,-0.31623],[-78.78684,-0.30135],[-78.77803,-0.29193],[-78.77135,-0.28039],[-78.74735,-0.26581],[-78.74431,-0.25274],[-78.74796,-0.23877],[-78.77955,-0.2254],[-78.80537,-0.21021],[-78.83119,-0.18956],[-78.83782,-0.17945],[-78.84055,-0.1637],[-78.84074,-0.14231],[-78.8423,-0.1357],[-78.84696,-0.12987],[-78.8526,-0.12812],[-78.86349,-0.12812],[-78.88915,-0.14037],[-78.89518,-0.14231],[-78.90276,-0.14134],[-78.91132,-0.13881],[-78.91929,-0.13279],[-78.93076,-0.12093],[-78.94806,-0.10946],[-78.96109,-0.10343],[-78.96847,-0.10188],[-78.97722,-0.10246],[-78.98344,-0.10596],[-79.00541,-0.11179],[-79.0165,-0.11821],[-79.02524,-0.11937],[-79.03654,-0.11361],[-79.04232,-0.10784],[-79.05173,-0.10237],[-79.0809,-0.09265],[-79.12677,-0.08992],[-79.14196,-0.08718],[-79.14864,-0.08324],[-79.14864,-0.07625],[-79.13011,-0.05225],[-79.1137,-0.03372],[-79.11492,-0.02491],[-79.13004,-0.01691],[-79.19555,-0.00875],[-79.20275,-0.00253],[-79.21014,0.00117],[-79.22297,0.00408],[-79.2356,0.01186],[-79.2461,0.014],[-79.25388,0.01011],[-79.25835,0.00467],[-79.27352,0.00233],[-79.29276,0.00253],[-79.3019,0.00447],[-79.31551,0.01439],[-79.32601,0.01983],[-79.36917,0.02683],[-79.37423,0.03111],[-79.375,0.03791],[-79.36995,0.0521],[-79.36139,0.06396],[-79.36023,0.07757],[-79.36273,0.08158],[-79.36662,0.08036],[-79.40052,0.0801],[-79.4221,0.07536],[-79.42757,0.07963],[-79.44004,0.09501],[-79.4467,0.09979],[-79.4602,0.10492],[-79.46858,0.10492],[-79.47644,0.10099],[-79.49404,0.08663],[-79.50224,0.08732],[-79.50719,0.09108],[-79.51198,0.10065],[-79.52281,0.11321],[-79.53322,0.11668],[-79.55084,0.11454],[-79.56019,0.11614],[-79.56873,0.12629],[-79.57468,0.12654]]]}},{"type":"Feature","properties":{"shapeName":"Pichincha","shapeISO":"EC-P","shapeID":"780006B44300629339188","shapeGroup":"ECU","shapeType":"ADM1"},"geometry":{"type":"Polygon","coordinates":[[[-79.36273,0.08158],[-79.36023,0.07757],[-79.36139,0.06396],[-79.36995,0.0521],[-79.375,0.03791],[-79.37423,0.03111],[-79.36917,0.02683],[-79.32601,0.01983],[-79.31551,0.01439],[-79.3019,0.00447],[-79.29276,0.00253],[-79.27352,0.00233],[-79.25835,0.00467],[-79.25388,0.01011],[-79.2461,0.014],[-79.2356,0.01186],[-79.22297,0.00408],[-79.21014,0.00117],[-79.20275,-0.00253],[-79.19555,-0.00875],[-79.13004,-0.01691],[-79.11492,-0.02491],[-79.1137,-0.03372],[-79.13011,-0.05225],[-79.14864,-0.07625],[-79.14864,-0.08324],[-79.14196,-0.08718],[-79.12677,-0.08992],[-79.0809,-0.09265],[-79.05173,-0.10237],[-79.04232,-0.10784],[-79.03654,-0.11361],[-79.02524,-0.11937],[-79.0165,-0.11821],[-79.00541,-0.11179],[-78.98344,-0.10596],[-78.97722,-0.10246],[-78.96847,-0.10188],[-78.96109,-0.10343],[-78.94806,-0.10946],[-78.93076,-0.12093],[-78.91929,-0.13279],[-78.91132,-0.13881],[-78.90276,-0.14134],[-78.89518,-0.14231],[-78.88915,-0.14037],[-78.86349,-0.12812],[-78.8526,-0.12812],[-78.84696,-0.12987],[-78.8423,-0.1357],[-78.84074,-0.14231],[-78.84055,-0.1637],[-78.83782,-0.17945],[-78.83119,-0.18956],[-78.80537,-0.21021],[-78.77955,-0.2254],[-78.74796,-0.23877],[-78.74431,-0.25274],[-78.74735,-0.26581],[-78.77135,-0.28039],[-78.77803,-0.29193],[-78.78684,-0.30135],[-78.80476,-0.31623],[-78.81631,-0.3296],[-78.83374,-0.34257],[-78.84696,-0.34257],[-78.85649,-0.34043],[-78.87554,-0.33109],[-78.89226,-0.32973],[-78.90801,-0.32565],[-78.93231,-0.30971],[-78.94456,-0.30971],[-78.95486,-0.31243],[-78.95642,-0.32021],[-78.95312,-0.32837],[-78.94378,-0.33673],[-78.94242,-0.33841],[-78.93853,-0.33634],[-78.93153,-0.33557],[-78.92473,-0.33732],[-78.91968,-0.34101],[-78.91579,-0.34665],[-78.9084,-0.36298],[-78.91073,-0.37231],[-78.9082,-0.37989],[-78.90218,-0.38573],[-78.90082,-0.39467],[-78.89401,-0.404],[-78.87846,-0.41606],[-78.87243,-0.42267],[-78.86427,-0.45416],[-78.85902,-0.46252],[-78.84832,-0.46933],[-78.84599,-0.4771],[-78.8353,-0.48974],[-78.82869,-0.52104],[-78.82208,-0.52785],[-78.81177,-0.53368],[-78.76861,-0.54029],[-78.75092,-0.54729],[-78.7412,-0.5539],[-78.73653,-0.56031],[-78.7274,-0.57606],[-78.72623,-0.58326],[-78.72817,-0.5922],[-78.73867,-0.60736],[-78.74159,-0.61825],[-78.73906,-0.62855],[-78.72681,-0.64003],[-78.72117,-0.64741],[-78.71009,-0.65111],[-78.69551,-0.65227],[-78.67879,-0.64955],[-78.66129,-0.6443],[-78.64263,-0.63458],[-78.62513,-0.60192],[-78.61522,-0.5955],[-78.60549,-0.59298],[-78.59772,-0.59492],[-78.5913,-0.6027],[-78.57672,-0.61164],[-78.56603,-0.61339],[-78.55942,-0.6095],[-78.52209,-0.59511],[-78.50945,-0.59162],[-78.4974,-0.59317],[-78.48826,-0.59998],[-78.48554,-0.61086],[-78.49118,-0.61844],[-78.49837,-0.62175],[-78.50051,-0.63478],[-78.49137,-0.64003],[-78.48554,-0.64664],[-78.47212,-0.64975],[-78.46376,-0.65616],[-78.44802,-0.67891],[-78.4208,-0.70904],[-78.41349,-0.71095],[-78.41185,-0.71138],[-78.40291,-0.70924],[-78.40038,-0.68785],[-78.38755,-0.67269],[-78.37025,-0.66433],[-78.33759,-0.65869],[-78.33136,-0.65383],[-78.32467,-0.63533],[-78.32342,-0.61393],[-78.31872,-0.60239],[-78.28378,-0.56867],[-78.27224,-0.54042],[-78.26555,-0.53161],[-78.26221,-0.52432],[-78.26768,-0.51764],[-78.25067,-0.48088],[-78.23941,-0.46388],[-78.23649,-0.45494],[-78.2361,-0.44852],[-78.23843,-0.43764],[-78.24388,-0.4285],[-78.25438,-0.41761],[-78.25263,-0.41003],[-78.24893,-0.39914],[-78.24427,-0.39253],[-78.21394,-0.3587],[-78.20616,-0.34334],[-78.20441,-0.33323],[-78.19586,-0.31749],[-78.1924,-0.29987],[-78.18718,-0.29191],[-78.18556,-0.28258],[-78.18842,-0.26316],[-78.18808,-0.25041],[-78.18322,-0.24108],[-78.18322,-0.23214],[-78.19177,-0.2195],[-78.18497,-0.19947],[-78.18069,-0.19189],[-78.17602,-0.18761],[-78.16125,-0.18003],[-78.14278,-0.16351],[-78.13792,-0.1637],[-78.13014,-0.16642],[-78.12081,-0.17128],[-78.11245,-0.17809],[-78.10409,-0.19384],[-78.07804,-0.1847],[-78.06734,-0.18003],[-78.06035,-0.17187],[-78.05607,-0.16176],[-78.05393,-0.15145],[-78.04285,-0.1394],[-78.00999,-0.13745],[-78.00221,-0.12132],[-77.99716,-0.11626],[-77.9888,-0.11432],[-77.97908,-0.11762],[-77.9713,-0.1184],[-77.96314,-0.11354],[-77.95275,-0.10128],[-77.95014,-0.09606],[-77.93471,-0.09494],[-77.92961,-0.09058],[-77.93471,-0.0642],[-77.94131,-0.0494],[-77.91443,-0.03061],[-77.90261,-0.02563],[-77.87586,-0.0107],[-77.85782,-0.0046],[-77.84848,0.00112],[-77.84363,0.00908],[-77.84331,0.03164],[-77.84557,0.03129],[-77.85141,0.03629],[-77.85308,0.06007],[-77.856,0.0655],[-77.87895,0.08427],[-77.89188,0.08969],[-77.90898,0.08594],[-77.91566,0.08719],[-77.924,0.09178],[-77.92984,0.09929],[-77.9361,0.10388],[-77.95028,0.1118],[-77.95779,0.11806],[-77.96655,0.12056],[-77.96989,0.12474],[-77.97198,0.13266],[-77.97031,0.14226],[-77.96197,0.15602],[-77.95979,0.16925],[-77.9625,0.16847],[-77.97959,0.17274],[-78.00095,0.17461],[-78.01216,0.18022],[-78.02257,0.19063],[-78.03085,0.1925],[-78.03779,0.18209],[-78.04527,0.17595],[-78.06102,0.17515],[-78.0701,0.17862],[-78.09166,0.17942],[-78.1026,0.17498],[-78.11302,0.16797],[-78.13797,0.15823],[-78.15881,0.13961],[-78.17317,0.12799],[-78.17663,0.12682],[-78.19585,0.13216],[-78.20493,0.13296],[-78.22869,0.1335],[-78.2367,0.13136],[-78.25512,0.13136],[-78.2626,0.1335],[-78.27381,0.14231],[-78.29731,0.14872],[-78.30238,0.15672],[-78.30665,0.17221],[-78.31306,0.17808],[-78.31493,0.18423],[-78.32614,0.19437],[-78.33415,0.19704],[-78.34403,0.19544],[-78.35738,0.17381],[-78.36406,0.16821],[-78.3742,0.16527],[-78.37821,0.16794],[-78.37714,0.17408],[-78.37207,0.17835],[-78.35712,0.19838],[-78.35872,0.20745],[-78.37046,0.22454],[-78.39343,0.24697],[-78.40758,0.25845],[-78.41772,0.25818],[-78.42653,0.25338],[-78.43161,0.24777],[-78.44282,0.2427],[-78.45297,0.24243],[-78.45991,0.24937],[-78.46391,0.24991],[-78.47299,0.23442],[-78.4834,0.23068],[-78.49168,0.23549],[-78.49675,0.24029],[-78.50263,0.23976],[-78.51663,0.23205],[-78.525,0.23154],[-78.5332,0.23581],[-78.53935,0.237],[-78.54687,0.23564],[-78.56362,0.22487],[-78.5737,0.22624],[-78.58207,0.22966],[-78.58993,0.23102],[-78.61898,0.22709],[-78.62599,0.22351],[-78.63539,0.21394],[-78.64325,0.21274],[-78.64974,0.21547],[-78.65059,0.21855],[-78.65589,0.22316],[-78.67093,0.22077],[-78.68071,0.2216],[-78.68899,0.22508],[-78.6994,0.22508],[-78.71569,0.22134],[-78.7237,0.22294],[-78.74986,0.24056],[-78.76909,0.24697],[-78.7787,0.24697],[-78.8054,0.23228],[-78.81634,0.23308],[-78.82745,0.24401],[-78.83941,0.24709],[-78.85018,0.24623],[-78.87171,0.24128],[-78.87717,0.23427],[-78.90127,0.21872],[-78.90998,0.21838],[-78.92126,0.22197],[-78.92963,0.22009],[-78.9363,0.21189],[-78.94587,0.2124],[-78.95851,0.21752],[-78.96535,0.22419],[-78.97423,0.2247],[-78.99047,0.2194],[-79.00431,0.22521],[-79.00995,0.23085],[-79.01388,0.23803],[-79.01781,0.27613],[-79.03438,0.29186],[-79.04139,0.29493],[-79.05078,0.29579],[-79.05864,0.30142],[-79.06394,0.30843],[-79.07026,0.31082],[-79.08581,0.30621],[-79.09692,0.30638],[-79.12255,0.31458],[-79.13391,0.32261],[-79.14244,0.32589],[-79.15316,0.32502],[-79.16891,0.31955],[-79.17798,0.31846],[-79.18586,0.31999],[-79.19297,0.32393],[-79.20095,0.32513],[-79.21035,0.32458],[-79.22676,0.32917],[-79.23704,0.32939],[-79.25891,0.32666],[-79.27487,0.32148],[-79.27514,0.31697],[-79.27702,0.30518],[-79.28232,0.29339],[-79.29975,0.27648],[-79.31991,0.26246],[-79.337,0.2558],[-79.36195,0.2435],[-79.36263,0.23427],[-79.35597,0.2247],[-79.34127,0.21001],[-79.31802,0.19304],[-79.31322,0.18342],[-79.31482,0.17034],[-79.3239,0.16073],[-79.33111,0.14818],[-79.33378,0.1375],[-79.33431,0.12602],[-79.33912,0.11534],[-79.35807,0.08303],[-79.36273,0.08158]]]}},{"type":"Feature","properties":{"shapeName":"Manabi","shapeISO":"EC-M","shapeID":"780006B63949328087962","shapeGroup":"ECU","shapeType":"ADM1"},"geometry":{"type":"MultiPolygon","coordinates":[[[[-80.86177,-1.60041],[-80.86114,-1.59509],[-80.86254,-1.5904],[-80.86856,-1.58935],[-80.87192,-1.59061],[-80.87325,-1.59775],[-80.86548,-1.60195],[-80.86177,-1.60041]]],[[[-81.04991,-1.28881],[-81.04597,-1.2875],[-81.04498,-1.27864],[-81.0557,-1.2676],[-81.06106,-1.26453],[-81.07375,-1.26103],[-81.0814,-1.26814],[-81.0837,-1.27372],[-81.08293,-1.28006],[-81.08009,-1.28487],[-81.07593,-1.28717],[-81.04991,-1.28881]]],[[[-79.96241,0.22094],[-79.95899,0.22709],[-79.95779,0.24264],[-79.96001,0.24948],[-79.96241,0.25204],[-79.96702,0.2529],[-79.97351,0.24897],[-79.97847,0.24162],[-79.98154,0.23615],[-79.98189,0.22709],[-79.97608,0.21992],[-79.97027,0.21889],[-79.96241,0.22094]]],[[[-79.94674,0.26486],[-79.95026,0.25231],[-79.94839,0.24643],[-79.94279,0.2419],[-79.94172,0.23335],[-79.94332,0.21867],[-79.94813,0.21066],[-79.97055,0.18503],[-79.9799,0.18529],[-79.98097,0.19384],[-79.9775,0.20051],[-79.97776,0.20959],[-79.98924,0.22427],[-79.99725,0.22988],[-80.00206,0.23869],[-80.00046,0.25818],[-79.99485,0.27153],[-79.99805,0.30117],[-80.00126,0.31719],[-80.0082,0.33241],[-80.02742,0.36364],[-80.03517,0.36685],[-80.04104,0.3551],[-80.04104,0.3268],[-80.03463,0.31105],[-80.03517,0.30491],[-80.0389,0.2969],[-80.03864,0.28542],[-80.03437,0.2718],[-80.03276,0.17755],[-80.04077,0.15432],[-80.04398,0.12255],[-80.05065,0.10413],[-80.0592,0.08651],[-80.06667,0.06354],[-80.07094,0.0574],[-80.09471,0.04272],[-80.09684,0.03391],[-80.09684,0.02456],[-80.10165,0.01335],[-80.11713,-0.00454],[-80.12274,-0.01335],[-80.12755,-0.0275],[-80.13582,-0.03791],[-80.15211,-0.05046],[-80.1748,-0.07155],[-80.20951,-0.1108],[-80.24606,-0.1449],[-80.26315,-0.15703],[-80.27818,-0.16985],[-80.29698,-0.18335],[-80.30484,-0.1854],[-80.31373,-0.1842],[-80.32569,-0.17771],[-80.3303,-0.17908],[-80.35303,-0.21377],[-80.35969,-0.21872],[-80.37148,-0.22385],[-80.37784,-0.2282],[-80.38785,-0.24864],[-80.3916,-0.25948],[-80.39411,-0.27575],[-80.40579,-0.30454],[-80.41747,-0.31539],[-80.43123,-0.33207],[-80.46711,-0.36461],[-80.49131,-0.37337],[-80.49715,-0.39089],[-80.4959,-0.40383],[-80.49298,-0.41342],[-80.47712,-0.44346],[-80.45918,-0.46307],[-80.45585,-0.47058],[-80.43999,-0.54066],[-80.43958,-0.54984],[-80.43582,-0.56235],[-80.41914,-0.57612],[-80.41538,-0.58196],[-80.40668,-0.61532],[-80.40224,-0.62711],[-80.39267,-0.63873],[-80.38566,-0.64454],[-80.3778,-0.64523],[-80.37165,-0.64335],[-80.36174,-0.63361],[-80.35115,-0.63224],[-80.33098,-0.63788],[-80.31133,-0.63925],[-80.30535,-0.64352],[-80.30689,-0.65531],[-80.3098,-0.66078],[-80.3168,-0.6671],[-80.32552,-0.66778],[-80.33577,-0.66146],[-80.34175,-0.65975],[-80.37324,-0.65959],[-80.38486,-0.66512],[-80.39165,-0.66498],[-80.41044,-0.6495],[-80.42155,-0.63771],[-80.42958,-0.6225],[-80.43402,-0.60712],[-80.44308,-0.60746],[-80.45094,-0.61173],[-80.4588,-0.62267],[-80.4701,-0.64319],[-80.48345,-0.67656],[-80.48719,-0.69819],[-80.4968,-0.72115],[-80.50935,-0.74544],[-80.51376,-0.75981],[-80.51416,-0.77509],[-80.52031,-0.79611],[-80.52288,-0.81337],[-80.52903,-0.82994],[-80.53193,-0.84583],[-80.53603,-0.85899],[-80.54936,-0.88462],[-80.55586,-0.89419],[-80.57499,-0.91658],[-80.59037,-0.92973],[-80.59909,-0.93469],[-80.6131,-0.93964],[-80.62062,-0.94545],[-80.63002,-0.94921],[-80.64215,-0.94477],[-80.66094,-0.93025],[-80.66505,-0.93059],[-80.69734,-0.94785],[-80.70742,-0.95092],[-80.71665,-0.95144],[-80.72366,-0.94682],[-80.73152,-0.93896],[-80.74023,-0.93913],[-80.75288,-0.9446],[-80.75988,-0.94597],[-80.79047,-0.96237],[-80.80055,-0.96288],[-80.81695,-0.95998],[-80.82789,-0.96254],[-80.83917,-0.97809],[-80.85814,-0.99877],[-80.88172,-1.03004],[-80.88718,-1.03619],[-80.89949,-1.04388],[-80.91059,-1.06148],[-80.91128,-1.06695],[-80.90957,-1.07344],[-80.90598,-1.07857],[-80.90022,-1.09334],[-80.89809,-1.10428],[-80.88714,-1.13632],[-80.877,-1.16062],[-80.84683,-1.21375],[-80.83214,-1.22683],[-80.82173,-1.24072],[-80.81238,-1.25834],[-80.79952,-1.2749],[-80.77629,-1.30053],[-80.75083,-1.33505],[-80.7404,-1.35265],[-80.73921,-1.35931],[-80.74023,-1.367],[-80.74314,-1.37281],[-80.75134,-1.37931],[-80.76313,-1.38512],[-80.76535,-1.39264],[-80.76193,-1.40921],[-80.75441,-1.41724],[-80.7527,-1.42476],[-80.75476,-1.43006],[-80.76774,-1.43963],[-80.76945,-1.44766],[-80.76518,-1.45842],[-80.76655,-1.46919],[-80.77367,-1.47567],[-80.77741,-1.48261],[-80.78275,-1.48235],[-80.78782,-1.47968],[-80.79236,-1.48128],[-80.80144,-1.4973],[-80.81986,-1.51786],[-80.81959,-1.52346],[-80.81425,-1.53521],[-80.81612,-1.55203],[-80.81932,-1.55871],[-80.83374,-1.56378],[-80.84068,-1.57045],[-80.84857,-1.59775],[-80.84966,-1.62198],[-80.84466,-1.63283],[-80.83715,-1.63867],[-80.83089,-1.6466],[-80.81921,-1.67663],[-80.81015,-1.69405],[-80.79951,-1.68891],[-80.79076,-1.68639],[-80.7787,-1.6858],[-80.75498,-1.67705],[-80.7476,-1.67647],[-80.74079,-1.67939],[-80.73418,-1.68639],[-80.72388,-1.68755],[-80.71668,-1.68483],[-80.70988,-1.67919],[-80.69024,-1.67433],[-80.67741,-1.67666],[-80.67197,-1.68075],[-80.66458,-1.68094],[-80.64281,-1.66733],[-80.63658,-1.66558],[-80.62589,-1.66578],[-80.61053,-1.67355],[-80.58992,-1.68055],[-80.59012,-1.68619],[-80.59362,-1.6928],[-80.59012,-1.7346],[-80.58623,-1.74141],[-80.57974,-1.74794],[-80.57245,-1.76799],[-80.57518,-1.78561],[-80.57974,-1.79564],[-80.57974,-1.80627],[-80.54845,-1.86824],[-80.54116,-1.88191],[-80.52506,-1.90287],[-80.51747,-1.91624],[-80.50926,-1.92383],[-80.49711,-1.92778],[-80.48223,-1.92626],[-80.46704,-1.9296],[-80.45732,-1.93659],[-80.44972,-1.94479],[-80.44458,-1.954],[-80.43848,-1.94449],[-80.43575,-1.93507],[-80.43575,-1.92565],[-80.43818,-1.91198],[-80.43575,-1.905],[-80.4321,-1.90226],[-80.42998,-1.8974],[-80.4315,-1.89163],[-80.43757,-1.88404],[-80.4397,-1.86004],[-80.43666,-1.84242],[-80.42664,-1.83786],[-80.4157,-1.83573],[-80.41631,-1.82632],[-80.42086,-1.81933],[-80.42876,-1.8011],[-80.42238,-1.78986],[-80.40325,-1.7768],[-80.3914,-1.76374],[-80.38168,-1.74825],[-80.36831,-1.73974],[-80.35434,-1.73367],[-80.3364,-1.7136],[-80.32571,-1.69708],[-80.32201,-1.69494],[-80.31677,-1.6963],[-80.30491,-1.7066],[-80.29771,-1.70855],[-80.2876,-1.69649],[-80.28469,-1.68891],[-80.26447,-1.68716],[-80.23861,-1.68794],[-80.23044,-1.69144],[-80.22636,-1.69688],[-80.22092,-1.69747],[-80.2147,-1.69436],[-80.20925,-1.68891],[-80.2077,-1.68289],[-80.20906,-1.67686],[-80.21528,-1.67083],[-80.2285,-1.65042],[-80.22967,-1.64186],[-80.22928,-1.62048],[-80.23103,-1.61464],[-80.23705,-1.61367],[-80.25105,-1.62028],[-80.25941,-1.6197],[-80.26349,-1.61231],[-80.26816,-1.6094],[-80.2738,-1.60123],[-80.27749,-1.5919],[-80.28449,-1.58354],[-80.28799,-1.57518],[-80.28741,-1.56857],[-80.2841,-1.56585],[-80.27185,-1.57032],[-80.26213,-1.57071],[-80.25105,-1.56798],[-80.23803,-1.56954],[-80.23044,-1.5744],[-80.22159,-1.57783],[-80.21399,-1.57783],[-80.20488,-1.576],[-80.19819,-1.57145],[-80.18695,-1.55504],[-80.18483,-1.54532],[-80.18689,-1.53591],[-80.19156,-1.53007],[-80.20556,-1.52618],[-80.20828,-1.52327],[-80.20913,-1.50887],[-80.2067,-1.49186],[-80.21004,-1.48457],[-80.2067,-1.47849],[-80.20093,-1.47424],[-80.1985,-1.46604],[-80.1985,-1.4554],[-80.19607,-1.44781],[-80.19364,-1.43019],[-80.15695,-1.40506],[-80.15264,-1.39745],[-80.14915,-1.38364],[-80.15513,-1.36734],[-80.15127,-1.35589],[-80.15073,-1.34557],[-80.1425,-1.32374],[-80.13802,-1.31903],[-80.12576,-1.31645],[-80.11494,-1.31694],[-80.09503,-1.32802],[-80.08669,-1.32404],[-80.07375,-1.30438],[-80.0457,-1.28377],[-80.03507,-1.2786],[-80.03142,-1.26311],[-80.02291,-1.25339],[-80.01532,-1.24883],[-80.00621,-1.23577],[-80.00135,-1.21633],[-80.00043,-1.19324],[-79.99163,-1.18656],[-79.99011,-1.17654],[-79.99892,-1.16499],[-80.00469,-1.15254],[-80.00195,-1.14069],[-79.99618,-1.13826],[-79.98737,-1.13704],[-79.97461,-1.13978],[-79.96277,-1.14282],[-79.94697,-1.15345],[-79.93786,-1.15497],[-79.92601,-1.14859],[-79.88409,-1.11396],[-79.84915,-1.08965],[-79.84277,-1.08024],[-79.83882,-1.06323],[-79.83396,-1.05411],[-79.82485,-1.05077],[-79.81452,-1.04348],[-79.80693,-1.03285],[-79.80457,-1.02383],[-79.80315,-1.00484],[-79.79888,-0.98918],[-79.79223,-0.98396],[-79.78226,-0.97921],[-79.77752,-0.97067],[-79.7742,-0.95643],[-79.76803,-0.94551],[-79.75853,-0.93554],[-79.73717,-0.8952],[-79.73005,-0.88855],[-79.71297,-0.88903],[-79.6992,-0.90184],[-79.68638,-0.90279],[-79.67879,-0.89852],[-79.65458,-0.90327],[-79.64461,-0.88808],[-79.63322,-0.88048],[-79.61614,-0.86482],[-79.60997,-0.85629],[-79.60997,-0.85628],[-79.60886,-0.84724],[-79.59975,-0.82385],[-79.60005,-0.81565],[-79.6037,-0.81018],[-79.60491,-0.80258],[-79.60005,-0.79438],[-79.59793,-0.78284],[-79.59914,-0.76704],[-79.60127,-0.76097],[-79.59914,-0.7479],[-79.59216,-0.74335],[-79.58228,-0.71775],[-79.58015,-0.71534],[-79.57654,-0.71334],[-79.57268,-0.71359],[-79.55538,-0.72093],[-79.55103,-0.72069],[-79.53851,-0.71604],[-79.53462,-0.71099],[-79.53462,-0.70379],[-79.53656,-0.69835],[-79.54026,-0.69349],[-79.54337,-0.68319],[-79.54415,-0.67308],[-79.54298,-0.66569],[-79.53929,-0.66141],[-79.52548,-0.65188],[-79.51868,-0.6445],[-79.50345,-0.61424],[-79.49707,-0.60968],[-79.49009,-0.60209],[-79.48766,-0.59237],[-79.49252,-0.58143],[-79.49738,-0.57445],[-79.49738,-0.56594],[-79.49404,-0.5547],[-79.48614,-0.54954],[-79.4686,-0.54761],[-79.46891,-0.5467],[-79.47591,-0.54165],[-79.47688,-0.53484],[-79.47455,-0.52707],[-79.46424,-0.50957],[-79.4588,-0.4821],[-79.46184,-0.47815],[-79.46427,-0.46964],[-79.46123,-0.46357],[-79.44239,-0.44473],[-79.43389,-0.43288],[-79.40503,-0.40251],[-79.40207,-0.39017],[-79.40064,-0.3783],[-79.40871,-0.32039],[-79.41078,-0.18995],[-79.41777,-0.18081],[-79.4273,-0.17595],[-79.45211,-0.17619],[-79.49768,-0.16829],[-79.51196,-0.16404],[-79.51986,-0.15614],[-79.52958,-0.13883],[-79.54355,-0.12273],[-79.54811,-0.10723],[-79.5551,-0.09812],[-79.57409,-0.08418],[-79.58478,-0.07174],[-79.59392,-0.06688],[-79.60189,-0.05794],[-79.61005,-0.05249],[-79.61453,-0.04297],[-79.6153,-0.03577],[-79.61317,-0.02955],[-79.60811,-0.02158],[-79.60792,-0.014],[-79.61083,-0.00719],[-79.61647,-0.00253],[-79.61978,0.00369],[-79.62405,0.01792],[-79.62527,0.0243],[-79.62284,0.03007],[-79.62709,0.04374],[-79.62588,0.05286],[-79.60886,0.06896],[-79.60552,0.07929],[-79.59641,0.09356],[-79.58487,0.10602],[-79.57468,0.12654],[-79.57514,0.12655],[-79.57888,0.12388],[-79.58929,0.12202],[-79.60077,0.13083],[-79.60851,0.13456],[-79.62079,0.14685],[-79.62533,0.15325],[-79.63628,0.16126],[-79.64375,0.16046],[-79.64803,0.15726],[-79.65443,0.15539],[-79.65871,0.15753],[-79.66111,0.1618],[-79.66244,0.17328],[-79.66698,0.17782],[-79.67392,0.17835],[-79.68808,0.17435],[-79.69689,0.17568],[-79.70223,0.18049],[-79.7081,0.18289],[-79.71317,0.19117],[-79.71237,0.20158],[-79.71019,0.20915],[-79.7037,0.21975],[-79.69311,0.22949],[-79.68883,0.23581],[-79.68029,0.24213],[-79.67619,0.24777],[-79.67516,0.257],[-79.67687,0.26332],[-79.68166,0.26964],[-79.6943,0.27904],[-79.70267,0.28007],[-79.71686,0.2734],[-79.72626,0.27699],[-79.73036,0.28126],[-79.7295,0.28639],[-79.72626,0.28889],[-79.72439,0.29449],[-79.71958,0.29903],[-79.71798,0.31105],[-79.72118,0.31879],[-79.72732,0.3236],[-79.77031,0.3017],[-79.78099,0.29796],[-79.7906,0.29796],[-79.79888,0.30224],[-79.81223,0.31585],[-79.83198,0.32894],[-79.84266,0.3308],[-79.85041,0.32733],[-79.85708,0.32119],[-79.86509,0.31745],[-79.89046,0.32413],[-79.895,0.32173],[-79.90114,0.31505],[-79.90114,0.30864],[-79.90594,0.29957],[-79.91796,0.28034],[-79.92303,0.2758],[-79.92677,0.26859],[-79.9265,0.26512],[-79.93237,0.25845],[-79.93665,0.26299],[-79.94118,0.26486],[-79.94674,0.26486]]],[[[-80.00212,0.36898],[-79.99305,0.37893],[-79.99272,0.38604],[-79.99633,0.39096],[-80.00136,0.39435],[-80.01558,0.3972],[-80.03624,0.4054],[-80.03821,0.40201],[-80.03471,0.38593],[-80.0299,0.38003],[-80.01208,0.368],[-80.00726,0.3669],[-80.00212,0.36898]]]]}},{"type":"Feature","properties":{"shapeName":"Azuay","shapeISO":"EC-A","shapeID":"780006B24339224838979","shapeGroup":"ECU","shapeType":"ADM1"},"geometry":{"type":"Polygon","coordinates":[[[-79.09775,-3.62539],[-79.06344,-3.61936],[-79.05489,-3.61265],[-79.04976,-3.60394],[-79.04805,-3.59351],[-79.03985,-3.58377],[-79.04634,-3.56737],[-79.05301,-3.53405],[-79.05899,-3.52704],[-79.06445,-3.51337],[-79.05916,-3.50278],[-79.05044,-3.49816],[-79.03934,-3.48979],[-79.03558,-3.4768],[-79.04019,-3.46296],[-79.05574,-3.43409],[-79.05403,-3.42503],[-79.04327,-3.40948],[-79.02755,-3.39154],[-78.99923,-3.36919],[-78.97253,-3.35343],[-78.95037,-3.34409],[-78.94531,-3.34368],[-78.94507,-3.31451],[-78.94208,-3.30306],[-78.9325,-3.2829],[-78.92951,-3.27954],[-78.90704,-3.26817],[-78.89304,-3.2569],[-78.86777,-3.24368],[-78.86135,-3.23259],[-78.85085,-3.22676],[-78.8458,-3.22948],[-78.84327,-3.23571],[-78.83335,-3.23823],[-78.82422,-3.23357],[-78.79991,-3.20324],[-78.783,-3.18457],[-78.76142,-3.13597],[-78.75461,-3.12994],[-78.73984,-3.12411],[-78.71981,-3.12042],[-78.69998,-3.11458],[-78.69279,-3.10914],[-78.68521,-3.09631],[-78.6784,-3.07064],[-78.67024,-3.06131],[-78.67063,-3.03118],[-78.66888,-3.02573],[-78.66071,-3.01776],[-78.65677,-2.99995],[-78.65167,-2.99187],[-78.63425,-2.97569],[-78.63337,-2.96698],[-78.63537,-2.95815],[-78.63387,-2.94906],[-78.62964,-2.94048],[-78.62603,-2.91348],[-78.62067,-2.91172],[-78.58999,-2.86646],[-78.57571,-2.85279],[-78.57116,-2.84063],[-78.57571,-2.82666],[-78.60336,-2.79902],[-78.60974,-2.78565],[-78.60852,-2.77411],[-78.59394,-2.75861],[-78.59151,-2.74798],[-78.5808,-2.72302],[-78.57089,-2.70669],[-78.56408,-2.69969],[-78.53803,-2.69172],[-78.52151,-2.68939],[-78.51159,-2.68122],[-78.50051,-2.6647],[-78.4904,-2.65692],[-78.47971,-2.65595],[-78.46901,-2.66081],[-78.44471,-2.65187],[-78.43246,-2.6402],[-78.42352,-2.62776],[-78.42449,-2.61882],[-78.42877,-2.60968],[-78.44102,-2.59529],[-78.45074,-2.59063],[-78.47329,-2.57604],[-78.48554,-2.57235],[-78.49623,-2.57196],[-78.50401,-2.57604],[-78.51703,-2.58985],[-78.52034,-2.60715],[-78.52364,-2.61648],[-78.52909,-2.6227],[-78.53764,-2.62232],[-78.54542,-2.61979],[-78.55806,-2.60948],[-78.56292,-2.60073],[-78.56467,-2.59218],[-78.56136,-2.58207],[-78.56117,-2.57352],[-78.5635,-2.5638],[-78.56681,-2.56263],[-78.5684,-2.56433],[-78.57264,-2.56885],[-78.57789,-2.57488],[-78.60258,-2.58499],[-78.62163,-2.60015],[-78.62105,-2.60773],[-78.61502,-2.61901],[-78.61444,-2.63456],[-78.62163,-2.64059],[-78.6392,-2.64196],[-78.65287,-2.64956],[-78.65804,-2.65776],[-78.66077,-2.67295],[-78.66745,-2.67842],[-78.67839,-2.67568],[-78.6872,-2.67113],[-78.70087,-2.68419],[-78.71545,-2.68844],[-78.73125,-2.68419],[-78.74127,-2.67872],[-78.76163,-2.67143],[-78.7753,-2.67356],[-78.77985,-2.68115],[-78.78319,-2.70393],[-78.78957,-2.70819],[-78.79626,-2.71548],[-78.79504,-2.7249],[-78.79048,-2.72976],[-78.78805,-2.73644],[-78.78836,-2.74859],[-78.79097,-2.75919],[-78.81644,-2.78446],[-78.82033,-2.79379],[-78.81838,-2.80293],[-78.81372,-2.81168],[-78.81624,-2.81868],[-78.82499,-2.82276],[-78.83491,-2.82043],[-78.84171,-2.82043],[-78.87601,-2.82675],[-78.88484,-2.8326],[-78.905,-2.84118],[-78.91408,-2.83982],[-78.93001,-2.83185],[-78.94183,-2.82202],[-78.94382,-2.8112],[-78.94096,-2.79938],[-78.94059,-2.79116],[-78.94519,-2.77623],[-78.94806,-2.77241],[-78.96497,-2.76113],[-78.97411,-2.75238],[-78.99414,-2.73741],[-79.00386,-2.7275],[-79.01183,-2.71836],[-79.02233,-2.69133],[-79.03322,-2.68706],[-79.04177,-2.6855],[-79.04702,-2.68881],[-79.07268,-2.72575],[-79.08124,-2.73197],[-79.08629,-2.73177],[-79.11118,-2.72322],[-79.1242,-2.71719],[-79.13606,-2.71855],[-79.1419,-2.72477],[-79.14637,-2.73333],[-79.15181,-2.73799],[-79.16367,-2.73372],[-79.18097,-2.72205],[-79.19011,-2.72205],[-79.20722,-2.72594],[-79.2185,-2.71875],[-79.23113,-2.70455],[-79.2416,-2.68237],[-79.23734,-2.67629],[-79.23491,-2.66748],[-79.24585,-2.64652],[-79.24797,-2.63832],[-79.24403,-2.60855],[-79.24433,-2.60065],[-79.24797,-2.58971],[-79.25496,-2.57787],[-79.26043,-2.57361],[-79.27167,-2.56815],[-79.2981,-2.56845],[-79.32483,-2.5642],[-79.34458,-2.56966],[-79.35642,-2.56723],[-79.35675,-2.56743],[-79.36159,-2.57027],[-79.36949,-2.58819],[-79.37404,-2.59427],[-79.37691,-2.62769],[-79.3845,-2.63243],[-79.3959,-2.62816],[-79.41251,-2.61677],[-79.41915,-2.6106],[-79.43055,-2.60443],[-79.43529,-2.6068],[-79.43909,-2.62484],[-79.44289,-2.63386],[-79.44289,-2.6443],[-79.44146,-2.65617],[-79.43387,-2.67135],[-79.43482,-2.68037],[-79.44289,-2.68892],[-79.45428,-2.68797],[-79.4595,-2.6818],[-79.46994,-2.66139],[-79.47849,-2.63765],[-79.48276,-2.63243],[-79.4894,-2.62911],[-79.49557,-2.62911],[-79.50032,-2.63528],[-79.50269,-2.65664],[-79.51646,-2.67942],[-79.52263,-2.68464],[-79.53355,-2.68797],[-79.53544,-2.68987],[-79.53165,-2.69983],[-79.51883,-2.71075],[-79.51883,-2.72024],[-79.52738,-2.72594],[-79.53355,-2.72736],[-79.53877,-2.73686],[-79.54019,-2.75537],[-79.52975,-2.79144],[-79.52938,-2.81543],[-79.52254,-2.81991],[-79.50947,-2.82538],[-79.50449,-2.83857],[-79.50524,-2.85549],[-79.50848,-2.86346],[-79.51793,-2.86769],[-79.53137,-2.86943],[-79.53987,-2.87739],[-79.5667,-2.88925],[-79.57934,-2.89275],[-79.60092,-2.9153],[-79.60519,-2.92114],[-79.60442,-2.92872],[-79.59547,-2.93241],[-79.59528,-2.94116],[-79.59664,-2.94758],[-79.60364,-2.95108],[-79.6085,-2.95633],[-79.60364,-2.97169],[-79.60286,-2.97946],[-79.60976,-2.98801],[-79.61946,-2.99249],[-79.63402,-2.99498],[-79.64895,-2.98876],[-79.6614,-2.97544],[-79.66774,-2.97544],[-79.67123,-2.97893],[-79.67633,-2.98129],[-79.68815,-2.97768],[-79.69823,-2.97917],[-79.71403,-2.9839],[-79.71876,-2.98788],[-79.71901,-2.99585],[-79.71179,-3.01115],[-79.71726,-3.01563],[-79.73692,-3.01762],[-79.74476,-3.01999],[-79.74837,-3.02459],[-79.74887,-3.03703],[-79.74539,-3.0501],[-79.74912,-3.05707],[-79.76036,-3.07086],[-79.75941,-3.07132],[-79.7553,-3.07764],[-79.74232,-3.08994],[-79.72335,-3.1019],[-79.68507,-3.11455],[-79.66747,-3.12634],[-79.63825,-3.13881],[-79.61126,-3.14462],[-79.59947,-3.15094],[-79.59297,-3.15607],[-79.59075,-3.16222],[-79.59116,-3.17321],[-79.59596,-3.18443],[-79.5981,-3.19404],[-79.59623,-3.20472],[-79.59943,-3.2186],[-79.61973,-3.23542],[-79.62533,-3.2461],[-79.62774,-3.27093],[-79.63922,-3.29176],[-79.64642,-3.29923],[-79.65283,-3.31525],[-79.65283,-3.323],[-79.64803,-3.32807],[-79.63868,-3.32994],[-79.6232,-3.32673],[-79.61305,-3.33127],[-79.60424,-3.33101],[-79.59516,-3.32807],[-79.58288,-3.32727],[-79.5738,-3.3238],[-79.56633,-3.31846],[-79.53642,-3.31926],[-79.51426,-3.31418],[-79.49504,-3.31979],[-79.47261,-3.32086],[-79.4654,-3.32513],[-79.46104,-3.33784],[-79.45419,-3.33581],[-79.44698,-3.33634],[-79.44137,-3.33982],[-79.43123,-3.34329],[-79.40293,-3.34649],[-79.38798,-3.35263],[-79.37676,-3.3529],[-79.35754,-3.34729],[-79.33831,-3.34489],[-79.31696,-3.35503],[-79.30761,-3.36198],[-79.30387,-3.36598],[-79.3004,-3.38414],[-79.30494,-3.39321],[-79.30414,-3.40042],[-79.29773,-3.40923],[-79.30147,-3.41644],[-79.30351,-3.42674],[-79.29736,-3.44895],[-79.29428,-3.45732],[-79.28591,-3.47168],[-79.28095,-3.47629],[-79.26626,-3.48227],[-79.26079,-3.48296],[-79.25225,-3.48125],[-79.20919,-3.4575],[-79.20115,-3.45134],[-79.188,-3.44553],[-79.18082,-3.44639],[-79.17672,-3.45288],[-79.17569,-3.46023],[-79.15809,-3.4833],[-79.15809,-3.49147],[-79.16023,-3.49788],[-79.13807,-3.52751],[-79.137,-3.54407],[-79.14074,-3.56542],[-79.13994,-3.57317],[-79.13326,-3.59266],[-79.12419,-3.60441],[-79.09775,-3.62496],[-79.09775,-3.62539]]]}},{"type":"Feature","properties":{"shapeName":"Cañar","shapeISO":"EC-F","shapeID":"780006B5869423141371","shapeGroup":"ECU","shapeType":"ADM1"},"geometry":{"type":"Polygon","coordinates":[[[-78.5684,-2.56433],[-78.57089,-2.55386],[-78.57186,-2.5498],[-78.57633,-2.54124],[-78.58158,-2.53735],[-78.59811,-2.53094],[-78.60472,-2.52647],[-78.61133,-2.52083],[-78.6158,-2.51383],[-78.62941,-2.50197],[-78.64671,-2.49342],[-78.6574,-2.47864],[-78.66479,-2.45998],[-78.66946,-2.4522],[-78.69804,-2.44403],[-78.71273,-2.42572],[-78.71719,-2.4223],[-78.72643,-2.42604],[-78.73081,-2.4317],[-78.7359,-2.4344],[-78.74664,-2.43373],[-78.7517,-2.42751],[-78.76161,-2.4279],[-78.77386,-2.43451],[-78.77969,-2.43334],[-78.78592,-2.42751],[-78.7933,-2.41468],[-78.7935,-2.40632],[-78.79136,-2.40107],[-78.79291,-2.39485],[-78.79719,-2.38649],[-78.80477,-2.38046],[-78.81702,-2.37949],[-78.8246,-2.38201],[-78.83605,-2.39256],[-78.85944,-2.39712],[-78.87342,-2.39651],[-78.88466,-2.39894],[-78.89529,-2.40775],[-78.90167,-2.40988],[-78.90835,-2.40927],[-78.91929,-2.40319],[-78.92597,-2.40167],[-78.93478,-2.39712],[-78.94085,-2.39165],[-78.9688,-2.38163],[-78.98156,-2.37828],[-79.00191,-2.37828],[-79.00829,-2.37555],[-79.03138,-2.35246],[-79.04201,-2.33849],[-79.04797,-2.32531],[-79.05979,-2.31224],[-79.06974,-2.29544],[-79.0859,-2.28422],[-79.09193,-2.27586],[-79.09543,-2.26692],[-79.1069,-2.25428],[-79.11701,-2.24845],[-79.13256,-2.2362],[-79.13695,-2.2362],[-79.13976,-2.2362],[-79.1693,-2.28259],[-79.17142,-2.29201],[-79.17841,-2.29991],[-79.19147,-2.30629],[-79.20119,-2.31874],[-79.2021,-2.3236],[-79.19937,-2.33029],[-79.20089,-2.33667],[-79.20909,-2.34426],[-79.22276,-2.3473],[-79.22783,-2.35207],[-79.24377,-2.38124],[-79.26435,-2.40021],[-79.27206,-2.40394],[-79.31571,-2.3964],[-79.32407,-2.39348],[-79.34526,-2.37307],[-79.35459,-2.36743],[-79.389,-2.35868],[-79.39658,-2.35266],[-79.40164,-2.34605],[-79.40805,-2.34158],[-79.41603,-2.34216],[-79.41952,-2.34644],[-79.42458,-2.36296],[-79.43255,-2.37327],[-79.43391,-2.38221],[-79.42322,-2.39601],[-79.42011,-2.40359],[-79.42069,-2.41157],[-79.4273,-2.42109],[-79.45044,-2.43412],[-79.46735,-2.45181],[-79.49651,-2.47786],[-79.50954,-2.48525],[-79.52218,-2.49555],[-79.52276,-2.50683],[-79.52023,-2.51752],[-79.50021,-2.53074],[-79.48621,-2.52783],[-79.46327,-2.50489],[-79.45335,-2.50041],[-79.43041,-2.4975],[-79.39931,-2.49886],[-79.38881,-2.50469],[-79.38161,-2.51305],[-79.37714,-2.54319],[-79.36277,-2.56545],[-79.35675,-2.56743],[-79.35642,-2.56723],[-79.34458,-2.56966],[-79.32483,-2.5642],[-79.2981,-2.56845],[-79.27167,-2.56815],[-79.26043,-2.57361],[-79.25496,-2.57787],[-79.24797,-2.58971],[-79.24433,-2.60065],[-79.24403,-2.60855],[-79.24797,-2.63832],[-79.24585,-2.64652],[-79.23491,-2.66748],[-79.23734,-2.67629],[-79.2416,-2.68237],[-79.23113,-2.70455],[-79.2185,-2.71875],[-79.20722,-2.72594],[-79.19011,-2.72205],[-79.18097,-2.72205],[-79.16367,-2.73372],[-79.15181,-2.73799],[-79.14637,-2.73333],[-79.1419,-2.72477],[-79.13606,-2.71855],[-79.1242,-2.71719],[-79.11118,-2.72322],[-79.08629,-2.73177],[-79.08124,-2.73197],[-79.07268,-2.72575],[-79.04702,-2.68881],[-79.04177,-2.6855],[-79.03322,-2.68706],[-79.02233,-2.69133],[-79.01183,-2.71836],[-79.00386,-2.7275],[-78.99414,-2.73741],[-78.97411,-2.75238],[-78.96497,-2.76113],[-78.94806,-2.77241],[-78.94519,-2.77623],[-78.94059,-2.79116],[-78.94096,-2.79938],[-78.94382,-2.8112],[-78.94183,-2.82202],[-78.93001,-2.83185],[-78.91408,-2.83982],[-78.905,-2.84118],[-78.88484,-2.8326],[-78.87601,-2.82675],[-78.84171,-2.82043],[-78.83491,-2.82043],[-78.82499,-2.82276],[-78.81624,-2.81868],[-78.81372,-2.81168],[-78.81838,-2.80293],[-78.82033,-2.79379],[-78.81644,-2.78446],[-78.79097,-2.75919],[-78.78836,-2.74859],[-78.78805,-2.73644],[-78.79048,-2.72976],[-78.79504,-2.7249],[-78.79626,-2.71548],[-78.78957,-2.70819],[-78.78319,-2.70393],[-78.77985,-2.68115],[-78.7753,-2.67356],[-78.76163,-2.67143],[-78.74127,-2.67872],[-78.73125,-2.68419],[-78.71545,-2.68844],[-78.70087,-2.68419],[-78.6872,-2.67113],[-78.67839,-2.67568],[-78.66745,-2.67842],[-78.66077,-2.67295],[-78.65804,-2.65776],[-78.65287,-2.64956],[-78.6392,-2.64196],[-78.62163,-2.64059],[-78.61444,-2.63456],[-78.61502,-2.61901],[-78.62105,-2.60773],[-78.62163,-2.60015],[-78.60258,-2.58499],[-78.57789,-2.57488],[-78.57264,-2.56885],[-78.5684,-2.56433]]]}},{"type":"Feature","properties":{"shapeName":"Guayas","shapeISO":"EC-G","shapeID":"780006B56468316684184","shapeGroup":"ECU","shapeType":"ADM1"},"geometry":{"type":"MultiPolygon","coordinates":[[[[-80.43112,-3.1919],[-80.42337,-3.18095],[-80.42444,-3.16494],[-80.42845,-3.1628],[-80.44553,-3.18202],[-80.44607,-3.19297],[-80.44019,-3.19564],[-80.43112,-3.1919]]],[[[-80.09278,-2.93838],[-80.08185,-2.93017],[-80.08151,-2.92283],[-80.08526,-2.91787],[-80.09107,-2.91343],[-80.09791,-2.91138],[-80.1056,-2.91804],[-80.10816,-2.92248],[-80.10902,-2.92949],[-80.10628,-2.93889],[-80.10047,-2.94094],[-80.09278,-2.93838]]],[[[-80.06391,-2.92681],[-80.06129,-2.92156],[-80.06249,-2.91391],[-80.06949,-2.90702],[-80.07233,-2.90177],[-80.07758,-2.8998],[-80.08546,-2.90177],[-80.08841,-2.90527],[-80.08732,-2.91095],[-80.08054,-2.91927],[-80.07277,-2.92648],[-80.06872,-2.92823],[-80.06391,-2.92681]]],[[[-80.11739,-2.88352],[-80.1068,-2.8772],[-80.10269,-2.87105],[-80.09808,-2.8555],[-80.10184,-2.85072],[-80.10833,-2.85003],[-80.12508,-2.85379],[-80.13157,-2.85892],[-80.13602,-2.86473],[-80.13772,-2.87003],[-80.13396,-2.88011],[-80.12628,-2.88387],[-80.11739,-2.88352]]],[[[-80.04306,-2.89087],[-80.03845,-2.88318],[-80.03571,-2.87447],[-80.03571,-2.86815],[-80.03896,-2.86302],[-80.05587,-2.85618],[-80.07228,-2.84525],[-80.08749,-2.84542],[-80.0933,-2.86678],[-80.10201,-2.87942],[-80.10235,-2.88677],[-80.09688,-2.896],[-80.08612,-2.896],[-80.07997,-2.89104],[-80.07535,-2.89224],[-80.06459,-2.90711],[-80.05998,-2.90916],[-80.05297,-2.90916],[-80.04306,-2.89087]]],[[[-79.92789,-2.79179],[-79.91284,-2.77898],[-79.90578,-2.769],[-79.90151,-2.76146],[-79.89779,-2.74998],[-79.899,-2.74538],[-79.94225,-2.72013],[-79.95213,-2.71559],[-79.96468,-2.71318],[-79.97696,-2.70758],[-79.99805,-2.68969],[-80.01888,-2.67928],[-80.03597,-2.67287],[-80.0487,-2.68001],[-80.06425,-2.68651],[-80.08048,-2.68873],[-80.09586,-2.69334],[-80.12081,-2.70547],[-80.13909,-2.71658],[-80.17241,-2.72393],[-80.21376,-2.74494],[-80.2153,-2.75195],[-80.21017,-2.76203],[-80.21154,-2.77263],[-80.23444,-2.80663],[-80.23755,-2.82051],[-80.25944,-2.8611],[-80.26051,-2.87071],[-80.25544,-2.8878],[-80.25409,-2.96999],[-80.25597,-2.98178],[-80.2587,-2.98622],[-80.26041,-3.00519],[-80.24896,-3.03031],[-80.22009,-3.03526],[-80.21017,-3.0397],[-80.19643,-3.03972],[-80.18815,-3.03758],[-80.17053,-3.0261],[-80.16694,-3.01715],[-80.16353,-3.01254],[-80.15481,-3.01066],[-80.14473,-3.01476],[-80.13533,-3.0221],[-80.12952,-3.02176],[-80.12525,-3.01937],[-80.11978,-3.01219],[-80.11126,-2.99219],[-80.09577,-2.97484],[-80.0931,-2.96416],[-80.09364,-2.95294],[-80.1142,-2.93826],[-80.11767,-2.93158],[-80.12007,-2.91316],[-80.1433,-2.88566],[-80.15104,-2.87845],[-80.15184,-2.86937],[-80.15024,-2.86083],[-80.1409,-2.84428],[-80.13128,-2.8392],[-80.11633,-2.83974],[-80.10859,-2.84294],[-80.10191,-2.84374],[-80.09524,-2.84],[-80.08536,-2.83894],[-80.05012,-2.85095],[-80.04024,-2.85656],[-80.03223,-2.85683],[-80.02475,-2.85522],[-80.01327,-2.84561],[-80.0042,-2.82692],[-79.99966,-2.82051],[-79.96949,-2.79675],[-79.96094,-2.79408],[-79.93629,-2.79473],[-79.92789,-2.79179]]],[[[-79.90239,-2.67561],[-79.90359,-2.66949],[-79.90665,-2.66719],[-79.91135,-2.66577],[-79.9189,-2.6696],[-79.91879,-2.67583],[-79.91332,-2.67977],[-79.90578,-2.68009],[-79.90239,-2.67561]]],[[[-80.17361,-2.66497],[-80.17104,-2.66019],[-80.17258,-2.6566],[-80.17617,-2.65489],[-80.18523,-2.66019],[-80.18489,-2.66549],[-80.17959,-2.66634],[-80.17361,-2.66497]]],[[[-80.18318,-2.65353],[-80.18198,-2.64464],[-80.19035,-2.64362],[-80.19531,-2.64772],[-80.19633,-2.65113],[-80.19343,-2.65609],[-80.18916,-2.65626],[-80.18318,-2.65353]]],[[[-79.95293,-2.65898],[-79.93932,-2.65525],[-79.93504,-2.64617],[-79.93932,-2.63869],[-79.94412,-2.62214],[-79.94839,-2.61974],[-79.95507,-2.6208],[-79.96922,-2.62748],[-79.98364,-2.63762],[-79.99085,-2.64563],[-79.99058,-2.65338],[-79.97082,-2.65898],[-79.95293,-2.65898]]],[[[-79.99485,-2.62641],[-79.97429,-2.61867],[-79.97563,-2.61173],[-79.98604,-2.60292],[-79.99645,-2.60372],[-80.00553,-2.60719],[-80.01354,-2.61359],[-80.01648,-2.62],[-80.01461,-2.63122],[-80.00767,-2.63335],[-79.99485,-2.62641]]],[[[-79.73026,-2.61893],[-79.72679,-2.61146],[-79.72786,-2.59143],[-79.72492,-2.56741],[-79.72759,-2.54765],[-79.73053,-2.53697],[-79.73453,-2.53189],[-79.74948,-2.53296],[-79.77618,-2.54204],[-79.78446,-2.54872],[-79.7874,-2.55806],[-79.78846,-2.56927],[-79.79167,-2.57648],[-79.79033,-2.59464],[-79.80288,-2.61279],[-79.80368,-2.62054],[-79.80101,-2.63042],[-79.79674,-2.63335],[-79.7898,-2.63228],[-79.77351,-2.62321],[-79.7663,-2.62454],[-79.75883,-2.63095],[-79.74868,-2.63175],[-79.73613,-2.62534],[-79.73026,-2.61893]]],[[[-79.93932,-2.57808],[-79.94466,-2.5626],[-79.95133,-2.55165],[-79.96361,-2.54418],[-79.97589,-2.5399],[-79.9823,-2.53216],[-79.9815,-2.50253],[-79.99031,-2.49959],[-79.99912,-2.50119],[-80.005,-2.50733],[-80.02128,-2.54151],[-80.03517,-2.55913],[-80.0632,-2.57969],[-80.06133,-2.58823],[-80.05679,-2.59224],[-80.0389,-2.5941],[-80.02529,-2.59384],[-80.0106,-2.58983],[-79.99912,-2.57862],[-79.99271,-2.57835],[-79.9799,-2.59384],[-79.95934,-2.59864],[-79.94786,-2.59944],[-79.93932,-2.59117],[-79.93932,-2.57808]]],[[[-79.84501,-2.66634],[-79.84074,-2.65848],[-79.83886,-2.64994],[-79.83527,-2.61696],[-79.82536,-2.58415],[-79.82104,-2.55272],[-79.82478,-2.51935],[-79.82985,-2.50973],[-79.83279,-2.48597],[-79.84051,-2.47719],[-79.85117,-2.48829],[-79.85595,-2.49905],[-79.85783,-2.52127],[-79.86364,-2.54058],[-79.86911,-2.57168],[-79.8768,-2.58808],[-79.87748,-2.59594],[-79.8744,-2.61012],[-79.88807,-2.64174],[-79.88893,-2.6496],[-79.88295,-2.6537],[-79.87509,-2.65626],[-79.86296,-2.65797],[-79.85441,-2.66668],[-79.84792,-2.66754],[-79.84501,-2.66634]]],[[[-79.7917,-2.52559],[-79.79212,-2.51307],[-79.8038,-2.48929],[-79.81214,-2.44215],[-79.82424,-2.41796],[-79.83342,-2.42129],[-79.83717,-2.42713],[-79.84051,-2.43464],[-79.84176,-2.44257],[-79.84051,-2.453],[-79.8305,-2.4701],[-79.81465,-2.50264],[-79.80463,-2.52851],[-79.79838,-2.53477],[-79.7917,-2.52559]]],[[[-79.85988,-2.42831],[-79.85885,-2.3709],[-79.85158,-2.35971],[-79.84949,-2.3413],[-79.84961,-2.29187],[-79.85201,-2.28653],[-79.85815,-2.27879],[-79.86162,-2.27558],[-79.86643,-2.27558],[-79.87711,-2.28733],[-79.89019,-2.29027],[-79.90114,-2.29614],[-79.91368,-2.31883],[-79.92103,-2.32367],[-79.93813,-2.32659],[-79.95482,-2.3412],[-79.96984,-2.36456],[-79.99862,-2.37707],[-80.0053,-2.38959],[-79.99946,-2.40294],[-80.00196,-2.41462],[-80.00655,-2.42129],[-80.0249,-2.43756],[-80.02782,-2.45884],[-80.03241,-2.46885],[-80.03575,-2.48137],[-80.03533,-2.49305],[-80.02949,-2.50348],[-80.0199,-2.50223],[-80.00488,-2.48721],[-79.99695,-2.47344],[-79.98986,-2.46802],[-79.98152,-2.47135],[-79.9524,-2.50092],[-79.94385,-2.49852],[-79.93584,-2.47449],[-79.9297,-2.46648],[-79.92196,-2.46141],[-79.91208,-2.46194],[-79.90915,-2.46354],[-79.90194,-2.45794],[-79.89473,-2.44619],[-79.88939,-2.44032],[-79.87924,-2.43978],[-79.87657,-2.4574],[-79.87924,-2.47422],[-79.88485,-2.48757],[-79.88966,-2.49478],[-79.91048,-2.49612],[-79.92276,-2.49932],[-79.94279,-2.5068],[-79.95373,-2.51347],[-79.97136,-2.51881],[-79.97723,-2.52389],[-79.97723,-2.52869],[-79.97082,-2.5367],[-79.95961,-2.54124],[-79.94519,-2.55058],[-79.93665,-2.56901],[-79.93398,-2.5941],[-79.93051,-2.59784],[-79.9225,-2.59384],[-79.90514,-2.57782],[-79.89259,-2.55886],[-79.88565,-2.54524],[-79.88058,-2.53136],[-79.88058,-2.51855],[-79.87524,-2.49131],[-79.8707,-2.47689],[-79.86911,-2.45702],[-79.86654,-2.44933],[-79.86073,-2.44147],[-79.85988,-2.42831]]],[[[-79.94145,-2.30655],[-79.93211,-2.29641],[-79.92623,-2.28626],[-79.9233,-2.26597],[-79.92303,-2.25235],[-79.92917,-2.24488],[-79.93638,-2.2398],[-79.95106,-2.2382],[-79.95854,-2.24274],[-79.97055,-2.25983],[-79.97322,-2.26757],[-79.97402,-2.27558],[-79.96708,-2.29107],[-79.96041,-2.29694],[-79.95934,-2.30602],[-79.95186,-2.31002],[-79.94145,-2.30655]]],[[[-79.83544,-2.2453],[-79.83374,-2.23625],[-79.83459,-2.22104],[-79.8416,-2.20634],[-79.84621,-2.19934],[-79.85253,-2.19336],[-79.86091,-2.19712],[-79.86689,-2.20173],[-79.87577,-2.21814],[-79.87509,-2.226],[-79.86825,-2.23488],[-79.85082,-2.24906],[-79.84228,-2.25146],[-79.83544,-2.2453]]],[[[-79.76036,-3.07086],[-79.74912,-3.05707],[-79.74539,-3.0501],[-79.74887,-3.03703],[-79.74837,-3.02459],[-79.74476,-3.01999],[-79.73692,-3.01762],[-79.71726,-3.01563],[-79.71179,-3.01115],[-79.71901,-2.99585],[-79.71876,-2.98788],[-79.71403,-2.9839],[-79.69823,-2.97917],[-79.68815,-2.97768],[-79.67633,-2.98129],[-79.67123,-2.97893],[-79.66774,-2.97544],[-79.6614,-2.97544],[-79.64895,-2.98876],[-79.63402,-2.99498],[-79.61946,-2.99249],[-79.60976,-2.98801],[-79.60286,-2.97946],[-79.60364,-2.97169],[-79.6085,-2.95633],[-79.60364,-2.95108],[-79.59664,-2.94758],[-79.59528,-2.94116],[-79.59547,-2.93241],[-79.60442,-2.92872],[-79.60519,-2.92114],[-79.60092,-2.9153],[-79.57934,-2.89275],[-79.5667,-2.88925],[-79.53987,-2.87739],[-79.53137,-2.86943],[-79.51793,-2.86769],[-79.50848,-2.86346],[-79.50524,-2.85549],[-79.50449,-2.83857],[-79.50947,-2.82538],[-79.52254,-2.81991],[-79.52938,-2.81543],[-79.52975,-2.79144],[-79.54019,-2.75537],[-79.53877,-2.73686],[-79.53355,-2.72736],[-79.52738,-2.72594],[-79.51883,-2.72024],[-79.51883,-2.71075],[-79.53165,-2.69983],[-79.53544,-2.68987],[-79.53355,-2.68797],[-79.52263,-2.68464],[-79.51646,-2.67942],[-79.50269,-2.65664],[-79.50032,-2.63528],[-79.49557,-2.62911],[-79.4894,-2.62911],[-79.48276,-2.63243],[-79.47849,-2.63765],[-79.46994,-2.66139],[-79.4595,-2.6818],[-79.45428,-2.68797],[-79.44289,-2.68892],[-79.43482,-2.68037],[-79.43387,-2.67135],[-79.44146,-2.65617],[-79.44289,-2.6443],[-79.44289,-2.63386],[-79.43909,-2.62484],[-79.43529,-2.6068],[-79.43055,-2.60443],[-79.41915,-2.6106],[-79.41251,-2.61677],[-79.3959,-2.62816],[-79.3845,-2.63243],[-79.37691,-2.62769],[-79.37404,-2.59427],[-79.36949,-2.58819],[-79.36159,-2.57027],[-79.35675,-2.56743],[-79.36277,-2.56545],[-79.37714,-2.54319],[-79.38161,-2.51305],[-79.38881,-2.50469],[-79.39931,-2.49886],[-79.43041,-2.4975],[-79.45335,-2.50041],[-79.46327,-2.50489],[-79.48621,-2.52783],[-79.50021,-2.53074],[-79.52023,-2.51752],[-79.52276,-2.50683],[-79.52218,-2.49555],[-79.50954,-2.48525],[-79.49651,-2.47786],[-79.46735,-2.45181],[-79.45044,-2.43412],[-79.4273,-2.42109],[-79.42069,-2.41157],[-79.42011,-2.40359],[-79.42322,-2.39601],[-79.43391,-2.38221],[-79.43255,-2.37327],[-79.42458,-2.36296],[-79.41952,-2.34644],[-79.41603,-2.34216],[-79.40805,-2.34158],[-79.40164,-2.34605],[-79.39658,-2.35266],[-79.389,-2.35868],[-79.35459,-2.36743],[-79.34526,-2.37307],[-79.32407,-2.39348],[-79.31571,-2.3964],[-79.27206,-2.40394],[-79.26435,-2.40021],[-79.24377,-2.38124],[-79.22783,-2.35207],[-79.22276,-2.3473],[-79.20909,-2.34426],[-79.20089,-2.33667],[-79.19937,-2.33029],[-79.2021,-2.3236],[-79.20119,-2.31874],[-79.19147,-2.30629],[-79.17841,-2.29991],[-79.17142,-2.29201],[-79.1693,-2.28259],[-79.13976,-2.2362],[-79.13695,-2.2362],[-79.13645,-2.22415],[-79.14034,-2.21637],[-79.14598,-2.21443],[-79.17145,-2.21637],[-79.18156,-2.21501],[-79.19944,-2.20995],[-79.21091,-2.21112],[-79.22938,-2.21929],[-79.24222,-2.22006],[-79.24902,-2.21812],[-79.25096,-2.2049],[-79.25038,-2.19965],[-79.2461,-2.19596],[-79.20644,-2.19654],[-79.19555,-2.1944],[-79.18447,-2.19518],[-79.17553,-2.19965],[-79.16484,-2.20198],[-79.13407,-2.20243],[-79.12698,-2.19503],[-79.12588,-2.19271],[-79.1246,-2.19001],[-79.12381,-2.18001],[-79.12829,-2.17593],[-79.12829,-2.16777],[-79.11876,-2.15143],[-79.11818,-2.12577],[-79.12537,-2.12247],[-79.15531,-2.12188],[-79.16309,-2.12674],[-79.17397,-2.14132],[-79.18078,-2.14346],[-79.18739,-2.13957],[-79.19206,-2.13296],[-79.19458,-2.13177],[-79.20275,-2.12791],[-79.2115,-2.12597],[-79.21811,-2.12247],[-79.23969,-2.10322],[-79.25174,-2.09739],[-79.25894,-2.09816],[-79.27352,-2.11002],[-79.27896,-2.10963],[-79.29257,-2.10225],[-79.30793,-2.08339],[-79.31201,-2.076],[-79.31687,-2.05831],[-79.32115,-2.04975],[-79.3297,-2.04334],[-79.35187,-1.9994],[-79.36023,-1.9889],[-79.36509,-1.97762],[-79.37364,-1.96868],[-79.40028,-1.95896],[-79.41291,-1.9403],[-79.44752,-1.93077],[-79.45783,-1.91522],[-79.47707,-1.90374],[-79.49204,-1.88644],[-79.50876,-1.87983],[-79.52373,-1.87789],[-79.54454,-1.881],[-79.55542,-1.88566],[-79.57273,-1.89772],[-79.58342,-1.90161],[-79.61278,-1.90588],[-79.62679,-1.92201],[-79.63377,-1.92535],[-79.64684,-1.92353],[-79.66111,-1.91502],[-79.67296,-1.89224],[-79.68086,-1.88191],[-79.68845,-1.87431],[-79.70304,-1.86551],[-79.70881,-1.8573],[-79.71671,-1.83422],[-79.7322,-1.81477],[-79.73524,-1.80384],[-79.74648,-1.78895],[-79.7486,-1.7525],[-79.75042,-1.74247],[-79.7802,-1.7282],[-79.80176,-1.71513],[-79.82424,-1.70541],[-79.83336,-1.69053],[-79.82941,-1.67959],[-79.82502,-1.67231],[-79.82701,-1.66547],[-79.84107,-1.65116],[-79.85513,-1.64008],[-79.85774,-1.63324],[-79.85824,-1.62304],[-79.86658,-1.60039],[-79.86633,-1.59442],[-79.85886,-1.58148],[-79.85716,-1.57187],[-79.86883,-1.5571],[-79.8731,-1.54407],[-79.86999,-1.53085],[-79.87563,-1.51705],[-79.87563,-1.50635],[-79.87019,-1.49015],[-79.8692,-1.43839],[-79.86252,-1.4232],[-79.85553,-1.41287],[-79.85158,-1.39799],[-79.84207,-1.38029],[-79.82688,-1.3689],[-79.81264,-1.34992],[-79.78226,-1.29391],[-79.76578,-1.26683],[-79.75956,-1.25342],[-79.75354,-1.233],[-79.74479,-1.21162],[-79.74401,-1.20092],[-79.74032,-1.19256],[-79.73215,-1.18615],[-79.71932,-1.18245],[-79.71776,-1.17604],[-79.7199,-1.1702],[-79.71698,-1.15971],[-79.69696,-1.15212],[-79.68765,-1.14411],[-79.68043,-1.1257],[-79.67421,-1.12147],[-79.64805,-1.11274],[-79.64289,-1.10575],[-79.6362,-1.09087],[-79.62466,-1.07902],[-79.61403,-1.07143],[-79.55904,-1.06717],[-79.54416,-1.0611],[-79.53505,-1.05168],[-79.53201,-1.04075],[-79.53717,-1.02222],[-79.52867,-1.0049],[-79.52624,-0.98758],[-79.52077,-0.97604],[-79.51358,-0.97054],[-79.5091,-0.95747],[-79.51047,-0.94055],[-79.51432,-0.93284],[-79.52607,-0.91765],[-79.52645,-0.90949],[-79.52451,-0.90093],[-79.50973,-0.86438],[-79.50973,-0.85447],[-79.51362,-0.84864],[-79.5284,-0.85039],[-79.53345,-0.83678],[-79.5422,-0.83425],[-79.55542,-0.83542],[-79.56398,-0.84183],[-79.57,-0.84416],[-79.58517,-0.84689],[-79.60267,-0.85583],[-79.60997,-0.85629],[-79.61614,-0.86482],[-79.63322,-0.88048],[-79.64461,-0.88808],[-79.65458,-0.90327],[-79.67879,-0.89852],[-79.68638,-0.90279],[-79.6992,-0.90184],[-79.71297,-0.88903],[-79.73005,-0.88855],[-79.73717,-0.8952],[-79.75853,-0.93554],[-79.76803,-0.94551],[-79.7742,-0.95643],[-79.77752,-0.97067],[-79.78226,-0.97921],[-79.79223,-0.98396],[-79.79888,-0.98918],[-79.80315,-1.00484],[-79.80457,-1.02383],[-79.80693,-1.03285],[-79.81452,-1.04348],[-79.82485,-1.05077],[-79.83396,-1.05411],[-79.83882,-1.06323],[-79.84277,-1.08024],[-79.84915,-1.08965],[-79.88409,-1.11396],[-79.92601,-1.14859],[-79.93786,-1.15497],[-79.94697,-1.15345],[-79.96277,-1.14282],[-79.97461,-1.13978],[-79.98737,-1.13704],[-79.99618,-1.13826],[-80.00195,-1.14069],[-80.00469,-1.15254],[-79.99892,-1.16499],[-79.99011,-1.17654],[-79.99163,-1.18656],[-80.00043,-1.19324],[-80.00135,-1.21633],[-80.00621,-1.23577],[-80.01532,-1.24883],[-80.02291,-1.25339],[-80.03142,-1.26311],[-80.03507,-1.2786],[-80.0457,-1.28377],[-80.07375,-1.30438],[-80.08669,-1.32404],[-80.09503,-1.32802],[-80.11494,-1.31694],[-80.12576,-1.31645],[-80.13802,-1.31903],[-80.1425,-1.32374],[-80.15073,-1.34557],[-80.15127,-1.35589],[-80.15513,-1.36734],[-80.14915,-1.38364],[-80.15264,-1.39745],[-80.15695,-1.40506],[-80.19364,-1.43019],[-80.19607,-1.44781],[-80.1985,-1.4554],[-80.1985,-1.46604],[-80.20093,-1.47424],[-80.2067,-1.47849],[-80.21004,-1.48457],[-80.2067,-1.49186],[-80.20913,-1.50887],[-80.20828,-1.52327],[-80.20556,-1.52618],[-80.19156,-1.53007],[-80.18689,-1.53591],[-80.18483,-1.54532],[-80.18695,-1.55504],[-80.19819,-1.57145],[-80.20488,-1.576],[-80.21399,-1.57783],[-80.22159,-1.57783],[-80.23044,-1.5744],[-80.23803,-1.56954],[-80.25105,-1.56798],[-80.26213,-1.57071],[-80.27185,-1.57032],[-80.2841,-1.56585],[-80.28741,-1.56857],[-80.28799,-1.57518],[-80.28449,-1.58354],[-80.27749,-1.5919],[-80.2738,-1.60123],[-80.26816,-1.6094],[-80.26349,-1.61231],[-80.25941,-1.6197],[-80.25105,-1.62028],[-80.23705,-1.61367],[-80.23103,-1.61464],[-80.22928,-1.62048],[-80.22967,-1.64186],[-80.2285,-1.65042],[-80.21528,-1.67083],[-80.20906,-1.67686],[-80.2077,-1.68289],[-80.20925,-1.68891],[-80.2147,-1.69436],[-80.22092,-1.69747],[-80.22636,-1.69688],[-80.23044,-1.69144],[-80.23861,-1.68794],[-80.26447,-1.68716],[-80.28469,-1.68891],[-80.2876,-1.69649],[-80.29771,-1.70855],[-80.30491,-1.7066],[-80.31677,-1.6963],[-80.32201,-1.69494],[-80.32571,-1.69708],[-80.3364,-1.7136],[-80.35434,-1.73367],[-80.36831,-1.73974],[-80.38168,-1.74825],[-80.3914,-1.76374],[-80.40325,-1.7768],[-80.42238,-1.78986],[-80.42876,-1.8011],[-80.42086,-1.81933],[-80.41631,-1.82632],[-80.4157,-1.83573],[-80.42664,-1.83786],[-80.43666,-1.84242],[-80.4397,-1.86004],[-80.43757,-1.88404],[-80.4315,-1.89163],[-80.42998,-1.8974],[-80.4321,-1.90226],[-80.43575,-1.905],[-80.43818,-1.91198],[-80.43575,-1.92565],[-80.43575,-1.93507],[-80.43848,-1.94449],[-80.44458,-1.954],[-80.44395,-1.95512],[-80.43769,-1.96343],[-80.41572,-1.9786],[-80.39317,-1.98229],[-80.36498,-1.99123],[-80.35273,-2.00348],[-80.33407,-2.03925],[-80.32012,-2.05256],[-80.32049,-2.05828],[-80.31676,-2.06799],[-80.3012,-2.08404],[-80.29361,-2.08964],[-80.28565,-2.09064],[-80.28005,-2.0828],[-80.27109,-2.08342],[-80.26524,-2.08815],[-80.26151,-2.09611],[-80.25727,-2.09972],[-80.24911,-2.10244],[-80.24172,-2.11177],[-80.23978,-2.12266],[-80.24055,-2.13044],[-80.24814,-2.14696],[-80.24658,-2.15435],[-80.23725,-2.1771],[-80.23589,-2.1841],[-80.23958,-2.20004],[-80.23764,-2.21268],[-80.22694,-2.2292],[-80.22831,-2.23989],[-80.23608,-2.2467],[-80.25786,-2.25389],[-80.25863,-2.26478],[-80.25552,-2.27158],[-80.2495,-2.27878],[-80.23842,-2.28869],[-80.23414,-2.29491],[-80.23239,-2.30289],[-80.23861,-2.31416],[-80.25339,-2.32486],[-80.25844,-2.33341],[-80.27302,-2.34935],[-80.27672,-2.35518],[-80.28469,-2.36199],[-80.29577,-2.3616],[-80.30899,-2.35188],[-80.32435,-2.34974],[-80.33912,-2.35013],[-80.35351,-2.35499],[-80.37237,-2.38085],[-80.38131,-2.38493],[-80.41436,-2.38415],[-80.42506,-2.38746],[-80.43536,-2.39426],[-80.45733,-2.41215],[-80.46025,-2.42051],[-80.45947,-2.42926],[-80.45772,-2.43392],[-80.44994,-2.44462],[-80.4515,-2.46036],[-80.46666,-2.48914],[-80.47736,-2.49808],[-80.48669,-2.50255],[-80.49602,-2.50275],[-80.51196,-2.49517],[-80.53335,-2.48758],[-80.54015,-2.48953],[-80.54696,-2.49419],[-80.55201,-2.49808],[-80.55571,-2.50508],[-80.5613,-2.50809],[-80.54859,-2.51855],[-80.5227,-2.54551],[-80.49867,-2.56794],[-80.47651,-2.59224],[-80.46289,-2.61493],[-80.43272,-2.6435],[-80.41803,-2.65017],[-80.40549,-2.6467],[-80.39694,-2.64083],[-80.39267,-2.64083],[-80.38743,-2.64949],[-80.37575,-2.66367],[-80.3478,-2.68537],[-80.31484,-2.70581],[-80.29982,-2.71916],[-80.28731,-2.73292],[-80.26228,-2.73876],[-80.24851,-2.73668],[-80.24184,-2.72458],[-80.24225,-2.70914],[-80.25143,-2.67577],[-80.2531,-2.6449],[-80.27438,-2.657],[-80.27896,-2.65241],[-80.26687,-2.64323],[-80.25936,-2.63197],[-80.26311,-2.62488],[-80.2919,-2.60235],[-80.28564,-2.594],[-80.27813,-2.59484],[-80.26728,-2.61194],[-80.25685,-2.62196],[-80.25227,-2.62446],[-80.23975,-2.64031],[-80.23099,-2.63822],[-80.1999,-2.59864],[-80.19136,-2.59544],[-80.17721,-2.5933],[-80.17026,-2.59037],[-80.16359,-2.58236],[-80.1449,-2.57248],[-80.12915,-2.5602],[-80.11526,-2.54311],[-80.10218,-2.52228],[-80.08483,-2.48918],[-80.0664,-2.46141],[-80.04852,-2.40908],[-80.0357,-2.38612],[-80.0245,-2.33917],[-80.00617,-2.3323],[-79.98784,-2.32886],[-79.98955,-2.30079],[-79.98784,-2.28933],[-79.98383,-2.2773],[-79.97466,-2.25839],[-79.9695,-2.23834],[-79.95575,-2.22688],[-79.9506,-2.22975],[-79.92424,-2.23662],[-79.91508,-2.24808],[-79.91393,-2.25667],[-79.91737,-2.27329],[-79.91622,-2.28474],[-79.89445,-2.28417],[-79.87956,-2.28073],[-79.87898,-2.26469],[-79.88471,-2.24808],[-79.88987,-2.22574],[-79.88471,-2.20339],[-79.87779,-2.18272],[-79.87706,-2.17026],[-79.87229,-2.16182],[-79.86606,-2.15669],[-79.86166,-2.14679],[-79.86019,-2.13616],[-79.86569,-2.10132],[-79.86569,-2.09032],[-79.85763,-2.08189],[-79.84699,-2.07492],[-79.83086,-2.07786],[-79.81803,-2.07749],[-79.81143,-2.07346],[-79.80116,-2.06319],[-79.79529,-2.07052],[-79.79126,-2.08152],[-79.80116,-2.09399],[-79.81033,-2.09546],[-79.83819,-2.09546],[-79.84259,-2.10132],[-79.84699,-2.11232],[-79.84516,-2.12112],[-79.84076,-2.13139],[-79.84076,-2.14789],[-79.84589,-2.16036],[-79.85139,-2.16806],[-79.84846,-2.18272],[-79.83489,-2.20179],[-79.82536,-2.24322],[-79.82279,-2.26852],[-79.82426,-2.28135],[-79.82939,-2.30225],[-79.82646,-2.31619],[-79.82023,-2.33415],[-79.82023,-2.34882],[-79.82756,-2.37485],[-79.82903,-2.38658],[-79.82169,-2.40308],[-79.80849,-2.42582],[-79.80043,-2.44818],[-79.79456,-2.47678],[-79.78649,-2.49145],[-79.77439,-2.50722],[-79.76596,-2.51491],[-79.75239,-2.51272],[-79.7337,-2.50245],[-79.7161,-2.49658],[-79.70363,-2.50172],[-79.69446,-2.51895],[-79.693,-2.54351],[-79.69373,-2.55818],[-79.7117,-2.56771],[-79.71903,-2.58238],[-79.71756,-2.61648],[-79.72343,-2.63445],[-79.75311,-2.66412],[-79.76532,-2.66576],[-79.77259,-2.67163],[-79.77869,-2.68289],[-79.77705,-2.7033],[-79.7794,-2.72325],[-79.78432,-2.73006],[-79.79042,-2.7608],[-79.79864,-2.77581],[-79.80079,-2.78441],[-79.80923,-2.80384],[-79.80996,-2.83904],[-79.81216,-2.84857],[-79.81729,-2.86067],[-79.82316,-2.86911],[-79.83269,-2.88231],[-79.84333,-2.89257],[-79.85249,-2.92154],[-79.85066,-2.94281],[-79.85396,-2.96591],[-79.85213,-2.98167],[-79.84699,-2.99194],[-79.84663,-3.01064],[-79.84773,-3.01724],[-79.86044,-3.04821],[-79.84741,-3.05269],[-79.84296,-3.05782],[-79.8322,-3.06055],[-79.81648,-3.05543],[-79.81101,-3.05508],[-79.79905,-3.06175],[-79.77974,-3.06517],[-79.77427,-3.0679],[-79.76402,-3.0691],[-79.76036,-3.07086]]]]}},{"type":"Feature","properties":{"shapeName":"Los Ríos","shapeISO":"EC-R","shapeID":"780006B68361660427036","shapeGroup":"ECU","shapeType":"ADM1"},"geometry":{"type":"Polygon","coordinates":[[[-79.4686,-0.54761],[-79.48614,-0.54954],[-79.49404,-0.5547],[-79.49738,-0.56594],[-79.49738,-0.57445],[-79.49252,-0.58143],[-79.48766,-0.59237],[-79.49009,-0.60209],[-79.49707,-0.60968],[-79.50345,-0.61424],[-79.51868,-0.6445],[-79.52548,-0.65188],[-79.53929,-0.66141],[-79.54298,-0.66569],[-79.54415,-0.67308],[-79.54337,-0.68319],[-79.54026,-0.69349],[-79.53656,-0.69835],[-79.53462,-0.70379],[-79.53462,-0.71099],[-79.53851,-0.71604],[-79.55103,-0.72069],[-79.55538,-0.72093],[-79.57268,-0.71359],[-79.57654,-0.71334],[-79.58015,-0.71534],[-79.58228,-0.71775],[-79.59216,-0.74335],[-79.59914,-0.7479],[-79.60127,-0.76097],[-79.59914,-0.76704],[-79.59793,-0.78284],[-79.60005,-0.79438],[-79.60491,-0.80258],[-79.6037,-0.81018],[-79.60005,-0.81565],[-79.59975,-0.82385],[-79.60886,-0.84724],[-79.60997,-0.85628],[-79.60997,-0.85629],[-79.60267,-0.85583],[-79.58517,-0.84689],[-79.57,-0.84416],[-79.56398,-0.84183],[-79.55542,-0.83542],[-79.5422,-0.83425],[-79.53345,-0.83678],[-79.5284,-0.85039],[-79.51362,-0.84864],[-79.50973,-0.85447],[-79.50973,-0.86438],[-79.52451,-0.90093],[-79.52645,-0.90949],[-79.52607,-0.91765],[-79.51432,-0.93284],[-79.51047,-0.94055],[-79.5091,-0.95747],[-79.51358,-0.97054],[-79.52077,-0.97604],[-79.52624,-0.98758],[-79.52867,-1.0049],[-79.53717,-1.02222],[-79.53201,-1.04075],[-79.53505,-1.05168],[-79.54416,-1.0611],[-79.55904,-1.06717],[-79.61403,-1.07143],[-79.62466,-1.07902],[-79.6362,-1.09087],[-79.64289,-1.10575],[-79.64805,-1.11274],[-79.67421,-1.12147],[-79.68043,-1.1257],[-79.68765,-1.14411],[-79.69696,-1.15212],[-79.71698,-1.15971],[-79.7199,-1.1702],[-79.71776,-1.17604],[-79.71932,-1.18245],[-79.73215,-1.18615],[-79.74032,-1.19256],[-79.74401,-1.20092],[-79.74479,-1.21162],[-79.75354,-1.233],[-79.75956,-1.25342],[-79.76578,-1.26683],[-79.78226,-1.29391],[-79.81264,-1.34992],[-79.82688,-1.3689],[-79.84207,-1.38029],[-79.85158,-1.39799],[-79.85553,-1.41287],[-79.86252,-1.4232],[-79.8692,-1.43839],[-79.87019,-1.49015],[-79.87563,-1.50635],[-79.87563,-1.51705],[-79.86999,-1.53085],[-79.8731,-1.54407],[-79.86883,-1.5571],[-79.85716,-1.57187],[-79.85886,-1.58148],[-79.86633,-1.59442],[-79.86658,-1.60039],[-79.85824,-1.62304],[-79.85774,-1.63324],[-79.85513,-1.64008],[-79.84107,-1.65116],[-79.82701,-1.66547],[-79.82502,-1.67231],[-79.82941,-1.67959],[-79.83336,-1.69053],[-79.82424,-1.70541],[-79.80176,-1.71513],[-79.7802,-1.7282],[-79.75042,-1.74247],[-79.7486,-1.7525],[-79.74648,-1.78895],[-79.73524,-1.80384],[-79.7322,-1.81477],[-79.71671,-1.83422],[-79.70881,-1.8573],[-79.70304,-1.86551],[-79.68845,-1.87431],[-79.68086,-1.88191],[-79.67296,-1.89224],[-79.66111,-1.91502],[-79.64684,-1.92353],[-79.63377,-1.92535],[-79.62679,-1.92201],[-79.61278,-1.90588],[-79.58342,-1.90161],[-79.57273,-1.89772],[-79.55542,-1.88566],[-79.54454,-1.881],[-79.52373,-1.87789],[-79.50876,-1.87983],[-79.49204,-1.88644],[-79.47707,-1.90374],[-79.45783,-1.91522],[-79.44752,-1.93077],[-79.41291,-1.9403],[-79.40028,-1.95896],[-79.37364,-1.96868],[-79.36509,-1.97762],[-79.36023,-1.9889],[-79.35187,-1.9994],[-79.3297,-2.04334],[-79.32115,-2.04975],[-79.31687,-2.05831],[-79.31201,-2.076],[-79.30793,-2.08339],[-79.29257,-2.10225],[-79.27896,-2.10963],[-79.27352,-2.11002],[-79.25894,-2.09816],[-79.25174,-2.09739],[-79.23969,-2.10322],[-79.21811,-2.12247],[-79.2115,-2.12597],[-79.20275,-2.12791],[-79.19458,-2.13177],[-79.19536,-2.11722],[-79.20022,-2.10866],[-79.20372,-2.10516],[-79.21577,-2.10011],[-79.21772,-2.09311],[-79.21558,-2.08728],[-79.21616,-2.07347],[-79.21986,-2.05636],[-79.22375,-2.04509],[-79.23191,-2.03284],[-79.23347,-2.01826],[-79.23677,-2.01087],[-79.24183,-2.00523],[-79.24552,-1.99726],[-79.2533,-1.9751],[-79.25991,-1.96946],[-79.26263,-1.96343],[-79.26127,-1.94652],[-79.25816,-1.93971],[-79.25038,-1.93291],[-79.24727,-1.90686],[-79.23969,-1.90005],[-79.23949,-1.85883],[-79.2358,-1.85339],[-79.23016,-1.84931],[-79.22822,-1.84348],[-79.23288,-1.83667],[-79.23774,-1.83434],[-79.24494,-1.82442],[-79.24474,-1.82073],[-79.23852,-1.80537],[-79.23716,-1.79681],[-79.2426,-1.77757],[-79.24222,-1.77348],[-79.23984,-1.76999],[-79.22851,-1.76165],[-79.20325,-1.74908],[-79.19778,-1.74174],[-79.20052,-1.73676],[-79.20786,-1.7349],[-79.22067,-1.74012],[-79.22727,-1.7385],[-79.24144,-1.72702],[-79.25291,-1.71477],[-79.27235,-1.70544],[-79.27993,-1.70038],[-79.27954,-1.69513],[-79.27196,-1.68988],[-79.26418,-1.68755],[-79.26263,-1.67647],[-79.26943,-1.6683],[-79.29082,-1.65897],[-79.32756,-1.65469],[-79.33767,-1.65081],[-79.35264,-1.64109],[-79.3509,-1.63428],[-79.32484,-1.62592],[-79.30093,-1.6101],[-79.28388,-1.60636],[-79.26646,-1.58372],[-79.25816,-1.57615],[-79.25213,-1.56604],[-79.25096,-1.55438],[-79.25232,-1.54563],[-79.25602,-1.54018],[-79.2879,-1.52599],[-79.29724,-1.53066],[-79.30754,-1.52424],[-79.31629,-1.5153],[-79.31843,-1.50908],[-79.31862,-1.5046],[-79.31668,-1.49994],[-79.31746,-1.49372],[-79.32329,-1.48575],[-79.3298,-1.4619],[-79.33552,-1.46128],[-79.34075,-1.46825],[-79.34771,-1.468],[-79.35107,-1.4629],[-79.34995,-1.45804],[-79.34423,-1.45431],[-79.33863,-1.44784],[-79.31723,-1.43789],[-79.31225,-1.43117],[-79.30964,-1.42594],[-79.31101,-1.41947],[-79.31675,-1.40864],[-79.31811,-1.3998],[-79.31739,-1.39479],[-79.31555,-1.39165],[-79.30964,-1.39073],[-79.29521,-1.39334],[-79.28849,-1.39011],[-79.28587,-1.38488],[-79.28289,-1.36211],[-79.27471,-1.35322],[-79.27367,-1.3345],[-79.27693,-1.32877],[-79.30074,-1.3271],[-79.3124,-1.32438],[-79.33418,-1.30027],[-79.34215,-1.2993],[-79.35031,-1.30299],[-79.3645,-1.32438],[-79.37598,-1.32963],[-79.38628,-1.32846],[-79.39153,-1.32477],[-79.39347,-1.31699],[-79.39231,-1.31135],[-79.38803,-1.30688],[-79.37403,-1.29716],[-79.36431,-1.2853],[-79.35809,-1.28063],[-79.34234,-1.25653],[-79.3402,-1.24758],[-79.33126,-1.22522],[-79.32523,-1.21823],[-79.28716,-1.19841],[-79.28715,-1.19837],[-79.28443,-1.18322],[-79.28564,-1.16681],[-79.29081,-1.15861],[-79.30843,-1.14525],[-79.33,-1.1334],[-79.33637,-1.1258],[-79.33486,-1.11669],[-79.32507,-1.09845],[-79.32022,-1.07705],[-79.30927,-1.06062],[-79.31487,-1.05365],[-79.31599,-1.04781],[-79.31524,-1.0391],[-79.31213,-1.033],[-79.29707,-1.01682],[-79.29458,-1.00774],[-79.29707,-1.00189],[-79.31661,-0.99828],[-79.31549,-0.98634],[-79.3084,-0.97862],[-79.30728,-0.97141],[-79.31014,-0.96282],[-79.31549,-0.95809],[-79.31536,-0.95162],[-79.30856,-0.92795],[-79.30239,-0.91086],[-79.29195,-0.89662],[-79.26632,-0.88001],[-79.24685,-0.87241],[-79.23879,-0.84963],[-79.23167,-0.83824],[-79.22597,-0.81451],[-79.21458,-0.80786],[-79.20034,-0.80406],[-79.14803,-0.72269],[-79.12265,-0.63614],[-79.11021,-0.613],[-79.10087,-0.60172],[-79.09712,-0.5878],[-79.09139,-0.57523],[-79.08978,-0.5654],[-79.09052,-0.55669],[-79.09229,-0.55268],[-79.10035,-0.54586],[-79.10944,-0.54101],[-79.12188,-0.53977],[-79.12984,-0.54251],[-79.149,-0.56179],[-79.16543,-0.58382],[-79.19255,-0.60111],[-79.19989,-0.60895],[-79.20711,-0.62177],[-79.21557,-0.63272],[-79.24531,-0.6469],[-79.26783,-0.6683],[-79.27791,-0.68099],[-79.28874,-0.6907],[-79.29931,-0.6953],[-79.31636,-0.69145],[-79.34861,-0.68796],[-79.35657,-0.68047],[-79.35999,-0.67251],[-79.36405,-0.65801],[-79.36256,-0.64605],[-79.35673,-0.63497],[-79.34973,-0.62836],[-79.34759,-0.62117],[-79.35964,-0.5885],[-79.36509,-0.57898],[-79.34709,-0.54885],[-79.34647,-0.54425],[-79.35294,-0.54076],[-79.35879,-0.54027],[-79.42613,-0.54029],[-79.44149,-0.5434],[-79.46132,-0.55293],[-79.46677,-0.55195],[-79.46813,-0.54904],[-79.4686,-0.54761]]]}},{"type":"Feature","properties":{"shapeName":"Cotopaxi","shapeISO":"EC-H","shapeID":"780006B34708550650195","shapeGroup":"ECU","shapeType":"ADM1"},"geometry":{"type":"Polygon","coordinates":[[[-79.09229,-0.55268],[-79.09052,-0.55669],[-79.08978,-0.5654],[-79.09139,-0.57523],[-79.09712,-0.5878],[-79.10087,-0.60172],[-79.11021,-0.613],[-79.12265,-0.63614],[-79.14803,-0.72269],[-79.20034,-0.80406],[-79.21458,-0.80786],[-79.22597,-0.81451],[-79.23167,-0.83824],[-79.23879,-0.84963],[-79.24685,-0.87241],[-79.26632,-0.88001],[-79.29195,-0.89662],[-79.30239,-0.91086],[-79.30856,-0.92795],[-79.31536,-0.95162],[-79.31549,-0.95809],[-79.31014,-0.96282],[-79.30728,-0.97141],[-79.3084,-0.97862],[-79.31549,-0.98634],[-79.31661,-0.99828],[-79.29707,-1.00189],[-79.29458,-1.00774],[-79.29707,-1.01682],[-79.31213,-1.033],[-79.31524,-1.0391],[-79.31599,-1.04781],[-79.31487,-1.05365],[-79.30927,-1.06062],[-79.32022,-1.07705],[-79.32507,-1.09845],[-79.33486,-1.11669],[-79.33637,-1.1258],[-79.33,-1.1334],[-79.30843,-1.14525],[-79.29081,-1.15861],[-79.28564,-1.16681],[-79.28443,-1.18322],[-79.28715,-1.19837],[-79.28285,-1.20267],[-79.27604,-1.20539],[-79.25291,-1.20073],[-79.23677,-1.18906],[-79.22005,-1.1737],[-79.20508,-1.16729],[-79.19206,-1.16593],[-79.15453,-1.15815],[-79.1495,-1.15394],[-79.14291,-1.15419],[-79.13955,-1.15743],[-79.1332,-1.16004],[-79.12673,-1.15407],[-79.11167,-1.14959],[-79.10321,-1.14959],[-79.09351,-1.15295],[-79.0848,-1.15929],[-79.06738,-1.17771],[-79.05771,-1.1844],[-79.03613,-1.19431],[-79.02077,-1.20773],[-78.99705,-1.21492],[-78.98558,-1.21492],[-78.97431,-1.212],[-78.95331,-1.20384],[-78.94456,-1.19839],[-78.93115,-1.1844],[-78.92473,-1.18148],[-78.91695,-1.18109],[-78.89984,-1.1879],[-78.87807,-1.19392],[-78.87803,-1.1939],[-78.86718,-1.18867],[-78.84249,-1.17701],[-78.82383,-1.16359],[-78.79,-1.14396],[-78.76608,-1.13851],[-78.75286,-1.12977],[-78.74198,-1.13093],[-78.72915,-1.14357],[-78.72059,-1.14687],[-78.69862,-1.15018],[-78.69279,-1.14571],[-78.68482,-1.14415],[-78.66946,-1.15037],[-78.66052,-1.14668],[-78.65274,-1.14104],[-78.62474,-1.11188],[-78.62047,-1.11052],[-78.60822,-1.11052],[-78.59752,-1.11266],[-78.5878,-1.11791],[-78.5773,-1.12043],[-78.57108,-1.1181],[-78.56739,-1.11402],[-78.57225,-1.10935],[-78.57303,-1.09613],[-78.56836,-1.09127],[-78.56758,-1.08388],[-78.57303,-1.07727],[-78.5773,-1.06911],[-78.57167,-1.06289],[-78.55533,-1.05628],[-78.53823,-1.05491],[-78.52617,-1.05802],[-78.51606,-1.06561],[-78.51179,-1.0763],[-78.50051,-1.08972],[-78.49507,-1.09224],[-78.48243,-1.08913],[-78.4661,-1.08019],[-78.44957,-1.0625],[-78.43149,-1.03236],[-78.41827,-1.017],[-78.4141,-1.00551],[-78.41057,-0.99401],[-78.41046,-0.99366],[-78.4062,-0.98576],[-78.40256,-0.97391],[-78.40256,-0.96085],[-78.40924,-0.95052],[-78.41258,-0.94141],[-78.41289,-0.91954],[-78.4217,-0.90617],[-78.42534,-0.89615],[-78.42322,-0.88673],[-78.41108,-0.87099],[-78.40174,-0.86283],[-78.39591,-0.85447],[-78.39475,-0.84747],[-78.39922,-0.8428],[-78.40019,-0.83542],[-78.39727,-0.82531],[-78.39284,-0.82172],[-78.39071,-0.81109],[-78.39345,-0.79985],[-78.39709,-0.79529],[-78.40195,-0.78436],[-78.40286,-0.77251],[-78.40225,-0.7634],[-78.39618,-0.75641],[-78.39253,-0.74638],[-78.39527,-0.73909],[-78.40712,-0.72664],[-78.41289,-0.7239],[-78.41349,-0.71095],[-78.4208,-0.70904],[-78.44802,-0.67891],[-78.46376,-0.65616],[-78.47212,-0.64975],[-78.48554,-0.64664],[-78.49137,-0.64003],[-78.50051,-0.63478],[-78.49837,-0.62175],[-78.49118,-0.61844],[-78.48554,-0.61086],[-78.48826,-0.59998],[-78.4974,-0.59317],[-78.50945,-0.59162],[-78.52209,-0.59511],[-78.55942,-0.6095],[-78.56603,-0.61339],[-78.57672,-0.61164],[-78.5913,-0.6027],[-78.59772,-0.59492],[-78.60549,-0.59298],[-78.61522,-0.5955],[-78.62513,-0.60192],[-78.64263,-0.63458],[-78.66129,-0.6443],[-78.67879,-0.64955],[-78.69551,-0.65227],[-78.71009,-0.65111],[-78.72117,-0.64741],[-78.72681,-0.64003],[-78.73906,-0.62855],[-78.74159,-0.61825],[-78.73867,-0.60736],[-78.72817,-0.5922],[-78.72623,-0.58326],[-78.7274,-0.57606],[-78.73653,-0.56031],[-78.7412,-0.5539],[-78.75092,-0.54729],[-78.76861,-0.54029],[-78.81177,-0.53368],[-78.82208,-0.52785],[-78.82869,-0.52104],[-78.8353,-0.48974],[-78.84599,-0.4771],[-78.84832,-0.46933],[-78.85902,-0.46252],[-78.86427,-0.45416],[-78.87243,-0.42267],[-78.87846,-0.41606],[-78.89401,-0.404],[-78.90082,-0.39467],[-78.90218,-0.38573],[-78.9082,-0.37989],[-78.91073,-0.37231],[-78.9084,-0.36298],[-78.91579,-0.34665],[-78.91968,-0.34101],[-78.92473,-0.33732],[-78.93153,-0.33557],[-78.93853,-0.33634],[-78.94242,-0.33841],[-78.93873,-0.34295],[-78.93776,-0.35093],[-78.94087,-0.35987],[-78.95253,-0.37387],[-78.96031,-0.39],[-78.9688,-0.39825],[-78.99888,-0.41314],[-79.00556,-0.42013],[-79.01437,-0.43167],[-79.02196,-0.45476],[-79.03077,-0.4663],[-79.03199,-0.47724],[-79.02925,-0.48392],[-79.02105,-0.49121],[-79.00799,-0.49637],[-79.00009,-0.50549],[-78.99948,-0.51977],[-79.00526,-0.52858],[-79.03391,-0.55209],[-79.03839,-0.55943],[-79.03789,-0.56913],[-79.03378,-0.57399],[-79.03279,-0.58145],[-79.03664,-0.58431],[-79.04871,-0.58419],[-79.05867,-0.5812],[-79.06974,-0.57361],[-79.08069,-0.56129],[-79.09226,-0.55271],[-79.09229,-0.55268]]]}},{"type":"Feature","properties":{"shapeName":"Bolívar","shapeISO":"EC-B","shapeID":"780006B72413159872158","shapeGroup":"ECU","shapeType":"ADM1"},"geometry":{"type":"Polygon","coordinates":[[[-79.12588,-2.19271],[-79.11837,-2.19479],[-79.11079,-2.1944],[-79.09718,-2.18915],[-79.07385,-2.16951],[-79.03244,-2.11955],[-79.02933,-2.10186],[-79.02583,-2.09058],[-79.02233,-2.08475],[-79.0233,-2.0795],[-79.0338,-2.069],[-79.0406,-2.05772],[-79.03905,-2.04781],[-79.03438,-2.03925],[-79.0301,-2.02078],[-79.02719,-2.01262],[-79.02233,-2.00523],[-79.01902,-1.95118],[-79.01338,-1.94321],[-79.00814,-1.92921],[-79.00814,-1.91347],[-79.01953,-1.87735],[-79.02591,-1.86611],[-79.02561,-1.85275],[-79.02044,-1.84303],[-79.01103,-1.80202],[-79.01407,-1.78409],[-79.01285,-1.77771],[-78.98916,-1.75797],[-78.98004,-1.75311],[-78.96668,-1.75159],[-78.9445,-1.75311],[-78.91868,-1.75949],[-78.90288,-1.75949],[-78.88617,-1.75341],[-78.87919,-1.74582],[-78.87372,-1.72425],[-78.86795,-1.71422],[-78.864,-1.70298],[-78.86157,-1.68202],[-78.85701,-1.67382],[-78.85002,-1.66714],[-78.84699,-1.66137],[-78.84577,-1.65499],[-78.85458,-1.63615],[-78.85707,-1.62553],[-78.86154,-1.6197],[-78.8839,-1.61056],[-78.89362,-1.60473],[-78.89946,-1.59715],[-78.9014,-1.58743],[-78.89771,-1.57576],[-78.89148,-1.5641],[-78.88682,-1.55146],[-78.87919,-1.52406],[-78.87099,-1.50705],[-78.87007,-1.49793],[-78.88283,-1.46786],[-78.88301,-1.4676],[-78.88921,-1.45844],[-78.89529,-1.45054],[-78.90258,-1.44447],[-78.92384,-1.41409],[-78.93053,-1.40893],[-78.93448,-1.40103],[-78.93903,-1.37065],[-78.94025,-1.34969],[-78.9363,-1.33966],[-78.93083,-1.33146],[-78.91564,-1.31658],[-78.9126,-1.30777],[-78.89772,-1.28741],[-78.88982,-1.27192],[-78.89156,-1.25647],[-78.89753,-1.24092],[-78.89778,-1.22424],[-78.89169,-1.21889],[-78.88148,-1.20496],[-78.87803,-1.1939],[-78.87807,-1.19392],[-78.89984,-1.1879],[-78.91695,-1.18109],[-78.92473,-1.18148],[-78.93115,-1.1844],[-78.94456,-1.19839],[-78.95331,-1.20384],[-78.97431,-1.212],[-78.98558,-1.21492],[-78.99705,-1.21492],[-79.02077,-1.20773],[-79.03613,-1.19431],[-79.05771,-1.1844],[-79.06738,-1.17771],[-79.0848,-1.15929],[-79.09351,-1.15295],[-79.10321,-1.14959],[-79.11167,-1.14959],[-79.12673,-1.15407],[-79.1332,-1.16004],[-79.13955,-1.15743],[-79.14291,-1.15419],[-79.1495,-1.15394],[-79.15453,-1.15815],[-79.19206,-1.16593],[-79.20508,-1.16729],[-79.22005,-1.1737],[-79.23677,-1.18906],[-79.25291,-1.20073],[-79.27604,-1.20539],[-79.28285,-1.20267],[-79.28715,-1.19837],[-79.28716,-1.19841],[-79.32523,-1.21823],[-79.33126,-1.22522],[-79.3402,-1.24758],[-79.34234,-1.25653],[-79.35809,-1.28063],[-79.36431,-1.2853],[-79.37403,-1.29716],[-79.38803,-1.30688],[-79.39231,-1.31135],[-79.39347,-1.31699],[-79.39153,-1.32477],[-79.38628,-1.32846],[-79.37598,-1.32963],[-79.3645,-1.32438],[-79.35031,-1.30299],[-79.34215,-1.2993],[-79.33418,-1.30027],[-79.3124,-1.32438],[-79.30074,-1.3271],[-79.27693,-1.32877],[-79.27367,-1.3345],[-79.27471,-1.35322],[-79.28289,-1.36211],[-79.28587,-1.38488],[-79.28849,-1.39011],[-79.29521,-1.39334],[-79.30964,-1.39073],[-79.31555,-1.39165],[-79.31739,-1.39479],[-79.31811,-1.3998],[-79.31675,-1.40864],[-79.31101,-1.41947],[-79.30964,-1.42594],[-79.31225,-1.43117],[-79.31723,-1.43789],[-79.33863,-1.44784],[-79.34423,-1.45431],[-79.34995,-1.45804],[-79.35107,-1.4629],[-79.34771,-1.468],[-79.34075,-1.46825],[-79.33552,-1.46128],[-79.3298,-1.4619],[-79.32329,-1.48575],[-79.31746,-1.49372],[-79.31668,-1.49994],[-79.31862,-1.5046],[-79.31843,-1.50908],[-79.31629,-1.5153],[-79.30754,-1.52424],[-79.29724,-1.53066],[-79.2879,-1.52599],[-79.25602,-1.54018],[-79.25232,-1.54563],[-79.25096,-1.55438],[-79.25213,-1.56604],[-79.25816,-1.57615],[-79.26646,-1.58372],[-79.28388,-1.60636],[-79.30093,-1.6101],[-79.32484,-1.62592],[-79.3509,-1.63428],[-79.35264,-1.64109],[-79.33767,-1.65081],[-79.32756,-1.65469],[-79.29082,-1.65897],[-79.26943,-1.6683],[-79.26263,-1.67647],[-79.26418,-1.68755],[-79.27196,-1.68988],[-79.27954,-1.69513],[-79.27993,-1.70038],[-79.27235,-1.70544],[-79.25291,-1.71477],[-79.24144,-1.72702],[-79.22727,-1.7385],[-79.22067,-1.74012],[-79.20786,-1.7349],[-79.20052,-1.73676],[-79.19778,-1.74174],[-79.20325,-1.74908],[-79.22851,-1.76165],[-79.23984,-1.76999],[-79.24222,-1.77348],[-79.2426,-1.77757],[-79.23716,-1.79681],[-79.23852,-1.80537],[-79.24474,-1.82073],[-79.24494,-1.82442],[-79.23774,-1.83434],[-79.23288,-1.83667],[-79.22822,-1.84348],[-79.23016,-1.84931],[-79.2358,-1.85339],[-79.23949,-1.85883],[-79.23969,-1.90005],[-79.24727,-1.90686],[-79.25038,-1.93291],[-79.25816,-1.93971],[-79.26127,-1.94652],[-79.26263,-1.96343],[-79.25991,-1.96946],[-79.2533,-1.9751],[-79.24552,-1.99726],[-79.24183,-2.00523],[-79.23677,-2.01087],[-79.23347,-2.01826],[-79.23191,-2.03284],[-79.22375,-2.04509],[-79.21986,-2.05636],[-79.21616,-2.07347],[-79.21558,-2.08728],[-79.21772,-2.09311],[-79.21577,-2.10011],[-79.20372,-2.10516],[-79.20022,-2.10866],[-79.19536,-2.11722],[-79.19458,-2.13177],[-79.19206,-2.13296],[-79.18739,-2.13957],[-79.18078,-2.14346],[-79.17397,-2.14132],[-79.16309,-2.12674],[-79.15531,-2.12188],[-79.12537,-2.12247],[-79.11818,-2.12577],[-79.11876,-2.15143],[-79.12829,-2.16777],[-79.12829,-2.17593],[-79.12381,-2.18001],[-79.1246,-2.19001],[-79.12588,-2.19271]]]}},{"type":"Feature","properties":{"shapeName":"Tungurahua","shapeISO":"EC-T","shapeID":"780006B23430196387963","shapeGroup":"ECU","shapeType":"ADM1"},"geometry":{"type":"Polygon","coordinates":[[[-78.12174,-1.22041],[-78.12237,-1.20734],[-78.12742,-1.19762],[-78.14181,-1.18692],[-78.14822,-1.18401],[-78.16436,-1.18731],[-78.17214,-1.18751],[-78.18205,-1.18381],[-78.18769,-1.17779],[-78.19274,-1.16573],[-78.21627,-1.14415],[-78.22443,-1.14124],[-78.23143,-1.14396],[-78.24427,-1.15193],[-78.25885,-1.15251],[-78.26701,-1.14804],[-78.27241,-1.14187],[-78.28995,-1.13976],[-78.29891,-1.14175],[-78.30526,-1.14561],[-78.32631,-1.16398],[-78.33759,-1.16807],[-78.34614,-1.16904],[-78.35197,-1.16632],[-78.35314,-1.15834],[-78.3512,-1.14746],[-78.33914,-1.13307],[-78.33661,-1.12568],[-78.33623,-1.11635],[-78.33875,-1.10974],[-78.34322,-1.10449],[-78.34459,-1.0973],[-78.34342,-1.08991],[-78.33681,-1.08505],[-78.33603,-1.05628],[-78.32748,-1.0483],[-78.32689,-1.04383],[-78.33311,-1.03547],[-78.34694,-1.02566],[-78.35627,-1.00998],[-78.36088,-1.0055],[-78.40219,-0.99704],[-78.41057,-0.99401],[-78.4141,-1.00551],[-78.41827,-1.017],[-78.43149,-1.03236],[-78.44957,-1.0625],[-78.4661,-1.08019],[-78.48243,-1.08913],[-78.49507,-1.09224],[-78.50051,-1.08972],[-78.51179,-1.0763],[-78.51606,-1.06561],[-78.52617,-1.05802],[-78.53823,-1.05491],[-78.55533,-1.05628],[-78.57167,-1.06289],[-78.5773,-1.06911],[-78.57303,-1.07727],[-78.56758,-1.08388],[-78.56836,-1.09127],[-78.57303,-1.09613],[-78.57225,-1.10935],[-78.56739,-1.11402],[-78.57108,-1.1181],[-78.5773,-1.12043],[-78.5878,-1.11791],[-78.59752,-1.11266],[-78.60822,-1.11052],[-78.62047,-1.11052],[-78.62474,-1.11188],[-78.65274,-1.14104],[-78.66052,-1.14668],[-78.66946,-1.15037],[-78.68482,-1.14415],[-78.69279,-1.14571],[-78.69862,-1.15018],[-78.72059,-1.14687],[-78.72915,-1.14357],[-78.74198,-1.13093],[-78.75286,-1.12977],[-78.76608,-1.13851],[-78.79,-1.14396],[-78.82383,-1.16359],[-78.84249,-1.17701],[-78.86718,-1.18867],[-78.87803,-1.1939],[-78.88148,-1.20496],[-78.89169,-1.21889],[-78.89778,-1.22424],[-78.89753,-1.24092],[-78.89156,-1.25647],[-78.88982,-1.27192],[-78.89772,-1.28741],[-78.9126,-1.30777],[-78.91564,-1.31658],[-78.93083,-1.33146],[-78.9363,-1.33966],[-78.94025,-1.34969],[-78.93903,-1.37065],[-78.93448,-1.40103],[-78.93053,-1.40893],[-78.92384,-1.41409],[-78.90258,-1.44447],[-78.89529,-1.45054],[-78.88921,-1.45844],[-78.88301,-1.4676],[-78.84988,-1.46786],[-78.83996,-1.46416],[-78.82519,-1.45542],[-78.80458,-1.43772],[-78.79914,-1.43559],[-78.77522,-1.43364],[-78.7655,-1.43597],[-78.73401,-1.46086],[-78.72059,-1.47194],[-78.70193,-1.49333],[-78.67471,-1.49897],[-78.65877,-1.49935],[-78.65157,-1.49527],[-78.64457,-1.49372],[-78.6368,-1.49547],[-78.63057,-1.5013],[-78.61988,-1.50441],[-78.61113,-1.49838],[-78.60491,-1.49158],[-78.58819,-1.48886],[-78.56331,-1.47525],[-78.55125,-1.47369],[-78.53298,-1.47933],[-78.52578,-1.47583],[-78.51315,-1.46203],[-78.50712,-1.45308],[-78.5009,-1.43636],[-78.4939,-1.43072],[-78.48632,-1.43345],[-78.47893,-1.43967],[-78.46999,-1.44375],[-78.46124,-1.45017],[-78.44588,-1.46844],[-78.42352,-1.48205],[-78.40816,-1.48886],[-78.37608,-1.4976],[-78.36967,-1.50247],[-78.365,-1.5083],[-78.36247,-1.51549],[-78.35957,-1.51643],[-78.35528,-1.51782],[-78.34886,-1.51549],[-78.34536,-1.50538],[-78.33992,-1.49974],[-78.3175,-1.49246],[-78.31325,-1.48669],[-78.29715,-1.4791],[-78.28652,-1.48214],[-78.27649,-1.49581],[-78.261,-1.49976],[-78.25006,-1.49793],[-78.23396,-1.48912],[-78.21847,-1.47545],[-78.18262,-1.44902],[-78.17507,-1.44544],[-78.17108,-1.44356],[-78.16136,-1.43384],[-78.14881,-1.4177],[-78.1455,-1.39884],[-78.13014,-1.37784],[-78.12139,-1.35451],[-78.11673,-1.32613],[-78.12023,-1.30319],[-78.11634,-1.27986],[-78.11945,-1.26858],[-78.12174,-1.22041]]]}},{"type":"Feature","properties":{"shapeName":"Chimborazo","shapeISO":"EC-H","shapeID":"780006B46353723731382","shapeGroup":"ECU","shapeType":"ADM1"},"geometry":{"type":"Polygon","coordinates":[[[-78.57089,-2.55386],[-78.55359,-2.55213],[-78.54523,-2.54844],[-78.53298,-2.54591],[-78.51276,-2.53716],[-78.50556,-2.52686],[-78.49837,-2.50703],[-78.4904,-2.47164],[-78.48709,-2.44267],[-78.48262,-2.43528],[-78.46824,-2.41993],[-78.4694,-2.41507],[-78.47135,-2.41358],[-78.48002,-2.41231],[-78.48458,-2.39894],[-78.49096,-2.38618],[-78.51496,-2.36826],[-78.53197,-2.34973],[-78.54321,-2.34122],[-78.57116,-2.3312],[-78.5824,-2.32603],[-78.58726,-2.32208],[-78.58574,-2.31601],[-78.57784,-2.3075],[-78.54928,-2.29839],[-78.54412,-2.29201],[-78.54108,-2.26406],[-78.53804,-2.24948],[-78.53075,-2.24401],[-78.51769,-2.24158],[-78.49849,-2.23522],[-78.49066,-2.22203],[-78.49202,-2.21419],[-78.49601,-2.20411],[-78.5199,-2.17027],[-78.51977,-2.15472],[-78.51405,-2.13921],[-78.50463,-2.12979],[-78.48974,-2.12098],[-78.45693,-2.11612],[-78.44752,-2.11005],[-78.43962,-2.09486],[-78.44053,-2.08392],[-78.45268,-2.05354],[-78.4545,-2.04352],[-78.4542,-2.03623],[-78.44995,-2.0262],[-78.44175,-2.018],[-78.44235,-2.01253],[-78.4463,-2.00372],[-78.45542,-1.99583],[-78.46362,-1.99583],[-78.46787,-2.00069],[-78.47516,-1.99978],[-78.48245,-1.99461],[-78.48914,-1.98337],[-78.48974,-1.96423],[-78.48519,-1.95603],[-78.46726,-1.93963],[-78.46149,-1.92596],[-78.45086,-1.91715],[-78.43658,-1.91046],[-78.42109,-1.89831],[-78.40377,-1.87462],[-78.40134,-1.8649],[-78.40195,-1.85427],[-78.41957,-1.82784],[-78.42899,-1.8011],[-78.44752,-1.77133],[-78.46119,-1.75766],[-78.46301,-1.75159],[-78.4626,-1.74102],[-78.45502,-1.73207],[-78.43946,-1.69883],[-78.42955,-1.68697],[-78.41749,-1.68094],[-78.41205,-1.67414],[-78.40913,-1.66675],[-78.40058,-1.66072],[-78.38541,-1.65333],[-78.37433,-1.65003],[-78.36714,-1.63661],[-78.36733,-1.62067],[-78.37005,-1.60862],[-78.3755,-1.60084],[-78.37705,-1.59365],[-78.37666,-1.5779],[-78.37979,-1.56543],[-78.37992,-1.55049],[-78.37618,-1.53805],[-78.36834,-1.52623],[-78.35957,-1.51643],[-78.36247,-1.51549],[-78.365,-1.5083],[-78.36967,-1.50247],[-78.37608,-1.4976],[-78.40816,-1.48886],[-78.42352,-1.48205],[-78.44588,-1.46844],[-78.46124,-1.45017],[-78.46999,-1.44375],[-78.47893,-1.43967],[-78.48632,-1.43345],[-78.4939,-1.43072],[-78.5009,-1.43636],[-78.50712,-1.45308],[-78.51315,-1.46203],[-78.52578,-1.47583],[-78.53298,-1.47933],[-78.55125,-1.47369],[-78.56331,-1.47525],[-78.58819,-1.48886],[-78.60491,-1.49158],[-78.61113,-1.49838],[-78.61988,-1.50441],[-78.63057,-1.5013],[-78.6368,-1.49547],[-78.64457,-1.49372],[-78.65157,-1.49527],[-78.65877,-1.49935],[-78.67471,-1.49897],[-78.70193,-1.49333],[-78.72059,-1.47194],[-78.73401,-1.46086],[-78.7655,-1.43597],[-78.77522,-1.43364],[-78.79914,-1.43559],[-78.80458,-1.43772],[-78.82519,-1.45542],[-78.83996,-1.46416],[-78.84988,-1.46786],[-78.88301,-1.4676],[-78.88283,-1.46786],[-78.87007,-1.49793],[-78.87099,-1.50705],[-78.87919,-1.52406],[-78.88682,-1.55146],[-78.89148,-1.5641],[-78.89771,-1.57576],[-78.9014,-1.58743],[-78.89946,-1.59715],[-78.89362,-1.60473],[-78.8839,-1.61056],[-78.86154,-1.6197],[-78.85707,-1.62553],[-78.85458,-1.63615],[-78.84577,-1.65499],[-78.84699,-1.66137],[-78.85002,-1.66714],[-78.85701,-1.67382],[-78.86157,-1.68202],[-78.864,-1.70298],[-78.86795,-1.71422],[-78.87372,-1.72425],[-78.87919,-1.74582],[-78.88617,-1.75341],[-78.90288,-1.75949],[-78.91868,-1.75949],[-78.9445,-1.75311],[-78.96668,-1.75159],[-78.98004,-1.75311],[-78.98916,-1.75797],[-79.01285,-1.77771],[-79.01407,-1.78409],[-79.01103,-1.80202],[-79.02044,-1.84303],[-79.02561,-1.85275],[-79.02591,-1.86611],[-79.01953,-1.87735],[-79.00814,-1.91347],[-79.00814,-1.92921],[-79.01338,-1.94321],[-79.01902,-1.95118],[-79.02233,-2.00523],[-79.02719,-2.01262],[-79.0301,-2.02078],[-79.03438,-2.03925],[-79.03905,-2.04781],[-79.0406,-2.05772],[-79.0338,-2.069],[-79.0233,-2.0795],[-79.02233,-2.08475],[-79.02583,-2.09058],[-79.02933,-2.10186],[-79.03244,-2.11955],[-79.07385,-2.16951],[-79.09718,-2.18915],[-79.11079,-2.1944],[-79.11837,-2.19479],[-79.12588,-2.19271],[-79.12698,-2.19503],[-79.13407,-2.20243],[-79.16484,-2.20198],[-79.17553,-2.19965],[-79.18447,-2.19518],[-79.19555,-2.1944],[-79.20644,-2.19654],[-79.2461,-2.19596],[-79.25038,-2.19965],[-79.25096,-2.2049],[-79.24902,-2.21812],[-79.24222,-2.22006],[-79.22938,-2.21929],[-79.21091,-2.21112],[-79.19944,-2.20995],[-79.18156,-2.21501],[-79.17145,-2.21637],[-79.14598,-2.21443],[-79.14034,-2.21637],[-79.13645,-2.22415],[-79.13695,-2.2362],[-79.13256,-2.2362],[-79.11701,-2.24845],[-79.1069,-2.25428],[-79.09543,-2.26692],[-79.09193,-2.27586],[-79.0859,-2.28422],[-79.06974,-2.29544],[-79.05979,-2.31224],[-79.04797,-2.32531],[-79.04201,-2.33849],[-79.03138,-2.35246],[-79.00829,-2.37555],[-79.00191,-2.37828],[-78.98156,-2.37828],[-78.9688,-2.38163],[-78.94085,-2.39165],[-78.93478,-2.39712],[-78.92597,-2.40167],[-78.91929,-2.40319],[-78.90835,-2.40927],[-78.90167,-2.40988],[-78.89529,-2.40775],[-78.88466,-2.39894],[-78.87342,-2.39651],[-78.85944,-2.39712],[-78.83605,-2.39256],[-78.8246,-2.38201],[-78.81702,-2.37949],[-78.80477,-2.38046],[-78.79719,-2.38649],[-78.79291,-2.39485],[-78.79136,-2.40107],[-78.7935,-2.40632],[-78.7933,-2.41468],[-78.78592,-2.42751],[-78.77969,-2.43334],[-78.77386,-2.43451],[-78.76161,-2.4279],[-78.7517,-2.42751],[-78.74664,-2.43373],[-78.7359,-2.4344],[-78.73081,-2.4317],[-78.72643,-2.42604],[-78.71719,-2.4223],[-78.71273,-2.42572],[-78.69804,-2.44403],[-78.66946,-2.4522],[-78.66479,-2.45998],[-78.6574,-2.47864],[-78.64671,-2.49342],[-78.62941,-2.50197],[-78.6158,-2.51383],[-78.61133,-2.52083],[-78.60472,-2.52647],[-78.59811,-2.53094],[-78.58158,-2.53735],[-78.57633,-2.54124],[-78.57186,-2.5498],[-78.57089,-2.55386]]]}},{"type":"Feature","properties":{"shapeName":"Morona Santiago","shapeISO":"EC-S","shapeID":"780006B74004453472975","shapeGroup":"ECU","shapeType":"ADM1"},"geometry":{"type":"Polygon","coordinates":[[[-78.17507,-1.44544],[-78.18262,-1.44902],[-78.21847,-1.47545],[-78.23396,-1.48912],[-78.25006,-1.49793],[-78.261,-1.49976],[-78.27649,-1.49581],[-78.28652,-1.48214],[-78.29715,-1.4791],[-78.31325,-1.48669],[-78.3175,-1.49246],[-78.33992,-1.49974],[-78.34536,-1.50538],[-78.34886,-1.51549],[-78.35528,-1.51782],[-78.35957,-1.51643],[-78.36834,-1.52623],[-78.37618,-1.53805],[-78.37992,-1.55049],[-78.37979,-1.56543],[-78.37666,-1.5779],[-78.37705,-1.59365],[-78.3755,-1.60084],[-78.37005,-1.60862],[-78.36733,-1.62067],[-78.36714,-1.63661],[-78.37433,-1.65003],[-78.38541,-1.65333],[-78.40058,-1.66072],[-78.40913,-1.66675],[-78.41205,-1.67414],[-78.41749,-1.68094],[-78.42955,-1.68697],[-78.43946,-1.69883],[-78.45502,-1.73207],[-78.4626,-1.74102],[-78.46301,-1.75159],[-78.46119,-1.75766],[-78.44752,-1.77133],[-78.42899,-1.8011],[-78.41957,-1.82784],[-78.40195,-1.85427],[-78.40134,-1.8649],[-78.40377,-1.87462],[-78.42109,-1.89831],[-78.43658,-1.91046],[-78.45086,-1.91715],[-78.46149,-1.92596],[-78.46726,-1.93963],[-78.48519,-1.95603],[-78.48974,-1.96423],[-78.48914,-1.98337],[-78.48245,-1.99461],[-78.47516,-1.99978],[-78.46787,-2.00069],[-78.46362,-1.99583],[-78.45542,-1.99583],[-78.4463,-2.00372],[-78.44235,-2.01253],[-78.44175,-2.018],[-78.44995,-2.0262],[-78.4542,-2.03623],[-78.4545,-2.04352],[-78.45268,-2.05354],[-78.44053,-2.08392],[-78.43962,-2.09486],[-78.44752,-2.11005],[-78.45693,-2.11612],[-78.48974,-2.12098],[-78.50463,-2.12979],[-78.51405,-2.13921],[-78.51977,-2.15472],[-78.5199,-2.17027],[-78.49601,-2.20411],[-78.49202,-2.21419],[-78.49066,-2.22203],[-78.49849,-2.23522],[-78.51769,-2.24158],[-78.53075,-2.24401],[-78.53804,-2.24948],[-78.54108,-2.26406],[-78.54412,-2.29201],[-78.54928,-2.29839],[-78.57784,-2.3075],[-78.58574,-2.31601],[-78.58726,-2.32208],[-78.5824,-2.32603],[-78.57116,-2.3312],[-78.54321,-2.34122],[-78.53197,-2.34973],[-78.51496,-2.36826],[-78.49096,-2.38618],[-78.48458,-2.39894],[-78.48002,-2.41231],[-78.47135,-2.41358],[-78.4694,-2.41507],[-78.46824,-2.41993],[-78.48262,-2.43528],[-78.48709,-2.44267],[-78.4904,-2.47164],[-78.49837,-2.50703],[-78.50556,-2.52686],[-78.51276,-2.53716],[-78.53298,-2.54591],[-78.54523,-2.54844],[-78.55359,-2.55213],[-78.57089,-2.55386],[-78.5684,-2.56433],[-78.56681,-2.56263],[-78.5635,-2.5638],[-78.56117,-2.57352],[-78.56136,-2.58207],[-78.56467,-2.59218],[-78.56292,-2.60073],[-78.55806,-2.60948],[-78.54542,-2.61979],[-78.53764,-2.62232],[-78.52909,-2.6227],[-78.52364,-2.61648],[-78.52034,-2.60715],[-78.51703,-2.58985],[-78.50401,-2.57604],[-78.49623,-2.57196],[-78.48554,-2.57235],[-78.47329,-2.57604],[-78.45074,-2.59063],[-78.44102,-2.59529],[-78.42877,-2.60968],[-78.42449,-2.61882],[-78.42352,-2.62776],[-78.43246,-2.6402],[-78.44471,-2.65187],[-78.46901,-2.66081],[-78.47971,-2.65595],[-78.4904,-2.65692],[-78.50051,-2.6647],[-78.51159,-2.68122],[-78.52151,-2.68939],[-78.53803,-2.69172],[-78.56408,-2.69969],[-78.57089,-2.70669],[-78.5808,-2.72302],[-78.59151,-2.74798],[-78.59394,-2.75861],[-78.60852,-2.77411],[-78.60974,-2.78565],[-78.60336,-2.79902],[-78.57571,-2.82666],[-78.57116,-2.84063],[-78.57571,-2.85279],[-78.58999,-2.86646],[-78.62067,-2.91172],[-78.62603,-2.91348],[-78.62964,-2.94048],[-78.63387,-2.94906],[-78.63537,-2.95815],[-78.63337,-2.96698],[-78.63425,-2.97569],[-78.65167,-2.99187],[-78.65677,-2.99995],[-78.66071,-3.01776],[-78.66888,-3.02573],[-78.67063,-3.03118],[-78.67024,-3.06131],[-78.6784,-3.07064],[-78.68521,-3.09631],[-78.69279,-3.10914],[-78.69998,-3.11458],[-78.71981,-3.12042],[-78.73984,-3.12411],[-78.75461,-3.12994],[-78.76142,-3.13597],[-78.783,-3.18457],[-78.79991,-3.20324],[-78.82422,-3.23357],[-78.83335,-3.23823],[-78.84327,-3.23571],[-78.8458,-3.22948],[-78.85085,-3.22676],[-78.86135,-3.23259],[-78.86777,-3.24368],[-78.89304,-3.2569],[-78.90704,-3.26817],[-78.92951,-3.27954],[-78.9325,-3.2829],[-78.94208,-3.30306],[-78.94507,-3.31451],[-78.94531,-3.34368],[-78.9437,-3.34355],[-78.93195,-3.35343],[-78.91562,-3.37189],[-78.90998,-3.38727],[-78.90605,-3.39325],[-78.89631,-3.39871],[-78.88726,-3.41341],[-78.88227,-3.42342],[-78.88052,-3.43862],[-78.86921,-3.48186],[-78.866,-3.50108],[-78.8596,-3.5139],[-78.84972,-3.51763],[-78.84037,-3.53018],[-78.83423,-3.543],[-78.82489,-3.54887],[-78.81581,-3.54967],[-78.80753,-3.54647],[-78.79739,-3.54727],[-78.77443,-3.56249],[-78.76268,-3.56836],[-78.752,-3.56943],[-78.74426,-3.56809],[-78.73411,-3.56409],[-78.7229,-3.56409],[-78.69593,-3.58385],[-78.68685,-3.58652],[-78.68044,-3.58358],[-78.66282,-3.55394],[-78.65535,-3.54593],[-78.64093,-3.53686],[-78.62811,-3.53472],[-78.61423,-3.53766],[-78.60061,-3.54487],[-78.5862,-3.54754],[-78.57044,-3.54727],[-78.55362,-3.5438],[-78.51865,-3.52805],[-78.37029,-3.52599],[-78.36063,-3.49576],[-78.355,-3.46431],[-78.35054,-3.45516],[-78.35148,-3.43944],[-78.35734,-3.40964],[-78.35617,-3.4026],[-78.35242,-3.39931],[-78.3489,-3.39251],[-78.34796,-3.38242],[-78.34373,-3.37772],[-78.33623,-3.37772],[-78.30971,-3.38969],[-78.25313,-3.40663],[-78.24579,-3.4136],[-78.23479,-3.43523],[-78.23113,-3.45283],[-78.22819,-3.49353],[-78.22453,-3.50086],[-78.21903,-3.50636],[-78.21096,-3.50673],[-78.20069,-3.50269],[-78.17833,-3.49096],[-78.16214,-3.48426],[-78.15283,-3.47705],[-78.14427,-3.46263],[-78.14457,-3.45557],[-78.15569,-3.41547],[-78.15914,-3.41202],[-78.17341,-3.40391],[-78.17881,-3.3991],[-78.18377,-3.39145],[-78.18752,-3.38469],[-78.19458,-3.36411],[-78.19188,-3.3578],[-78.17611,-3.3524],[-78.16665,-3.34519],[-78.13181,-3.30614],[-78.11469,-3.28467],[-78.10778,-3.2686],[-78.09006,-3.23465],[-78.08675,-3.21618],[-78.0848,-3.21588],[-78.07248,-3.22189],[-78.06246,-3.22037],[-78.04853,-3.2079],[-78.02763,-3.1826],[-78.0192,-3.1826],[-78.01113,-3.187],[-78.00306,-3.1804],[-78.0049,-3.17527],[-78.0082,-3.17197],[-78.00966,-3.16427],[-78.0071,-3.15657],[-78.0038,-3.15107],[-77.99573,-3.14447],[-77.99206,-3.13934],[-77.98436,-3.12137],[-77.97263,-3.11037],[-77.95686,-3.08874],[-77.92643,-3.06564],[-77.85017,-3.00001],[-77.8245,-2.98644],[-77.50601,-2.8777],[-77.40461,-2.84848],[-77.22061,-2.79028],[-76.77732,-2.64068],[-76.70692,-2.61355],[-76.69623,-2.61087],[-76.70272,-2.60151],[-76.72158,-2.58751],[-76.72936,-2.57935],[-76.73772,-2.56243],[-76.7453,-2.55952],[-76.75094,-2.56224],[-76.75716,-2.56302],[-76.76435,-2.56068],[-76.76711,-2.55732],[-76.77673,-2.55721],[-76.78433,-2.56207],[-76.79132,-2.57118],[-76.80225,-2.57209],[-76.81137,-2.56602],[-76.82109,-2.54293],[-76.82747,-2.53959],[-76.83779,-2.54597],[-76.84782,-2.55691],[-76.87637,-2.56359],[-76.88822,-2.56177],[-76.89278,-2.55903],[-76.9183,-2.5648],[-76.93045,-2.55387],[-76.93986,-2.55022],[-76.94715,-2.54506],[-76.95445,-2.53503],[-76.95961,-2.52501],[-76.96629,-2.51772],[-76.97996,-2.51498],[-76.99211,-2.51498],[-76.99424,-2.50739],[-76.99515,-2.48521],[-77.00123,-2.46608],[-77.00609,-2.4603],[-77.02857,-2.44663],[-77.03738,-2.43509],[-77.04315,-2.41838],[-77.05226,-2.4038],[-77.07049,-2.3795],[-77.07778,-2.36066],[-77.09449,-2.33636],[-77.1039,-2.32664],[-77.11393,-2.31814],[-77.14431,-2.30173],[-77.16466,-2.29657],[-77.17468,-2.2908],[-77.18987,-2.27652],[-77.23423,-2.25282],[-77.24911,-2.24037],[-77.27645,-2.20908],[-77.29255,-2.19511],[-77.3129,-2.18174],[-77.32749,-2.17597],[-77.34255,-2.16485],[-77.35558,-2.16115],[-77.3791,-2.15804],[-77.38941,-2.15221],[-77.41215,-2.14424],[-77.4209,-2.1353],[-77.42732,-2.12499],[-77.43121,-2.10827],[-77.44423,-2.09797],[-77.45512,-2.09875],[-77.4734,-2.10322],[-77.4837,-2.10302],[-77.49148,-2.09855],[-77.50217,-2.08864],[-77.53969,-2.07503],[-77.54864,-2.07503],[-77.55758,-2.07697],[-77.57002,-2.076],[-77.57683,-2.07386],[-77.59355,-2.05636],[-77.59977,-2.05189],[-77.60696,-2.0499],[-77.6182,-2.04291],[-77.62914,-2.04139],[-77.64129,-2.04413],[-77.64858,-2.04899],[-77.66012,-2.05172],[-77.67136,-2.04747],[-77.6987,-2.02894],[-77.71116,-2.02408],[-77.72088,-2.01557],[-77.72574,-2.00767],[-77.72938,-1.99248],[-77.73394,-1.9858],[-77.75794,-1.97821],[-77.76888,-1.97335],[-77.78528,-1.95968],[-77.79136,-1.94904],[-77.79652,-1.93568],[-77.80715,-1.92808],[-77.81809,-1.92353],[-77.82447,-1.87796],[-77.83632,-1.85184],[-77.8528,-1.82742],[-77.86941,-1.77141],[-77.88412,-1.75859],[-77.88127,-1.74815],[-77.88127,-1.72964],[-77.88697,-1.69594],[-77.91925,-1.66224],[-77.93064,-1.65797],[-77.94725,-1.65892],[-77.95959,-1.66271],[-77.97526,-1.67126],[-77.99377,-1.67411],[-78.01703,-1.67173],[-78.02889,-1.66129],[-78.04456,-1.60576],[-78.05405,-1.56114],[-78.06307,-1.53503],[-78.07964,-1.50796],[-78.0927,-1.48973],[-78.11579,-1.46421],[-78.13098,-1.4554],[-78.15802,-1.45024],[-78.17507,-1.44544]]]}},{"type":"Feature","properties":{"shapeName":"Napo","shapeISO":"EC-N","shapeID":"780006B95371609522575","shapeGroup":"ECU","shapeType":"ADM1"},"geometry":{"type":"Polygon","coordinates":[[[-77.07005,-1.01177],[-77.06728,-1.01143],[-77.05961,-1.00692],[-77.04812,-0.99598],[-77.04853,-0.98831],[-77.06071,-0.98216],[-77.06933,-0.97491],[-77.07152,-0.96328],[-77.0629,-0.95261],[-77.04568,-0.94157],[-77.037,-0.93088],[-77.03466,-0.91952],[-77.04568,-0.91284],[-77.09512,-0.91151],[-77.11549,-0.90616],[-77.13052,-0.90015],[-77.14488,-0.8918],[-77.16459,-0.8741],[-77.17762,-0.85807],[-77.18563,-0.85406],[-77.18897,-0.84671],[-77.19031,-0.83669],[-77.19365,-0.82934],[-77.20601,-0.81097],[-77.20233,-0.79995],[-77.18359,-0.7749],[-77.17675,-0.76784],[-77.14772,-0.75423],[-77.11946,-0.72616],[-77.11262,-0.71633],[-77.11219,-0.70671],[-77.1139,-0.70051],[-77.12138,-0.69367],[-77.131,-0.69025],[-77.14276,-0.69196],[-77.1511,-0.69666],[-77.15687,-0.70564],[-77.17076,-0.72018],[-77.19791,-0.75523],[-77.20903,-0.76485],[-77.21929,-0.76763],[-77.22869,-0.7749],[-77.23746,-0.78601],[-77.25477,-0.80226],[-77.26845,-0.83133],[-77.29389,-0.83967],[-77.31506,-0.84309],[-77.3328,-0.84972],[-77.38325,-0.8867],[-77.41724,-0.89161],[-77.43925,-0.89846],[-77.45101,-0.90423],[-77.4773,-0.92967],[-77.49376,-0.94014],[-77.50381,-0.9442],[-77.51813,-0.94655],[-77.55875,-0.93993],[-77.58278,-0.93209],[-77.59044,-0.92319],[-77.58879,-0.9169],[-77.56348,-0.9076],[-77.5535,-0.90158],[-77.54529,-0.89104],[-77.54336,-0.88007],[-77.53139,-0.8448],[-77.52433,-0.83133],[-77.51728,-0.82257],[-77.51364,-0.81316],[-77.51706,-0.8059],[-77.5363,-0.79457],[-77.53887,-0.79093],[-77.53801,-0.77811],[-77.53117,-0.77041],[-77.52647,-0.76229],[-77.52134,-0.73621],[-77.51664,-0.73001],[-77.49718,-0.71483],[-77.49248,-0.70521],[-77.4944,-0.69666],[-77.50744,-0.68341],[-77.51557,-0.66738],[-77.52113,-0.66118],[-77.52433,-0.65092],[-77.52797,-0.62847],[-77.53074,-0.6212],[-77.53673,-0.61586],[-77.55255,-0.61351],[-77.5735,-0.60496],[-77.58414,-0.59293],[-77.59139,-0.56899],[-77.59769,-0.5642],[-77.61534,-0.55723],[-77.62012,-0.55107],[-77.61876,-0.54313],[-77.61424,-0.53807],[-77.60562,-0.53534],[-77.59522,-0.52644],[-77.58797,-0.51153],[-77.58483,-0.50797],[-77.56048,-0.49621],[-77.55678,-0.48814],[-77.5576,-0.48075],[-77.56061,-0.47528],[-77.56362,-0.46296],[-77.55979,-0.45366],[-77.55555,-0.45229],[-77.54857,-0.45489],[-77.54009,-0.46091],[-77.52176,-0.4802],[-77.50438,-0.49128],[-77.46553,-0.5051],[-77.43844,-0.51796],[-77.42681,-0.51947],[-77.41724,-0.51618],[-77.40441,-0.50213],[-77.38603,-0.48995],[-77.3794,-0.47007],[-77.3655,-0.45147],[-77.36166,-0.44164],[-77.35917,-0.42701],[-77.35444,-0.42274],[-77.332,-0.42069],[-77.32407,-0.41768],[-77.31873,-0.4092],[-77.31736,-0.39784],[-77.31832,-0.38758],[-77.32147,-0.37951],[-77.32734,-0.37177],[-77.32664,-0.36748],[-77.32226,-0.36135],[-77.30895,-0.35706],[-77.2971,-0.34587],[-77.28171,-0.33989],[-77.2753,-0.33454],[-77.27038,-0.32172],[-77.26696,-0.31723],[-77.25349,-0.30739],[-77.25199,-0.29713],[-77.25541,-0.26913],[-77.27016,-0.25502],[-77.26397,-0.23493],[-77.2676,-0.22232],[-77.28342,-0.20115],[-77.29175,-0.18448],[-77.29026,-0.15968],[-77.28705,-0.1475],[-77.27594,-0.13553],[-77.27636,-0.12591],[-77.28085,-0.11565],[-77.28214,-0.10325],[-77.29582,-0.07289],[-77.29026,-0.06392],[-77.29197,-0.05665],[-77.29578,-0.05263],[-77.29929,-0.0558],[-77.3081,-0.06915],[-77.32225,-0.08544],[-77.33613,-0.1076],[-77.3631,-0.14151],[-77.37244,-0.14578],[-77.38099,-0.14338],[-77.41036,-0.12762],[-77.41997,-0.12495],[-77.42985,-0.12469],[-77.44026,-0.12682],[-77.44613,-0.13109],[-77.45067,-0.12976],[-77.45414,-0.12175],[-77.45281,-0.11427],[-77.44907,-0.10867],[-77.44213,-0.10359],[-77.43999,-0.09558],[-77.44186,-0.09078],[-77.44987,-0.0857],[-77.45147,-0.07956],[-77.44747,-0.07262],[-77.44182,-0.07091],[-77.43806,-0.06596],[-77.43874,-0.05776],[-77.44507,-0.04511],[-77.44678,-0.03024],[-77.44951,-0.02051],[-77.45771,-0.0135],[-77.4666,-0.01299],[-77.4748,-0.01589],[-77.49155,-0.02939],[-77.50504,-0.04323],[-77.50897,-0.054],[-77.52264,-0.05041],[-77.53614,-0.05365],[-77.54264,-0.05844],[-77.56553,-0.08561],[-77.57493,-0.09364],[-77.58433,-0.09603],[-77.60005,-0.08561],[-77.63952,-0.07348],[-77.6467,-0.07331],[-77.65917,-0.07587],[-77.67079,-0.08048],[-77.68668,-0.081],[-77.69745,-0.07826],[-77.70377,-0.07604],[-77.71146,-0.05793],[-77.71539,-0.05229],[-77.72069,-0.04921],[-77.72752,-0.04785],[-77.73368,-0.04938],[-77.73966,-0.06664],[-77.74632,-0.07382],[-77.75709,-0.07758],[-77.76597,-0.07672],[-77.77178,-0.07091],[-77.77452,-0.06579],[-77.77896,-0.03845],[-77.78341,-0.02169],[-77.79009,-0.0146],[-77.78759,-0.0025],[-77.77841,0.00751],[-77.77549,0.01293],[-77.77424,0.01961],[-77.78049,0.02712],[-77.80302,0.03254],[-77.81679,0.03921],[-77.8243,0.03921],[-77.83348,0.03713],[-77.84015,0.03212],[-77.84331,0.03164],[-77.84363,0.00908],[-77.84848,0.00112],[-77.85782,-0.0046],[-77.87586,-0.0107],[-77.90261,-0.02563],[-77.91443,-0.03061],[-77.94131,-0.0494],[-77.93471,-0.0642],[-77.92961,-0.09058],[-77.93471,-0.09494],[-77.95014,-0.09606],[-77.95275,-0.10128],[-77.96314,-0.11354],[-77.9713,-0.1184],[-77.97908,-0.11762],[-77.9888,-0.11432],[-77.99716,-0.11626],[-78.00221,-0.12132],[-78.00999,-0.13745],[-78.04285,-0.1394],[-78.05393,-0.15145],[-78.05607,-0.16176],[-78.06035,-0.17187],[-78.06734,-0.18003],[-78.07804,-0.1847],[-78.10409,-0.19384],[-78.11245,-0.17809],[-78.12081,-0.17128],[-78.13014,-0.16642],[-78.13792,-0.1637],[-78.14278,-0.16351],[-78.16125,-0.18003],[-78.17602,-0.18761],[-78.18069,-0.19189],[-78.18497,-0.19947],[-78.19177,-0.2195],[-78.18322,-0.23214],[-78.18322,-0.24108],[-78.18808,-0.25041],[-78.18842,-0.26316],[-78.18556,-0.28258],[-78.18718,-0.29191],[-78.1924,-0.29987],[-78.19586,-0.31749],[-78.20441,-0.33323],[-78.20616,-0.34334],[-78.21394,-0.3587],[-78.24427,-0.39253],[-78.24893,-0.39914],[-78.25263,-0.41003],[-78.25438,-0.41761],[-78.24388,-0.4285],[-78.23843,-0.43764],[-78.2361,-0.44852],[-78.23649,-0.45494],[-78.23941,-0.46388],[-78.25067,-0.48088],[-78.26768,-0.51764],[-78.26221,-0.52432],[-78.26555,-0.53161],[-78.27224,-0.54042],[-78.28378,-0.56867],[-78.31872,-0.60239],[-78.32342,-0.61393],[-78.32467,-0.63533],[-78.33136,-0.65383],[-78.33759,-0.65869],[-78.37025,-0.66433],[-78.38755,-0.67269],[-78.40038,-0.68785],[-78.40291,-0.70924],[-78.41185,-0.71138],[-78.41349,-0.71095],[-78.41289,-0.7239],[-78.40712,-0.72664],[-78.39527,-0.73909],[-78.39253,-0.74638],[-78.39618,-0.75641],[-78.40225,-0.7634],[-78.40286,-0.77251],[-78.40195,-0.78436],[-78.39709,-0.79529],[-78.39345,-0.79985],[-78.39071,-0.81109],[-78.39284,-0.82172],[-78.39727,-0.82531],[-78.40019,-0.83542],[-78.39922,-0.8428],[-78.39475,-0.84747],[-78.39591,-0.85447],[-78.40174,-0.86283],[-78.41108,-0.87099],[-78.42322,-0.88673],[-78.42534,-0.89615],[-78.4217,-0.90617],[-78.41289,-0.91954],[-78.41258,-0.94141],[-78.40924,-0.95052],[-78.40256,-0.96085],[-78.40256,-0.97391],[-78.4062,-0.98576],[-78.41046,-0.99366],[-78.41057,-0.99401],[-78.40219,-0.99704],[-78.36088,-1.0055],[-78.35627,-1.00998],[-78.34694,-1.02566],[-78.33311,-1.03547],[-78.32689,-1.04383],[-78.32748,-1.0483],[-78.33603,-1.05628],[-78.33681,-1.08505],[-78.34342,-1.08991],[-78.34459,-1.0973],[-78.34322,-1.10449],[-78.33875,-1.10974],[-78.33623,-1.11635],[-78.33661,-1.12568],[-78.33914,-1.13307],[-78.3512,-1.14746],[-78.35314,-1.15834],[-78.35197,-1.16632],[-78.34614,-1.16904],[-78.33759,-1.16807],[-78.32631,-1.16398],[-78.30526,-1.14561],[-78.29891,-1.14175],[-78.28995,-1.13976],[-78.27241,-1.14187],[-78.26701,-1.14804],[-78.25885,-1.15251],[-78.24427,-1.15193],[-78.23143,-1.14396],[-78.22443,-1.14124],[-78.21627,-1.14415],[-78.19274,-1.16573],[-78.18769,-1.17779],[-78.18205,-1.18381],[-78.17214,-1.18751],[-78.16436,-1.18731],[-78.14822,-1.18401],[-78.14181,-1.18692],[-78.12742,-1.19762],[-78.12237,-1.20734],[-78.12174,-1.22041],[-78.1085,-1.22013],[-78.09848,-1.22414],[-78.08612,-1.23182],[-78.06441,-1.24117],[-78.0447,-1.24218],[-78.03001,-1.23717],[-78.01264,-1.22614],[-77.99894,-1.2228],[-77.98927,-1.2253],[-77.97944,-1.22509],[-77.9696,-1.21974],[-77.95806,-1.20735],[-77.95101,-1.20628],[-77.94267,-1.21141],[-77.93134,-1.22167],[-77.91381,-1.23364],[-77.90911,-1.23834],[-77.89949,-1.24155],[-77.89115,-1.24112],[-77.88752,-1.233],[-77.88773,-1.21568],[-77.88495,-1.20713],[-77.87683,-1.20029],[-77.86892,-1.19965],[-77.85695,-1.20393],[-77.84284,-1.21611],[-77.83258,-1.21547],[-77.79026,-1.19153],[-77.77273,-1.1787],[-77.74729,-1.16652],[-77.73917,-1.16459],[-77.72014,-1.17314],[-77.7133,-1.1678],[-77.69834,-1.14877],[-77.68979,-1.14364],[-77.67439,-1.14386],[-77.66862,-1.14578],[-77.65601,-1.13873],[-77.64746,-1.1383],[-77.63805,-1.14193],[-77.62252,-1.14298],[-77.61216,-1.13997],[-77.60648,-1.1363],[-77.59479,-1.13362],[-77.58444,-1.1373],[-77.57215,-1.1486],[-77.56516,-1.15284],[-77.55404,-1.15198],[-77.54464,-1.14557],[-77.52711,-1.12932],[-77.51557,-1.12291],[-77.48158,-1.10773],[-77.45529,-1.09854],[-77.44246,-1.08187],[-77.42172,-1.07887],[-77.40911,-1.08016],[-77.36921,-1.09694],[-77.35978,-1.09995],[-77.35239,-1.09995],[-77.34295,-1.09653],[-77.34267,-1.07464],[-77.33474,-1.0678],[-77.27508,-1.05728],[-77.24708,-1.05579],[-77.23767,-1.05322],[-77.22365,-1.03469],[-77.21544,-1.02799],[-77.18151,-1.02224],[-77.14348,-1.0206],[-77.11967,-1.01239],[-77.10462,-1.01116],[-77.07986,-1.01294],[-77.07005,-1.01177]]]}},{"type":"Feature","properties":{"shapeName":"Orellana","shapeISO":"EC-D*","shapeID":"780006B54205869319714","shapeGroup":"ECU","shapeType":"ADM1"},"geometry":{"type":"Polygon","coordinates":[[[-75.57932,-1.55103],[-75.57613,-1.54947],[-75.57191,-1.55182],[-75.56956,-1.56097],[-75.5651,-1.56519],[-75.56041,-1.56167],[-75.55595,-1.55205],[-75.49855,-1.3469],[-75.40517,-1.02493],[-75.38072,-0.93058],[-75.37265,-0.91995],[-75.36238,-0.92178],[-75.34405,-0.93718],[-75.32425,-0.95955],[-75.31215,-0.97055],[-75.29969,-0.97715],[-75.27842,-0.98375],[-75.23992,-0.96908],[-75.19262,-0.97201],[-75.18859,-0.96615],[-75.19079,-0.95625],[-75.21719,-0.94048],[-75.22525,-0.92838],[-75.22525,-0.92105],[-75.21425,-0.91005],[-75.21059,-0.89758],[-75.21205,-0.87302],[-75.21902,-0.85505],[-75.22672,-0.85138],[-75.23405,-0.84258],[-75.23809,-0.83415],[-75.23822,-0.82272],[-75.23165,-0.81545],[-75.22719,-0.80747],[-75.23024,-0.79879],[-75.23705,-0.79245],[-75.24808,-0.78823],[-75.25676,-0.7826],[-75.25582,-0.77251],[-75.24244,-0.76406],[-75.2415,-0.75608],[-75.26169,-0.73214],[-75.26521,-0.72581],[-75.26638,-0.7183],[-75.26004,-0.70751],[-75.24221,-0.69436],[-75.23939,-0.68944],[-75.2408,-0.68357],[-75.25793,-0.66738],[-75.25863,-0.66034],[-75.2516,-0.64555],[-75.24182,-0.63827],[-75.25154,-0.63566],[-75.26008,-0.63685],[-75.2676,-0.64659],[-75.27307,-0.64625],[-75.27666,-0.64352],[-75.27785,-0.62387],[-75.28281,-0.62233],[-75.28759,-0.62575],[-75.29204,-0.6261],[-75.30031,-0.62022],[-75.30325,-0.61488],[-75.30966,-0.61141],[-75.3142,-0.61061],[-75.32274,-0.61435],[-75.32968,-0.61542],[-75.33796,-0.61141],[-75.35184,-0.59993],[-75.35611,-0.59833],[-75.36786,-0.60634],[-75.37534,-0.6018],[-75.38014,-0.59326],[-75.38655,-0.56255],[-75.39712,-0.55791],[-75.42258,-0.55159],[-75.43779,-0.54185],[-75.44599,-0.53997],[-75.453,-0.54202],[-75.46171,-0.54783],[-75.4706,-0.54663],[-75.47692,-0.54133],[-75.48051,-0.5415],[-75.48598,-0.54749],[-75.50136,-0.55381],[-75.51947,-0.53501],[-75.52545,-0.53484],[-75.53263,-0.53962],[-75.541,-0.53792],[-75.54972,-0.51519],[-75.55587,-0.51006],[-75.56055,-0.49308],[-75.56572,-0.48972],[-75.56957,-0.49035],[-75.57552,-0.49644],[-75.5855,-0.48611],[-75.59348,-0.4802],[-75.62563,-0.46347],[-75.63974,-0.44849],[-75.64554,-0.4475],[-75.65669,-0.45046],[-75.68086,-0.46588],[-75.6895,-0.46588],[-75.70153,-0.45855],[-75.71356,-0.4335],[-75.71903,-0.42869],[-75.72395,-0.4206],[-75.72865,-0.41601],[-75.73652,-0.41382],[-75.74199,-0.41557],[-75.74582,-0.42082],[-75.75336,-0.42541],[-75.76222,-0.42858],[-75.77097,-0.42793],[-75.77896,-0.42519],[-75.78934,-0.42552],[-75.82089,-0.43693],[-75.83354,-0.4359],[-75.859,-0.4113],[-75.86857,-0.40549],[-75.88207,-0.40258],[-75.89283,-0.40104],[-75.91248,-0.40173],[-75.92103,-0.40617],[-75.93299,-0.40976],[-75.94068,-0.41454],[-75.93982,-0.45948],[-75.92214,-0.49661],[-75.91787,-0.50996],[-75.9184,-0.5217],[-75.92694,-0.52704],[-75.92908,-0.53799],[-75.92721,-0.5436],[-75.92171,-0.54561],[-75.91898,-0.5509],[-75.92376,-0.5603],[-75.95486,-0.55979],[-75.96358,-0.55723],[-75.99536,-0.54133],[-76.0104,-0.52613],[-76.03193,-0.51622],[-76.04047,-0.50904],[-76.04628,-0.50015],[-76.05841,-0.4764],[-76.06866,-0.44513],[-76.07618,-0.43659],[-76.08285,-0.43368],[-76.09037,-0.43471],[-76.12266,-0.44667],[-76.12967,-0.44616],[-76.15547,-0.43932],[-76.17768,-0.43915],[-76.19768,-0.4412],[-76.21869,-0.44872],[-76.22997,-0.44206],[-76.23903,-0.44018],[-76.2486,-0.44103],[-76.25629,-0.44428],[-76.2744,-0.46393],[-76.28363,-0.47076],[-76.32139,-0.48341],[-76.32925,-0.48836],[-76.34753,-0.50767],[-76.3571,-0.51297],[-76.3706,-0.51707],[-76.38205,-0.51622],[-76.39111,-0.50989],[-76.40016,-0.49537],[-76.40666,-0.48939],[-76.42003,-0.4825],[-76.43698,-0.48611],[-76.45305,-0.48633],[-76.46563,-0.48337],[-76.47569,-0.47561],[-76.48564,-0.46413],[-76.49831,-0.44534],[-76.50685,-0.43867],[-76.51833,-0.4352],[-76.53702,-0.41998],[-76.5477,-0.4093],[-76.55972,-0.4077],[-76.5712,-0.41197],[-76.59389,-0.42639],[-76.6035,-0.42932],[-76.6246,-0.42425],[-76.63234,-0.41437],[-76.63047,-0.40316],[-76.63768,-0.39515],[-76.64702,-0.39141],[-76.65904,-0.3834],[-76.66919,-0.37406],[-76.69882,-0.35216],[-76.7111,-0.34656],[-76.71724,-0.33988],[-76.71831,-0.33187],[-76.72499,-0.31906],[-76.74207,-0.30464],[-76.75329,-0.28542],[-76.76317,-0.25551],[-76.77438,-0.24563],[-76.78746,-0.23816],[-76.79681,-0.22908],[-76.80508,-0.21039],[-76.81897,-0.19811],[-76.84754,-0.16794],[-76.85688,-0.15192],[-76.86569,-0.14151],[-76.87023,-0.12896],[-76.87397,-0.12282],[-76.89533,-0.10199],[-76.8996,-0.09291],[-76.90094,-0.08143],[-76.90654,-0.07716],[-76.92336,-0.07049],[-76.92737,-0.06328],[-76.93271,-0.05767],[-76.93858,-0.0566],[-76.96021,-0.06168],[-76.97035,-0.06568],[-76.98183,-0.07262],[-76.99545,-0.08357],[-77.01067,-0.09265],[-77.02375,-0.09852],[-77.04618,-0.10626],[-77.05953,-0.10626],[-77.08863,-0.10493],[-77.09771,-0.10199],[-77.11052,-0.09051],[-77.114,-0.0841],[-77.1212,-0.0817],[-77.15111,-0.0857],[-77.15298,-0.08891],[-77.16019,-0.09345],[-77.17193,-0.09452],[-77.19329,-0.09291],[-77.20744,-0.08624],[-77.21946,-0.07449],[-77.26858,-0.04566],[-77.27499,-0.03871],[-77.28087,-0.03631],[-77.28674,-0.04005],[-77.29368,-0.05073],[-77.29578,-0.05263],[-77.29197,-0.05665],[-77.29026,-0.06392],[-77.29582,-0.07289],[-77.28214,-0.10325],[-77.28085,-0.11565],[-77.27636,-0.12591],[-77.27594,-0.13553],[-77.28705,-0.1475],[-77.29026,-0.15968],[-77.29175,-0.18448],[-77.28342,-0.20115],[-77.2676,-0.22232],[-77.26397,-0.23493],[-77.27016,-0.25502],[-77.25541,-0.26913],[-77.25199,-0.29713],[-77.25349,-0.30739],[-77.26696,-0.31723],[-77.27038,-0.32172],[-77.2753,-0.33454],[-77.28171,-0.33989],[-77.2971,-0.34587],[-77.30895,-0.35706],[-77.32226,-0.36135],[-77.32664,-0.36748],[-77.32734,-0.37177],[-77.32147,-0.37951],[-77.31832,-0.38758],[-77.31736,-0.39784],[-77.31873,-0.4092],[-77.32407,-0.41768],[-77.332,-0.42069],[-77.35444,-0.42274],[-77.35917,-0.42701],[-77.36166,-0.44164],[-77.3655,-0.45147],[-77.3794,-0.47007],[-77.38603,-0.48995],[-77.40441,-0.50213],[-77.41724,-0.51618],[-77.42681,-0.51947],[-77.43844,-0.51796],[-77.46553,-0.5051],[-77.50438,-0.49128],[-77.52176,-0.4802],[-77.54009,-0.46091],[-77.54857,-0.45489],[-77.55555,-0.45229],[-77.55979,-0.45366],[-77.56362,-0.46296],[-77.56061,-0.47528],[-77.5576,-0.48075],[-77.55678,-0.48814],[-77.56048,-0.49621],[-77.58483,-0.50797],[-77.58797,-0.51153],[-77.59522,-0.52644],[-77.60562,-0.53534],[-77.61424,-0.53807],[-77.61876,-0.54313],[-77.62012,-0.55107],[-77.61534,-0.55723],[-77.59769,-0.5642],[-77.59139,-0.56899],[-77.58414,-0.59293],[-77.5735,-0.60496],[-77.55255,-0.61351],[-77.53673,-0.61586],[-77.53074,-0.6212],[-77.52797,-0.62847],[-77.52433,-0.65092],[-77.52113,-0.66118],[-77.51557,-0.66738],[-77.50744,-0.68341],[-77.4944,-0.69666],[-77.49248,-0.70521],[-77.49718,-0.71483],[-77.51664,-0.73001],[-77.52134,-0.73621],[-77.52647,-0.76229],[-77.53117,-0.77041],[-77.53801,-0.77811],[-77.53887,-0.79093],[-77.5363,-0.79457],[-77.51706,-0.8059],[-77.51364,-0.81316],[-77.51728,-0.82257],[-77.52433,-0.83133],[-77.53139,-0.8448],[-77.54336,-0.88007],[-77.54529,-0.89104],[-77.5535,-0.90158],[-77.56348,-0.9076],[-77.58879,-0.9169],[-77.59044,-0.92319],[-77.58278,-0.93209],[-77.55875,-0.93993],[-77.51813,-0.94655],[-77.50381,-0.9442],[-77.49376,-0.94014],[-77.4773,-0.92967],[-77.45101,-0.90423],[-77.43925,-0.89846],[-77.41724,-0.89161],[-77.38325,-0.8867],[-77.3328,-0.84972],[-77.31506,-0.84309],[-77.29389,-0.83967],[-77.26845,-0.83133],[-77.25477,-0.80226],[-77.23746,-0.78601],[-77.22869,-0.7749],[-77.21929,-0.76763],[-77.20903,-0.76485],[-77.19791,-0.75523],[-77.17076,-0.72018],[-77.15687,-0.70564],[-77.1511,-0.69666],[-77.14276,-0.69196],[-77.131,-0.69025],[-77.12138,-0.69367],[-77.1139,-0.70051],[-77.11219,-0.70671],[-77.11262,-0.71633],[-77.11946,-0.72616],[-77.14772,-0.75423],[-77.17675,-0.76784],[-77.18359,-0.7749],[-77.20233,-0.79995],[-77.20601,-0.81097],[-77.19365,-0.82934],[-77.19031,-0.83669],[-77.18897,-0.84671],[-77.18563,-0.85406],[-77.17762,-0.85807],[-77.16459,-0.8741],[-77.14488,-0.8918],[-77.13052,-0.90015],[-77.11549,-0.90616],[-77.09512,-0.91151],[-77.04568,-0.91284],[-77.03466,-0.91952],[-77.037,-0.93088],[-77.04568,-0.94157],[-77.0629,-0.95261],[-77.07152,-0.96328],[-77.06933,-0.97491],[-77.06071,-0.98216],[-77.04853,-0.98831],[-77.04812,-0.99598],[-77.05961,-1.00692],[-77.06728,-1.01143],[-77.07005,-1.01177],[-77.06901,-1.01667],[-77.07286,-1.02394],[-77.07478,-1.03185],[-77.07478,-1.05835],[-77.06773,-1.0731],[-77.06025,-1.08208],[-77.03908,-1.09662],[-77.00745,-1.09426],[-76.99248,-1.09576],[-76.96918,-1.10944],[-76.95222,-1.11692],[-76.94209,-1.11828],[-76.92581,-1.11951],[-76.9135,-1.11787],[-76.90721,-1.11418],[-76.88888,-1.08463],[-76.88039,-1.06493],[-76.87478,-1.06028],[-76.84387,-1.0559],[-76.82854,-1.05562],[-76.81007,-1.05193],[-76.76534,-1.0362],[-76.74632,-1.03223],[-76.72744,-1.03031],[-76.71978,-1.02676],[-76.71266,-1.02129],[-76.71089,-1.01595],[-76.69953,-0.9994],[-76.69173,-0.99707],[-76.67545,-1.00131],[-76.65028,-1.01978],[-76.6433,-1.02265],[-76.63769,-1.0273],[-76.63482,-1.0362],[-76.63386,-1.0574],[-76.62757,-1.06205],[-76.60541,-1.07136],[-76.59761,-1.07149],[-76.57996,-1.06493],[-76.57107,-1.0637],[-76.56327,-1.06315],[-76.54712,-1.06602],[-76.54193,-1.06315],[-76.53454,-1.05398],[-76.52819,-1.05279],[-76.51771,-1.056],[-76.51322,-1.06113],[-76.51408,-1.08785],[-76.51814,-1.11008],[-76.51557,-1.1274],[-76.52049,-1.13424],[-76.52626,-1.15177],[-76.52498,-1.1958],[-76.51386,-1.20606],[-76.49484,-1.21889],[-76.48736,-1.23107],[-76.48244,-1.23535],[-76.47325,-1.25117],[-76.45401,-1.26378],[-76.44418,-1.26827],[-76.43605,-1.26335],[-76.4213,-1.26955],[-76.41446,-1.26848],[-76.40377,-1.26122],[-76.39608,-1.26079],[-76.3871,-1.26442],[-76.3794,-1.27019],[-76.36551,-1.27361],[-76.36059,-1.28558],[-76.35354,-1.29157],[-76.34007,-1.29756],[-76.33494,-1.30354],[-76.32169,-1.30525],[-76.31442,-1.30247],[-76.30459,-1.30247],[-76.28941,-1.31273],[-76.28278,-1.31209],[-76.27765,-1.3076],[-76.2505,-1.29713],[-76.2272,-1.29456],[-76.21865,-1.29221],[-76.19813,-1.29371],[-76.19001,-1.29221],[-76.18552,-1.28986],[-76.18039,-1.28965],[-76.17269,-1.29264],[-76.16414,-1.29841],[-76.15773,-1.29649],[-76.13999,-1.28216],[-76.12759,-1.27661],[-76.10963,-1.27383],[-76.0998,-1.27532],[-76.0936,-1.27874],[-76.0812,-1.28986],[-76.07543,-1.292],[-76.06517,-1.28558],[-76.05726,-1.28751],[-76.04999,-1.29777],[-76.03011,-1.31209],[-76.02434,-1.30846],[-76.01429,-1.30846],[-76.00446,-1.31209],[-75.98886,-1.32748],[-75.98073,-1.33133],[-75.94054,-1.35677],[-75.93306,-1.35698],[-75.92323,-1.35356],[-75.91126,-1.35549],[-75.89929,-1.34993],[-75.89608,-1.3433],[-75.89181,-1.33924],[-75.88539,-1.33838],[-75.87791,-1.34116],[-75.86808,-1.35271],[-75.85055,-1.35805],[-75.84243,-1.36361],[-75.83238,-1.3805],[-75.82682,-1.38563],[-75.80673,-1.39482],[-75.79732,-1.40294],[-75.79134,-1.40508],[-75.77766,-1.4023],[-75.7691,-1.40337],[-75.75842,-1.40743],[-75.75329,-1.40679],[-75.74516,-1.40829],[-75.74003,-1.4132],[-75.73238,-1.43342],[-75.71204,-1.45689],[-75.70479,-1.4562],[-75.6974,-1.45812],[-75.687,-1.46646],[-75.67414,-1.47098],[-75.66867,-1.47467],[-75.65964,-1.48507],[-75.64555,-1.49068],[-75.63187,-1.4993],[-75.62106,-1.50395],[-75.60998,-1.50135],[-75.59999,-1.50559],[-75.59,-1.51831],[-75.58781,-1.532],[-75.59,-1.54075],[-75.58823,-1.54499],[-75.57932,-1.55103]]]}},{"type":"Feature","properties":{"shapeName":"Galápagos","shapeISO":"EC-W","shapeID":"780006B54205469685650","shapeGroup":"ECU","shapeType":"ADM1"},"geometry":{"type":"MultiPolygon","coordinates":[[[[-89.63618,-1.39268],[-89.63705,-1.37494],[-89.64354,-1.36239],[-89.66127,-1.3546],[-89.70064,-1.34855],[-89.71189,-1.35244],[-89.71708,-1.35806],[-89.71622,-1.36975],[-89.70021,-1.381],[-89.68507,-1.38792],[-89.66906,-1.39397],[-89.64959,-1.39787],[-89.63618,-1.39268]]],[[[-90.42437,-1.23438],[-90.44071,-1.23493],[-90.4515,-1.23687],[-90.46895,-1.23604],[-90.47449,-1.24656],[-90.48196,-1.28644],[-90.48944,-1.30859],[-90.48916,-1.32243],[-90.47947,-1.3432],[-90.45261,-1.36341],[-90.4396,-1.36507],[-90.42465,-1.35981],[-90.39723,-1.3432],[-90.38228,-1.32686],[-90.37287,-1.31413],[-90.35653,-1.2845],[-90.35902,-1.26927],[-90.36816,-1.25764],[-90.4,-1.24047],[-90.42437,-1.23438]]],[[[-90.03508,-0.83024],[-90.02123,-0.82505],[-90.02167,-0.81467],[-90.03032,-0.80342],[-90.06363,-0.77832],[-90.07185,-0.78049],[-90.07748,-0.79217],[-90.07575,-0.81164],[-90.06926,-0.82721],[-90.05368,-0.83024],[-90.03508,-0.83024]]],[[[-89.4787,-0.92369],[-89.43068,-0.90639],[-89.41337,-0.89168],[-89.39736,-0.87351],[-89.3727,-0.81986],[-89.35756,-0.80298],[-89.29742,-0.76232],[-89.27752,-0.74285],[-89.26454,-0.72597],[-89.25113,-0.71343],[-89.24421,-0.70131],[-89.25286,-0.68833],[-89.28271,-0.68184],[-89.31646,-0.67882],[-89.34631,-0.68011],[-89.37703,-0.68704],[-89.40082,-0.69655],[-89.42462,-0.7104],[-89.45317,-0.74285],[-89.46615,-0.76015],[-89.47913,-0.78265],[-89.49817,-0.80342],[-89.52672,-0.81813],[-89.57128,-0.84582],[-89.60373,-0.8787],[-89.61152,-0.88822],[-89.61239,-0.8973],[-89.60373,-0.90768],[-89.58772,-0.91288],[-89.57085,-0.9159],[-89.55701,-0.92586],[-89.5384,-0.93191],[-89.51071,-0.93234],[-89.4787,-0.92369]]],[[[-90.64813,-0.64031],[-90.63905,-0.6282],[-90.63472,-0.61132],[-90.64164,-0.59661],[-90.65029,-0.58839],[-90.66414,-0.58666],[-90.67452,-0.59748],[-90.68188,-0.60786],[-90.68274,-0.62041],[-90.67193,-0.63555],[-90.66068,-0.64291],[-90.64813,-0.64031]]],[[[-90.26784,-0.50662],[-90.29985,-0.49797],[-90.32754,-0.49581],[-90.34831,-0.50013],[-90.37427,-0.51311],[-90.39114,-0.51355],[-90.40455,-0.50792],[-90.4145,-0.50187],[-90.42748,-0.5036],[-90.43051,-0.51138],[-90.44436,-0.51614],[-90.46729,-0.51874],[-90.48156,-0.52436],[-90.51315,-0.55119],[-90.51964,-0.56287],[-90.53262,-0.58017],[-90.53694,-0.59834],[-90.53608,-0.63642],[-90.53738,-0.64983],[-90.54603,-0.66973],[-90.52915,-0.69829],[-90.51271,-0.70867],[-90.47449,-0.72656],[-90.454,-0.74373],[-90.42714,-0.762],[-90.4036,-0.77087],[-90.37259,-0.77336],[-90.3413,-0.77003],[-90.32635,-0.76699],[-90.30918,-0.75481],[-90.28897,-0.74844],[-90.25103,-0.74262],[-90.22861,-0.71078],[-90.20424,-0.68032],[-90.19483,-0.66232],[-90.19123,-0.6435],[-90.18513,-0.62384],[-90.18818,-0.60252],[-90.18043,-0.58452],[-90.18098,-0.5751],[-90.18347,-0.56417],[-90.20338,-0.55595],[-90.24794,-0.5196],[-90.26784,-0.50662]]],[[[-90.26441,-0.4767],[-90.2614,-0.46801],[-90.26282,-0.44232],[-90.27115,-0.41928],[-90.28001,-0.42141],[-90.28125,-0.43771],[-90.28355,-0.44604],[-90.28851,-0.45543],[-90.29348,-0.45933],[-90.29613,-0.4673],[-90.29667,-0.47563],[-90.29383,-0.47882],[-90.27274,-0.48113],[-90.26441,-0.4767]]],[[[-90.70403,-0.41838],[-90.70431,-0.40897],[-90.70846,-0.40343],[-90.71538,-0.39845],[-90.71981,-0.40149],[-90.72313,-0.41174],[-90.72341,-0.42004],[-90.71372,-0.42614],[-90.70763,-0.42697],[-90.70403,-0.41838]]],[[[-91.42732,-0.28641],[-91.4429,-0.27127],[-91.46756,-0.26564],[-91.49135,-0.26737],[-91.50866,-0.27819],[-91.53029,-0.28857],[-91.55409,-0.29463],[-91.58653,-0.29074],[-91.6073,-0.28035],[-91.63759,-0.29117],[-91.65446,-0.30198],[-91.66052,-0.32145],[-91.65835,-0.34135],[-91.64105,-0.39154],[-91.63239,-0.41317],[-91.61812,-0.44043],[-91.59302,-0.46985],[-91.56447,-0.48975],[-91.53332,-0.49624],[-91.5039,-0.50013],[-91.46756,-0.49624],[-91.43727,-0.48413],[-91.41824,-0.46812],[-91.40179,-0.44476],[-91.37367,-0.39327],[-91.37497,-0.37294],[-91.38535,-0.35217],[-91.39833,-0.33443],[-91.42732,-0.28641]]],[[[-90.54386,-0.31842],[-90.55035,-0.30328],[-90.5616,-0.28771],[-90.5841,-0.24444],[-90.59578,-0.23103],[-90.61395,-0.21848],[-90.68491,-0.19988],[-90.70351,-0.1895],[-90.72082,-0.17522],[-90.73769,-0.16657],[-90.76927,-0.14407],[-90.78139,-0.1445],[-90.80215,-0.1484],[-90.81167,-0.15965],[-90.82508,-0.17003],[-90.83287,-0.18258],[-90.84196,-0.20551],[-90.84884,-0.23425],[-90.85798,-0.25059],[-90.86158,-0.26775],[-90.86047,-0.28464],[-90.8566,-0.29904],[-90.8458,-0.3079],[-90.83112,-0.33116],[-90.8206,-0.34002],[-90.80925,-0.34085],[-90.78294,-0.33532],[-90.74861,-0.35525],[-90.68243,-0.35636],[-90.65087,-0.363],[-90.63148,-0.37463],[-90.61404,-0.38183],[-90.58746,-0.38239],[-90.57666,-0.36827],[-90.56679,-0.35044],[-90.55295,-0.33703],[-90.54386,-0.31842]]],[[[-91.25559,0.01065],[-91.27042,0.02624],[-91.29134,0.06845],[-91.31263,0.0924],[-91.31834,0.10419],[-91.32252,0.12282],[-91.32442,0.14107],[-91.33012,0.15286],[-91.34343,0.15742],[-91.3575,0.1559],[-91.41378,0.12434],[-91.44382,0.11522],[-91.46701,0.11446],[-91.48679,0.10229],[-91.49249,0.08518],[-91.50922,0.05742],[-91.52671,0.03726],[-91.54459,0.02548],[-91.56892,0.02205],[-91.58299,0.01863],[-91.59022,0.00608],[-91.58755,-0.01255],[-91.57006,-0.02814],[-91.55105,-0.0308],[-91.52976,-0.03118],[-91.5115,-0.02548],[-91.49021,-0.00761],[-91.47766,-0.0019],[-91.45713,-0.00152],[-91.42557,-0.01825],[-91.40922,-0.03955],[-91.38868,-0.11902],[-91.3594,-0.29926],[-91.348,-0.31941],[-91.3248,-0.34299],[-91.28183,-0.36922],[-91.24419,-0.38596],[-91.2305,-0.40155],[-91.21643,-0.43045],[-91.21719,-0.46847],[-91.20844,-0.48102],[-91.15635,-0.53349],[-91.07459,-0.60346],[-91.06927,-0.61715],[-91.07421,-0.63236],[-91.09171,-0.64871],[-91.11908,-0.6681],[-91.14228,-0.6894],[-91.16243,-0.69624],[-91.18563,-0.69586],[-91.22175,-0.68027],[-91.23582,-0.68217],[-91.25331,-0.69206],[-91.27347,-0.69662],[-91.30921,-0.69928],[-91.32062,-0.70423],[-91.34229,-0.73123],[-91.35636,-0.74605],[-91.3807,-0.76469],[-91.43773,-0.80043],[-91.44838,-0.81792],[-91.46131,-0.82629],[-91.50352,-0.86393],[-91.51264,-0.89131],[-91.51036,-0.91831],[-91.48983,-0.93922],[-91.46131,-0.95671],[-91.43964,-0.98371],[-91.41606,-1.00234],[-91.37613,-1.01603],[-91.26472,-1.02364],[-91.22784,-1.03695],[-91.20122,-1.05254],[-91.17536,-1.05672],[-91.14798,-1.05292],[-91.12136,-1.04113],[-91.09209,-1.02516],[-91.06167,-1.01679],[-91.00349,-1.00995],[-90.95139,-0.9974],[-90.90576,-0.97763],[-90.89321,-0.96394],[-90.88181,-0.94112],[-90.86926,-0.92135],[-90.85177,-0.90652],[-90.83709,-0.86515],[-90.81944,-0.80081],[-90.79929,-0.78104],[-90.80043,-0.76355],[-90.80766,-0.75024],[-90.81868,-0.73465],[-90.84378,-0.70499],[-90.8666,-0.6681],[-90.87268,-0.65327],[-90.88485,-0.63958],[-90.90006,-0.63274],[-90.92477,-0.62932],[-90.9358,-0.62057],[-90.94341,-0.61221],[-90.96242,-0.57836],[-90.9609,-0.56353],[-90.95481,-0.54984],[-90.94265,-0.53463],[-90.93314,-0.5141],[-90.93808,-0.48368],[-90.94531,-0.45668],[-90.96014,-0.44109],[-90.98143,-0.42816],[-91.00082,-0.41219],[-91.13764,-0.2896],[-91.1683,-0.25164],[-91.19057,-0.20876],[-91.19818,-0.1791],[-91.19437,-0.15514],[-91.18981,-0.13993],[-91.18981,-0.12396],[-91.19285,-0.11522],[-91.18943,-0.08822],[-91.19057,-0.07339],[-91.20844,-0.04411],[-91.22213,-0.02966],[-91.25559,0.01065]]],[[[-89.94552,0.30891],[-89.936,0.31713],[-89.93427,0.33011],[-89.9386,0.34222],[-89.95244,0.35001],[-89.97191,0.33789],[-89.97581,0.33011],[-89.97581,0.31972],[-89.96326,0.30891],[-89.94552,0.30891]]],[[[-90.46313,0.28464],[-90.45566,0.29129],[-90.43181,0.29506],[-90.41667,0.30804],[-90.41667,0.32448],[-90.42143,0.33919],[-90.42965,0.35044],[-90.43441,0.36342],[-90.4396,0.37207],[-90.45604,0.38289],[-90.47464,0.38462],[-90.49844,0.37683],[-90.50839,0.37683],[-90.51228,0.36731],[-90.52137,0.35909],[-90.52876,0.34224],[-90.52737,0.32452],[-90.52267,0.3151],[-90.51021,0.30264],[-90.48722,0.28492],[-90.47393,0.2816],[-90.46313,0.28464]]],[[[-90.74461,0.53345],[-90.73639,0.5447],[-90.72644,0.54989],[-90.71433,0.55941],[-90.71692,0.57758],[-90.72774,0.59488],[-90.73985,0.6044],[-90.75067,0.62127],[-90.76235,0.63296],[-90.77576,0.6243],[-90.79004,0.60527],[-90.7909,0.59272],[-90.78831,0.57022],[-90.78052,0.562],[-90.77014,0.55422],[-90.75543,0.53345],[-90.74461,0.53345]]],[[[-91.81128,1.38082],[-91.81146,1.38472],[-91.81873,1.39447],[-91.8228,1.39181],[-91.8244,1.38508],[-91.82121,1.37763],[-91.81412,1.37675],[-91.81128,1.38082]]],[[[-91.9987,1.67476],[-91.99986,1.67999],[-92.00683,1.68173],[-92.00929,1.67999],[-92.00537,1.67491],[-91.9987,1.67476]]]]}}]}