{"type":"FeatureCollection","crs":{"type":"name","properties":{"name":"urn:ogc:def:crs:OGC:1.3:CRS84"}},"features":[{"type":"Feature","properties":{"shapeName":"Barina-Waini","shapeISO":"GY-BA","shapeID":"73500413B35208227968900","shapeGroup":"GUY","shapeType":"ADM1"},"geometry":{"type":"Polygon","coordinates":[[[-58.79934,7.67901],[-58.80725,7.68593],[-58.81221,7.6988],[-58.81402,7.70008],[-58.81406,7.70704],[-58.81872,7.71037],[-58.82238,7.72066],[-58.8307,7.73196],[-58.83976,7.73759],[-58.84236,7.74196],[-58.84625,7.74426],[-58.8522,7.74668],[-58.85452,7.74513],[-58.86928,7.75318],[-58.87421,7.75857],[-58.87682,7.76397],[-58.88201,7.76807],[-58.88539,7.77501],[-58.89213,7.77936],[-58.89266,7.78271],[-58.89603,7.78527],[-58.89863,7.78526],[-58.89915,7.78835],[-58.9108,7.79448],[-58.91055,7.79602],[-58.91339,7.79498],[-58.91366,7.79807],[-58.91547,7.79806],[-58.92405,7.81117],[-58.93026,7.81268],[-58.93338,7.81653],[-58.93622,7.81729],[-58.94169,7.82654],[-58.95442,7.84091],[-58.95715,7.84734],[-58.96588,7.85967],[-58.99028,7.88403],[-58.99341,7.88968],[-59.01862,7.92022],[-59.04121,7.94072],[-59.0854,7.99332],[-59.12073,8.02716],[-59.1503,8.04786],[-59.16277,8.05965],[-59.16069,8.05656],[-59.17312,8.06217],[-59.18454,8.07009],[-59.18894,8.07136],[-59.21412,8.0908],[-59.22579,8.09782],[-59.25872,8.11348],[-59.29297,8.13802],[-59.32589,8.15432],[-59.35055,8.17169],[-59.38194,8.19005],[-59.40321,8.20075],[-59.44109,8.22396],[-59.45746,8.23648],[-59.46549,8.23902],[-59.4821,8.24998],[-59.48884,8.25148],[-59.52022,8.26957],[-59.54668,8.28074],[-59.60326,8.31044],[-59.63235,8.33033],[-59.65206,8.34186],[-59.67493,8.35871],[-59.69491,8.36861],[-59.71465,8.38161],[-59.73956,8.39405],[-59.75434,8.39987],[-59.76781,8.40312],[-59.78746,8.40196],[-59.80427,8.40325],[-59.81201,8.39998],[-59.81329,8.39817],[-59.81157,8.39859],[-59.81262,8.39534],[-59.81608,8.39068],[-59.81384,8.39112],[-59.814,8.38941],[-59.81063,8.3884],[-59.80178,8.38074],[-59.7724,8.36367],[-59.76,8.35304],[-59.76398,8.34978],[-59.77263,8.35286],[-59.78089,8.35179],[-59.78255,8.34817],[-59.78049,8.34483],[-59.78144,8.34253],[-59.80253,8.35236],[-59.80677,8.35293],[-59.81558,8.35721],[-59.81559,8.35875],[-59.81895,8.35821],[-59.82208,8.36064],[-59.83099,8.35873],[-59.83732,8.3604],[-59.83938,8.35936],[-59.8573,8.37209],[-59.85811,8.37518],[-59.86227,8.37696],[-59.86356,8.37849],[-59.86306,8.38081],[-59.86826,8.38387],[-59.87765,8.3959],[-59.89,8.4213],[-59.89613,8.42949],[-59.90232,8.44438],[-59.92043,8.46946],[-59.92263,8.47034],[-59.93645,8.48845],[-59.96826,8.51575],[-59.98681,8.52837],[-59.98111,8.51833],[-59.82861,8.32917],[-59.815,8.31139],[-59.80917,8.30083],[-59.80472,8.29167],[-59.80139,8.275],[-59.80444,8.27083],[-59.81944,8.25861],[-59.82556,8.23611],[-59.83194,8.22889],[-59.84833,8.225],[-59.86167,8.22472],[-59.87194,8.22194],[-59.87917,8.22222],[-59.90028,8.21639],[-59.90792,8.2174],[-59.94533,8.21336],[-59.94414,8.20553],[-59.94597,8.19762],[-59.94841,8.195],[-59.96516,8.19184],[-59.97603,8.18797],[-59.97974,8.18118],[-59.98265,8.16842],[-59.98642,8.16347],[-59.99341,8.1582],[-59.99453,8.15497],[-59.99333,8.15157],[-59.98183,8.13883],[-59.98062,8.13271],[-59.98595,8.1271],[-59.99127,8.12387],[-59.99419,8.11963],[-59.99587,8.10936],[-59.99985,8.10025],[-59.99845,8.08972],[-59.99952,8.07533],[-60.00578,8.07209],[-60.0058,8.06009],[-60.00878,8.05606],[-60.0238,8.04506],[-60.0319,8.03333],[-60.03622,8.03293],[-60.04096,8.03613],[-60.04843,8.02717],[-60.05255,8.0248],[-60.06127,8.02343],[-60.06754,8.02505],[-60.07785,8.03244],[-60.08217,8.03244],[-60.08271,8.03028],[-60.08482,8.03047],[-60.08893,8.03584],[-60.10062,8.03528],[-60.10413,8.02946],[-60.10905,8.03049],[-60.11283,8.02834],[-60.12193,8.02887],[-60.12115,8.02578],[-60.12348,8.0215],[-60.12217,8.02053],[-60.12422,8.01648],[-60.12896,8.01288],[-60.12895,8.00972],[-60.13142,8.00649],[-60.13119,8.00414],[-60.1347,7.99647],[-60.13964,7.99388],[-60.1408,7.98991],[-60.14511,7.9891],[-60.14954,7.98473],[-60.15327,7.98438],[-60.16277,7.97964],[-60.16282,7.97723],[-60.16668,7.97257],[-60.17248,7.97354],[-60.18347,7.96432],[-60.19002,7.96138],[-60.1922,7.96579],[-60.19611,7.9655],[-60.19778,7.96733],[-60.19847,7.96486],[-60.19681,7.96193],[-60.19945,7.95906],[-60.21399,7.95942],[-60.21911,7.95774],[-60.23464,7.94421],[-60.23349,7.93979],[-60.22959,7.93728],[-60.23039,7.93527],[-60.2335,7.93485],[-60.23407,7.93233],[-60.23804,7.93272],[-60.24281,7.93098],[-60.2439,7.92811],[-60.24299,7.92168],[-60.24523,7.92116],[-60.24541,7.91387],[-60.24736,7.91294],[-60.24777,7.9107],[-60.25053,7.9142],[-60.25311,7.91511],[-60.25559,7.91154],[-60.25639,7.90718],[-60.2599,7.9055],[-60.26025,7.90154],[-60.26231,7.90354],[-60.26358,7.90141],[-60.2626,7.89872],[-60.26703,7.89584],[-60.26962,7.89646],[-60.27359,7.89295],[-60.27698,7.88639],[-60.28146,7.885],[-60.28365,7.88201],[-60.2852,7.88396],[-60.28716,7.88389],[-60.28808,7.87844],[-60.29388,7.87899],[-60.29365,7.87612],[-60.29664,7.87571],[-60.30112,7.87139],[-60.3048,7.87265],[-60.31216,7.86947],[-60.31377,7.86791],[-60.31452,7.86119],[-60.31763,7.85958],[-60.31757,7.85745],[-60.32039,7.8571],[-60.32079,7.85463],[-60.32682,7.85295],[-60.32803,7.85036],[-60.33125,7.84966],[-60.33292,7.84168],[-60.33758,7.83839],[-60.34407,7.83705],[-60.34785,7.83391],[-60.34825,7.83128],[-60.35265,7.82894],[-60.35693,7.82883],[-60.35824,7.82637],[-60.36173,7.82489],[-60.36356,7.8282],[-60.36818,7.82791],[-60.37087,7.83305],[-60.37663,7.83313],[-60.37715,7.83666],[-60.3795,7.83981],[-60.38254,7.83285],[-60.38893,7.82886],[-60.39217,7.83],[-60.3969,7.82727],[-60.40168,7.82662],[-60.40138,7.82358],[-60.40482,7.82079],[-60.40721,7.82547],[-60.4099,7.82423],[-60.41752,7.82647],[-60.42135,7.82507],[-60.42344,7.82931],[-60.42733,7.82856],[-60.42862,7.8307],[-60.4345,7.82712],[-60.43569,7.82766],[-60.43763,7.83613],[-60.44181,7.838],[-60.44646,7.83811],[-60.44819,7.83957],[-60.44959,7.83693],[-60.45257,7.83543],[-60.45511,7.83668],[-60.4573,7.83533],[-60.46482,7.83568],[-60.46507,7.83837],[-60.46697,7.83832],[-60.47105,7.83409],[-60.47294,7.83508],[-60.47588,7.83399],[-60.47606,7.83113],[-60.48002,7.83333],[-60.48148,7.83126],[-60.48805,7.82976],[-60.49075,7.83181],[-60.49501,7.82915],[-60.4957,7.83141],[-60.49908,7.82981],[-60.4992,7.83346],[-60.50117,7.83502],[-60.50778,7.83213],[-60.50977,7.82735],[-60.51459,7.82988],[-60.51601,7.82923],[-60.51646,7.82502],[-60.52079,7.82231],[-60.52572,7.82307],[-60.53058,7.82181],[-60.53104,7.81997],[-60.53417,7.81951],[-60.54017,7.81573],[-60.54151,7.81102],[-60.53539,7.80491],[-60.5371,7.80298],[-60.53473,7.80133],[-60.53422,7.79863],[-60.53235,7.79803],[-60.53223,7.79509],[-60.53778,7.79181],[-60.53847,7.78793],[-60.54257,7.78704],[-60.54398,7.78278],[-60.54929,7.78251],[-60.5522,7.7775],[-60.55147,7.76991],[-60.55339,7.7689],[-60.5556,7.76919],[-60.55598,7.77048],[-60.55891,7.77019],[-60.56017,7.76695],[-60.56202,7.76616],[-60.56171,7.76348],[-60.56382,7.76093],[-60.56382,7.75303],[-60.5677,7.74717],[-60.56801,7.74285],[-60.57198,7.74014],[-60.575,7.74197],[-60.57914,7.73651],[-60.5818,7.73826],[-60.58149,7.73652],[-60.58364,7.73422],[-60.58275,7.73214],[-60.5843,7.73028],[-60.58268,7.72822],[-60.57969,7.72833],[-60.57834,7.72634],[-60.57617,7.72627],[-60.57471,7.72296],[-60.57639,7.72052],[-60.57077,7.715],[-60.57095,7.71157],[-60.56867,7.70911],[-60.56994,7.70696],[-60.56814,7.7056],[-60.57942,7.69625],[-60.57942,7.69221],[-60.57745,7.68891],[-60.5803,7.68848],[-60.58188,7.68654],[-60.58078,7.68466],[-60.58219,7.68386],[-60.58212,7.6787],[-60.58967,7.67953],[-60.59338,7.6739],[-60.59278,7.66753],[-60.58981,7.66575],[-60.59047,7.6642],[-60.58772,7.66065],[-60.59175,7.65673],[-60.58931,7.65409],[-60.59222,7.6497],[-60.58981,7.64328],[-60.59123,7.64169],[-60.59082,7.63695],[-60.58838,7.6353],[-60.59032,7.63148],[-60.59548,7.63251],[-60.59944,7.63946],[-60.60506,7.63787],[-60.61236,7.64347],[-60.61784,7.64268],[-60.62521,7.6331],[-60.6261,7.62331],[-60.61953,7.61694],[-60.62258,7.61048],[-60.62773,7.60937],[-60.62856,7.60383],[-60.63959,7.60072],[-60.63828,7.59768],[-60.64087,7.59603],[-60.6423,7.5928],[-60.64036,7.58483],[-60.6369,7.58253],[-60.63887,7.57758],[-60.64316,7.5744],[-60.64599,7.57523],[-60.64624,7.57097],[-60.66035,7.56457],[-60.66239,7.569],[-60.6645,7.56883],[-60.66557,7.57063],[-60.67242,7.56876],[-60.6756,7.56489],[-60.67923,7.56599],[-60.68252,7.5681],[-60.68574,7.5781],[-60.68944,7.5782],[-60.69235,7.57557],[-60.68858,7.56654],[-60.6901,7.56087],[-60.68767,7.55811],[-60.69262,7.55575],[-60.6938,7.55779],[-60.7058,7.56011],[-60.70743,7.55838],[-60.70746,7.55523],[-60.71002,7.55558],[-60.71158,7.55357],[-60.70957,7.54932],[-60.7122,7.547],[-60.71082,7.54537],[-60.71203,7.54313],[-60.71414,7.54084],[-60.71725,7.54136],[-60.72036,7.53884],[-60.71794,7.53496],[-60.714,7.53441],[-60.71372,7.53137],[-60.71133,7.52919],[-60.71355,7.52566],[-60.70867,7.52303],[-60.70708,7.51898],[-60.71019,7.51317],[-60.70857,7.51075],[-60.70639,7.51072],[-60.70431,7.50677],[-60.70591,7.49626],[-60.70044,7.48723],[-60.69778,7.48585],[-60.69646,7.48183],[-60.69764,7.47907],[-60.69283,7.47453],[-60.6856,7.47585],[-60.68241,7.47134],[-60.68397,7.46925],[-60.68284,7.46728],[-60.68356,7.46319],[-60.67795,7.45976],[-60.67228,7.45374],[-60.66671,7.45689],[-60.66488,7.4599],[-60.65561,7.45565],[-60.65533,7.4535],[-60.65353,7.4525],[-60.64838,7.45291],[-60.64423,7.44925],[-60.63921,7.44724],[-60.64056,7.4443],[-60.638,7.44302],[-60.6391,7.43997],[-60.63713,7.43392],[-60.63977,7.43203],[-60.63964,7.42959],[-60.6424,7.42796],[-60.64121,7.42269],[-60.64311,7.41839],[-60.64154,7.41661],[-60.6381,7.41646],[-60.63677,7.41397],[-60.63152,7.41039],[-60.62744,7.40949],[-60.62447,7.40476],[-60.62533,7.40262],[-60.62313,7.40126],[-60.61943,7.40156],[-60.61457,7.39551],[-60.6098,7.3967],[-60.60722,7.39356],[-60.60785,7.39204],[-60.61051,7.39215],[-60.61256,7.39032],[-60.61101,7.38778],[-60.61158,7.383],[-60.60731,7.37568],[-60.61134,7.3691],[-60.60426,7.35885],[-60.59584,7.35449],[-60.59374,7.3518],[-60.59341,7.34738],[-60.59803,7.33887],[-60.59145,7.33173],[-60.59341,7.32335],[-60.58805,7.31641],[-60.58814,7.31428],[-60.59243,7.3079],[-60.60141,7.30853],[-60.60695,7.30731],[-60.60817,7.30233],[-60.61048,7.30278],[-60.61202,7.29993],[-60.61543,7.29869],[-60.61291,7.28728],[-60.61697,7.28203],[-60.61579,7.28082],[-60.61617,7.27791],[-60.62272,7.2764],[-60.62782,7.27125],[-60.63037,7.27113],[-60.63618,7.26173],[-60.63434,7.25429],[-60.63795,7.24599],[-60.6352,7.24321],[-60.63517,7.23882],[-60.62868,7.2315],[-60.62847,7.2234],[-60.62545,7.21734],[-60.62447,7.21096],[-60.62088,7.2091],[-60.61825,7.20456],[-60.61229,7.20284],[-60.6063,7.20587],[-60.59941,7.20137],[-60.59798,7.19304],[-60.59943,7.18437],[-60.59605,7.18262],[-60.59374,7.1785],[-60.58858,7.17572],[-60.58381,7.17652],[-60.57794,7.17453],[-60.57604,7.17021],[-60.56623,7.15808],[-60.55868,7.15435],[-60.55794,7.14774],[-60.55476,7.14404],[-60.55325,7.13844],[-60.54934,7.13429],[-60.54653,7.12572],[-60.53959,7.12374],[-60.53716,7.12673],[-60.53969,7.13049],[-60.53771,7.13293],[-60.53198,7.13712],[-60.5274,7.13802],[-60.52687,7.14076],[-60.52955,7.14356],[-60.5277,7.14613],[-60.52857,7.14872],[-60.52478,7.15048],[-60.52257,7.15513],[-60.52004,7.157],[-60.52204,7.15915],[-60.52183,7.16544],[-60.51986,7.16702],[-60.5162,7.16365],[-60.51447,7.16386],[-60.51134,7.16562],[-60.51215,7.16914],[-60.50927,7.17202],[-60.50292,7.17247],[-60.50527,7.17725],[-60.50154,7.1888],[-60.49907,7.18887],[-60.4969,7.1845],[-60.49339,7.18671],[-60.4901,7.18409],[-60.48771,7.18592],[-60.4839,7.18413],[-60.48267,7.18719],[-60.47805,7.18791],[-60.47236,7.19131],[-60.47116,7.19448],[-60.4676,7.19603],[-60.46459,7.195],[-60.46485,7.1972],[-60.45951,7.20477],[-60.45695,7.20277],[-60.45413,7.20461],[-60.4495,7.20481],[-60.44086,7.19765],[-60.43921,7.19781],[-60.43846,7.20066],[-60.43574,7.19956],[-60.43179,7.20057],[-60.42804,7.19493],[-60.42519,7.19409],[-60.42066,7.17645],[-60.41302,7.17732],[-60.40942,7.17331],[-60.40334,7.17716],[-60.39518,7.17703],[-60.38712,7.18101],[-60.38314,7.17998],[-60.3809,7.18192],[-60.37542,7.18285],[-60.37352,7.18189],[-60.37287,7.18399],[-60.36711,7.18479],[-60.36522,7.18178],[-60.36391,7.18287],[-60.36108,7.18187],[-60.3587,7.1793],[-60.35439,7.16943],[-60.34952,7.17066],[-60.34747,7.16902],[-60.34878,7.16464],[-60.34695,7.16167],[-60.34759,7.15755],[-60.34481,7.15758],[-60.34531,7.15505],[-60.34316,7.15505],[-60.34338,7.15235],[-60.33168,7.1576],[-60.32347,7.15179],[-60.31826,7.15195],[-60.31045,7.14418],[-60.30761,7.14461],[-60.30793,7.14235],[-60.30371,7.14199],[-60.30344,7.1392],[-60.29978,7.13923],[-60.2996,7.13554],[-60.29377,7.13382],[-60.27638,7.12376],[-60.25612,7.09715],[-60.24226,7.08961],[-60.23124,7.08828],[-60.20591,7.09715],[-60.1916,7.10484],[-60.17805,7.10158],[-60.15004,7.07394],[-60.11711,7.06359],[-60.10191,7.06536],[-60.08299,7.08103],[-60.0666,7.10765],[-60.0587,7.12317],[-60.02488,7.1242],[-60.00775,7.1211],[-59.99434,7.11105],[-59.98599,7.10824],[-59.9398,7.14402],[-59.9325,7.15318],[-59.92803,7.16575],[-59.92222,7.19221],[-59.90956,7.19945],[-59.90077,7.20196],[-59.85622,7.20256],[-59.83715,7.19842],[-59.7993,7.1653],[-59.73911,7.12849],[-59.70127,7.11046],[-59.68964,7.10868],[-59.64971,7.11016],[-59.62781,7.10868],[-59.6077,7.09804],[-59.58356,7.07364],[-59.53335,7.02706],[-59.49044,7.00606],[-59.47062,7.00251],[-59.45602,6.99098],[-59.43367,6.98107],[-59.38093,6.96332],[-59.36767,6.96155],[-59.35187,6.96732],[-59.3407,6.97634],[-59.32833,6.99142],[-59.31433,7.01819],[-59.29958,7.02736],[-59.2887,7.03002],[-59.27231,7.02632],[-59.25935,7.02159],[-59.23983,7.01789],[-59.23223,7.0136],[-59.20512,7.00355],[-59.17874,7.00237],[-59.18097,7.02513],[-59.19392,7.05259],[-59.19274,7.09729],[-59.18156,7.18229],[-59.1377,7.28917],[-59.10119,7.35195],[-59.10855,7.39048],[-59.12592,7.41792],[-59.11827,7.45499],[-59.03236,7.53],[-58.944,7.55773],[-58.90602,7.58049],[-58.9046,7.5977],[-58.8863,7.60266],[-58.81123,7.67006],[-58.79934,7.67901]]]}},{"type":"Feature","properties":{"shapeName":"Pomeroon-Supenaam","shapeISO":"GY-PM","shapeID":"73500413B77355957241998","shapeGroup":"GUY","shapeType":"ADM1"},"geometry":{"type":"Polygon","coordinates":[[[-59.17874,7.00237],[-59.17807,6.97944],[-59.18329,6.96525],[-59.1964,6.94217],[-59.20772,6.91348],[-59.21041,6.88745],[-59.19685,6.87487],[-59.17301,6.87118],[-59.14306,6.86008],[-59.1377,6.85505],[-59.11937,6.84869],[-59.1003,6.8444],[-59.06305,6.84632],[-59.04979,6.85564],[-59.03474,6.87221],[-59.01984,6.8762],[-59.00017,6.87532],[-58.98721,6.86984],[-58.97768,6.85979],[-58.97231,6.85032],[-58.96546,6.79884],[-58.95443,6.78641],[-58.94683,6.78138],[-58.92866,6.77472],[-58.91674,6.77931],[-58.89722,6.78315],[-58.87755,6.77812],[-58.87651,6.76762],[-58.87725,6.75445],[-58.87144,6.74616],[-58.84112,6.73085],[-58.829,6.74503],[-58.76617,6.77264],[-58.74729,6.79548],[-58.73802,6.84355],[-58.71948,6.86025],[-58.71502,6.86128],[-58.67657,6.85275],[-58.657,6.8773],[-58.55587,6.92615],[-58.54971,6.93802],[-58.53687,6.95456],[-58.53069,6.96025],[-58.50052,6.97969],[-58.49314,6.99362],[-58.49085,7.00393],[-58.48573,7.0158],[-58.48068,7.05061],[-58.47781,7.08103],[-58.47826,7.09907],[-58.47698,7.10114],[-58.47363,7.14367],[-58.47521,7.15192],[-58.48317,7.17091],[-58.48824,7.18796],[-58.48827,7.20342],[-58.48545,7.20832],[-58.48258,7.23978],[-58.47866,7.2617],[-58.47635,7.26763],[-58.47613,7.30892],[-58.48344,7.34213],[-58.49074,7.35597],[-58.49987,7.36728],[-58.5306,7.39631],[-58.53321,7.40326],[-58.5441,7.41688],[-58.5436,7.421],[-58.54592,7.42074],[-58.54671,7.42357],[-58.54851,7.42382],[-58.5524,7.42819],[-58.55968,7.44078],[-58.57602,7.46212],[-58.57317,7.46085],[-58.57395,7.46187],[-58.5781,7.46676],[-58.58249,7.46803],[-58.58122,7.47241],[-58.58535,7.47111],[-58.58536,7.47523],[-58.58923,7.47522],[-58.5877,7.47909],[-58.58899,7.47818],[-58.59182,7.47909],[-58.60012,7.48703],[-58.60259,7.49141],[-58.60092,7.49425],[-58.60454,7.49449],[-58.60351,7.49655],[-58.61075,7.5022],[-58.61233,7.50735],[-58.6188,7.51069],[-58.61803,7.51274],[-58.62949,7.52777],[-58.63282,7.52995],[-58.63287,7.53204],[-58.63518,7.53276],[-58.63983,7.54023],[-58.64138,7.54048],[-58.64191,7.54409],[-58.65158,7.55617],[-58.65231,7.56298],[-58.65799,7.56614],[-58.6661,7.58687],[-58.66768,7.58631],[-58.66927,7.5877],[-58.67149,7.59252],[-58.6786,7.60112],[-58.68196,7.60163],[-58.68365,7.60407],[-58.68636,7.60383],[-58.68597,7.60564],[-58.68786,7.60752],[-58.69093,7.60813],[-58.69305,7.6103],[-58.71062,7.61311],[-58.71336,7.61476],[-58.71372,7.61728],[-58.73014,7.62589],[-58.73107,7.62522],[-58.73465,7.62861],[-58.74284,7.63124],[-58.74551,7.62616],[-58.75197,7.62213],[-58.76776,7.62738],[-58.77476,7.63763],[-58.77891,7.64225],[-58.78021,7.64198],[-58.77918,7.64405],[-58.7804,7.64359],[-58.78074,7.64585],[-58.78203,7.64584],[-58.78127,7.64816],[-58.78514,7.64918],[-58.78464,7.65253],[-58.78567,7.65253],[-58.78517,7.65485],[-58.78699,7.65896],[-58.79036,7.66075],[-58.78959,7.66385],[-58.79295,7.66383],[-58.79218,7.66616],[-58.79503,7.6655],[-58.79606,7.66666],[-58.79375,7.6695],[-58.79415,7.67182],[-58.79712,7.67232],[-58.79934,7.67901],[-58.81123,7.67006],[-58.8863,7.60266],[-58.9046,7.5977],[-58.90602,7.58049],[-58.944,7.55773],[-59.03236,7.53],[-59.11827,7.45499],[-59.12592,7.41792],[-59.10855,7.39048],[-59.10119,7.35195],[-59.1377,7.28917],[-59.18156,7.18229],[-59.19274,7.09729],[-59.19392,7.05259],[-59.18097,7.02513],[-59.17874,7.00237]]]}},{"type":"Feature","properties":{"shapeName":"Essequibo Islands-West Demerara","shapeISO":"GY-ES","shapeID":"73500413B61038187736836","shapeGroup":"GUY","shapeType":"ADM1"},"geometry":{"type":"MultiPolygon","coordinates":[[[[-58.58406,6.63704],[-58.58187,6.63922],[-58.57881,6.64954],[-58.57832,6.6565],[-58.58132,6.66757],[-58.58363,6.66551],[-58.58463,6.65495],[-58.58758,6.64977],[-58.58782,6.64616],[-58.58406,6.63704]]],[[[-58.60764,6.67741],[-58.60072,6.68761],[-58.60154,6.70359],[-58.60526,6.69817],[-58.6051,6.68786],[-58.60764,6.67741]]],[[[-58.59396,6.75103],[-58.59242,6.75181],[-58.58986,6.75878],[-58.58898,6.76574],[-58.59124,6.78687],[-58.59384,6.79253],[-58.5995,6.78735],[-58.5996,6.78014],[-58.59396,6.75103]]],[[[-58.48083,7.01321],[-58.4766,7.01488],[-58.47093,7.02358],[-58.46519,7.04422],[-58.46499,7.06329],[-58.4632,7.06935],[-58.46153,7.07026],[-58.46154,7.07387],[-58.46896,7.09446],[-58.48083,7.01321]]],[[[-58.84112,6.73085],[-58.83934,6.71872],[-58.83263,6.70939],[-58.82861,6.69933],[-58.83472,6.65686],[-58.84008,6.6505],[-58.84336,6.61513],[-58.85587,6.58493],[-58.85409,6.56954],[-58.84261,6.55829],[-58.83323,6.55444],[-58.80611,6.55207],[-58.78689,6.55577],[-58.78123,6.55562],[-58.72223,6.51936],[-58.70673,6.51951],[-58.70226,6.51092],[-58.69481,6.50278],[-58.67961,6.49345],[-58.67216,6.49286],[-58.66784,6.49479],[-58.65548,6.5047],[-58.64132,6.51255],[-58.63566,6.51388],[-58.62791,6.51359],[-58.61778,6.50826],[-58.61648,6.50178],[-58.60601,6.49538],[-58.59096,6.48886],[-58.58024,6.47613],[-58.55923,6.46429],[-58.54984,6.44149],[-58.54448,6.41351],[-58.54373,6.39885],[-58.53732,6.38286],[-58.53032,6.37308],[-58.5035,6.35339],[-58.48279,6.34302],[-58.47072,6.33962],[-58.4445,6.31963],[-58.43228,6.302],[-58.41992,6.27609],[-58.41589,6.24306],[-58.40755,6.22232],[-58.39727,6.16144],[-58.39131,6.13745],[-58.36986,6.12411],[-58.34393,6.12293],[-58.28566,6.09518],[-58.26666,6.11497],[-58.25962,6.13322],[-58.25868,6.14107],[-58.25957,6.14405],[-58.26741,6.1504],[-58.27878,6.16614],[-58.27773,6.18362],[-58.28157,6.20026],[-58.29407,6.20344],[-58.29849,6.20645],[-58.29994,6.21015],[-58.28689,6.24247],[-58.27269,6.25778],[-58.27101,6.26317],[-58.27274,6.27245],[-58.26751,6.28379],[-58.26698,6.2895],[-58.26919,6.29637],[-58.30159,6.32086],[-58.31014,6.32908],[-58.31231,6.33411],[-58.31037,6.35078],[-58.31073,6.35631],[-58.3143,6.36756],[-58.31422,6.37242],[-58.30314,6.39017],[-58.29233,6.40279],[-58.29199,6.4219],[-58.29336,6.43384],[-58.29611,6.43844],[-58.30246,6.44493],[-58.3064,6.44697],[-58.31344,6.45635],[-58.31413,6.46829],[-58.31173,6.47802],[-58.30932,6.48074],[-58.30194,6.48484],[-58.29199,6.49303],[-58.24225,6.54062],[-58.2259,6.57182],[-58.22332,6.57949],[-58.21817,6.60848],[-58.20118,6.64616],[-58.19174,6.67089],[-58.18899,6.68572],[-58.1905,6.69457],[-58.19633,6.70624],[-58.19883,6.71579],[-58.19951,6.73039],[-58.19534,6.74624],[-58.17283,6.80763],[-58.17704,6.80782],[-58.17657,6.81159],[-58.1787,6.81352],[-58.18151,6.81299],[-58.20109,6.82094],[-58.22276,6.8407],[-58.26077,6.86428],[-58.27703,6.87127],[-58.28178,6.8752],[-58.28554,6.8732],[-58.29218,6.87484],[-58.3105,6.88267],[-58.32705,6.88197],[-58.33419,6.88416],[-58.34811,6.88195],[-58.35071,6.88283],[-58.35662,6.88036],[-58.35868,6.87752],[-58.36589,6.8766],[-58.36795,6.8744],[-58.38291,6.87346],[-58.38342,6.87205],[-58.38394,6.87359],[-58.39758,6.86891],[-58.42337,6.86419],[-58.4267,6.85954],[-58.43031,6.85773],[-58.43031,6.85618],[-58.43211,6.85695],[-58.43339,6.85385],[-58.43623,6.8523],[-58.44754,6.83963],[-58.45526,6.83626],[-58.46452,6.82876],[-58.47479,6.81352],[-58.48404,6.80525],[-58.49714,6.78691],[-58.50354,6.77194],[-58.50862,6.7477],[-58.50914,6.74924],[-58.51634,6.74432],[-58.52018,6.73967],[-58.52562,6.73141],[-58.53716,6.70766],[-58.54385,6.70274],[-58.55412,6.68957],[-58.56001,6.6795],[-58.56894,6.64854],[-58.57352,6.61577],[-58.61985,6.62776],[-58.6173,6.63447],[-58.61235,6.65897],[-58.6134,6.66386],[-58.61058,6.66928],[-58.60652,6.68991],[-58.60629,6.69816],[-58.6013,6.70952],[-58.60209,6.71338],[-58.59895,6.73736],[-58.59798,6.75772],[-58.60227,6.78172],[-58.60234,6.78991],[-58.59349,6.80464],[-58.59033,6.82114],[-58.5847,6.83199],[-58.58217,6.84926],[-58.57527,6.8699],[-58.57338,6.8815],[-58.5648,6.8988],[-58.56417,6.90396],[-58.55587,6.92615],[-58.657,6.8773],[-58.67657,6.85275],[-58.71502,6.86128],[-58.71948,6.86025],[-58.73802,6.84355],[-58.74729,6.79548],[-58.76617,6.77264],[-58.829,6.74503],[-58.84112,6.73085]]],[[[-58.54457,6.7039],[-58.53724,6.70972],[-58.5302,6.72289],[-58.52509,6.73734],[-58.52946,6.73346],[-58.53613,6.72339],[-58.54457,6.7039]]],[[[-58.5807,6.71525],[-58.57659,6.71913],[-58.57391,6.7279],[-58.57563,6.74078],[-58.57692,6.74104],[-58.57946,6.73175],[-58.5807,6.71525]]],[[[-58.52921,6.73629],[-58.51095,6.75181],[-58.51123,6.75903],[-58.51715,6.75514],[-58.5246,6.74713],[-58.52794,6.74197],[-58.52921,6.73629]]],[[[-58.5471,6.72111],[-58.54053,6.73085],[-58.53798,6.73833],[-58.55442,6.71946],[-58.55636,6.71153],[-58.5471,6.72111]]],[[[-58.51289,6.7933],[-58.51622,6.78814],[-58.51801,6.78169],[-58.52801,6.7649],[-58.53725,6.75147],[-58.54214,6.74991],[-58.54394,6.74783],[-58.55468,6.72127],[-58.54004,6.73935],[-58.53697,6.74606],[-58.53645,6.74479],[-58.53465,6.74555],[-58.52874,6.75305],[-58.51951,6.76905],[-58.50718,6.78275],[-58.50539,6.78765],[-58.50567,6.7941],[-58.51289,6.7933]]],[[[-58.54603,6.75571],[-58.53704,6.76721],[-58.53512,6.77236],[-58.53527,6.77751],[-58.5399,6.77672],[-58.54196,6.77285],[-58.54693,6.75582],[-58.54603,6.75571]]],[[[-58.57644,6.75212],[-58.57541,6.75238],[-58.57226,6.77662],[-58.57336,6.79646],[-58.57583,6.80264],[-58.57915,6.79464],[-58.5822,6.77916],[-58.58204,6.76989],[-58.57644,6.75212]]],[[[-58.35734,6.95124],[-58.3607,6.95407],[-58.36457,6.95522],[-58.36921,6.95456],[-58.36949,6.95688],[-58.39452,6.96428],[-58.40689,6.96141],[-58.40791,6.95831],[-58.41897,6.94668],[-58.41948,6.94384],[-58.42616,6.93635],[-58.43029,6.93556],[-58.45242,6.91952],[-58.46118,6.91691],[-58.46808,6.8955],[-58.47381,6.87151],[-58.46904,6.8732],[-58.46236,6.88096],[-58.44999,6.8855],[-58.45,6.88705],[-58.43354,6.90101],[-58.41756,6.90698],[-58.41705,6.9088],[-58.41139,6.91204],[-58.40107,6.91311],[-58.39463,6.91518],[-58.39039,6.91867],[-58.38356,6.91959],[-58.37583,6.92272],[-58.364,6.93614],[-58.35911,6.93899],[-58.35498,6.93875],[-58.34558,6.94303],[-58.34624,6.94689],[-58.35734,6.95124]]],[[[-58.55453,6.9143],[-58.54605,6.92386],[-58.53989,6.93367],[-58.52858,6.94531],[-58.52654,6.95047],[-58.52706,6.95433],[-58.53403,6.95173],[-58.54096,6.94372],[-58.55326,6.92074],[-58.55453,6.9143]]],[[[-58.47498,6.91919],[-58.46406,6.93159],[-58.4409,6.94971],[-58.42269,6.97449],[-58.41606,6.97911],[-58.40376,6.9845],[-58.40109,6.98753],[-58.40057,6.98979],[-58.40241,6.994],[-58.40459,6.99375],[-58.40571,6.99749],[-58.41153,7.00081],[-58.41177,7.00313],[-58.41435,7.00323],[-58.43383,7.02054],[-58.44013,7.02377],[-58.4455,7.01825],[-58.4489,7.01021],[-58.45248,6.99357],[-58.45648,6.98368],[-58.47677,6.95398],[-58.48112,6.94365],[-58.48933,6.93048],[-58.50371,6.91033],[-58.51836,6.89508],[-58.51887,6.89186],[-58.51181,6.89198],[-58.49954,6.89527],[-58.49002,6.90239],[-58.47498,6.91919]]],[[[-58.56552,6.72382],[-58.55363,6.75632],[-58.5525,6.76483],[-58.54726,6.77979],[-58.53094,6.7953],[-58.52351,6.8095],[-58.51477,6.8201],[-58.51478,6.82242],[-58.5117,6.82502],[-58.5058,6.83507],[-58.50172,6.85055],[-58.49285,6.85909],[-58.48836,6.86812],[-58.48167,6.87252],[-58.47975,6.87536],[-58.47925,6.87949],[-58.48378,6.89004],[-58.49179,6.89104],[-58.49977,6.88818],[-58.51498,6.8862],[-58.52554,6.88179],[-58.53608,6.87029],[-58.54198,6.86047],[-58.54338,6.85532],[-58.54281,6.83779],[-58.54777,6.81871],[-58.56432,6.79159],[-58.56546,6.78489],[-58.56523,6.75525],[-58.56765,6.74674],[-58.56912,6.72225],[-58.57129,6.71451],[-58.56807,6.7171],[-58.56552,6.72382]]],[[[-58.56736,6.81581],[-58.57055,6.80471],[-58.56912,6.79776],[-58.56756,6.79763],[-58.56525,6.80241],[-58.55421,6.81585],[-58.54848,6.83623],[-58.54864,6.84705],[-58.55147,6.84678],[-58.55635,6.84007],[-58.56736,6.81581]]],[[[-58.5769,6.81539],[-58.57074,6.8256],[-58.56896,6.83204],[-58.55665,6.8527],[-58.5559,6.85837],[-58.55719,6.85862],[-58.56231,6.84778],[-58.57231,6.83565],[-58.57616,6.82609],[-58.57781,6.81655],[-58.5769,6.81539]]],[[[-58.56313,6.86376],[-58.56826,6.85343],[-58.5708,6.84414],[-58.56372,6.84984],[-58.55631,6.86637],[-58.54295,6.88341],[-58.53873,6.89296],[-58.51073,6.92294],[-58.50356,6.94255],[-58.51567,6.94018],[-58.52288,6.93579],[-58.5437,6.91407],[-58.55037,6.90297],[-58.56313,6.86376]]]]}},{"type":"Feature","properties":{"shapeName":"Demerara-Mahaica","shapeISO":"GY-DE","shapeID":"73500413B28210658685043","shapeGroup":"GUY","shapeType":"ADM1"},"geometry":{"type":"Polygon","coordinates":[[[-58.28566,6.09518],[-58.27733,6.09051],[-58.26114,6.09548],[-58.23553,6.1148],[-58.21668,6.12592],[-58.19902,6.12066],[-58.18224,6.09929],[-58.17577,6.08436],[-58.16973,6.08407],[-58.15972,6.09314],[-58.1476,6.10708],[-58.13648,6.1302],[-58.13951,6.14829],[-58.13698,6.1694],[-58.1385,6.19201],[-58.14659,6.21311],[-58.13193,6.22718],[-58.12637,6.24527],[-58.11879,6.28245],[-58.11525,6.32314],[-58.09655,6.35077],[-58.07936,6.38443],[-58.05257,6.40452],[-58.01922,6.43916],[-58.01302,6.43959],[-58.01066,6.43797],[-58.01197,6.43551],[-58.01046,6.43109],[-58.00689,6.42716],[-58.00534,6.42741],[-58.00403,6.42989],[-58.00448,6.43291],[-58.00223,6.43522],[-58.00469,6.44144],[-58.00365,6.45052],[-57.99783,6.44681],[-57.98852,6.44444],[-57.98725,6.44146],[-57.98285,6.44274],[-57.9803,6.44078],[-57.97616,6.44777],[-57.96897,6.44151],[-57.96365,6.44556],[-57.95756,6.44601],[-57.95545,6.44823],[-57.94256,6.44614],[-57.9414,6.45182],[-57.94318,6.459],[-57.9486,6.46052],[-57.955,6.4573],[-57.95679,6.45856],[-57.95427,6.47189],[-57.94639,6.46981],[-57.94217,6.47614],[-57.94387,6.47943],[-57.9483,6.48271],[-57.94948,6.48594],[-57.94155,6.49627],[-57.94088,6.49926],[-57.94334,6.51381],[-57.94678,6.52021],[-57.95408,6.52406],[-57.9577,6.52803],[-57.95798,6.52984],[-57.95162,6.53685],[-57.94809,6.53784],[-57.93719,6.53716],[-57.93386,6.53476],[-57.93225,6.52363],[-57.92709,6.52213],[-57.92476,6.52335],[-57.92119,6.53392],[-57.91825,6.53693],[-57.91448,6.53641],[-57.91043,6.53375],[-57.90335,6.52688],[-57.89557,6.52978],[-57.88057,6.5293],[-57.87734,6.54155],[-57.88776,6.55648],[-57.89053,6.57434],[-57.89461,6.58683],[-57.89141,6.60219],[-57.89191,6.60725],[-57.8979,6.61934],[-57.89937,6.63031],[-57.90675,6.63846],[-57.90813,6.64676],[-57.91159,6.65109],[-57.91879,6.65422],[-57.92509,6.66779],[-57.91804,6.67574],[-57.91386,6.69012],[-57.91904,6.69641],[-57.91839,6.70269],[-57.92004,6.70557],[-57.92321,6.71283],[-57.92823,6.71717],[-57.93243,6.72388],[-57.95306,6.74394],[-57.99595,6.77703],[-58.00974,6.78983],[-58.02117,6.7986],[-58.02914,6.80238],[-58.03416,6.80215],[-58.04683,6.80608],[-58.05669,6.81414],[-58.09164,6.8235],[-58.10159,6.8228],[-58.12241,6.82708],[-58.15605,6.82485],[-58.16484,6.8274],[-58.16893,6.80743],[-58.17283,6.80763],[-58.19534,6.74624],[-58.19951,6.73039],[-58.19883,6.71579],[-58.19633,6.70624],[-58.1905,6.69457],[-58.18899,6.68572],[-58.19174,6.67089],[-58.20118,6.64616],[-58.21817,6.60848],[-58.22332,6.57949],[-58.2259,6.57182],[-58.24225,6.54062],[-58.29199,6.49303],[-58.30194,6.48484],[-58.30932,6.48074],[-58.31173,6.47802],[-58.31413,6.46829],[-58.31344,6.45635],[-58.3064,6.44697],[-58.30246,6.44493],[-58.29611,6.43844],[-58.29336,6.43384],[-58.29199,6.4219],[-58.29233,6.40279],[-58.30314,6.39017],[-58.31422,6.37242],[-58.3143,6.36756],[-58.31073,6.35631],[-58.31037,6.35078],[-58.31231,6.33411],[-58.31014,6.32908],[-58.30159,6.32086],[-58.26919,6.29637],[-58.26698,6.2895],[-58.26751,6.28379],[-58.27274,6.27245],[-58.27101,6.26317],[-58.27269,6.25778],[-58.28689,6.24247],[-58.29994,6.21015],[-58.29849,6.20645],[-58.29407,6.20344],[-58.28157,6.20026],[-58.27773,6.18362],[-58.27878,6.16614],[-58.26741,6.1504],[-58.25957,6.14405],[-58.25868,6.14107],[-58.25962,6.13322],[-58.26666,6.11497],[-58.28566,6.09518]]]}},{"type":"Feature","properties":{"shapeName":"Cuyuni-Mazaruni","shapeISO":"GY-CU","shapeID":"73500413B42913807349964","shapeGroup":"GUY","shapeType":"ADM1"},"geometry":{"type":"Polygon","coordinates":[[[-60.29377,7.13382],[-60.29668,7.12641],[-60.29279,7.12047],[-60.29536,7.11645],[-60.29255,7.11422],[-60.2948,7.11183],[-60.29214,7.10661],[-60.29413,7.10266],[-60.29657,7.10172],[-60.29297,7.09759],[-60.29583,7.09433],[-60.29277,7.09105],[-60.29016,7.091],[-60.28759,7.08727],[-60.28938,7.08442],[-60.28795,7.08033],[-60.29138,7.0773],[-60.29198,7.07433],[-60.28939,7.07122],[-60.29274,7.06766],[-60.294,7.06978],[-60.29556,7.06971],[-60.29534,7.06655],[-60.29932,7.06606],[-60.30364,7.06029],[-60.30422,7.05502],[-60.30661,7.05171],[-60.30561,7.0488],[-60.3079,7.04583],[-60.30571,7.04014],[-60.31015,7.03584],[-60.31107,7.03309],[-60.31592,7.03275],[-60.3192,7.0309],[-60.3198,7.02624],[-60.31786,7.0234],[-60.32493,7.02081],[-60.32682,7.01698],[-60.33349,7.01703],[-60.33557,7.01315],[-60.34157,7.01393],[-60.3518,7.01139],[-60.35191,7.00922],[-60.35602,7.00696],[-60.35734,7.00303],[-60.36239,7.00264],[-60.3663,6.99791],[-60.36591,6.99252],[-60.36469,6.9914],[-60.3672,6.9879],[-60.36375,6.98403],[-60.36511,6.98118],[-60.36226,6.9775],[-60.36295,6.97477],[-60.36477,6.97437],[-60.36353,6.97028],[-60.36655,6.96718],[-60.36784,6.96305],[-60.36782,6.95777],[-60.36635,6.9559],[-60.36995,6.9497],[-60.36779,6.94215],[-60.37005,6.93987],[-60.37559,6.93945],[-60.37564,6.93276],[-60.37711,6.93126],[-60.38025,6.92994],[-60.39727,6.94517],[-60.4088,6.95066],[-60.41257,6.94398],[-60.44498,6.93438],[-60.4468,6.93138],[-60.45767,6.9265],[-60.4631,6.92093],[-60.46638,6.91442],[-60.47811,6.90774],[-60.49088,6.88847],[-60.50055,6.88179],[-60.5071,6.87904],[-60.51418,6.87836],[-60.52971,6.88024],[-60.53359,6.87862],[-60.53782,6.87442],[-60.54282,6.8626],[-60.54826,6.859],[-60.55525,6.85583],[-60.56733,6.85395],[-60.57501,6.85583],[-60.59571,6.85275],[-60.6021,6.84958],[-60.60745,6.84384],[-60.61167,6.84221],[-60.6348,6.83921],[-60.66361,6.82996],[-60.68118,6.81103],[-60.69654,6.77761],[-60.70462,6.76911],[-60.70947,6.76131],[-60.7185,6.75551],[-60.72488,6.75445],[-60.75003,6.76289],[-60.77465,6.77521],[-60.78516,6.7779],[-60.79585,6.78371],[-60.80973,6.7942],[-60.8216,6.79444],[-60.83293,6.78424],[-60.8412,6.78089],[-60.84586,6.78043],[-60.85354,6.7823],[-60.87509,6.79321],[-60.89475,6.81097],[-60.90261,6.81472],[-60.91389,6.8166],[-60.92233,6.80699],[-60.92487,6.79901],[-60.92558,6.78945],[-60.91932,6.77515],[-60.91365,6.77099],[-60.90402,6.76811],[-60.90031,6.7599],[-60.9006,6.75568],[-60.90432,6.75029],[-60.90946,6.74706],[-60.91879,6.7446],[-60.92835,6.74419],[-60.93272,6.74225],[-60.93626,6.73938],[-60.9391,6.73445],[-60.94081,6.72583],[-60.94618,6.7195],[-60.95569,6.71563],[-60.96998,6.71475],[-60.98362,6.71639],[-60.98917,6.71903],[-60.99348,6.72554],[-61.00505,6.73117],[-61.01291,6.7283],[-61.02117,6.71903],[-61.02548,6.71698],[-61.03954,6.71675],[-61.04408,6.71792],[-61.05152,6.72308],[-61.05353,6.72284],[-61.0556,6.71997],[-61.07591,6.72947],[-61.0794,6.72682],[-61.08215,6.71911],[-61.08399,6.70575],[-61.08791,6.70352],[-61.09217,6.70376],[-61.09568,6.70658],[-61.10219,6.71678],[-61.11063,6.71504],[-61.11572,6.71894],[-61.1215,6.71786],[-61.12992,6.72193],[-61.13543,6.72259],[-61.13987,6.72006],[-61.15002,6.70898],[-61.15263,6.70119],[-61.15171,6.69671],[-61.14845,6.69439],[-61.15146,6.6885],[-61.16607,6.69099],[-61.16073,6.6827],[-61.16173,6.6788],[-61.16741,6.68121],[-61.17217,6.67449],[-61.17685,6.67648],[-61.18294,6.67092],[-61.18495,6.66429],[-61.18428,6.65641],[-61.18979,6.65234],[-61.18912,6.64645],[-61.18277,6.64048],[-61.18311,6.63409],[-61.18102,6.63293],[-61.18144,6.63152],[-61.1882,6.6297],[-61.19087,6.62621],[-61.19513,6.62754],[-61.20056,6.62505],[-61.20031,6.62124],[-61.20173,6.61941],[-61.19973,6.61502],[-61.20056,6.61162],[-61.20332,6.61021],[-61.20156,6.60755],[-61.20223,6.60556],[-61.20682,6.59926],[-61.20649,6.59337],[-61.21041,6.58963],[-61.21584,6.59304],[-61.22227,6.59287],[-61.22419,6.59138],[-61.22403,6.58947],[-61.22219,6.58905],[-61.22352,6.58316],[-61.21968,6.57487],[-61.22419,6.57329],[-61.22695,6.5757],[-61.22895,6.57528],[-61.23196,6.57047],[-61.23162,6.56906],[-61.22728,6.56707],[-61.22344,6.56757],[-61.21943,6.56583],[-61.21968,6.55853],[-61.22519,6.55463],[-61.22478,6.55297],[-61.22127,6.55181],[-61.21517,6.55297],[-61.20975,6.54932],[-61.21325,6.54127],[-61.21183,6.54003],[-61.20933,6.54102],[-61.20866,6.53803],[-61.21952,6.53936],[-61.2211,6.53795],[-61.22085,6.52982],[-61.22286,6.52717],[-61.22219,6.52584],[-61.21826,6.52708],[-61.21409,6.52601],[-61.21292,6.53015],[-61.20691,6.52584],[-61.20607,6.52161],[-61.20415,6.52128],[-61.20307,6.52227],[-61.20657,6.53214],[-61.20357,6.53604],[-61.20039,6.53571],[-61.19647,6.53737],[-61.19505,6.53671],[-61.19797,6.52891],[-61.19664,6.52708],[-61.18895,6.52559],[-61.18753,6.528],[-61.18027,6.53065],[-61.18194,6.52252],[-61.17242,6.51945],[-61.17209,6.51754],[-61.17543,6.51298],[-61.17476,6.50618],[-61.17075,6.50535],[-61.17267,6.50012],[-61.17467,6.49863],[-61.17401,6.49348],[-61.18252,6.48942],[-61.18603,6.48261],[-61.18227,6.48095],[-61.17584,6.48095],[-61.17651,6.47888],[-61.18144,6.47647],[-61.18256,6.47175],[-61.17885,6.4713],[-61.17651,6.46496],[-61.16355,6.45713],[-61.15989,6.45845],[-61.15704,6.4645],[-61.15235,6.46444],[-61.1519,6.45839],[-61.15744,6.45216],[-61.1543,6.44885],[-61.14887,6.44948],[-61.1479,6.44685],[-61.14893,6.44514],[-61.15458,6.44674],[-61.15344,6.44189],[-61.15567,6.43658],[-61.15167,6.43012],[-61.14316,6.42915],[-61.15001,6.42418],[-61.14967,6.41973],[-61.14624,6.41847],[-61.14859,6.41585],[-61.14807,6.41305],[-61.15144,6.41139],[-61.1543,6.41556],[-61.15858,6.41453],[-61.15664,6.41425],[-61.15487,6.41133],[-61.15761,6.40893],[-61.15812,6.40602],[-61.1527,6.40066],[-61.1539,6.39974],[-61.15561,6.40345],[-61.15801,6.40254],[-61.15664,6.39797],[-61.15852,6.39363],[-61.15767,6.38986],[-61.16126,6.38912],[-61.16018,6.39215],[-61.16617,6.39466],[-61.16783,6.39289],[-61.168,6.38918],[-61.1656,6.38643],[-61.16098,6.38821],[-61.15732,6.38592],[-61.16149,6.38444],[-61.16201,6.38261],[-61.16018,6.3793],[-61.16126,6.37695],[-61.16338,6.37775],[-61.1652,6.38095],[-61.16783,6.37964],[-61.16418,6.3725],[-61.15858,6.36616],[-61.16389,6.36028],[-61.16389,6.35451],[-61.16857,6.35234],[-61.16829,6.3484],[-61.1736,6.34275],[-61.17131,6.33869],[-61.17177,6.33555],[-61.17343,6.33538],[-61.17514,6.34046],[-61.17822,6.34058],[-61.17588,6.33344],[-61.18331,6.33253],[-61.18416,6.33013],[-61.17565,6.3271],[-61.16532,6.31305],[-61.16692,6.31214],[-61.16732,6.30831],[-61.16452,6.30391],[-61.16492,6.2998],[-61.16161,6.29855],[-61.16024,6.29358],[-61.15572,6.28833],[-61.1479,6.29209],[-61.14293,6.28781],[-61.14025,6.28752],[-61.14293,6.28364],[-61.14196,6.27742],[-61.14042,6.27536],[-61.13802,6.27553],[-61.13625,6.27148],[-61.12997,6.27205],[-61.12723,6.27382],[-61.12243,6.27313],[-61.12066,6.27599],[-61.11404,6.27136],[-61.11649,6.26965],[-61.11889,6.26502],[-61.12197,6.26297],[-61.1258,6.26257],[-61.12683,6.25812],[-61.1294,6.25469],[-61.13248,6.25492],[-61.13534,6.2411],[-61.13265,6.23219],[-61.13756,6.22779],[-61.13842,6.22197],[-61.14076,6.22122],[-61.14236,6.21626],[-61.13893,6.21089],[-61.13437,6.20906],[-61.13328,6.20483],[-61.131,6.20501],[-61.12951,6.20878],[-61.12666,6.2078],[-61.13208,6.20129],[-61.12928,6.19604],[-61.1254,6.19638],[-61.12454,6.1937],[-61.12734,6.1881],[-61.13368,6.18833],[-61.13465,6.18445],[-61.13288,6.18074],[-61.13813,6.17657],[-61.14093,6.17874],[-61.15338,6.18051],[-61.15744,6.18262],[-61.16263,6.18188],[-61.16486,6.18473],[-61.1696,6.18479],[-61.17211,6.18091],[-61.17594,6.18685],[-61.17925,6.18707],[-61.18348,6.17885],[-61.18725,6.17851],[-61.18468,6.17651],[-61.18679,6.17617],[-61.18593,6.17382],[-61.18742,6.17331],[-61.18702,6.17148],[-61.18936,6.17148],[-61.18787,6.17028],[-61.19004,6.16692],[-61.1873,6.16166],[-61.18559,6.16235],[-61.18559,6.15995],[-61.18308,6.15955],[-61.18451,6.1475],[-61.19244,6.13962],[-61.1893,6.13265],[-61.19541,6.13197],[-61.19776,6.13305],[-61.20021,6.13134],[-61.20415,6.13402],[-61.20244,6.1274],[-61.20449,6.12648],[-61.20472,6.12294],[-61.20809,6.11849],[-61.20655,6.11586],[-61.20929,6.11198],[-61.21471,6.11512],[-61.21426,6.11164],[-61.2154,6.11124],[-61.22077,6.11855],[-61.22294,6.12534],[-61.22648,6.12551],[-61.22734,6.12386],[-61.23162,6.12631],[-61.2363,6.1222],[-61.23522,6.11803],[-61.2415,6.11289],[-61.24133,6.11055],[-61.24247,6.11175],[-61.24281,6.10844],[-61.24316,6.10941],[-61.24601,6.10809],[-61.24578,6.10907],[-61.25046,6.10958],[-61.25166,6.10764],[-61.25943,6.11278],[-61.26228,6.11009],[-61.26268,6.11124],[-61.26577,6.11101],[-61.26571,6.10941],[-61.26988,6.10964],[-61.27045,6.10615],[-61.27279,6.10638],[-61.27496,6.10313],[-61.27394,6.1025],[-61.27371,6.09582],[-61.27525,6.09233],[-61.27702,6.09165],[-61.2797,6.09439],[-61.27862,6.08931],[-61.27976,6.08285],[-61.2865,6.07994],[-61.2849,6.07714],[-61.28741,6.07726],[-61.2929,6.07275],[-61.29444,6.07395],[-61.29135,6.06892],[-61.29786,6.06703],[-61.29878,6.06304],[-61.30403,6.06041],[-61.3042,6.05727],[-61.30237,6.0567],[-61.30186,6.05447],[-61.30683,6.05219],[-61.31037,6.05327],[-61.31191,6.05213],[-61.31282,6.04785],[-61.31106,6.04671],[-61.31282,6.04328],[-61.31597,6.04134],[-61.31979,6.02866],[-61.31911,6.02729],[-61.32522,6.02643],[-61.32773,6.02061],[-61.3335,6.01461],[-61.33567,6.00496],[-61.33104,5.99896],[-61.34498,5.98863],[-61.35029,5.98634],[-61.35291,5.97504],[-61.35794,5.96887],[-61.36355,5.96709],[-61.36604,5.9681],[-61.36699,5.96408],[-61.36966,5.96159],[-61.37509,5.96042],[-61.37918,5.96256],[-61.38374,5.95948],[-61.38886,5.9635],[-61.40074,5.9679],[-61.40499,5.97229],[-61.4149,5.97079],[-61.35667,5.90333],[-61.08472,5.59889],[-60.76444,5.24056],[-60.74889,5.2225],[-60.73755,5.2019],[-60.73197,5.21203],[-60.72781,5.21303],[-60.723,5.22],[-60.71027,5.21907],[-60.70066,5.22183],[-60.69285,5.22745],[-60.682,5.232],[-60.659,5.227],[-60.652,5.231],[-60.638,5.22],[-60.624,5.215],[-60.614,5.219],[-60.603,5.215],[-60.597,5.221],[-60.592,5.218],[-60.59,5.208],[-60.569,5.196],[-60.545,5.194],[-60.539,5.203],[-60.527,5.208],[-60.5,5.203],[-60.474,5.201],[-60.469,5.203],[-60.463,5.199],[-60.451,5.203],[-60.446,5.184],[-60.434,5.182],[-60.418,5.194],[-60.417,5.206],[-60.413,5.214],[-60.405,5.211],[-60.384,5.222],[-60.371,5.215],[-60.371,5.208],[-60.367,5.205],[-60.356,5.21],[-60.345,5.205],[-60.336,5.208],[-60.328,5.206],[-60.319,5.208],[-60.313,5.211],[-60.30562,5.21857],[-60.30076,5.22847],[-60.28483,5.22896],[-60.27868,5.23434],[-60.27108,5.23631],[-60.269,5.244],[-60.264,5.251],[-60.25018,5.25786],[-60.235,5.263],[-60.23102,5.27146],[-60.21854,5.28429],[-60.21501,5.28094],[-60.20825,5.28346],[-60.19964,5.27249],[-60.18686,5.26721],[-60.17933,5.27048],[-60.18035,5.26627],[-60.18475,5.26208],[-60.19317,5.23915],[-60.172,5.227],[-60.158,5.232],[-60.135,5.249],[-60.132,5.225],[-60.106,5.194],[-60.10137,5.1726],[-60.07994,5.18364],[-60.05246,5.20523],[-60.03306,5.22606],[-60.01465,5.25568],[-59.99726,5.29233],[-59.99298,5.31894],[-59.98113,5.34679],[-59.96525,5.36612],[-59.93223,5.38494],[-59.90576,5.39774],[-59.87148,5.41129],[-59.82359,5.41505],[-59.71873,5.40376],[-59.69554,5.39423],[-59.66302,5.39498],[-59.61109,5.39021],[-59.59698,5.39448],[-59.59572,5.40426],[-59.59118,5.40828],[-59.59118,5.41857],[-59.59647,5.42283],[-59.59925,5.50739],[-59.6063,5.52797],[-59.60883,5.54152],[-59.60656,5.55456],[-59.60152,5.56309],[-59.58337,5.58166],[-59.55564,5.60273],[-59.5148,5.62807],[-59.47246,5.62581],[-59.4223,5.59596],[-59.40465,5.5952],[-59.37919,5.59746],[-59.35474,5.6095],[-59.33079,5.64312],[-59.3076,5.67949],[-59.28845,5.70256],[-59.27105,5.71335],[-59.24786,5.72238],[-59.23173,5.72564],[-59.22518,5.72464],[-59.19216,5.69604],[-59.17401,5.67548],[-59.15939,5.66394],[-59.15057,5.62129],[-59.12662,5.59922],[-59.11931,5.58843],[-59.1178,5.55908],[-59.12309,5.54001],[-59.11603,5.52044],[-59.09713,5.51542],[-59.08427,5.51718],[-59.03386,5.54202],[-59.021,5.54026],[-59.00613,5.53073],[-58.9905,5.50689],[-58.97261,5.48732],[-58.95925,5.47979],[-58.90833,5.47302],[-58.90152,5.46298],[-58.89119,5.43362],[-58.88363,5.42333],[-58.87551,5.39566],[-58.86304,5.40272],[-58.85752,5.40355],[-58.84994,5.40199],[-58.83301,5.4017],[-58.82651,5.40657],[-58.81551,5.41041],[-58.80108,5.40598],[-58.78621,5.40589],[-58.7756,5.40964],[-58.76328,5.41694],[-58.73728,5.42506],[-58.71333,5.42237],[-58.6811,5.43572],[-58.66869,5.44628],[-58.65168,5.47985],[-58.63717,5.4946],[-58.62636,5.519],[-58.62506,5.53086],[-58.62696,5.53902],[-58.62676,5.54819],[-58.62526,5.55915],[-58.61565,5.58956],[-58.60855,5.60318],[-58.59885,5.64807],[-58.60341,5.65816],[-58.60971,5.66234],[-58.61246,5.66825],[-58.61384,5.67589],[-58.60616,5.68871],[-58.60472,5.70031],[-58.60968,5.72927],[-58.60205,5.77195],[-58.60414,5.78633],[-58.61106,5.80968],[-58.60875,5.81865],[-58.59597,5.83386],[-58.59262,5.84137],[-58.59188,5.87358],[-58.58382,5.88765],[-58.57816,5.89307],[-58.57543,5.89786],[-58.5742,5.90839],[-58.57677,5.92119],[-58.58245,5.93643],[-58.58492,5.94742],[-58.58438,5.96842],[-58.57865,6.01251],[-58.58226,6.02053],[-58.59378,6.05971],[-58.59374,6.06292],[-58.59025,6.06434],[-58.58784,6.06758],[-58.58724,6.07163],[-58.59321,6.08812],[-58.59296,6.0909],[-58.5883,6.09424],[-58.58215,6.1061],[-58.58084,6.11395],[-58.58339,6.11994],[-58.5832,6.12457],[-58.57475,6.13662],[-58.57214,6.14694],[-58.57239,6.19259],[-58.57517,6.22345],[-58.5751,6.24161],[-58.57022,6.25692],[-58.5753,6.27689],[-58.5809,6.28801],[-58.57886,6.31],[-58.58115,6.31443],[-58.58611,6.31797],[-58.5987,6.3373],[-58.60188,6.35095],[-58.60429,6.36599],[-58.60709,6.42083],[-58.60459,6.44466],[-58.62321,6.44733],[-58.62421,6.46037],[-58.62015,6.47284],[-58.61648,6.50178],[-58.61778,6.50826],[-58.62791,6.51359],[-58.63566,6.51388],[-58.64132,6.51255],[-58.65548,6.5047],[-58.66784,6.49479],[-58.67216,6.49286],[-58.67961,6.49345],[-58.69481,6.50278],[-58.70226,6.51092],[-58.70673,6.51951],[-58.72223,6.51936],[-58.78123,6.55562],[-58.78689,6.55577],[-58.80611,6.55207],[-58.83323,6.55444],[-58.84261,6.55829],[-58.85409,6.56954],[-58.85587,6.58493],[-58.84336,6.61513],[-58.84008,6.6505],[-58.83472,6.65686],[-58.82861,6.69933],[-58.83263,6.70939],[-58.83934,6.71872],[-58.84112,6.73085],[-58.87144,6.74616],[-58.87725,6.75445],[-58.87651,6.76762],[-58.87755,6.77812],[-58.89722,6.78315],[-58.91674,6.77931],[-58.92866,6.77472],[-58.94683,6.78138],[-58.95443,6.78641],[-58.96546,6.79884],[-58.97231,6.85032],[-58.97768,6.85979],[-58.98721,6.86984],[-59.00017,6.87532],[-59.01984,6.8762],[-59.03474,6.87221],[-59.04979,6.85564],[-59.06305,6.84632],[-59.1003,6.8444],[-59.11937,6.84869],[-59.1377,6.85505],[-59.14306,6.86008],[-59.17301,6.87118],[-59.19685,6.87487],[-59.21041,6.88745],[-59.20772,6.91348],[-59.1964,6.94217],[-59.18329,6.96525],[-59.17807,6.97944],[-59.17874,7.00237],[-59.20512,7.00355],[-59.23223,7.0136],[-59.23983,7.01789],[-59.25935,7.02159],[-59.27231,7.02632],[-59.2887,7.03002],[-59.29958,7.02736],[-59.31433,7.01819],[-59.32833,6.99142],[-59.3407,6.97634],[-59.35187,6.96732],[-59.36767,6.96155],[-59.38093,6.96332],[-59.43367,6.98107],[-59.45602,6.99098],[-59.47062,7.00251],[-59.49044,7.00606],[-59.53335,7.02706],[-59.58356,7.07364],[-59.6077,7.09804],[-59.62781,7.10868],[-59.64971,7.11016],[-59.68964,7.10868],[-59.70127,7.11046],[-59.73911,7.12849],[-59.7993,7.1653],[-59.83715,7.19842],[-59.85622,7.20256],[-59.90077,7.20196],[-59.90956,7.19945],[-59.92222,7.19221],[-59.92803,7.16575],[-59.9325,7.15318],[-59.9398,7.14402],[-59.98599,7.10824],[-59.99434,7.11105],[-60.00775,7.1211],[-60.02488,7.1242],[-60.0587,7.12317],[-60.0666,7.10765],[-60.08299,7.08103],[-60.10191,7.06536],[-60.11711,7.06359],[-60.15004,7.07394],[-60.17805,7.10158],[-60.1916,7.10484],[-60.20591,7.09715],[-60.23124,7.08828],[-60.24226,7.08961],[-60.25612,7.09715],[-60.27638,7.12376],[-60.29377,7.13382]]]}},{"type":"Feature","properties":{"shapeName":"Potaro-Siparuni","shapeISO":"GY-PT","shapeID":"73500413B80201159559449","shapeGroup":"GUY","shapeType":"ADM1"},"geometry":{"type":"Polygon","coordinates":[[[-60.10137,5.1726],[-60.096,5.143],[-60.094,5.14],[-60.06341,5.13772],[-60.05829,5.13108],[-60.059,5.12895],[-60.05741,5.12465],[-60.05029,5.12261],[-60.05232,5.1189],[-60.05058,5.11876],[-60.04804,5.11462],[-60.04819,5.11103],[-60.04562,5.11358],[-60.04258,5.11096],[-60.04507,5.10694],[-60.04093,5.10648],[-60.03593,5.11228],[-60.03744,5.10757],[-60.03485,5.10803],[-60.02307,5.09458],[-60.01709,5.09222],[-60.01839,5.08888],[-60.01237,5.09061],[-60.0084,5.08579],[-60.00602,5.08613],[-60.00379,5.08392],[-60.0011,5.08442],[-59.99821,5.0829],[-59.99417,5.08483],[-59.99304,5.08728],[-59.98964,5.08403],[-59.98229,5.0825],[-59.97874,5.07914],[-59.97671,5.07964],[-59.97205,5.07643],[-59.96984,5.06335],[-59.97127,5.05907],[-59.97756,5.05314],[-59.97388,5.0478],[-59.97665,5.04662],[-59.97698,5.03396],[-59.97384,5.03101],[-59.97673,5.02496],[-59.97698,5.01922],[-59.97952,5.01527],[-59.98378,5.01861],[-59.98532,5.0183],[-59.98553,5.00648],[-59.98831,5.00605],[-59.98964,5.00125],[-59.98757,4.99802],[-59.98677,4.98966],[-59.99046,4.98684],[-59.99072,4.9841],[-59.98645,4.97847],[-59.98766,4.97383],[-59.9941,4.96504],[-59.99217,4.9629],[-59.98948,4.9503],[-59.99073,4.94913],[-59.99276,4.95078],[-59.99405,4.94942],[-59.99403,4.93955],[-59.99204,4.93712],[-59.99358,4.9338],[-59.99722,4.93108],[-59.99847,4.91875],[-60.0018,4.91606],[-60.00239,4.90869],[-60.00063,4.90669],[-60.0039,4.90144],[-60.00699,4.88811],[-60.00478,4.88515],[-60.00504,4.88109],[-60.00651,4.87681],[-60.0101,4.87289],[-60.00896,4.86177],[-60.01347,4.84322],[-60.0179,4.83623],[-60.02519,4.83183],[-60.02495,4.8276],[-60.0282,4.8178],[-60.02234,4.81348],[-60.02228,4.81178],[-60.03073,4.80753],[-60.03444,4.80108],[-60.03517,4.78923],[-60.02851,4.78728],[-60.02133,4.7818],[-60.02657,4.76588],[-60.02436,4.75938],[-60.02552,4.74283],[-60.02919,4.73648],[-60.03437,4.7342],[-60.03926,4.72442],[-60.03651,4.71947],[-60.03229,4.71736],[-60.03066,4.71477],[-60.02662,4.71406],[-60.02523,4.7065],[-60.02992,4.70303],[-60.03307,4.69842],[-60.04185,4.69499],[-60.04492,4.68992],[-60.0526,4.68374],[-60.05397,4.67879],[-60.05873,4.67799],[-60.06152,4.6719],[-60.07542,4.65548],[-60.07631,4.64908],[-60.07188,4.65069],[-60.07237,4.64874],[-60.06953,4.64412],[-60.07039,4.63763],[-60.0753,4.63605],[-60.07573,4.63374],[-60.07246,4.62344],[-60.06977,4.61932],[-60.0705,4.61688],[-60.07378,4.61518],[-60.07745,4.61613],[-60.08902,4.60598],[-60.09398,4.60701],[-60.0966,4.60383],[-60.10009,4.6035],[-60.10543,4.60807],[-60.10845,4.60761],[-60.11258,4.60252],[-60.1168,4.60472],[-60.12342,4.60501],[-60.12881,4.60044],[-60.13115,4.59576],[-60.12776,4.58429],[-60.12257,4.57922],[-60.12382,4.57688],[-60.12818,4.57501],[-60.13553,4.58068],[-60.14013,4.57942],[-60.14035,4.57676],[-60.13778,4.57636],[-60.13897,4.57033],[-60.13533,4.5662],[-60.13643,4.56487],[-60.13993,4.5665],[-60.14551,4.5661],[-60.15079,4.57617],[-60.15487,4.57508],[-60.15725,4.57248],[-60.15629,4.56952],[-60.16082,4.55971],[-60.16074,4.5556],[-60.15576,4.55248],[-60.15381,4.54838],[-60.15405,4.54516],[-60.15701,4.54068],[-60.15849,4.52458],[-60.16125,4.52158],[-60.16114,4.51773],[-60.15623,4.51286],[-60.15049,4.51135],[-60.13666,4.51434],[-60.12866,4.50793],[-60.12383,4.5075],[-60.12171,4.50195],[-60.11779,4.50203],[-60.11211,4.50526],[-60.10719,4.50472],[-60.10068,4.50913],[-60.09818,4.51324],[-60.09894,4.51858],[-60.10496,4.52362],[-60.10364,4.52845],[-60.09459,4.52773],[-60.09108,4.53335],[-60.08781,4.53356],[-60.08293,4.53016],[-60.08648,4.51734],[-60.08136,4.51853],[-60.08045,4.52236],[-60.07618,4.52473],[-60.06592,4.52331],[-60.06453,4.52107],[-60.06392,4.51798],[-60.06683,4.51733],[-60.06791,4.50663],[-60.07152,4.50008],[-60.07066,4.49331],[-60.06393,4.4958],[-60.06174,4.49474],[-60.04508,4.49472],[-60.04321,4.49216],[-60.03471,4.49053],[-60.02427,4.49435],[-60.01828,4.48961],[-60.01291,4.49173],[-60.00917,4.49588],[-60.00276,4.49534],[-59.99511,4.48843],[-59.98963,4.48594],[-59.98012,4.48703],[-59.97292,4.4801],[-59.97184,4.48331],[-59.97599,4.49124],[-59.97234,4.49622],[-59.972,4.50569],[-59.97382,4.5086],[-59.97094,4.50955],[-59.96173,4.50713],[-59.95882,4.50389],[-59.95364,4.50355],[-59.95192,4.49996],[-59.94127,4.49809],[-59.93732,4.50049],[-59.93559,4.50004],[-59.93355,4.49343],[-59.92684,4.49189],[-59.92538,4.48789],[-59.93135,4.48211],[-59.93031,4.48078],[-59.91635,4.47823],[-59.91192,4.47911],[-59.91102,4.47641],[-59.91613,4.46875],[-59.91531,4.46581],[-59.90941,4.46043],[-59.90487,4.46059],[-59.90144,4.47469],[-59.89823,4.47859],[-59.8892,4.47789],[-59.87559,4.47309],[-59.87417,4.47466],[-59.87813,4.48425],[-59.87483,4.48717],[-59.87181,4.48541],[-59.87438,4.48152],[-59.87183,4.47711],[-59.86594,4.47529],[-59.86301,4.4719],[-59.86316,4.46955],[-59.86569,4.46973],[-59.87038,4.46656],[-59.87149,4.4625],[-59.86154,4.4524],[-59.85367,4.45618],[-59.84822,4.45326],[-59.84377,4.45564],[-59.83948,4.45496],[-59.83293,4.45822],[-59.83101,4.45758],[-59.83106,4.45133],[-59.81881,4.44759],[-59.81224,4.44709],[-59.80651,4.45414],[-59.80495,4.466],[-59.80309,4.46711],[-59.79503,4.46554],[-59.79378,4.46346],[-59.79648,4.45003],[-59.79452,4.44807],[-59.78738,4.44607],[-59.78551,4.44997],[-59.78342,4.45034],[-59.77952,4.44681],[-59.77897,4.4439],[-59.78136,4.44152],[-59.78076,4.43989],[-59.7749,4.44127],[-59.77146,4.43995],[-59.77065,4.43659],[-59.76913,4.43912],[-59.7658,4.4369],[-59.76495,4.43385],[-59.76015,4.43215],[-59.75434,4.42239],[-59.75034,4.42057],[-59.74509,4.42257],[-59.7403,4.4216],[-59.73828,4.42395],[-59.73512,4.42327],[-59.7308,4.41661],[-59.73008,4.41242],[-59.72697,4.41013],[-59.72049,4.41036],[-59.71874,4.40316],[-59.72192,4.39868],[-59.71401,4.39605],[-59.70971,4.39056],[-59.70269,4.38714],[-59.69466,4.37999],[-59.69107,4.38032],[-59.6892,4.3832],[-59.68389,4.38515],[-59.66948,4.37629],[-59.66081,4.37422],[-59.65494,4.37486],[-59.64992,4.37846],[-59.62711,4.38552],[-59.60598,4.4292],[-59.59619,4.45592],[-59.54001,4.50833],[-59.50548,4.52015],[-59.48744,4.51244],[-59.48435,4.49754],[-59.49569,4.47442],[-59.49466,4.45027],[-59.46683,4.43948],[-59.45446,4.42509],[-59.46064,4.40248],[-59.50187,4.36445],[-59.48641,4.32385],[-59.48074,4.29764],[-59.47868,4.27143],[-59.4828,4.25601],[-59.4993,4.23648],[-59.50806,4.21849],[-59.50239,4.19485],[-59.47868,4.17532],[-59.4493,4.15887],[-59.3921,4.15064],[-59.33437,4.14602],[-59.31994,4.15424],[-59.29726,4.15167],[-59.27716,4.14602],[-59.2684,4.15527],[-59.19161,4.15167],[-59.17666,4.14653],[-59.1612,4.15219],[-59.15656,4.16349],[-59.14729,4.17018],[-59.13904,4.1712],[-59.13337,4.18149],[-59.1277,4.18508],[-59.10554,4.18406],[-59.08338,4.1748],[-59.06998,4.16504],[-59.07049,4.14859],[-59.06017,4.10778],[-59.05375,4.0962],[-59.01391,4.05382],[-59.01042,4.04017],[-58.9888,4.01305],[-58.97294,4.00589],[-58.94839,3.99911],[-58.92838,3.99911],[-58.88382,4.03038],[-58.83341,4.07407],[-58.8083,4.10533],[-58.78602,4.1253],[-58.77148,4.13659],[-58.73938,4.15204],[-58.72862,4.17256],[-58.69897,4.21041],[-58.68972,4.23131],[-58.67707,4.25278],[-58.658,4.25617],[-58.60589,4.2701],[-58.5923,4.27726],[-58.5787,4.2797],[-58.57266,4.28422],[-58.5619,4.28064],[-58.54793,4.27857],[-58.5247,4.28008],[-58.51318,4.27349],[-58.49997,4.26295],[-58.47656,4.25221],[-58.46482,4.25668],[-58.46809,4.27628],[-58.45448,4.30997],[-58.44616,4.32756],[-58.40936,4.39014],[-58.41062,4.45498],[-58.40331,4.46956],[-58.38037,4.50147],[-58.3282,4.58741],[-58.3224,4.60324],[-58.3161,4.64017],[-58.34282,4.63892],[-58.37634,4.62836],[-58.41617,4.62108],[-58.44894,4.61731],[-58.51473,4.61856],[-58.54775,4.61655],[-58.57724,4.62083],[-58.60396,4.62836],[-58.66446,4.65624],[-58.67527,4.6523],[-58.67853,4.65384],[-58.67956,4.66206],[-58.68814,4.68669],[-58.69604,4.6908],[-58.70789,4.69405],[-58.71132,4.69764],[-58.70737,4.70979],[-58.70892,4.72211],[-58.70754,4.73135],[-58.70943,4.74264],[-58.71286,4.74845],[-58.72059,4.75649],[-58.7266,4.7594],[-58.7381,4.76214],[-58.7587,4.75957],[-58.7678,4.76556],[-58.77209,4.76334],[-58.77604,4.75837],[-58.79372,4.75837],[-58.79972,4.76163],[-58.80127,4.76915],[-58.80007,4.78472],[-58.80281,4.789],[-58.81215,4.79442],[-58.81535,4.7931],[-58.81878,4.79396],[-58.82341,4.80319],[-58.82408,4.81571],[-58.82045,4.82246],[-58.82193,4.8274],[-58.82045,4.83645],[-58.82769,4.83871],[-58.83339,4.84355],[-58.83527,4.85213],[-58.82977,4.86255],[-58.84932,4.90071],[-58.85252,4.92757],[-58.85765,4.93565],[-58.87011,4.94322],[-58.88143,4.97394],[-58.86629,5.03575],[-58.84856,5.09868],[-58.8292,5.10939],[-58.82629,5.11325],[-58.82623,5.11923],[-58.82071,5.12309],[-58.82323,5.13482],[-58.8214,5.13863],[-58.82197,5.15061],[-58.82628,5.15511],[-58.83338,5.15665],[-58.83648,5.16013],[-58.84342,5.16138],[-58.84876,5.16979],[-58.84815,5.22304],[-58.84732,5.23063],[-58.8407,5.2487],[-58.84108,5.25695],[-58.85303,5.26239],[-58.86593,5.27345],[-58.8679,5.27765],[-58.86897,5.28663],[-58.87386,5.29458],[-58.87805,5.29768],[-58.89389,5.30295],[-58.89893,5.30657],[-58.90232,5.3118],[-58.90651,5.32977],[-58.90585,5.34299],[-58.89375,5.36971],[-58.89097,5.38023],[-58.88754,5.38685],[-58.88177,5.39352],[-58.87551,5.39566],[-58.88363,5.42333],[-58.89119,5.43362],[-58.90152,5.46298],[-58.90833,5.47302],[-58.95925,5.47979],[-58.97261,5.48732],[-58.9905,5.50689],[-59.00613,5.53073],[-59.021,5.54026],[-59.03386,5.54202],[-59.08427,5.51718],[-59.09713,5.51542],[-59.11603,5.52044],[-59.12309,5.54001],[-59.1178,5.55908],[-59.11931,5.58843],[-59.12662,5.59922],[-59.15057,5.62129],[-59.15939,5.66394],[-59.17401,5.67548],[-59.19216,5.69604],[-59.22518,5.72464],[-59.23173,5.72564],[-59.24786,5.72238],[-59.27105,5.71335],[-59.28845,5.70256],[-59.3076,5.67949],[-59.33079,5.64312],[-59.35474,5.6095],[-59.37919,5.59746],[-59.40465,5.5952],[-59.4223,5.59596],[-59.47246,5.62581],[-59.5148,5.62807],[-59.55564,5.60273],[-59.58337,5.58166],[-59.60152,5.56309],[-59.60656,5.55456],[-59.60883,5.54152],[-59.6063,5.52797],[-59.59925,5.50739],[-59.59647,5.42283],[-59.59118,5.41857],[-59.59118,5.40828],[-59.59572,5.40426],[-59.59698,5.39448],[-59.61109,5.39021],[-59.66302,5.39498],[-59.69554,5.39423],[-59.71873,5.40376],[-59.82359,5.41505],[-59.87148,5.41129],[-59.90576,5.39774],[-59.93223,5.38494],[-59.96525,5.36612],[-59.98113,5.34679],[-59.99298,5.31894],[-59.99726,5.29233],[-60.01465,5.25568],[-60.03306,5.22606],[-60.05246,5.20523],[-60.07994,5.18364],[-60.10137,5.1726]]]}},{"type":"Feature","properties":{"shapeName":"Upper Takutu-Upper Essequibo","shapeISO":"GY-UT","shapeID":"73500413B44928754933782","shapeGroup":"GUY","shapeType":"ADM1"},"geometry":{"type":"Polygon","coordinates":[[[-59.66948,4.37629],[-59.67069,4.37076],[-59.6752,4.36874],[-59.67853,4.36911],[-59.68269,4.36374],[-59.68262,4.3595],[-59.67999,4.35605],[-59.6783,4.35664],[-59.67772,4.35011],[-59.67551,4.34848],[-59.67871,4.34133],[-59.68998,4.33496],[-59.70434,4.31799],[-59.70601,4.31471],[-59.70277,4.31148],[-59.70324,4.30717],[-59.70721,4.30423],[-59.70791,4.30595],[-59.71119,4.30701],[-59.71717,4.30333],[-59.71969,4.29675],[-59.73189,4.28587],[-59.73179,4.28319],[-59.7282,4.27913],[-59.73355,4.27426],[-59.73061,4.26908],[-59.72865,4.26798],[-59.72551,4.26866],[-59.71874,4.27471],[-59.7123,4.27176],[-59.70945,4.26876],[-59.71104,4.26527],[-59.71679,4.26271],[-59.72218,4.25652],[-59.73949,4.2339],[-59.7395,4.23221],[-59.73535,4.22892],[-59.73558,4.21846],[-59.73807,4.21428],[-59.73738,4.20985],[-59.73549,4.20844],[-59.72955,4.19396],[-59.72657,4.19037],[-59.72657,4.18711],[-59.73069,4.18076],[-59.72341,4.17615],[-59.71901,4.17019],[-59.71997,4.16911],[-59.71844,4.1667],[-59.71449,4.16659],[-59.70613,4.16071],[-59.70176,4.16038],[-59.69602,4.15399],[-59.68729,4.14961],[-59.68659,4.14695],[-59.67169,4.14632],[-59.66544,4.14391],[-59.65949,4.14626],[-59.64421,4.14482],[-59.63417,4.14132],[-59.6331,4.13917],[-59.62681,4.13743],[-59.61818,4.13166],[-59.62435,4.12613],[-59.62578,4.11725],[-59.6318,4.11087],[-59.63842,4.09434],[-59.644,4.08783],[-59.65406,4.06943],[-59.64168,4.06697],[-59.6394,4.06092],[-59.629,4.05208],[-59.6242,4.05415],[-59.61784,4.05194],[-59.61705,4.0504],[-59.61942,4.03812],[-59.601,4.02879],[-59.60278,4.02371],[-59.60055,4.01719],[-59.60172,4.01487],[-59.60671,4.01447],[-59.61161,4.01904],[-59.61324,4.01738],[-59.60725,4.00737],[-59.60428,4.00718],[-59.59688,4.01687],[-59.59427,4.01789],[-59.59268,4.01607],[-59.59129,4.00742],[-59.59617,4.00293],[-59.59678,4.00075],[-59.59349,3.99996],[-59.58999,3.99532],[-59.58616,3.99343],[-59.58383,3.99682],[-59.5842,4.00246],[-59.58179,4.00264],[-59.57943,4.00059],[-59.57798,3.99551],[-59.57484,3.99339],[-59.57146,3.98637],[-59.58084,3.98135],[-59.5864,3.97549],[-59.58417,3.96851],[-59.57961,3.9679],[-59.57135,3.96988],[-59.56949,3.96886],[-59.56778,3.96499],[-59.56575,3.96456],[-59.56569,3.96977],[-59.55925,3.97351],[-59.55692,3.97848],[-59.54468,3.97913],[-59.54318,3.97182],[-59.53486,3.97172],[-59.53023,3.96869],[-59.52665,3.96887],[-59.52434,3.9622],[-59.51917,3.95527],[-59.52242,3.95141],[-59.5155,3.94638],[-59.5153,3.94492],[-59.52591,3.93884],[-59.52545,3.93509],[-59.52285,3.93223],[-59.52627,3.92409],[-59.53475,3.9275],[-59.5391,3.93196],[-59.54244,3.92953],[-59.53891,3.92452],[-59.54487,3.92018],[-59.5497,3.9184],[-59.56112,3.9205],[-59.56474,3.91733],[-59.56778,3.89622],[-59.56627,3.89268],[-59.56782,3.88957],[-59.57402,3.89401],[-59.57713,3.9016],[-59.57823,3.89941],[-59.57481,3.89197],[-59.5758,3.88899],[-59.57931,3.89059],[-59.5842,3.88816],[-59.58881,3.8889],[-59.59279,3.88538],[-59.59338,3.87717],[-59.58985,3.86847],[-59.59036,3.8642],[-59.59324,3.86078],[-59.5907,3.85838],[-59.58483,3.85692],[-59.58901,3.85157],[-59.58503,3.84065],[-59.58653,3.83498],[-59.57749,3.83208],[-59.57745,3.8172],[-59.58006,3.81491],[-59.5823,3.81729],[-59.58337,3.82273],[-59.58513,3.82296],[-59.59107,3.81491],[-59.59284,3.81403],[-59.59727,3.81497],[-59.59881,3.81181],[-59.59426,3.80866],[-59.59388,3.8064],[-59.59631,3.79386],[-59.60409,3.79644],[-59.60725,3.80363],[-59.61034,3.80406],[-59.61257,3.80219],[-59.61811,3.79096],[-59.62422,3.79067],[-59.62903,3.78407],[-59.63237,3.78668],[-59.63272,3.79043],[-59.63122,3.79278],[-59.62632,3.79476],[-59.62659,3.79737],[-59.62885,3.7987],[-59.63538,3.79295],[-59.63766,3.78597],[-59.63985,3.78433],[-59.64651,3.78699],[-59.65133,3.7851],[-59.65546,3.78611],[-59.65885,3.78237],[-59.66555,3.78126],[-59.6655,3.77615],[-59.67052,3.76792],[-59.66847,3.76719],[-59.66893,3.76499],[-59.67057,3.76538],[-59.67249,3.76252],[-59.6789,3.75861],[-59.67978,3.75649],[-59.67777,3.75502],[-59.67344,3.75496],[-59.67306,3.74948],[-59.67506,3.74496],[-59.67007,3.74364],[-59.66374,3.7345],[-59.66391,3.73227],[-59.66783,3.7321],[-59.67165,3.72741],[-59.6688,3.72184],[-59.66261,3.71675],[-59.66271,3.71406],[-59.66689,3.70883],[-59.66841,3.70278],[-59.68014,3.69618],[-59.68744,3.69941],[-59.6917,3.68892],[-59.70517,3.68854],[-59.71055,3.67919],[-59.71575,3.67714],[-59.71908,3.67402],[-59.71947,3.668],[-59.72144,3.66503],[-59.74024,3.66108],[-59.74707,3.65409],[-59.75147,3.65294],[-59.75644,3.64558],[-59.75898,3.63369],[-59.76128,3.63229],[-59.76813,3.63266],[-59.76813,3.63054],[-59.76425,3.62787],[-59.76413,3.62628],[-59.77604,3.62512],[-59.78787,3.61653],[-59.79677,3.61936],[-59.80963,3.61657],[-59.81557,3.62],[-59.81719,3.619],[-59.81574,3.61002],[-59.8177,3.60961],[-59.82099,3.6136],[-59.82312,3.61349],[-59.83547,3.60661],[-59.85065,3.60449],[-59.85153,3.59431],[-59.856,3.58996],[-59.85893,3.58037],[-59.86728,3.57776],[-59.86687,3.57587],[-59.85957,3.57403],[-59.85859,3.57174],[-59.87019,3.56361],[-59.87304,3.56385],[-59.87147,3.56058],[-59.86989,3.55885],[-59.84313,3.55308],[-59.84223,3.55225],[-59.84531,3.54722],[-59.84486,3.54317],[-59.842,3.53979],[-59.83892,3.52921],[-59.83629,3.52546],[-59.83313,3.52186],[-59.82471,3.52411],[-59.81734,3.52088],[-59.80591,3.51083],[-59.80336,3.50513],[-59.80185,3.49312],[-59.80306,3.49057],[-59.80704,3.48952],[-59.8114,3.48584],[-59.8226,3.48434],[-59.82689,3.48096],[-59.82719,3.47796],[-59.82471,3.47623],[-59.81779,3.47961],[-59.81358,3.47834],[-59.81178,3.47668],[-59.8099,3.47001],[-59.81118,3.46828],[-59.819,3.47248],[-59.82336,3.47218],[-59.82892,3.45552],[-59.83944,3.44292],[-59.84163,3.42875],[-59.84042,3.42475],[-59.8323,3.42213],[-59.82937,3.4225],[-59.82163,3.42888],[-59.81463,3.42963],[-59.81313,3.42836],[-59.81313,3.42228],[-59.81448,3.41995],[-59.82133,3.41695],[-59.82178,3.41342],[-59.81358,3.39158],[-59.81147,3.37964],[-59.80419,3.36931],[-59.80419,3.36067],[-59.80564,3.35409],[-59.80886,3.35217],[-59.81101,3.35171],[-59.81952,3.35546],[-59.82611,3.35669],[-59.83009,3.35585],[-59.834,3.35263],[-59.83323,3.34659],[-59.82749,3.33366],[-59.82787,3.33052],[-59.83205,3.32773],[-59.83525,3.32188],[-59.83674,3.32102],[-59.83815,3.32235],[-59.84166,3.32024],[-59.84158,3.30862],[-59.84947,3.30659],[-59.85322,3.30152],[-59.85119,3.29591],[-59.85643,3.28592],[-59.85822,3.27898],[-59.86064,3.27789],[-59.86799,3.27953],[-59.87072,3.27859],[-59.87291,3.27485],[-59.87338,3.26978],[-59.88127,3.25901],[-59.88119,3.25293],[-59.879,3.24919],[-59.87885,3.24513],[-59.88697,3.2431],[-59.88807,3.24146],[-59.88697,3.23764],[-59.87447,3.22906],[-59.87455,3.22446],[-59.87804,3.22071],[-59.88266,3.21984],[-59.88823,3.21515],[-59.90328,3.21602],[-59.90838,3.21157],[-59.90926,3.20195],[-59.9126,3.19503],[-59.91252,3.19018],[-59.90918,3.17603],[-59.90126,3.16039],[-59.89996,3.15342],[-59.90232,3.14985],[-59.90475,3.14904],[-59.91271,3.14839],[-59.9188,3.14977],[-59.92091,3.14904],[-59.92123,3.14726],[-59.91993,3.14393],[-59.91225,3.14658],[-59.909,3.14613],[-59.9076,3.14423],[-59.90785,3.13994],[-59.91003,3.13865],[-59.91563,3.13988],[-59.91946,3.13269],[-59.91726,3.12562],[-59.91401,3.1278],[-59.90861,3.12456],[-59.90821,3.11288],[-59.91238,3.11038],[-59.9155,3.11067],[-59.91758,3.12043],[-59.91831,3.12164],[-59.92164,3.12148],[-59.92404,3.10823],[-59.92545,3.10793],[-59.92886,3.11099],[-59.93905,3.10012],[-59.93958,3.09489],[-59.93746,3.09097],[-59.93914,3.08761],[-59.95533,3.08225],[-59.95647,3.07909],[-59.95557,3.0713],[-59.95135,3.05777],[-59.95135,3.04244],[-59.95947,3.02719],[-59.96245,3.01636],[-59.95434,3.00769],[-59.94763,3.00289],[-59.94697,2.99835],[-59.95425,2.99141],[-59.95864,2.97637],[-59.96501,2.96256],[-59.96344,2.95884],[-59.9598,2.95711],[-59.95972,2.95281],[-59.96137,2.95066],[-59.96485,2.95058],[-59.96741,2.94876],[-59.98421,2.92959],[-59.9828,2.9186],[-59.98636,2.90818],[-59.98297,2.90389],[-59.97974,2.90422],[-59.97842,2.90298],[-59.97792,2.89901],[-59.97933,2.89397],[-59.99009,2.88198],[-59.98529,2.87744],[-59.9828,2.87207],[-59.98264,2.86777],[-59.98678,2.86397],[-59.9848,2.85242],[-59.99079,2.84349],[-59.9907,2.83624],[-59.9918,2.83464],[-59.98893,2.80878],[-59.98699,2.80279],[-59.99146,2.79572],[-59.99332,2.78577],[-59.99146,2.77718],[-59.99214,2.76479],[-59.98733,2.75114],[-59.98699,2.746],[-59.99286,2.73509],[-59.99239,2.72502],[-59.98951,2.71825],[-59.99155,2.70766],[-59.9888,2.69407],[-59.9917,2.6861],[-59.98758,2.67839],[-59.98425,2.67541],[-59.97863,2.67384],[-59.97346,2.66631],[-59.97443,2.66149],[-59.97145,2.65676],[-59.97425,2.64836],[-59.9782,2.64196],[-59.97066,2.63093],[-59.96855,2.63023],[-59.96899,2.62848],[-59.96478,2.62638],[-59.96443,2.61692],[-59.96338,2.61447],[-59.9583,2.61123],[-59.95891,2.60781],[-59.96487,2.60948],[-59.96715,2.6086],[-59.97232,2.59871],[-59.97206,2.5931],[-59.96812,2.59144],[-59.96084,2.59179],[-59.9526,2.58653],[-59.94191,2.58382],[-59.93831,2.58049],[-59.93481,2.57244],[-59.92911,2.56911],[-59.92981,2.56569],[-59.93822,2.55553],[-59.9384,2.55186],[-59.9334,2.54879],[-59.93332,2.54415],[-59.92595,2.53802],[-59.92236,2.52988],[-59.91841,2.52593],[-59.91859,2.52331],[-59.92148,2.52121],[-59.91885,2.51245],[-59.92034,2.50737],[-59.91482,2.50465],[-59.91289,2.50141],[-59.91263,2.49493],[-59.90684,2.49196],[-59.90211,2.48381],[-59.89707,2.48061],[-59.89778,2.47632],[-59.90082,2.47177],[-59.89358,2.46427],[-59.89528,2.45927],[-59.89474,2.45275],[-59.89769,2.449],[-59.89778,2.44409],[-59.9002,2.44168],[-59.90082,2.43731],[-59.89171,2.42561],[-59.89224,2.42436],[-59.89671,2.42454],[-59.89841,2.42329],[-59.89859,2.41909],[-59.89617,2.41249],[-59.89716,2.40642],[-59.90081,2.39995],[-59.90518,2.39831],[-59.90591,2.40032],[-59.90691,2.39986],[-59.90901,2.39067],[-59.90682,2.38721],[-59.905,2.37565],[-59.89781,2.36637],[-59.89926,2.36346],[-59.89817,2.36145],[-59.89333,2.36132],[-59.88961,2.35606],[-59.88196,2.35272],[-59.87498,2.36051],[-59.87139,2.36015],[-59.86966,2.3569],[-59.86944,2.34988],[-59.85525,2.33867],[-59.85515,2.33295],[-59.85393,2.33126],[-59.84392,2.3295],[-59.84455,2.32104],[-59.83777,2.32114],[-59.83193,2.32921],[-59.82871,2.32889],[-59.82773,2.32231],[-59.8249,2.31876],[-59.81846,2.31763],[-59.81652,2.31323],[-59.80551,2.30679],[-59.80417,2.29826],[-59.79881,2.29741],[-59.79733,2.29328],[-59.78806,2.28795],[-59.78748,2.28386],[-59.78027,2.28568],[-59.7772,2.2901],[-59.76969,2.29542],[-59.76033,2.28964],[-59.75318,2.2902],[-59.75057,2.28773],[-59.74625,2.29227],[-59.74103,2.29295],[-59.73906,2.29164],[-59.73944,2.28876],[-59.73792,2.28671],[-59.73336,2.28608],[-59.72697,2.28185],[-59.72313,2.27615],[-59.72864,2.26691],[-59.72894,2.26328],[-59.72835,2.26121],[-59.72579,2.26072],[-59.72529,2.25434],[-59.72146,2.24991],[-59.72268,2.24478],[-59.71976,2.23778],[-59.72596,2.23567],[-59.73012,2.23134],[-59.731,2.22583],[-59.72884,2.21777],[-59.72923,2.21197],[-59.72655,2.2099],[-59.72625,2.20668],[-59.72894,2.19851],[-59.73285,2.19494],[-59.73305,2.19253],[-59.73696,2.18692],[-59.73646,2.18231],[-59.74045,2.18038],[-59.73727,2.17431],[-59.74066,2.16973],[-59.74197,2.16251],[-59.73793,2.15709],[-59.73779,2.15229],[-59.74014,2.15003],[-59.73956,2.14666],[-59.73314,2.14308],[-59.73344,2.14068],[-59.73074,2.13988],[-59.72743,2.13567],[-59.72783,2.13316],[-59.72516,2.13179],[-59.72721,2.12862],[-59.72813,2.12224],[-59.72402,2.12243],[-59.72181,2.11663],[-59.72172,2.11284],[-59.72332,2.11093],[-59.72176,2.10346],[-59.72313,2.09832],[-59.72636,2.09783],[-59.72959,2.09282],[-59.7344,2.09088],[-59.73573,2.08884],[-59.73685,2.08179],[-59.73835,2.07977],[-59.74073,2.07962],[-59.7391,2.07597],[-59.74204,2.07422],[-59.74135,2.07085],[-59.74268,2.06902],[-59.74071,2.06758],[-59.74094,2.0628],[-59.73789,2.05914],[-59.73736,2.05544],[-59.73573,2.05513],[-59.73762,2.05264],[-59.7372,2.05025],[-59.73246,2.04594],[-59.73235,2.04124],[-59.73041,2.04022],[-59.73235,2.03583],[-59.72888,2.03327],[-59.72817,2.02945],[-59.72142,2.02899],[-59.72083,2.02725],[-59.72233,2.02567],[-59.72219,2.02328],[-59.73255,2.01726],[-59.73505,2.01268],[-59.73318,2.01268],[-59.7312,2.00966],[-59.73151,2.00633],[-59.73484,2.00196],[-59.73297,1.99363],[-59.73547,1.99123],[-59.73495,1.98655],[-59.73286,1.98447],[-59.73693,1.98311],[-59.73761,1.97861],[-59.74088,1.97495],[-59.73875,1.97038],[-59.73939,1.969],[-59.73695,1.96603],[-59.7396,1.95924],[-59.74183,1.95733],[-59.73875,1.95542],[-59.73897,1.95372],[-59.74024,1.94873],[-59.746,1.941],[-59.745,1.929],[-59.756,1.922],[-59.754,1.912],[-59.759,1.901],[-59.746,1.879],[-59.753,1.867],[-59.751,1.859],[-59.746,1.852],[-59.735,1.852],[-59.735,1.849],[-59.733,1.852],[-59.72,1.85],[-59.71,1.855],[-59.691,1.854],[-59.68,1.846],[-59.677,1.839],[-59.665,1.849],[-59.669,1.861],[-59.663,1.871],[-59.662,1.863],[-59.649,1.844],[-59.658,1.825],[-59.654,1.817],[-59.66,1.811],[-59.664,1.814],[-59.673,1.808],[-59.678,1.807],[-59.681,1.797],[-59.678,1.791],[-59.685,1.79],[-59.688,1.779],[-59.685,1.774],[-59.688,1.767],[-59.69,1.757],[-59.666,1.755],[-59.662,1.737],[-59.653,1.743],[-59.632,1.741],[-59.629,1.728],[-59.617,1.716],[-59.607,1.723],[-59.587,1.727],[-59.584,1.732],[-59.566,1.736],[-59.556,1.724],[-59.55,1.729],[-59.545,1.722],[-59.539,1.723],[-59.533,1.717],[-59.534,1.709],[-59.526,1.703],[-59.526,1.692],[-59.513,1.681],[-59.511,1.669],[-59.507,1.668],[-59.507,1.675],[-59.5,1.677],[-59.493,1.674],[-59.494,1.646],[-59.489,1.642],[-59.483,1.627],[-59.465,1.618],[-59.447,1.62],[-59.437,1.594],[-59.427,1.587],[-59.431,1.567],[-59.422,1.556],[-59.412,1.552],[-59.399,1.557],[-59.396,1.556],[-59.394,1.537],[-59.384,1.529],[-59.384,1.523],[-59.378,1.521],[-59.381,1.507],[-59.373,1.507],[-59.364,1.51],[-59.362,1.504],[-59.358,1.511],[-59.358,1.518],[-59.339,1.519],[-59.329,1.514],[-59.332,1.506],[-59.321,1.482],[-59.327,1.474],[-59.327,1.464],[-59.314,1.461],[-59.31,1.466],[-59.302,1.466],[-59.284,1.45],[-59.288,1.445],[-59.288,1.439],[-59.284,1.437],[-59.274,1.418],[-59.282,1.411],[-59.272,1.407],[-59.269,1.401],[-59.259,1.397],[-59.253,1.389],[-59.233,1.387],[-59.226,1.378],[-59.207,1.372],[-59.204,1.377],[-59.196,1.379],[-59.187,1.375],[-59.171,1.357],[-59.161,1.359],[-59.152,1.349],[-59.146,1.347],[-59.131,1.353],[-59.118,1.343],[-59.102,1.349],[-59.096,1.345],[-59.089,1.347],[-59.087,1.339],[-59.076,1.331],[-59.07,1.33],[-59.066,1.336],[-59.057,1.335],[-59.052,1.325],[-59.048,1.323],[-59.023,1.331],[-59.013,1.324],[-59.0,1.324],[-58.993,1.327],[-58.989,1.325],[-58.982,1.308],[-58.978,1.302],[-58.972,1.31],[-58.966,1.313],[-58.918,1.317],[-58.915,1.314],[-58.915,1.306],[-58.923,1.294],[-58.922,1.29],[-58.918,1.285],[-58.898,1.28],[-58.886,1.261],[-58.904,1.251],[-58.904,1.242],[-58.912,1.239],[-58.89528,1.22722],[-58.88206,1.22874],[-58.87455,1.22323],[-58.86678,1.20317],[-58.85928,1.20407],[-58.85429,1.18346],[-58.84594,1.18184],[-58.83178,1.18791],[-58.82678,1.18709],[-58.82401,1.18321],[-58.82512,1.17127],[-58.82123,1.171],[-58.80595,1.18123],[-58.80344,1.17599],[-58.80011,1.17653],[-58.7915,1.19046],[-58.77928,1.19065],[-58.77623,1.18541],[-58.76984,1.1865],[-58.76401,1.19708],[-58.75122,1.20848],[-58.73956,1.1999],[-58.71511,1.23763],[-58.72095,1.24513],[-58.72067,1.25544],[-58.70984,1.28348],[-58.71039,1.2899],[-58.69456,1.29732],[-58.68011,1.29625],[-58.67595,1.28513],[-58.66401,1.27935],[-58.65261,1.28822],[-58.63928,1.28542],[-58.62873,1.2885],[-58.61484,1.2829],[-58.60817,1.27378],[-58.58845,1.2699],[-58.58539,1.26212],[-58.57761,1.27461],[-58.57761,1.2832],[-58.56984,1.28601],[-58.56456,1.2946],[-58.55956,1.29018],[-58.54678,1.29181],[-58.54011,1.28792],[-58.53817,1.26767],[-58.53595,1.26568],[-58.52983,1.27066],[-58.52706,1.26957],[-58.52289,1.25791],[-58.519,1.25818],[-58.52011,1.26569],[-58.51289,1.27763],[-58.50428,1.2732],[-58.50401,1.26904],[-58.49622,1.26796],[-58.49506,1.29492],[-58.4834,1.30035],[-58.47611,1.30849],[-58.47095,1.31935],[-58.47428,1.34838],[-58.45787,1.37145],[-58.46484,1.37534],[-58.47006,1.37081],[-58.48503,1.38473],[-58.47901,1.38718],[-58.47964,1.39016],[-58.50511,1.40317],[-58.50595,1.40959],[-58.50154,1.41493],[-58.50317,1.42488],[-58.49806,1.43012],[-58.50233,1.44287],[-58.50789,1.44486],[-58.50873,1.46295],[-58.51397,1.47861],[-58.41718,1.60259],[-58.40382,1.63937],[-58.39146,1.67994],[-58.36222,1.75074],[-58.30778,1.8296],[-58.29568,1.8558],[-58.27904,1.90266],[-58.26039,1.947],[-58.24905,1.98756],[-58.23191,2.02912],[-58.19989,2.12837],[-58.18502,2.18051],[-58.16158,2.23819],[-58.13562,2.31048],[-58.12377,2.3334],[-58.11167,2.35027],[-58.05495,2.44824],[-58.03907,2.50994],[-58.03958,2.54645],[-58.04437,2.58196],[-58.04638,2.61898],[-58.05369,2.66405],[-58.05168,2.71164],[-58.0426,2.73405],[-58.02647,2.76023],[-58.00378,2.78742],[-57.95791,2.85943],[-57.94934,2.88536],[-57.95337,2.91053],[-57.96194,2.93369],[-57.97152,2.95383],[-57.97404,2.97321],[-57.98034,2.99461],[-57.9937,3.02532],[-58.02042,3.05905],[-58.03882,3.08523],[-58.05647,3.11895],[-58.07209,3.12877],[-58.09705,3.16099],[-58.1215,3.20478],[-58.13284,3.22919],[-58.1404,3.26266],[-58.14267,3.29034],[-58.13814,3.30267],[-58.14015,3.33463],[-58.13612,3.34596],[-58.13713,3.35829],[-58.1394,3.37112],[-58.1457,3.38269],[-58.14923,3.40308],[-58.15402,3.42195],[-58.16057,3.43981],[-58.16586,3.46372],[-58.16511,3.48334],[-58.16712,3.51655],[-58.17771,3.53643],[-58.18956,3.5475],[-58.19183,3.5714],[-58.21451,3.61416],[-58.22258,3.63681],[-58.23795,3.65341],[-58.26619,3.67907],[-58.28509,3.70347],[-58.28963,3.71378],[-58.28963,3.73088],[-58.30047,3.74799],[-58.31988,3.76937],[-58.33702,3.83225],[-58.33803,3.86016],[-58.34206,3.86695],[-58.34332,3.88607],[-58.34534,3.89487],[-58.3529,3.9087],[-58.35567,3.92027],[-58.36071,3.92605],[-58.3655,3.9517],[-58.35214,3.97735],[-58.35265,4.03242],[-58.36021,4.091],[-58.38138,4.13752],[-58.38567,4.15939],[-58.40382,4.17623],[-58.44339,4.22676],[-58.46482,4.25668],[-58.47656,4.25221],[-58.49997,4.26295],[-58.51318,4.27349],[-58.5247,4.28008],[-58.54793,4.27857],[-58.5619,4.28064],[-58.57266,4.28422],[-58.5787,4.2797],[-58.5923,4.27726],[-58.60589,4.2701],[-58.658,4.25617],[-58.67707,4.25278],[-58.68972,4.23131],[-58.69897,4.21041],[-58.72862,4.17256],[-58.73938,4.15204],[-58.77148,4.13659],[-58.78602,4.1253],[-58.8083,4.10533],[-58.83341,4.07407],[-58.88382,4.03038],[-58.92838,3.99911],[-58.94839,3.99911],[-58.97294,4.00589],[-58.9888,4.01305],[-59.01042,4.04017],[-59.01391,4.05382],[-59.05375,4.0962],[-59.06017,4.10778],[-59.07049,4.14859],[-59.06998,4.16504],[-59.08338,4.1748],[-59.10554,4.18406],[-59.1277,4.18508],[-59.13337,4.18149],[-59.13904,4.1712],[-59.14729,4.17018],[-59.15656,4.16349],[-59.1612,4.15219],[-59.17666,4.14653],[-59.19161,4.15167],[-59.2684,4.15527],[-59.27716,4.14602],[-59.29726,4.15167],[-59.31994,4.15424],[-59.33437,4.14602],[-59.3921,4.15064],[-59.4493,4.15887],[-59.47868,4.17532],[-59.50239,4.19485],[-59.50806,4.21849],[-59.4993,4.23648],[-59.4828,4.25601],[-59.47868,4.27143],[-59.48074,4.29764],[-59.48641,4.32385],[-59.50187,4.36445],[-59.46064,4.40248],[-59.45446,4.42509],[-59.46683,4.43948],[-59.49466,4.45027],[-59.49569,4.47442],[-59.48435,4.49754],[-59.48744,4.51244],[-59.50548,4.52015],[-59.54001,4.50833],[-59.59619,4.45592],[-59.60598,4.4292],[-59.62711,4.38552],[-59.64992,4.37846],[-59.65494,4.37486],[-59.66081,4.37422],[-59.66948,4.37629]]]}},{"type":"Feature","properties":{"shapeName":"Mahaica-Berbice","shapeISO":"GY-MA","shapeID":"73500413B27249657307617","shapeGroup":"GUY","shapeType":"ADM1"},"geometry":{"type":"Polygon","coordinates":[[[-58.15972,6.09314],[-58.13676,6.08699],[-58.13588,6.02815],[-58.14294,6.00883],[-58.13676,5.98629],[-58.11586,5.97663],[-58.0929,5.98014],[-58.072,5.97721],[-58.05228,5.96287],[-58.03667,5.95965],[-58.0146,5.95818],[-58.00194,5.95438],[-57.99428,5.94384],[-57.9831,5.93212],[-57.96543,5.93183],[-57.95866,5.92685],[-57.95631,5.91163],[-57.94777,5.90489],[-57.94247,5.90489],[-57.93541,5.89611],[-57.93099,5.8841],[-57.93011,5.87678],[-57.91922,5.86946],[-57.89361,5.87034],[-57.88272,5.868],[-57.87477,5.85716],[-57.87447,5.84516],[-57.85652,5.84428],[-57.82149,5.87239],[-57.77026,5.86829],[-57.7529,5.87444],[-57.73317,5.87795],[-57.69461,5.8718],[-57.67016,5.86269],[-57.65885,5.86304],[-57.65426,5.86607],[-57.65325,5.87505],[-57.65441,5.88511],[-57.65686,5.88999],[-57.66782,5.90231],[-57.67872,5.91798],[-57.68046,5.93405],[-57.67806,5.94109],[-57.67795,5.94779],[-57.67941,5.95836],[-57.68211,5.96538],[-57.69782,5.98064],[-57.70821,5.98337],[-57.71072,5.98595],[-57.7116,5.98988],[-57.71055,5.99444],[-57.70209,6.00469],[-57.69716,6.01694],[-57.69164,6.01994],[-57.66388,6.01124],[-57.65877,6.00753],[-57.65469,5.99502],[-57.64778,5.9884],[-57.63817,5.98736],[-57.63401,5.99167],[-57.62482,6.01282],[-57.61628,6.02404],[-57.60916,6.04502],[-57.59079,6.0658],[-57.58776,6.07397],[-57.59066,6.08076],[-57.59918,6.08626],[-57.60409,6.08827],[-57.61987,6.09038],[-57.62579,6.09431],[-57.62853,6.10216],[-57.62544,6.1255],[-57.62639,6.1313],[-57.63289,6.14095],[-57.63725,6.15746],[-57.62772,6.17293],[-57.62246,6.17828],[-57.60248,6.18216],[-57.57856,6.18193],[-57.5379,6.18509],[-57.53341,6.1876],[-57.52958,6.19444],[-57.53361,6.19391],[-57.53207,6.20087],[-57.53672,6.2135],[-57.5397,6.23567],[-57.53728,6.2581],[-57.53343,6.26971],[-57.53473,6.28234],[-57.54118,6.296],[-57.56131,6.32575],[-57.57707,6.37768],[-57.6071,6.42317],[-57.61864,6.43333],[-57.63488,6.45482],[-57.64923,6.46511],[-57.69239,6.50963],[-57.70579,6.52062],[-57.71821,6.52772],[-57.73719,6.54368],[-57.74265,6.54658],[-57.76627,6.57412],[-57.77634,6.58378],[-57.78202,6.58725],[-57.7862,6.58752],[-57.7926,6.59381],[-57.79646,6.59355],[-57.79749,6.58955],[-57.79981,6.59315],[-57.79932,6.60109],[-57.81391,6.62175],[-57.82076,6.62604],[-57.84156,6.64612],[-57.86516,6.66497],[-57.89228,6.69135],[-57.91439,6.70703],[-57.91915,6.70803],[-57.92004,6.70557],[-57.91839,6.70269],[-57.91904,6.69641],[-57.91386,6.69012],[-57.91804,6.67574],[-57.92509,6.66779],[-57.91879,6.65422],[-57.91159,6.65109],[-57.90813,6.64676],[-57.90675,6.63846],[-57.89937,6.63031],[-57.8979,6.61934],[-57.89191,6.60725],[-57.89141,6.60219],[-57.89461,6.58683],[-57.89053,6.57434],[-57.88776,6.55648],[-57.87734,6.54155],[-57.88057,6.5293],[-57.89557,6.52978],[-57.90335,6.52688],[-57.91043,6.53375],[-57.91448,6.53641],[-57.91825,6.53693],[-57.92119,6.53392],[-57.92476,6.52335],[-57.92709,6.52213],[-57.93225,6.52363],[-57.93386,6.53476],[-57.93719,6.53716],[-57.94809,6.53784],[-57.95162,6.53685],[-57.95798,6.52984],[-57.9577,6.52803],[-57.95408,6.52406],[-57.94678,6.52021],[-57.94334,6.51381],[-57.94088,6.49926],[-57.94155,6.49627],[-57.94948,6.48594],[-57.9483,6.48271],[-57.94387,6.47943],[-57.94217,6.47614],[-57.94639,6.46981],[-57.95427,6.47189],[-57.95679,6.45856],[-57.955,6.4573],[-57.9486,6.46052],[-57.94318,6.459],[-57.9414,6.45182],[-57.94256,6.44614],[-57.95545,6.44823],[-57.95756,6.44601],[-57.96365,6.44556],[-57.96897,6.44151],[-57.97616,6.44777],[-57.9803,6.44078],[-57.98285,6.44274],[-57.98725,6.44146],[-57.98852,6.44444],[-57.99783,6.44681],[-58.00365,6.45052],[-58.00469,6.44144],[-58.00223,6.43522],[-58.00448,6.43291],[-58.00403,6.42989],[-58.00534,6.42741],[-58.00689,6.42716],[-58.01046,6.43109],[-58.01197,6.43551],[-58.01066,6.43797],[-58.01302,6.43959],[-58.01922,6.43916],[-58.05257,6.40452],[-58.07936,6.38443],[-58.09655,6.35077],[-58.11525,6.32314],[-58.11879,6.28245],[-58.12637,6.24527],[-58.13193,6.22718],[-58.14659,6.21311],[-58.1385,6.19201],[-58.13698,6.1694],[-58.13951,6.14829],[-58.13648,6.1302],[-58.1476,6.10708],[-58.15972,6.09314]]]}},{"type":"Feature","properties":{"shapeName":"East Berbice-Corentyne","shapeISO":"GY-EB","shapeID":"73500413B7170020273928","shapeGroup":"GUY","shapeType":"ADM1"},"geometry":{"type":"Polygon","coordinates":[[[-58.46482,4.25668],[-58.44339,4.22676],[-58.40382,4.17623],[-58.38567,4.15939],[-58.38138,4.13752],[-58.36021,4.091],[-58.35265,4.03242],[-58.35214,3.97735],[-58.3655,3.9517],[-58.36071,3.92605],[-58.35567,3.92027],[-58.3529,3.9087],[-58.34534,3.89487],[-58.34332,3.88607],[-58.34206,3.86695],[-58.33803,3.86016],[-58.33702,3.83225],[-58.31988,3.76937],[-58.30047,3.74799],[-58.28963,3.73088],[-58.28963,3.71378],[-58.28509,3.70347],[-58.26619,3.67907],[-58.23795,3.65341],[-58.22258,3.63681],[-58.21451,3.61416],[-58.19183,3.5714],[-58.18956,3.5475],[-58.17771,3.53643],[-58.16712,3.51655],[-58.16511,3.48334],[-58.16586,3.46372],[-58.16057,3.43981],[-58.15402,3.42195],[-58.14923,3.40308],[-58.1457,3.38269],[-58.1394,3.37112],[-58.13713,3.35829],[-58.13612,3.34596],[-58.14015,3.33463],[-58.13814,3.30267],[-58.14267,3.29034],[-58.1404,3.26266],[-58.13284,3.22919],[-58.1215,3.20478],[-58.09705,3.16099],[-58.07209,3.12877],[-58.05647,3.11895],[-58.03882,3.08523],[-58.02042,3.05905],[-57.9937,3.02532],[-57.98034,2.99461],[-57.97404,2.97321],[-57.97152,2.95383],[-57.96194,2.93369],[-57.95337,2.91053],[-57.94934,2.88536],[-57.95791,2.85943],[-58.00378,2.78742],[-58.02647,2.76023],[-58.0426,2.73405],[-58.05168,2.71164],[-58.05369,2.66405],[-58.04638,2.61898],[-58.04437,2.58196],[-58.03958,2.54645],[-58.03907,2.50994],[-58.05495,2.44824],[-58.11167,2.35027],[-58.12377,2.3334],[-58.13562,2.31048],[-58.16158,2.23819],[-58.18502,2.18051],[-58.19989,2.12837],[-58.23191,2.02912],[-58.24905,1.98756],[-58.26039,1.947],[-58.27904,1.90266],[-58.29568,1.8558],[-58.30778,1.8296],[-58.36222,1.75074],[-58.39146,1.67994],[-58.40382,1.63937],[-58.41718,1.60259],[-58.51397,1.47861],[-58.50873,1.46295],[-58.49342,1.4682],[-58.48833,1.46205],[-58.47277,1.46107],[-58.46192,1.46605],[-58.44844,1.45602],[-58.44426,1.45648],[-58.43939,1.46444],[-58.41277,1.47268],[-58.40398,1.46971],[-58.38559,1.46999],[-58.37175,1.48157],[-58.37667,1.48799],[-58.38517,1.48862],[-58.39031,1.49631],[-58.39153,1.50634],[-58.38358,1.51087],[-58.39373,1.51991],[-58.39472,1.52651],[-58.38954,1.53538],[-58.36309,1.53802],[-58.35942,1.54634],[-58.36039,1.56018],[-58.34345,1.56652],[-58.34453,1.57574],[-58.33739,1.58118],[-58.33237,1.59068],[-58.32237,1.59701],[-58.31433,1.59394],[-58.31714,1.56844],[-58.29281,1.56429],[-58.28816,1.57243],[-58.27173,1.56738],[-58.26226,1.57073],[-58.25723,1.56911],[-58.25447,1.56187],[-58.24134,1.5541],[-58.236,1.54669],[-58.21286,1.56479],[-58.19734,1.56715],[-58.19303,1.57222],[-58.18381,1.56526],[-58.16064,1.56011],[-58.15659,1.54366],[-58.15362,1.54302],[-58.1552,1.53],[-58.14606,1.51535],[-58.14956,1.51001],[-58.12943,1.49889],[-58.11131,1.50117],[-58.09759,1.51393],[-58.0855,1.51484],[-58.08495,1.50796],[-58.06945,1.50734],[-58.06523,1.52227],[-58.06093,1.52534],[-58.04056,1.52092],[-58.02717,1.50862],[-58.02387,1.5108],[-58.00423,1.50303],[-58.0055,1.51677],[-58.00045,1.52076],[-58.00123,1.52817],[-57.99492,1.53876],[-57.99028,1.54057],[-57.98937,1.54763],[-57.99431,1.55314],[-57.98881,1.56246],[-57.98986,1.56735],[-57.98254,1.56581],[-57.97856,1.57278],[-57.98387,1.58626],[-57.98136,1.5963],[-57.98528,1.61674],[-57.98203,1.61783],[-57.98031,1.63321],[-58.00261,1.64568],[-58.00236,1.64948],[-57.9902,1.65147],[-57.99009,1.65844],[-57.98103,1.65935],[-57.97884,1.65591],[-57.97042,1.65438],[-57.96186,1.6571],[-57.95778,1.6542],[-57.95942,1.65113],[-57.9502,1.6476],[-57.92676,1.64481],[-57.91351,1.64762],[-57.90472,1.65568],[-57.90209,1.66771],[-57.89498,1.67431],[-57.88923,1.67423],[-57.88465,1.6697],[-57.87715,1.67179],[-57.87712,1.68029],[-57.85206,1.66782],[-57.85306,1.67786],[-57.84698,1.68103],[-57.84417,1.6889],[-57.84006,1.68356],[-57.83639,1.68655],[-57.8195,1.68384],[-57.80909,1.68837],[-57.79979,1.68521],[-57.79637,1.691],[-57.80365,1.70185],[-57.79689,1.70321],[-57.79226,1.72664],[-57.78037,1.71923],[-57.77431,1.72973],[-57.76673,1.72258],[-57.76023,1.72268],[-57.75823,1.7187],[-57.74497,1.72286],[-57.73115,1.71889],[-57.71964,1.72287],[-57.71645,1.7207],[-57.7184,1.71546],[-57.71014,1.71763],[-57.70817,1.72071],[-57.7119,1.72858],[-57.70509,1.73093],[-57.69712,1.7208],[-57.69804,1.71374],[-57.68701,1.70642],[-57.67506,1.70597],[-57.67239,1.71086],[-57.66951,1.69991],[-57.66053,1.68915],[-57.65552,1.69042],[-57.65042,1.68237],[-57.63292,1.69142],[-57.62934,1.69848],[-57.62195,1.69975],[-57.6194,1.69577],[-57.60476,1.69297],[-57.59783,1.70048],[-57.58393,1.70202],[-57.58173,1.70609],[-57.57604,1.70266],[-57.57709,1.69035],[-57.57264,1.68873],[-57.5645,1.69587],[-57.55323,1.69244],[-57.55034,1.70067],[-57.5376,1.7005],[-57.53418,1.70819],[-57.54129,1.7204],[-57.53184,1.72149],[-57.52609,1.728],[-57.51887,1.72113],[-57.51423,1.72303],[-57.5167,1.73171],[-57.51451,1.74727],[-57.50851,1.75741],[-57.50179,1.75795],[-57.49729,1.76682],[-57.50187,1.78609],[-57.4937,1.79251],[-57.48703,1.79252],[-57.48514,1.79993],[-57.47765,1.79469],[-57.47621,1.79894],[-57.47401,1.79587],[-57.4509,1.80636],[-57.45179,1.81143],[-57.44884,1.81198],[-57.44476,1.82229],[-57.43776,1.82681],[-57.44499,1.84111],[-57.43192,1.85848],[-57.43237,1.86934],[-57.42923,1.87386],[-57.43612,1.88055],[-57.43248,1.89087],[-57.43343,1.90598],[-57.4277,1.90941],[-57.40287,1.91268],[-57.39842,1.92182],[-57.38503,1.92743],[-57.37573,1.92228],[-57.36768,1.92372],[-57.35704,1.94716],[-57.36815,1.95213],[-57.36912,1.95638],[-57.35423,1.96109],[-57.35623,1.97041],[-57.34562,1.98027],[-57.33818,1.9753],[-57.32926,1.97964],[-57.3132,1.9772],[-57.30712,1.99665],[-57.27723,1.983],[-57.26881,1.98363],[-57.26781,1.97983],[-57.27343,1.97413],[-57.26229,1.96174],[-57.25645,1.96111],[-57.25542,1.95034],[-57.22923,1.93759],[-57.22912,1.95351],[-57.21473,1.96129],[-57.1999,1.97866],[-57.18334,1.97957],[-57.17909,1.99016],[-57.16395,1.99477],[-57.14746,1.98907],[-57.14084,2.00102],[-57.11997,2.01015],[-57.11632,2.01486],[-57.11659,2.02789],[-57.11163,2.02952],[-57.09629,2.01785],[-57.08668,2.02644],[-57.08157,2.01884],[-57.08254,2.00753],[-57.07345,2.00238],[-57.07112,1.99659],[-57.07121,1.96872],[-57.06393,1.95597],[-57.05645,1.95678],[-57.05379,1.95244],[-57.04737,1.95316],[-57.03195,1.94692],[-57.02493,1.93977],[-57.0244,1.92783],[-57.01421,1.91489],[-57.00915,1.91697],[-57.0007,1.90729],[-56.98282,1.90729],[-56.9761,1.90295],[-56.97148,1.90557],[-56.9682,1.91661],[-56.95917,1.92439],[-56.95051,1.92267],[-56.94982,1.91941],[-56.91971,1.93036],[-56.90629,1.91516],[-56.90721,1.91046],[-56.89348,1.89933],[-56.89145,1.90186],[-56.88682,1.89688],[-56.86659,1.89308],[-56.86454,1.89661],[-56.85865,1.89525],[-56.85957,1.89055],[-56.85626,1.88919],[-56.84582,1.89326],[-56.83782,1.88801],[-56.83095,1.88883],[-56.82862,1.88159],[-56.82157,1.88322],[-56.82093,1.87924],[-56.80926,1.87372],[-56.79885,1.87254],[-56.80102,1.86603],[-56.79576,1.86132],[-56.79793,1.85336],[-56.78804,1.85435],[-56.78865,1.86412],[-56.77385,1.86883],[-56.76812,1.87597],[-56.7649,1.88837],[-56.75354,1.89262],[-56.74976,1.90284],[-56.7376,1.90863],[-56.73473,1.91722],[-56.72685,1.91849],[-56.72096,1.92581],[-56.70465,1.92391],[-56.68235,1.91233],[-56.67915,1.92092],[-56.67346,1.91269],[-56.65104,1.91712],[-56.64915,1.93114],[-56.64102,1.93132],[-56.62993,1.94244],[-56.62145,1.94588],[-56.60784,1.93429],[-56.5984,1.93646],[-56.59643,1.92588],[-56.57976,1.90588],[-56.56095,1.91103],[-56.55554,1.91727],[-56.54665,1.91537],[-56.52491,1.92468],[-56.51799,1.93228],[-56.49557,1.93797],[-56.48285,1.95407],[-56.46895,1.94918],[-56.48112,1.96861],[-56.48917,1.97389],[-56.50667,1.9775],[-56.51945,1.985],[-56.53723,2.00833],[-56.54917,2.01722],[-56.56278,2.02389],[-56.58584,2.02806],[-56.69167,2.02667],[-56.69167,2.02944],[-56.69556,2.03639],[-56.7039,2.04722],[-56.72362,2.08222],[-56.7389,2.10139],[-56.75917,2.12194],[-56.77167,2.13694],[-56.81001,2.19444],[-56.81945,2.20528],[-56.82167,2.21694],[-56.82167,2.23611],[-56.82362,2.25472],[-56.8264,2.26556],[-56.83667,2.27583],[-56.84501,2.28139],[-56.87723,2.29028],[-56.8814,2.29306],[-56.88417,2.29722],[-56.88667,2.30806],[-56.88334,2.33222],[-56.88334,2.34583],[-56.88751,2.36222],[-56.89028,2.36639],[-56.89778,2.3725],[-56.90612,2.37806],[-56.92528,2.38611],[-56.93223,2.39306],[-56.93473,2.39722],[-56.93556,2.40889],[-56.93001,2.43611],[-56.93251,2.44028],[-56.93667,2.44306],[-56.94251,2.44444],[-56.94667,2.44722],[-56.95612,2.465],[-56.95806,2.47667],[-56.95751,2.48278],[-56.95001,2.5025],[-56.95001,2.515],[-56.95334,2.51833],[-56.95945,2.51889],[-56.96445,2.51694],[-56.97528,2.5075],[-56.98417,2.5025],[-56.98945,2.5025],[-56.99667,2.50944],[-56.99917,2.52028],[-56.99584,2.54306],[-56.99695,2.55528],[-57.0039,2.56778],[-57.0114,2.57389],[-57.0164,2.57583],[-57.02306,2.58278],[-57.02723,2.59222],[-57.02806,2.61083],[-57.02667,2.61611],[-57.02112,2.62444],[-57.01778,2.63472],[-57.02056,2.63889],[-57.02473,2.64167],[-57.03084,2.64222],[-57.03695,2.64167],[-57.05056,2.63472],[-57.05612,2.63472],[-57.06028,2.6375],[-57.06362,2.64778],[-57.06362,2.65444],[-57.06028,2.67167],[-57.06084,2.67778],[-57.06501,2.6875],[-57.0739,2.69917],[-57.08195,2.71417],[-57.0939,2.72306],[-57.10056,2.72972],[-57.10278,2.73472],[-57.10278,2.74556],[-57.09112,2.76139],[-57.08917,2.76611],[-57.09028,2.77167],[-57.09862,2.77694],[-57.11778,2.77833],[-57.1314,2.77167],[-57.13778,2.77083],[-57.14195,2.77361],[-57.14445,2.77778],[-57.1464,2.7825],[-57.14584,2.78861],[-57.13778,2.80778],[-57.12612,2.81667],[-57.12473,2.82222],[-57.12751,2.82639],[-57.1314,2.82917],[-57.13695,2.83056],[-57.14917,2.83056],[-57.16695,2.82083],[-57.17667,2.81667],[-57.18278,2.81611],[-57.18778,2.81806],[-57.18973,2.82306],[-57.19112,2.83528],[-57.1939,2.83944],[-57.20612,2.8475],[-57.20834,2.8525],[-57.20612,2.86278],[-57.20751,2.875],[-57.21862,2.88806],[-57.2239,2.90306],[-57.22195,2.90778],[-57.21584,2.91528],[-57.20667,2.92],[-57.19112,2.93167],[-57.18556,2.94],[-57.18362,2.95167],[-57.1864,2.95583],[-57.19723,2.95833],[-57.22056,2.95444],[-57.22612,2.95583],[-57.22806,2.96056],[-57.23028,2.9775],[-57.22112,2.98861],[-57.22001,2.99417],[-57.22723,3.00694],[-57.2289,3.0125],[-57.22806,3.01722],[-57.22473,3.02083],[-57.21917,3.02222],[-57.21278,3.02278],[-57.20751,3.02139],[-57.20473,3.02556],[-57.21084,3.04667],[-57.21084,3.06056],[-57.21501,3.07],[-57.22112,3.07611],[-57.24667,3.08778],[-57.25084,3.0975],[-57.2489,3.10889],[-57.23695,3.13028],[-57.2364,3.13639],[-57.23834,3.14111],[-57.24306,3.14333],[-57.24806,3.14111],[-57.26362,3.12944],[-57.26973,3.12889],[-57.27945,3.13167],[-57.28306,3.135],[-57.28501,3.13972],[-57.28501,3.14528],[-57.28306,3.15],[-57.27473,3.16306],[-57.27695,3.16778],[-57.28223,3.16917],[-57.28973,3.17528],[-57.29056,3.18167],[-57.28306,3.2425],[-57.29251,3.26694],[-57.29473,3.27861],[-57.28417,3.28889],[-57.28362,3.295],[-57.28723,3.30528],[-57.28501,3.31028],[-57.2814,3.31361],[-57.2789,3.32444],[-57.28028,3.33],[-57.28973,3.34778],[-57.29862,3.35944],[-57.30001,3.36472],[-57.30001,3.38417],[-57.30334,3.3875],[-57.30834,3.38944],[-57.31306,3.3875],[-57.31723,3.38472],[-57.3289,3.36889],[-57.34667,3.35944],[-57.35778,3.35806],[-57.3739,3.36222],[-57.38778,3.36222],[-57.40473,3.3725],[-57.41167,3.37917],[-57.42195,3.38278],[-57.42417,3.37778],[-57.42417,3.37111],[-57.42751,3.36083],[-57.43028,3.35667],[-57.43501,3.35472],[-57.45278,3.35194],[-57.46167,3.34722],[-57.47334,3.33833],[-57.4789,3.33833],[-57.48973,3.34778],[-57.50001,3.35111],[-57.51584,3.36278],[-57.52056,3.36472],[-57.52695,3.36417],[-57.53723,3.36083],[-57.55001,3.34639],[-57.55501,3.34444],[-57.56112,3.34361],[-57.58028,3.345],[-57.59751,3.34167],[-57.60361,3.34222],[-57.61944,3.34722],[-57.63833,3.35528],[-57.64667,3.36083],[-57.65972,3.375],[-57.66611,3.38944],[-57.66528,3.40111],[-57.65972,3.40944],[-57.64667,3.4375],[-57.64139,3.44556],[-57.63722,3.45528],[-57.63639,3.46139],[-57.65028,3.49556],[-57.65278,3.51333],[-57.65639,3.52361],[-57.66861,3.53861],[-57.70222,3.55306],[-57.70972,3.55917],[-57.71472,3.56806],[-57.71722,3.57972],[-57.72278,3.59472],[-57.73444,3.61028],[-57.755,3.62278],[-57.76056,3.62417],[-57.82083,3.65278],[-57.83583,3.665],[-57.84278,3.67889],[-57.84556,3.68972],[-57.84694,3.7225],[-57.85028,3.74639],[-57.85917,3.77194],[-57.87611,3.80944],[-57.89,3.83],[-57.91194,3.85583],[-57.92889,3.88667],[-57.94333,3.90639],[-57.95694,3.92028],[-58.01611,3.96389],[-58.04333,3.99806],[-58.04694,4.00833],[-58.04944,4.03306],[-58.04833,4.06583],[-58.04917,4.07889],[-58.05333,4.09528],[-58.06472,4.12472],[-58.06889,4.14111],[-58.07083,4.1525],[-58.06944,4.165],[-58.06556,4.17444],[-58.04083,4.21],[-58.03389,4.21694],[-58.01278,4.22972],[-58.0025,4.24],[-57.99083,4.25583],[-57.97639,4.26889],[-57.96278,4.27639],[-57.95361,4.28806],[-57.94889,4.31722],[-57.94833,4.34944],[-57.95917,4.37944],[-57.96056,4.39167],[-57.95861,4.40333],[-57.94139,4.42722],[-57.92778,4.44083],[-57.92222,4.44917],[-57.91806,4.45861],[-57.91056,4.48472],[-57.89556,4.5175],[-57.87694,4.57417],[-57.8675,4.59472],[-57.84889,4.62417],[-57.84472,4.63361],[-57.83861,4.65472],[-57.83861,4.66694],[-57.84389,4.68222],[-57.85389,4.69306],[-57.87194,4.7225],[-57.87833,4.75028],[-57.88444,4.76472],[-57.89056,4.77222],[-57.90028,4.77639],[-57.9175,4.77972],[-57.92083,4.78306],[-57.92278,4.78806],[-57.92639,4.805],[-57.92444,4.81667],[-57.91806,4.83167],[-57.90417,4.85222],[-57.86861,4.89167],[-57.87,4.88889],[-57.84056,4.92806],[-57.83667,4.93056],[-57.82611,4.93139],[-57.80556,4.92444],[-57.78861,4.92111],[-57.77611,4.92111],[-57.76667,4.92528],[-57.755,4.93417],[-57.75306,4.93889],[-57.75556,4.94972],[-57.755,4.95583],[-57.74944,4.96417],[-57.68778,5.01056],[-57.67639,5.0125],[-57.67,5.01194],[-57.63389,5.00028],[-57.62,4.99333],[-57.60778,4.99194],[-57.58972,4.99472],[-57.57472,5.00028],[-57.54999,5.00405],[-57.54558,5.00901],[-57.53215,5.01057],[-57.52111,5.00786],[-57.51292,4.99605],[-57.49667,4.99333],[-57.48639,4.99],[-57.47333,4.98944],[-57.44194,4.99472],[-57.42,4.98944],[-57.40889,4.99194],[-57.39333,5.00361],[-57.39038,5.00767],[-57.37886,5.01399],[-57.37114,5.01576],[-57.35889,5.01207],[-57.35361,5.01194],[-57.34265,5.01518],[-57.33581,5.02361],[-57.33556,5.0314],[-57.33041,5.03517],[-57.31995,5.03291],[-57.31379,5.02769],[-57.30755,5.0169],[-57.30134,5.01282],[-57.2926,5.01319],[-57.28717,5.01541],[-57.28417,5.02611],[-57.28596,5.03815],[-57.29417,5.04945],[-57.29912,5.05266],[-57.31311,5.05681],[-57.32194,5.06389],[-57.32314,5.08247],[-57.32234,5.08946],[-57.31759,5.09956],[-57.30139,5.11778],[-57.29944,5.1225],[-57.29667,5.14028],[-57.29598,5.16806],[-57.29142,5.17547],[-57.28833,5.17779],[-57.26359,5.18219],[-57.25795,5.17968],[-57.23545,5.16183],[-57.23278,5.13841],[-57.22982,5.13066],[-57.22046,5.13057],[-57.21325,5.13641],[-57.20962,5.14891],[-57.20624,5.15176],[-57.1865,5.15623],[-57.1785,5.16107],[-57.17628,5.16942],[-57.18029,5.19577],[-57.20697,5.22434],[-57.21201,5.2345],[-57.21441,5.25156],[-57.22207,5.26325],[-57.24205,5.27636],[-57.2476,5.27783],[-57.2525,5.27905],[-57.26387,5.27368],[-57.26709,5.2701],[-57.26878,5.26466],[-57.26917,5.25472],[-57.26778,5.24944],[-57.25611,5.23361],[-57.255,5.22833],[-57.25766,5.22409],[-57.26119,5.22268],[-57.26747,5.2226],[-57.27688,5.22507],[-57.28654,5.23978],[-57.29111,5.25083],[-57.29056,5.27056],[-57.285,5.30611],[-57.28672,5.32016],[-57.29152,5.32576],[-57.29769,5.32699],[-57.31722,5.31644],[-57.32513,5.31397],[-57.33485,5.31667],[-57.3374,5.32123],[-57.33778,5.32574],[-57.33592,5.33058],[-57.32667,5.34301],[-57.32139,5.3476],[-57.31585,5.3521],[-57.29944,5.36],[-57.27806,5.37306],[-57.26737,5.38402],[-57.26306,5.41917],[-57.2661,5.456],[-57.26371,5.47192],[-57.25911,5.48227],[-57.23535,5.50222],[-57.22281,5.5103],[-57.18937,5.55996],[-57.16601,5.60462],[-57.15772,5.63164],[-57.14564,5.65752],[-57.13943,5.69256],[-57.1392,5.71889],[-57.14449,5.75141],[-57.13874,5.78347],[-57.13229,5.8407],[-57.1224,5.88088],[-57.11539,5.91955],[-57.13905,5.91997],[-57.14106,5.92538],[-57.14159,5.94434],[-57.13991,5.94949],[-57.14452,5.96403],[-57.14451,5.96581],[-57.14298,5.9665],[-57.14345,5.98894],[-57.14832,6.00309],[-57.15422,6.01497],[-57.16452,6.0577],[-57.16476,6.06558],[-57.16914,6.08593],[-57.17994,6.1131],[-57.19673,6.13724],[-57.20061,6.1405],[-57.20071,6.1435],[-57.20565,6.15057],[-57.22331,6.17016],[-57.26725,6.2101],[-57.27218,6.21703],[-57.28348,6.22401],[-57.29483,6.23458],[-57.34183,6.26884],[-57.34803,6.27135],[-57.3487,6.27296],[-57.3688,6.28661],[-57.37267,6.28712],[-57.37963,6.29382],[-57.39236,6.3023],[-57.41237,6.31237],[-57.41649,6.30927],[-57.43917,6.31852],[-57.44329,6.31903],[-57.44355,6.31658],[-57.44574,6.31697],[-57.44329,6.31414],[-57.44406,6.31001],[-57.44702,6.31258],[-57.44715,6.31491],[-57.4505,6.31464],[-57.45283,6.31709],[-57.4554,6.31464],[-57.45695,6.3167],[-57.46512,6.32022],[-57.47756,6.32003],[-57.47988,6.31861],[-57.49122,6.31835],[-57.50332,6.30983],[-57.51002,6.30686],[-57.50872,6.29319],[-57.51204,6.26947],[-57.51512,6.25838],[-57.51873,6.25374],[-57.51898,6.25632],[-57.52105,6.25503],[-57.51924,6.25374],[-57.51975,6.25064],[-57.52207,6.25141],[-57.52182,6.25296],[-57.52272,6.25193],[-57.52515,6.23904],[-57.52642,6.2179],[-57.5254,6.21712],[-57.52606,6.20619],[-57.52436,6.19805],[-57.52539,6.19495],[-57.52958,6.19444],[-57.53341,6.1876],[-57.5379,6.18509],[-57.57856,6.18193],[-57.60248,6.18216],[-57.62246,6.17828],[-57.62772,6.17293],[-57.63725,6.15746],[-57.63289,6.14095],[-57.62639,6.1313],[-57.62544,6.1255],[-57.62853,6.10216],[-57.62579,6.09431],[-57.61987,6.09038],[-57.60409,6.08827],[-57.59918,6.08626],[-57.59066,6.08076],[-57.58776,6.07397],[-57.59079,6.0658],[-57.60916,6.04502],[-57.61628,6.02404],[-57.62482,6.01282],[-57.63401,5.99167],[-57.63817,5.98736],[-57.64778,5.9884],[-57.65469,5.99502],[-57.65877,6.00753],[-57.66388,6.01124],[-57.69164,6.01994],[-57.69716,6.01694],[-57.70209,6.00469],[-57.71055,5.99444],[-57.7116,5.98988],[-57.71072,5.98595],[-57.70821,5.98337],[-57.69782,5.98064],[-57.68211,5.96538],[-57.67941,5.95836],[-57.67795,5.94779],[-57.67806,5.94109],[-57.68046,5.93405],[-57.67872,5.91798],[-57.66782,5.90231],[-57.65686,5.88999],[-57.65441,5.88511],[-57.65325,5.87505],[-57.65426,5.86607],[-57.65885,5.86304],[-57.67016,5.86269],[-57.67602,5.85776],[-57.67872,5.85279],[-57.67909,5.84399],[-57.6613,5.82954],[-57.65632,5.82337],[-57.65233,5.81723],[-57.64519,5.80015],[-57.63351,5.79389],[-57.63109,5.7864],[-57.63128,5.77608],[-57.66611,5.66865],[-57.68436,5.55908],[-57.70467,5.47939],[-57.70585,5.42136],[-57.74265,5.33021],[-57.78003,5.29563],[-57.79387,5.27218],[-57.80093,5.21648],[-57.84686,5.15257],[-57.86871,5.09525],[-57.88476,5.04511],[-57.90492,5.01168],[-57.98853,4.9259],[-58.01531,4.88263],[-58.04534,4.81986],[-58.05564,4.77219],[-58.05844,4.74653],[-58.06285,4.72731],[-58.07846,4.6833],[-58.09112,4.66218],[-58.09936,4.65528],[-58.12703,4.64795],[-58.14219,4.63988],[-58.18414,4.64091],[-58.20077,4.64443],[-58.21078,4.65],[-58.23919,4.64736],[-58.30572,4.64853],[-58.31572,4.64472],[-58.3161,4.64017],[-58.3224,4.60324],[-58.3282,4.58741],[-58.38037,4.50147],[-58.40331,4.46956],[-58.41062,4.45498],[-58.40936,4.39014],[-58.44616,4.32756],[-58.45448,4.30997],[-58.46809,4.27628],[-58.46482,4.25668]]]}},{"type":"Feature","properties":{"shapeName":"Upper Demerara-Berbice","shapeISO":"GY-UD","shapeID":"73500413B72922726177356","shapeGroup":"GUY","shapeType":"ADM1"},"geometry":{"type":"Polygon","coordinates":[[[-58.61648,6.50178],[-58.62015,6.47284],[-58.62421,6.46037],[-58.62321,6.44733],[-58.60459,6.44466],[-58.60709,6.42083],[-58.60429,6.36599],[-58.60188,6.35095],[-58.5987,6.3373],[-58.58611,6.31797],[-58.58115,6.31443],[-58.57886,6.31],[-58.5809,6.28801],[-58.5753,6.27689],[-58.57022,6.25692],[-58.5751,6.24161],[-58.57517,6.22345],[-58.57239,6.19259],[-58.57214,6.14694],[-58.57475,6.13662],[-58.5832,6.12457],[-58.58339,6.11994],[-58.58084,6.11395],[-58.58215,6.1061],[-58.5883,6.09424],[-58.59296,6.0909],[-58.59321,6.08812],[-58.58724,6.07163],[-58.58784,6.06758],[-58.59025,6.06434],[-58.59374,6.06292],[-58.59378,6.05971],[-58.58226,6.02053],[-58.57865,6.01251],[-58.58438,5.96842],[-58.58492,5.94742],[-58.58245,5.93643],[-58.57677,5.92119],[-58.5742,5.90839],[-58.57543,5.89786],[-58.57816,5.89307],[-58.58382,5.88765],[-58.59188,5.87358],[-58.59262,5.84137],[-58.59597,5.83386],[-58.60875,5.81865],[-58.61106,5.80968],[-58.60414,5.78633],[-58.60205,5.77195],[-58.60968,5.72927],[-58.60472,5.70031],[-58.60616,5.68871],[-58.61384,5.67589],[-58.61246,5.66825],[-58.60971,5.66234],[-58.60341,5.65816],[-58.59885,5.64807],[-58.60855,5.60318],[-58.61565,5.58956],[-58.62526,5.55915],[-58.62676,5.54819],[-58.62696,5.53902],[-58.62506,5.53086],[-58.62636,5.519],[-58.63717,5.4946],[-58.65168,5.47985],[-58.66869,5.44628],[-58.6811,5.43572],[-58.71333,5.42237],[-58.73728,5.42506],[-58.76328,5.41694],[-58.7756,5.40964],[-58.78621,5.40589],[-58.80108,5.40598],[-58.81551,5.41041],[-58.82651,5.40657],[-58.83301,5.4017],[-58.84994,5.40199],[-58.85752,5.40355],[-58.86304,5.40272],[-58.87551,5.39566],[-58.88177,5.39352],[-58.88754,5.38685],[-58.89097,5.38023],[-58.89375,5.36971],[-58.90585,5.34299],[-58.90651,5.32977],[-58.90232,5.3118],[-58.89893,5.30657],[-58.89389,5.30295],[-58.87805,5.29768],[-58.87386,5.29458],[-58.86897,5.28663],[-58.8679,5.27765],[-58.86593,5.27345],[-58.85303,5.26239],[-58.84108,5.25695],[-58.8407,5.2487],[-58.84732,5.23063],[-58.84815,5.22304],[-58.84876,5.16979],[-58.84342,5.16138],[-58.83648,5.16013],[-58.83338,5.15665],[-58.82628,5.15511],[-58.82197,5.15061],[-58.8214,5.13863],[-58.82323,5.13482],[-58.82071,5.12309],[-58.82623,5.11923],[-58.82629,5.11325],[-58.8292,5.10939],[-58.84856,5.09868],[-58.86629,5.03575],[-58.88143,4.97394],[-58.87011,4.94322],[-58.85765,4.93565],[-58.85252,4.92757],[-58.84932,4.90071],[-58.82977,4.86255],[-58.83527,4.85213],[-58.83339,4.84355],[-58.82769,4.83871],[-58.82045,4.83645],[-58.82193,4.8274],[-58.82045,4.82246],[-58.82408,4.81571],[-58.82341,4.80319],[-58.81878,4.79396],[-58.81535,4.7931],[-58.81215,4.79442],[-58.80281,4.789],[-58.80007,4.78472],[-58.80127,4.76915],[-58.79972,4.76163],[-58.79372,4.75837],[-58.77604,4.75837],[-58.77209,4.76334],[-58.7678,4.76556],[-58.7587,4.75957],[-58.7381,4.76214],[-58.7266,4.7594],[-58.72059,4.75649],[-58.71286,4.74845],[-58.70943,4.74264],[-58.70754,4.73135],[-58.70892,4.72211],[-58.70737,4.70979],[-58.71132,4.69764],[-58.70789,4.69405],[-58.69604,4.6908],[-58.68814,4.68669],[-58.67956,4.66206],[-58.67853,4.65384],[-58.67527,4.6523],[-58.66446,4.65624],[-58.60396,4.62836],[-58.57724,4.62083],[-58.54775,4.61655],[-58.51473,4.61856],[-58.44894,4.61731],[-58.41617,4.62108],[-58.37634,4.62836],[-58.34282,4.63892],[-58.3161,4.64017],[-58.31572,4.64472],[-58.30572,4.64853],[-58.23919,4.64736],[-58.21078,4.65],[-58.20077,4.64443],[-58.18414,4.64091],[-58.14219,4.63988],[-58.12703,4.64795],[-58.09936,4.65528],[-58.09112,4.66218],[-58.07846,4.6833],[-58.06285,4.72731],[-58.05844,4.74653],[-58.05564,4.77219],[-58.04534,4.81986],[-58.01531,4.88263],[-57.98853,4.9259],[-57.90492,5.01168],[-57.88476,5.04511],[-57.86871,5.09525],[-57.84686,5.15257],[-57.80093,5.21648],[-57.79387,5.27218],[-57.78003,5.29563],[-57.74265,5.33021],[-57.70585,5.42136],[-57.70467,5.47939],[-57.68436,5.55908],[-57.66611,5.66865],[-57.63128,5.77608],[-57.63109,5.7864],[-57.63351,5.79389],[-57.64519,5.80015],[-57.65233,5.81723],[-57.65632,5.82337],[-57.6613,5.82954],[-57.67909,5.84399],[-57.67872,5.85279],[-57.67602,5.85776],[-57.67016,5.86269],[-57.69461,5.8718],[-57.73317,5.87795],[-57.7529,5.87444],[-57.77026,5.86829],[-57.82149,5.87239],[-57.85652,5.84428],[-57.87447,5.84516],[-57.87477,5.85716],[-57.88272,5.868],[-57.89361,5.87034],[-57.91922,5.86946],[-57.93011,5.87678],[-57.93099,5.8841],[-57.93541,5.89611],[-57.94247,5.90489],[-57.94777,5.90489],[-57.95631,5.91163],[-57.95866,5.92685],[-57.96543,5.93183],[-57.9831,5.93212],[-57.99428,5.94384],[-58.00194,5.95438],[-58.0146,5.95818],[-58.03667,5.95965],[-58.05228,5.96287],[-58.072,5.97721],[-58.0929,5.98014],[-58.11586,5.97663],[-58.13676,5.98629],[-58.14294,6.00883],[-58.13588,6.02815],[-58.13676,6.08699],[-58.15972,6.09314],[-58.16973,6.08407],[-58.17577,6.08436],[-58.18224,6.09929],[-58.19902,6.12066],[-58.21668,6.12592],[-58.23553,6.1148],[-58.26114,6.09548],[-58.27733,6.09051],[-58.28566,6.09518],[-58.34393,6.12293],[-58.36986,6.12411],[-58.39131,6.13745],[-58.39727,6.16144],[-58.40755,6.22232],[-58.41589,6.24306],[-58.41992,6.27609],[-58.43228,6.302],[-58.4445,6.31963],[-58.47072,6.33962],[-58.48279,6.34302],[-58.5035,6.35339],[-58.53032,6.37308],[-58.53732,6.38286],[-58.54373,6.39885],[-58.54448,6.41351],[-58.54984,6.44149],[-58.55923,6.46429],[-58.58024,6.47613],[-58.59096,6.48886],[-58.60601,6.49538],[-58.61648,6.50178]]]}}]}