{"type":"FeatureCollection","crs":{"type":"name","properties":{"name":"urn:ogc:def:crs:OGC:1.3:CRS84"}},"features":[{"type":"Feature","properties":{"shapeName":"ASUNCION","shapeISO":"PY-ASU","shapeID":"63826900B42428386495226","shapeGroup":"PRY","shapeType":"ADM1"},"geometry":{"type":"Polygon","coordinates":[[[-57.64208,-25.38039],[-57.6361,-25.36903],[-57.63956,-25.36689],[-57.63688,-25.36225],[-57.63529,-25.34938],[-57.63642,-25.3491],[-57.63234,-25.3384],[-57.63397,-25.33802],[-57.62134,-25.32771],[-57.61999,-25.32511],[-57.62162,-25.32352],[-57.61538,-25.31313],[-57.61221,-25.31489],[-57.61144,-25.31734],[-57.60787,-25.31839],[-57.60946,-25.32238],[-57.60785,-25.32078],[-57.60314,-25.32648],[-57.60232,-25.32555],[-57.59748,-25.32907],[-57.59572,-25.32845],[-57.59619,-25.33035],[-57.59438,-25.33282],[-57.59347,-25.33231],[-57.59188,-25.33569],[-57.58979,-25.33511],[-57.58811,-25.33802],[-57.59046,-25.33885],[-57.58948,-25.34044],[-57.58613,-25.34144],[-57.56042,-25.32026],[-57.54324,-25.29629],[-57.54379,-25.29371],[-57.54185,-25.29189],[-57.54031,-25.2861],[-57.54256,-25.27219],[-57.53635,-25.26092],[-57.53358,-25.25036],[-57.52866,-25.24663],[-57.52778,-25.24307],[-57.53985,-25.23621],[-57.55896,-25.22844],[-57.57456,-25.22394],[-57.59366,-25.24165],[-57.62784,-25.25498],[-57.66868,-25.28005],[-57.67283,-25.28762],[-57.67386,-25.3158],[-57.66724,-25.33575],[-57.66783,-25.34531],[-57.66347,-25.35384],[-57.65013,-25.36611],[-57.64208,-25.38039]]]}},{"type":"Feature","properties":{"shapeName":"CONCEPCION","shapeISO":"PY-1","shapeID":"63826900B27882980507950","shapeGroup":"PRY","shapeType":"ADM1"},"geometry":{"type":"Polygon","coordinates":[[[-56.82607,-22.29593],[-56.83098,-22.29634],[-56.83526,-22.2996],[-56.84278,-22.30143],[-56.8533,-22.29056],[-56.85728,-22.28921],[-56.85992,-22.29238],[-56.86726,-22.28865],[-56.86814,-22.28387],[-56.87975,-22.27792],[-56.88089,-22.27595],[-56.87676,-22.26842],[-56.87587,-22.26301],[-56.88003,-22.25687],[-56.8797,-22.25159],[-56.88657,-22.2459],[-56.88917,-22.24529],[-56.89971,-22.25188],[-56.90275,-22.2578],[-56.90165,-22.26425],[-56.90558,-22.26639],[-56.90827,-22.26503],[-56.91181,-22.25883],[-56.91869,-22.25869],[-56.91861,-22.25753],[-56.91533,-22.25738],[-56.91581,-22.25519],[-56.9226,-22.25464],[-56.92645,-22.24978],[-56.92992,-22.25404],[-56.93586,-22.25373],[-56.94751,-22.25585],[-56.95046,-22.2515],[-56.9536,-22.24994],[-56.9566,-22.24451],[-56.95693,-22.23932],[-56.95876,-22.23792],[-56.96632,-22.24083],[-56.97156,-22.24061],[-56.9713,-22.24441],[-56.9869,-22.24254],[-56.98925,-22.23849],[-56.99229,-22.23695],[-56.98933,-22.23224],[-56.98895,-22.22837],[-56.99642,-22.22242],[-57.00025,-22.22323],[-57.00156,-22.22873],[-57.00891,-22.2337],[-57.00954,-22.23585],[-57.01901,-22.23124],[-57.02087,-22.23632],[-57.03121,-22.23379],[-57.04148,-22.23648],[-57.04403,-22.24265],[-57.04807,-22.24056],[-57.04892,-22.23217],[-57.05966,-22.22946],[-57.06061,-22.23131],[-57.05953,-22.24224],[-57.06434,-22.24375],[-57.06967,-22.24265],[-57.07388,-22.24646],[-57.07905,-22.24494],[-57.07959,-22.24916],[-57.08258,-22.25107],[-57.08565,-22.24937],[-57.08673,-22.24468],[-57.08969,-22.24138],[-57.09122,-22.24205],[-57.09244,-22.24752],[-57.09423,-22.2492],[-57.09746,-22.24748],[-57.10186,-22.24845],[-57.10496,-22.2429],[-57.11225,-22.24124],[-57.10926,-22.23149],[-57.1039,-22.2274],[-57.11006,-22.22536],[-57.1201,-22.23033],[-57.12775,-22.22457],[-57.13738,-22.22264],[-57.14128,-22.2237],[-57.15143,-22.23111],[-57.16031,-22.22361],[-57.16421,-22.23045],[-57.16831,-22.22959],[-57.16887,-22.22541],[-57.17014,-22.22505],[-57.17322,-22.22699],[-57.17214,-22.2314],[-57.18078,-22.22989],[-57.18273,-22.23266],[-57.1865,-22.23416],[-57.18712,-22.22643],[-57.19048,-22.22525],[-57.19285,-22.22156],[-57.19633,-22.21956],[-57.19521,-22.21726],[-57.19274,-22.21646],[-57.19313,-22.21482],[-57.19792,-22.2098],[-57.20472,-22.2086],[-57.20636,-22.20969],[-57.20638,-22.21464],[-57.21048,-22.21842],[-57.2132,-22.21706],[-57.21003,-22.21328],[-57.21059,-22.21165],[-57.21249,-22.21211],[-57.21459,-22.21596],[-57.2177,-22.2161],[-57.21606,-22.22392],[-57.21242,-22.22411],[-57.21124,-22.22547],[-57.21267,-22.22654],[-57.21851,-22.2252],[-57.21816,-22.23015],[-57.22077,-22.23896],[-57.23008,-22.2416],[-57.2401,-22.2493],[-57.24861,-22.24641],[-57.25126,-22.241],[-57.25507,-22.23751],[-57.25948,-22.23936],[-57.26998,-22.23787],[-57.27145,-22.23573],[-57.26986,-22.23101],[-57.27081,-22.22958],[-57.27432,-22.2305],[-57.27535,-22.23572],[-57.27859,-22.23531],[-57.27743,-22.22878],[-57.28162,-22.22527],[-57.28516,-22.22473],[-57.28715,-22.22067],[-57.28916,-22.22164],[-57.28987,-22.22476],[-57.29193,-22.22473],[-57.29186,-22.21855],[-57.29584,-22.2187],[-57.29783,-22.22226],[-57.30253,-22.22241],[-57.30415,-22.22468],[-57.30358,-22.22836],[-57.30526,-22.23021],[-57.3102,-22.22789],[-57.3109,-22.23281],[-57.31438,-22.23269],[-57.31547,-22.23568],[-57.31817,-22.23726],[-57.31452,-22.24144],[-57.32032,-22.24589],[-57.32568,-22.23865],[-57.33005,-22.23842],[-57.33084,-22.23375],[-57.33627,-22.23463],[-57.33675,-22.23281],[-57.33328,-22.2308],[-57.33524,-22.22913],[-57.33965,-22.23132],[-57.33874,-22.23441],[-57.34014,-22.23543],[-57.34185,-22.23411],[-57.34235,-22.2291],[-57.34466,-22.22884],[-57.34637,-22.2318],[-57.34839,-22.23245],[-57.35165,-22.2288],[-57.35754,-22.22639],[-57.35919,-22.22738],[-57.35814,-22.2314],[-57.36025,-22.23402],[-57.36441,-22.23233],[-57.36312,-22.22884],[-57.36442,-22.22748],[-57.36836,-22.22825],[-57.37063,-22.23145],[-57.37431,-22.23219],[-57.3763,-22.23008],[-57.37244,-22.22718],[-57.37382,-22.22459],[-57.37673,-22.2243],[-57.37998,-22.2275],[-57.38163,-22.22605],[-57.37761,-22.21275],[-57.38127,-22.2118],[-57.38217,-22.20835],[-57.38759,-22.20833],[-57.386,-22.20444],[-57.38893,-22.20474],[-57.39435,-22.20889],[-57.39716,-22.20873],[-57.39826,-22.2063],[-57.39616,-22.20333],[-57.40551,-22.19983],[-57.40697,-22.19769],[-57.41027,-22.19962],[-57.41416,-22.19675],[-57.41964,-22.19727],[-57.42501,-22.20512],[-57.42765,-22.20134],[-57.42381,-22.19851],[-57.42411,-22.19744],[-57.42973,-22.19568],[-57.4319,-22.19993],[-57.43422,-22.20035],[-57.43856,-22.19707],[-57.4388,-22.19233],[-57.44443,-22.1923],[-57.44476,-22.18833],[-57.44621,-22.18743],[-57.4547,-22.18864],[-57.45571,-22.19095],[-57.45205,-22.19393],[-57.4538,-22.19553],[-57.4584,-22.19397],[-57.4578,-22.1897],[-57.46016,-22.18744],[-57.46282,-22.1883],[-57.4647,-22.19285],[-57.4668,-22.19231],[-57.47173,-22.18692],[-57.48293,-22.19235],[-57.48568,-22.19017],[-57.48866,-22.19134],[-57.49055,-22.18959],[-57.49005,-22.18645],[-57.49277,-22.18137],[-57.49904,-22.18607],[-57.50177,-22.18348],[-57.50615,-22.18491],[-57.52162,-22.1683],[-57.5243,-22.16868],[-57.52828,-22.17611],[-57.54029,-22.18115],[-57.55114,-22.1817],[-57.55763,-22.17767],[-57.5649,-22.17844],[-57.57108,-22.17588],[-57.58023,-22.17527],[-57.58797,-22.16564],[-57.58807,-22.15811],[-57.58533,-22.15186],[-57.58645,-22.14624],[-57.58429,-22.14054],[-57.58868,-22.13971],[-57.59026,-22.14359],[-57.59226,-22.14467],[-57.59471,-22.14224],[-57.59301,-22.13677],[-57.59513,-22.13632],[-57.59895,-22.13978],[-57.60117,-22.13975],[-57.60092,-22.13674],[-57.59701,-22.1336],[-57.59755,-22.13176],[-57.60439,-22.13102],[-57.60652,-22.12944],[-57.60552,-22.12449],[-57.6073,-22.12272],[-57.6123,-22.12454],[-57.61221,-22.12113],[-57.60862,-22.11571],[-57.61333,-22.10929],[-57.6099,-22.09616],[-57.61152,-22.09452],[-57.61871,-22.09499],[-57.62536,-22.10024],[-57.63288,-22.10269],[-57.63781,-22.10603],[-57.64643,-22.10485],[-57.65267,-22.10707],[-57.65781,-22.10431],[-57.66497,-22.10616],[-57.66931,-22.10135],[-57.67656,-22.102],[-57.68986,-22.08828],[-57.69948,-22.09192],[-57.70729,-22.09081],[-57.70784,-22.0925],[-57.70442,-22.09735],[-57.70451,-22.09945],[-57.70837,-22.10264],[-57.71527,-22.10411],[-57.71716,-22.11353],[-57.72219,-22.11147],[-57.72882,-22.10374],[-57.73006,-22.09989],[-57.73394,-22.09988],[-57.73817,-22.10282],[-57.74223,-22.11437],[-57.74068,-22.1175],[-57.73421,-22.12093],[-57.73769,-22.12577],[-57.73795,-22.13277],[-57.73939,-22.13453],[-57.74429,-22.13585],[-57.74797,-22.13903],[-57.75411,-22.13543],[-57.76285,-22.13573],[-57.76536,-22.13447],[-57.76835,-22.12957],[-57.77925,-22.12496],[-57.7896,-22.13098],[-57.79212,-22.13922],[-57.79737,-22.1439],[-57.79822,-22.14887],[-57.80401,-22.15105],[-57.81037,-22.14119],[-57.81985,-22.13774],[-57.82384,-22.12771],[-57.82308,-22.12289],[-57.82807,-22.12025],[-57.8349,-22.11961],[-57.84597,-22.1273],[-57.85344,-22.12742],[-57.86266,-22.13005],[-57.86401,-22.13343],[-57.86217,-22.13701],[-57.86331,-22.13739],[-57.87125,-22.12912],[-57.88612,-22.13014],[-57.88753,-22.12396],[-57.88914,-22.12283],[-57.89298,-22.12233],[-57.90595,-22.12555],[-57.91379,-22.12153],[-57.93002,-22.12046],[-57.92773,-22.11524],[-57.92238,-22.1104],[-57.92199,-22.10776],[-57.92973,-22.10616],[-57.93597,-22.10167],[-57.93763,-22.09682],[-57.9367,-22.08953],[-57.94159,-22.08313],[-57.94886,-22.08268],[-57.95149,-22.08687],[-57.9538,-22.08754],[-57.96109,-22.07909],[-57.96452,-22.0814],[-57.9662,-22.08833],[-57.9698,-22.09018],[-57.98458,-22.09099],[-57.98811,-22.08782],[-57.99303,-22.08692],[-57.99337,-22.09706],[-57.99017,-22.10464],[-57.96292,-22.12072],[-57.95942,-22.1252],[-57.95617,-22.13355],[-57.96319,-22.17143],[-57.97139,-22.18746],[-57.97255,-22.19431],[-57.97135,-22.22571],[-57.96287,-22.23201],[-57.96005,-22.23673],[-57.95854,-22.25895],[-57.95378,-22.27377],[-57.94959,-22.27846],[-57.94101,-22.27956],[-57.92704,-22.27617],[-57.90292,-22.2657],[-57.89669,-22.26515],[-57.89125,-22.26723],[-57.88701,-22.27146],[-57.88416,-22.27956],[-57.88233,-22.30072],[-57.8773,-22.31199],[-57.87703,-22.31633],[-57.87967,-22.32267],[-57.8777,-22.32926],[-57.86698,-22.34306],[-57.84053,-22.36231],[-57.82135,-22.37332],[-57.81749,-22.37828],[-57.81744,-22.3831],[-57.81927,-22.38658],[-57.82961,-22.39697],[-57.83757,-22.39913],[-57.85573,-22.39771],[-57.86448,-22.40307],[-57.86544,-22.41726],[-57.862,-22.42396],[-57.84441,-22.43755],[-57.8396,-22.44706],[-57.83917,-22.45474],[-57.84561,-22.47923],[-57.84536,-22.48442],[-57.83171,-22.50917],[-57.83057,-22.53874],[-57.82757,-22.551],[-57.82876,-22.56353],[-57.82774,-22.57073],[-57.82219,-22.57873],[-57.81501,-22.58194],[-57.80479,-22.59215],[-57.79767,-22.60264],[-57.78539,-22.61491],[-57.77992,-22.62262],[-57.77289,-22.63945],[-57.77228,-22.65414],[-57.7768,-22.66127],[-57.78613,-22.66384],[-57.79308,-22.66337],[-57.8297,-22.65285],[-57.84432,-22.65165],[-57.86522,-22.65487],[-57.89048,-22.65573],[-57.90943,-22.65913],[-57.91747,-22.66417],[-57.92406,-22.6705],[-57.93535,-22.68526],[-57.9389,-22.69259],[-57.94025,-22.70827],[-57.93194,-22.73324],[-57.92579,-22.74327],[-57.91803,-22.74789],[-57.89409,-22.75388],[-57.8876,-22.75861],[-57.87675,-22.77603],[-57.87714,-22.78214],[-57.88202,-22.78571],[-57.88357,-22.78982],[-57.88256,-22.79394],[-57.87532,-22.80298],[-57.86718,-22.80553],[-57.84026,-22.808],[-57.81394,-22.81603],[-57.81022,-22.81903],[-57.80782,-22.82473],[-57.80715,-22.83288],[-57.80076,-22.84921],[-57.79042,-22.86413],[-57.78951,-22.87752],[-57.79843,-22.89274],[-57.81972,-22.90525],[-57.8215,-22.90893],[-57.82137,-22.91497],[-57.81497,-22.92279],[-57.79324,-22.93824],[-57.77809,-22.95506],[-57.77163,-22.95989],[-57.76739,-22.96529],[-57.76595,-22.97124],[-57.76659,-22.97776],[-57.78494,-23.00628],[-57.78965,-23.0162],[-57.79083,-23.02351],[-57.78839,-23.03008],[-57.78297,-23.03434],[-57.7704,-23.03493],[-57.76343,-23.03776],[-57.7341,-23.05767],[-57.7288,-23.06439],[-57.72366,-23.08195],[-57.71662,-23.09044],[-57.7109,-23.09388],[-57.70176,-23.09724],[-57.69244,-23.09778],[-57.6476,-23.08966],[-57.6371,-23.0917],[-57.63192,-23.09448],[-57.62798,-23.10107],[-57.62769,-23.11137],[-57.63134,-23.11962],[-57.64191,-23.13207],[-57.64267,-23.13717],[-57.64118,-23.14211],[-57.63429,-23.15122],[-57.63024,-23.16607],[-57.62306,-23.17835],[-57.61191,-23.18831],[-57.59586,-23.19299],[-57.58548,-23.19865],[-57.54905,-23.21202],[-57.54366,-23.219],[-57.54262,-23.23079],[-57.53915,-23.23807],[-57.51007,-23.2617],[-57.49321,-23.27969],[-57.49119,-23.28631],[-57.49164,-23.30655],[-57.48914,-23.31792],[-57.49146,-23.32067],[-57.50009,-23.32436],[-57.51833,-23.33608],[-57.52163,-23.34164],[-57.52244,-23.34722],[-57.52,-23.35322],[-57.51658,-23.35667],[-57.50203,-23.36495],[-57.4946,-23.37269],[-57.48782,-23.38902],[-57.47581,-23.40649],[-57.47431,-23.41081],[-57.47539,-23.41845],[-57.47371,-23.42048],[-57.46396,-23.4235],[-57.4619,-23.42552],[-57.46311,-23.43333],[-57.45078,-23.4468],[-57.449,-23.45624],[-57.45196,-23.47185],[-57.45013,-23.47748],[-57.44703,-23.47758],[-57.42742,-23.47899],[-57.41857,-23.48364],[-57.40952,-23.48417],[-57.40446,-23.49839],[-57.40279,-23.49842],[-57.40149,-23.49472],[-57.39698,-23.49277],[-57.39446,-23.49347],[-57.3952,-23.49939],[-57.3938,-23.50188],[-57.37652,-23.49777],[-57.37455,-23.50002],[-57.37415,-23.50537],[-57.36671,-23.50684],[-57.36205,-23.50949],[-57.35634,-23.50845],[-57.35108,-23.50386],[-57.34396,-23.50356],[-57.33474,-23.49675],[-57.32901,-23.49756],[-57.32787,-23.50039],[-57.32149,-23.4966],[-57.3141,-23.49777],[-57.31094,-23.4958],[-57.30767,-23.49612],[-57.30589,-23.49411],[-57.30294,-23.49534],[-57.30087,-23.49418],[-57.2989,-23.49519],[-57.29896,-23.49876],[-57.29718,-23.49929],[-57.29579,-23.49125],[-57.28945,-23.49147],[-57.28923,-23.49534],[-57.28749,-23.49693],[-57.27959,-23.49284],[-57.27569,-23.49232],[-57.27219,-23.48899],[-57.27126,-23.49772],[-57.26773,-23.499],[-57.26569,-23.49715],[-57.26468,-23.49242],[-57.2677,-23.48392],[-57.26349,-23.48282],[-57.26322,-23.47899],[-57.25688,-23.47807],[-57.25236,-23.47969],[-57.25014,-23.47639],[-57.24337,-23.47569],[-57.24085,-23.47262],[-57.23638,-23.47422],[-57.23979,-23.47553],[-57.23738,-23.47694],[-57.23647,-23.47958],[-57.2316,-23.47867],[-57.23317,-23.47485],[-57.23245,-23.47287],[-57.23079,-23.47494],[-57.22737,-23.47439],[-57.22586,-23.47788],[-57.22279,-23.47426],[-57.22107,-23.47704],[-57.21892,-23.47689],[-57.22007,-23.4804],[-57.21643,-23.47887],[-57.21472,-23.483],[-57.21176,-23.47864],[-57.20863,-23.47753],[-57.20775,-23.48409],[-57.20626,-23.48478],[-57.20482,-23.48055],[-57.20167,-23.48297],[-57.19998,-23.48191],[-57.20055,-23.47887],[-57.19774,-23.48115],[-57.19602,-23.47869],[-57.19097,-23.47727],[-57.19281,-23.48073],[-57.19181,-23.48189],[-57.1879,-23.47812],[-57.18696,-23.48198],[-57.18211,-23.48019],[-57.18151,-23.48355],[-57.18022,-23.47955],[-57.1752,-23.47543],[-57.17425,-23.47641],[-57.17546,-23.4785],[-57.1734,-23.48141],[-57.17162,-23.48036],[-57.16844,-23.48139],[-57.16978,-23.47597],[-57.16811,-23.47483],[-57.1654,-23.47983],[-57.1639,-23.4797],[-57.16439,-23.47674],[-57.16315,-23.47582],[-57.15897,-23.47741],[-57.16325,-23.48018],[-57.16247,-23.48177],[-57.15585,-23.47887],[-57.15336,-23.48083],[-57.15054,-23.47961],[-57.14963,-23.48313],[-57.14642,-23.47959],[-57.14578,-23.47517],[-57.14246,-23.47806],[-57.14219,-23.47311],[-57.13669,-23.47283],[-57.13646,-23.47129],[-57.13978,-23.47071],[-57.13491,-23.46802],[-57.13545,-23.46497],[-57.13356,-23.46638],[-57.13006,-23.46548],[-57.1329,-23.46765],[-57.13069,-23.47069],[-57.1222,-23.46528],[-57.11759,-23.46578],[-57.11535,-23.46785],[-57.11549,-23.46502],[-57.11065,-23.46523],[-57.11099,-23.46235],[-57.10847,-23.46129],[-57.10859,-23.46534],[-57.10557,-23.46309],[-57.10506,-23.46664],[-57.10142,-23.46738],[-57.10139,-23.46273],[-57.0966,-23.46379],[-57.09783,-23.46098],[-57.09674,-23.45969],[-57.09256,-23.46173],[-57.08995,-23.45993],[-57.08029,-23.46099],[-57.07699,-23.45808],[-57.07656,-23.45975],[-57.0794,-23.46226],[-57.07825,-23.46366],[-57.07226,-23.45737],[-57.07068,-23.45737],[-57.07028,-23.45999],[-57.06865,-23.45909],[-57.06776,-23.46063],[-57.06644,-23.45743],[-57.0657,-23.45907],[-57.06114,-23.4592],[-57.06297,-23.45611],[-57.06159,-23.4555],[-57.0591,-23.45751],[-57.0564,-23.45294],[-57.05494,-23.45479],[-57.05265,-23.45397],[-57.04861,-23.45529],[-57.05047,-23.45241],[-57.04961,-23.45019],[-57.04803,-23.45053],[-57.04746,-23.45294],[-57.04588,-23.45273],[-57.04611,-23.45048],[-57.04307,-23.45061],[-57.04153,-23.44683],[-57.039,-23.44712],[-57.03823,-23.44525],[-57.03292,-23.44213],[-57.0304,-23.44234],[-57.02977,-23.44485],[-57.02762,-23.44316],[-57.0265,-23.44406],[-57.03144,-23.44768],[-57.03109,-23.44874],[-57.02338,-23.44647],[-57.02031,-23.449],[-57.01968,-23.44721],[-57.01616,-23.4462],[-57.01338,-23.44313],[-57.0114,-23.44451],[-57.01235,-23.44861],[-57.00868,-23.44586],[-57.00578,-23.45173],[-57.0014,-23.45038],[-56.99793,-23.44742],[-56.99744,-23.45226],[-56.99151,-23.44752],[-56.98821,-23.45207],[-56.98503,-23.44866],[-56.98033,-23.44922],[-56.97736,-23.4442],[-56.9693,-23.43849],[-56.96458,-23.43702],[-56.96561,-23.44028],[-56.96243,-23.44534],[-56.95949,-23.44358],[-56.95397,-23.44446],[-56.94924,-23.43867],[-56.94881,-23.4354],[-56.94078,-23.43643],[-56.93963,-23.43899],[-56.93157,-23.43789],[-56.93443,-23.44093],[-56.93292,-23.44254],[-56.93085,-23.44236],[-56.93172,-23.43983],[-56.92962,-23.43869],[-56.927,-23.44133],[-56.93013,-23.44335],[-56.92989,-23.44471],[-56.92645,-23.44328],[-56.92505,-23.44512],[-56.92288,-23.44314],[-56.92029,-23.44529],[-56.91793,-23.4424],[-56.9143,-23.44608],[-56.91045,-23.446],[-56.90929,-23.44198],[-56.90516,-23.43929],[-56.89818,-23.44203],[-56.89261,-23.4412],[-56.88871,-23.44343],[-56.88331,-23.44315],[-56.87691,-23.43778],[-56.87802,-23.43624],[-56.87704,-23.43509],[-56.87232,-23.43934],[-56.86714,-23.43766],[-56.85829,-23.44219],[-56.85302,-23.4385],[-56.85448,-23.4351],[-56.85204,-23.4343],[-56.84724,-23.43886],[-56.84516,-23.43753],[-56.84164,-23.44039],[-56.83666,-23.44022],[-56.83199,-23.43796],[-56.82886,-23.44054],[-56.82409,-23.43784],[-56.81661,-23.43984],[-56.81179,-23.43904],[-56.81242,-23.43687],[-56.80977,-23.43472],[-56.80918,-23.43213],[-56.80718,-23.42952],[-56.80418,-23.42891],[-56.8043,-23.42526],[-56.7964,-23.42612],[-56.79235,-23.43002],[-56.79113,-23.42716],[-56.79,-23.4276],[-56.78555,-23.43342],[-56.78087,-23.43339],[-56.77688,-23.43547],[-56.7761,-23.43855],[-56.77252,-23.43909],[-56.77135,-23.44198],[-56.7676,-23.44222],[-56.76169,-23.44776],[-56.752,-23.45116],[-56.74456,-23.44642],[-56.744,-23.44304],[-56.73935,-23.44479],[-56.73909,-23.44262],[-56.7316,-23.43452],[-56.72713,-23.4327],[-56.72287,-23.43519],[-56.72117,-23.43327],[-56.71932,-23.43381],[-56.71982,-23.43871],[-56.71473,-23.43628],[-56.71029,-23.43635],[-56.70942,-23.43858],[-56.69874,-23.44683],[-56.6886,-23.4514],[-56.68538,-23.45104],[-56.67438,-23.44178],[-56.67119,-23.44304],[-56.66875,-23.44223],[-56.66588,-23.4441],[-56.66324,-23.44239],[-56.65775,-23.44279],[-56.65624,-23.44125],[-56.64831,-23.44403],[-56.64319,-23.44155],[-56.63925,-23.44382],[-56.63278,-23.44463],[-56.62464,-23.44903],[-56.61669,-23.45674],[-56.61413,-23.45492],[-56.6099,-23.45472],[-56.60763,-23.45856],[-56.60364,-23.45745],[-56.60075,-23.45469],[-56.59528,-23.4538],[-56.59089,-23.45497],[-56.58557,-23.45207],[-56.58142,-23.45253],[-56.57152,-23.44827],[-56.56803,-23.44845],[-56.56476,-23.44531],[-56.55625,-23.44344],[-56.55499,-23.44489],[-56.55689,-23.44787],[-56.55551,-23.44943],[-56.55274,-23.44893],[-56.55125,-23.45186],[-56.543,-23.44879],[-56.53739,-23.45224],[-56.53337,-23.45126],[-56.52903,-23.4568],[-56.52581,-23.4569],[-56.52386,-23.45343],[-56.51651,-23.45047],[-56.51486,-23.44425],[-56.5167,-23.43169],[-56.51507,-23.42795],[-56.51103,-23.42577],[-56.50365,-23.42445],[-56.50324,-23.42211],[-56.50067,-23.42268],[-56.49846,-23.42526],[-56.49138,-23.42403],[-56.48549,-23.41991],[-56.48462,-23.41537],[-56.48159,-23.41234],[-56.47675,-23.4093],[-56.46955,-23.40796],[-56.46576,-23.40874],[-56.4631,-23.40378],[-56.45716,-23.40607],[-56.45401,-23.41203],[-56.44831,-23.41621],[-56.44035,-23.41682],[-56.43483,-23.41902],[-56.43073,-23.41543],[-56.4273,-23.4166],[-56.42278,-23.41593],[-56.42063,-23.41694],[-56.41799,-23.4216],[-56.41471,-23.41617],[-56.40611,-23.41435],[-56.40435,-23.40811],[-56.39756,-23.40816],[-56.38778,-23.39771],[-56.38489,-23.39049],[-56.37427,-23.38784],[-56.37122,-23.39022],[-56.36563,-23.38976],[-56.36296,-23.38692],[-56.36262,-23.38345],[-56.35298,-23.37959],[-56.35524,-23.37238],[-56.35883,-23.37052],[-56.36187,-23.36398],[-56.35951,-23.36023],[-56.35486,-23.36043],[-56.34974,-23.35271],[-56.34537,-23.35346],[-56.3401,-23.35139],[-56.33728,-23.35292],[-56.33252,-23.35187],[-56.32548,-23.34642],[-56.3192,-23.34793],[-56.31422,-23.3454],[-56.31402,-23.33819],[-56.30977,-23.33576],[-56.31172,-23.3336],[-56.31205,-23.33017],[-56.30989,-23.32959],[-56.31168,-23.32684],[-56.30877,-23.32503],[-56.30251,-23.3268],[-56.2993,-23.32089],[-56.2968,-23.32177],[-56.28756,-23.31784],[-56.28985,-23.31361],[-56.2893,-23.30743],[-56.29523,-23.30779],[-56.29954,-23.30568],[-56.29948,-23.29651],[-56.2961,-23.29655],[-56.29296,-23.29075],[-56.28712,-23.28762],[-56.28507,-23.28792],[-56.28609,-23.28656],[-56.28511,-23.28461],[-56.28186,-23.28274],[-56.28244,-23.28069],[-56.28836,-23.2786],[-56.28566,-23.27148],[-56.28126,-23.27108],[-56.27224,-23.27394],[-56.27134,-23.27302],[-56.27359,-23.27108],[-56.27187,-23.26579],[-56.26909,-23.26406],[-56.26824,-23.26154],[-56.27257,-23.25903],[-56.27446,-23.25994],[-56.27559,-23.25806],[-56.27324,-23.25604],[-56.26979,-23.25687],[-56.26662,-23.25481],[-56.26488,-23.25527],[-56.26379,-23.25255],[-56.26679,-23.24892],[-56.26392,-23.24886],[-56.25956,-23.24455],[-56.25644,-23.24641],[-56.25483,-23.24554],[-56.25506,-23.24339],[-56.25047,-23.24411],[-56.24244,-23.23994],[-56.23951,-23.24083],[-56.23598,-23.23432],[-56.24133,-23.2315],[-56.23879,-23.2266],[-56.2365,-23.22667],[-56.23341,-23.23089],[-56.22372,-23.23094],[-56.21849,-23.23502],[-56.21151,-23.23066],[-56.21156,-23.22621],[-56.2136,-23.22439],[-56.21359,-23.22217],[-56.21064,-23.22153],[-56.21188,-23.22423],[-56.20765,-23.22383],[-56.20631,-23.2269],[-56.20108,-23.22659],[-56.20325,-23.22527],[-56.20328,-23.22317],[-56.19956,-23.22272],[-56.19809,-23.21929],[-56.19977,-23.21856],[-56.20014,-23.216],[-56.2042,-23.21557],[-56.20502,-23.20695],[-56.20813,-23.20538],[-56.21015,-23.20051],[-56.21289,-23.20283],[-56.21451,-23.20159],[-56.21534,-23.19884],[-56.21256,-23.19595],[-56.21341,-23.19175],[-56.21866,-23.19132],[-56.21755,-23.18588],[-56.21342,-23.17882],[-56.21356,-23.17447],[-56.21215,-23.17368],[-56.20692,-23.17547],[-56.20311,-23.17384],[-56.20314,-23.16934],[-56.20578,-23.16769],[-56.20761,-23.16178],[-56.20397,-23.16366],[-56.20027,-23.1627],[-56.20026,-23.16443],[-56.1981,-23.16282],[-56.19484,-23.16403],[-56.19016,-23.16011],[-56.18687,-23.16126],[-56.18244,-23.16054],[-56.1867,-23.15077],[-56.18293,-23.14721],[-56.18714,-23.14461],[-56.1859,-23.1389],[-56.18871,-23.13674],[-56.18892,-23.13277],[-56.1871,-23.13132],[-56.18928,-23.12989],[-56.18623,-23.12935],[-56.18795,-23.128],[-56.18538,-23.12521],[-56.18566,-23.12354],[-56.18351,-23.1211],[-56.18134,-23.12144],[-56.17959,-23.11851],[-56.17494,-23.11751],[-56.17514,-23.11945],[-56.17074,-23.12215],[-56.16947,-23.12479],[-56.16637,-23.12426],[-56.16542,-23.12579],[-56.16084,-23.1231],[-56.1555,-23.12247],[-56.15467,-23.12344],[-56.15395,-23.12133],[-56.15176,-23.12307],[-56.1487,-23.12162],[-56.14457,-23.12324],[-56.14174,-23.12117],[-56.1393,-23.11183],[-56.14581,-23.10975],[-56.14732,-23.1069],[-56.14596,-23.10506],[-56.14374,-23.10627],[-56.14402,-23.10335],[-56.14612,-23.09994],[-56.15136,-23.09974],[-56.15205,-23.09814],[-56.14901,-23.09696],[-56.14821,-23.09359],[-56.14546,-23.09123],[-56.14055,-23.09196],[-56.13826,-23.08869],[-56.13614,-23.08822],[-56.13927,-23.07972],[-56.1387,-23.07749],[-56.13021,-23.07621],[-56.12904,-23.07514],[-56.12989,-23.07301],[-56.12578,-23.06935],[-56.12725,-23.06809],[-56.12621,-23.06422],[-56.12861,-23.06138],[-56.12655,-23.05565],[-56.12882,-23.05477],[-56.1292,-23.04945],[-56.13188,-23.04756],[-56.13012,-23.04552],[-56.13044,-23.04287],[-56.29439,-22.68764],[-56.30131,-22.68805],[-56.30305,-22.69341],[-56.30556,-22.69455],[-56.31292,-22.68695],[-56.31555,-22.69055],[-56.32065,-22.69173],[-56.32135,-22.68964],[-56.32404,-22.69051],[-56.32805,-22.68764],[-56.34225,-22.6945],[-56.34431,-22.69812],[-56.34207,-22.70708],[-56.34313,-22.7083],[-56.34809,-22.70878],[-56.35347,-22.70669],[-56.35896,-22.70671],[-56.35789,-22.71039],[-56.36017,-22.71444],[-56.36236,-22.71543],[-56.36191,-22.71822],[-56.36385,-22.72009],[-56.36961,-22.71856],[-56.37325,-22.71514],[-56.37611,-22.71587],[-56.38518,-22.71353],[-56.38692,-22.71516],[-56.38517,-22.71955],[-56.38091,-22.71872],[-56.38239,-22.72361],[-56.38463,-22.72485],[-56.39232,-22.7219],[-56.39211,-22.73118],[-56.39018,-22.73336],[-56.39118,-22.73893],[-56.39335,-22.74162],[-56.3972,-22.74232],[-56.39806,-22.74918],[-56.40638,-22.74772],[-56.40618,-22.74631],[-56.40301,-22.74482],[-56.40435,-22.7408],[-56.41182,-22.74368],[-56.41346,-22.74512],[-56.41495,-22.75203],[-56.41373,-22.75343],[-56.40864,-22.75258],[-56.40888,-22.75584],[-56.41794,-22.7599],[-56.4216,-22.75751],[-56.42538,-22.7609],[-56.42796,-22.76051],[-56.43593,-22.77058],[-56.44226,-22.77245],[-56.44115,-22.77602],[-56.44271,-22.77792],[-56.44455,-22.77765],[-56.44719,-22.77061],[-56.45016,-22.77011],[-56.45237,-22.76692],[-56.45525,-22.76833],[-56.45395,-22.77512],[-56.45892,-22.77097],[-56.46836,-22.77579],[-56.47159,-22.77284],[-56.48287,-22.772],[-56.49392,-22.77614],[-56.49527,-22.77892],[-56.50477,-22.78304],[-56.50324,-22.78614],[-56.50436,-22.78735],[-56.509,-22.78705],[-56.51057,-22.78844],[-56.50753,-22.79522],[-56.50891,-22.80268],[-56.51833,-22.80802],[-56.52601,-22.80976],[-56.52529,-22.82032],[-56.51976,-22.82422],[-56.52644,-22.83414],[-56.52617,-22.83538],[-56.52189,-22.83443],[-56.52192,-22.8414],[-56.53164,-22.84861],[-56.53618,-22.85659],[-56.54091,-22.85786],[-56.54366,-22.86105],[-56.54246,-22.86546],[-56.53979,-22.86628],[-56.53856,-22.87935],[-56.54668,-22.87868],[-56.54721,-22.88039],[-56.54433,-22.88227],[-56.54596,-22.88391],[-56.55818,-22.88788],[-56.5588,-22.89031],[-56.56154,-22.89207],[-56.56143,-22.89561],[-56.55615,-22.89235],[-56.55459,-22.89491],[-56.55949,-22.89952],[-56.57016,-22.90158],[-56.57527,-22.9002],[-56.57691,-22.90298],[-56.57816,-22.89745],[-56.5879,-22.89838],[-56.58231,-22.90555],[-56.58284,-22.90848],[-56.59677,-22.91345],[-56.60744,-22.90855],[-56.61529,-22.90893],[-56.61743,-22.90442],[-56.61561,-22.90233],[-56.61621,-22.89761],[-56.61492,-22.89555],[-56.61874,-22.89594],[-56.61836,-22.89865],[-56.62179,-22.89912],[-56.62302,-22.89415],[-56.62641,-22.8956],[-56.62471,-22.89325],[-56.62579,-22.89286],[-56.63056,-22.89523],[-56.63119,-22.89182],[-56.6338,-22.89284],[-56.63478,-22.89058],[-56.63711,-22.89086],[-56.63975,-22.88643],[-56.64074,-22.88697],[-56.63959,-22.88872],[-56.64299,-22.88708],[-56.646,-22.88784],[-56.65363,-22.8828],[-56.66457,-22.88112],[-56.66646,-22.88185],[-56.66544,-22.88422],[-56.67001,-22.88545],[-56.66614,-22.88939],[-56.66762,-22.89391],[-56.67169,-22.89454],[-56.671,-22.8969],[-56.67673,-22.89829],[-56.68041,-22.89595],[-56.68088,-22.90044],[-56.68313,-22.89824],[-56.68706,-22.89899],[-56.68863,-22.89649],[-56.69471,-22.90259],[-56.70051,-22.90167],[-56.70517,-22.90349],[-56.70872,-22.90087],[-56.70633,-22.90394],[-56.70869,-22.90595],[-56.71308,-22.89683],[-56.71298,-22.89333],[-56.71011,-22.88761],[-56.71231,-22.8777],[-56.71114,-22.87553],[-56.70843,-22.87487],[-56.70484,-22.86848],[-56.7143,-22.85037],[-56.71319,-22.84335],[-56.7078,-22.84349],[-56.70419,-22.84572],[-56.69621,-22.845],[-56.68731,-22.8411],[-56.67727,-22.84357],[-56.6809,-22.83703],[-56.67395,-22.83055],[-56.66632,-22.82829],[-56.66615,-22.82445],[-56.66886,-22.8203],[-56.66442,-22.81601],[-56.66003,-22.8169],[-56.65346,-22.81591],[-56.65094,-22.8084],[-56.65179,-22.80643],[-56.65003,-22.80547],[-56.64908,-22.80198],[-56.65542,-22.79591],[-56.66142,-22.79371],[-56.66292,-22.78909],[-56.66227,-22.77202],[-56.66714,-22.76851],[-56.66679,-22.76649],[-56.66975,-22.76646],[-56.667,-22.76189],[-56.66849,-22.75688],[-56.66696,-22.75816],[-56.66522,-22.75751],[-56.66937,-22.75526],[-56.66828,-22.74991],[-56.66377,-22.74672],[-56.66695,-22.7424],[-56.66705,-22.73336],[-56.66935,-22.7256],[-56.66559,-22.72277],[-56.67342,-22.72555],[-56.67612,-22.72284],[-56.67617,-22.71883],[-56.67236,-22.71288],[-56.67358,-22.71018],[-56.67895,-22.70985],[-56.68376,-22.71282],[-56.69,-22.71311],[-56.69601,-22.70926],[-56.69553,-22.70347],[-56.70192,-22.69704],[-56.69994,-22.69523],[-56.69491,-22.69576],[-56.69582,-22.69104],[-56.6944,-22.69039],[-56.69467,-22.68875],[-56.69248,-22.68975],[-56.69417,-22.68222],[-56.7041,-22.67697],[-56.70263,-22.67639],[-56.70398,-22.67493],[-56.70363,-22.67101],[-56.70847,-22.66798],[-56.70935,-22.66408],[-56.71324,-22.6649],[-56.71632,-22.65702],[-56.71948,-22.6569],[-56.72362,-22.65094],[-56.72572,-22.65226],[-56.72678,-22.65148],[-56.72282,-22.64901],[-56.7217,-22.64084],[-56.7182,-22.63833],[-56.71973,-22.63662],[-56.71875,-22.63445],[-56.72012,-22.63398],[-56.71924,-22.63261],[-56.72123,-22.6277],[-56.72,-22.62585],[-56.72118,-22.62504],[-56.71534,-22.62207],[-56.71984,-22.61523],[-56.71824,-22.60935],[-56.71997,-22.60234],[-56.72762,-22.59226],[-56.72567,-22.58321],[-56.72719,-22.57834],[-56.72627,-22.57692],[-56.72936,-22.57366],[-56.72879,-22.5709],[-56.73051,-22.56881],[-56.7286,-22.56108],[-56.73081,-22.55858],[-56.73578,-22.55667],[-56.73867,-22.54366],[-56.7352,-22.53945],[-56.73255,-22.5326],[-56.73501,-22.52472],[-56.73104,-22.52168],[-56.73142,-22.51865],[-56.72771,-22.51332],[-56.72439,-22.51243],[-56.72263,-22.50943],[-56.7233,-22.49932],[-56.71974,-22.49598],[-56.72036,-22.49391],[-56.71877,-22.4917],[-56.72037,-22.48849],[-56.71748,-22.48616],[-56.71545,-22.47787],[-56.71844,-22.47696],[-56.7151,-22.46944],[-56.71787,-22.46324],[-56.71682,-22.45866],[-56.71107,-22.45461],[-56.71014,-22.45021],[-56.70516,-22.44988],[-56.69886,-22.44041],[-56.68837,-22.43737],[-56.68241,-22.43254],[-56.68013,-22.43445],[-56.67816,-22.43153],[-56.67323,-22.42953],[-56.66808,-22.4304],[-56.66553,-22.42743],[-56.6611,-22.42636],[-56.65928,-22.42383],[-56.65192,-22.42392],[-56.64866,-22.42215],[-56.64868,-22.41409],[-56.64601,-22.4076],[-56.64676,-22.39339],[-56.64489,-22.38452],[-56.63791,-22.37976],[-56.62181,-22.37453],[-56.6123,-22.369],[-56.60943,-22.36529],[-56.82607,-22.29593]]]}},{"type":"Feature","properties":{"shapeName":"SAN PEDRO","shapeISO":"PY-2","shapeID":"63826900B6371140935910","shapeGroup":"PRY","shapeType":"ADM1"},"geometry":{"type":"Polygon","coordinates":[[[-57.44703,-23.47758],[-57.45908,-23.5086],[-57.47009,-23.52298],[-57.47352,-23.5362],[-57.46828,-23.56029],[-57.46315,-23.56728],[-57.45869,-23.58127],[-57.44811,-23.59987],[-57.43815,-23.61164],[-57.42725,-23.63306],[-57.42115,-23.64125],[-57.4191,-23.65374],[-57.41008,-23.66045],[-57.40299,-23.6627],[-57.39493,-23.66272],[-57.37575,-23.67109],[-57.36043,-23.6735],[-57.34319,-23.68023],[-57.30324,-23.70765],[-57.29486,-23.71004],[-57.26648,-23.72466],[-57.25666,-23.73597],[-57.25379,-23.75633],[-57.25574,-23.76138],[-57.27125,-23.76655],[-57.27804,-23.77159],[-57.27225,-23.77903],[-57.25901,-23.78217],[-57.25272,-23.78709],[-57.2505,-23.80522],[-57.25148,-23.8119],[-57.25877,-23.82407],[-57.27269,-23.83505],[-57.27609,-23.84306],[-57.27288,-23.85154],[-57.2553,-23.86598],[-57.25272,-23.8697],[-57.25354,-23.8752],[-57.2652,-23.88602],[-57.28104,-23.88926],[-57.29301,-23.89385],[-57.30304,-23.90066],[-57.30419,-23.90779],[-57.30227,-23.91746],[-57.29922,-23.924],[-57.28631,-23.93383],[-57.27113,-23.93921],[-57.26305,-23.94398],[-57.23815,-23.94179],[-57.22976,-23.95176],[-57.22984,-23.958],[-57.24083,-23.98072],[-57.24083,-23.98398],[-57.23914,-23.98483],[-57.22634,-23.98301],[-57.2154,-23.98756],[-57.21233,-23.99209],[-57.21133,-24.00455],[-57.21467,-24.01145],[-57.22369,-24.01801],[-57.25072,-24.02675],[-57.2585,-24.03093],[-57.26382,-24.03704],[-57.26408,-24.04169],[-57.26347,-24.04531],[-57.2583,-24.05059],[-57.22167,-24.06583],[-57.21773,-24.07162],[-57.20911,-24.07837],[-57.20751,-24.08563],[-57.21062,-24.09775],[-57.23311,-24.10967],[-57.25166,-24.12573],[-57.27588,-24.13549],[-57.27985,-24.14364],[-57.27702,-24.15237],[-57.26654,-24.16083],[-57.25435,-24.17592],[-57.24056,-24.20105],[-57.22649,-24.20979],[-57.21884,-24.21202],[-57.20627,-24.23084],[-57.2037,-24.25277],[-57.20646,-24.27594],[-57.20437,-24.28478],[-57.19858,-24.29663],[-57.18031,-24.31263],[-57.17562,-24.31972],[-57.16958,-24.33491],[-57.16404,-24.35594],[-57.16553,-24.36182],[-57.17755,-24.37592],[-57.18053,-24.38328],[-57.18141,-24.39331],[-57.16772,-24.42171],[-57.15795,-24.4343],[-57.14931,-24.44898],[-57.15093,-24.45634],[-57.15799,-24.46665],[-57.16233,-24.47027],[-57.16655,-24.47298],[-57.1871,-24.47698],[-57.19218,-24.47947],[-57.19442,-24.48468],[-57.19406,-24.4934],[-57.17823,-24.50606],[-57.16364,-24.52284],[-57.16154,-24.52828],[-57.16217,-24.53412],[-57.16948,-24.54147],[-57.18796,-24.55279],[-57.19392,-24.56394],[-57.1948,-24.56915],[-57.19011,-24.58219],[-57.16585,-24.60505],[-57.15744,-24.61826],[-57.16665,-24.64787],[-57.17473,-24.65976],[-57.17597,-24.66509],[-57.16956,-24.68963],[-57.17651,-24.69461],[-57.18867,-24.69782],[-57.19624,-24.69826],[-57.21422,-24.69563],[-57.22712,-24.6972],[-57.23035,-24.69912],[-57.23358,-24.70376],[-57.23458,-24.70988],[-57.22657,-24.73827],[-57.22745,-24.74581],[-57.23207,-24.75679],[-57.24637,-24.77416],[-57.2612,-24.80535],[-57.27003,-24.81315],[-57.29129,-24.82445],[-57.2985,-24.83129],[-57.30013,-24.83729],[-57.29841,-24.84318],[-57.29172,-24.85147],[-57.25747,-24.86014],[-57.254,-24.86326],[-57.25363,-24.86768],[-57.25986,-24.87741],[-57.25976,-24.88563],[-57.25443,-24.89164],[-57.24934,-24.89482],[-57.22426,-24.9011],[-57.21967,-24.90473],[-57.21682,-24.91108],[-57.21659,-24.92065],[-57.21934,-24.92665],[-57.22357,-24.93276],[-57.22867,-24.93536],[-57.23899,-24.93603],[-57.24383,-24.935],[-57.26908,-24.92403],[-57.26633,-24.92672],[-57.26976,-24.93136],[-57.2649,-24.93307],[-57.2637,-24.93496],[-57.26773,-24.93384],[-57.27332,-24.93664],[-57.27362,-24.94048],[-57.27578,-24.9427],[-57.26281,-24.94256],[-57.26176,-24.94618],[-57.2641,-24.95014],[-57.26364,-24.95241],[-57.26019,-24.95069],[-57.25626,-24.9546],[-57.24778,-24.95328],[-57.2476,-24.95566],[-57.25306,-24.95659],[-57.25192,-24.95874],[-57.23751,-24.95607],[-57.22821,-24.96345],[-57.22323,-24.95689],[-57.21903,-24.95486],[-57.21838,-24.95684],[-57.22224,-24.96017],[-57.22221,-24.96329],[-57.21422,-24.97274],[-57.21096,-24.97379],[-57.20922,-24.97266],[-57.21235,-24.9696],[-57.20351,-24.9725],[-57.19975,-24.97168],[-57.2008,-24.96831],[-57.19906,-24.96664],[-57.19967,-24.96404],[-57.19572,-24.95739],[-57.19966,-24.95447],[-57.19484,-24.95329],[-57.19382,-24.95058],[-57.19205,-24.95049],[-57.18443,-24.96231],[-57.19194,-24.96535],[-57.19257,-24.9694],[-57.18757,-24.9696],[-57.1801,-24.97524],[-57.17478,-24.97254],[-57.16721,-24.97597],[-57.16202,-24.9728],[-57.15285,-24.98419],[-57.14927,-24.9817],[-57.13888,-24.98004],[-57.13467,-24.99294],[-57.12726,-25.00093],[-57.12509,-25.00712],[-57.11886,-25.00716],[-57.11224,-25.01135],[-57.10923,-25.01657],[-57.1048,-25.01903],[-57.1032,-25.0184],[-57.10368,-25.01062],[-57.09597,-25.00519],[-57.08701,-25.0064],[-57.07427,-25.01707],[-57.07408,-25.01126],[-57.06894,-25.00918],[-57.06822,-25.00403],[-57.06608,-25.00359],[-57.05862,-25.00737],[-57.05474,-25.00459],[-57.05016,-25.01327],[-57.04462,-25.0152],[-57.04269,-25.01301],[-57.04643,-25.01058],[-57.04648,-25.00876],[-57.03941,-25.00351],[-57.04815,-25.00346],[-57.05326,-25.00183],[-57.05244,-25.00033],[-57.04884,-25.00274],[-57.04739,-25.00217],[-57.04938,-24.99934],[-57.04697,-24.99498],[-57.05251,-24.99173],[-57.04782,-24.99145],[-57.0448,-24.98842],[-57.04581,-24.98755],[-57.04638,-24.9892],[-57.05171,-24.98604],[-57.05259,-24.98304],[-57.05031,-24.98188],[-57.04925,-24.98429],[-57.04468,-24.9832],[-57.04419,-24.98206],[-57.04606,-24.98137],[-57.04193,-24.97883],[-57.04182,-24.97652],[-57.0399,-24.97556],[-57.03832,-24.97669],[-57.03984,-24.97917],[-57.03805,-24.98288],[-57.03603,-24.98231],[-57.03704,-24.97929],[-57.03565,-24.97743],[-57.03468,-24.98057],[-57.03206,-24.97705],[-57.03057,-24.97749],[-57.03116,-24.97937],[-57.02863,-24.98042],[-57.02724,-24.97693],[-57.02516,-24.97659],[-57.02474,-24.97791],[-57.02705,-24.97904],[-57.02475,-24.97936],[-57.02532,-24.98127],[-57.02408,-24.98221],[-57.02313,-24.97834],[-57.0212,-24.97938],[-57.02082,-24.97748],[-57.01855,-24.97839],[-57.02037,-24.98094],[-57.01682,-24.98179],[-57.01185,-24.97883],[-57.01263,-24.97572],[-57.01003,-24.97331],[-57.01192,-24.97291],[-57.0101,-24.97086],[-57.01317,-24.9708],[-57.01116,-24.96803],[-57.01346,-24.96813],[-57.01548,-24.96577],[-57.01263,-24.96313],[-57.01531,-24.96147],[-57.00754,-24.95835],[-57.00872,-24.95679],[-57.00681,-24.95695],[-57.00544,-24.95196],[-57.00366,-24.95415],[-57.00315,-24.95171],[-57.00227,-24.95255],[-57.00079,-24.95033],[-57.00217,-24.95075],[-57.00163,-24.94916],[-57.00462,-24.94535],[-57.00446,-24.94214],[-57.00165,-24.94104],[-57.00372,-24.93921],[-57.00128,-24.93932],[-57.00186,-24.93721],[-57.00006,-24.93566],[-56.99756,-24.93673],[-56.9988,-24.93526],[-56.99689,-24.93467],[-56.9988,-24.93426],[-56.99642,-24.92992],[-56.99451,-24.92952],[-56.99368,-24.93207],[-56.99154,-24.9306],[-56.99117,-24.9286],[-56.99449,-24.92565],[-56.99172,-24.92534],[-56.99164,-24.92259],[-56.98918,-24.92248],[-56.98911,-24.92118],[-56.9918,-24.92096],[-56.98947,-24.91869],[-56.99092,-24.91617],[-56.98855,-24.91709],[-56.98936,-24.91455],[-56.98569,-24.91317],[-56.98634,-24.91171],[-56.98811,-24.91177],[-56.98696,-24.91053],[-56.98916,-24.90841],[-56.98525,-24.90896],[-56.98489,-24.90622],[-56.98377,-24.90756],[-56.98329,-24.90546],[-56.98122,-24.90659],[-56.97892,-24.90527],[-56.9788,-24.90416],[-56.98258,-24.90236],[-56.97901,-24.90142],[-56.98119,-24.90091],[-56.97922,-24.89924],[-56.98277,-24.89901],[-56.9809,-24.89863],[-56.98045,-24.89621],[-56.98597,-24.89723],[-56.98794,-24.89462],[-56.98804,-24.88883],[-56.985,-24.88888],[-56.98644,-24.88694],[-56.98316,-24.88559],[-56.98486,-24.88572],[-56.98481,-24.88323],[-56.98668,-24.88133],[-56.98453,-24.88124],[-56.98363,-24.87889],[-56.98158,-24.87892],[-56.97877,-24.8752],[-56.97615,-24.87463],[-56.97306,-24.87119],[-56.97306,-24.86916],[-56.96329,-24.8707],[-56.96225,-24.86866],[-56.95658,-24.86732],[-56.94712,-24.84996],[-56.94932,-24.84328],[-56.86032,-24.87575],[-56.84286,-24.87723],[-56.81222,-24.86837],[-56.76745,-24.86696],[-56.7491,-24.87343],[-56.7363,-24.88674],[-56.73302,-24.89561],[-56.72802,-24.8948],[-56.72676,-24.89195],[-56.72009,-24.88808],[-56.71716,-24.88318],[-56.71419,-24.88311],[-56.71438,-24.87968],[-56.71137,-24.87975],[-56.71085,-24.87641],[-56.7051,-24.87754],[-56.7014,-24.88094],[-56.69596,-24.87915],[-56.69406,-24.88044],[-56.69308,-24.878],[-56.68917,-24.87873],[-56.6894,-24.87145],[-56.68474,-24.86879],[-56.63363,-24.95779],[-56.62458,-24.96425],[-56.6227,-24.96871],[-56.61696,-24.96958],[-56.61857,-24.97056],[-56.61869,-24.97353],[-56.61676,-24.978],[-56.60522,-24.98329],[-56.60333,-24.98621],[-56.59365,-24.98578],[-56.58097,-24.98812],[-56.57783,-24.99243],[-56.56448,-24.99734],[-56.55862,-24.99757],[-56.54537,-25.00315],[-56.51948,-25.00389],[-56.42711,-24.94406],[-56.41993,-24.93353],[-56.41533,-24.93301],[-56.41272,-24.93573],[-56.40696,-24.93367],[-56.40576,-24.93151],[-56.40283,-24.9312],[-56.40102,-24.92922],[-56.4,-24.92171],[-56.39331,-24.91628],[-56.39218,-24.91335],[-56.38811,-24.912],[-56.36863,-24.91242],[-56.36051,-24.91761],[-56.35587,-24.91749],[-56.35322,-24.92052],[-56.35309,-24.91939],[-56.34916,-24.91936],[-56.3434,-24.92154],[-56.3348,-24.91681],[-56.32865,-24.91717],[-56.32409,-24.92351],[-56.32087,-24.92268],[-56.317,-24.92751],[-56.31362,-24.927],[-56.30501,-24.92995],[-56.3019,-24.9322],[-56.299,-24.9396],[-56.29384,-24.9407],[-56.27803,-24.94112],[-56.27499,-24.93854],[-56.27177,-24.93877],[-56.27241,-24.93629],[-56.26672,-24.9293],[-56.24955,-24.92556],[-56.24057,-24.92767],[-56.23784,-24.92664],[-56.23367,-24.93046],[-56.22531,-24.9341],[-56.20885,-24.93575],[-56.2009,-24.93778],[-56.19716,-24.94045],[-56.27822,-24.808],[-56.26678,-24.78444],[-56.25485,-24.76617],[-56.24839,-24.77015],[-56.24448,-24.77733],[-56.24109,-24.77856],[-56.23317,-24.78799],[-56.23264,-24.79043],[-56.22788,-24.79349],[-56.22276,-24.80046],[-56.22443,-24.80677],[-56.2148,-24.83998],[-56.20584,-24.84785],[-56.2035,-24.85356],[-56.20006,-24.85568],[-56.1988,-24.86403],[-56.19499,-24.86546],[-56.19374,-24.86863],[-56.18914,-24.87297],[-56.18645,-24.88308],[-56.17713,-24.89269],[-56.17285,-24.90672],[-56.1619,-24.92835],[-56.15549,-24.9352],[-56.14429,-24.93853],[-56.12838,-24.93517],[-56.1289,-24.92988],[-56.12579,-24.91327],[-56.11883,-24.91881],[-56.11013,-24.91979],[-56.10297,-24.92231],[-56.09523,-24.9313],[-56.08894,-24.93273],[-56.06874,-24.921],[-56.05066,-24.90621],[-56.03327,-24.9058],[-56.02744,-24.91032],[-56.02426,-24.90604],[-56.02349,-24.88078],[-56.01592,-24.88161],[-55.99956,-24.87431],[-55.99766,-24.87092],[-55.98871,-24.86322],[-55.99052,-24.83842],[-55.98202,-24.83498],[-55.97253,-24.83374],[-55.96624,-24.8359],[-55.96187,-24.83925],[-55.94624,-24.84208],[-55.93832,-24.84613],[-55.91593,-24.84832],[-55.90935,-24.84666],[-55.89542,-24.852],[-55.88408,-24.8475],[-55.86854,-24.85795],[-55.86015,-24.86039],[-55.84614,-24.86145],[-55.83429,-24.85461],[-55.82697,-24.84574],[-55.81911,-24.84348],[-55.80897,-24.84384],[-55.7971,-24.83663],[-55.7855,-24.83893],[-55.78116,-24.83782],[-55.77585,-24.82757],[-55.77643,-24.82242],[-55.77048,-24.81965],[-55.76696,-24.81937],[-55.76022,-24.82361],[-55.75163,-24.82304],[-55.72998,-24.82501],[-55.72287,-24.82957],[-55.71685,-24.82613],[-55.71211,-24.8199],[-55.70754,-24.79888],[-55.70802,-24.79096],[-55.70577,-24.78631],[-55.70199,-24.78397],[-55.72874,-24.78287],[-55.74899,-24.77655],[-55.75959,-24.78294],[-55.7651,-24.78051],[-55.77101,-24.78292],[-55.77421,-24.77913],[-55.78253,-24.78209],[-55.79049,-24.77714],[-55.79738,-24.77934],[-55.80106,-24.77541],[-55.81083,-24.77668],[-55.81273,-24.7752],[-55.82096,-24.77487],[-55.82124,-24.76953],[-55.8253,-24.76436],[-55.83962,-24.76188],[-55.84,-24.74771],[-55.84501,-24.73779],[-55.8444,-24.73145],[-55.84828,-24.72901],[-55.85255,-24.72281],[-55.85763,-24.70199],[-55.86704,-24.68486],[-55.87538,-24.67961],[-55.88008,-24.67248],[-55.88628,-24.67312],[-55.89445,-24.66703],[-55.89758,-24.66714],[-55.90116,-24.66417],[-55.90785,-24.66497],[-55.9139,-24.66045],[-55.91313,-24.65876],[-55.9158,-24.65581],[-55.91673,-24.64949],[-55.92073,-24.64783],[-55.92318,-24.64336],[-55.92556,-24.64297],[-55.92872,-24.63821],[-55.92944,-24.63278],[-55.93336,-24.62925],[-55.93517,-24.62354],[-55.94278,-24.6219],[-55.94402,-24.61927],[-55.94197,-24.61515],[-55.94251,-24.61173],[-55.94084,-24.61019],[-55.94413,-24.59547],[-55.94214,-24.59035],[-55.94346,-24.58588],[-55.94048,-24.57057],[-55.94214,-24.57038],[-55.94296,-24.56553],[-55.94518,-24.56301],[-55.95101,-24.56276],[-55.95822,-24.55691],[-55.95898,-24.55319],[-55.96562,-24.54951],[-55.96803,-24.54657],[-55.96955,-24.54675],[-55.96903,-24.5452],[-55.97654,-24.54328],[-55.97728,-24.53991],[-55.98091,-24.53839],[-55.98296,-24.53358],[-55.99088,-24.52881],[-55.99394,-24.51941],[-55.99193,-24.51481],[-55.99351,-24.51233],[-55.99255,-24.50855],[-55.99496,-24.50797],[-55.99428,-24.50236],[-56.00237,-24.49471],[-56.00042,-24.49549],[-56.00203,-24.49218],[-56.00409,-24.49224],[-56.0037,-24.49034],[-56.01144,-24.48601],[-56.01051,-24.48491],[-56.01279,-24.48267],[-56.01221,-24.47576],[-56.01372,-24.47592],[-56.01282,-24.47426],[-56.0205,-24.46745],[-56.02233,-24.45143],[-56.02467,-24.44698],[-56.02241,-24.44582],[-56.02441,-24.44527],[-56.02426,-24.44324],[-56.02537,-24.44396],[-56.02643,-24.4428],[-56.02583,-24.44091],[-56.03381,-24.4346],[-56.0444,-24.43188],[-56.04479,-24.42941],[-56.05029,-24.42446],[-56.04932,-24.42272],[-56.0534,-24.42074],[-56.05189,-24.42097],[-56.0565,-24.4127],[-56.05487,-24.41149],[-56.05645,-24.40738],[-56.05541,-24.4068],[-56.05912,-24.40457],[-56.05798,-24.40416],[-56.0591,-24.40314],[-56.05773,-24.40309],[-56.0587,-24.40243],[-56.06112,-24.4035],[-56.06114,-24.4022],[-56.06503,-24.40135],[-56.07272,-24.40244],[-56.07642,-24.39926],[-56.07977,-24.40178],[-56.08005,-24.40494],[-56.08079,-24.40205],[-56.08222,-24.4045],[-56.0887,-24.39977],[-56.09287,-24.40036],[-56.09434,-24.40268],[-56.09398,-24.39945],[-56.09993,-24.40121],[-56.09928,-24.39946],[-56.1098,-24.39855],[-56.10954,-24.39681],[-56.11231,-24.39704],[-56.11119,-24.39574],[-56.12259,-24.3857],[-56.12304,-24.37877],[-56.11815,-24.37536],[-56.118,-24.37169],[-56.11579,-24.36887],[-56.11803,-24.366],[-56.11989,-24.36666],[-56.11793,-24.36396],[-56.11993,-24.36297],[-56.12057,-24.35684],[-56.1253,-24.35046],[-56.12502,-24.34743],[-56.12775,-24.34604],[-56.12509,-24.34534],[-56.12484,-24.34287],[-56.12863,-24.34219],[-56.12679,-24.34063],[-56.13009,-24.34096],[-56.12864,-24.33757],[-56.13094,-24.33725],[-56.12988,-24.33355],[-56.12687,-24.33332],[-56.1265,-24.33187],[-56.12685,-24.32922],[-56.12823,-24.32942],[-56.12905,-24.32775],[-56.13043,-24.32843],[-56.12634,-24.3237],[-56.12869,-24.3231],[-56.12823,-24.32054],[-56.12616,-24.32074],[-56.12535,-24.31866],[-56.12662,-24.31659],[-56.12441,-24.31783],[-56.12301,-24.31644],[-56.12424,-24.314],[-56.12564,-24.31401],[-56.12479,-24.3124],[-56.12654,-24.31244],[-56.12528,-24.3089],[-56.12835,-24.30959],[-56.1278,-24.30777],[-56.12921,-24.30728],[-56.12952,-24.30365],[-56.12785,-24.30301],[-56.12817,-24.30135],[-56.12649,-24.30122],[-56.13085,-24.29882],[-56.13143,-24.29666],[-56.13921,-24.2926],[-56.13969,-24.29067],[-56.14789,-24.28416],[-56.15175,-24.28584],[-56.15625,-24.28537],[-56.15597,-24.28285],[-56.15342,-24.2825],[-56.15779,-24.27678],[-56.15589,-24.27741],[-56.15603,-24.27386],[-56.16041,-24.27101],[-56.16164,-24.26796],[-56.16333,-24.26839],[-56.162,-24.26064],[-56.16486,-24.25853],[-56.16302,-24.25735],[-56.16323,-24.25363],[-56.16429,-24.25205],[-56.16755,-24.25158],[-56.16481,-24.25122],[-56.16721,-24.24703],[-56.16952,-24.24668],[-56.16833,-24.24415],[-56.17172,-24.244],[-56.16892,-24.24216],[-56.17181,-24.23487],[-56.17093,-24.23266],[-56.17252,-24.23104],[-56.16868,-24.23056],[-56.17002,-24.23396],[-56.16908,-24.23441],[-56.1666,-24.23124],[-56.16791,-24.22952],[-56.16579,-24.22913],[-56.16731,-24.22801],[-56.16567,-24.22698],[-56.16635,-24.22538],[-56.16332,-24.22657],[-56.16145,-24.22513],[-56.16379,-24.22408],[-56.16146,-24.2239],[-56.16255,-24.22182],[-56.15802,-24.21914],[-56.15436,-24.21186],[-56.15602,-24.20632],[-56.15364,-24.20675],[-56.15339,-24.20555],[-56.15495,-24.20542],[-56.15427,-24.20357],[-56.1516,-24.20351],[-56.14867,-24.19998],[-56.15089,-24.19931],[-56.15063,-24.19606],[-56.15256,-24.19607],[-56.15012,-24.19064],[-56.15304,-24.18813],[-56.15344,-24.18633],[-56.15147,-24.18373],[-56.15305,-24.1836],[-56.1548,-24.17997],[-56.1512,-24.17879],[-56.15509,-24.17769],[-56.1529,-24.17547],[-56.15479,-24.17401],[-56.15306,-24.17245],[-56.15337,-24.16871],[-56.15501,-24.1686],[-56.15466,-24.17064],[-56.15895,-24.17076],[-56.16103,-24.16584],[-56.15863,-24.16273],[-56.16169,-24.1623],[-56.15907,-24.16106],[-56.16055,-24.15919],[-56.15795,-24.15841],[-56.15978,-24.15663],[-56.15763,-24.15681],[-56.15649,-24.15464],[-56.15731,-24.15214],[-56.16014,-24.15311],[-56.15927,-24.15084],[-56.16064,-24.14933],[-56.15838,-24.14988],[-56.15799,-24.146],[-56.16069,-24.14573],[-56.15839,-24.14257],[-56.16056,-24.13835],[-56.15688,-24.13623],[-56.15565,-24.13801],[-56.15371,-24.13795],[-56.15599,-24.13508],[-56.15,-24.1266],[-56.15236,-24.12589],[-56.14901,-24.12352],[-56.15036,-24.12182],[-56.14804,-24.12153],[-56.14714,-24.11873],[-56.14515,-24.11971],[-56.1425,-24.11739],[-56.14486,-24.11695],[-56.14537,-24.11504],[-56.14174,-24.11444],[-56.13924,-24.1162],[-56.13884,-24.11252],[-56.13543,-24.11428],[-56.12894,-24.10885],[-56.1238,-24.1097],[-56.12017,-24.11229],[-56.11846,-24.11012],[-56.11346,-24.11092],[-56.11414,-24.10734],[-56.11051,-24.107],[-56.11134,-24.10525],[-56.10576,-24.10689],[-56.10373,-24.10428],[-56.10723,-24.10291],[-56.10757,-24.10026],[-56.10232,-24.10062],[-56.10348,-24.09702],[-56.10035,-24.09592],[-56.10112,-24.09265],[-56.10185,-24.09422],[-56.10627,-24.09391],[-56.10442,-24.09014],[-56.10023,-24.09088],[-56.10076,-24.08858],[-56.09595,-24.08816],[-56.0972,-24.08329],[-56.09563,-24.0847],[-56.09348,-24.08272],[-56.09083,-24.0839],[-56.09207,-24.08171],[-56.08924,-24.07887],[-56.08771,-24.08109],[-56.08505,-24.08149],[-56.08367,-24.07875],[-56.08598,-24.07714],[-56.08644,-24.07439],[-56.07979,-24.07569],[-56.08114,-24.07251],[-56.07827,-24.07208],[-56.07792,-24.07004],[-56.08027,-24.07035],[-56.07912,-24.06874],[-56.0807,-24.06659],[-56.07907,-24.06395],[-56.07793,-24.0664],[-56.07629,-24.06551],[-56.07675,-24.06197],[-56.07542,-24.06423],[-56.07284,-24.064],[-56.07343,-24.06121],[-56.0677,-24.0574],[-56.07131,-24.05598],[-56.06961,-24.05518],[-56.0652,-24.05686],[-56.06706,-24.05378],[-56.06599,-24.05337],[-56.06043,-24.05585],[-56.05706,-24.05287],[-56.05433,-24.05319],[-56.05332,-24.04909],[-56.0518,-24.05105],[-56.05108,-24.04804],[-56.04807,-24.04897],[-56.04861,-24.04764],[-56.04556,-24.04415],[-56.04379,-24.04601],[-56.03917,-24.04158],[-56.03771,-24.04338],[-56.0401,-24.04474],[-56.03651,-24.04402],[-56.03641,-24.03749],[-56.03502,-24.03869],[-56.03343,-24.03697],[-56.03115,-24.038],[-56.02865,-24.03519],[-56.02284,-24.03615],[-56.02058,-24.03405],[-56.01793,-24.03403],[-56.01657,-24.03109],[-56.01895,-24.03272],[-56.01867,-24.02921],[-56.01555,-24.02762],[-56.01515,-24.02646],[-56.0174,-24.02537],[-56.01393,-24.02182],[-56.01353,-24.02361],[-56.00669,-24.02028],[-56.00666,-24.02216],[-56.00926,-24.02281],[-56.00851,-24.02537],[-56.00247,-24.02473],[-55.99493,-24.03142],[-55.99465,-24.02974],[-55.99276,-24.02928],[-55.99013,-24.03123],[-55.98485,-24.02863],[-55.98341,-24.03136],[-55.98202,-24.02845],[-55.98016,-24.02805],[-55.97804,-24.02976],[-55.97711,-24.02861],[-56.02721,-23.82232],[-56.02552,-23.81285],[-56.02348,-23.81269],[-56.0223,-23.80975],[-56.02304,-23.81061],[-56.02377,-23.80926],[-56.02058,-23.80489],[-56.02165,-23.80377],[-56.02045,-23.80381],[-56.02067,-23.80027],[-56.01895,-23.79957],[-56.01806,-23.80062],[-56.01851,-23.79821],[-56.01459,-23.79608],[-56.01429,-23.79425],[-56.01264,-23.79524],[-56.01193,-23.79333],[-56.01028,-23.79432],[-56.01008,-23.79056],[-56.00703,-23.79089],[-56.0038,-23.78828],[-56.00323,-23.78923],[-56.00062,-23.7883],[-56.00001,-23.78686],[-55.99769,-23.78769],[-55.99585,-23.78452],[-55.99331,-23.78412],[-55.9946,-23.78555],[-55.99052,-23.7845],[-55.9927,-23.78344],[-55.99193,-23.78264],[-55.98904,-23.78247],[-55.9891,-23.78424],[-55.98806,-23.78406],[-55.98603,-23.78082],[-55.98667,-23.77856],[-55.98518,-23.77919],[-55.98381,-23.77603],[-55.98669,-23.77051],[-55.98434,-23.76458],[-55.98031,-23.76445],[-55.98135,-23.76287],[-55.97942,-23.76139],[-55.98189,-23.75938],[-55.97938,-23.75914],[-55.98112,-23.75755],[-55.98128,-23.75271],[-55.9774,-23.74817],[-55.97735,-23.74623],[-55.97496,-23.74668],[-55.9762,-23.74394],[-55.97365,-23.74238],[-55.97505,-23.74219],[-55.97348,-23.7406],[-55.97494,-23.74158],[-55.97474,-23.73954],[-55.97619,-23.74042],[-55.97444,-23.73295],[-55.97624,-23.73334],[-55.97577,-23.72855],[-55.98002,-23.72411],[-55.97639,-23.71866],[-55.97771,-23.71803],[-55.97815,-23.7138],[-55.97642,-23.7142],[-55.97776,-23.71315],[-55.97647,-23.71179],[-55.9793,-23.71042],[-55.97698,-23.70707],[-55.97834,-23.70728],[-55.97868,-23.70498],[-55.97743,-23.70421],[-55.97908,-23.70382],[-55.97784,-23.70282],[-55.97879,-23.70186],[-55.97739,-23.70171],[-55.97812,-23.70033],[-55.97634,-23.70053],[-55.97791,-23.69844],[-55.98052,-23.69824],[-55.98066,-23.69518],[-55.98238,-23.6957],[-55.98108,-23.69007],[-55.98372,-23.68976],[-55.98339,-23.68743],[-55.98659,-23.68523],[-55.98489,-23.68516],[-55.98503,-23.68143],[-55.98327,-23.68038],[-55.98511,-23.6805],[-55.98542,-23.67877],[-55.98333,-23.67766],[-55.98476,-23.6766],[-55.98303,-23.67633],[-55.98461,-23.67624],[-55.98361,-23.67531],[-55.98485,-23.6743],[-55.98281,-23.67516],[-55.98172,-23.6725],[-55.97862,-23.67185],[-55.97998,-23.67196],[-55.97933,-23.6706],[-55.98049,-23.67085],[-55.98096,-23.66916],[-55.97841,-23.66878],[-55.98293,-23.66672],[-55.98704,-23.66172],[-55.98767,-23.65709],[-55.99006,-23.65477],[-55.99192,-23.64843],[-55.99205,-23.63883],[-55.99715,-23.63218],[-56.00106,-23.6232],[-56.01095,-23.61751],[-56.02158,-23.59906],[-56.04899,-23.57554],[-56.04726,-23.58669],[-56.04854,-23.59067],[-56.05256,-23.59416],[-56.05343,-23.59781],[-56.06091,-23.60419],[-56.06972,-23.60775],[-56.07462,-23.60786],[-56.08436,-23.60656],[-56.09405,-23.60203],[-56.10244,-23.60193],[-56.11192,-23.60331],[-56.11405,-23.60588],[-56.11351,-23.5963],[-56.11107,-23.59213],[-56.1158,-23.58913],[-56.11769,-23.58431],[-56.12092,-23.5835],[-56.12525,-23.57341],[-56.12835,-23.57201],[-56.13213,-23.5651],[-56.13574,-23.56529],[-56.14378,-23.53363],[-56.14105,-23.52312],[-56.13826,-23.5187],[-56.13632,-23.51888],[-56.13533,-23.51201],[-56.13888,-23.50519],[-56.14167,-23.50293],[-56.14186,-23.49943],[-56.16651,-23.47016],[-56.16835,-23.45638],[-56.16706,-23.45246],[-56.16108,-23.44536],[-56.15428,-23.42352],[-56.15476,-23.4111],[-56.15701,-23.40534],[-56.1563,-23.3852],[-56.15894,-23.3769],[-56.16015,-23.36359],[-56.16459,-23.35234],[-56.16251,-23.32281],[-56.16505,-23.32204],[-56.16252,-23.31957],[-56.16329,-23.31721],[-56.16833,-23.31383],[-56.1639,-23.3096],[-56.17042,-23.3083],[-56.17374,-23.30976],[-56.1725,-23.30491],[-56.17412,-23.30155],[-56.18022,-23.30837],[-56.18217,-23.30267],[-56.18908,-23.30411],[-56.19531,-23.3007],[-56.19726,-23.30714],[-56.20324,-23.3077],[-56.20788,-23.31061],[-56.20774,-23.30472],[-56.21164,-23.30542],[-56.21418,-23.30308],[-56.21733,-23.30683],[-56.22023,-23.30548],[-56.22303,-23.30832],[-56.21995,-23.31257],[-56.22202,-23.31747],[-56.21862,-23.31904],[-56.21796,-23.32093],[-56.22469,-23.32206],[-56.22502,-23.31907],[-56.22679,-23.31906],[-56.23153,-23.32931],[-56.23341,-23.32821],[-56.23829,-23.31453],[-56.24111,-23.31357],[-56.24952,-23.32212],[-56.25195,-23.31972],[-56.25676,-23.32091],[-56.25944,-23.32342],[-56.26027,-23.32739],[-56.26417,-23.32388],[-56.26725,-23.3249],[-56.27021,-23.32387],[-56.27224,-23.32488],[-56.27427,-23.33122],[-56.27681,-23.33233],[-56.28218,-23.32808],[-56.28192,-23.32971],[-56.2861,-23.32873],[-56.28751,-23.33173],[-56.28944,-23.32892],[-56.29236,-23.32924],[-56.2943,-23.33205],[-56.29345,-23.33794],[-56.29107,-23.33996],[-56.29357,-23.34362],[-56.29739,-23.34226],[-56.29877,-23.33905],[-56.30092,-23.338],[-56.30941,-23.34594],[-56.31192,-23.34686],[-56.31422,-23.3454],[-56.3192,-23.34793],[-56.32548,-23.34642],[-56.33252,-23.35187],[-56.33728,-23.35292],[-56.3401,-23.35139],[-56.34537,-23.35346],[-56.34974,-23.35271],[-56.35486,-23.36043],[-56.35951,-23.36023],[-56.36187,-23.36398],[-56.35883,-23.37052],[-56.35524,-23.37238],[-56.35298,-23.37959],[-56.36262,-23.38345],[-56.36296,-23.38692],[-56.36563,-23.38976],[-56.37122,-23.39022],[-56.37427,-23.38784],[-56.38489,-23.39049],[-56.38778,-23.39771],[-56.39756,-23.40816],[-56.40435,-23.40811],[-56.40611,-23.41435],[-56.41471,-23.41617],[-56.41799,-23.4216],[-56.42063,-23.41694],[-56.42278,-23.41593],[-56.4273,-23.4166],[-56.43073,-23.41543],[-56.43483,-23.41902],[-56.44035,-23.41682],[-56.44831,-23.41621],[-56.45401,-23.41203],[-56.45716,-23.40607],[-56.4631,-23.40378],[-56.46576,-23.40874],[-56.46955,-23.40796],[-56.47675,-23.4093],[-56.48159,-23.41234],[-56.48462,-23.41537],[-56.48549,-23.41991],[-56.49138,-23.42403],[-56.49846,-23.42526],[-56.50067,-23.42268],[-56.50324,-23.42211],[-56.50365,-23.42445],[-56.51103,-23.42577],[-56.51507,-23.42795],[-56.5167,-23.43169],[-56.51486,-23.44425],[-56.51651,-23.45047],[-56.52386,-23.45343],[-56.52581,-23.4569],[-56.52903,-23.4568],[-56.53337,-23.45126],[-56.53739,-23.45224],[-56.543,-23.44879],[-56.55125,-23.45186],[-56.55274,-23.44893],[-56.55551,-23.44943],[-56.55689,-23.44787],[-56.55499,-23.44489],[-56.55625,-23.44344],[-56.56476,-23.44531],[-56.56803,-23.44845],[-56.57152,-23.44827],[-56.58142,-23.45253],[-56.58557,-23.45207],[-56.59089,-23.45497],[-56.59528,-23.4538],[-56.60075,-23.45469],[-56.60364,-23.45745],[-56.60763,-23.45856],[-56.6099,-23.45472],[-56.61413,-23.45492],[-56.61669,-23.45674],[-56.62464,-23.44903],[-56.63278,-23.44463],[-56.63925,-23.44382],[-56.64319,-23.44155],[-56.64831,-23.44403],[-56.65624,-23.44125],[-56.65775,-23.44279],[-56.66324,-23.44239],[-56.66588,-23.4441],[-56.66875,-23.44223],[-56.67119,-23.44304],[-56.67438,-23.44178],[-56.68538,-23.45104],[-56.6886,-23.4514],[-56.69874,-23.44683],[-56.70942,-23.43858],[-56.71029,-23.43635],[-56.71473,-23.43628],[-56.71982,-23.43871],[-56.71932,-23.43381],[-56.72117,-23.43327],[-56.72287,-23.43519],[-56.72713,-23.4327],[-56.7316,-23.43452],[-56.73909,-23.44262],[-56.73935,-23.44479],[-56.744,-23.44304],[-56.74456,-23.44642],[-56.752,-23.45116],[-56.76169,-23.44776],[-56.7676,-23.44222],[-56.77135,-23.44198],[-56.77252,-23.43909],[-56.7761,-23.43855],[-56.77688,-23.43547],[-56.78087,-23.43339],[-56.78555,-23.43342],[-56.79,-23.4276],[-56.79113,-23.42716],[-56.79235,-23.43002],[-56.7964,-23.42612],[-56.8043,-23.42526],[-56.80418,-23.42891],[-56.80718,-23.42952],[-56.80918,-23.43213],[-56.80977,-23.43472],[-56.81242,-23.43687],[-56.81179,-23.43904],[-56.81661,-23.43984],[-56.82409,-23.43784],[-56.82886,-23.44054],[-56.83199,-23.43796],[-56.83666,-23.44022],[-56.84164,-23.44039],[-56.84516,-23.43753],[-56.84724,-23.43886],[-56.85204,-23.4343],[-56.85448,-23.4351],[-56.85302,-23.4385],[-56.85829,-23.44219],[-56.86714,-23.43766],[-56.87232,-23.43934],[-56.87704,-23.43509],[-56.87802,-23.43624],[-56.87691,-23.43778],[-56.88331,-23.44315],[-56.88871,-23.44343],[-56.89261,-23.4412],[-56.89818,-23.44203],[-56.90516,-23.43929],[-56.90929,-23.44198],[-56.91045,-23.446],[-56.9143,-23.44608],[-56.91793,-23.4424],[-56.92029,-23.44529],[-56.92288,-23.44314],[-56.92505,-23.44512],[-56.92645,-23.44328],[-56.92989,-23.44471],[-56.93013,-23.44335],[-56.927,-23.44133],[-56.92962,-23.43869],[-56.93172,-23.43983],[-56.93085,-23.44236],[-56.93292,-23.44254],[-56.93443,-23.44093],[-56.93157,-23.43789],[-56.93963,-23.43899],[-56.94078,-23.43643],[-56.94881,-23.4354],[-56.94924,-23.43867],[-56.95397,-23.44446],[-56.95949,-23.44358],[-56.96243,-23.44534],[-56.96561,-23.44028],[-56.96458,-23.43702],[-56.9693,-23.43849],[-56.97736,-23.4442],[-56.98033,-23.44922],[-56.98503,-23.44866],[-56.98821,-23.45207],[-56.99151,-23.44752],[-56.99744,-23.45226],[-56.99793,-23.44742],[-57.0014,-23.45038],[-57.00578,-23.45173],[-57.00868,-23.44586],[-57.01235,-23.44861],[-57.0114,-23.44451],[-57.01338,-23.44313],[-57.01616,-23.4462],[-57.01968,-23.44721],[-57.02031,-23.449],[-57.02338,-23.44647],[-57.03109,-23.44874],[-57.03144,-23.44768],[-57.0265,-23.44406],[-57.02762,-23.44316],[-57.02977,-23.44485],[-57.0304,-23.44234],[-57.03292,-23.44213],[-57.03823,-23.44525],[-57.039,-23.44712],[-57.04153,-23.44683],[-57.04307,-23.45061],[-57.04611,-23.45048],[-57.04588,-23.45273],[-57.04746,-23.45294],[-57.04803,-23.45053],[-57.04961,-23.45019],[-57.05047,-23.45241],[-57.04861,-23.45529],[-57.05265,-23.45397],[-57.05494,-23.45479],[-57.0564,-23.45294],[-57.0591,-23.45751],[-57.06159,-23.4555],[-57.06297,-23.45611],[-57.06114,-23.4592],[-57.0657,-23.45907],[-57.06644,-23.45743],[-57.06776,-23.46063],[-57.06865,-23.45909],[-57.07028,-23.45999],[-57.07068,-23.45737],[-57.07226,-23.45737],[-57.07825,-23.46366],[-57.0794,-23.46226],[-57.07656,-23.45975],[-57.07699,-23.45808],[-57.08029,-23.46099],[-57.08995,-23.45993],[-57.09256,-23.46173],[-57.09674,-23.45969],[-57.09783,-23.46098],[-57.0966,-23.46379],[-57.10139,-23.46273],[-57.10142,-23.46738],[-57.10506,-23.46664],[-57.10557,-23.46309],[-57.10859,-23.46534],[-57.10847,-23.46129],[-57.11099,-23.46235],[-57.11065,-23.46523],[-57.11549,-23.46502],[-57.11535,-23.46785],[-57.11759,-23.46578],[-57.1222,-23.46528],[-57.13069,-23.47069],[-57.1329,-23.46765],[-57.13006,-23.46548],[-57.13356,-23.46638],[-57.13545,-23.46497],[-57.13491,-23.46802],[-57.13978,-23.47071],[-57.13646,-23.47129],[-57.13669,-23.47283],[-57.14219,-23.47311],[-57.14246,-23.47806],[-57.14578,-23.47517],[-57.14642,-23.47959],[-57.14963,-23.48313],[-57.15054,-23.47961],[-57.15336,-23.48083],[-57.15585,-23.47887],[-57.16247,-23.48177],[-57.16325,-23.48018],[-57.15897,-23.47741],[-57.16315,-23.47582],[-57.16439,-23.47674],[-57.1639,-23.4797],[-57.1654,-23.47983],[-57.16811,-23.47483],[-57.16978,-23.47597],[-57.16844,-23.48139],[-57.17162,-23.48036],[-57.1734,-23.48141],[-57.17546,-23.4785],[-57.17425,-23.47641],[-57.1752,-23.47543],[-57.18022,-23.47955],[-57.18151,-23.48355],[-57.18211,-23.48019],[-57.18696,-23.48198],[-57.1879,-23.47812],[-57.19181,-23.48189],[-57.19281,-23.48073],[-57.19097,-23.47727],[-57.19602,-23.47869],[-57.19774,-23.48115],[-57.20055,-23.47887],[-57.19998,-23.48191],[-57.20167,-23.48297],[-57.20482,-23.48055],[-57.20626,-23.48478],[-57.20775,-23.48409],[-57.20863,-23.47753],[-57.21176,-23.47864],[-57.21472,-23.483],[-57.21643,-23.47887],[-57.22007,-23.4804],[-57.21892,-23.47689],[-57.22107,-23.47704],[-57.22279,-23.47426],[-57.22586,-23.47788],[-57.22737,-23.47439],[-57.23079,-23.47494],[-57.23245,-23.47287],[-57.23317,-23.47485],[-57.2316,-23.47867],[-57.23647,-23.47958],[-57.23738,-23.47694],[-57.23979,-23.47553],[-57.23638,-23.47422],[-57.24085,-23.47262],[-57.24337,-23.47569],[-57.25014,-23.47639],[-57.25236,-23.47969],[-57.25688,-23.47807],[-57.26322,-23.47899],[-57.26349,-23.48282],[-57.2677,-23.48392],[-57.26468,-23.49242],[-57.26569,-23.49715],[-57.26773,-23.499],[-57.27126,-23.49772],[-57.27219,-23.48899],[-57.27569,-23.49232],[-57.27959,-23.49284],[-57.28749,-23.49693],[-57.28923,-23.49534],[-57.28945,-23.49147],[-57.29579,-23.49125],[-57.29718,-23.49929],[-57.29896,-23.49876],[-57.2989,-23.49519],[-57.30087,-23.49418],[-57.30294,-23.49534],[-57.30589,-23.49411],[-57.30767,-23.49612],[-57.31094,-23.4958],[-57.3141,-23.49777],[-57.32149,-23.4966],[-57.32787,-23.50039],[-57.32901,-23.49756],[-57.33474,-23.49675],[-57.34396,-23.50356],[-57.35108,-23.50386],[-57.35634,-23.50845],[-57.36205,-23.50949],[-57.36671,-23.50684],[-57.37415,-23.50537],[-57.37455,-23.50002],[-57.37652,-23.49777],[-57.3938,-23.50188],[-57.3952,-23.49939],[-57.39446,-23.49347],[-57.39698,-23.49277],[-57.40149,-23.49472],[-57.40279,-23.49842],[-57.40446,-23.49839],[-57.40952,-23.48417],[-57.41857,-23.48364],[-57.42742,-23.47899],[-57.44703,-23.47758]]]}},{"type":"Feature","properties":{"shapeName":"CORDILLERA","shapeISO":"PY-3","shapeID":"63826900B75072183549736","shapeGroup":"PRY","shapeType":"ADM1"},"geometry":{"type":"Polygon","coordinates":[[[-57.26908,-24.92403],[-57.28175,-24.91914],[-57.28733,-24.91947],[-57.29972,-24.92721],[-57.30427,-24.9329],[-57.31069,-24.95082],[-57.31253,-24.96837],[-57.32938,-25.00134],[-57.33425,-25.00845],[-57.34421,-25.01817],[-57.3522,-25.03004],[-57.36714,-25.04223],[-57.37989,-25.0645],[-57.38574,-25.06641],[-57.39567,-25.0622],[-57.40188,-25.06229],[-57.41335,-25.07064],[-57.42059,-25.08001],[-57.44564,-25.09964],[-57.46046,-25.10525],[-57.47314,-25.10561],[-57.47832,-25.10369],[-57.47586,-25.10902],[-57.47401,-25.10986],[-57.47436,-25.11137],[-57.47646,-25.11145],[-57.47512,-25.11369],[-57.46513,-25.11902],[-57.46317,-25.11823],[-57.45825,-25.12248],[-57.4519,-25.12439],[-57.4508,-25.12713],[-57.44872,-25.12673],[-57.44749,-25.12332],[-57.44733,-25.12583],[-57.44363,-25.12644],[-57.4478,-25.12755],[-57.44477,-25.13114],[-57.44206,-25.13239],[-57.44108,-25.1293],[-57.44037,-25.13042],[-57.43799,-25.12975],[-57.43842,-25.12704],[-57.43633,-25.12842],[-57.43711,-25.12937],[-57.43509,-25.13238],[-57.43543,-25.12989],[-57.43398,-25.12907],[-57.43248,-25.13395],[-57.43112,-25.13183],[-57.42641,-25.13312],[-57.43155,-25.13484],[-57.42753,-25.13639],[-57.42887,-25.13918],[-57.42912,-25.13768],[-57.43059,-25.13879],[-57.43419,-25.13815],[-57.43495,-25.14111],[-57.43392,-25.1396],[-57.43183,-25.14043],[-57.43415,-25.14446],[-57.43218,-25.14523],[-57.42923,-25.14242],[-57.42886,-25.14727],[-57.4266,-25.15026],[-57.42473,-25.14809],[-57.42379,-25.15002],[-57.41875,-25.14919],[-57.41825,-25.15313],[-57.41529,-25.15231],[-57.41249,-25.15401],[-57.40846,-25.1538],[-57.4122,-25.15781],[-57.41244,-25.16148],[-57.41018,-25.16173],[-57.41081,-25.16352],[-57.40738,-25.16609],[-57.40661,-25.17026],[-57.40503,-25.16835],[-57.40395,-25.16948],[-57.4001,-25.16793],[-57.39899,-25.16944],[-57.39652,-25.16808],[-57.39745,-25.17082],[-57.4012,-25.1735],[-57.40103,-25.17579],[-57.39879,-25.17532],[-57.3978,-25.17722],[-57.40257,-25.17848],[-57.4044,-25.18078],[-57.40208,-25.1823],[-57.40205,-25.18026],[-57.40044,-25.18012],[-57.4015,-25.1829],[-57.39983,-25.18679],[-57.39859,-25.18515],[-57.39525,-25.18549],[-57.39591,-25.18685],[-57.39419,-25.18865],[-57.39517,-25.18843],[-57.39594,-25.19254],[-57.39406,-25.1934],[-57.39445,-25.19145],[-57.39286,-25.19044],[-57.39302,-25.19463],[-57.38803,-25.19617],[-57.38673,-25.20063],[-57.38394,-25.19816],[-57.38207,-25.19917],[-57.38383,-25.19946],[-57.38283,-25.20192],[-57.37945,-25.20089],[-57.37675,-25.20257],[-57.37528,-25.20181],[-57.37371,-25.20866],[-57.3712,-25.20826],[-57.36857,-25.2118],[-57.36586,-25.21142],[-57.36502,-25.21541],[-57.35508,-25.21994],[-57.35441,-25.22216],[-57.35135,-25.22335],[-57.34596,-25.2323],[-57.33765,-25.23205],[-57.33558,-25.23628],[-57.3335,-25.23729],[-57.33353,-25.2422],[-57.33183,-25.24542],[-57.3274,-25.2482],[-57.33452,-25.26571],[-57.34187,-25.27604],[-57.3433,-25.29401],[-57.33972,-25.30376],[-57.32932,-25.31773],[-57.3111,-25.3333],[-57.29626,-25.35349],[-57.29033,-25.35743],[-57.27962,-25.35852],[-57.26906,-25.36367],[-57.26521,-25.36138],[-57.26135,-25.36257],[-57.25084,-25.35919],[-57.24717,-25.36224],[-57.23373,-25.36686],[-57.22835,-25.36562],[-57.22602,-25.36357],[-57.21334,-25.36105],[-57.21539,-25.357],[-57.20556,-25.35271],[-57.19493,-25.36979],[-57.19782,-25.37426],[-57.19572,-25.38217],[-57.1967,-25.39032],[-57.19301,-25.39875],[-57.19502,-25.40178],[-57.1952,-25.4038],[-57.19009,-25.40812],[-57.18347,-25.4097],[-57.18394,-25.41586],[-57.18003,-25.43049],[-57.16949,-25.42899],[-57.16443,-25.43372],[-57.1516,-25.44096],[-57.14451,-25.44126],[-57.14429,-25.44536],[-57.14023,-25.45384],[-57.13587,-25.45597],[-57.13178,-25.45569],[-57.13201,-25.4645],[-57.1304,-25.47044],[-57.13531,-25.47427],[-57.14126,-25.47379],[-57.13971,-25.47857],[-57.13732,-25.48045],[-57.13504,-25.49049],[-57.13604,-25.49506],[-57.13345,-25.49762],[-57.12973,-25.51146],[-57.12581,-25.51854],[-57.12635,-25.52293],[-57.1302,-25.52682],[-57.12562,-25.53255],[-57.11216,-25.53884],[-57.11092,-25.54685],[-57.09977,-25.55954],[-57.09849,-25.56316],[-57.09102,-25.57246],[-57.09046,-25.57655],[-57.09184,-25.5797],[-57.08918,-25.58254],[-57.08204,-25.58348],[-57.07608,-25.5809],[-57.06375,-25.57851],[-57.06001,-25.57968],[-57.05232,-25.5855],[-57.03696,-25.59161],[-57.03412,-25.59176],[-57.0262,-25.58844],[-57.01987,-25.591],[-57.01435,-25.58852],[-57.01199,-25.58424],[-57.00472,-25.58131],[-56.99952,-25.57479],[-56.99687,-25.57472],[-56.99186,-25.57145],[-56.98703,-25.57167],[-56.98012,-25.56895],[-56.96613,-25.56978],[-56.95773,-25.56507],[-56.95663,-25.56235],[-56.94848,-25.56299],[-56.94591,-25.56175],[-56.94085,-25.56596],[-56.93667,-25.5662],[-56.93417,-25.56906],[-56.92876,-25.56776],[-56.92586,-25.56889],[-56.9214,-25.56776],[-56.91733,-25.56404],[-56.91377,-25.56544],[-56.90864,-25.56369],[-56.90559,-25.5654],[-56.90572,-25.56936],[-56.92096,-25.57555],[-56.92096,-25.57847],[-56.91613,-25.58354],[-56.91754,-25.58535],[-56.91678,-25.58975],[-56.91485,-25.5896],[-56.91101,-25.59512],[-56.90984,-25.60267],[-56.91106,-25.60449],[-56.914,-25.60355],[-56.92086,-25.60634],[-56.9321,-25.62827],[-56.94304,-25.64017],[-56.94759,-25.64151],[-56.94531,-25.65162],[-56.93861,-25.65528],[-56.92455,-25.65577],[-56.88907,-25.66898],[-56.87749,-25.66667],[-56.86256,-25.66226],[-56.86128,-25.65417],[-56.85789,-25.65131],[-56.85759,-25.6467],[-56.84971,-25.64646],[-56.8468,-25.64827],[-56.83725,-25.6493],[-56.82591,-25.64485],[-56.82345,-25.64317],[-56.82032,-25.634],[-56.81224,-25.62635],[-56.80547,-25.62377],[-56.79893,-25.62948],[-56.79037,-25.62923],[-56.78538,-25.63385],[-56.78195,-25.63178],[-56.77928,-25.6334],[-56.77808,-25.63276],[-56.77722,-25.63493],[-56.774,-25.6357],[-56.77266,-25.63889],[-56.76952,-25.63885],[-56.76614,-25.64102],[-56.76439,-25.64706],[-56.7608,-25.64873],[-56.75722,-25.6495],[-56.75684,-25.64637],[-56.75469,-25.64865],[-56.75296,-25.64737],[-56.74931,-25.64855],[-56.7465,-25.65674],[-56.74404,-25.65877],[-56.7416,-25.65766],[-56.73947,-25.66073],[-56.73681,-25.65871],[-56.73638,-25.65584],[-56.73625,-25.65834],[-56.73395,-25.65889],[-56.73371,-25.66072],[-56.72757,-25.66322],[-56.72561,-25.66111],[-56.72087,-25.66089],[-56.71968,-25.65872],[-56.78391,-25.59871],[-56.78409,-25.59587],[-56.78664,-25.59529],[-56.80229,-25.58202],[-56.83124,-25.54424],[-56.83405,-25.5335],[-56.84699,-25.53505],[-56.84934,-25.53786],[-56.85303,-25.53537],[-56.85644,-25.52988],[-56.85435,-25.52709],[-56.85508,-25.51429],[-56.85086,-25.50974],[-56.85121,-25.50661],[-56.84844,-25.50743],[-56.83947,-25.50175],[-56.83578,-25.50175],[-56.83514,-25.49689],[-56.82209,-25.49617],[-56.82025,-25.49411],[-56.80776,-25.49059],[-56.80558,-25.48726],[-56.80576,-25.48239],[-56.71878,-25.43326],[-56.66704,-25.41034],[-56.65107,-25.39753],[-56.56136,-25.30611],[-56.56553,-25.30904],[-56.56826,-25.3087],[-56.57687,-25.31214],[-56.57845,-25.3101],[-56.58341,-25.31046],[-56.5866,-25.30818],[-56.58953,-25.31042],[-56.59508,-25.31109],[-56.6019,-25.30741],[-56.60111,-25.30992],[-56.60453,-25.30985],[-56.60691,-25.31423],[-56.61074,-25.31583],[-56.61023,-25.31768],[-56.61275,-25.31818],[-56.61328,-25.32064],[-56.61585,-25.31977],[-56.61969,-25.32182],[-56.62198,-25.32069],[-56.62113,-25.31569],[-56.6358,-25.30345],[-56.63825,-25.29673],[-56.64613,-25.29348],[-56.6495,-25.28916],[-56.64733,-25.28606],[-56.64814,-25.28435],[-56.6545,-25.27962],[-56.66414,-25.26752],[-56.66121,-25.26364],[-56.66345,-25.26199],[-56.61903,-25.16678],[-56.60549,-25.16462],[-56.56168,-25.16607],[-56.56448,-24.99734],[-56.57783,-24.99243],[-56.58097,-24.98812],[-56.59365,-24.98578],[-56.60333,-24.98621],[-56.60522,-24.98329],[-56.61676,-24.978],[-56.61869,-24.97353],[-56.61857,-24.97056],[-56.61696,-24.96958],[-56.6227,-24.96871],[-56.62458,-24.96425],[-56.63363,-24.95779],[-56.68474,-24.86879],[-56.6894,-24.87145],[-56.68917,-24.87873],[-56.69308,-24.878],[-56.69406,-24.88044],[-56.69596,-24.87915],[-56.7014,-24.88094],[-56.7051,-24.87754],[-56.71085,-24.87641],[-56.71137,-24.87975],[-56.71438,-24.87968],[-56.71419,-24.88311],[-56.71716,-24.88318],[-56.72009,-24.88808],[-56.72676,-24.89195],[-56.72802,-24.8948],[-56.73302,-24.89561],[-56.7363,-24.88674],[-56.7491,-24.87343],[-56.76745,-24.86696],[-56.81222,-24.86837],[-56.84286,-24.87723],[-56.86032,-24.87575],[-56.94932,-24.84328],[-56.94712,-24.84996],[-56.95658,-24.86732],[-56.96225,-24.86866],[-56.96329,-24.8707],[-56.97306,-24.86916],[-56.97306,-24.87119],[-56.97615,-24.87463],[-56.97877,-24.8752],[-56.98158,-24.87892],[-56.98363,-24.87889],[-56.98453,-24.88124],[-56.98668,-24.88133],[-56.98481,-24.88323],[-56.98486,-24.88572],[-56.98316,-24.88559],[-56.98644,-24.88694],[-56.985,-24.88888],[-56.98804,-24.88883],[-56.98794,-24.89462],[-56.98597,-24.89723],[-56.98045,-24.89621],[-56.9809,-24.89863],[-56.98277,-24.89901],[-56.97922,-24.89924],[-56.98119,-24.90091],[-56.97901,-24.90142],[-56.98258,-24.90236],[-56.9788,-24.90416],[-56.97892,-24.90527],[-56.98122,-24.90659],[-56.98329,-24.90546],[-56.98377,-24.90756],[-56.98489,-24.90622],[-56.98525,-24.90896],[-56.98916,-24.90841],[-56.98696,-24.91053],[-56.98811,-24.91177],[-56.98634,-24.91171],[-56.98569,-24.91317],[-56.98936,-24.91455],[-56.98855,-24.91709],[-56.99092,-24.91617],[-56.98947,-24.91869],[-56.9918,-24.92096],[-56.98911,-24.92118],[-56.98918,-24.92248],[-56.99164,-24.92259],[-56.99172,-24.92534],[-56.99449,-24.92565],[-56.99117,-24.9286],[-56.99154,-24.9306],[-56.99368,-24.93207],[-56.99451,-24.92952],[-56.99642,-24.92992],[-56.9988,-24.93426],[-56.99689,-24.93467],[-56.9988,-24.93526],[-56.99756,-24.93673],[-57.00006,-24.93566],[-57.00186,-24.93721],[-57.00128,-24.93932],[-57.00372,-24.93921],[-57.00165,-24.94104],[-57.00446,-24.94214],[-57.00462,-24.94535],[-57.00163,-24.94916],[-57.00217,-24.95075],[-57.00079,-24.95033],[-57.00227,-24.95255],[-57.00315,-24.95171],[-57.00366,-24.95415],[-57.00544,-24.95196],[-57.00681,-24.95695],[-57.00872,-24.95679],[-57.00754,-24.95835],[-57.01531,-24.96147],[-57.01263,-24.96313],[-57.01548,-24.96577],[-57.01346,-24.96813],[-57.01116,-24.96803],[-57.01317,-24.9708],[-57.0101,-24.97086],[-57.01192,-24.97291],[-57.01003,-24.97331],[-57.01263,-24.97572],[-57.01185,-24.97883],[-57.01682,-24.98179],[-57.02037,-24.98094],[-57.01855,-24.97839],[-57.02082,-24.97748],[-57.0212,-24.97938],[-57.02313,-24.97834],[-57.02408,-24.98221],[-57.02532,-24.98127],[-57.02475,-24.97936],[-57.02705,-24.97904],[-57.02474,-24.97791],[-57.02516,-24.97659],[-57.02724,-24.97693],[-57.02863,-24.98042],[-57.03116,-24.97937],[-57.03057,-24.97749],[-57.03206,-24.97705],[-57.03468,-24.98057],[-57.03565,-24.97743],[-57.03704,-24.97929],[-57.03603,-24.98231],[-57.03805,-24.98288],[-57.03984,-24.97917],[-57.03832,-24.97669],[-57.0399,-24.97556],[-57.04182,-24.97652],[-57.04193,-24.97883],[-57.04606,-24.98137],[-57.04419,-24.98206],[-57.04468,-24.9832],[-57.04925,-24.98429],[-57.05031,-24.98188],[-57.05259,-24.98304],[-57.05171,-24.98604],[-57.04638,-24.9892],[-57.04581,-24.98755],[-57.0448,-24.98842],[-57.04782,-24.99145],[-57.05251,-24.99173],[-57.04697,-24.99498],[-57.04938,-24.99934],[-57.04739,-25.00217],[-57.04884,-25.00274],[-57.05244,-25.00033],[-57.05326,-25.00183],[-57.04815,-25.00346],[-57.03941,-25.00351],[-57.04648,-25.00876],[-57.04643,-25.01058],[-57.04269,-25.01301],[-57.04462,-25.0152],[-57.05016,-25.01327],[-57.05474,-25.00459],[-57.05862,-25.00737],[-57.06608,-25.00359],[-57.06822,-25.00403],[-57.06894,-25.00918],[-57.07408,-25.01126],[-57.07427,-25.01707],[-57.08701,-25.0064],[-57.09597,-25.00519],[-57.10368,-25.01062],[-57.1032,-25.0184],[-57.1048,-25.01903],[-57.10923,-25.01657],[-57.11224,-25.01135],[-57.11886,-25.00716],[-57.12509,-25.00712],[-57.12726,-25.00093],[-57.13467,-24.99294],[-57.13888,-24.98004],[-57.14927,-24.9817],[-57.15285,-24.98419],[-57.16202,-24.9728],[-57.16721,-24.97597],[-57.17478,-24.97254],[-57.1801,-24.97524],[-57.18757,-24.9696],[-57.19257,-24.9694],[-57.19194,-24.96535],[-57.18443,-24.96231],[-57.19205,-24.95049],[-57.19382,-24.95058],[-57.19484,-24.95329],[-57.19966,-24.95447],[-57.19572,-24.95739],[-57.19967,-24.96404],[-57.19906,-24.96664],[-57.2008,-24.96831],[-57.19975,-24.97168],[-57.20351,-24.9725],[-57.21235,-24.9696],[-57.20922,-24.97266],[-57.21096,-24.97379],[-57.21422,-24.97274],[-57.22221,-24.96329],[-57.22224,-24.96017],[-57.21838,-24.95684],[-57.21903,-24.95486],[-57.22323,-24.95689],[-57.22821,-24.96345],[-57.23751,-24.95607],[-57.25192,-24.95874],[-57.25306,-24.95659],[-57.2476,-24.95566],[-57.24778,-24.95328],[-57.25626,-24.9546],[-57.26019,-24.95069],[-57.26364,-24.95241],[-57.2641,-24.95014],[-57.26176,-24.94618],[-57.26281,-24.94256],[-57.27578,-24.9427],[-57.27362,-24.94048],[-57.27332,-24.93664],[-57.26773,-24.93384],[-57.2637,-24.93496],[-57.2649,-24.93307],[-57.26976,-24.93136],[-57.26633,-24.92672],[-57.26908,-24.92403]]]}},{"type":"Feature","properties":{"shapeName":"GUAIRA","shapeISO":"PY-4","shapeID":"63826900B69896036469417","shapeGroup":"PRY","shapeType":"ADM1"},"geometry":{"type":"Polygon","coordinates":[[[-55.63359,-25.65027],[-55.63633,-25.64946],[-55.63893,-25.64494],[-55.644,-25.64748],[-55.65037,-25.64733],[-55.65643,-25.6501],[-55.66654,-25.64579],[-55.66965,-25.64806],[-55.66955,-25.65163],[-55.67291,-25.65291],[-55.67693,-25.65188],[-55.67973,-25.65421],[-55.67933,-25.66044],[-55.68661,-25.66849],[-55.68811,-25.67267],[-55.69246,-25.67408],[-55.69394,-25.67853],[-55.70917,-25.67409],[-55.71487,-25.67393],[-55.72426,-25.6776],[-55.73068,-25.68275],[-55.73488,-25.68379],[-55.74061,-25.68938],[-55.7466,-25.69125],[-55.75016,-25.69107],[-55.76195,-25.68311],[-55.76835,-25.6811],[-55.77675,-25.68403],[-55.78687,-25.69278],[-55.79268,-25.69475],[-55.79922,-25.68941],[-55.80885,-25.69254],[-55.81227,-25.68946],[-55.81747,-25.68775],[-55.82378,-25.68702],[-55.8255,-25.68802],[-55.83125,-25.68626],[-55.83472,-25.68708],[-55.83718,-25.68534],[-55.84321,-25.68683],[-55.84712,-25.6856],[-55.86175,-25.67848],[-55.86454,-25.67525],[-55.8592,-25.66811],[-55.85863,-25.66145],[-55.86008,-25.65675],[-55.93316,-25.62723],[-56.05997,-25.62243],[-56.15469,-25.59951],[-56.16805,-25.59071],[-56.17985,-25.58945],[-56.18637,-25.58369],[-56.19337,-25.58405],[-56.20702,-25.57543],[-56.20793,-25.57707],[-56.21169,-25.57763],[-56.21354,-25.58164],[-56.2184,-25.5784],[-56.22344,-25.58125],[-56.22754,-25.57898],[-56.23118,-25.58027],[-56.23651,-25.57879],[-56.24422,-25.57512],[-56.24553,-25.5722],[-56.24919,-25.57159],[-56.25249,-25.57267],[-56.2555,-25.578],[-56.25823,-25.57692],[-56.26455,-25.58254],[-56.271,-25.58282],[-56.27443,-25.58497],[-56.27933,-25.58361],[-56.28436,-25.58644],[-56.28729,-25.58534],[-56.29216,-25.56904],[-56.30731,-25.56879],[-56.31047,-25.56634],[-56.31547,-25.5662],[-56.31697,-25.56478],[-56.32347,-25.56841],[-56.32638,-25.57183],[-56.33044,-25.57289],[-56.33061,-25.57463],[-56.33329,-25.57385],[-56.3349,-25.57035],[-56.33845,-25.57056],[-56.34012,-25.57228],[-56.34158,-25.56973],[-56.34538,-25.57286],[-56.34515,-25.57139],[-56.3474,-25.56961],[-56.35597,-25.56957],[-56.35804,-25.57166],[-56.36061,-25.571],[-56.36546,-25.57651],[-56.36982,-25.57834],[-56.36919,-25.57674],[-56.37344,-25.57694],[-56.37569,-25.57494],[-56.37635,-25.57013],[-56.37897,-25.57085],[-56.38096,-25.568],[-56.38159,-25.56927],[-56.38295,-25.56815],[-56.38349,-25.56945],[-56.38579,-25.56901],[-56.38788,-25.56569],[-56.39163,-25.56704],[-56.39194,-25.56874],[-56.39381,-25.56847],[-56.39441,-25.56993],[-56.39264,-25.57056],[-56.39413,-25.57443],[-56.39631,-25.57383],[-56.39769,-25.57592],[-56.40149,-25.57235],[-56.40236,-25.57401],[-56.40337,-25.57309],[-56.40525,-25.57395],[-56.40558,-25.5727],[-56.40756,-25.57395],[-56.40666,-25.57632],[-56.40942,-25.57666],[-56.41048,-25.57931],[-56.41326,-25.57742],[-56.41466,-25.58081],[-56.4168,-25.58088],[-56.41674,-25.58277],[-56.41778,-25.58234],[-56.41853,-25.58527],[-56.42025,-25.58607],[-56.41826,-25.58722],[-56.41919,-25.5897],[-56.42344,-25.59546],[-56.42217,-25.59542],[-56.42328,-25.59685],[-56.42207,-25.60008],[-56.4248,-25.59892],[-56.42449,-25.60195],[-56.42878,-25.60276],[-56.42821,-25.60407],[-56.42938,-25.60346],[-56.4267,-25.60907],[-56.42917,-25.60913],[-56.42869,-25.61482],[-56.4331,-25.61672],[-56.43656,-25.6149],[-56.43615,-25.61694],[-56.4391,-25.6186],[-56.43879,-25.6206],[-56.44273,-25.6195],[-56.44396,-25.62171],[-56.44963,-25.62198],[-56.45512,-25.62666],[-56.46076,-25.62581],[-56.4598,-25.62745],[-56.46208,-25.6275],[-56.46303,-25.62968],[-56.46318,-25.627],[-56.46475,-25.62826],[-56.46696,-25.62673],[-56.46902,-25.62715],[-56.46862,-25.62951],[-56.47115,-25.62841],[-56.47007,-25.63024],[-56.47128,-25.63099],[-56.47293,-25.62877],[-56.47466,-25.63076],[-56.47404,-25.6324],[-56.47596,-25.63267],[-56.47711,-25.63425],[-56.47606,-25.6352],[-56.4784,-25.63658],[-56.47973,-25.63519],[-56.48462,-25.63516],[-56.48436,-25.6329],[-56.48781,-25.63048],[-56.48982,-25.63099],[-56.49014,-25.6278],[-56.49324,-25.62731],[-56.49473,-25.62318],[-56.49914,-25.62315],[-56.49812,-25.62145],[-56.50092,-25.62381],[-56.50454,-25.62362],[-56.50237,-25.62531],[-56.5073,-25.62714],[-56.50783,-25.62548],[-56.50992,-25.625],[-56.51536,-25.62712],[-56.51674,-25.62545],[-56.51925,-25.62631],[-56.51807,-25.62772],[-56.51907,-25.62836],[-56.52158,-25.6233],[-56.52411,-25.62592],[-56.52547,-25.62449],[-56.52691,-25.62637],[-56.52872,-25.62576],[-56.52861,-25.6244],[-56.53229,-25.62618],[-56.53385,-25.62533],[-56.53339,-25.62791],[-56.53585,-25.62869],[-56.53248,-25.63132],[-56.53526,-25.63005],[-56.53644,-25.6326],[-56.53729,-25.63059],[-56.53832,-25.63301],[-56.54446,-25.63212],[-56.5436,-25.63579],[-56.54607,-25.63569],[-56.54853,-25.63871],[-56.556,-25.64041],[-56.56035,-25.64466],[-56.55845,-25.64598],[-56.55891,-25.64746],[-56.56372,-25.64669],[-56.56639,-25.65147],[-56.56954,-25.65176],[-56.56855,-25.6542],[-56.57845,-25.65755],[-56.58128,-25.66137],[-56.58598,-25.66252],[-56.5867,-25.66483],[-56.59092,-25.66701],[-56.59561,-25.66835],[-56.5979,-25.66743],[-56.59753,-25.67228],[-56.60254,-25.67348],[-56.60509,-25.6764],[-56.60781,-25.67432],[-56.60922,-25.67836],[-56.6144,-25.68018],[-56.61798,-25.67835],[-56.62034,-25.67974],[-56.62655,-25.67638],[-56.63181,-25.67895],[-56.63384,-25.68242],[-56.63543,-25.68202],[-56.63552,-25.68438],[-56.63748,-25.68257],[-56.64071,-25.68613],[-56.64409,-25.68634],[-56.64516,-25.68407],[-56.64858,-25.6857],[-56.65028,-25.69388],[-56.65226,-25.69539],[-56.6541,-25.69336],[-56.65394,-25.69625],[-56.65576,-25.69347],[-56.65688,-25.69659],[-56.66128,-25.69718],[-56.65846,-25.69967],[-56.66092,-25.70024],[-56.65966,-25.70197],[-56.66106,-25.70342],[-56.65901,-25.70408],[-56.66132,-25.70479],[-56.66323,-25.7083],[-56.6638,-25.70465],[-56.66691,-25.70172],[-56.66592,-25.70045],[-56.66984,-25.70016],[-56.68954,-25.76217],[-56.66576,-25.85044],[-56.66263,-25.85315],[-56.66256,-25.85525],[-56.66035,-25.85521],[-56.6582,-25.85991],[-56.65416,-25.8618],[-56.64968,-25.86947],[-56.6469,-25.87055],[-56.64828,-25.87456],[-56.64747,-25.87705],[-56.64226,-25.87854],[-56.63897,-25.88223],[-56.63419,-25.88229],[-56.63385,-25.88521],[-56.62996,-25.88375],[-56.62988,-25.88568],[-56.62583,-25.8884],[-56.62911,-25.89015],[-56.62697,-25.89405],[-56.62722,-25.89712],[-56.62344,-25.89873],[-56.62677,-25.90097],[-56.6241,-25.90292],[-56.6202,-25.90154],[-56.62156,-25.9049],[-56.62037,-25.90831],[-56.61964,-25.90543],[-56.61653,-25.90718],[-56.61685,-25.90502],[-56.61521,-25.90464],[-56.61391,-25.90942],[-56.61174,-25.90986],[-56.61493,-25.9115],[-56.61105,-25.91218],[-56.60883,-25.91509],[-56.61067,-25.91968],[-56.61365,-25.92098],[-56.61038,-25.92304],[-56.61186,-25.92523],[-56.61073,-25.9317],[-56.61292,-25.93145],[-56.61314,-25.93248],[-56.60841,-25.93704],[-56.60772,-25.94056],[-56.60756,-25.97908],[-56.61764,-25.97792],[-56.62029,-25.97554],[-56.62413,-25.97517],[-56.62497,-25.97296],[-56.62789,-25.97336],[-56.62832,-25.97141],[-56.63141,-25.96995],[-56.63372,-25.97178],[-56.63942,-25.96913],[-56.64126,-25.96537],[-56.6435,-25.97077],[-56.65501,-25.96916],[-56.66449,-25.97085],[-56.67683,-25.96265],[-56.68555,-25.96286],[-56.68983,-25.96705],[-56.69786,-25.96488],[-56.70735,-25.95383],[-56.71746,-25.96057],[-56.72966,-25.95762],[-56.73757,-25.95744],[-56.73966,-25.95281],[-56.74241,-25.95133],[-56.74769,-25.95196],[-56.74258,-25.95612],[-56.7412,-25.96373],[-56.737,-25.97325],[-56.73226,-25.97473],[-56.72953,-25.97865],[-56.72617,-25.97992],[-56.7256,-25.98835],[-56.72296,-25.98974],[-56.72364,-25.99365],[-56.72205,-25.99695],[-56.71438,-26.00136],[-56.71304,-26.00359],[-56.71424,-26.00488],[-56.71238,-26.01135],[-56.71325,-26.01585],[-56.71068,-26.01867],[-56.70961,-26.01739],[-56.70884,-26.02051],[-56.70689,-26.02101],[-56.7078,-26.02472],[-56.70605,-26.02723],[-56.70173,-26.02956],[-56.70208,-26.03088],[-56.70549,-26.03102],[-56.70678,-26.03366],[-56.70243,-26.0353],[-56.70283,-26.0439],[-56.70134,-26.04449],[-56.70432,-26.04491],[-56.70794,-26.04891],[-56.70894,-26.05525],[-56.70752,-26.05819],[-56.71152,-26.06265],[-56.7098,-26.06579],[-56.71401,-26.06887],[-56.7154,-26.07216],[-56.71445,-26.07755],[-56.71634,-26.07804],[-56.71927,-26.0823],[-56.722,-26.09127],[-56.72111,-26.09372],[-56.7192,-26.09418],[-56.72111,-26.09766],[-56.71729,-26.09889],[-56.71625,-26.10581],[-56.70882,-26.10513],[-56.70579,-26.10899],[-56.70801,-26.11899],[-56.70768,-26.12501],[-56.71176,-26.13012],[-56.71105,-26.13407],[-56.70926,-26.13587],[-56.70734,-26.13469],[-56.70856,-26.13656],[-56.70468,-26.14638],[-56.69924,-26.14846],[-56.69647,-26.15303],[-56.69192,-26.15379],[-56.69103,-26.15662],[-56.68201,-26.16007],[-56.67342,-26.16697],[-56.65898,-26.17263],[-56.64303,-26.18267],[-56.63807,-26.18283],[-56.63679,-26.18537],[-56.63269,-26.18729],[-56.63232,-26.19202],[-56.62916,-26.19463],[-56.62972,-26.19164],[-56.62768,-26.19067],[-56.62681,-26.19709],[-56.62326,-26.19555],[-56.62362,-26.19003],[-56.62753,-26.18877],[-56.6286,-26.18603],[-56.62566,-26.18423],[-56.62264,-26.17849],[-56.61777,-26.17932],[-56.6161,-26.17641],[-56.61382,-26.17837],[-56.61181,-26.17506],[-56.60526,-26.17623],[-56.60325,-26.17295],[-56.59737,-26.17604],[-56.59349,-26.17584],[-56.59617,-26.18031],[-56.5893,-26.18267],[-56.58543,-26.18851],[-56.58337,-26.18783],[-56.58453,-26.18501],[-56.58065,-26.18727],[-56.57894,-26.18502],[-56.57575,-26.1843],[-56.57196,-26.1867],[-56.57211,-26.19115],[-56.57026,-26.19103],[-56.56909,-26.18704],[-56.56718,-26.18623],[-56.56671,-26.19108],[-56.56476,-26.19182],[-56.56397,-26.19067],[-56.56568,-26.18847],[-56.56458,-26.18718],[-56.56007,-26.18908],[-56.55124,-26.18672],[-56.55538,-26.18171],[-56.55485,-26.17975],[-56.55214,-26.17882],[-56.55398,-26.17581],[-56.55083,-26.1764],[-56.54894,-26.1752],[-56.55162,-26.17017],[-56.55065,-26.16672],[-56.54641,-26.16607],[-56.54555,-26.16311],[-56.54302,-26.16197],[-56.54363,-26.15804],[-56.54062,-26.15654],[-56.54125,-26.15234],[-56.53871,-26.14938],[-56.54014,-26.14367],[-56.54306,-26.14192],[-56.54208,-26.13766],[-56.54672,-26.12888],[-56.54318,-26.12797],[-56.54232,-26.12433],[-56.53845,-26.12595],[-56.53893,-26.1215],[-56.53466,-26.11964],[-56.53109,-26.12205],[-56.49469,-26.11929],[-56.48959,-26.11696],[-56.48768,-26.11886],[-56.48085,-26.11659],[-56.47064,-26.118],[-56.4688,-26.11941],[-56.46322,-26.11848],[-56.45809,-26.11976],[-56.44711,-26.11736],[-56.43973,-26.11787],[-56.43734,-26.11927],[-56.4325,-26.12771],[-56.42314,-26.13291],[-56.42121,-26.1355],[-56.41013,-26.13979],[-56.40269,-26.13807],[-56.41091,-26.02387],[-56.40632,-26.02063],[-56.40564,-26.02157],[-56.40092,-26.02051],[-56.40036,-26.01903],[-56.39675,-26.0193],[-56.39572,-26.01758],[-56.39186,-26.01652],[-56.38677,-26.01895],[-56.38175,-26.01521],[-56.37911,-26.01607],[-56.37613,-26.01511],[-56.37129,-26.01776],[-56.36834,-26.02362],[-56.36227,-26.02335],[-56.35722,-26.02584],[-56.35231,-26.02633],[-56.34594,-26.01355],[-56.34105,-26.00957],[-56.33992,-26.00447],[-56.33546,-26.0025],[-56.32765,-26.00343],[-56.32335,-26.0022],[-56.32077,-25.99821],[-56.31568,-25.99711],[-56.31446,-25.99434],[-56.30164,-25.98369],[-56.28766,-25.98233],[-56.28096,-25.97619],[-56.2778,-25.97797],[-56.27254,-25.97798],[-56.18044,-26.06341],[-56.17206,-26.06066],[-56.17094,-26.05808],[-56.16877,-26.05873],[-56.16681,-26.05392],[-56.16512,-26.0549],[-56.16042,-26.05403],[-56.15894,-26.04998],[-56.15603,-26.04955],[-56.14867,-26.03816],[-56.14173,-26.03573],[-56.13517,-26.02868],[-56.12783,-26.02987],[-56.12482,-26.0318],[-56.12117,-26.03056],[-56.11997,-26.02531],[-56.11658,-26.02483],[-56.1128,-26.0177],[-56.11112,-26.01796],[-56.10909,-26.01556],[-56.09935,-26.01918],[-56.04845,-25.89086],[-56.03825,-25.89504],[-56.03096,-25.89469],[-56.01929,-25.88752],[-56.01739,-25.88426],[-56.01177,-25.88217],[-56.00712,-25.87441],[-55.99806,-25.87315],[-55.99343,-25.86486],[-55.98366,-25.85449],[-55.9742,-25.85311],[-55.95916,-25.85698],[-55.95146,-25.85547],[-55.94653,-25.85665],[-55.94398,-25.85499],[-55.9358,-25.85434],[-55.91236,-25.87605],[-55.91138,-25.87299],[-55.90078,-25.86753],[-55.88757,-25.85525],[-55.8763,-25.8362],[-55.87697,-25.83171],[-55.87516,-25.82792],[-55.87089,-25.82521],[-55.8719,-25.82413],[-55.86759,-25.81964],[-55.86341,-25.81851],[-55.86246,-25.81655],[-55.86133,-25.81817],[-55.85809,-25.816],[-55.85794,-25.81373],[-55.8538,-25.81164],[-55.85408,-25.80879],[-55.85322,-25.80963],[-55.84837,-25.8054],[-55.84766,-25.80164],[-55.84363,-25.80213],[-55.83626,-25.79986],[-55.83411,-25.80232],[-55.82656,-25.79782],[-55.82381,-25.79724],[-55.82178,-25.79886],[-55.82124,-25.79676],[-55.81947,-25.79621],[-55.82062,-25.79457],[-55.81654,-25.79052],[-55.81694,-25.78829],[-55.81362,-25.78409],[-55.81017,-25.78402],[-55.80448,-25.7875],[-55.80102,-25.78708],[-55.80251,-25.79124],[-55.79915,-25.79255],[-55.80014,-25.79437],[-55.7988,-25.79551],[-55.79647,-25.79446],[-55.79764,-25.79168],[-55.79587,-25.78954],[-55.78939,-25.78833],[-55.78806,-25.78597],[-55.78511,-25.78558],[-55.78485,-25.78181],[-55.77919,-25.77854],[-55.7788,-25.77661],[-55.77598,-25.77768],[-55.77382,-25.77555],[-55.77149,-25.77633],[-55.77097,-25.77471],[-55.76989,-25.77677],[-55.76689,-25.77567],[-55.76123,-25.7787],[-55.76,-25.77727],[-55.76092,-25.77543],[-55.75656,-25.77499],[-55.75519,-25.77169],[-55.75948,-25.76766],[-55.75732,-25.76546],[-55.7591,-25.76271],[-55.75796,-25.76064],[-55.75914,-25.76163],[-55.76037,-25.75981],[-55.75771,-25.75774],[-55.75359,-25.75723],[-55.75217,-25.75404],[-55.75536,-25.75371],[-55.75409,-25.75216],[-55.75689,-25.7471],[-55.75684,-25.74934],[-55.76055,-25.74819],[-55.76181,-25.73985],[-55.76068,-25.73926],[-55.76265,-25.73773],[-55.76262,-25.73433],[-55.76409,-25.73451],[-55.7648,-25.73284],[-55.76239,-25.73159],[-55.76245,-25.7291],[-55.76527,-25.72667],[-55.76457,-25.72484],[-55.76159,-25.72395],[-55.76276,-25.723],[-55.76221,-25.71797],[-55.75868,-25.71695],[-55.75449,-25.72013],[-55.74254,-25.71435],[-55.74161,-25.71118],[-55.7293,-25.71113],[-55.7278,-25.70936],[-55.7274,-25.71111],[-55.72434,-25.71116],[-55.72543,-25.71373],[-55.7238,-25.7126],[-55.72226,-25.71559],[-55.72061,-25.71454],[-55.71676,-25.71606],[-55.71723,-25.71802],[-55.71585,-25.71912],[-55.71451,-25.7179],[-55.71415,-25.72024],[-55.70786,-25.71745],[-55.70825,-25.71913],[-55.70604,-25.7197],[-55.706,-25.72154],[-55.70535,-25.72041],[-55.70412,-25.72208],[-55.70235,-25.72148],[-55.70398,-25.72499],[-55.70262,-25.72468],[-55.70174,-25.72625],[-55.70206,-25.72952],[-55.69987,-25.72974],[-55.70018,-25.73209],[-55.69549,-25.73688],[-55.6944,-25.74033],[-55.69195,-25.74076],[-55.69169,-25.74299],[-55.68961,-25.74299],[-55.68879,-25.73904],[-55.68538,-25.73731],[-55.68358,-25.73993],[-55.68106,-25.7403],[-55.68229,-25.74159],[-55.67904,-25.74222],[-55.67593,-25.7378],[-55.67367,-25.7373],[-55.67505,-25.73447],[-55.6713,-25.73235],[-55.67048,-25.72967],[-55.66785,-25.72921],[-55.66861,-25.72719],[-55.66777,-25.72803],[-55.66645,-25.72624],[-55.66774,-25.72421],[-55.66669,-25.72401],[-55.66987,-25.72211],[-55.67221,-25.72297],[-55.67162,-25.72066],[-55.66649,-25.7152],[-55.6619,-25.71327],[-55.66292,-25.70884],[-55.66507,-25.70935],[-55.66563,-25.70784],[-55.66207,-25.70275],[-55.66253,-25.69972],[-55.65515,-25.69619],[-55.65582,-25.69116],[-55.65332,-25.69183],[-55.65164,-25.68995],[-55.65293,-25.68622],[-55.6509,-25.68551],[-55.65116,-25.68371],[-55.6464,-25.67844],[-55.64442,-25.67823],[-55.64476,-25.67653],[-55.64357,-25.67636],[-55.64507,-25.67472],[-55.64332,-25.67528],[-55.6419,-25.67294],[-55.64365,-25.67272],[-55.64146,-25.66882],[-55.64322,-25.66719],[-55.64156,-25.66442],[-55.6429,-25.66279],[-55.64229,-25.65945],[-55.63738,-25.65468],[-55.63594,-25.65082],[-55.63359,-25.65027]]]}},{"type":"Feature","properties":{"shapeName":"CAAGUAZU","shapeISO":"PY-5","shapeID":"63826900B47245134487422","shapeGroup":"PRY","shapeType":"ADM1"},"geometry":{"type":"Polygon","coordinates":[[[-56.56448,-24.99734],[-56.56168,-25.16607],[-56.60549,-25.16462],[-56.61903,-25.16678],[-56.66345,-25.26199],[-56.66121,-25.26364],[-56.66414,-25.26752],[-56.6545,-25.27962],[-56.64814,-25.28435],[-56.64733,-25.28606],[-56.6495,-25.28916],[-56.64613,-25.29348],[-56.63825,-25.29673],[-56.6358,-25.30345],[-56.62113,-25.31569],[-56.62198,-25.32069],[-56.61969,-25.32182],[-56.61585,-25.31977],[-56.61328,-25.32064],[-56.61275,-25.31818],[-56.61023,-25.31768],[-56.61074,-25.31583],[-56.60691,-25.31423],[-56.60453,-25.30985],[-56.60111,-25.30992],[-56.6019,-25.30741],[-56.59508,-25.31109],[-56.58953,-25.31042],[-56.5866,-25.30818],[-56.58341,-25.31046],[-56.57845,-25.3101],[-56.57687,-25.31214],[-56.56826,-25.3087],[-56.56553,-25.30904],[-56.56136,-25.30611],[-56.65107,-25.39753],[-56.66704,-25.41034],[-56.71878,-25.43326],[-56.80576,-25.48239],[-56.80558,-25.48726],[-56.80776,-25.49059],[-56.82025,-25.49411],[-56.82209,-25.49617],[-56.83514,-25.49689],[-56.83578,-25.50175],[-56.83947,-25.50175],[-56.84844,-25.50743],[-56.85121,-25.50661],[-56.85086,-25.50974],[-56.85508,-25.51429],[-56.85435,-25.52709],[-56.85644,-25.52988],[-56.85303,-25.53537],[-56.84934,-25.53786],[-56.84699,-25.53505],[-56.83405,-25.5335],[-56.83124,-25.54424],[-56.80229,-25.58202],[-56.78664,-25.59529],[-56.78409,-25.59587],[-56.78391,-25.59871],[-56.71968,-25.65872],[-56.71729,-25.66178],[-56.71848,-25.66588],[-56.71562,-25.66991],[-56.71278,-25.67049],[-56.71045,-25.66869],[-56.70613,-25.6742],[-56.70372,-25.67256],[-56.70245,-25.67639],[-56.70069,-25.6771],[-56.70162,-25.67784],[-56.69917,-25.67849],[-56.70107,-25.68132],[-56.70267,-25.68031],[-56.7016,-25.68359],[-56.70311,-25.68586],[-56.70411,-25.68525],[-56.7031,-25.68699],[-56.70476,-25.68716],[-56.70352,-25.69042],[-56.70009,-25.69217],[-56.7006,-25.69507],[-56.69979,-25.69435],[-56.69954,-25.69575],[-56.69516,-25.69763],[-56.69685,-25.70041],[-56.69292,-25.69975],[-56.68809,-25.70118],[-56.68743,-25.69809],[-56.68534,-25.69718],[-56.68344,-25.70056],[-56.68071,-25.69916],[-56.67717,-25.70117],[-56.67594,-25.69908],[-56.67604,-25.70074],[-56.67457,-25.69972],[-56.67425,-25.70153],[-56.67218,-25.70035],[-56.67199,-25.70227],[-56.66984,-25.70016],[-56.66592,-25.70045],[-56.66691,-25.70172],[-56.6638,-25.70465],[-56.66323,-25.7083],[-56.66132,-25.70479],[-56.65901,-25.70408],[-56.66106,-25.70342],[-56.65966,-25.70197],[-56.66092,-25.70024],[-56.65846,-25.69967],[-56.66128,-25.69718],[-56.65688,-25.69659],[-56.65576,-25.69347],[-56.65394,-25.69625],[-56.6541,-25.69336],[-56.65226,-25.69539],[-56.65028,-25.69388],[-56.64858,-25.6857],[-56.64516,-25.68407],[-56.64409,-25.68634],[-56.64071,-25.68613],[-56.63748,-25.68257],[-56.63552,-25.68438],[-56.63543,-25.68202],[-56.63384,-25.68242],[-56.63181,-25.67895],[-56.62655,-25.67638],[-56.62034,-25.67974],[-56.61798,-25.67835],[-56.6144,-25.68018],[-56.60922,-25.67836],[-56.60781,-25.67432],[-56.60509,-25.6764],[-56.60254,-25.67348],[-56.59753,-25.67228],[-56.5979,-25.66743],[-56.59561,-25.66835],[-56.59092,-25.66701],[-56.5867,-25.66483],[-56.58598,-25.66252],[-56.58128,-25.66137],[-56.57845,-25.65755],[-56.56855,-25.6542],[-56.56954,-25.65176],[-56.56639,-25.65147],[-56.56372,-25.64669],[-56.55891,-25.64746],[-56.55845,-25.64598],[-56.56035,-25.64466],[-56.556,-25.64041],[-56.54853,-25.63871],[-56.54607,-25.63569],[-56.5436,-25.63579],[-56.54446,-25.63212],[-56.53832,-25.63301],[-56.53729,-25.63059],[-56.53644,-25.6326],[-56.53526,-25.63005],[-56.53248,-25.63132],[-56.53585,-25.62869],[-56.53339,-25.62791],[-56.53385,-25.62533],[-56.53229,-25.62618],[-56.52861,-25.6244],[-56.52872,-25.62576],[-56.52691,-25.62637],[-56.52547,-25.62449],[-56.52411,-25.62592],[-56.52158,-25.6233],[-56.51907,-25.62836],[-56.51807,-25.62772],[-56.51925,-25.62631],[-56.51674,-25.62545],[-56.51536,-25.62712],[-56.50992,-25.625],[-56.50783,-25.62548],[-56.5073,-25.62714],[-56.50237,-25.62531],[-56.50454,-25.62362],[-56.50092,-25.62381],[-56.49812,-25.62145],[-56.49914,-25.62315],[-56.49473,-25.62318],[-56.49324,-25.62731],[-56.49014,-25.6278],[-56.48982,-25.63099],[-56.48781,-25.63048],[-56.48436,-25.6329],[-56.48462,-25.63516],[-56.47973,-25.63519],[-56.4784,-25.63658],[-56.47606,-25.6352],[-56.47711,-25.63425],[-56.47596,-25.63267],[-56.47404,-25.6324],[-56.47466,-25.63076],[-56.47293,-25.62877],[-56.47128,-25.63099],[-56.47007,-25.63024],[-56.47115,-25.62841],[-56.46862,-25.62951],[-56.46902,-25.62715],[-56.46696,-25.62673],[-56.46475,-25.62826],[-56.46318,-25.627],[-56.46303,-25.62968],[-56.46208,-25.6275],[-56.4598,-25.62745],[-56.46076,-25.62581],[-56.45512,-25.62666],[-56.44963,-25.62198],[-56.44396,-25.62171],[-56.44273,-25.6195],[-56.43879,-25.6206],[-56.4391,-25.6186],[-56.43615,-25.61694],[-56.43656,-25.6149],[-56.4331,-25.61672],[-56.42869,-25.61482],[-56.42917,-25.60913],[-56.4267,-25.60907],[-56.42938,-25.60346],[-56.42821,-25.60407],[-56.42878,-25.60276],[-56.42449,-25.60195],[-56.4248,-25.59892],[-56.42207,-25.60008],[-56.42328,-25.59685],[-56.42217,-25.59542],[-56.42344,-25.59546],[-56.41919,-25.5897],[-56.41826,-25.58722],[-56.42025,-25.58607],[-56.41853,-25.58527],[-56.41778,-25.58234],[-56.41674,-25.58277],[-56.4168,-25.58088],[-56.41466,-25.58081],[-56.41326,-25.57742],[-56.41048,-25.57931],[-56.40942,-25.57666],[-56.40666,-25.57632],[-56.40756,-25.57395],[-56.40558,-25.5727],[-56.40525,-25.57395],[-56.40337,-25.57309],[-56.40236,-25.57401],[-56.40149,-25.57235],[-56.39769,-25.57592],[-56.39631,-25.57383],[-56.39413,-25.57443],[-56.39264,-25.57056],[-56.39441,-25.56993],[-56.39381,-25.56847],[-56.39194,-25.56874],[-56.39163,-25.56704],[-56.38788,-25.56569],[-56.38579,-25.56901],[-56.38349,-25.56945],[-56.38295,-25.56815],[-56.38159,-25.56927],[-56.38096,-25.568],[-56.37897,-25.57085],[-56.37635,-25.57013],[-56.37569,-25.57494],[-56.37344,-25.57694],[-56.36919,-25.57674],[-56.36982,-25.57834],[-56.36546,-25.57651],[-56.36061,-25.571],[-56.35804,-25.57166],[-56.35597,-25.56957],[-56.3474,-25.56961],[-56.34515,-25.57139],[-56.34538,-25.57286],[-56.34158,-25.56973],[-56.34012,-25.57228],[-56.33845,-25.57056],[-56.3349,-25.57035],[-56.33329,-25.57385],[-56.33061,-25.57463],[-56.33044,-25.57289],[-56.32638,-25.57183],[-56.32347,-25.56841],[-56.31697,-25.56478],[-56.31547,-25.5662],[-56.31047,-25.56634],[-56.30731,-25.56879],[-56.29216,-25.56904],[-56.28729,-25.58534],[-56.28436,-25.58644],[-56.27933,-25.58361],[-56.27443,-25.58497],[-56.271,-25.58282],[-56.26455,-25.58254],[-56.25823,-25.57692],[-56.2555,-25.578],[-56.25249,-25.57267],[-56.24919,-25.57159],[-56.24553,-25.5722],[-56.24422,-25.57512],[-56.23651,-25.57879],[-56.23118,-25.58027],[-56.22754,-25.57898],[-56.22344,-25.58125],[-56.2184,-25.5784],[-56.21354,-25.58164],[-56.21169,-25.57763],[-56.20793,-25.57707],[-56.20702,-25.57543],[-56.19337,-25.58405],[-56.18637,-25.58369],[-56.17985,-25.58945],[-56.16805,-25.59071],[-56.15469,-25.59951],[-56.05997,-25.62243],[-55.93316,-25.62723],[-55.86008,-25.65675],[-55.85863,-25.66145],[-55.8592,-25.66811],[-55.86454,-25.67525],[-55.86175,-25.67848],[-55.84712,-25.6856],[-55.84321,-25.68683],[-55.83718,-25.68534],[-55.83472,-25.68708],[-55.83125,-25.68626],[-55.8255,-25.68802],[-55.82378,-25.68702],[-55.81747,-25.68775],[-55.81227,-25.68946],[-55.80885,-25.69254],[-55.79922,-25.68941],[-55.79268,-25.69475],[-55.78687,-25.69278],[-55.77675,-25.68403],[-55.76835,-25.6811],[-55.76195,-25.68311],[-55.75016,-25.69107],[-55.7466,-25.69125],[-55.74061,-25.68938],[-55.73488,-25.68379],[-55.73068,-25.68275],[-55.72426,-25.6776],[-55.71487,-25.67393],[-55.70917,-25.67409],[-55.69394,-25.67853],[-55.69246,-25.67408],[-55.68811,-25.67267],[-55.68661,-25.66849],[-55.67933,-25.66044],[-55.67973,-25.65421],[-55.67693,-25.65188],[-55.67291,-25.65291],[-55.66955,-25.65163],[-55.66965,-25.64806],[-55.66654,-25.64579],[-55.65643,-25.6501],[-55.65037,-25.64733],[-55.644,-25.64748],[-55.63893,-25.64494],[-55.63633,-25.64946],[-55.63359,-25.65027],[-55.62779,-25.65227],[-55.62632,-25.65185],[-55.62755,-25.6509],[-55.62102,-25.64961],[-55.61765,-25.6515],[-55.61862,-25.6499],[-55.61389,-25.64832],[-55.61485,-25.65377],[-55.60956,-25.65249],[-55.61031,-25.65518],[-55.60859,-25.65635],[-55.60841,-25.65903],[-55.60731,-25.65743],[-55.60342,-25.65909],[-55.59648,-25.65867],[-55.59435,-25.65654],[-55.59396,-25.6581],[-55.59169,-25.65515],[-55.59027,-25.65635],[-55.58722,-25.65417],[-55.5878,-25.65291],[-55.58542,-25.65244],[-55.58664,-25.65061],[-55.58488,-25.64936],[-55.58615,-25.64874],[-55.58366,-25.64792],[-55.58464,-25.64445],[-55.57931,-25.64142],[-55.58156,-25.63889],[-55.58111,-25.63726],[-55.57498,-25.63476],[-55.57388,-25.63561],[-55.57388,-25.63428],[-55.56627,-25.63505],[-55.56632,-25.637],[-55.56371,-25.63683],[-55.56425,-25.6359],[-55.56187,-25.63736],[-55.5575,-25.63643],[-55.55487,-25.63365],[-55.5568,-25.63119],[-55.55348,-25.6303],[-55.55366,-25.62892],[-55.55235,-25.62917],[-55.55027,-25.6266],[-55.54962,-25.61983],[-55.53659,-25.62084],[-55.53515,-25.6178],[-55.53577,-25.61494],[-55.53476,-25.61601],[-55.53393,-25.61511],[-55.53558,-25.61228],[-55.53457,-25.61131],[-55.53629,-25.61004],[-55.53426,-25.60817],[-55.53717,-25.60416],[-55.5355,-25.60159],[-55.53654,-25.60203],[-55.53688,-25.60068],[-55.53898,-25.60161],[-55.53843,-25.59948],[-55.53959,-25.59911],[-55.53833,-25.59705],[-55.53982,-25.59301],[-55.53721,-25.59235],[-55.5382,-25.5916],[-55.5364,-25.59001],[-55.53786,-25.58991],[-55.53835,-25.58694],[-55.53609,-25.58443],[-55.53517,-25.58503],[-55.53396,-25.57999],[-55.53013,-25.57867],[-55.53037,-25.57726],[-55.52839,-25.57781],[-55.52522,-25.57623],[-55.52493,-25.57407],[-55.52203,-25.57394],[-55.52454,-25.57292],[-55.52259,-25.57196],[-55.52261,-25.57001],[-55.51832,-25.57027],[-55.51819,-25.56827],[-55.51605,-25.56868],[-55.51471,-25.56606],[-55.51354,-25.56693],[-55.51548,-25.56457],[-55.51392,-25.56251],[-55.50941,-25.56138],[-55.50792,-25.56259],[-55.50699,-25.56151],[-55.50462,-25.56634],[-55.50263,-25.56506],[-55.50353,-25.56192],[-55.49652,-25.56138],[-55.49487,-25.5579],[-55.49273,-25.55805],[-55.49295,-25.55678],[-55.49498,-25.55666],[-55.49482,-25.55457],[-55.49068,-25.55419],[-55.49081,-25.54642],[-55.48813,-25.54368],[-55.4873,-25.54553],[-55.48586,-25.54518],[-55.48712,-25.54285],[-55.48409,-25.54],[-55.48746,-25.5322],[-55.48222,-25.53068],[-55.48132,-25.52832],[-55.47899,-25.52765],[-55.47787,-25.52369],[-55.47455,-25.52465],[-55.4752,-25.52722],[-55.47147,-25.52497],[-55.46853,-25.52697],[-55.46641,-25.52489],[-55.46595,-25.52748],[-55.46137,-25.52782],[-55.4621,-25.52961],[-55.45766,-25.52771],[-55.45725,-25.53032],[-55.4597,-25.53146],[-55.45643,-25.53341],[-55.45286,-25.53157],[-55.45462,-25.53593],[-55.44914,-25.53515],[-55.44869,-25.53922],[-55.44673,-25.53896],[-55.44865,-25.54058],[-55.44455,-25.53945],[-55.44518,-25.54296],[-55.44275,-25.54337],[-55.44335,-25.54595],[-55.44006,-25.54505],[-55.43929,-25.54286],[-55.4371,-25.54311],[-55.43723,-25.54519],[-55.43293,-25.54305],[-55.43217,-25.54686],[-55.4298,-25.54809],[-55.42853,-25.5471],[-55.43068,-25.54972],[-55.42606,-25.55754],[-55.37844,-25.36191],[-55.35539,-25.35761],[-55.33856,-25.34512],[-55.32846,-25.33526],[-55.30715,-25.27728],[-55.28986,-25.25173],[-55.28066,-25.24923],[-55.25525,-25.25058],[-55.2483,-25.2523],[-55.22512,-25.2628],[-55.21797,-25.26668],[-55.20874,-25.27584],[-55.19137,-25.29759],[-55.17272,-25.3123],[-55.15965,-25.32039],[-55.14501,-25.32531],[-55.12368,-25.32781],[-55.11024,-25.32719],[-55.08864,-25.3226],[-55.06661,-25.31462],[-55.05866,-25.31361],[-55.05067,-25.31464],[-55.04238,-25.31951],[-55.04032,-25.32355],[-55.03153,-25.35852],[-55.02482,-25.37337],[-55.02125,-25.37807],[-55.00841,-25.38627],[-55.00017,-25.38752],[-54.99196,-25.38673],[-54.97992,-25.38379],[-54.97102,-25.37982],[-54.96613,-25.3762],[-54.96435,-25.37293],[-54.96622,-25.3657],[-54.96067,-25.36121],[-54.9502,-25.36536],[-54.95447,-25.37055],[-54.94382,-25.36696],[-54.93344,-25.37753],[-54.93167,-25.37421],[-54.93317,-25.36814],[-54.92556,-25.36868],[-54.92325,-25.36646],[-54.93506,-25.35703],[-54.935,-25.35447],[-54.95051,-25.34662],[-54.94562,-25.34277],[-54.93919,-25.34439],[-54.94159,-25.34056],[-54.93819,-25.33377],[-54.94159,-25.32294],[-54.94876,-25.31664],[-54.95566,-25.31936],[-54.95758,-25.32154],[-54.96444,-25.31666],[-54.96134,-25.31335],[-54.96344,-25.30613],[-54.96037,-25.3051],[-54.95696,-25.30782],[-54.95481,-25.3044],[-54.96057,-25.296],[-54.96249,-25.29693],[-54.96248,-25.30051],[-54.96378,-25.30021],[-54.96725,-25.29416],[-54.96818,-25.28636],[-54.97473,-25.28331],[-54.97541,-25.2797],[-54.97717,-25.27849],[-54.97249,-25.27774],[-54.97418,-25.27106],[-54.9726,-25.26876],[-54.97086,-25.27218],[-54.96518,-25.27233],[-54.97004,-25.26708],[-54.9675,-25.26139],[-54.96424,-25.2619],[-54.96384,-25.25688],[-54.96672,-25.25653],[-54.96513,-25.2497],[-54.97201,-25.24747],[-54.97467,-25.24803],[-54.97431,-25.25277],[-54.97029,-25.25849],[-54.98021,-25.2637],[-54.9915,-25.25756],[-54.98902,-25.25599],[-54.98411,-25.24686],[-54.98995,-25.24559],[-54.99531,-25.24123],[-54.99368,-25.24926],[-54.99784,-25.24933],[-55.00332,-25.25197],[-55.00369,-25.24263],[-55.00214,-25.24102],[-55.01086,-25.24124],[-55.01701,-25.24422],[-55.01707,-25.23584],[-55.01262,-25.23638],[-55.0126,-25.23371],[-55.02193,-25.23486],[-55.02447,-25.22891],[-55.01796,-25.22999],[-55.01734,-25.22797],[-55.0249,-25.22397],[-55.02844,-25.22569],[-55.02689,-25.22241],[-55.01872,-25.21487],[-55.01944,-25.2134],[-55.02261,-25.21307],[-55.0246,-25.20861],[-55.01599,-25.20518],[-55.01337,-25.19945],[-55.00828,-25.19945],[-55.00976,-25.19407],[-55.01598,-25.19607],[-55.01949,-25.19245],[-55.02252,-25.19309],[-55.02104,-25.19027],[-55.02466,-25.18767],[-55.02581,-25.18511],[-55.02394,-25.18452],[-55.0271,-25.18293],[-55.02696,-25.18075],[-55.03048,-25.18047],[-55.02888,-25.17617],[-55.03054,-25.17497],[-55.03256,-25.17447],[-55.03254,-25.17709],[-55.0346,-25.17467],[-55.0353,-25.17736],[-55.03617,-25.1755],[-55.03936,-25.17436],[-55.0429,-25.17627],[-55.04171,-25.17337],[-55.04534,-25.1731],[-55.04638,-25.17044],[-55.0538,-25.17412],[-55.05463,-25.17215],[-55.05243,-25.17041],[-55.05283,-25.16607],[-55.05505,-25.16559],[-55.05423,-25.16845],[-55.05533,-25.16977],[-55.05732,-25.16901],[-55.05574,-25.16729],[-55.05909,-25.16698],[-55.05708,-25.16628],[-55.0584,-25.16516],[-55.05609,-25.16122],[-55.0575,-25.15783],[-55.06102,-25.15788],[-55.06156,-25.16084],[-55.06547,-25.1586],[-55.06347,-25.15661],[-55.06515,-25.15546],[-55.06908,-25.15776],[-55.06812,-25.1549],[-55.07226,-25.15497],[-55.07735,-25.14496],[-55.08061,-25.14278],[-55.08213,-25.14745],[-55.08373,-25.14686],[-55.08193,-25.14402],[-55.0853,-25.1453],[-55.08912,-25.14479],[-55.08563,-25.14282],[-55.08932,-25.1423],[-55.09084,-25.13619],[-55.09436,-25.13416],[-55.09219,-25.13096],[-55.09353,-25.12979],[-55.09248,-25.12784],[-55.09883,-25.12863],[-55.09866,-25.13013],[-55.1006,-25.12991],[-55.10257,-25.13336],[-55.10322,-25.12988],[-55.10538,-25.13234],[-55.11021,-25.128],[-55.11279,-25.12979],[-55.11361,-25.12775],[-55.11162,-25.1264],[-55.11355,-25.12676],[-55.1158,-25.1238],[-55.12017,-25.12275],[-55.11978,-25.12095],[-55.12618,-25.11761],[-55.12925,-25.11406],[-55.13037,-25.11396],[-55.13133,-25.11695],[-55.1322,-25.11383],[-55.13525,-25.11498],[-55.13494,-25.11192],[-55.13802,-25.11151],[-55.13847,-25.10531],[-55.14512,-25.09841],[-55.15037,-25.09731],[-55.14871,-25.0987],[-55.15108,-25.09887],[-55.15118,-25.10076],[-55.154,-25.09869],[-55.15649,-25.10056],[-55.15487,-25.09876],[-55.15718,-25.09788],[-55.15594,-25.09555],[-55.15687,-25.09663],[-55.15983,-25.09604],[-55.15872,-25.09442],[-55.16209,-25.09198],[-55.15771,-25.09235],[-55.15945,-25.08667],[-55.16365,-25.08315],[-55.16518,-25.0872],[-55.16681,-25.08561],[-55.16899,-25.08642],[-55.16732,-25.08376],[-55.17049,-25.08353],[-55.17166,-25.0815],[-55.16804,-25.07551],[-55.17113,-25.07023],[-55.17401,-25.07018],[-55.17403,-25.0651],[-55.17731,-25.06201],[-55.17629,-25.05881],[-55.18029,-25.05663],[-55.1785,-25.05499],[-55.18048,-25.05385],[-55.18319,-25.05519],[-55.1854,-25.05257],[-55.18298,-25.05088],[-55.18563,-25.05116],[-55.19103,-25.04548],[-55.1934,-25.04657],[-55.19327,-25.04297],[-55.20187,-25.03909],[-55.20206,-25.04614],[-55.20413,-25.04569],[-55.20494,-25.04932],[-55.20662,-25.04701],[-55.21161,-25.0491],[-55.21012,-25.04512],[-55.21177,-25.04624],[-55.21245,-25.04424],[-55.21531,-25.04401],[-55.21544,-25.04905],[-55.21829,-25.04886],[-55.21696,-25.04772],[-55.21801,-25.04668],[-55.21943,-25.05107],[-55.2213,-25.05159],[-55.22029,-25.04824],[-55.22452,-25.04969],[-55.22562,-25.0466],[-55.22373,-25.04508],[-55.2258,-25.04303],[-55.22792,-25.04607],[-55.22852,-25.04473],[-55.23332,-25.0436],[-55.23098,-25.04285],[-55.2327,-25.04276],[-55.23238,-25.03897],[-55.22762,-25.03763],[-55.23181,-25.03675],[-55.22708,-25.035],[-55.23105,-25.03218],[-55.22819,-25.02985],[-55.23119,-25.02904],[-55.23261,-25.03118],[-55.23851,-25.03153],[-55.23645,-25.03434],[-55.2372,-25.0361],[-55.24166,-25.03427],[-55.25004,-25.03813],[-55.25448,-25.03529],[-55.24978,-25.03247],[-55.25561,-25.03038],[-55.25665,-25.03324],[-55.26609,-25.0366],[-55.26756,-25.0435],[-55.27062,-25.04321],[-55.27546,-25.03833],[-55.28123,-25.03856],[-55.27729,-25.03095],[-55.27549,-25.0304],[-55.27371,-25.03322],[-55.27024,-25.03097],[-55.27503,-25.026],[-55.27848,-25.02669],[-55.27744,-25.02394],[-55.27343,-25.02495],[-55.27305,-25.02334],[-55.27587,-25.02217],[-55.28435,-25.02523],[-55.28707,-25.02408],[-55.28679,-25.02073],[-55.28897,-25.02065],[-55.29111,-25.0241],[-55.29588,-25.02142],[-55.2987,-25.02188],[-55.29745,-25.01555],[-55.30063,-25.01345],[-55.29971,-25.01568],[-55.3032,-25.0161],[-55.30245,-25.01422],[-55.30373,-25.015],[-55.31113,-25.01098],[-55.31118,-25.00996],[-55.30756,-25.01178],[-55.30958,-25.01019],[-55.3086,-25.00509],[-55.3134,-25.00333],[-55.31369,-24.99978],[-55.31138,-25.00058],[-55.30955,-24.99697],[-55.30719,-24.99866],[-55.30782,-24.99533],[-55.30575,-24.99666],[-55.30622,-24.99493],[-55.30445,-24.9951],[-55.30407,-24.99384],[-55.30608,-24.99205],[-55.30458,-24.99113],[-55.30815,-24.98823],[-55.30737,-24.98346],[-55.30884,-24.98218],[-55.31327,-24.98366],[-55.31301,-24.9781],[-55.31514,-24.97868],[-55.31622,-24.97477],[-55.31818,-24.97428],[-55.3185,-24.97193],[-55.32075,-24.97173],[-55.32115,-24.96979],[-55.32266,-24.96981],[-55.32199,-24.97147],[-55.3283,-24.97198],[-55.3311,-24.97096],[-55.33014,-24.96958],[-55.33283,-24.96822],[-55.33027,-24.96545],[-55.3325,-24.96384],[-55.33439,-24.95878],[-55.33232,-24.95282],[-55.33449,-24.95096],[-55.33231,-24.9505],[-55.33478,-24.94929],[-55.33251,-24.94723],[-55.33359,-24.94384],[-55.33098,-24.94623],[-55.32949,-24.94509],[-55.33137,-24.9435],[-55.33064,-24.94217],[-55.32759,-24.94282],[-55.32784,-24.94119],[-55.3306,-24.94102],[-55.32936,-24.93905],[-55.33365,-24.93861],[-55.32992,-24.93558],[-55.33105,-24.93483],[-55.32985,-24.93274],[-55.3316,-24.93279],[-55.33071,-24.93114],[-55.33281,-24.92987],[-55.33041,-24.92982],[-55.33177,-24.92782],[-55.3308,-24.9269],[-55.33091,-24.92858],[-55.32943,-24.92846],[-55.32891,-24.92624],[-55.32981,-24.9243],[-55.33435,-24.92551],[-55.3409,-24.92374],[-55.34176,-24.92174],[-55.34485,-24.92051],[-55.34534,-24.91816],[-55.34364,-24.91811],[-55.34419,-24.91492],[-55.34139,-24.91316],[-55.34229,-24.91063],[-55.34022,-24.91248],[-55.33902,-24.91025],[-55.33545,-24.91095],[-55.33529,-24.90906],[-55.33741,-24.90939],[-55.33857,-24.90801],[-55.32688,-24.90082],[-55.32929,-24.89851],[-55.32621,-24.89731],[-55.32735,-24.89563],[-55.32588,-24.89211],[-55.32968,-24.89222],[-55.33013,-24.89087],[-55.32894,-24.88823],[-55.32509,-24.88782],[-55.32746,-24.88593],[-55.32505,-24.88355],[-55.32621,-24.88249],[-55.32671,-24.88431],[-55.32908,-24.88409],[-55.32998,-24.88166],[-55.33344,-24.8814],[-55.33373,-24.87964],[-55.32936,-24.87718],[-55.332,-24.87394],[-55.33553,-24.87413],[-55.33673,-24.8718],[-55.33533,-24.87045],[-55.33691,-24.8702],[-55.33768,-24.86751],[-55.33903,-24.867],[-55.33833,-24.86889],[-55.34084,-24.86824],[-55.34103,-24.86702],[-55.33832,-24.8661],[-55.34167,-24.86517],[-55.33828,-24.86264],[-55.33981,-24.86172],[-55.34199,-24.86395],[-55.34418,-24.86128],[-55.34361,-24.86035],[-55.34238,-24.86151],[-55.34087,-24.85972],[-55.34199,-24.85846],[-55.33953,-24.85756],[-55.34099,-24.85451],[-55.34364,-24.85645],[-55.34254,-24.8546],[-55.34533,-24.85299],[-55.34222,-24.8493],[-55.3432,-24.84653],[-55.34653,-24.84991],[-55.35008,-24.8468],[-55.34759,-24.84475],[-55.34926,-24.84328],[-55.34699,-24.8419],[-55.34743,-24.84084],[-55.34616,-24.84111],[-55.34675,-24.8393],[-55.34561,-24.83813],[-55.34407,-24.83899],[-55.34541,-24.83679],[-55.3416,-24.83487],[-55.33911,-24.83564],[-55.33789,-24.83359],[-55.33899,-24.83259],[-55.33655,-24.83204],[-55.33387,-24.82601],[-55.33584,-24.82334],[-55.33467,-24.82353],[-55.33374,-24.82069],[-55.33484,-24.81852],[-55.33357,-24.81562],[-55.33782,-24.81202],[-55.33622,-24.81194],[-55.3361,-24.80912],[-55.33443,-24.80989],[-55.33602,-24.80785],[-55.3343,-24.80722],[-55.33499,-24.80419],[-55.33158,-24.80154],[-55.33011,-24.79721],[-55.33101,-24.79476],[-55.32885,-24.79252],[-55.33043,-24.7925],[-55.32904,-24.7912],[-55.33126,-24.78703],[-55.33027,-24.78544],[-55.32823,-24.78554],[-55.32929,-24.78475],[-55.32845,-24.78145],[-55.32686,-24.77825],[-55.32466,-24.77789],[-55.32558,-24.77725],[-55.32298,-24.77288],[-55.32384,-24.77149],[-55.3207,-24.76636],[-55.32202,-24.76656],[-55.32153,-24.7638],[-55.32285,-24.76251],[-55.32155,-24.76171],[-55.32312,-24.76112],[-55.3232,-24.75796],[-55.32435,-24.7582],[-55.32338,-24.75111],[-55.31961,-24.74636],[-55.31684,-24.74578],[-55.31599,-24.74129],[-55.31363,-24.74062],[-55.31463,-24.73798],[-55.31192,-24.73698],[-55.31128,-24.73425],[-55.3097,-24.73429],[-55.30342,-24.72573],[-55.30368,-24.71935],[-55.30101,-24.71597],[-55.30259,-24.71545],[-55.30108,-24.71249],[-55.30408,-24.70841],[-55.30358,-24.70441],[-55.30581,-24.70517],[-55.30866,-24.70304],[-55.3097,-24.69971],[-55.31052,-24.7007],[-55.31208,-24.69956],[-55.3132,-24.69683],[-55.31518,-24.69767],[-55.31566,-24.69381],[-55.31782,-24.69276],[-55.31739,-24.68806],[-55.31596,-24.68797],[-55.31615,-24.6856],[-55.31286,-24.68213],[-55.31462,-24.68145],[-55.31475,-24.67966],[-55.31604,-24.67993],[-55.31615,-24.67809],[-55.31394,-24.67709],[-55.31228,-24.6736],[-55.30955,-24.67412],[-55.30679,-24.67022],[-55.30575,-24.66368],[-55.30246,-24.6605],[-55.30343,-24.65857],[-55.3011,-24.65772],[-55.30126,-24.65556],[-55.2979,-24.65224],[-55.29872,-24.65163],[-55.2953,-24.65042],[-55.29581,-24.64923],[-55.29218,-24.6449],[-55.29488,-24.63937],[-55.2963,-24.6401],[-55.30103,-24.63828],[-55.30134,-24.62897],[-55.29938,-24.62662],[-55.30056,-24.62436],[-55.29858,-24.6201],[-55.29552,-24.62048],[-55.29456,-24.61936],[-55.29478,-24.61642],[-55.29262,-24.61312],[-55.29925,-24.60227],[-55.29843,-24.59956],[-55.30671,-24.58989],[-55.30534,-24.58395],[-55.30294,-24.58106],[-55.30441,-24.5766],[-55.30213,-24.57599],[-55.30119,-24.57372],[-55.302,-24.56693],[-55.298,-24.56254],[-55.29532,-24.56238],[-55.29254,-24.5601],[-55.28844,-24.55427],[-55.28756,-24.54746],[-55.28308,-24.54502],[-55.28038,-24.5409],[-55.2766,-24.53408],[-55.27552,-24.52773],[-55.27142,-24.52612],[-55.26931,-24.52303],[-55.25663,-24.52118],[-55.25116,-24.51515],[-55.24556,-24.51463],[-55.23683,-24.51935],[-55.22912,-24.51641],[-55.22052,-24.5171],[-55.21456,-24.51523],[-55.20001,-24.51625],[-55.19271,-24.51915],[-55.18689,-24.51756],[-55.17466,-24.52431],[-55.1641,-24.52695],[-55.1617,-24.52893],[-55.15763,-24.52846],[-55.15669,-24.52323],[-55.16065,-24.51921],[-55.16026,-24.51749],[-55.1535,-24.51228],[-55.14941,-24.51111],[-55.13877,-24.49678],[-55.14302,-24.4881],[-55.15464,-24.47906],[-55.16171,-24.47334],[-55.16387,-24.46947],[-55.1803,-24.46546],[-55.20251,-24.469],[-55.21057,-24.4686],[-55.21711,-24.47525],[-55.22812,-24.47637],[-55.23895,-24.476],[-55.25253,-24.46751],[-55.27235,-24.49292],[-55.28098,-24.50076],[-55.28859,-24.50382],[-55.28912,-24.48909],[-55.29679,-24.48756],[-55.30416,-24.49357],[-55.30506,-24.49645],[-55.30374,-24.50436],[-55.31267,-24.51487],[-55.32944,-24.50601],[-55.33202,-24.49677],[-55.34273,-24.49365],[-55.34513,-24.49702],[-55.34517,-24.50903],[-55.35924,-24.52297],[-55.36977,-24.53996],[-55.39266,-24.54461],[-55.39999,-24.54895],[-55.40063,-24.53648],[-55.4019,-24.53505],[-55.41899,-24.54416],[-55.43784,-24.55126],[-55.44396,-24.5497],[-55.46048,-24.54143],[-55.47096,-24.5469],[-55.47848,-24.55564],[-55.48402,-24.57158],[-55.49111,-24.56802],[-55.49371,-24.53379],[-55.50524,-24.52629],[-55.51349,-24.51531],[-55.52541,-24.51509],[-55.53153,-24.51656],[-55.54393,-24.51354],[-55.55246,-24.51865],[-55.55117,-24.52781],[-55.55297,-24.54418],[-55.55163,-24.55086],[-55.55926,-24.56241],[-55.56269,-24.57079],[-55.56419,-24.58145],[-55.57787,-24.60124],[-55.58481,-24.60263],[-55.59782,-24.60242],[-55.59449,-24.6099],[-55.59475,-24.61915],[-55.60959,-24.62466],[-55.60855,-24.62886],[-55.60124,-24.63647],[-55.60472,-24.64022],[-55.61476,-24.64717],[-55.62081,-24.64797],[-55.62772,-24.64432],[-55.63846,-24.64483],[-55.65314,-24.65],[-55.66847,-24.65319],[-55.66277,-24.66148],[-55.66227,-24.67494],[-55.6708,-24.67212],[-55.68166,-24.67907],[-55.68726,-24.67962],[-55.70017,-24.67164],[-55.70266,-24.67603],[-55.70131,-24.68428],[-55.70271,-24.68892],[-55.71142,-24.69461],[-55.71273,-24.70792],[-55.71665,-24.71291],[-55.72921,-24.72309],[-55.72907,-24.7278],[-55.73612,-24.73653],[-55.73611,-24.74319],[-55.73073,-24.75118],[-55.72607,-24.75585],[-55.71827,-24.7581],[-55.71441,-24.76417],[-55.70802,-24.76916],[-55.7037,-24.77597],[-55.70199,-24.78397],[-55.70577,-24.78631],[-55.70802,-24.79096],[-55.70754,-24.79888],[-55.71211,-24.8199],[-55.71685,-24.82613],[-55.72287,-24.82957],[-55.72998,-24.82501],[-55.75163,-24.82304],[-55.76022,-24.82361],[-55.76696,-24.81937],[-55.77048,-24.81965],[-55.77643,-24.82242],[-55.77585,-24.82757],[-55.78116,-24.83782],[-55.7855,-24.83893],[-55.7971,-24.83663],[-55.80897,-24.84384],[-55.81911,-24.84348],[-55.82697,-24.84574],[-55.83429,-24.85461],[-55.84614,-24.86145],[-55.86015,-24.86039],[-55.86854,-24.85795],[-55.88408,-24.8475],[-55.89542,-24.852],[-55.90935,-24.84666],[-55.91593,-24.84832],[-55.93832,-24.84613],[-55.94624,-24.84208],[-55.96187,-24.83925],[-55.96624,-24.8359],[-55.97253,-24.83374],[-55.98202,-24.83498],[-55.99052,-24.83842],[-55.98871,-24.86322],[-55.99766,-24.87092],[-55.99956,-24.87431],[-56.01592,-24.88161],[-56.02349,-24.88078],[-56.02426,-24.90604],[-56.02744,-24.91032],[-56.03327,-24.9058],[-56.05066,-24.90621],[-56.06874,-24.921],[-56.08894,-24.93273],[-56.09523,-24.9313],[-56.10297,-24.92231],[-56.11013,-24.91979],[-56.11883,-24.91881],[-56.12579,-24.91327],[-56.1289,-24.92988],[-56.12838,-24.93517],[-56.14429,-24.93853],[-56.15549,-24.9352],[-56.1619,-24.92835],[-56.17285,-24.90672],[-56.17713,-24.89269],[-56.18645,-24.88308],[-56.18914,-24.87297],[-56.19374,-24.86863],[-56.19499,-24.86546],[-56.1988,-24.86403],[-56.20006,-24.85568],[-56.2035,-24.85356],[-56.20584,-24.84785],[-56.2148,-24.83998],[-56.22443,-24.80677],[-56.22276,-24.80046],[-56.22788,-24.79349],[-56.23264,-24.79043],[-56.23317,-24.78799],[-56.24109,-24.77856],[-56.24448,-24.77733],[-56.24839,-24.77015],[-56.25485,-24.76617],[-56.26678,-24.78444],[-56.27822,-24.808],[-56.19716,-24.94045],[-56.2009,-24.93778],[-56.20885,-24.93575],[-56.22531,-24.9341],[-56.23367,-24.93046],[-56.23784,-24.92664],[-56.24057,-24.92767],[-56.24955,-24.92556],[-56.26672,-24.9293],[-56.27241,-24.93629],[-56.27177,-24.93877],[-56.27499,-24.93854],[-56.27803,-24.94112],[-56.29384,-24.9407],[-56.299,-24.9396],[-56.3019,-24.9322],[-56.30501,-24.92995],[-56.31362,-24.927],[-56.317,-24.92751],[-56.32087,-24.92268],[-56.32409,-24.92351],[-56.32865,-24.91717],[-56.3348,-24.91681],[-56.3434,-24.92154],[-56.34916,-24.91936],[-56.35309,-24.91939],[-56.35322,-24.92052],[-56.35587,-24.91749],[-56.36051,-24.91761],[-56.36863,-24.91242],[-56.38811,-24.912],[-56.39218,-24.91335],[-56.39331,-24.91628],[-56.4,-24.92171],[-56.40102,-24.92922],[-56.40283,-24.9312],[-56.40576,-24.93151],[-56.40696,-24.93367],[-56.41272,-24.93573],[-56.41533,-24.93301],[-56.41993,-24.93353],[-56.42711,-24.94406],[-56.51948,-25.00389],[-56.54537,-25.00315],[-56.55862,-24.99757],[-56.56448,-24.99734]]]}},{"type":"Feature","properties":{"shapeName":"CAAZAPA","shapeISO":"PY-6","shapeID":"63826900B61362972321879","shapeGroup":"PRY","shapeType":"ADM1"},"geometry":{"type":"Polygon","coordinates":[[[-56.62916,-26.19463],[-56.62886,-26.19929],[-56.6327,-26.20027],[-56.63113,-26.20408],[-56.6377,-26.20973],[-56.63887,-26.22121],[-56.6376,-26.22423],[-56.63906,-26.22747],[-56.64214,-26.22759],[-56.64355,-26.22322],[-56.64643,-26.22251],[-56.6512,-26.21638],[-56.65214,-26.22051],[-56.64955,-26.22259],[-56.65104,-26.225],[-56.6554,-26.22398],[-56.65528,-26.21961],[-56.66068,-26.22267],[-56.65943,-26.2266],[-56.66842,-26.22381],[-56.67394,-26.22727],[-56.67244,-26.23195],[-56.67679,-26.23625],[-56.67508,-26.23851],[-56.68035,-26.24042],[-56.687,-26.23961],[-56.68643,-26.24503],[-56.68993,-26.24545],[-56.68504,-26.24722],[-56.68497,-26.24935],[-56.68241,-26.25016],[-56.6832,-26.25262],[-56.68817,-26.25467],[-56.68838,-26.25842],[-56.6944,-26.26044],[-56.69872,-26.25997],[-56.69962,-26.2613],[-56.69595,-26.26534],[-56.69853,-26.26995],[-56.69845,-26.27402],[-56.69399,-26.27817],[-56.69506,-26.27999],[-56.6992,-26.27944],[-56.69932,-26.28115],[-56.69669,-26.2852],[-56.69304,-26.28326],[-56.69182,-26.28467],[-56.69288,-26.28705],[-56.69666,-26.28775],[-56.69686,-26.29347],[-56.69997,-26.29478],[-56.69794,-26.29726],[-56.69908,-26.30079],[-56.70671,-26.30097],[-56.70782,-26.30494],[-56.7113,-26.30837],[-56.7179,-26.30408],[-56.71795,-26.30845],[-56.72158,-26.31183],[-56.72496,-26.3122],[-56.72351,-26.31945],[-56.71945,-26.31865],[-56.71882,-26.31965],[-56.72321,-26.32341],[-56.72263,-26.32735],[-56.72727,-26.32641],[-56.72689,-26.33038],[-56.73637,-26.3343],[-56.73643,-26.33624],[-56.73323,-26.33837],[-56.7352,-26.34306],[-56.73067,-26.34355],[-56.73342,-26.34633],[-56.73255,-26.34977],[-56.7371,-26.34957],[-56.7392,-26.35267],[-56.74407,-26.35322],[-56.7434,-26.35527],[-56.73837,-26.35638],[-56.73878,-26.36048],[-56.73693,-26.36033],[-56.73561,-26.35816],[-56.73394,-26.35855],[-56.73422,-26.3603],[-56.73883,-26.36227],[-56.74143,-26.36534],[-56.73803,-26.36566],[-56.73801,-26.37062],[-56.74041,-26.37064],[-56.74219,-26.36775],[-56.74717,-26.36749],[-56.75115,-26.37025],[-56.75213,-26.36735],[-56.75516,-26.36585],[-56.75695,-26.36842],[-56.75645,-26.37107],[-56.76,-26.37171],[-56.75935,-26.37667],[-56.76322,-26.37829],[-56.76171,-26.38024],[-56.76258,-26.38259],[-56.75991,-26.38376],[-56.76143,-26.3876],[-56.75921,-26.38975],[-56.76338,-26.38999],[-56.76383,-26.39242],[-56.7619,-26.39502],[-56.76594,-26.39544],[-56.76625,-26.39674],[-56.76407,-26.39787],[-56.76088,-26.39569],[-56.75588,-26.3967],[-56.75821,-26.39966],[-56.7621,-26.39921],[-56.76076,-26.40467],[-56.75751,-26.40578],[-56.76123,-26.40879],[-56.76095,-26.41093],[-56.76328,-26.41034],[-56.7649,-26.41186],[-56.76405,-26.4132],[-56.7595,-26.41395],[-56.76134,-26.41783],[-56.76049,-26.42091],[-56.76903,-26.42634],[-56.77165,-26.43111],[-56.7763,-26.42856],[-56.77761,-26.43084],[-56.77672,-26.4333],[-56.77979,-26.43914],[-56.78129,-26.43891],[-56.78155,-26.43638],[-56.77971,-26.43077],[-56.78234,-26.43043],[-56.78408,-26.43327],[-56.78677,-26.43411],[-56.78755,-26.43032],[-56.78991,-26.43079],[-56.79582,-26.43972],[-56.789,-26.44412],[-56.79032,-26.44798],[-56.78761,-26.44954],[-56.78943,-26.45343],[-56.78598,-26.45393],[-56.78514,-26.45646],[-56.78637,-26.45803],[-56.79178,-26.45778],[-56.79282,-26.45885],[-56.78706,-26.46146],[-56.79068,-26.4688],[-56.79663,-26.47151],[-56.79586,-26.47373],[-56.79175,-26.4762],[-56.79345,-26.47712],[-56.79708,-26.47473],[-56.79829,-26.47906],[-56.80126,-26.48105],[-56.79991,-26.48454],[-56.80392,-26.48654],[-56.80455,-26.48957],[-56.81224,-26.48733],[-56.8214,-26.49577],[-56.82005,-26.50491],[-56.82475,-26.51277],[-56.82965,-26.51272],[-56.83096,-26.5084],[-56.82891,-26.50518],[-56.83094,-26.50372],[-56.83254,-26.50429],[-56.83238,-26.50888],[-56.83429,-26.5116],[-56.83647,-26.51198],[-56.83979,-26.50997],[-56.8421,-26.51065],[-56.84342,-26.51518],[-56.83646,-26.51941],[-56.83947,-26.51947],[-56.84078,-26.52181],[-56.84371,-26.5227],[-56.84205,-26.52574],[-56.84911,-26.52842],[-56.84402,-26.53358],[-56.84744,-26.53543],[-56.84833,-26.54155],[-56.84741,-26.54349],[-56.84577,-26.54349],[-56.84184,-26.53745],[-56.83791,-26.53643],[-56.83375,-26.54087],[-56.83418,-26.54693],[-56.8309,-26.54947],[-56.82886,-26.54831],[-56.8271,-26.54355],[-56.82097,-26.5436],[-56.82121,-26.54836],[-56.81755,-26.55365],[-56.81432,-26.56307],[-56.80711,-26.56824],[-56.80846,-26.57],[-56.81448,-26.56673],[-56.81743,-26.56715],[-56.81883,-26.57995],[-56.82194,-26.58488],[-56.82049,-26.58808],[-56.8139,-26.59288],[-56.81437,-26.60393],[-56.81004,-26.60815],[-56.80409,-26.60832],[-56.80649,-26.61057],[-56.80627,-26.61276],[-56.801,-26.61502],[-56.80586,-26.62029],[-56.80553,-26.6228],[-56.80022,-26.62285],[-56.79934,-26.6209],[-56.7949,-26.62061],[-56.78928,-26.62441],[-56.78821,-26.62329],[-56.78992,-26.62014],[-56.7891,-26.6188],[-56.78458,-26.62017],[-56.77159,-26.61689],[-56.77073,-26.61947],[-56.76531,-26.62052],[-56.76337,-26.62278],[-56.77045,-26.62742],[-56.77125,-26.63166],[-56.76964,-26.63842],[-56.76831,-26.63571],[-56.7633,-26.63513],[-56.7666,-26.63215],[-56.76559,-26.63045],[-56.75256,-26.63551],[-56.75012,-26.63205],[-56.75306,-26.63036],[-56.7528,-26.62849],[-56.74617,-26.62688],[-56.74375,-26.62331],[-56.73944,-26.62216],[-56.73775,-26.62407],[-56.73937,-26.62887],[-56.73161,-26.62529],[-56.72679,-26.62928],[-56.72719,-26.63461],[-56.7321,-26.6369],[-56.73241,-26.63911],[-56.73127,-26.64008],[-56.72532,-26.63817],[-56.72341,-26.64185],[-56.71922,-26.64329],[-56.71751,-26.64761],[-56.71161,-26.64759],[-56.70882,-26.65248],[-56.70702,-26.65214],[-56.70481,-26.64777],[-56.70145,-26.64727],[-56.7009,-26.64972],[-56.70361,-26.65374],[-56.699,-26.6551],[-56.69759,-26.65844],[-56.69529,-26.65793],[-56.69228,-26.653],[-56.68542,-26.65473],[-56.68064,-26.65247],[-56.67938,-26.65636],[-56.67696,-26.65743],[-56.67392,-26.65262],[-56.67129,-26.65615],[-56.66604,-26.65726],[-56.67022,-26.66126],[-56.6647,-26.66269],[-56.66518,-26.66854],[-56.66225,-26.67112],[-56.65786,-26.67168],[-56.65508,-26.67003],[-56.65509,-26.66796],[-56.65911,-26.66415],[-56.65781,-26.66215],[-56.64956,-26.66213],[-56.63645,-26.66628],[-56.63568,-26.66861],[-56.63813,-26.66972],[-56.63613,-26.67229],[-56.63745,-26.67799],[-56.63539,-26.68217],[-56.63831,-26.68058],[-56.64156,-26.68234],[-56.64244,-26.67943],[-56.64494,-26.678],[-56.64322,-26.68119],[-56.64792,-26.68356],[-56.64597,-26.68605],[-56.64661,-26.68779],[-56.64849,-26.68887],[-56.64993,-26.68571],[-56.65235,-26.68652],[-56.6482,-26.69047],[-56.65011,-26.69471],[-56.64716,-26.69635],[-56.65061,-26.6995],[-56.649,-26.70543],[-56.64984,-26.70843],[-56.65216,-26.70901],[-56.65319,-26.70658],[-56.65564,-26.70628],[-56.6533,-26.71059],[-56.65623,-26.71376],[-56.65519,-26.71989],[-56.65688,-26.72066],[-56.66014,-26.71832],[-56.66203,-26.71881],[-56.66208,-26.72302],[-56.6588,-26.72624],[-56.65646,-26.72212],[-56.65477,-26.72256],[-56.65498,-26.72653],[-56.65277,-26.72807],[-56.65041,-26.72803],[-56.64865,-26.72523],[-56.6457,-26.72472],[-56.64857,-26.72888],[-56.64881,-26.73199],[-56.64742,-26.73358],[-56.64139,-26.73494],[-56.64238,-26.74022],[-56.6401,-26.74411],[-56.63849,-26.74377],[-56.63631,-26.73907],[-56.63517,-26.74174],[-56.6308,-26.74043],[-56.6275,-26.74471],[-56.62478,-26.74356],[-56.62242,-26.74775],[-56.61996,-26.7475],[-56.61858,-26.74456],[-56.618,-26.74814],[-56.61572,-26.74684],[-56.61264,-26.748],[-56.61025,-26.74695],[-56.60981,-26.74305],[-56.6027,-26.74037],[-56.60144,-26.74171],[-56.60319,-26.74416],[-56.59146,-26.75042],[-56.58931,-26.74948],[-56.59192,-26.74777],[-56.58875,-26.74684],[-56.58505,-26.75125],[-56.58239,-26.74665],[-56.58188,-26.75001],[-56.5786,-26.75174],[-56.57301,-26.75836],[-56.57117,-26.75864],[-56.56785,-26.7561],[-56.56793,-26.75917],[-56.56527,-26.75858],[-56.56419,-26.76132],[-56.56138,-26.75816],[-56.56073,-26.75996],[-56.55628,-26.76158],[-56.55262,-26.75963],[-56.5499,-26.76256],[-56.549,-26.75745],[-56.53955,-26.75753],[-56.538,-26.76058],[-56.54098,-26.76365],[-56.53692,-26.76509],[-56.53818,-26.76776],[-56.54078,-26.76883],[-56.54044,-26.77026],[-56.53717,-26.77044],[-56.53445,-26.76764],[-56.53397,-26.77142],[-56.52876,-26.77322],[-56.52978,-26.77525],[-56.52758,-26.77922],[-56.52573,-26.77918],[-56.52477,-26.77559],[-56.52343,-26.77868],[-56.51844,-26.77828],[-56.52077,-26.7803],[-56.52017,-26.78148],[-56.51411,-26.77758],[-56.51319,-26.78066],[-56.50878,-26.78019],[-56.50851,-26.78179],[-56.51123,-26.78432],[-56.50716,-26.7857],[-56.50645,-26.78898],[-56.50279,-26.78899],[-56.50152,-26.79209],[-56.4987,-26.79049],[-56.49725,-26.79274],[-56.49102,-26.79437],[-56.48889,-26.793],[-56.49093,-26.78662],[-56.48528,-26.78524],[-56.48395,-26.78891],[-56.47789,-26.78649],[-56.47697,-26.78255],[-56.47302,-26.78355],[-56.47248,-26.78192],[-56.47632,-26.77892],[-56.47268,-26.77892],[-56.47047,-26.78079],[-56.46932,-26.77757],[-56.4719,-26.77559],[-56.46854,-26.77241],[-56.46558,-26.77383],[-56.4617,-26.77303],[-56.4581,-26.77409],[-56.45743,-26.77713],[-56.45383,-26.77761],[-56.45454,-26.77383],[-56.45126,-26.77504],[-56.44986,-26.77393],[-56.45098,-26.76992],[-56.44801,-26.77158],[-56.44392,-26.77012],[-56.44224,-26.77125],[-56.44395,-26.77347],[-56.43853,-26.77192],[-56.43877,-26.77508],[-56.43671,-26.77605],[-56.43641,-26.77342],[-56.43099,-26.77488],[-56.43056,-26.77269],[-56.42619,-26.77335],[-56.42733,-26.77032],[-56.42162,-26.77218],[-56.42168,-26.76901],[-56.41626,-26.76655],[-56.41638,-26.76286],[-56.41357,-26.76367],[-56.4102,-26.76258],[-56.40971,-26.76592],[-56.408,-26.76608],[-56.40627,-26.76433],[-56.40803,-26.76193],[-56.40379,-26.76206],[-56.40559,-26.75592],[-56.39908,-26.75584],[-56.40011,-26.75121],[-56.39763,-26.75203],[-56.39793,-26.74936],[-56.39431,-26.74843],[-56.39578,-26.7449],[-56.39182,-26.74397],[-56.38993,-26.74817],[-56.38887,-26.74609],[-56.38615,-26.74615],[-56.3866,-26.74416],[-56.3836,-26.74324],[-56.38307,-26.74029],[-56.38039,-26.74154],[-56.37818,-26.73941],[-56.37554,-26.74058],[-56.37081,-26.7394],[-56.36787,-26.73459],[-56.36163,-26.73318],[-56.35915,-26.7297],[-56.35701,-26.72915],[-56.35636,-26.72479],[-56.35234,-26.72498],[-56.35558,-26.72791],[-56.35479,-26.72923],[-56.3508,-26.72864],[-56.34876,-26.72646],[-56.34575,-26.72686],[-56.34516,-26.73188],[-56.34077,-26.72636],[-56.33732,-26.73186],[-56.33684,-26.72644],[-56.33256,-26.7248],[-56.33153,-26.73248],[-56.3296,-26.72878],[-56.32526,-26.72707],[-56.32176,-26.72805],[-56.31955,-26.7251],[-56.31755,-26.72908],[-56.31152,-26.72972],[-56.31029,-26.72754],[-56.30749,-26.729],[-56.30884,-26.72497],[-56.30747,-26.72299],[-56.30417,-26.72131],[-56.30186,-26.72245],[-56.296,-26.72144],[-56.29565,-26.7173],[-56.29388,-26.7201],[-56.28439,-26.71897],[-56.28242,-26.71566],[-56.278,-26.71361],[-56.27551,-26.70914],[-56.27504,-26.71165],[-56.27248,-26.71166],[-56.2709,-26.71348],[-56.26919,-26.71292],[-56.27001,-26.71081],[-56.26787,-26.70907],[-56.26924,-26.70616],[-56.26513,-26.7057],[-56.26724,-26.7022],[-56.26316,-26.70241],[-56.26244,-26.70081],[-56.26476,-26.70042],[-56.26485,-26.69912],[-56.26027,-26.69777],[-56.25532,-26.70169],[-56.24999,-26.70266],[-56.24391,-26.69927],[-56.24434,-26.69773],[-56.2469,-26.69705],[-56.24685,-26.69554],[-56.24306,-26.69615],[-56.24037,-26.69402],[-56.2389,-26.69685],[-56.23596,-26.69694],[-56.23635,-26.70044],[-56.23227,-26.69904],[-56.23274,-26.70177],[-56.23038,-26.70319],[-56.22758,-26.7027],[-56.22334,-26.70535],[-56.22271,-26.70248],[-56.22045,-26.70359],[-56.21888,-26.70261],[-56.22154,-26.69988],[-56.21792,-26.70076],[-56.21532,-26.69756],[-56.21097,-26.70055],[-56.21277,-26.70303],[-56.20938,-26.70332],[-56.20654,-26.70133],[-56.20632,-26.70463],[-56.20034,-26.70431],[-56.19939,-26.70633],[-56.2011,-26.70815],[-56.19724,-26.70742],[-56.19552,-26.71084],[-56.19353,-26.70856],[-56.19174,-26.71168],[-56.19098,-26.7092],[-56.18766,-26.71018],[-56.18456,-26.70632],[-56.18345,-26.70707],[-56.1855,-26.71067],[-56.1818,-26.71122],[-56.18038,-26.70856],[-56.17574,-26.70765],[-56.17599,-26.70504],[-56.17852,-26.70343],[-56.17524,-26.70195],[-56.17593,-26.70007],[-56.1741,-26.69812],[-56.17607,-26.69605],[-56.17678,-26.69916],[-56.17766,-26.69638],[-56.17968,-26.69627],[-56.17897,-26.69287],[-56.18319,-26.69102],[-56.18205,-26.68589],[-56.18564,-26.68382],[-56.18321,-26.68453],[-56.18127,-26.68289],[-56.1843,-26.68219],[-56.1846,-26.6782],[-56.18024,-26.67888],[-56.18132,-26.67693],[-56.17826,-26.67554],[-56.18006,-26.67213],[-56.17848,-26.66898],[-56.18128,-26.66702],[-56.17724,-26.66676],[-56.17889,-26.66352],[-56.17733,-26.66494],[-56.1743,-26.66206],[-56.17283,-26.66445],[-56.17249,-26.66164],[-56.16905,-26.66171],[-56.17237,-26.65956],[-56.16926,-26.65961],[-56.16878,-26.65691],[-56.16545,-26.65936],[-56.16479,-26.65608],[-56.16287,-26.65908],[-56.1586,-26.65545],[-56.16055,-26.65263],[-56.1564,-26.65237],[-56.15887,-26.64838],[-56.15576,-26.64767],[-56.15719,-26.64387],[-56.15497,-26.64238],[-56.15737,-26.64163],[-56.15444,-26.6394],[-56.15492,-26.63741],[-56.15305,-26.63903],[-56.15044,-26.63654],[-56.15,-26.63839],[-56.14779,-26.6374],[-56.1458,-26.63863],[-56.14676,-26.63664],[-56.14394,-26.63251],[-56.14091,-26.63391],[-56.1375,-26.63222],[-56.13698,-26.63311],[-56.13895,-26.63384],[-56.13599,-26.63586],[-56.13386,-26.63335],[-56.13044,-26.63482],[-56.12848,-26.63268],[-56.12521,-26.63355],[-56.12693,-26.63177],[-56.124,-26.63103],[-56.12513,-26.62871],[-56.12143,-26.63067],[-56.12195,-26.62773],[-56.11923,-26.62855],[-56.11685,-26.62665],[-56.11556,-26.62147],[-56.11775,-26.6193],[-56.11676,-26.61758],[-56.11803,-26.6159],[-56.11576,-26.61425],[-56.11819,-26.61391],[-56.11607,-26.61071],[-56.11675,-26.60928],[-56.1189,-26.60926],[-56.11839,-26.60723],[-56.12065,-26.60591],[-56.11918,-26.60482],[-56.12115,-26.60339],[-56.11906,-26.60179],[-56.12171,-26.60216],[-56.12067,-26.60106],[-56.12227,-26.60031],[-56.12251,-26.59639],[-56.11974,-26.59586],[-56.11662,-26.58855],[-56.11554,-26.59009],[-56.1138,-26.58915],[-56.11558,-26.58564],[-56.112,-26.58383],[-56.11486,-26.58328],[-56.11496,-26.58083],[-56.11305,-26.58166],[-56.11183,-26.57918],[-56.11351,-26.57754],[-56.11196,-26.5773],[-56.11008,-26.57221],[-56.10775,-26.57162],[-56.1066,-26.5692],[-56.10931,-26.57084],[-56.1091,-26.56903],[-56.10493,-26.56643],[-56.10763,-26.56483],[-56.10594,-26.56376],[-56.10713,-26.56209],[-56.10402,-26.56054],[-56.10302,-26.56228],[-56.10222,-26.56035],[-56.09993,-26.56136],[-56.10094,-26.55955],[-56.09874,-26.55799],[-56.10079,-26.558],[-56.10047,-26.5547],[-56.09848,-26.55641],[-56.09142,-26.54773],[-56.08851,-26.54863],[-56.08706,-26.54593],[-56.08547,-26.54572],[-56.08504,-26.54172],[-56.08441,-26.54485],[-56.07778,-26.541],[-56.07822,-26.53794],[-56.07681,-26.53911],[-56.07325,-26.53728],[-56.07195,-26.53263],[-56.06903,-26.5322],[-56.06685,-26.52834],[-56.06386,-26.52869],[-56.06421,-26.52574],[-56.05612,-26.52348],[-56.05076,-26.52798],[-56.0507,-26.53412],[-56.0458,-26.53387],[-56.04551,-26.53582],[-56.04736,-26.53649],[-56.04844,-26.53932],[-56.04658,-26.53872],[-56.0401,-26.54252],[-56.04131,-26.54435],[-56.03874,-26.54585],[-56.03603,-26.54507],[-56.03352,-26.54783],[-56.03032,-26.54707],[-56.0281,-26.5436],[-56.02567,-26.54427],[-56.02506,-26.54317],[-56.02974,-26.54021],[-56.03045,-26.53744],[-56.02896,-26.53694],[-56.03069,-26.53391],[-56.02705,-26.53085],[-56.02394,-26.53422],[-56.02052,-26.53263],[-56.01867,-26.53015],[-56.02125,-26.52806],[-56.01749,-26.52657],[-56.01964,-26.52647],[-56.01904,-26.52184],[-56.02018,-26.52103],[-56.01808,-26.51799],[-56.01871,-26.51598],[-56.016,-26.51617],[-56.01369,-26.51362],[-56.01176,-26.51482],[-56.00823,-26.51289],[-56.00752,-26.51472],[-56.00599,-26.51261],[-56.00597,-26.51445],[-56.0038,-26.51573],[-56.00057,-26.51223],[-55.99879,-26.51611],[-55.9929,-26.51116],[-55.9903,-26.51031],[-55.98885,-26.51154],[-55.98771,-26.50908],[-55.98616,-26.51125],[-55.9857,-26.51],[-55.98391,-26.51066],[-55.98063,-26.50926],[-55.97913,-26.51103],[-55.98078,-26.51222],[-55.97891,-26.5134],[-55.97192,-26.51081],[-55.97186,-26.51243],[-55.96697,-26.51494],[-55.96619,-26.51267],[-55.96345,-26.5127],[-55.96279,-26.51506],[-55.96039,-26.51133],[-55.95507,-26.51127],[-55.95033,-26.51541],[-55.94625,-26.51422],[-55.94183,-26.51588],[-55.94063,-26.51977],[-55.93643,-26.52127],[-55.93307,-26.51994],[-55.93204,-26.51786],[-55.93035,-26.51936],[-55.93108,-26.5167],[-55.92997,-26.51678],[-55.92954,-26.514],[-55.92814,-26.51559],[-55.92419,-26.51386],[-55.9195,-26.51675],[-55.91555,-26.51575],[-55.91649,-26.5131],[-55.91114,-26.51341],[-55.91214,-26.51194],[-55.91077,-26.51102],[-55.91292,-26.5089],[-55.91164,-26.50605],[-55.90782,-26.50396],[-55.90936,-26.50211],[-55.90682,-26.49992],[-55.90849,-26.49749],[-55.90597,-26.49885],[-55.90547,-26.49236],[-55.90134,-26.48909],[-55.89941,-26.49028],[-55.89984,-26.48887],[-55.8971,-26.48788],[-55.89818,-26.48585],[-55.89995,-26.48667],[-55.90029,-26.48423],[-55.89706,-26.4839],[-55.90124,-26.47943],[-55.8984,-26.47972],[-55.89921,-26.47688],[-55.89627,-26.47903],[-55.89469,-26.47561],[-55.89386,-26.47816],[-55.89313,-26.47496],[-55.89034,-26.47253],[-55.89283,-26.47231],[-55.89302,-26.4697],[-55.88798,-26.468],[-55.88706,-26.46551],[-55.88374,-26.46482],[-55.88467,-26.46361],[-55.88414,-26.46174],[-55.88256,-26.46156],[-55.88305,-26.4592],[-55.88061,-26.45887],[-55.87919,-26.46029],[-55.87907,-26.45695],[-55.87737,-26.45845],[-55.87618,-26.45773],[-55.88067,-26.45428],[-55.88053,-26.45293],[-55.87822,-26.45211],[-55.87633,-26.45415],[-55.87581,-26.45277],[-55.87776,-26.4511],[-55.87614,-26.45183],[-55.87646,-26.44987],[-55.87211,-26.44826],[-55.87183,-26.44681],[-55.87361,-26.44676],[-55.87187,-26.44465],[-55.87228,-26.44582],[-55.87025,-26.44617],[-55.87032,-26.44284],[-55.86889,-26.44494],[-55.86553,-26.44266],[-55.86609,-26.44391],[-55.86332,-26.44414],[-55.86476,-26.44231],[-55.86274,-26.44256],[-55.86247,-26.44018],[-55.85913,-26.44096],[-55.85578,-26.43916],[-55.85131,-26.43908],[-55.85069,-26.44021],[-55.85341,-26.44151],[-55.85266,-26.44387],[-55.8497,-26.44253],[-55.85087,-26.44389],[-55.85009,-26.44698],[-55.84755,-26.44657],[-55.84622,-26.44842],[-55.84289,-26.44361],[-55.84177,-26.44573],[-55.83735,-26.44538],[-55.83787,-26.44083],[-55.8348,-26.44139],[-55.83581,-26.43958],[-55.83451,-26.43799],[-55.83635,-26.43751],[-55.83439,-26.43717],[-55.83557,-26.43478],[-55.8326,-26.43467],[-55.83305,-26.43166],[-55.82974,-26.43048],[-55.83117,-26.43018],[-55.82986,-26.42731],[-55.83165,-26.4274],[-55.8321,-26.42522],[-55.83055,-26.4264],[-55.82925,-26.42525],[-55.82558,-26.42876],[-55.82154,-26.42697],[-55.82545,-26.42454],[-55.82544,-26.42244],[-55.82407,-26.42024],[-55.82291,-26.42086],[-55.82286,-26.41835],[-55.81894,-26.4144],[-55.82209,-26.4146],[-55.82007,-26.41128],[-55.8232,-26.41045],[-55.82475,-26.41164],[-55.82534,-26.40922],[-55.8203,-26.40578],[-55.82074,-26.40142],[-55.81513,-26.39653],[-55.81244,-26.39955],[-55.81075,-26.39758],[-55.81053,-26.39877],[-55.80795,-26.39773],[-55.80847,-26.39526],[-55.80585,-26.39709],[-55.80731,-26.39122],[-55.80534,-26.38741],[-55.80406,-26.38706],[-55.80201,-26.3896],[-55.79919,-26.38865],[-55.79885,-26.39067],[-55.79534,-26.38899],[-55.79439,-26.39142],[-55.79155,-26.3907],[-55.78869,-26.39212],[-55.78365,-26.38997],[-55.77977,-26.3917],[-55.77842,-26.39391],[-55.77408,-26.39247],[-55.76604,-26.39383],[-55.76186,-26.37983],[-55.75812,-26.38073],[-55.75342,-26.38628],[-55.75067,-26.38357],[-55.74568,-26.38291],[-55.74275,-26.37964],[-55.73662,-26.37966],[-55.73082,-26.36917],[-55.72592,-26.37339],[-55.71995,-26.37237],[-55.72112,-26.3662],[-55.71759,-26.36205],[-55.71453,-26.36299],[-55.70351,-26.36071],[-55.7002,-26.36443],[-55.69753,-26.3617],[-55.69376,-26.36118],[-55.69194,-26.35836],[-55.69043,-26.36091],[-55.68867,-26.36009],[-55.68661,-26.36212],[-55.68337,-26.35816],[-55.68091,-26.35865],[-55.67714,-26.36236],[-55.67496,-26.36161],[-55.67472,-26.36296],[-55.66765,-26.36553],[-55.66819,-26.37048],[-55.66315,-26.37902],[-55.66124,-26.37851],[-55.65865,-26.37331],[-55.6537,-26.37197],[-55.65012,-26.37365],[-55.64688,-26.37874],[-55.6424,-26.38127],[-55.64069,-26.38526],[-55.62994,-26.39564],[-55.62404,-26.39762],[-55.6204,-26.40308],[-55.61258,-26.40934],[-55.5959,-26.41739],[-55.59106,-26.41032],[-55.58239,-26.40507],[-55.5796,-26.39988],[-55.56748,-26.39002],[-55.56446,-26.37716],[-55.56474,-26.37033],[-55.56297,-26.36723],[-55.54585,-26.36619],[-55.53894,-26.36282],[-55.5311,-26.35255],[-55.51717,-26.35258],[-55.50662,-26.35678],[-55.49824,-26.35011],[-55.50714,-26.32722],[-55.5071,-26.31999],[-55.51314,-26.31387],[-55.50719,-26.30791],[-55.4984,-26.30718],[-55.48238,-26.31022],[-55.47141,-26.31722],[-55.46253,-26.31788],[-55.45726,-26.32045],[-55.45512,-26.32504],[-55.44834,-26.32438],[-55.44049,-26.32033],[-55.43628,-26.32046],[-55.42579,-26.31643],[-55.4188,-26.31607],[-55.39164,-26.31005],[-55.39,-26.30204],[-55.38145,-26.29803],[-55.37511,-26.29744],[-55.36949,-26.29212],[-55.36801,-26.28271],[-55.3641,-26.27932],[-55.35981,-26.26902],[-55.36167,-26.26389],[-55.36192,-26.25574],[-55.35827,-26.24421],[-55.35967,-26.23959],[-55.35783,-26.23781],[-55.35671,-26.23146],[-55.35813,-26.22738],[-55.36133,-26.22418],[-55.36549,-26.2219],[-55.3676,-26.22273],[-55.3671,-26.21207],[-55.36815,-26.21171],[-55.36408,-26.20675],[-55.36371,-26.19971],[-55.36157,-26.19948],[-55.36083,-26.20405],[-55.35882,-26.2058],[-55.35463,-26.20191],[-55.35287,-26.19768],[-55.35328,-26.19337],[-55.3515,-26.1928],[-55.3518,-26.18822],[-55.34842,-26.1854],[-55.34978,-26.18469],[-55.34837,-26.18007],[-55.34954,-26.17782],[-55.34574,-26.17143],[-55.35083,-26.16819],[-55.35156,-26.16567],[-55.34899,-26.16093],[-55.35045,-26.15931],[-55.34831,-26.15335],[-55.34943,-26.15311],[-55.34306,-26.14891],[-55.34372,-26.14796],[-55.34217,-26.14834],[-55.34312,-26.14518],[-55.34173,-26.14347],[-55.34335,-26.14128],[-55.34182,-26.13949],[-55.34374,-26.14],[-55.34377,-26.13501],[-55.34568,-26.13241],[-55.34327,-26.12544],[-55.34744,-26.11841],[-55.33998,-26.11629],[-55.34053,-26.11162],[-55.33796,-26.10895],[-55.34186,-26.10497],[-55.3376,-26.10326],[-55.33447,-26.1045],[-55.3224,-26.10009],[-55.32133,-26.1021],[-55.32358,-26.10303],[-55.32348,-26.10523],[-55.31793,-26.10615],[-55.31714,-26.10451],[-55.3163,-26.10514],[-55.31682,-26.102],[-55.3141,-26.09998],[-55.31741,-26.09662],[-55.31556,-26.09412],[-55.31674,-26.0926],[-55.31446,-26.09216],[-55.31234,-26.09327],[-55.30957,-26.0926],[-55.31025,-26.09401],[-55.30815,-26.09409],[-55.31031,-26.09689],[-55.30878,-26.10041],[-55.30263,-26.10107],[-55.29956,-26.10319],[-55.29662,-26.10274],[-55.29931,-26.09889],[-55.29584,-26.09803],[-55.30052,-26.09393],[-55.2994,-26.08792],[-55.29593,-26.08952],[-55.29193,-26.08871],[-55.29151,-26.08543],[-55.28839,-26.08359],[-55.28708,-26.08537],[-55.28872,-26.08999],[-55.28719,-26.0903],[-55.28677,-26.09232],[-55.28967,-26.09344],[-55.28974,-26.09506],[-55.28746,-26.09702],[-55.28528,-26.09486],[-55.28153,-26.09616],[-55.28105,-26.08902],[-55.27694,-26.08878],[-55.27824,-26.08686],[-55.27505,-26.0834],[-55.27166,-26.0839],[-55.26839,-26.0822],[-55.26747,-26.08081],[-55.26978,-26.07888],[-55.26832,-26.0777],[-55.26508,-26.07816],[-55.26296,-26.07623],[-55.25975,-26.07747],[-55.26035,-26.07892],[-55.25788,-26.0813],[-55.25572,-26.08027],[-55.25545,-26.07848],[-55.25059,-26.07837],[-55.2508,-26.07659],[-55.25589,-26.07358],[-55.25184,-26.07154],[-55.24819,-26.07151],[-55.2493,-26.06934],[-55.2558,-26.0652],[-55.25355,-26.06529],[-55.25503,-26.06324],[-55.25177,-26.06351],[-55.24994,-26.06169],[-55.25128,-26.0603],[-55.24946,-26.06018],[-55.24906,-26.05812],[-55.25363,-26.0503],[-55.2519,-26.0472],[-55.25341,-26.04185],[-55.25584,-26.04234],[-55.2571,-26.04033],[-55.25531,-26.03897],[-55.25748,-26.03691],[-55.2633,-26.03967],[-55.26502,-26.04411],[-55.26954,-26.04423],[-55.27383,-26.04043],[-55.27859,-26.05074],[-55.2831,-26.05265],[-55.28776,-26.04896],[-55.28923,-26.04158],[-55.29428,-26.03875],[-55.30138,-26.03848],[-55.3052,-26.04238],[-55.3067,-26.03553],[-55.31339,-26.0333],[-55.31506,-26.0317],[-55.31285,-26.03149],[-55.31686,-26.0296],[-55.31863,-26.02995],[-55.31945,-26.0262],[-55.32039,-26.02783],[-55.32163,-26.02699],[-55.32317,-26.02375],[-55.32111,-26.02183],[-55.3221,-26.01976],[-55.32621,-26.02235],[-55.33008,-26.02011],[-55.32931,-26.01859],[-55.32724,-26.01962],[-55.32538,-26.01881],[-55.32544,-26.01206],[-55.33012,-26.01245],[-55.32988,-26.00931],[-55.33202,-26.00862],[-55.33087,-26.00788],[-55.33229,-26.00622],[-55.33361,-26.00579],[-55.33418,-26.0071],[-55.33599,-26.00552],[-55.33635,-26.0073],[-55.33853,-26.00481],[-55.33973,-26.00726],[-55.34211,-26.00252],[-55.34441,-26.00223],[-55.34227,-26.00009],[-55.34395,-25.99949],[-55.34059,-25.99865],[-55.34138,-25.99773],[-55.33962,-25.9962],[-55.34306,-25.99293],[-55.34473,-25.99561],[-55.34717,-25.98977],[-55.35054,-25.99125],[-55.34856,-25.99194],[-55.34995,-25.99322],[-55.35876,-25.99277],[-55.35808,-25.99531],[-55.36296,-25.9959],[-55.3623,-25.99703],[-55.36384,-25.99707],[-55.36411,-25.99893],[-55.36262,-26.00066],[-55.36458,-26.00079],[-55.36317,-26.0035],[-55.36474,-26.0058],[-55.36892,-26.005],[-55.36917,-26.00271],[-55.37025,-26.00408],[-55.37249,-26.00059],[-55.37473,-26.00011],[-55.37561,-26.00368],[-55.37748,-26.0043],[-55.37815,-26.00111],[-55.38157,-25.99978],[-55.38073,-26.00272],[-55.38382,-26.00871],[-55.38207,-26.00926],[-55.3794,-26.00765],[-55.37512,-26.00924],[-55.37757,-26.01142],[-55.38106,-26.01095],[-55.38447,-26.01441],[-55.378,-26.01301],[-55.37861,-26.01615],[-55.37611,-26.0176],[-55.38032,-26.02258],[-55.38271,-26.02282],[-55.38445,-26.02686],[-55.38606,-26.02732],[-55.38573,-26.02574],[-55.38633,-26.02669],[-55.38757,-26.0244],[-55.38721,-26.02837],[-55.38513,-26.03086],[-55.38872,-26.0318],[-55.39246,-26.03533],[-55.39442,-26.03524],[-55.39395,-26.03313],[-55.39674,-26.03165],[-55.39591,-26.0301],[-55.39834,-26.027],[-55.40175,-26.02603],[-55.40364,-26.01974],[-55.40478,-26.01781],[-55.40616,-26.01821],[-55.40385,-26.00738],[-55.4056,-26.00404],[-55.40901,-26.00188],[-55.40788,-25.99954],[-55.40966,-25.9985],[-55.41643,-26.00267],[-55.42105,-26.00005],[-55.42232,-25.99726],[-55.42664,-25.99737],[-55.42523,-26.00032],[-55.42697,-26.00117],[-55.42503,-26.0014],[-55.42528,-26.00332],[-55.42683,-26.00695],[-55.42876,-26.0076],[-55.4282,-26.00883],[-55.43124,-26.00982],[-55.43254,-26.00877],[-55.4304,-26.00226],[-55.43479,-26.0033],[-55.43721,-25.99959],[-55.44352,-26.0029],[-55.45037,-26.00004],[-55.4501,-26.00105],[-55.45541,-26.00424],[-55.45704,-25.99696],[-55.45921,-25.99506],[-55.4586,-25.98951],[-55.46208,-25.98934],[-55.46502,-25.99809],[-55.4718,-25.99339],[-55.47537,-25.9942],[-55.47863,-25.99214],[-55.48357,-25.99398],[-55.49799,-25.98687],[-55.50418,-25.98691],[-55.50675,-25.9854],[-55.50792,-25.98656],[-55.51331,-25.98668],[-55.51333,-25.98778],[-55.51593,-25.98649],[-55.51873,-25.98792],[-55.51911,-25.99016],[-55.5247,-25.9943],[-55.52657,-25.99849],[-55.53185,-25.99312],[-55.53982,-25.99749],[-55.54365,-25.99533],[-55.54429,-25.99633],[-55.54465,-25.99504],[-55.55064,-25.99695],[-55.53889,-25.97173],[-55.53407,-25.96999],[-55.53556,-25.96655],[-55.53495,-25.95712],[-55.52921,-25.94833],[-55.52831,-25.94295],[-55.52222,-25.9364],[-55.52227,-25.92708],[-55.52471,-25.92473],[-55.52362,-25.91897],[-55.52059,-25.91554],[-55.51584,-25.90183],[-55.51637,-25.89865],[-55.51971,-25.89658],[-55.5182,-25.89287],[-55.5206,-25.89175],[-55.52313,-25.8931],[-55.5268,-25.88894],[-55.52561,-25.88035],[-55.52254,-25.8767],[-55.51873,-25.87541],[-55.5177,-25.87274],[-55.51459,-25.87531],[-55.51257,-25.87161],[-55.51223,-25.86984],[-55.51372,-25.86886],[-55.51235,-25.86815],[-55.51403,-25.8655],[-55.51283,-25.86514],[-55.51314,-25.8612],[-55.51422,-25.86155],[-55.51409,-25.86015],[-55.51554,-25.86091],[-55.51701,-25.85847],[-55.51801,-25.86159],[-55.52035,-25.85673],[-55.52264,-25.85642],[-55.52408,-25.85365],[-55.52717,-25.85253],[-55.52685,-25.85127],[-55.52865,-25.85158],[-55.52804,-25.84713],[-55.53002,-25.84589],[-55.52573,-25.83886],[-55.52571,-25.83418],[-55.52233,-25.82679],[-55.52374,-25.81821],[-55.52309,-25.8154],[-55.52167,-25.81507],[-55.52279,-25.81394],[-55.52135,-25.8133],[-55.52319,-25.81182],[-55.52187,-25.8041],[-55.51936,-25.80376],[-55.51902,-25.80158],[-55.51731,-25.8018],[-55.51585,-25.79618],[-55.51727,-25.79581],[-55.51682,-25.79158],[-55.51438,-25.78912],[-55.51443,-25.78563],[-55.51164,-25.78273],[-55.50891,-25.78303],[-55.50806,-25.78004],[-55.50565,-25.7813],[-55.5064,-25.78231],[-55.50218,-25.7817],[-55.5008,-25.77778],[-55.49882,-25.77748],[-55.49607,-25.77426],[-55.49835,-25.77292],[-55.49467,-25.77152],[-55.49221,-25.76618],[-55.4933,-25.76463],[-55.48946,-25.76366],[-55.48998,-25.76239],[-55.48698,-25.76095],[-55.48877,-25.75988],[-55.48713,-25.75719],[-55.4863,-25.75945],[-55.48523,-25.75681],[-55.48411,-25.75748],[-55.48278,-25.75467],[-55.48409,-25.75251],[-55.48289,-25.75198],[-55.48494,-25.75019],[-55.48535,-25.74702],[-55.48115,-25.74306],[-55.4826,-25.74183],[-55.48002,-25.7393],[-55.47937,-25.74123],[-55.47618,-25.73561],[-55.47497,-25.73584],[-55.47731,-25.73314],[-55.47867,-25.73433],[-55.48021,-25.73364],[-55.4777,-25.72912],[-55.47825,-25.72724],[-55.47454,-25.72536],[-55.47273,-25.72247],[-55.46851,-25.72108],[-55.46945,-25.71828],[-55.46577,-25.71728],[-55.46746,-25.717],[-55.46562,-25.71534],[-55.46811,-25.71536],[-55.46671,-25.71304],[-55.46758,-25.70916],[-55.46623,-25.7096],[-55.46555,-25.70538],[-55.46711,-25.70611],[-55.47053,-25.70172],[-55.47052,-25.69962],[-55.47212,-25.69889],[-55.47088,-25.69638],[-55.47246,-25.69451],[-55.47761,-25.69259],[-55.47658,-25.68928],[-55.47383,-25.6892],[-55.47299,-25.6868],[-55.47373,-25.68549],[-55.47443,-25.68719],[-55.47644,-25.68426],[-55.47763,-25.68539],[-55.47707,-25.68041],[-55.47153,-25.68052],[-55.47186,-25.67875],[-55.46873,-25.67712],[-55.46278,-25.67755],[-55.46265,-25.67584],[-55.46031,-25.67551],[-55.4614,-25.67371],[-55.45895,-25.67168],[-55.46019,-25.67063],[-55.45881,-25.66948],[-55.46021,-25.66797],[-55.45534,-25.66407],[-55.45623,-25.66017],[-55.45292,-25.65412],[-55.45114,-25.65573],[-55.45091,-25.65431],[-55.44641,-25.65518],[-55.44546,-25.65742],[-55.44014,-25.65816],[-55.4367,-25.66105],[-55.43276,-25.65928],[-55.42958,-25.66052],[-55.42979,-25.65924],[-55.42733,-25.65983],[-55.42678,-25.6546],[-55.42435,-25.6525],[-55.4264,-25.65215],[-55.42605,-25.65037],[-55.42402,-25.65151],[-55.41991,-25.64651],[-55.42223,-25.64528],[-55.41774,-25.64191],[-55.41786,-25.6394],[-55.4197,-25.63883],[-55.41627,-25.63395],[-55.41698,-25.63096],[-55.41417,-25.63216],[-55.41177,-25.62932],[-55.41027,-25.63067],[-55.40868,-25.62879],[-55.40869,-25.62391],[-55.40559,-25.62405],[-55.4064,-25.62294],[-55.40239,-25.62256],[-55.40277,-25.6212],[-55.40002,-25.6229],[-55.40154,-25.61815],[-55.39941,-25.61719],[-55.4015,-25.61594],[-55.39928,-25.61376],[-55.40399,-25.61313],[-55.40009,-25.61152],[-55.40204,-25.608],[-55.39926,-25.60409],[-55.40382,-25.59944],[-55.40524,-25.60139],[-55.4084,-25.59839],[-55.40972,-25.59339],[-55.41232,-25.59427],[-55.41185,-25.59248],[-55.41541,-25.58902],[-55.41251,-25.58855],[-55.41344,-25.58688],[-55.41801,-25.58679],[-55.41428,-25.5863],[-55.41311,-25.58406],[-55.41711,-25.58027],[-55.41619,-25.57645],[-55.41803,-25.57823],[-55.42053,-25.57574],[-55.42033,-25.5733],[-55.41819,-25.57197],[-55.42039,-25.57105],[-55.41911,-25.56869],[-55.42157,-25.56739],[-55.41886,-25.56602],[-55.42205,-25.56148],[-55.42129,-25.55936],[-55.42489,-25.5594],[-55.42316,-25.5565],[-55.42424,-25.55536],[-55.42606,-25.55754],[-55.43068,-25.54972],[-55.42853,-25.5471],[-55.4298,-25.54809],[-55.43217,-25.54686],[-55.43293,-25.54305],[-55.43723,-25.54519],[-55.4371,-25.54311],[-55.43929,-25.54286],[-55.44006,-25.54505],[-55.44335,-25.54595],[-55.44275,-25.54337],[-55.44518,-25.54296],[-55.44455,-25.53945],[-55.44865,-25.54058],[-55.44673,-25.53896],[-55.44869,-25.53922],[-55.44914,-25.53515],[-55.45462,-25.53593],[-55.45286,-25.53157],[-55.45643,-25.53341],[-55.4597,-25.53146],[-55.45725,-25.53032],[-55.45766,-25.52771],[-55.4621,-25.52961],[-55.46137,-25.52782],[-55.46595,-25.52748],[-55.46641,-25.52489],[-55.46853,-25.52697],[-55.47147,-25.52497],[-55.4752,-25.52722],[-55.47455,-25.52465],[-55.47787,-25.52369],[-55.47899,-25.52765],[-55.48132,-25.52832],[-55.48222,-25.53068],[-55.48746,-25.5322],[-55.48409,-25.54],[-55.48712,-25.54285],[-55.48586,-25.54518],[-55.4873,-25.54553],[-55.48813,-25.54368],[-55.49081,-25.54642],[-55.49068,-25.55419],[-55.49482,-25.55457],[-55.49498,-25.55666],[-55.49295,-25.55678],[-55.49273,-25.55805],[-55.49487,-25.5579],[-55.49652,-25.56138],[-55.50353,-25.56192],[-55.50263,-25.56506],[-55.50462,-25.56634],[-55.50699,-25.56151],[-55.50792,-25.56259],[-55.50941,-25.56138],[-55.51392,-25.56251],[-55.51548,-25.56457],[-55.51354,-25.56693],[-55.51471,-25.56606],[-55.51605,-25.56868],[-55.51819,-25.56827],[-55.51832,-25.57027],[-55.52261,-25.57001],[-55.52259,-25.57196],[-55.52454,-25.57292],[-55.52203,-25.57394],[-55.52493,-25.57407],[-55.52522,-25.57623],[-55.52839,-25.57781],[-55.53037,-25.57726],[-55.53013,-25.57867],[-55.53396,-25.57999],[-55.53517,-25.58503],[-55.53609,-25.58443],[-55.53835,-25.58694],[-55.53786,-25.58991],[-55.5364,-25.59001],[-55.5382,-25.5916],[-55.53721,-25.59235],[-55.53982,-25.59301],[-55.53833,-25.59705],[-55.53959,-25.59911],[-55.53843,-25.59948],[-55.53898,-25.60161],[-55.53688,-25.60068],[-55.53654,-25.60203],[-55.5355,-25.60159],[-55.53717,-25.60416],[-55.53426,-25.60817],[-55.53629,-25.61004],[-55.53457,-25.61131],[-55.53558,-25.61228],[-55.53393,-25.61511],[-55.53476,-25.61601],[-55.53577,-25.61494],[-55.53515,-25.6178],[-55.53659,-25.62084],[-55.54962,-25.61983],[-55.55027,-25.6266],[-55.55235,-25.62917],[-55.55366,-25.62892],[-55.55348,-25.6303],[-55.5568,-25.63119],[-55.55487,-25.63365],[-55.5575,-25.63643],[-55.56187,-25.63736],[-55.56425,-25.6359],[-55.56371,-25.63683],[-55.56632,-25.637],[-55.56627,-25.63505],[-55.57388,-25.63428],[-55.57388,-25.63561],[-55.57498,-25.63476],[-55.58111,-25.63726],[-55.58156,-25.63889],[-55.57931,-25.64142],[-55.58464,-25.64445],[-55.58366,-25.64792],[-55.58615,-25.64874],[-55.58488,-25.64936],[-55.58664,-25.65061],[-55.58542,-25.65244],[-55.5878,-25.65291],[-55.58722,-25.65417],[-55.59027,-25.65635],[-55.59169,-25.65515],[-55.59396,-25.6581],[-55.59435,-25.65654],[-55.59648,-25.65867],[-55.60342,-25.65909],[-55.60731,-25.65743],[-55.60841,-25.65903],[-55.60859,-25.65635],[-55.61031,-25.65518],[-55.60956,-25.65249],[-55.61485,-25.65377],[-55.61389,-25.64832],[-55.61862,-25.6499],[-55.61765,-25.6515],[-55.62102,-25.64961],[-55.62755,-25.6509],[-55.62632,-25.65185],[-55.62779,-25.65227],[-55.63359,-25.65027],[-55.63594,-25.65082],[-55.63738,-25.65468],[-55.64229,-25.65945],[-55.6429,-25.66279],[-55.64156,-25.66442],[-55.64322,-25.66719],[-55.64146,-25.66882],[-55.64365,-25.67272],[-55.6419,-25.67294],[-55.64332,-25.67528],[-55.64507,-25.67472],[-55.64357,-25.67636],[-55.64476,-25.67653],[-55.64442,-25.67823],[-55.6464,-25.67844],[-55.65116,-25.68371],[-55.6509,-25.68551],[-55.65293,-25.68622],[-55.65164,-25.68995],[-55.65332,-25.69183],[-55.65582,-25.69116],[-55.65515,-25.69619],[-55.66253,-25.69972],[-55.66207,-25.70275],[-55.66563,-25.70784],[-55.66507,-25.70935],[-55.66292,-25.70884],[-55.6619,-25.71327],[-55.66649,-25.7152],[-55.67162,-25.72066],[-55.67221,-25.72297],[-55.66987,-25.72211],[-55.66669,-25.72401],[-55.66774,-25.72421],[-55.66645,-25.72624],[-55.66777,-25.72803],[-55.66861,-25.72719],[-55.66785,-25.72921],[-55.67048,-25.72967],[-55.6713,-25.73235],[-55.67505,-25.73447],[-55.67367,-25.7373],[-55.67593,-25.7378],[-55.67904,-25.74222],[-55.68229,-25.74159],[-55.68106,-25.7403],[-55.68358,-25.73993],[-55.68538,-25.73731],[-55.68879,-25.73904],[-55.68961,-25.74299],[-55.69169,-25.74299],[-55.69195,-25.74076],[-55.6944,-25.74033],[-55.69549,-25.73688],[-55.70018,-25.73209],[-55.69987,-25.72974],[-55.70206,-25.72952],[-55.70174,-25.72625],[-55.70262,-25.72468],[-55.70398,-25.72499],[-55.70235,-25.72148],[-55.70412,-25.72208],[-55.70535,-25.72041],[-55.706,-25.72154],[-55.70604,-25.7197],[-55.70825,-25.71913],[-55.70786,-25.71745],[-55.71415,-25.72024],[-55.71451,-25.7179],[-55.71585,-25.71912],[-55.71723,-25.71802],[-55.71676,-25.71606],[-55.72061,-25.71454],[-55.72226,-25.71559],[-55.7238,-25.7126],[-55.72543,-25.71373],[-55.72434,-25.71116],[-55.7274,-25.71111],[-55.7278,-25.70936],[-55.7293,-25.71113],[-55.74161,-25.71118],[-55.74254,-25.71435],[-55.75449,-25.72013],[-55.75868,-25.71695],[-55.76221,-25.71797],[-55.76276,-25.723],[-55.76159,-25.72395],[-55.76457,-25.72484],[-55.76527,-25.72667],[-55.76245,-25.7291],[-55.76239,-25.73159],[-55.7648,-25.73284],[-55.76409,-25.73451],[-55.76262,-25.73433],[-55.76265,-25.73773],[-55.76068,-25.73926],[-55.76181,-25.73985],[-55.76055,-25.74819],[-55.75684,-25.74934],[-55.75689,-25.7471],[-55.75409,-25.75216],[-55.75536,-25.75371],[-55.75217,-25.75404],[-55.75359,-25.75723],[-55.75771,-25.75774],[-55.76037,-25.75981],[-55.75914,-25.76163],[-55.75796,-25.76064],[-55.7591,-25.76271],[-55.75732,-25.76546],[-55.75948,-25.76766],[-55.75519,-25.77169],[-55.75656,-25.77499],[-55.76092,-25.77543],[-55.76,-25.77727],[-55.76123,-25.7787],[-55.76689,-25.77567],[-55.76989,-25.77677],[-55.77097,-25.77471],[-55.77149,-25.77633],[-55.77382,-25.77555],[-55.77598,-25.77768],[-55.7788,-25.77661],[-55.77919,-25.77854],[-55.78485,-25.78181],[-55.78511,-25.78558],[-55.78806,-25.78597],[-55.78939,-25.78833],[-55.79587,-25.78954],[-55.79764,-25.79168],[-55.79647,-25.79446],[-55.7988,-25.79551],[-55.80014,-25.79437],[-55.79915,-25.79255],[-55.80251,-25.79124],[-55.80102,-25.78708],[-55.80448,-25.7875],[-55.81017,-25.78402],[-55.81362,-25.78409],[-55.81694,-25.78829],[-55.81654,-25.79052],[-55.82062,-25.79457],[-55.81947,-25.79621],[-55.82124,-25.79676],[-55.82178,-25.79886],[-55.82381,-25.79724],[-55.82656,-25.79782],[-55.83411,-25.80232],[-55.83626,-25.79986],[-55.84363,-25.80213],[-55.84766,-25.80164],[-55.84837,-25.8054],[-55.85322,-25.80963],[-55.85408,-25.80879],[-55.8538,-25.81164],[-55.85794,-25.81373],[-55.85809,-25.816],[-55.86133,-25.81817],[-55.86246,-25.81655],[-55.86341,-25.81851],[-55.86759,-25.81964],[-55.8719,-25.82413],[-55.87089,-25.82521],[-55.87516,-25.82792],[-55.87697,-25.83171],[-55.8763,-25.8362],[-55.88757,-25.85525],[-55.90078,-25.86753],[-55.91138,-25.87299],[-55.91236,-25.87605],[-55.9358,-25.85434],[-55.94398,-25.85499],[-55.94653,-25.85665],[-55.95146,-25.85547],[-55.95916,-25.85698],[-55.9742,-25.85311],[-55.98366,-25.85449],[-55.99343,-25.86486],[-55.99806,-25.87315],[-56.00712,-25.87441],[-56.01177,-25.88217],[-56.01739,-25.88426],[-56.01929,-25.88752],[-56.03096,-25.89469],[-56.03825,-25.89504],[-56.04845,-25.89086],[-56.09935,-26.01918],[-56.10909,-26.01556],[-56.11112,-26.01796],[-56.1128,-26.0177],[-56.11658,-26.02483],[-56.11997,-26.02531],[-56.12117,-26.03056],[-56.12482,-26.0318],[-56.12783,-26.02987],[-56.13517,-26.02868],[-56.14173,-26.03573],[-56.14867,-26.03816],[-56.15603,-26.04955],[-56.15894,-26.04998],[-56.16042,-26.05403],[-56.16512,-26.0549],[-56.16681,-26.05392],[-56.16877,-26.05873],[-56.17094,-26.05808],[-56.17206,-26.06066],[-56.18044,-26.06341],[-56.27254,-25.97798],[-56.2778,-25.97797],[-56.28096,-25.97619],[-56.28766,-25.98233],[-56.30164,-25.98369],[-56.31446,-25.99434],[-56.31568,-25.99711],[-56.32077,-25.99821],[-56.32335,-26.0022],[-56.32765,-26.00343],[-56.33546,-26.0025],[-56.33992,-26.00447],[-56.34105,-26.00957],[-56.34594,-26.01355],[-56.35231,-26.02633],[-56.35722,-26.02584],[-56.36227,-26.02335],[-56.36834,-26.02362],[-56.37129,-26.01776],[-56.37613,-26.01511],[-56.37911,-26.01607],[-56.38175,-26.01521],[-56.38677,-26.01895],[-56.39186,-26.01652],[-56.39572,-26.01758],[-56.39675,-26.0193],[-56.40036,-26.01903],[-56.40092,-26.02051],[-56.40564,-26.02157],[-56.40632,-26.02063],[-56.41091,-26.02387],[-56.40269,-26.13807],[-56.41013,-26.13979],[-56.42121,-26.1355],[-56.42314,-26.13291],[-56.4325,-26.12771],[-56.43734,-26.11927],[-56.43973,-26.11787],[-56.44711,-26.11736],[-56.45809,-26.11976],[-56.46322,-26.11848],[-56.4688,-26.11941],[-56.47064,-26.118],[-56.48085,-26.11659],[-56.48768,-26.11886],[-56.48959,-26.11696],[-56.49469,-26.11929],[-56.53109,-26.12205],[-56.53466,-26.11964],[-56.53893,-26.1215],[-56.53845,-26.12595],[-56.54232,-26.12433],[-56.54318,-26.12797],[-56.54672,-26.12888],[-56.54208,-26.13766],[-56.54306,-26.14192],[-56.54014,-26.14367],[-56.53871,-26.14938],[-56.54125,-26.15234],[-56.54062,-26.15654],[-56.54363,-26.15804],[-56.54302,-26.16197],[-56.54555,-26.16311],[-56.54641,-26.16607],[-56.55065,-26.16672],[-56.55162,-26.17017],[-56.54894,-26.1752],[-56.55083,-26.1764],[-56.55398,-26.17581],[-56.55214,-26.17882],[-56.55485,-26.17975],[-56.55538,-26.18171],[-56.55124,-26.18672],[-56.56007,-26.18908],[-56.56458,-26.18718],[-56.56568,-26.18847],[-56.56397,-26.19067],[-56.56476,-26.19182],[-56.56671,-26.19108],[-56.56718,-26.18623],[-56.56909,-26.18704],[-56.57026,-26.19103],[-56.57211,-26.19115],[-56.57196,-26.1867],[-56.57575,-26.1843],[-56.57894,-26.18502],[-56.58065,-26.18727],[-56.58453,-26.18501],[-56.58337,-26.18783],[-56.58543,-26.18851],[-56.5893,-26.18267],[-56.59617,-26.18031],[-56.59349,-26.17584],[-56.59737,-26.17604],[-56.60325,-26.17295],[-56.60526,-26.17623],[-56.61181,-26.17506],[-56.61382,-26.17837],[-56.6161,-26.17641],[-56.61777,-26.17932],[-56.62264,-26.17849],[-56.62566,-26.18423],[-56.6286,-26.18603],[-56.62753,-26.18877],[-56.62362,-26.19003],[-56.62326,-26.19555],[-56.62681,-26.19709],[-56.62768,-26.19067],[-56.62972,-26.19164],[-56.62916,-26.19463]]]}},{"type":"Feature","properties":{"shapeName":"ITAPUA","shapeISO":"PY-7","shapeID":"63826900B60028824512427","shapeGroup":"PRY","shapeType":"ADM1"},"geometry":{"type":"Polygon","coordinates":[[[-56.6588,-26.72624],[-56.64405,-26.97831],[-56.62923,-26.99726],[-56.62611,-27.00606],[-56.62586,-27.01642],[-56.64076,-27.03548],[-56.63478,-27.14631],[-56.64075,-27.15651],[-56.63892,-27.15911],[-56.63847,-27.1644],[-56.64501,-27.16929],[-56.65002,-27.17082],[-56.6517,-27.17],[-56.65483,-27.17205],[-56.65676,-27.1782],[-56.66194,-27.18405],[-56.663,-27.19075],[-56.66826,-27.19583],[-56.66964,-27.19662],[-56.67274,-27.19548],[-56.67306,-27.19712],[-56.67934,-27.19868],[-56.67968,-27.20064],[-56.68404,-27.19984],[-56.68837,-27.20091],[-56.68844,-27.20685],[-56.69024,-27.20606],[-56.69286,-27.20881],[-56.69533,-27.20828],[-56.69573,-27.21018],[-56.69016,-27.21762],[-56.69078,-27.2239],[-56.69394,-27.22712],[-56.69743,-27.22658],[-56.69814,-27.22401],[-56.70007,-27.22535],[-56.70148,-27.22421],[-56.70284,-27.22693],[-56.70413,-27.22622],[-56.70682,-27.22775],[-56.70805,-27.2299],[-56.70718,-27.23222],[-56.70964,-27.23577],[-56.70378,-27.23797],[-56.70578,-27.23949],[-56.70195,-27.23959],[-56.7009,-27.24244],[-56.6972,-27.24193],[-56.69753,-27.24484],[-56.69939,-27.24623],[-56.69879,-27.24775],[-56.69587,-27.24685],[-56.69499,-27.24884],[-56.69755,-27.25186],[-56.69643,-27.25317],[-56.69741,-27.25632],[-56.69436,-27.25833],[-56.69438,-27.26132],[-56.69234,-27.26372],[-56.69427,-27.26705],[-56.69818,-27.26808],[-56.69551,-27.26971],[-56.69643,-27.2719],[-56.69509,-27.27277],[-56.69401,-27.27108],[-56.69185,-27.27398],[-56.69047,-27.27246],[-56.68786,-27.27684],[-56.68456,-27.27749],[-56.68363,-27.27934],[-56.6815,-27.27835],[-56.68205,-27.28234],[-56.67768,-27.28342],[-56.67543,-27.28823],[-56.67314,-27.28781],[-56.67113,-27.29241],[-56.67009,-27.2919],[-56.67214,-27.2949],[-56.67375,-27.29476],[-56.67323,-27.29617],[-56.66937,-27.29655],[-56.66644,-27.29982],[-56.66824,-27.30123],[-56.66778,-27.30336],[-56.66957,-27.30169],[-56.67472,-27.30409],[-56.67325,-27.30727],[-56.67496,-27.30748],[-56.67249,-27.31081],[-56.67468,-27.31453],[-56.6719,-27.31565],[-56.67149,-27.31769],[-56.67796,-27.32227],[-56.6764,-27.32335],[-56.67447,-27.32251],[-56.6729,-27.325],[-56.67415,-27.33019],[-56.67224,-27.33009],[-56.67169,-27.33337],[-56.66925,-27.33392],[-56.66488,-27.33843],[-56.66966,-27.33772],[-56.67443,-27.34428],[-56.67896,-27.34475],[-56.67984,-27.34365],[-56.68428,-27.34657],[-56.68265,-27.34819],[-56.68543,-27.34996],[-56.68362,-27.35503],[-56.68811,-27.35779],[-56.68748,-27.36007],[-56.68942,-27.36463],[-56.69505,-27.36914],[-56.77251,-27.38833],[-56.79162,-27.39987],[-56.80531,-27.40007],[-56.81719,-27.39721],[-56.83149,-27.39938],[-56.84859,-27.41019],[-56.88484,-27.41256],[-56.86408,-27.42674],[-56.82938,-27.46067],[-56.82374,-27.46156],[-56.81647,-27.46748],[-56.80176,-27.47141],[-56.78582,-27.47984],[-56.77392,-27.4888],[-56.75052,-27.49775],[-56.7316,-27.49504],[-56.72741,-27.49244],[-56.72156,-27.48321],[-56.71909,-27.46625],[-56.69409,-27.45188],[-56.67586,-27.45221],[-56.63703,-27.44164],[-56.58934,-27.43819],[-56.57644,-27.44294],[-56.54884,-27.45844],[-56.53308,-27.47719],[-56.48168,-27.55581],[-56.44595,-27.57436],[-56.42909,-27.58584],[-56.40779,-27.59183],[-56.39236,-27.59124],[-56.37696,-27.58781],[-56.36752,-27.58114],[-56.36217,-27.57026],[-56.36018,-27.54718],[-56.3536,-27.53507],[-56.33424,-27.51063],[-56.29578,-27.47891],[-56.29056,-27.44874],[-56.29249,-27.41105],[-56.28687,-27.40646],[-56.26964,-27.39906],[-56.20912,-27.38506],[-56.20408,-27.38202],[-56.19223,-27.36899],[-56.17564,-27.34017],[-56.16227,-27.33209],[-56.1472,-27.3293],[-56.1105,-27.31141],[-56.09813,-27.30832],[-56.07965,-27.30591],[-56.04652,-27.30662],[-56.02439,-27.3226],[-56.00387,-27.33425],[-55.98578,-27.34249],[-55.95954,-27.3483],[-55.94056,-27.34881],[-55.88865,-27.3412],[-55.87947,-27.34724],[-55.87479,-27.35941],[-55.86437,-27.3746],[-55.86362,-27.39189],[-55.8496,-27.40691],[-55.82658,-27.42501],[-55.81638,-27.42631],[-55.78555,-27.44124],[-55.7477,-27.44468],[-55.73613,-27.44466],[-55.73154,-27.44319],[-55.71839,-27.42519],[-55.71402,-27.4124],[-55.68842,-27.3827],[-55.67901,-27.37506],[-55.65073,-27.36743],[-55.62879,-27.35715],[-55.60503,-27.34124],[-55.59076,-27.32628],[-55.58988,-27.32076],[-55.59138,-27.31421],[-55.59944,-27.29587],[-55.60122,-27.28614],[-55.59988,-27.27935],[-55.59543,-27.27529],[-55.57754,-27.26536],[-55.57686,-27.24439],[-55.58004,-27.23659],[-55.58772,-27.22904],[-55.6023,-27.21839],[-55.61685,-27.21027],[-55.62024,-27.2048],[-55.62102,-27.19845],[-55.62004,-27.18235],[-55.61169,-27.16766],[-55.60638,-27.16279],[-55.59778,-27.16112],[-55.58892,-27.16202],[-55.58001,-27.16766],[-55.57449,-27.16741],[-55.5623,-27.15952],[-55.56305,-27.14219],[-55.56579,-27.13237],[-55.56436,-27.12158],[-55.55519,-27.10602],[-55.53908,-27.10108],[-55.51013,-27.10383],[-55.48436,-27.10931],[-55.46768,-27.10985],[-55.45863,-27.10715],[-55.45245,-27.10237],[-55.44912,-27.09708],[-55.45268,-27.08795],[-55.45654,-27.05833],[-55.45066,-27.03584],[-55.44419,-27.0228],[-55.43653,-27.01067],[-55.42449,-26.99711],[-55.39047,-26.9733],[-55.37594,-26.96523],[-55.34697,-26.96418],[-55.32873,-26.96185],[-55.31326,-26.96393],[-55.30414,-26.96283],[-55.29179,-26.95661],[-55.27173,-26.94094],[-55.26213,-26.93725],[-55.25243,-26.93722],[-55.23889,-26.94169],[-55.21364,-26.96561],[-55.20671,-26.96886],[-55.19467,-26.96863],[-55.16792,-26.95873],[-55.13981,-26.95235],[-55.13217,-26.94522],[-55.13104,-26.93521],[-55.13993,-26.92084],[-55.14729,-26.90325],[-55.14945,-26.88982],[-55.14402,-26.87059],[-55.1396,-26.86414],[-55.12889,-26.85346],[-55.11935,-26.84746],[-55.09056,-26.83549],[-55.08449,-26.82997],[-55.0682,-26.80788],[-55.0539,-26.79834],[-55.0275,-26.79005],[-54.99827,-26.78791],[-54.97484,-26.79071],[-54.96812,-26.78942],[-54.95974,-26.78542],[-54.95365,-26.77899],[-54.94903,-26.77022],[-54.94488,-26.75595],[-54.94356,-26.73758],[-54.94809,-26.70174],[-54.94578,-26.69085],[-54.94095,-26.68142],[-54.91381,-26.6667],[-54.8765,-26.65641],[-54.86359,-26.65584],[-54.85554,-26.65713],[-54.84966,-26.65975],[-54.83756,-26.67136],[-54.83314,-26.67373],[-54.82272,-26.67385],[-54.8127,-26.6693],[-54.8009,-26.64908],[-54.78828,-26.63344],[-54.78376,-26.61428],[-54.78727,-26.59411],[-54.78543,-26.58697],[-54.7877,-26.58242],[-54.79636,-26.57638],[-54.80422,-26.56798],[-54.80735,-26.56241],[-54.80718,-26.55464],[-54.79963,-26.53357],[-54.78318,-26.51168],[-54.77349,-26.50448],[-54.75795,-26.49731],[-54.75219,-26.49303],[-54.73581,-26.47509],[-54.72245,-26.46567],[-54.71162,-26.45582],[-54.70464,-26.44615],[-54.7003,-26.43783],[-54.69739,-26.42356],[-54.69646,-26.40436],[-54.69785,-26.38219],[-54.6965,-26.37757],[-54.67456,-26.34407],[-54.66447,-26.33181],[-54.65195,-26.32085],[-54.64892,-26.31495],[-54.64816,-26.30977],[-54.65206,-26.29825],[-54.65811,-26.29447],[-54.66339,-26.28572],[-54.67489,-26.27846],[-54.6783,-26.27422],[-54.67853,-26.26247],[-54.67242,-26.25402],[-54.67519,-26.25044],[-54.67566,-26.24285],[-54.68506,-26.23517],[-54.69055,-26.23351],[-54.69317,-26.22807],[-54.70561,-26.22958],[-54.70333,-26.23498],[-54.69966,-26.23843],[-54.70047,-26.24346],[-54.69731,-26.25272],[-54.69913,-26.25597],[-54.70534,-26.2515],[-54.70684,-26.24894],[-54.70595,-26.24787],[-54.70872,-26.24604],[-54.70992,-26.23744],[-54.71348,-26.23607],[-54.71591,-26.23772],[-54.72217,-26.24838],[-54.719,-26.25487],[-54.72406,-26.25684],[-54.72619,-26.25691],[-54.72663,-26.25331],[-54.73423,-26.24803],[-54.73341,-26.24033],[-54.73486,-26.23779],[-54.74052,-26.23478],[-54.74041,-26.23867],[-54.74423,-26.24516],[-54.74372,-26.25044],[-54.74611,-26.2505],[-54.74552,-26.24909],[-54.74875,-26.24629],[-54.749,-26.24349],[-54.75294,-26.24056],[-54.75531,-26.24142],[-54.76266,-26.24942],[-54.76376,-26.24646],[-54.76153,-26.24464],[-54.7618,-26.23491],[-54.76947,-26.234],[-54.76953,-26.23772],[-54.77353,-26.23997],[-54.77378,-26.23772],[-54.77585,-26.23842],[-54.77634,-26.23669],[-54.7785,-26.23639],[-54.78076,-26.23129],[-54.78398,-26.22964],[-54.77934,-26.22358],[-54.7842,-26.22331],[-54.78578,-26.21879],[-54.78223,-26.20803],[-54.78679,-26.20569],[-54.79294,-26.20611],[-54.79286,-26.20376],[-54.80011,-26.20064],[-54.80016,-26.19662],[-54.80334,-26.19328],[-54.81248,-26.1955],[-54.81071,-26.18973],[-54.8152,-26.19001],[-54.81724,-26.1939],[-54.81202,-26.19893],[-54.8082,-26.20763],[-54.82046,-26.20957],[-54.82173,-26.21167],[-54.82422,-26.21198],[-54.82794,-26.21035],[-54.82717,-26.20651],[-54.82214,-26.20535],[-54.81996,-26.20336],[-54.82678,-26.20101],[-54.83599,-26.20331],[-54.82944,-26.19545],[-54.8345,-26.19416],[-54.83517,-26.1903],[-54.83995,-26.18822],[-54.83686,-26.18056],[-54.84063,-26.179],[-54.84349,-26.18056],[-54.84271,-26.18686],[-54.84388,-26.18816],[-54.84596,-26.18613],[-54.85542,-26.18888],[-54.85869,-26.18564],[-54.85678,-26.181],[-54.8607,-26.17992],[-54.86455,-26.18115],[-54.86958,-26.17612],[-54.8744,-26.1742],[-54.87427,-26.18443],[-54.87107,-26.18513],[-54.8707,-26.19063],[-54.87688,-26.19394],[-54.88207,-26.19313],[-54.88346,-26.19549],[-54.89333,-26.19246],[-54.89128,-26.19536],[-54.89658,-26.19572],[-54.89672,-26.19913],[-54.89828,-26.19973],[-54.90008,-26.19302],[-54.90371,-26.1945],[-54.90645,-26.19112],[-54.90509,-26.19042],[-54.90543,-26.18789],[-54.90821,-26.18063],[-54.91179,-26.18191],[-54.91187,-26.18788],[-54.91717,-26.19084],[-54.91657,-26.19291],[-54.91045,-26.19477],[-54.91328,-26.19675],[-54.91706,-26.19637],[-54.91958,-26.20211],[-54.91871,-26.20356],[-54.91549,-26.20254],[-54.90777,-26.20638],[-54.90373,-26.20607],[-54.90283,-26.20785],[-54.90945,-26.2106],[-54.91339,-26.21001],[-54.91749,-26.2126],[-54.90834,-26.22039],[-54.91014,-26.22216],[-54.91279,-26.22146],[-54.91619,-26.22325],[-54.91571,-26.22921],[-54.91862,-26.22976],[-54.9226,-26.22842],[-54.92575,-26.22498],[-54.92611,-26.22626],[-54.92733,-26.22571],[-54.92662,-26.22426],[-54.92114,-26.2246],[-54.92419,-26.22076],[-54.92283,-26.21917],[-54.9249,-26.21491],[-54.92831,-26.21342],[-54.92713,-26.2126],[-54.92979,-26.21211],[-54.92922,-26.21396],[-54.93434,-26.21903],[-54.93653,-26.21686],[-54.93503,-26.21409],[-54.93742,-26.21518],[-54.93952,-26.20838],[-54.94341,-26.2096],[-54.94656,-26.20602],[-54.95109,-26.20957],[-54.95015,-26.21219],[-54.94749,-26.21359],[-54.94912,-26.21639],[-54.94808,-26.21756],[-54.954,-26.21946],[-54.95752,-26.21637],[-54.95864,-26.21846],[-54.95766,-26.22289],[-54.95183,-26.22534],[-54.95282,-26.22825],[-54.94745,-26.23281],[-54.95012,-26.23889],[-54.95218,-26.23664],[-54.95646,-26.23645],[-54.95744,-26.22905],[-54.962,-26.22823],[-54.96321,-26.23036],[-54.96273,-26.22858],[-54.96413,-26.22838],[-54.96556,-26.23036],[-54.96819,-26.22924],[-54.96926,-26.22692],[-54.9738,-26.23142],[-54.96548,-26.23612],[-54.9661,-26.23784],[-54.97223,-26.23793],[-54.97429,-26.23951],[-54.98103,-26.23815],[-54.9816,-26.24237],[-54.98382,-26.2429],[-54.98548,-26.24229],[-54.98483,-26.23918],[-54.98645,-26.23849],[-54.98268,-26.23494],[-54.98588,-26.23239],[-54.98351,-26.23274],[-54.98195,-26.23086],[-54.98386,-26.22851],[-54.98929,-26.22663],[-54.99097,-26.22336],[-54.99202,-26.2249],[-54.99725,-26.22587],[-54.99698,-26.23066],[-54.99866,-26.23225],[-55.00211,-26.23437],[-55.01123,-26.23612],[-55.01242,-26.23479],[-55.01471,-26.23581],[-55.01542,-26.23417],[-55.01823,-26.2347],[-55.019,-26.23155],[-55.01752,-26.22937],[-55.0236,-26.22535],[-55.02557,-26.22909],[-55.02845,-26.22794],[-55.028,-26.22364],[-55.03172,-26.22243],[-55.03195,-26.22478],[-55.03401,-26.22472],[-55.03686,-26.22227],[-55.03826,-26.22684],[-55.03975,-26.22629],[-55.04134,-26.22766],[-55.03874,-26.2299],[-55.03685,-26.22749],[-55.03496,-26.22884],[-55.03418,-26.23169],[-55.0357,-26.2321],[-55.03432,-26.23242],[-55.03495,-26.23457],[-55.03368,-26.23445],[-55.03564,-26.2354],[-55.03545,-26.23791],[-55.03806,-26.23853],[-55.03736,-26.23766],[-55.04039,-26.23594],[-55.04088,-26.23751],[-55.04386,-26.23549],[-55.04494,-26.2383],[-55.05093,-26.23977],[-55.05006,-26.23742],[-55.05673,-26.23672],[-55.05524,-26.23505],[-55.05657,-26.23175],[-55.05936,-26.23068],[-55.06462,-26.23481],[-55.06357,-26.24093],[-55.06807,-26.24321],[-55.06997,-26.24244],[-55.07127,-26.23759],[-55.07869,-26.23664],[-55.07889,-26.22965],[-55.08241,-26.22952],[-55.08622,-26.22599],[-55.09391,-26.22764],[-55.10188,-26.22487],[-55.1027,-26.2225],[-55.1011,-26.22028],[-55.1025,-26.21466],[-55.10516,-26.21626],[-55.10875,-26.21584],[-55.11128,-26.21757],[-55.12349,-26.21949],[-55.12801,-26.21739],[-55.12991,-26.21783],[-55.12956,-26.21584],[-55.13309,-26.2099],[-55.13961,-26.20627],[-55.14953,-26.20676],[-55.15326,-26.21089],[-55.15897,-26.21173],[-55.16786,-26.2169],[-55.18415,-26.21355],[-55.18995,-26.21812],[-55.19332,-26.226],[-55.20129,-26.22859],[-55.20492,-26.23325],[-55.20978,-26.2358],[-55.21202,-26.23998],[-55.21895,-26.23915],[-55.22011,-26.24077],[-55.22482,-26.2421],[-55.22495,-26.24104],[-55.23037,-26.24479],[-55.23489,-26.24322],[-55.23914,-26.23912],[-55.26152,-26.23571],[-55.26277,-26.21667],[-55.26935,-26.21211],[-55.27667,-26.20322],[-55.28461,-26.20131],[-55.28691,-26.19901],[-55.28705,-26.19633],[-55.2903,-26.19537],[-55.28904,-26.18955],[-55.29616,-26.17711],[-55.2936,-26.17327],[-55.29359,-26.17052],[-55.29608,-26.16678],[-55.30126,-26.16622],[-55.30388,-26.16272],[-55.29949,-26.15456],[-55.29786,-26.15496],[-55.29658,-26.14883],[-55.30183,-26.14688],[-55.30896,-26.1401],[-55.31141,-26.13946],[-55.31279,-26.14014],[-55.31214,-26.14125],[-55.31474,-26.14011],[-55.31483,-26.14109],[-55.32057,-26.13872],[-55.32034,-26.13647],[-55.32262,-26.13386],[-55.31766,-26.13196],[-55.3176,-26.12913],[-55.31426,-26.12575],[-55.32262,-26.12016],[-55.32263,-26.11774],[-55.31787,-26.11705],[-55.31306,-26.11864],[-55.31144,-26.1147],[-55.31278,-26.11142],[-55.31186,-26.10836],[-55.30374,-26.10806],[-55.29956,-26.10319],[-55.30263,-26.10107],[-55.30878,-26.10041],[-55.31031,-26.09689],[-55.30815,-26.09409],[-55.31025,-26.09401],[-55.30957,-26.0926],[-55.31234,-26.09327],[-55.31446,-26.09216],[-55.31674,-26.0926],[-55.31556,-26.09412],[-55.31741,-26.09662],[-55.3141,-26.09998],[-55.31682,-26.102],[-55.3163,-26.10514],[-55.31714,-26.10451],[-55.31793,-26.10615],[-55.32348,-26.10523],[-55.32358,-26.10303],[-55.32133,-26.1021],[-55.3224,-26.10009],[-55.33447,-26.1045],[-55.3376,-26.10326],[-55.34186,-26.10497],[-55.33796,-26.10895],[-55.34053,-26.11162],[-55.33998,-26.11629],[-55.34744,-26.11841],[-55.34327,-26.12544],[-55.34568,-26.13241],[-55.34377,-26.13501],[-55.34374,-26.14],[-55.34182,-26.13949],[-55.34335,-26.14128],[-55.34173,-26.14347],[-55.34312,-26.14518],[-55.34217,-26.14834],[-55.34372,-26.14796],[-55.34306,-26.14891],[-55.34943,-26.15311],[-55.34831,-26.15335],[-55.35045,-26.15931],[-55.34899,-26.16093],[-55.35156,-26.16567],[-55.35083,-26.16819],[-55.34574,-26.17143],[-55.34954,-26.17782],[-55.34837,-26.18007],[-55.34978,-26.18469],[-55.34842,-26.1854],[-55.3518,-26.18822],[-55.3515,-26.1928],[-55.35328,-26.19337],[-55.35287,-26.19768],[-55.35463,-26.20191],[-55.35882,-26.2058],[-55.36083,-26.20405],[-55.36157,-26.19948],[-55.36371,-26.19971],[-55.36408,-26.20675],[-55.36815,-26.21171],[-55.3671,-26.21207],[-55.3676,-26.22273],[-55.36549,-26.2219],[-55.36133,-26.22418],[-55.35813,-26.22738],[-55.35671,-26.23146],[-55.35783,-26.23781],[-55.35967,-26.23959],[-55.35827,-26.24421],[-55.36192,-26.25574],[-55.36167,-26.26389],[-55.35981,-26.26902],[-55.3641,-26.27932],[-55.36801,-26.28271],[-55.36949,-26.29212],[-55.37511,-26.29744],[-55.38145,-26.29803],[-55.39,-26.30204],[-55.39164,-26.31005],[-55.4188,-26.31607],[-55.42579,-26.31643],[-55.43628,-26.32046],[-55.44049,-26.32033],[-55.44834,-26.32438],[-55.45512,-26.32504],[-55.45726,-26.32045],[-55.46253,-26.31788],[-55.47141,-26.31722],[-55.48238,-26.31022],[-55.4984,-26.30718],[-55.50719,-26.30791],[-55.51314,-26.31387],[-55.5071,-26.31999],[-55.50714,-26.32722],[-55.49824,-26.35011],[-55.50662,-26.35678],[-55.51717,-26.35258],[-55.5311,-26.35255],[-55.53894,-26.36282],[-55.54585,-26.36619],[-55.56297,-26.36723],[-55.56474,-26.37033],[-55.56446,-26.37716],[-55.56748,-26.39002],[-55.5796,-26.39988],[-55.58239,-26.40507],[-55.59106,-26.41032],[-55.5959,-26.41739],[-55.61258,-26.40934],[-55.6204,-26.40308],[-55.62404,-26.39762],[-55.62994,-26.39564],[-55.64069,-26.38526],[-55.6424,-26.38127],[-55.64688,-26.37874],[-55.65012,-26.37365],[-55.6537,-26.37197],[-55.65865,-26.37331],[-55.66124,-26.37851],[-55.66315,-26.37902],[-55.66819,-26.37048],[-55.66765,-26.36553],[-55.67472,-26.36296],[-55.67496,-26.36161],[-55.67714,-26.36236],[-55.68091,-26.35865],[-55.68337,-26.35816],[-55.68661,-26.36212],[-55.68867,-26.36009],[-55.69043,-26.36091],[-55.69194,-26.35836],[-55.69376,-26.36118],[-55.69753,-26.3617],[-55.7002,-26.36443],[-55.70351,-26.36071],[-55.71453,-26.36299],[-55.71759,-26.36205],[-55.72112,-26.3662],[-55.71995,-26.37237],[-55.72592,-26.37339],[-55.73082,-26.36917],[-55.73662,-26.37966],[-55.74275,-26.37964],[-55.74568,-26.38291],[-55.75067,-26.38357],[-55.75342,-26.38628],[-55.75812,-26.38073],[-55.76186,-26.37983],[-55.76604,-26.39383],[-55.77408,-26.39247],[-55.77842,-26.39391],[-55.77977,-26.3917],[-55.78365,-26.38997],[-55.78869,-26.39212],[-55.79155,-26.3907],[-55.79439,-26.39142],[-55.79534,-26.38899],[-55.79885,-26.39067],[-55.79919,-26.38865],[-55.80201,-26.3896],[-55.80406,-26.38706],[-55.80534,-26.38741],[-55.80731,-26.39122],[-55.80585,-26.39709],[-55.80847,-26.39526],[-55.80795,-26.39773],[-55.81053,-26.39877],[-55.81075,-26.39758],[-55.81244,-26.39955],[-55.81513,-26.39653],[-55.82074,-26.40142],[-55.8203,-26.40578],[-55.82534,-26.40922],[-55.82475,-26.41164],[-55.8232,-26.41045],[-55.82007,-26.41128],[-55.82209,-26.4146],[-55.81894,-26.4144],[-55.82286,-26.41835],[-55.82291,-26.42086],[-55.82407,-26.42024],[-55.82544,-26.42244],[-55.82545,-26.42454],[-55.82154,-26.42697],[-55.82558,-26.42876],[-55.82925,-26.42525],[-55.83055,-26.4264],[-55.8321,-26.42522],[-55.83165,-26.4274],[-55.82986,-26.42731],[-55.83117,-26.43018],[-55.82974,-26.43048],[-55.83305,-26.43166],[-55.8326,-26.43467],[-55.83557,-26.43478],[-55.83439,-26.43717],[-55.83635,-26.43751],[-55.83451,-26.43799],[-55.83581,-26.43958],[-55.8348,-26.44139],[-55.83787,-26.44083],[-55.83735,-26.44538],[-55.84177,-26.44573],[-55.84289,-26.44361],[-55.84622,-26.44842],[-55.84755,-26.44657],[-55.85009,-26.44698],[-55.85087,-26.44389],[-55.8497,-26.44253],[-55.85266,-26.44387],[-55.85341,-26.44151],[-55.85069,-26.44021],[-55.85131,-26.43908],[-55.85578,-26.43916],[-55.85913,-26.44096],[-55.86247,-26.44018],[-55.86274,-26.44256],[-55.86476,-26.44231],[-55.86332,-26.44414],[-55.86609,-26.44391],[-55.86553,-26.44266],[-55.86889,-26.44494],[-55.87032,-26.44284],[-55.87025,-26.44617],[-55.87228,-26.44582],[-55.87187,-26.44465],[-55.87361,-26.44676],[-55.87183,-26.44681],[-55.87211,-26.44826],[-55.87646,-26.44987],[-55.87614,-26.45183],[-55.87776,-26.4511],[-55.87581,-26.45277],[-55.87633,-26.45415],[-55.87822,-26.45211],[-55.88053,-26.45293],[-55.88067,-26.45428],[-55.87618,-26.45773],[-55.87737,-26.45845],[-55.87907,-26.45695],[-55.87919,-26.46029],[-55.88061,-26.45887],[-55.88305,-26.4592],[-55.88256,-26.46156],[-55.88414,-26.46174],[-55.88467,-26.46361],[-55.88374,-26.46482],[-55.88706,-26.46551],[-55.88798,-26.468],[-55.89302,-26.4697],[-55.89283,-26.47231],[-55.89034,-26.47253],[-55.89313,-26.47496],[-55.89386,-26.47816],[-55.89469,-26.47561],[-55.89627,-26.47903],[-55.89921,-26.47688],[-55.8984,-26.47972],[-55.90124,-26.47943],[-55.89706,-26.4839],[-55.90029,-26.48423],[-55.89995,-26.48667],[-55.89818,-26.48585],[-55.8971,-26.48788],[-55.89984,-26.48887],[-55.89941,-26.49028],[-55.90134,-26.48909],[-55.90547,-26.49236],[-55.90597,-26.49885],[-55.90849,-26.49749],[-55.90682,-26.49992],[-55.90936,-26.50211],[-55.90782,-26.50396],[-55.91164,-26.50605],[-55.91292,-26.5089],[-55.91077,-26.51102],[-55.91214,-26.51194],[-55.91114,-26.51341],[-55.91649,-26.5131],[-55.91555,-26.51575],[-55.9195,-26.51675],[-55.92419,-26.51386],[-55.92814,-26.51559],[-55.92954,-26.514],[-55.92997,-26.51678],[-55.93108,-26.5167],[-55.93035,-26.51936],[-55.93204,-26.51786],[-55.93307,-26.51994],[-55.93643,-26.52127],[-55.94063,-26.51977],[-55.94183,-26.51588],[-55.94625,-26.51422],[-55.95033,-26.51541],[-55.95507,-26.51127],[-55.96039,-26.51133],[-55.96279,-26.51506],[-55.96345,-26.5127],[-55.96619,-26.51267],[-55.96697,-26.51494],[-55.97186,-26.51243],[-55.97192,-26.51081],[-55.97891,-26.5134],[-55.98078,-26.51222],[-55.97913,-26.51103],[-55.98063,-26.50926],[-55.98391,-26.51066],[-55.9857,-26.51],[-55.98616,-26.51125],[-55.98771,-26.50908],[-55.98885,-26.51154],[-55.9903,-26.51031],[-55.9929,-26.51116],[-55.99879,-26.51611],[-56.00057,-26.51223],[-56.0038,-26.51573],[-56.00597,-26.51445],[-56.00599,-26.51261],[-56.00752,-26.51472],[-56.00823,-26.51289],[-56.01176,-26.51482],[-56.01369,-26.51362],[-56.016,-26.51617],[-56.01871,-26.51598],[-56.01808,-26.51799],[-56.02018,-26.52103],[-56.01904,-26.52184],[-56.01964,-26.52647],[-56.01749,-26.52657],[-56.02125,-26.52806],[-56.01867,-26.53015],[-56.02052,-26.53263],[-56.02394,-26.53422],[-56.02705,-26.53085],[-56.03069,-26.53391],[-56.02896,-26.53694],[-56.03045,-26.53744],[-56.02974,-26.54021],[-56.02506,-26.54317],[-56.02567,-26.54427],[-56.0281,-26.5436],[-56.03032,-26.54707],[-56.03352,-26.54783],[-56.03603,-26.54507],[-56.03874,-26.54585],[-56.04131,-26.54435],[-56.0401,-26.54252],[-56.04658,-26.53872],[-56.04844,-26.53932],[-56.04736,-26.53649],[-56.04551,-26.53582],[-56.0458,-26.53387],[-56.0507,-26.53412],[-56.05076,-26.52798],[-56.05612,-26.52348],[-56.06421,-26.52574],[-56.06386,-26.52869],[-56.06685,-26.52834],[-56.06903,-26.5322],[-56.07195,-26.53263],[-56.07325,-26.53728],[-56.07681,-26.53911],[-56.07822,-26.53794],[-56.07778,-26.541],[-56.08441,-26.54485],[-56.08504,-26.54172],[-56.08547,-26.54572],[-56.08706,-26.54593],[-56.08851,-26.54863],[-56.09142,-26.54773],[-56.09848,-26.55641],[-56.10047,-26.5547],[-56.10079,-26.558],[-56.09874,-26.55799],[-56.10094,-26.55955],[-56.09993,-26.56136],[-56.10222,-26.56035],[-56.10302,-26.56228],[-56.10402,-26.56054],[-56.10713,-26.56209],[-56.10594,-26.56376],[-56.10763,-26.56483],[-56.10493,-26.56643],[-56.1091,-26.56903],[-56.10931,-26.57084],[-56.1066,-26.5692],[-56.10775,-26.57162],[-56.11008,-26.57221],[-56.11196,-26.5773],[-56.11351,-26.57754],[-56.11183,-26.57918],[-56.11305,-26.58166],[-56.11496,-26.58083],[-56.11486,-26.58328],[-56.112,-26.58383],[-56.11558,-26.58564],[-56.1138,-26.58915],[-56.11554,-26.59009],[-56.11662,-26.58855],[-56.11974,-26.59586],[-56.12251,-26.59639],[-56.12227,-26.60031],[-56.12067,-26.60106],[-56.12171,-26.60216],[-56.11906,-26.60179],[-56.12115,-26.60339],[-56.11918,-26.60482],[-56.12065,-26.60591],[-56.11839,-26.60723],[-56.1189,-26.60926],[-56.11675,-26.60928],[-56.11607,-26.61071],[-56.11819,-26.61391],[-56.11576,-26.61425],[-56.11803,-26.6159],[-56.11676,-26.61758],[-56.11775,-26.6193],[-56.11556,-26.62147],[-56.11685,-26.62665],[-56.11923,-26.62855],[-56.12195,-26.62773],[-56.12143,-26.63067],[-56.12513,-26.62871],[-56.124,-26.63103],[-56.12693,-26.63177],[-56.12521,-26.63355],[-56.12848,-26.63268],[-56.13044,-26.63482],[-56.13386,-26.63335],[-56.13599,-26.63586],[-56.13895,-26.63384],[-56.13698,-26.63311],[-56.1375,-26.63222],[-56.14091,-26.63391],[-56.14394,-26.63251],[-56.14676,-26.63664],[-56.1458,-26.63863],[-56.14779,-26.6374],[-56.15,-26.63839],[-56.15044,-26.63654],[-56.15305,-26.63903],[-56.15492,-26.63741],[-56.15444,-26.6394],[-56.15737,-26.64163],[-56.15497,-26.64238],[-56.15719,-26.64387],[-56.15576,-26.64767],[-56.15887,-26.64838],[-56.1564,-26.65237],[-56.16055,-26.65263],[-56.1586,-26.65545],[-56.16287,-26.65908],[-56.16479,-26.65608],[-56.16545,-26.65936],[-56.16878,-26.65691],[-56.16926,-26.65961],[-56.17237,-26.65956],[-56.16905,-26.66171],[-56.17249,-26.66164],[-56.17283,-26.66445],[-56.1743,-26.66206],[-56.17733,-26.66494],[-56.17889,-26.66352],[-56.17724,-26.66676],[-56.18128,-26.66702],[-56.17848,-26.66898],[-56.18006,-26.67213],[-56.17826,-26.67554],[-56.18132,-26.67693],[-56.18024,-26.67888],[-56.1846,-26.6782],[-56.1843,-26.68219],[-56.18127,-26.68289],[-56.18321,-26.68453],[-56.18564,-26.68382],[-56.18205,-26.68589],[-56.18319,-26.69102],[-56.17897,-26.69287],[-56.17968,-26.69627],[-56.17766,-26.69638],[-56.17678,-26.69916],[-56.17607,-26.69605],[-56.1741,-26.69812],[-56.17593,-26.70007],[-56.17524,-26.70195],[-56.17852,-26.70343],[-56.17599,-26.70504],[-56.17574,-26.70765],[-56.18038,-26.70856],[-56.1818,-26.71122],[-56.1855,-26.71067],[-56.18345,-26.70707],[-56.18456,-26.70632],[-56.18766,-26.71018],[-56.19098,-26.7092],[-56.19174,-26.71168],[-56.19353,-26.70856],[-56.19552,-26.71084],[-56.19724,-26.70742],[-56.2011,-26.70815],[-56.19939,-26.70633],[-56.20034,-26.70431],[-56.20632,-26.70463],[-56.20654,-26.70133],[-56.20938,-26.70332],[-56.21277,-26.70303],[-56.21097,-26.70055],[-56.21532,-26.69756],[-56.21792,-26.70076],[-56.22154,-26.69988],[-56.21888,-26.70261],[-56.22045,-26.70359],[-56.22271,-26.70248],[-56.22334,-26.70535],[-56.22758,-26.7027],[-56.23038,-26.70319],[-56.23274,-26.70177],[-56.23227,-26.69904],[-56.23635,-26.70044],[-56.23596,-26.69694],[-56.2389,-26.69685],[-56.24037,-26.69402],[-56.24306,-26.69615],[-56.24685,-26.69554],[-56.2469,-26.69705],[-56.24434,-26.69773],[-56.24391,-26.69927],[-56.24999,-26.70266],[-56.25532,-26.70169],[-56.26027,-26.69777],[-56.26485,-26.69912],[-56.26476,-26.70042],[-56.26244,-26.70081],[-56.26316,-26.70241],[-56.26724,-26.7022],[-56.26513,-26.7057],[-56.26924,-26.70616],[-56.26787,-26.70907],[-56.27001,-26.71081],[-56.26919,-26.71292],[-56.2709,-26.71348],[-56.27248,-26.71166],[-56.27504,-26.71165],[-56.27551,-26.70914],[-56.278,-26.71361],[-56.28242,-26.71566],[-56.28439,-26.71897],[-56.29388,-26.7201],[-56.29565,-26.7173],[-56.296,-26.72144],[-56.30186,-26.72245],[-56.30417,-26.72131],[-56.30747,-26.72299],[-56.30884,-26.72497],[-56.30749,-26.729],[-56.31029,-26.72754],[-56.31152,-26.72972],[-56.31755,-26.72908],[-56.31955,-26.7251],[-56.32176,-26.72805],[-56.32526,-26.72707],[-56.3296,-26.72878],[-56.33153,-26.73248],[-56.33256,-26.7248],[-56.33684,-26.72644],[-56.33732,-26.73186],[-56.34077,-26.72636],[-56.34516,-26.73188],[-56.34575,-26.72686],[-56.34876,-26.72646],[-56.3508,-26.72864],[-56.35479,-26.72923],[-56.35558,-26.72791],[-56.35234,-26.72498],[-56.35636,-26.72479],[-56.35701,-26.72915],[-56.35915,-26.7297],[-56.36163,-26.73318],[-56.36787,-26.73459],[-56.37081,-26.7394],[-56.37554,-26.74058],[-56.37818,-26.73941],[-56.38039,-26.74154],[-56.38307,-26.74029],[-56.3836,-26.74324],[-56.3866,-26.74416],[-56.38615,-26.74615],[-56.38887,-26.74609],[-56.38993,-26.74817],[-56.39182,-26.74397],[-56.39578,-26.7449],[-56.39431,-26.74843],[-56.39793,-26.74936],[-56.39763,-26.75203],[-56.40011,-26.75121],[-56.39908,-26.75584],[-56.40559,-26.75592],[-56.40379,-26.76206],[-56.40803,-26.76193],[-56.40627,-26.76433],[-56.408,-26.76608],[-56.40971,-26.76592],[-56.4102,-26.76258],[-56.41357,-26.76367],[-56.41638,-26.76286],[-56.41626,-26.76655],[-56.42168,-26.76901],[-56.42162,-26.77218],[-56.42733,-26.77032],[-56.42619,-26.77335],[-56.43056,-26.77269],[-56.43099,-26.77488],[-56.43641,-26.77342],[-56.43671,-26.77605],[-56.43877,-26.77508],[-56.43853,-26.77192],[-56.44395,-26.77347],[-56.44224,-26.77125],[-56.44392,-26.77012],[-56.44801,-26.77158],[-56.45098,-26.76992],[-56.44986,-26.77393],[-56.45126,-26.77504],[-56.45454,-26.77383],[-56.45383,-26.77761],[-56.45743,-26.77713],[-56.4581,-26.77409],[-56.4617,-26.77303],[-56.46558,-26.77383],[-56.46854,-26.77241],[-56.4719,-26.77559],[-56.46932,-26.77757],[-56.47047,-26.78079],[-56.47268,-26.77892],[-56.47632,-26.77892],[-56.47248,-26.78192],[-56.47302,-26.78355],[-56.47697,-26.78255],[-56.47789,-26.78649],[-56.48395,-26.78891],[-56.48528,-26.78524],[-56.49093,-26.78662],[-56.48889,-26.793],[-56.49102,-26.79437],[-56.49725,-26.79274],[-56.4987,-26.79049],[-56.50152,-26.79209],[-56.50279,-26.78899],[-56.50645,-26.78898],[-56.50716,-26.7857],[-56.51123,-26.78432],[-56.50851,-26.78179],[-56.50878,-26.78019],[-56.51319,-26.78066],[-56.51411,-26.77758],[-56.52017,-26.78148],[-56.52077,-26.7803],[-56.51844,-26.77828],[-56.52343,-26.77868],[-56.52477,-26.77559],[-56.52573,-26.77918],[-56.52758,-26.77922],[-56.52978,-26.77525],[-56.52876,-26.77322],[-56.53397,-26.77142],[-56.53445,-26.76764],[-56.53717,-26.77044],[-56.54044,-26.77026],[-56.54078,-26.76883],[-56.53818,-26.76776],[-56.53692,-26.76509],[-56.54098,-26.76365],[-56.538,-26.76058],[-56.53955,-26.75753],[-56.549,-26.75745],[-56.5499,-26.76256],[-56.55262,-26.75963],[-56.55628,-26.76158],[-56.56073,-26.75996],[-56.56138,-26.75816],[-56.56419,-26.76132],[-56.56527,-26.75858],[-56.56793,-26.75917],[-56.56785,-26.7561],[-56.57117,-26.75864],[-56.57301,-26.75836],[-56.5786,-26.75174],[-56.58188,-26.75001],[-56.58239,-26.74665],[-56.58505,-26.75125],[-56.58875,-26.74684],[-56.59192,-26.74777],[-56.58931,-26.74948],[-56.59146,-26.75042],[-56.60319,-26.74416],[-56.60144,-26.74171],[-56.6027,-26.74037],[-56.60981,-26.74305],[-56.61025,-26.74695],[-56.61264,-26.748],[-56.61572,-26.74684],[-56.618,-26.74814],[-56.61858,-26.74456],[-56.61996,-26.7475],[-56.62242,-26.74775],[-56.62478,-26.74356],[-56.6275,-26.74471],[-56.6308,-26.74043],[-56.63517,-26.74174],[-56.63631,-26.73907],[-56.63849,-26.74377],[-56.6401,-26.74411],[-56.64238,-26.74022],[-56.64139,-26.73494],[-56.64742,-26.73358],[-56.64881,-26.73199],[-56.64857,-26.72888],[-56.6457,-26.72472],[-56.64865,-26.72523],[-56.65041,-26.72803],[-56.65277,-26.72807],[-56.65498,-26.72653],[-56.65477,-26.72256],[-56.65646,-26.72212],[-56.6588,-26.72624]]]}},{"type":"Feature","properties":{"shapeName":"MISIONES","shapeISO":"PY-8","shapeID":"63826900B67002830619694","shapeGroup":"PRY","shapeType":"ADM1"},"geometry":{"type":"Polygon","coordinates":[[[-56.84833,-26.54155],[-56.85522,-26.5398],[-56.85507,-26.53611],[-56.86483,-26.5295],[-56.86929,-26.52948],[-56.86933,-26.52586],[-56.87958,-26.5231],[-56.88408,-26.50816],[-56.88266,-26.50516],[-56.88081,-26.5046],[-56.87315,-26.50551],[-56.87365,-26.50233],[-56.88451,-26.50261],[-56.89036,-26.49706],[-56.89663,-26.49956],[-56.89911,-26.49834],[-56.89849,-26.49481],[-56.8963,-26.49316],[-56.88868,-26.49055],[-56.87974,-26.49179],[-56.87825,-26.48944],[-56.89044,-26.48398],[-56.89441,-26.47906],[-56.90157,-26.47689],[-56.90296,-26.47428],[-56.90145,-26.4686],[-56.90905,-26.46195],[-56.91238,-26.4608],[-56.92571,-26.46499],[-56.9372,-26.47685],[-56.94096,-26.47489],[-56.94614,-26.47549],[-56.94885,-26.47926],[-56.94769,-26.48497],[-56.95987,-26.48245],[-56.96202,-26.4801],[-56.96222,-26.47538],[-56.9576,-26.46827],[-56.95884,-26.46089],[-56.95348,-26.4563],[-56.9553,-26.44932],[-56.96154,-26.45021],[-56.96686,-26.448],[-56.97157,-26.44855],[-56.97465,-26.44063],[-56.98039,-26.43536],[-56.99319,-26.43203],[-56.99148,-26.42167],[-56.99735,-26.41866],[-56.9987,-26.41205],[-57.0043,-26.41141],[-57.01707,-26.41799],[-57.02934,-26.41698],[-57.03075,-26.41415],[-57.0338,-26.41253],[-57.04228,-26.41325],[-57.04237,-26.40465],[-57.0445,-26.40154],[-57.0582,-26.40201],[-57.06337,-26.39899],[-57.06556,-26.39479],[-57.06694,-26.38553],[-57.07133,-26.37903],[-57.08699,-26.37615],[-57.09417,-26.37689],[-57.09758,-26.37798],[-57.10093,-26.38274],[-57.10521,-26.38535],[-57.11993,-26.38202],[-57.12297,-26.3828],[-57.12658,-26.38842],[-57.12768,-26.39334],[-57.12557,-26.3991],[-57.12597,-26.40265],[-57.1416,-26.40443],[-57.14584,-26.40686],[-57.14933,-26.41181],[-57.15404,-26.41134],[-57.16039,-26.4066],[-57.17059,-26.41226],[-57.17639,-26.42747],[-57.1844,-26.43278],[-57.18053,-26.44202],[-57.18803,-26.44876],[-57.18513,-26.46318],[-57.18655,-26.46752],[-57.19427,-26.46924],[-57.20557,-26.46777],[-57.20834,-26.46889],[-57.21077,-26.4759],[-57.20682,-26.48497],[-57.20879,-26.48862],[-57.21348,-26.48829],[-57.21898,-26.47946],[-57.2223,-26.47683],[-57.226,-26.4764],[-57.22728,-26.47837],[-57.22515,-26.48793],[-57.21792,-26.49618],[-57.21806,-26.49778],[-57.22385,-26.50019],[-57.22868,-26.49932],[-57.23054,-26.49649],[-57.22944,-26.49091],[-57.23117,-26.48935],[-57.23605,-26.49357],[-57.23839,-26.49869],[-57.24108,-26.4993],[-57.24339,-26.49003],[-57.24716,-26.48768],[-57.2504,-26.48895],[-57.25124,-26.49846],[-57.24379,-26.51049],[-57.24124,-26.5123],[-57.23358,-26.51092],[-57.23299,-26.51187],[-57.23455,-26.51572],[-57.23918,-26.51971],[-57.23963,-26.52474],[-57.24363,-26.52961],[-57.24197,-26.53394],[-57.23291,-26.53719],[-57.23202,-26.53889],[-57.2363,-26.5461],[-57.24011,-26.5445],[-57.24064,-26.54114],[-57.24269,-26.53991],[-57.24574,-26.54158],[-57.24902,-26.54692],[-57.25415,-26.54546],[-57.25311,-26.55218],[-57.24692,-26.55547],[-57.24624,-26.55768],[-57.24762,-26.55919],[-57.25341,-26.55951],[-57.25317,-26.56553],[-57.25871,-26.56583],[-57.2671,-26.57016],[-57.2669,-26.57732],[-57.26899,-26.57928],[-57.27435,-26.5805],[-57.27557,-26.58285],[-57.27152,-26.58541],[-57.26563,-26.58242],[-57.26392,-26.58458],[-57.26508,-26.58791],[-57.26886,-26.58919],[-57.28149,-26.58701],[-57.28396,-26.59034],[-57.28182,-26.59532],[-57.28276,-26.59745],[-57.29469,-26.5825],[-57.29697,-26.58251],[-57.29859,-26.58455],[-57.29378,-26.59114],[-57.29469,-26.59411],[-57.31057,-26.59259],[-57.31337,-26.59021],[-57.3151,-26.5846],[-57.32095,-26.58456],[-57.32383,-26.5885],[-57.32116,-26.60135],[-57.32791,-26.60496],[-57.33149,-26.60953],[-57.3343,-26.60959],[-57.34612,-26.60471],[-57.3488,-26.60737],[-57.34739,-26.61346],[-57.35266,-26.61212],[-57.35478,-26.60912],[-57.35571,-26.5969],[-57.35728,-26.59469],[-57.36135,-26.59442],[-57.36351,-26.59706],[-57.36184,-26.6036],[-57.36473,-26.61286],[-57.36713,-26.61417],[-57.36975,-26.61274],[-57.37124,-26.60656],[-57.37526,-26.60763],[-57.37623,-26.61157],[-57.37305,-26.6165],[-57.37394,-26.61832],[-57.37757,-26.61487],[-57.38034,-26.60499],[-57.3892,-26.61154],[-57.3996,-26.6109],[-57.4058,-26.61317],[-57.40797,-26.61815],[-57.41078,-26.6196],[-57.41348,-26.60738],[-57.41609,-26.60584],[-57.42444,-26.60648],[-57.43565,-26.61367],[-57.43619,-26.60846],[-57.42909,-26.597],[-57.42832,-26.59159],[-57.43254,-26.58743],[-57.44404,-26.58583],[-57.44701,-26.58115],[-57.45243,-26.57819],[-57.45172,-26.57628],[-57.44607,-26.57533],[-57.44821,-26.57107],[-57.46008,-26.56924],[-57.46745,-26.57508],[-57.47102,-26.57603],[-57.47318,-26.57412],[-57.47117,-26.56013],[-57.48566,-26.56117],[-57.48975,-26.55828],[-57.49532,-26.56704],[-57.50676,-26.56675],[-57.50841,-26.56194],[-57.49913,-26.55571],[-57.49896,-26.5537],[-57.50639,-26.55138],[-57.51899,-26.55289],[-57.52048,-26.55107],[-57.51076,-26.54358],[-57.50812,-26.54017],[-57.50963,-26.53815],[-57.51522,-26.5378],[-57.52275,-26.54006],[-57.53663,-26.5368],[-57.54507,-26.54255],[-57.54889,-26.53505],[-57.54688,-26.52483],[-57.56198,-26.52169],[-57.56388,-26.52272],[-57.56596,-26.52833],[-57.57115,-26.52906],[-57.5759,-26.53363],[-57.5876,-26.53185],[-57.59705,-26.53251],[-57.60415,-26.52426],[-57.60864,-26.52156],[-57.60878,-26.51745],[-57.60506,-26.50891],[-57.61133,-26.50657],[-57.61223,-26.50061],[-57.61686,-26.49738],[-57.62007,-26.49133],[-57.6332,-26.49135],[-57.63648,-26.49388],[-57.64021,-26.50035],[-57.64363,-26.49033],[-57.63893,-26.4823],[-57.64018,-26.47894],[-57.64847,-26.4779],[-57.6539,-26.48246],[-57.65492,-26.48815],[-57.65788,-26.48909],[-57.66298,-26.48448],[-57.66423,-26.48037],[-57.65424,-26.47212],[-57.65555,-26.46711],[-57.66023,-26.46625],[-57.66966,-26.46928],[-57.67487,-26.46833],[-57.67612,-26.45961],[-57.66122,-26.44782],[-57.66206,-26.44343],[-57.66815,-26.43952],[-57.66325,-26.43485],[-57.66342,-26.43228],[-57.66717,-26.43131],[-57.672,-26.43458],[-57.68085,-26.43418],[-57.68566,-26.42985],[-57.68419,-26.42184],[-57.68486,-26.41991],[-57.68835,-26.41824],[-57.69239,-26.41923],[-57.69691,-26.42734],[-57.70828,-26.42424],[-57.70992,-26.41967],[-57.7033,-26.40659],[-57.70548,-26.40457],[-57.71255,-26.40353],[-57.71543,-26.4009],[-57.71484,-26.39809],[-57.71097,-26.39406],[-57.71554,-26.38849],[-57.72011,-26.38903],[-57.72423,-26.39214],[-57.72852,-26.40008],[-57.73777,-26.4017],[-57.74314,-26.40059],[-57.64009,-26.79044],[-57.42868,-27.06011],[-57.18209,-27.10897],[-57.34198,-27.41631],[-57.32881,-27.41487],[-57.31535,-27.41789],[-57.27778,-27.4372],[-57.26759,-27.44662],[-57.25275,-27.45224],[-57.23335,-27.46699],[-57.22305,-27.46909],[-57.21227,-27.46809],[-57.18974,-27.46898],[-57.15271,-27.47967],[-57.14111,-27.48477],[-57.13179,-27.48615],[-57.12449,-27.48419],[-57.1199,-27.48126],[-57.09366,-27.48524],[-57.08002,-27.48318],[-57.06111,-27.48397],[-57.04586,-27.48172],[-57.0269,-27.47299],[-57.00846,-27.46055],[-56.98988,-27.45178],[-56.97386,-27.43802],[-56.95844,-27.4328],[-56.94256,-27.41756],[-56.93173,-27.41126],[-56.92172,-27.40875],[-56.90701,-27.40839],[-56.88484,-27.41256],[-56.84859,-27.41019],[-56.83149,-27.39938],[-56.81719,-27.39721],[-56.80531,-27.40007],[-56.79162,-27.39987],[-56.77251,-27.38833],[-56.69505,-27.36914],[-56.68942,-27.36463],[-56.68748,-27.36007],[-56.68811,-27.35779],[-56.68362,-27.35503],[-56.68543,-27.34996],[-56.68265,-27.34819],[-56.68428,-27.34657],[-56.67984,-27.34365],[-56.67896,-27.34475],[-56.67443,-27.34428],[-56.66966,-27.33772],[-56.66488,-27.33843],[-56.66925,-27.33392],[-56.67169,-27.33337],[-56.67224,-27.33009],[-56.67415,-27.33019],[-56.6729,-27.325],[-56.67447,-27.32251],[-56.6764,-27.32335],[-56.67796,-27.32227],[-56.67149,-27.31769],[-56.6719,-27.31565],[-56.67468,-27.31453],[-56.67249,-27.31081],[-56.67496,-27.30748],[-56.67325,-27.30727],[-56.67472,-27.30409],[-56.66957,-27.30169],[-56.66778,-27.30336],[-56.66824,-27.30123],[-56.66644,-27.29982],[-56.66937,-27.29655],[-56.67323,-27.29617],[-56.67375,-27.29476],[-56.67214,-27.2949],[-56.67009,-27.2919],[-56.67113,-27.29241],[-56.67314,-27.28781],[-56.67543,-27.28823],[-56.67768,-27.28342],[-56.68205,-27.28234],[-56.6815,-27.27835],[-56.68363,-27.27934],[-56.68456,-27.27749],[-56.68786,-27.27684],[-56.69047,-27.27246],[-56.69185,-27.27398],[-56.69401,-27.27108],[-56.69509,-27.27277],[-56.69643,-27.2719],[-56.69551,-27.26971],[-56.69818,-27.26808],[-56.69427,-27.26705],[-56.69234,-27.26372],[-56.69438,-27.26132],[-56.69436,-27.25833],[-56.69741,-27.25632],[-56.69643,-27.25317],[-56.69755,-27.25186],[-56.69499,-27.24884],[-56.69587,-27.24685],[-56.69879,-27.24775],[-56.69939,-27.24623],[-56.69753,-27.24484],[-56.6972,-27.24193],[-56.7009,-27.24244],[-56.70195,-27.23959],[-56.70578,-27.23949],[-56.70378,-27.23797],[-56.70964,-27.23577],[-56.70718,-27.23222],[-56.70805,-27.2299],[-56.70682,-27.22775],[-56.70413,-27.22622],[-56.70284,-27.22693],[-56.70148,-27.22421],[-56.70007,-27.22535],[-56.69814,-27.22401],[-56.69743,-27.22658],[-56.69394,-27.22712],[-56.69078,-27.2239],[-56.69016,-27.21762],[-56.69573,-27.21018],[-56.69533,-27.20828],[-56.69286,-27.20881],[-56.69024,-27.20606],[-56.68844,-27.20685],[-56.68837,-27.20091],[-56.68404,-27.19984],[-56.67968,-27.20064],[-56.67934,-27.19868],[-56.67306,-27.19712],[-56.67274,-27.19548],[-56.66964,-27.19662],[-56.66826,-27.19583],[-56.663,-27.19075],[-56.66194,-27.18405],[-56.65676,-27.1782],[-56.65483,-27.17205],[-56.6517,-27.17],[-56.65002,-27.17082],[-56.64501,-27.16929],[-56.63847,-27.1644],[-56.63892,-27.15911],[-56.64075,-27.15651],[-56.63478,-27.14631],[-56.64076,-27.03548],[-56.62586,-27.01642],[-56.62611,-27.00606],[-56.62923,-26.99726],[-56.64405,-26.97831],[-56.6588,-26.72624],[-56.66208,-26.72302],[-56.66203,-26.71881],[-56.66014,-26.71832],[-56.65688,-26.72066],[-56.65519,-26.71989],[-56.65623,-26.71376],[-56.6533,-26.71059],[-56.65564,-26.70628],[-56.65319,-26.70658],[-56.65216,-26.70901],[-56.64984,-26.70843],[-56.649,-26.70543],[-56.65061,-26.6995],[-56.64716,-26.69635],[-56.65011,-26.69471],[-56.6482,-26.69047],[-56.65235,-26.68652],[-56.64993,-26.68571],[-56.64849,-26.68887],[-56.64661,-26.68779],[-56.64597,-26.68605],[-56.64792,-26.68356],[-56.64322,-26.68119],[-56.64494,-26.678],[-56.64244,-26.67943],[-56.64156,-26.68234],[-56.63831,-26.68058],[-56.63539,-26.68217],[-56.63745,-26.67799],[-56.63613,-26.67229],[-56.63813,-26.66972],[-56.63568,-26.66861],[-56.63645,-26.66628],[-56.64956,-26.66213],[-56.65781,-26.66215],[-56.65911,-26.66415],[-56.65509,-26.66796],[-56.65508,-26.67003],[-56.65786,-26.67168],[-56.66225,-26.67112],[-56.66518,-26.66854],[-56.6647,-26.66269],[-56.67022,-26.66126],[-56.66604,-26.65726],[-56.67129,-26.65615],[-56.67392,-26.65262],[-56.67696,-26.65743],[-56.67938,-26.65636],[-56.68064,-26.65247],[-56.68542,-26.65473],[-56.69228,-26.653],[-56.69529,-26.65793],[-56.69759,-26.65844],[-56.699,-26.6551],[-56.70361,-26.65374],[-56.7009,-26.64972],[-56.70145,-26.64727],[-56.70481,-26.64777],[-56.70702,-26.65214],[-56.70882,-26.65248],[-56.71161,-26.64759],[-56.71751,-26.64761],[-56.71922,-26.64329],[-56.72341,-26.64185],[-56.72532,-26.63817],[-56.73127,-26.64008],[-56.73241,-26.63911],[-56.7321,-26.6369],[-56.72719,-26.63461],[-56.72679,-26.62928],[-56.73161,-26.62529],[-56.73937,-26.62887],[-56.73775,-26.62407],[-56.73944,-26.62216],[-56.74375,-26.62331],[-56.74617,-26.62688],[-56.7528,-26.62849],[-56.75306,-26.63036],[-56.75012,-26.63205],[-56.75256,-26.63551],[-56.76559,-26.63045],[-56.7666,-26.63215],[-56.7633,-26.63513],[-56.76831,-26.63571],[-56.76964,-26.63842],[-56.77125,-26.63166],[-56.77045,-26.62742],[-56.76337,-26.62278],[-56.76531,-26.62052],[-56.77073,-26.61947],[-56.77159,-26.61689],[-56.78458,-26.62017],[-56.7891,-26.6188],[-56.78992,-26.62014],[-56.78821,-26.62329],[-56.78928,-26.62441],[-56.7949,-26.62061],[-56.79934,-26.6209],[-56.80022,-26.62285],[-56.80553,-26.6228],[-56.80586,-26.62029],[-56.801,-26.61502],[-56.80627,-26.61276],[-56.80649,-26.61057],[-56.80409,-26.60832],[-56.81004,-26.60815],[-56.81437,-26.60393],[-56.8139,-26.59288],[-56.82049,-26.58808],[-56.82194,-26.58488],[-56.81883,-26.57995],[-56.81743,-26.56715],[-56.81448,-26.56673],[-56.80846,-26.57],[-56.80711,-26.56824],[-56.81432,-26.56307],[-56.81755,-26.55365],[-56.82121,-26.54836],[-56.82097,-26.5436],[-56.8271,-26.54355],[-56.82886,-26.54831],[-56.8309,-26.54947],[-56.83418,-26.54693],[-56.83375,-26.54087],[-56.83791,-26.53643],[-56.84184,-26.53745],[-56.84577,-26.54349],[-56.84741,-26.54349],[-56.84833,-26.54155]]]}},{"type":"Feature","properties":{"shapeName":"PARAGUARI","shapeISO":"PY-9","shapeID":"63826900B9584917578086","shapeGroup":"PRY","shapeType":"ADM1"},"geometry":{"type":"Polygon","coordinates":[[[-57.19502,-25.40178],[-57.20735,-25.40571],[-57.21418,-25.40535],[-57.21791,-25.40268],[-57.22301,-25.41862],[-57.23858,-25.42939],[-57.24861,-25.43387],[-57.27705,-25.44162],[-57.29099,-25.45136],[-57.29228,-25.4494],[-57.31287,-25.44753],[-57.31529,-25.44869],[-57.31875,-25.44719],[-57.31946,-25.45494],[-57.31205,-25.46131],[-57.31538,-25.47906],[-57.31842,-25.5111],[-57.32291,-25.52844],[-57.32412,-25.54642],[-57.33074,-25.5789],[-57.33481,-25.5847],[-57.33612,-25.58262],[-57.33996,-25.58288],[-57.34355,-25.58718],[-57.34295,-25.59885],[-57.34433,-25.60629],[-57.34303,-25.60961],[-57.34586,-25.61278],[-57.35513,-25.61598],[-57.3582,-25.61907],[-57.36051,-25.61702],[-57.3645,-25.62236],[-57.3712,-25.62444],[-57.37761,-25.63558],[-57.38652,-25.6372],[-57.39114,-25.63998],[-57.38973,-25.63661],[-57.39296,-25.63489],[-57.39492,-25.63606],[-57.39469,-25.63167],[-57.39637,-25.6283],[-57.40448,-25.62805],[-57.40474,-25.62978],[-57.40631,-25.62839],[-57.4133,-25.63502],[-57.41403,-25.63952],[-57.41961,-25.64455],[-57.41799,-25.64597],[-57.42151,-25.64705],[-57.41993,-25.65334],[-57.42277,-25.6543],[-57.41944,-25.66238],[-57.42016,-25.66713],[-57.42215,-25.6688],[-57.41648,-25.67411],[-57.41725,-25.67697],[-57.41567,-25.68309],[-57.41811,-25.68899],[-57.41663,-25.69452],[-57.41983,-25.6933],[-57.42229,-25.69546],[-57.42659,-25.69605],[-57.42517,-25.69806],[-57.42614,-25.69996],[-57.42765,-25.6999],[-57.42857,-25.69524],[-57.43178,-25.70104],[-57.43619,-25.70156],[-57.43628,-25.70463],[-57.43347,-25.70489],[-57.43172,-25.70264],[-57.42684,-25.70078],[-57.43158,-25.70345],[-57.43448,-25.70793],[-57.44281,-25.71429],[-57.44412,-25.71823],[-57.44923,-25.72316],[-57.4535,-25.73136],[-57.45798,-25.73222],[-57.45772,-25.73471],[-57.45565,-25.73622],[-57.46821,-25.75615],[-57.4624,-25.76531],[-57.46347,-25.76819],[-57.45738,-25.77206],[-57.46325,-25.77926],[-57.46008,-25.78336],[-57.46143,-25.79009],[-57.45826,-25.79467],[-57.4538,-25.80839],[-57.45649,-25.81752],[-57.45252,-25.82259],[-57.45255,-25.82956],[-57.44291,-25.84462],[-57.43283,-25.85139],[-57.42778,-25.85044],[-57.423,-25.85406],[-57.41932,-25.86442],[-57.42121,-25.87235],[-57.41525,-25.88118],[-57.4161,-25.88925],[-57.47605,-25.97229],[-57.49962,-26.02512],[-57.49356,-26.02936],[-57.49389,-26.03741],[-57.48407,-26.04604],[-57.48404,-26.04936],[-57.48925,-26.05537],[-57.48994,-26.05832],[-57.46814,-26.11337],[-57.47494,-26.11211],[-57.48545,-26.11539],[-57.48867,-26.11504],[-57.49012,-26.11663],[-57.48774,-26.11629],[-57.48654,-26.11864],[-57.4757,-26.12408],[-57.47564,-26.13134],[-57.47238,-26.13828],[-57.47881,-26.14537],[-57.47802,-26.14993],[-57.48283,-26.1586],[-57.48207,-26.16165],[-57.47767,-26.16547],[-57.48161,-26.16968],[-57.48482,-26.17005],[-57.48503,-26.16623],[-57.48702,-26.16337],[-57.49025,-26.1618],[-57.49761,-26.16192],[-57.4999,-26.15752],[-57.49708,-26.14882],[-57.50179,-26.1549],[-57.50497,-26.15445],[-57.5034,-26.15538],[-57.50365,-26.15734],[-57.50812,-26.16486],[-57.52347,-26.16967],[-57.5285,-26.17392],[-57.5312,-26.17928],[-57.54417,-26.17754],[-57.5562,-26.17789],[-57.56557,-26.17973],[-57.57615,-26.18773],[-57.58105,-26.18552],[-57.58908,-26.1997],[-57.58999,-26.20702],[-57.59316,-26.21004],[-57.59481,-26.21449],[-57.61108,-26.2203],[-57.61376,-26.23145],[-57.61066,-26.23673],[-57.6136,-26.23787],[-57.61763,-26.2369],[-57.61984,-26.23833],[-57.62032,-26.25157],[-57.63061,-26.25944],[-57.6291,-26.26055],[-57.63172,-26.26333],[-57.6293,-26.26866],[-57.63495,-26.26966],[-57.64184,-26.26473],[-57.64426,-26.26478],[-57.64385,-26.26638],[-57.64612,-26.26725],[-57.64718,-26.27081],[-57.65622,-26.27377],[-57.65554,-26.27685],[-57.65066,-26.27699],[-57.65034,-26.27832],[-57.65214,-26.27933],[-57.65067,-26.28039],[-57.65143,-26.28164],[-57.65014,-26.2816],[-57.65126,-26.28354],[-57.64956,-26.2838],[-57.65217,-26.2851],[-57.64976,-26.28629],[-57.65248,-26.28694],[-57.65364,-26.28572],[-57.65466,-26.29031],[-57.65724,-26.29057],[-57.65779,-26.29369],[-57.65546,-26.29438],[-57.65632,-26.29623],[-57.65787,-26.29543],[-57.65907,-26.29772],[-57.66264,-26.2943],[-57.66254,-26.29815],[-57.66543,-26.29763],[-57.66344,-26.29984],[-57.66733,-26.30012],[-57.6639,-26.30187],[-57.66581,-26.3037],[-57.66439,-26.30523],[-57.66937,-26.30487],[-57.67187,-26.30206],[-57.6733,-26.30353],[-57.66901,-26.30651],[-57.6697,-26.30728],[-57.67378,-26.30769],[-57.67379,-26.30908],[-57.67683,-26.30589],[-57.68016,-26.3066],[-57.67797,-26.30911],[-57.67887,-26.31349],[-57.68253,-26.31514],[-57.68364,-26.3135],[-57.68267,-26.31661],[-57.68004,-26.31731],[-57.6836,-26.31903],[-57.68158,-26.31945],[-57.67864,-26.31758],[-57.68113,-26.32067],[-57.67839,-26.32063],[-57.67683,-26.31884],[-57.67666,-26.32145],[-57.67439,-26.32212],[-57.67444,-26.32356],[-57.67717,-26.32407],[-57.67819,-26.32633],[-57.68287,-26.32611],[-57.68189,-26.32809],[-57.68517,-26.32914],[-57.68435,-26.33284],[-57.6873,-26.33452],[-57.68645,-26.33724],[-57.68941,-26.33752],[-57.68763,-26.33898],[-57.68995,-26.33947],[-57.69022,-26.33799],[-57.69247,-26.33774],[-57.69039,-26.34065],[-57.69379,-26.34158],[-57.69136,-26.3444],[-57.68961,-26.34306],[-57.68543,-26.34415],[-57.68412,-26.34294],[-57.68474,-26.34792],[-57.68134,-26.34785],[-57.68045,-26.35042],[-57.68302,-26.35097],[-57.68325,-26.35268],[-57.68109,-26.35204],[-57.67952,-26.35392],[-57.68441,-26.35623],[-57.68801,-26.35573],[-57.68851,-26.3577],[-57.69179,-26.35724],[-57.68981,-26.35963],[-57.69129,-26.36048],[-57.68998,-26.36398],[-57.69326,-26.3662],[-57.69746,-26.36678],[-57.69892,-26.36504],[-57.70218,-26.36642],[-57.69893,-26.36854],[-57.69897,-26.37231],[-57.69651,-26.37521],[-57.70325,-26.37693],[-57.70838,-26.37281],[-57.71155,-26.37529],[-57.71321,-26.37468],[-57.71414,-26.37648],[-57.71971,-26.37196],[-57.71608,-26.36847],[-57.71815,-26.36382],[-57.71729,-26.36132],[-57.71988,-26.36023],[-57.71894,-26.35692],[-57.72275,-26.35595],[-57.72358,-26.35432],[-57.72434,-26.3567],[-57.72873,-26.35603],[-57.73429,-26.35744],[-57.73605,-26.35969],[-57.73535,-26.36156],[-57.73737,-26.36288],[-57.73125,-26.36372],[-57.73007,-26.36692],[-57.73385,-26.37012],[-57.73888,-26.37149],[-57.73466,-26.37564],[-57.73346,-26.37427],[-57.73529,-26.37145],[-57.73412,-26.37118],[-57.73275,-26.37605],[-57.73865,-26.37719],[-57.74182,-26.38045],[-57.74601,-26.38028],[-57.74938,-26.38201],[-57.7433,-26.38796],[-57.74792,-26.3953],[-57.74314,-26.40059],[-57.73777,-26.4017],[-57.72852,-26.40008],[-57.72423,-26.39214],[-57.72011,-26.38903],[-57.71554,-26.38849],[-57.71097,-26.39406],[-57.71484,-26.39809],[-57.71543,-26.4009],[-57.71255,-26.40353],[-57.70548,-26.40457],[-57.7033,-26.40659],[-57.70992,-26.41967],[-57.70828,-26.42424],[-57.69691,-26.42734],[-57.69239,-26.41923],[-57.68835,-26.41824],[-57.68486,-26.41991],[-57.68419,-26.42184],[-57.68566,-26.42985],[-57.68085,-26.43418],[-57.672,-26.43458],[-57.66717,-26.43131],[-57.66342,-26.43228],[-57.66325,-26.43485],[-57.66815,-26.43952],[-57.66206,-26.44343],[-57.66122,-26.44782],[-57.67612,-26.45961],[-57.67487,-26.46833],[-57.66966,-26.46928],[-57.66023,-26.46625],[-57.65555,-26.46711],[-57.65424,-26.47212],[-57.66423,-26.48037],[-57.66298,-26.48448],[-57.65788,-26.48909],[-57.65492,-26.48815],[-57.6539,-26.48246],[-57.64847,-26.4779],[-57.64018,-26.47894],[-57.63893,-26.4823],[-57.64363,-26.49033],[-57.64021,-26.50035],[-57.63648,-26.49388],[-57.6332,-26.49135],[-57.62007,-26.49133],[-57.61686,-26.49738],[-57.61223,-26.50061],[-57.61133,-26.50657],[-57.60506,-26.50891],[-57.60878,-26.51745],[-57.60864,-26.52156],[-57.60415,-26.52426],[-57.59705,-26.53251],[-57.5876,-26.53185],[-57.5759,-26.53363],[-57.57115,-26.52906],[-57.56596,-26.52833],[-57.56388,-26.52272],[-57.56198,-26.52169],[-57.54688,-26.52483],[-57.54889,-26.53505],[-57.54507,-26.54255],[-57.53663,-26.5368],[-57.52275,-26.54006],[-57.51522,-26.5378],[-57.50963,-26.53815],[-57.50812,-26.54017],[-57.51076,-26.54358],[-57.52048,-26.55107],[-57.51899,-26.55289],[-57.50639,-26.55138],[-57.49896,-26.5537],[-57.49913,-26.55571],[-57.50841,-26.56194],[-57.50676,-26.56675],[-57.49532,-26.56704],[-57.48975,-26.55828],[-57.48566,-26.56117],[-57.47117,-26.56013],[-57.47318,-26.57412],[-57.47102,-26.57603],[-57.46745,-26.57508],[-57.46008,-26.56924],[-57.44821,-26.57107],[-57.44607,-26.57533],[-57.45172,-26.57628],[-57.45243,-26.57819],[-57.44701,-26.58115],[-57.44404,-26.58583],[-57.43254,-26.58743],[-57.42832,-26.59159],[-57.42909,-26.597],[-57.43619,-26.60846],[-57.43565,-26.61367],[-57.42444,-26.60648],[-57.41609,-26.60584],[-57.41348,-26.60738],[-57.41078,-26.6196],[-57.40797,-26.61815],[-57.4058,-26.61317],[-57.3996,-26.6109],[-57.3892,-26.61154],[-57.38034,-26.60499],[-57.37757,-26.61487],[-57.37394,-26.61832],[-57.37305,-26.6165],[-57.37623,-26.61157],[-57.37526,-26.60763],[-57.37124,-26.60656],[-57.36975,-26.61274],[-57.36713,-26.61417],[-57.36473,-26.61286],[-57.36184,-26.6036],[-57.36351,-26.59706],[-57.36135,-26.59442],[-57.35728,-26.59469],[-57.35571,-26.5969],[-57.35478,-26.60912],[-57.35266,-26.61212],[-57.34739,-26.61346],[-57.3488,-26.60737],[-57.34612,-26.60471],[-57.3343,-26.60959],[-57.33149,-26.60953],[-57.32791,-26.60496],[-57.32116,-26.60135],[-57.32383,-26.5885],[-57.32095,-26.58456],[-57.3151,-26.5846],[-57.31337,-26.59021],[-57.31057,-26.59259],[-57.29469,-26.59411],[-57.29378,-26.59114],[-57.29859,-26.58455],[-57.29697,-26.58251],[-57.29469,-26.5825],[-57.28276,-26.59745],[-57.28182,-26.59532],[-57.28396,-26.59034],[-57.28149,-26.58701],[-57.26886,-26.58919],[-57.26508,-26.58791],[-57.26392,-26.58458],[-57.26563,-26.58242],[-57.27152,-26.58541],[-57.27557,-26.58285],[-57.27435,-26.5805],[-57.26899,-26.57928],[-57.2669,-26.57732],[-57.2671,-26.57016],[-57.25871,-26.56583],[-57.25317,-26.56553],[-57.25341,-26.55951],[-57.24762,-26.55919],[-57.24624,-26.55768],[-57.24692,-26.55547],[-57.25311,-26.55218],[-57.25415,-26.54546],[-57.24902,-26.54692],[-57.24574,-26.54158],[-57.24269,-26.53991],[-57.24064,-26.54114],[-57.24011,-26.5445],[-57.2363,-26.5461],[-57.23202,-26.53889],[-57.23291,-26.53719],[-57.24197,-26.53394],[-57.24363,-26.52961],[-57.23963,-26.52474],[-57.23918,-26.51971],[-57.23455,-26.51572],[-57.23299,-26.51187],[-57.23358,-26.51092],[-57.24124,-26.5123],[-57.24379,-26.51049],[-57.25124,-26.49846],[-57.2504,-26.48895],[-57.24716,-26.48768],[-57.24339,-26.49003],[-57.24108,-26.4993],[-57.23839,-26.49869],[-57.23605,-26.49357],[-57.23117,-26.48935],[-57.22944,-26.49091],[-57.23054,-26.49649],[-57.22868,-26.49932],[-57.22385,-26.50019],[-57.21806,-26.49778],[-57.21792,-26.49618],[-57.22515,-26.48793],[-57.22728,-26.47837],[-57.226,-26.4764],[-57.2223,-26.47683],[-57.21898,-26.47946],[-57.21348,-26.48829],[-57.20879,-26.48862],[-57.20682,-26.48497],[-57.21077,-26.4759],[-57.20834,-26.46889],[-57.20557,-26.46777],[-57.19427,-26.46924],[-57.18655,-26.46752],[-57.18513,-26.46318],[-57.18803,-26.44876],[-57.18053,-26.44202],[-57.1844,-26.43278],[-57.17639,-26.42747],[-57.17059,-26.41226],[-57.16039,-26.4066],[-57.15404,-26.41134],[-57.14933,-26.41181],[-57.14584,-26.40686],[-57.1416,-26.40443],[-57.12597,-26.40265],[-57.12557,-26.3991],[-57.12768,-26.39334],[-57.12658,-26.38842],[-57.12297,-26.3828],[-57.11993,-26.38202],[-57.10521,-26.38535],[-57.10093,-26.38274],[-57.09758,-26.37798],[-57.09417,-26.37689],[-57.08699,-26.37615],[-57.07133,-26.37903],[-57.06694,-26.38553],[-57.06556,-26.39479],[-57.06337,-26.39899],[-57.0582,-26.40201],[-57.0445,-26.40154],[-57.04237,-26.40465],[-57.04228,-26.41325],[-57.0338,-26.41253],[-57.03075,-26.41415],[-57.02934,-26.41698],[-57.01707,-26.41799],[-57.0043,-26.41141],[-56.9987,-26.41205],[-56.99735,-26.41866],[-56.99148,-26.42167],[-56.99319,-26.43203],[-56.98039,-26.43536],[-56.97465,-26.44063],[-56.97157,-26.44855],[-56.96686,-26.448],[-56.96154,-26.45021],[-56.9553,-26.44932],[-56.95348,-26.4563],[-56.95884,-26.46089],[-56.9576,-26.46827],[-56.96222,-26.47538],[-56.96202,-26.4801],[-56.95987,-26.48245],[-56.94769,-26.48497],[-56.94885,-26.47926],[-56.94614,-26.47549],[-56.94096,-26.47489],[-56.9372,-26.47685],[-56.92571,-26.46499],[-56.91238,-26.4608],[-56.90905,-26.46195],[-56.90145,-26.4686],[-56.90296,-26.47428],[-56.90157,-26.47689],[-56.89441,-26.47906],[-56.89044,-26.48398],[-56.87825,-26.48944],[-56.87974,-26.49179],[-56.88868,-26.49055],[-56.8963,-26.49316],[-56.89849,-26.49481],[-56.89911,-26.49834],[-56.89663,-26.49956],[-56.89036,-26.49706],[-56.88451,-26.50261],[-56.87365,-26.50233],[-56.87315,-26.50551],[-56.88081,-26.5046],[-56.88266,-26.50516],[-56.88408,-26.50816],[-56.87958,-26.5231],[-56.86933,-26.52586],[-56.86929,-26.52948],[-56.86483,-26.5295],[-56.85507,-26.53611],[-56.85522,-26.5398],[-56.84833,-26.54155],[-56.84744,-26.53543],[-56.84402,-26.53358],[-56.84911,-26.52842],[-56.84205,-26.52574],[-56.84371,-26.5227],[-56.84078,-26.52181],[-56.83947,-26.51947],[-56.83646,-26.51941],[-56.84342,-26.51518],[-56.8421,-26.51065],[-56.83979,-26.50997],[-56.83647,-26.51198],[-56.83429,-26.5116],[-56.83238,-26.50888],[-56.83254,-26.50429],[-56.83094,-26.50372],[-56.82891,-26.50518],[-56.83096,-26.5084],[-56.82965,-26.51272],[-56.82475,-26.51277],[-56.82005,-26.50491],[-56.8214,-26.49577],[-56.81224,-26.48733],[-56.80455,-26.48957],[-56.80392,-26.48654],[-56.79991,-26.48454],[-56.80126,-26.48105],[-56.79829,-26.47906],[-56.79708,-26.47473],[-56.79345,-26.47712],[-56.79175,-26.4762],[-56.79586,-26.47373],[-56.79663,-26.47151],[-56.79068,-26.4688],[-56.78706,-26.46146],[-56.79282,-26.45885],[-56.79178,-26.45778],[-56.78637,-26.45803],[-56.78514,-26.45646],[-56.78598,-26.45393],[-56.78943,-26.45343],[-56.78761,-26.44954],[-56.79032,-26.44798],[-56.789,-26.44412],[-56.79582,-26.43972],[-56.78991,-26.43079],[-56.78755,-26.43032],[-56.78677,-26.43411],[-56.78408,-26.43327],[-56.78234,-26.43043],[-56.77971,-26.43077],[-56.78155,-26.43638],[-56.78129,-26.43891],[-56.77979,-26.43914],[-56.77672,-26.4333],[-56.77761,-26.43084],[-56.7763,-26.42856],[-56.77165,-26.43111],[-56.76903,-26.42634],[-56.76049,-26.42091],[-56.76134,-26.41783],[-56.7595,-26.41395],[-56.76405,-26.4132],[-56.7649,-26.41186],[-56.76328,-26.41034],[-56.76095,-26.41093],[-56.76123,-26.40879],[-56.75751,-26.40578],[-56.76076,-26.40467],[-56.7621,-26.39921],[-56.75821,-26.39966],[-56.75588,-26.3967],[-56.76088,-26.39569],[-56.76407,-26.39787],[-56.76625,-26.39674],[-56.76594,-26.39544],[-56.7619,-26.39502],[-56.76383,-26.39242],[-56.76338,-26.38999],[-56.75921,-26.38975],[-56.76143,-26.3876],[-56.75991,-26.38376],[-56.76258,-26.38259],[-56.76171,-26.38024],[-56.76322,-26.37829],[-56.75935,-26.37667],[-56.76,-26.37171],[-56.75645,-26.37107],[-56.75695,-26.36842],[-56.75516,-26.36585],[-56.75213,-26.36735],[-56.75115,-26.37025],[-56.74717,-26.36749],[-56.74219,-26.36775],[-56.74041,-26.37064],[-56.73801,-26.37062],[-56.73803,-26.36566],[-56.74143,-26.36534],[-56.73883,-26.36227],[-56.73422,-26.3603],[-56.73394,-26.35855],[-56.73561,-26.35816],[-56.73693,-26.36033],[-56.73878,-26.36048],[-56.73837,-26.35638],[-56.7434,-26.35527],[-56.74407,-26.35322],[-56.7392,-26.35267],[-56.7371,-26.34957],[-56.73255,-26.34977],[-56.73342,-26.34633],[-56.73067,-26.34355],[-56.7352,-26.34306],[-56.73323,-26.33837],[-56.73643,-26.33624],[-56.73637,-26.3343],[-56.72689,-26.33038],[-56.72727,-26.32641],[-56.72263,-26.32735],[-56.72321,-26.32341],[-56.71882,-26.31965],[-56.71945,-26.31865],[-56.72351,-26.31945],[-56.72496,-26.3122],[-56.72158,-26.31183],[-56.71795,-26.30845],[-56.7179,-26.30408],[-56.7113,-26.30837],[-56.70782,-26.30494],[-56.70671,-26.30097],[-56.69908,-26.30079],[-56.69794,-26.29726],[-56.69997,-26.29478],[-56.69686,-26.29347],[-56.69666,-26.28775],[-56.69288,-26.28705],[-56.69182,-26.28467],[-56.69304,-26.28326],[-56.69669,-26.2852],[-56.69932,-26.28115],[-56.6992,-26.27944],[-56.69506,-26.27999],[-56.69399,-26.27817],[-56.69845,-26.27402],[-56.69853,-26.26995],[-56.69595,-26.26534],[-56.69962,-26.2613],[-56.69872,-26.25997],[-56.6944,-26.26044],[-56.68838,-26.25842],[-56.68817,-26.25467],[-56.6832,-26.25262],[-56.68241,-26.25016],[-56.68497,-26.24935],[-56.68504,-26.24722],[-56.68993,-26.24545],[-56.68643,-26.24503],[-56.687,-26.23961],[-56.68035,-26.24042],[-56.67508,-26.23851],[-56.67679,-26.23625],[-56.67244,-26.23195],[-56.67394,-26.22727],[-56.66842,-26.22381],[-56.65943,-26.2266],[-56.66068,-26.22267],[-56.65528,-26.21961],[-56.6554,-26.22398],[-56.65104,-26.225],[-56.64955,-26.22259],[-56.65214,-26.22051],[-56.6512,-26.21638],[-56.64643,-26.22251],[-56.64355,-26.22322],[-56.64214,-26.22759],[-56.63906,-26.22747],[-56.6376,-26.22423],[-56.63887,-26.22121],[-56.6377,-26.20973],[-56.63113,-26.20408],[-56.6327,-26.20027],[-56.62886,-26.19929],[-56.62916,-26.19463],[-56.63232,-26.19202],[-56.63269,-26.18729],[-56.63679,-26.18537],[-56.63807,-26.18283],[-56.64303,-26.18267],[-56.65898,-26.17263],[-56.67342,-26.16697],[-56.68201,-26.16007],[-56.69103,-26.15662],[-56.69192,-26.15379],[-56.69647,-26.15303],[-56.69924,-26.14846],[-56.70468,-26.14638],[-56.70856,-26.13656],[-56.70734,-26.13469],[-56.70926,-26.13587],[-56.71105,-26.13407],[-56.71176,-26.13012],[-56.70768,-26.12501],[-56.70801,-26.11899],[-56.70579,-26.10899],[-56.70882,-26.10513],[-56.71625,-26.10581],[-56.71729,-26.09889],[-56.72111,-26.09766],[-56.7192,-26.09418],[-56.72111,-26.09372],[-56.722,-26.09127],[-56.71927,-26.0823],[-56.71634,-26.07804],[-56.71445,-26.07755],[-56.7154,-26.07216],[-56.71401,-26.06887],[-56.7098,-26.06579],[-56.71152,-26.06265],[-56.70752,-26.05819],[-56.70894,-26.05525],[-56.70794,-26.04891],[-56.70432,-26.04491],[-56.70134,-26.04449],[-56.70283,-26.0439],[-56.70243,-26.0353],[-56.70678,-26.03366],[-56.70549,-26.03102],[-56.70208,-26.03088],[-56.70173,-26.02956],[-56.70605,-26.02723],[-56.7078,-26.02472],[-56.70689,-26.02101],[-56.70884,-26.02051],[-56.70961,-26.01739],[-56.71068,-26.01867],[-56.71325,-26.01585],[-56.71238,-26.01135],[-56.71424,-26.00488],[-56.71304,-26.00359],[-56.71438,-26.00136],[-56.72205,-25.99695],[-56.72364,-25.99365],[-56.72296,-25.98974],[-56.7256,-25.98835],[-56.72617,-25.97992],[-56.72953,-25.97865],[-56.73226,-25.97473],[-56.737,-25.97325],[-56.7412,-25.96373],[-56.74258,-25.95612],[-56.74769,-25.95196],[-56.74241,-25.95133],[-56.73966,-25.95281],[-56.73757,-25.95744],[-56.72966,-25.95762],[-56.71746,-25.96057],[-56.70735,-25.95383],[-56.69786,-25.96488],[-56.68983,-25.96705],[-56.68555,-25.96286],[-56.67683,-25.96265],[-56.66449,-25.97085],[-56.65501,-25.96916],[-56.6435,-25.97077],[-56.64126,-25.96537],[-56.63942,-25.96913],[-56.63372,-25.97178],[-56.63141,-25.96995],[-56.62832,-25.97141],[-56.62789,-25.97336],[-56.62497,-25.97296],[-56.62413,-25.97517],[-56.62029,-25.97554],[-56.61764,-25.97792],[-56.60756,-25.97908],[-56.60772,-25.94056],[-56.60841,-25.93704],[-56.61314,-25.93248],[-56.61292,-25.93145],[-56.61073,-25.9317],[-56.61186,-25.92523],[-56.61038,-25.92304],[-56.61365,-25.92098],[-56.61067,-25.91968],[-56.60883,-25.91509],[-56.61105,-25.91218],[-56.61493,-25.9115],[-56.61174,-25.90986],[-56.61391,-25.90942],[-56.61521,-25.90464],[-56.61685,-25.90502],[-56.61653,-25.90718],[-56.61964,-25.90543],[-56.62037,-25.90831],[-56.62156,-25.9049],[-56.6202,-25.90154],[-56.6241,-25.90292],[-56.62677,-25.90097],[-56.62344,-25.89873],[-56.62722,-25.89712],[-56.62697,-25.89405],[-56.62911,-25.89015],[-56.62583,-25.8884],[-56.62988,-25.88568],[-56.62996,-25.88375],[-56.63385,-25.88521],[-56.63419,-25.88229],[-56.63897,-25.88223],[-56.64226,-25.87854],[-56.64747,-25.87705],[-56.64828,-25.87456],[-56.6469,-25.87055],[-56.64968,-25.86947],[-56.65416,-25.8618],[-56.6582,-25.85991],[-56.66035,-25.85521],[-56.66256,-25.85525],[-56.66263,-25.85315],[-56.66576,-25.85044],[-56.68954,-25.76217],[-56.66984,-25.70016],[-56.67199,-25.70227],[-56.67218,-25.70035],[-56.67425,-25.70153],[-56.67457,-25.69972],[-56.67604,-25.70074],[-56.67594,-25.69908],[-56.67717,-25.70117],[-56.68071,-25.69916],[-56.68344,-25.70056],[-56.68534,-25.69718],[-56.68743,-25.69809],[-56.68809,-25.70118],[-56.69292,-25.69975],[-56.69685,-25.70041],[-56.69516,-25.69763],[-56.69954,-25.69575],[-56.69979,-25.69435],[-56.7006,-25.69507],[-56.70009,-25.69217],[-56.70352,-25.69042],[-56.70476,-25.68716],[-56.7031,-25.68699],[-56.70411,-25.68525],[-56.70311,-25.68586],[-56.7016,-25.68359],[-56.70267,-25.68031],[-56.70107,-25.68132],[-56.69917,-25.67849],[-56.70162,-25.67784],[-56.70069,-25.6771],[-56.70245,-25.67639],[-56.70372,-25.67256],[-56.70613,-25.6742],[-56.71045,-25.66869],[-56.71278,-25.67049],[-56.71562,-25.66991],[-56.71848,-25.66588],[-56.71729,-25.66178],[-56.71968,-25.65872],[-56.72087,-25.66089],[-56.72561,-25.66111],[-56.72757,-25.66322],[-56.73371,-25.66072],[-56.73395,-25.65889],[-56.73625,-25.65834],[-56.73638,-25.65584],[-56.73681,-25.65871],[-56.73947,-25.66073],[-56.7416,-25.65766],[-56.74404,-25.65877],[-56.7465,-25.65674],[-56.74931,-25.64855],[-56.75296,-25.64737],[-56.75469,-25.64865],[-56.75684,-25.64637],[-56.75722,-25.6495],[-56.7608,-25.64873],[-56.76439,-25.64706],[-56.76614,-25.64102],[-56.76952,-25.63885],[-56.77266,-25.63889],[-56.774,-25.6357],[-56.77722,-25.63493],[-56.77808,-25.63276],[-56.77928,-25.6334],[-56.78195,-25.63178],[-56.78538,-25.63385],[-56.79037,-25.62923],[-56.79893,-25.62948],[-56.80547,-25.62377],[-56.81224,-25.62635],[-56.82032,-25.634],[-56.82345,-25.64317],[-56.82591,-25.64485],[-56.83725,-25.6493],[-56.8468,-25.64827],[-56.84971,-25.64646],[-56.85759,-25.6467],[-56.85789,-25.65131],[-56.86128,-25.65417],[-56.86256,-25.66226],[-56.87749,-25.66667],[-56.88907,-25.66898],[-56.92455,-25.65577],[-56.93861,-25.65528],[-56.94531,-25.65162],[-56.94759,-25.64151],[-56.94304,-25.64017],[-56.9321,-25.62827],[-56.92086,-25.60634],[-56.914,-25.60355],[-56.91106,-25.60449],[-56.90984,-25.60267],[-56.91101,-25.59512],[-56.91485,-25.5896],[-56.91678,-25.58975],[-56.91754,-25.58535],[-56.91613,-25.58354],[-56.92096,-25.57847],[-56.92096,-25.57555],[-56.90572,-25.56936],[-56.90559,-25.5654],[-56.90864,-25.56369],[-56.91377,-25.56544],[-56.91733,-25.56404],[-56.9214,-25.56776],[-56.92586,-25.56889],[-56.92876,-25.56776],[-56.93417,-25.56906],[-56.93667,-25.5662],[-56.94085,-25.56596],[-56.94591,-25.56175],[-56.94848,-25.56299],[-56.95663,-25.56235],[-56.95773,-25.56507],[-56.96613,-25.56978],[-56.98012,-25.56895],[-56.98703,-25.57167],[-56.99186,-25.57145],[-56.99687,-25.57472],[-56.99952,-25.57479],[-57.00472,-25.58131],[-57.01199,-25.58424],[-57.01435,-25.58852],[-57.01987,-25.591],[-57.0262,-25.58844],[-57.03412,-25.59176],[-57.03696,-25.59161],[-57.05232,-25.5855],[-57.06001,-25.57968],[-57.06375,-25.57851],[-57.07608,-25.5809],[-57.08204,-25.58348],[-57.08918,-25.58254],[-57.09184,-25.5797],[-57.09046,-25.57655],[-57.09102,-25.57246],[-57.09849,-25.56316],[-57.09977,-25.55954],[-57.11092,-25.54685],[-57.11216,-25.53884],[-57.12562,-25.53255],[-57.1302,-25.52682],[-57.12635,-25.52293],[-57.12581,-25.51854],[-57.12973,-25.51146],[-57.13345,-25.49762],[-57.13604,-25.49506],[-57.13504,-25.49049],[-57.13732,-25.48045],[-57.13971,-25.47857],[-57.14126,-25.47379],[-57.13531,-25.47427],[-57.1304,-25.47044],[-57.13201,-25.4645],[-57.13178,-25.45569],[-57.13587,-25.45597],[-57.14023,-25.45384],[-57.14429,-25.44536],[-57.14451,-25.44126],[-57.1516,-25.44096],[-57.16443,-25.43372],[-57.16949,-25.42899],[-57.18003,-25.43049],[-57.18394,-25.41586],[-57.18347,-25.4097],[-57.19009,-25.40812],[-57.1952,-25.4038],[-57.19502,-25.40178]]]}},{"type":"Feature","properties":{"shapeName":"ALTO PARANA","shapeISO":"PY-10","shapeID":"63826900B70318852287741","shapeGroup":"PRY","shapeType":"ADM1"},"geometry":{"type":"Polygon","coordinates":[[[-55.42606,-25.55754],[-55.42424,-25.55536],[-55.42316,-25.5565],[-55.42489,-25.5594],[-55.42129,-25.55936],[-55.42205,-25.56148],[-55.41886,-25.56602],[-55.42157,-25.56739],[-55.41911,-25.56869],[-55.42039,-25.57105],[-55.41819,-25.57197],[-55.42033,-25.5733],[-55.42053,-25.57574],[-55.41803,-25.57823],[-55.41619,-25.57645],[-55.41711,-25.58027],[-55.41311,-25.58406],[-55.41428,-25.5863],[-55.41801,-25.58679],[-55.41344,-25.58688],[-55.41251,-25.58855],[-55.41541,-25.58902],[-55.41185,-25.59248],[-55.41232,-25.59427],[-55.40972,-25.59339],[-55.4084,-25.59839],[-55.40524,-25.60139],[-55.40382,-25.59944],[-55.39926,-25.60409],[-55.40204,-25.608],[-55.40009,-25.61152],[-55.40399,-25.61313],[-55.39928,-25.61376],[-55.4015,-25.61594],[-55.39941,-25.61719],[-55.40154,-25.61815],[-55.40002,-25.6229],[-55.40277,-25.6212],[-55.40239,-25.62256],[-55.4064,-25.62294],[-55.40559,-25.62405],[-55.40869,-25.62391],[-55.40868,-25.62879],[-55.41027,-25.63067],[-55.41177,-25.62932],[-55.41417,-25.63216],[-55.41698,-25.63096],[-55.41627,-25.63395],[-55.4197,-25.63883],[-55.41786,-25.6394],[-55.41774,-25.64191],[-55.42223,-25.64528],[-55.41991,-25.64651],[-55.42402,-25.65151],[-55.42605,-25.65037],[-55.4264,-25.65215],[-55.42435,-25.6525],[-55.42678,-25.6546],[-55.42733,-25.65983],[-55.42979,-25.65924],[-55.42958,-25.66052],[-55.43276,-25.65928],[-55.4367,-25.66105],[-55.44014,-25.65816],[-55.44546,-25.65742],[-55.44641,-25.65518],[-55.45091,-25.65431],[-55.45114,-25.65573],[-55.45292,-25.65412],[-55.45623,-25.66017],[-55.45534,-25.66407],[-55.46021,-25.66797],[-55.45881,-25.66948],[-55.46019,-25.67063],[-55.45895,-25.67168],[-55.4614,-25.67371],[-55.46031,-25.67551],[-55.46265,-25.67584],[-55.46278,-25.67755],[-55.46873,-25.67712],[-55.47186,-25.67875],[-55.47153,-25.68052],[-55.47707,-25.68041],[-55.47763,-25.68539],[-55.47644,-25.68426],[-55.47443,-25.68719],[-55.47373,-25.68549],[-55.47299,-25.6868],[-55.47383,-25.6892],[-55.47658,-25.68928],[-55.47761,-25.69259],[-55.47246,-25.69451],[-55.47088,-25.69638],[-55.47212,-25.69889],[-55.47052,-25.69962],[-55.47053,-25.70172],[-55.46711,-25.70611],[-55.46555,-25.70538],[-55.46623,-25.7096],[-55.46758,-25.70916],[-55.46671,-25.71304],[-55.46811,-25.71536],[-55.46562,-25.71534],[-55.46746,-25.717],[-55.46577,-25.71728],[-55.46945,-25.71828],[-55.46851,-25.72108],[-55.47273,-25.72247],[-55.47454,-25.72536],[-55.47825,-25.72724],[-55.4777,-25.72912],[-55.48021,-25.73364],[-55.47867,-25.73433],[-55.47731,-25.73314],[-55.47497,-25.73584],[-55.47618,-25.73561],[-55.47937,-25.74123],[-55.48002,-25.7393],[-55.4826,-25.74183],[-55.48115,-25.74306],[-55.48535,-25.74702],[-55.48494,-25.75019],[-55.48289,-25.75198],[-55.48409,-25.75251],[-55.48278,-25.75467],[-55.48411,-25.75748],[-55.48523,-25.75681],[-55.4863,-25.75945],[-55.48713,-25.75719],[-55.48877,-25.75988],[-55.48698,-25.76095],[-55.48998,-25.76239],[-55.48946,-25.76366],[-55.4933,-25.76463],[-55.49221,-25.76618],[-55.49467,-25.77152],[-55.49835,-25.77292],[-55.49607,-25.77426],[-55.49882,-25.77748],[-55.5008,-25.77778],[-55.50218,-25.7817],[-55.5064,-25.78231],[-55.50565,-25.7813],[-55.50806,-25.78004],[-55.50891,-25.78303],[-55.51164,-25.78273],[-55.51443,-25.78563],[-55.51438,-25.78912],[-55.51682,-25.79158],[-55.51727,-25.79581],[-55.51585,-25.79618],[-55.51731,-25.8018],[-55.51902,-25.80158],[-55.51936,-25.80376],[-55.52187,-25.8041],[-55.52319,-25.81182],[-55.52135,-25.8133],[-55.52279,-25.81394],[-55.52167,-25.81507],[-55.52309,-25.8154],[-55.52374,-25.81821],[-55.52233,-25.82679],[-55.52571,-25.83418],[-55.52573,-25.83886],[-55.53002,-25.84589],[-55.52804,-25.84713],[-55.52865,-25.85158],[-55.52685,-25.85127],[-55.52717,-25.85253],[-55.52408,-25.85365],[-55.52264,-25.85642],[-55.52035,-25.85673],[-55.51801,-25.86159],[-55.51701,-25.85847],[-55.51554,-25.86091],[-55.51409,-25.86015],[-55.51422,-25.86155],[-55.51314,-25.8612],[-55.51283,-25.86514],[-55.51403,-25.8655],[-55.51235,-25.86815],[-55.51372,-25.86886],[-55.51223,-25.86984],[-55.51257,-25.87161],[-55.51459,-25.87531],[-55.5177,-25.87274],[-55.51873,-25.87541],[-55.52254,-25.8767],[-55.52561,-25.88035],[-55.5268,-25.88894],[-55.52313,-25.8931],[-55.5206,-25.89175],[-55.5182,-25.89287],[-55.51971,-25.89658],[-55.51637,-25.89865],[-55.51584,-25.90183],[-55.52059,-25.91554],[-55.52362,-25.91897],[-55.52471,-25.92473],[-55.52227,-25.92708],[-55.52222,-25.9364],[-55.52831,-25.94295],[-55.52921,-25.94833],[-55.53495,-25.95712],[-55.53556,-25.96655],[-55.53407,-25.96999],[-55.53889,-25.97173],[-55.55064,-25.99695],[-55.54465,-25.99504],[-55.54429,-25.99633],[-55.54365,-25.99533],[-55.53982,-25.99749],[-55.53185,-25.99312],[-55.52657,-25.99849],[-55.5247,-25.9943],[-55.51911,-25.99016],[-55.51873,-25.98792],[-55.51593,-25.98649],[-55.51333,-25.98778],[-55.51331,-25.98668],[-55.50792,-25.98656],[-55.50675,-25.9854],[-55.50418,-25.98691],[-55.49799,-25.98687],[-55.48357,-25.99398],[-55.47863,-25.99214],[-55.47537,-25.9942],[-55.4718,-25.99339],[-55.46502,-25.99809],[-55.46208,-25.98934],[-55.4586,-25.98951],[-55.45921,-25.99506],[-55.45704,-25.99696],[-55.45541,-26.00424],[-55.4501,-26.00105],[-55.45037,-26.00004],[-55.44352,-26.0029],[-55.43721,-25.99959],[-55.43479,-26.0033],[-55.4304,-26.00226],[-55.43254,-26.00877],[-55.43124,-26.00982],[-55.4282,-26.00883],[-55.42876,-26.0076],[-55.42683,-26.00695],[-55.42528,-26.00332],[-55.42503,-26.0014],[-55.42697,-26.00117],[-55.42523,-26.00032],[-55.42664,-25.99737],[-55.42232,-25.99726],[-55.42105,-26.00005],[-55.41643,-26.00267],[-55.40966,-25.9985],[-55.40788,-25.99954],[-55.40901,-26.00188],[-55.4056,-26.00404],[-55.40385,-26.00738],[-55.40616,-26.01821],[-55.40478,-26.01781],[-55.40364,-26.01974],[-55.40175,-26.02603],[-55.39834,-26.027],[-55.39591,-26.0301],[-55.39674,-26.03165],[-55.39395,-26.03313],[-55.39442,-26.03524],[-55.39246,-26.03533],[-55.38872,-26.0318],[-55.38513,-26.03086],[-55.38721,-26.02837],[-55.38757,-26.0244],[-55.38633,-26.02669],[-55.38573,-26.02574],[-55.38606,-26.02732],[-55.38445,-26.02686],[-55.38271,-26.02282],[-55.38032,-26.02258],[-55.37611,-26.0176],[-55.37861,-26.01615],[-55.378,-26.01301],[-55.38447,-26.01441],[-55.38106,-26.01095],[-55.37757,-26.01142],[-55.37512,-26.00924],[-55.3794,-26.00765],[-55.38207,-26.00926],[-55.38382,-26.00871],[-55.38073,-26.00272],[-55.38157,-25.99978],[-55.37815,-26.00111],[-55.37748,-26.0043],[-55.37561,-26.00368],[-55.37473,-26.00011],[-55.37249,-26.00059],[-55.37025,-26.00408],[-55.36917,-26.00271],[-55.36892,-26.005],[-55.36474,-26.0058],[-55.36317,-26.0035],[-55.36458,-26.00079],[-55.36262,-26.00066],[-55.36411,-25.99893],[-55.36384,-25.99707],[-55.3623,-25.99703],[-55.36296,-25.9959],[-55.35808,-25.99531],[-55.35876,-25.99277],[-55.34995,-25.99322],[-55.34856,-25.99194],[-55.35054,-25.99125],[-55.34717,-25.98977],[-55.34473,-25.99561],[-55.34306,-25.99293],[-55.33962,-25.9962],[-55.34138,-25.99773],[-55.34059,-25.99865],[-55.34395,-25.99949],[-55.34227,-26.00009],[-55.34441,-26.00223],[-55.34211,-26.00252],[-55.33973,-26.00726],[-55.33853,-26.00481],[-55.33635,-26.0073],[-55.33599,-26.00552],[-55.33418,-26.0071],[-55.33361,-26.00579],[-55.33229,-26.00622],[-55.33087,-26.00788],[-55.33202,-26.00862],[-55.32988,-26.00931],[-55.33012,-26.01245],[-55.32544,-26.01206],[-55.32538,-26.01881],[-55.32724,-26.01962],[-55.32931,-26.01859],[-55.33008,-26.02011],[-55.32621,-26.02235],[-55.3221,-26.01976],[-55.32111,-26.02183],[-55.32317,-26.02375],[-55.32163,-26.02699],[-55.32039,-26.02783],[-55.31945,-26.0262],[-55.31863,-26.02995],[-55.31686,-26.0296],[-55.31285,-26.03149],[-55.31506,-26.0317],[-55.31339,-26.0333],[-55.3067,-26.03553],[-55.3052,-26.04238],[-55.30138,-26.03848],[-55.29428,-26.03875],[-55.28923,-26.04158],[-55.28776,-26.04896],[-55.2831,-26.05265],[-55.27859,-26.05074],[-55.27383,-26.04043],[-55.26954,-26.04423],[-55.26502,-26.04411],[-55.2633,-26.03967],[-55.25748,-26.03691],[-55.25531,-26.03897],[-55.2571,-26.04033],[-55.25584,-26.04234],[-55.25341,-26.04185],[-55.2519,-26.0472],[-55.25363,-26.0503],[-55.24906,-26.05812],[-55.24946,-26.06018],[-55.25128,-26.0603],[-55.24994,-26.06169],[-55.25177,-26.06351],[-55.25503,-26.06324],[-55.25355,-26.06529],[-55.2558,-26.0652],[-55.2493,-26.06934],[-55.24819,-26.07151],[-55.25184,-26.07154],[-55.25589,-26.07358],[-55.2508,-26.07659],[-55.25059,-26.07837],[-55.25545,-26.07848],[-55.25572,-26.08027],[-55.25788,-26.0813],[-55.26035,-26.07892],[-55.25975,-26.07747],[-55.26296,-26.07623],[-55.26508,-26.07816],[-55.26832,-26.0777],[-55.26978,-26.07888],[-55.26747,-26.08081],[-55.26839,-26.0822],[-55.27166,-26.0839],[-55.27505,-26.0834],[-55.27824,-26.08686],[-55.27694,-26.08878],[-55.28105,-26.08902],[-55.28153,-26.09616],[-55.28528,-26.09486],[-55.28746,-26.09702],[-55.28974,-26.09506],[-55.28967,-26.09344],[-55.28677,-26.09232],[-55.28719,-26.0903],[-55.28872,-26.08999],[-55.28708,-26.08537],[-55.28839,-26.08359],[-55.29151,-26.08543],[-55.29193,-26.08871],[-55.29593,-26.08952],[-55.2994,-26.08792],[-55.30052,-26.09393],[-55.29584,-26.09803],[-55.29931,-26.09889],[-55.29662,-26.10274],[-55.29956,-26.10319],[-55.30374,-26.10806],[-55.31186,-26.10836],[-55.31278,-26.11142],[-55.31144,-26.1147],[-55.31306,-26.11864],[-55.31787,-26.11705],[-55.32263,-26.11774],[-55.32262,-26.12016],[-55.31426,-26.12575],[-55.3176,-26.12913],[-55.31766,-26.13196],[-55.32262,-26.13386],[-55.32034,-26.13647],[-55.32057,-26.13872],[-55.31483,-26.14109],[-55.31474,-26.14011],[-55.31214,-26.14125],[-55.31279,-26.14014],[-55.31141,-26.13946],[-55.30896,-26.1401],[-55.30183,-26.14688],[-55.29658,-26.14883],[-55.29786,-26.15496],[-55.29949,-26.15456],[-55.30388,-26.16272],[-55.30126,-26.16622],[-55.29608,-26.16678],[-55.29359,-26.17052],[-55.2936,-26.17327],[-55.29616,-26.17711],[-55.28904,-26.18955],[-55.2903,-26.19537],[-55.28705,-26.19633],[-55.28691,-26.19901],[-55.28461,-26.20131],[-55.27667,-26.20322],[-55.26935,-26.21211],[-55.26277,-26.21667],[-55.26152,-26.23571],[-55.23914,-26.23912],[-55.23489,-26.24322],[-55.23037,-26.24479],[-55.22495,-26.24104],[-55.22482,-26.2421],[-55.22011,-26.24077],[-55.21895,-26.23915],[-55.21202,-26.23998],[-55.20978,-26.2358],[-55.20492,-26.23325],[-55.20129,-26.22859],[-55.19332,-26.226],[-55.18995,-26.21812],[-55.18415,-26.21355],[-55.16786,-26.2169],[-55.15897,-26.21173],[-55.15326,-26.21089],[-55.14953,-26.20676],[-55.13961,-26.20627],[-55.13309,-26.2099],[-55.12956,-26.21584],[-55.12991,-26.21783],[-55.12801,-26.21739],[-55.12349,-26.21949],[-55.11128,-26.21757],[-55.10875,-26.21584],[-55.10516,-26.21626],[-55.1025,-26.21466],[-55.1011,-26.22028],[-55.1027,-26.2225],[-55.10188,-26.22487],[-55.09391,-26.22764],[-55.08622,-26.22599],[-55.08241,-26.22952],[-55.07889,-26.22965],[-55.07869,-26.23664],[-55.07127,-26.23759],[-55.06997,-26.24244],[-55.06807,-26.24321],[-55.06357,-26.24093],[-55.06462,-26.23481],[-55.05936,-26.23068],[-55.05657,-26.23175],[-55.05524,-26.23505],[-55.05673,-26.23672],[-55.05006,-26.23742],[-55.05093,-26.23977],[-55.04494,-26.2383],[-55.04386,-26.23549],[-55.04088,-26.23751],[-55.04039,-26.23594],[-55.03736,-26.23766],[-55.03806,-26.23853],[-55.03545,-26.23791],[-55.03564,-26.2354],[-55.03368,-26.23445],[-55.03495,-26.23457],[-55.03432,-26.23242],[-55.0357,-26.2321],[-55.03418,-26.23169],[-55.03496,-26.22884],[-55.03685,-26.22749],[-55.03874,-26.2299],[-55.04134,-26.22766],[-55.03975,-26.22629],[-55.03826,-26.22684],[-55.03686,-26.22227],[-55.03401,-26.22472],[-55.03195,-26.22478],[-55.03172,-26.22243],[-55.028,-26.22364],[-55.02845,-26.22794],[-55.02557,-26.22909],[-55.0236,-26.22535],[-55.01752,-26.22937],[-55.019,-26.23155],[-55.01823,-26.2347],[-55.01542,-26.23417],[-55.01471,-26.23581],[-55.01242,-26.23479],[-55.01123,-26.23612],[-55.00211,-26.23437],[-54.99866,-26.23225],[-54.99698,-26.23066],[-54.99725,-26.22587],[-54.99202,-26.2249],[-54.99097,-26.22336],[-54.98929,-26.22663],[-54.98386,-26.22851],[-54.98195,-26.23086],[-54.98351,-26.23274],[-54.98588,-26.23239],[-54.98268,-26.23494],[-54.98645,-26.23849],[-54.98483,-26.23918],[-54.98548,-26.24229],[-54.98382,-26.2429],[-54.9816,-26.24237],[-54.98103,-26.23815],[-54.97429,-26.23951],[-54.97223,-26.23793],[-54.9661,-26.23784],[-54.96548,-26.23612],[-54.9738,-26.23142],[-54.96926,-26.22692],[-54.96819,-26.22924],[-54.96556,-26.23036],[-54.96413,-26.22838],[-54.96273,-26.22858],[-54.96321,-26.23036],[-54.962,-26.22823],[-54.95744,-26.22905],[-54.95646,-26.23645],[-54.95218,-26.23664],[-54.95012,-26.23889],[-54.94745,-26.23281],[-54.95282,-26.22825],[-54.95183,-26.22534],[-54.95766,-26.22289],[-54.95864,-26.21846],[-54.95752,-26.21637],[-54.954,-26.21946],[-54.94808,-26.21756],[-54.94912,-26.21639],[-54.94749,-26.21359],[-54.95015,-26.21219],[-54.95109,-26.20957],[-54.94656,-26.20602],[-54.94341,-26.2096],[-54.93952,-26.20838],[-54.93742,-26.21518],[-54.93503,-26.21409],[-54.93653,-26.21686],[-54.93434,-26.21903],[-54.92922,-26.21396],[-54.92979,-26.21211],[-54.92713,-26.2126],[-54.92831,-26.21342],[-54.9249,-26.21491],[-54.92283,-26.21917],[-54.92419,-26.22076],[-54.92114,-26.2246],[-54.92662,-26.22426],[-54.92733,-26.22571],[-54.92611,-26.22626],[-54.92575,-26.22498],[-54.9226,-26.22842],[-54.91862,-26.22976],[-54.91571,-26.22921],[-54.91619,-26.22325],[-54.91279,-26.22146],[-54.91014,-26.22216],[-54.90834,-26.22039],[-54.91749,-26.2126],[-54.91339,-26.21001],[-54.90945,-26.2106],[-54.90283,-26.20785],[-54.90373,-26.20607],[-54.90777,-26.20638],[-54.91549,-26.20254],[-54.91871,-26.20356],[-54.91958,-26.20211],[-54.91706,-26.19637],[-54.91328,-26.19675],[-54.91045,-26.19477],[-54.91657,-26.19291],[-54.91717,-26.19084],[-54.91187,-26.18788],[-54.91179,-26.18191],[-54.90821,-26.18063],[-54.90543,-26.18789],[-54.90509,-26.19042],[-54.90645,-26.19112],[-54.90371,-26.1945],[-54.90008,-26.19302],[-54.89828,-26.19973],[-54.89672,-26.19913],[-54.89658,-26.19572],[-54.89128,-26.19536],[-54.89333,-26.19246],[-54.88346,-26.19549],[-54.88207,-26.19313],[-54.87688,-26.19394],[-54.8707,-26.19063],[-54.87107,-26.18513],[-54.87427,-26.18443],[-54.8744,-26.1742],[-54.86958,-26.17612],[-54.86455,-26.18115],[-54.8607,-26.17992],[-54.85678,-26.181],[-54.85869,-26.18564],[-54.85542,-26.18888],[-54.84596,-26.18613],[-54.84388,-26.18816],[-54.84271,-26.18686],[-54.84349,-26.18056],[-54.84063,-26.179],[-54.83686,-26.18056],[-54.83995,-26.18822],[-54.83517,-26.1903],[-54.8345,-26.19416],[-54.82944,-26.19545],[-54.83599,-26.20331],[-54.82678,-26.20101],[-54.81996,-26.20336],[-54.82214,-26.20535],[-54.82717,-26.20651],[-54.82794,-26.21035],[-54.82422,-26.21198],[-54.82173,-26.21167],[-54.82046,-26.20957],[-54.8082,-26.20763],[-54.81202,-26.19893],[-54.81724,-26.1939],[-54.8152,-26.19001],[-54.81071,-26.18973],[-54.81248,-26.1955],[-54.80334,-26.19328],[-54.80016,-26.19662],[-54.80011,-26.20064],[-54.79286,-26.20376],[-54.79294,-26.20611],[-54.78679,-26.20569],[-54.78223,-26.20803],[-54.78578,-26.21879],[-54.7842,-26.22331],[-54.77934,-26.22358],[-54.78398,-26.22964],[-54.78076,-26.23129],[-54.7785,-26.23639],[-54.77634,-26.23669],[-54.77585,-26.23842],[-54.77378,-26.23772],[-54.77353,-26.23997],[-54.76953,-26.23772],[-54.76947,-26.234],[-54.7618,-26.23491],[-54.76153,-26.24464],[-54.76376,-26.24646],[-54.76266,-26.24942],[-54.75531,-26.24142],[-54.75294,-26.24056],[-54.749,-26.24349],[-54.74875,-26.24629],[-54.74552,-26.24909],[-54.74611,-26.2505],[-54.74372,-26.25044],[-54.74423,-26.24516],[-54.74041,-26.23867],[-54.74052,-26.23478],[-54.73486,-26.23779],[-54.73341,-26.24033],[-54.73423,-26.24803],[-54.72663,-26.25331],[-54.72619,-26.25691],[-54.72406,-26.25684],[-54.719,-26.25487],[-54.72217,-26.24838],[-54.71591,-26.23772],[-54.71348,-26.23607],[-54.70992,-26.23744],[-54.70872,-26.24604],[-54.70595,-26.24787],[-54.70684,-26.24894],[-54.70534,-26.2515],[-54.69913,-26.25597],[-54.69731,-26.25272],[-54.70047,-26.24346],[-54.69966,-26.23843],[-54.70333,-26.23498],[-54.70561,-26.22958],[-54.69317,-26.22807],[-54.69055,-26.23351],[-54.68506,-26.23517],[-54.67566,-26.24285],[-54.67519,-26.25044],[-54.67242,-26.25402],[-54.64844,-26.23781],[-54.62332,-26.22335],[-54.61929,-26.2198],[-54.61742,-26.21125],[-54.62374,-26.19966],[-54.62871,-26.19544],[-54.65835,-26.17716],[-54.66801,-26.16614],[-54.67258,-26.15626],[-54.67372,-26.14172],[-54.67195,-26.13922],[-54.66901,-26.13856],[-54.65831,-26.12536],[-54.65071,-26.11878],[-54.6453,-26.10833],[-54.64318,-26.09229],[-54.64659,-26.07522],[-54.65019,-26.06533],[-54.66906,-26.03272],[-54.67753,-26.01511],[-54.67934,-26.00642],[-54.6783,-25.99297],[-54.67279,-25.98498],[-54.66471,-25.98044],[-54.65119,-25.97977],[-54.62411,-25.98536],[-54.61689,-25.98358],[-54.61067,-25.97744],[-54.60657,-25.96383],[-54.60712,-25.95925],[-54.60955,-25.95325],[-54.61673,-25.94576],[-54.6208,-25.93781],[-54.62252,-25.91554],[-54.61193,-25.88672],[-54.59632,-25.86094],[-54.58712,-25.83204],[-54.58829,-25.82571],[-54.59309,-25.8162],[-54.61672,-25.79127],[-54.62886,-25.77116],[-54.63316,-25.75717],[-54.63598,-25.73367],[-54.64159,-25.71766],[-54.65367,-25.69676],[-54.65764,-25.68506],[-54.65768,-25.67703],[-54.65555,-25.67132],[-54.65107,-25.66526],[-54.64471,-25.66101],[-54.63078,-25.65972],[-54.61858,-25.66301],[-54.60699,-25.66819],[-54.59755,-25.66887],[-54.58603,-25.66706],[-54.58126,-25.6613],[-54.58247,-25.65284],[-54.59095,-25.63948],[-54.59691,-25.62307],[-54.59652,-25.60837],[-54.59351,-25.58926],[-54.59516,-25.56434],[-54.59364,-25.554],[-54.59408,-25.54068],[-54.60032,-25.52452],[-54.60108,-25.51792],[-54.6005,-25.50937],[-54.59663,-25.50187],[-54.59689,-25.49149],[-54.60242,-25.48343],[-54.61553,-25.47221],[-54.6193,-25.46126],[-54.61924,-25.45289],[-54.60645,-25.44463],[-54.60418,-25.44142],[-54.58448,-25.39727],[-54.56485,-25.37931],[-54.53414,-25.34482],[-54.51164,-25.32836],[-54.50178,-25.30848],[-54.48729,-25.29164],[-54.48174,-25.25627],[-54.46949,-25.2143],[-54.45499,-25.19849],[-54.43312,-25.18151],[-54.41702,-25.161],[-54.41753,-25.13663],[-54.42702,-25.11864],[-54.45497,-25.08982],[-54.45802,-25.08001],[-54.45666,-25.06339],[-54.45138,-25.04307],[-54.44545,-24.9994],[-54.43964,-24.97777],[-54.43987,-24.96688],[-54.42854,-24.90962],[-54.42172,-24.88201],[-54.40323,-24.84149],[-54.39887,-24.80511],[-54.3876,-24.77379],[-54.3724,-24.7398],[-54.36086,-24.72145],[-54.34581,-24.70766],[-54.37485,-24.69555],[-54.38842,-24.6878],[-54.40163,-24.69062],[-54.4121,-24.68065],[-54.41496,-24.6795],[-54.4227,-24.68335],[-54.42506,-24.69894],[-54.43913,-24.69701],[-54.44294,-24.69847],[-54.44358,-24.71813],[-54.45157,-24.72182],[-54.46394,-24.72117],[-54.47216,-24.7234],[-54.47254,-24.7118],[-54.47645,-24.70689],[-54.47892,-24.70643],[-54.4832,-24.71011],[-54.48864,-24.71083],[-54.49197,-24.71736],[-54.49547,-24.72028],[-54.4991,-24.71959],[-54.50293,-24.71219],[-54.50442,-24.69876],[-54.51877,-24.70398],[-54.5253,-24.70371],[-54.52915,-24.70057],[-54.53261,-24.69422],[-54.5364,-24.69186],[-54.54959,-24.69376],[-54.55995,-24.68937],[-54.57337,-24.69154],[-54.57926,-24.69418],[-54.58334,-24.69227],[-54.59734,-24.69653],[-54.60223,-24.69511],[-54.60852,-24.69584],[-54.61027,-24.69696],[-54.61079,-24.70272],[-54.61339,-24.70578],[-54.61932,-24.70783],[-54.62331,-24.708],[-54.62642,-24.70589],[-54.63489,-24.70978],[-54.63663,-24.70757],[-54.63372,-24.70665],[-54.63134,-24.70073],[-54.63832,-24.70168],[-54.63921,-24.70416],[-54.64384,-24.70279],[-54.65092,-24.71196],[-54.65571,-24.71418],[-54.6567,-24.711],[-54.65504,-24.70797],[-54.65648,-24.70406],[-54.65488,-24.70123],[-54.65786,-24.69984],[-54.65495,-24.69804],[-54.65439,-24.68961],[-54.64859,-24.68687],[-54.64403,-24.68908],[-54.64249,-24.68581],[-54.64789,-24.68363],[-54.64552,-24.68225],[-54.6455,-24.67844],[-54.6532,-24.67813],[-54.65337,-24.67132],[-54.65534,-24.66713],[-54.65954,-24.66767],[-54.66242,-24.66993],[-54.66375,-24.66854],[-54.66595,-24.67128],[-54.66525,-24.67303],[-54.66573,-24.67467],[-54.66692,-24.67425],[-54.66583,-24.67265],[-54.66822,-24.67307],[-54.6713,-24.66995],[-54.67323,-24.67371],[-54.67625,-24.67173],[-54.68312,-24.67197],[-54.6842,-24.67301],[-54.6829,-24.67506],[-54.68413,-24.67505],[-54.6846,-24.67722],[-54.68313,-24.68007],[-54.68432,-24.68129],[-54.68694,-24.68088],[-54.68495,-24.68275],[-54.68728,-24.68343],[-54.68739,-24.68832],[-54.69106,-24.6907],[-54.69746,-24.68892],[-54.69979,-24.69041],[-54.70217,-24.68526],[-54.70323,-24.68586],[-54.70538,-24.68384],[-54.70652,-24.68478],[-54.70784,-24.68268],[-54.70671,-24.68143],[-54.71226,-24.68003],[-54.71174,-24.67722],[-54.71409,-24.67762],[-54.71351,-24.67931],[-54.7204,-24.67673],[-54.71852,-24.67296],[-54.72009,-24.66962],[-54.72794,-24.66586],[-54.72772,-24.66404],[-54.72521,-24.66307],[-54.72739,-24.66142],[-54.72712,-24.65972],[-54.72522,-24.65834],[-54.72362,-24.6598],[-54.72321,-24.65848],[-54.72592,-24.65435],[-54.72931,-24.65461],[-54.72844,-24.65211],[-54.73325,-24.65565],[-54.73793,-24.65192],[-54.74075,-24.65508],[-54.74572,-24.65395],[-54.74442,-24.65802],[-54.74709,-24.65695],[-54.74704,-24.65811],[-54.74916,-24.65775],[-54.74981,-24.65908],[-54.75115,-24.65676],[-54.75042,-24.66087],[-54.76145,-24.65681],[-54.76247,-24.65782],[-54.7683,-24.65599],[-54.76723,-24.65546],[-54.76816,-24.64949],[-54.77201,-24.64845],[-54.7748,-24.65001],[-54.77613,-24.64935],[-54.78037,-24.65324],[-54.78134,-24.65555],[-54.77932,-24.65857],[-54.78243,-24.65874],[-54.78082,-24.66118],[-54.7826,-24.66092],[-54.78384,-24.66426],[-54.79018,-24.6676],[-54.79617,-24.66729],[-54.79638,-24.67369],[-54.79774,-24.6754],[-54.80003,-24.67392],[-54.80127,-24.67507],[-54.80147,-24.67318],[-54.80393,-24.67412],[-54.80476,-24.67186],[-54.80533,-24.67538],[-54.80682,-24.67517],[-54.80687,-24.67636],[-54.80986,-24.67383],[-54.80931,-24.6729],[-54.81064,-24.67332],[-54.81319,-24.6676],[-54.81981,-24.66912],[-54.82164,-24.66862],[-54.82025,-24.66844],[-54.82089,-24.66688],[-54.82341,-24.66716],[-54.82154,-24.66353],[-54.82306,-24.66246],[-54.82899,-24.66386],[-54.82818,-24.66843],[-54.83061,-24.66904],[-54.82927,-24.67192],[-54.8307,-24.67469],[-54.83396,-24.67456],[-54.83341,-24.66993],[-54.83498,-24.66879],[-54.83877,-24.67032],[-54.84046,-24.67341],[-54.8414,-24.67069],[-54.83927,-24.66792],[-54.83854,-24.66878],[-54.83629,-24.66767],[-54.83568,-24.66549],[-54.84007,-24.66479],[-54.84068,-24.66321],[-54.83574,-24.66156],[-54.83596,-24.65892],[-54.8343,-24.66041],[-54.83533,-24.65883],[-54.83265,-24.65813],[-54.83337,-24.65639],[-54.83771,-24.6544],[-54.83996,-24.65587],[-54.84186,-24.65488],[-54.84371,-24.6565],[-54.84194,-24.65249],[-54.84507,-24.64985],[-54.84665,-24.65098],[-54.84679,-24.64892],[-54.85022,-24.64866],[-54.85132,-24.65019],[-54.8588,-24.64816],[-54.85965,-24.64922],[-54.85896,-24.64204],[-54.86066,-24.64227],[-54.8607,-24.64009],[-54.864,-24.63626],[-54.87137,-24.63386],[-54.87366,-24.63563],[-54.87562,-24.63531],[-54.8755,-24.63415],[-54.87668,-24.63584],[-54.88077,-24.6356],[-54.88385,-24.63246],[-54.88712,-24.63353],[-54.8904,-24.62987],[-54.89891,-24.62924],[-54.89696,-24.62136],[-54.89357,-24.62352],[-54.89021,-24.62245],[-54.88838,-24.61943],[-54.88971,-24.61864],[-54.88872,-24.61664],[-54.89792,-24.61861],[-54.89834,-24.61435],[-54.90398,-24.6125],[-54.90274,-24.60778],[-54.90468,-24.60509],[-54.90385,-24.59879],[-54.90256,-24.59847],[-54.90724,-24.59884],[-54.9095,-24.5945],[-54.90849,-24.59129],[-54.91175,-24.59054],[-54.91116,-24.57826],[-54.91416,-24.57387],[-54.91652,-24.57459],[-54.92636,-24.56864],[-54.92879,-24.56972],[-54.92912,-24.5681],[-54.93075,-24.56926],[-54.93195,-24.56804],[-54.93509,-24.56833],[-54.93579,-24.56939],[-54.93645,-24.56791],[-54.93898,-24.57041],[-54.94372,-24.56436],[-54.9481,-24.56636],[-54.95251,-24.56514],[-54.95706,-24.56879],[-54.95957,-24.56796],[-54.96148,-24.56923],[-54.96411,-24.56763],[-54.96619,-24.56891],[-54.97086,-24.56849],[-54.97449,-24.55917],[-54.97821,-24.55943],[-54.978,-24.55821],[-54.98237,-24.5565],[-54.98691,-24.55177],[-54.99355,-24.5495],[-54.9972,-24.55097],[-55.00052,-24.54967],[-55.00497,-24.55138],[-55.00942,-24.54932],[-55.01558,-24.5498],[-55.0313,-24.54437],[-55.04435,-24.54888],[-55.0461,-24.54807],[-55.05039,-24.54992],[-55.05273,-24.54883],[-55.05489,-24.5512],[-55.06398,-24.54903],[-55.06637,-24.54655],[-55.07046,-24.54844],[-55.08071,-24.54979],[-55.10295,-24.5437],[-55.10962,-24.54045],[-55.11312,-24.53617],[-55.11488,-24.52458],[-55.1124,-24.51805],[-55.1127,-24.50834],[-55.11414,-24.50497],[-55.12062,-24.49834],[-55.12247,-24.49383],[-55.13404,-24.47988],[-55.13957,-24.48245],[-55.15452,-24.47625],[-55.15464,-24.47906],[-55.14302,-24.4881],[-55.13877,-24.49678],[-55.14941,-24.51111],[-55.1535,-24.51228],[-55.16026,-24.51749],[-55.16065,-24.51921],[-55.15669,-24.52323],[-55.15763,-24.52846],[-55.1617,-24.52893],[-55.1641,-24.52695],[-55.17466,-24.52431],[-55.18689,-24.51756],[-55.19271,-24.51915],[-55.20001,-24.51625],[-55.21456,-24.51523],[-55.22052,-24.5171],[-55.22912,-24.51641],[-55.23683,-24.51935],[-55.24556,-24.51463],[-55.25116,-24.51515],[-55.25663,-24.52118],[-55.26931,-24.52303],[-55.27142,-24.52612],[-55.27552,-24.52773],[-55.2766,-24.53408],[-55.28038,-24.5409],[-55.28308,-24.54502],[-55.28756,-24.54746],[-55.28844,-24.55427],[-55.29254,-24.5601],[-55.29532,-24.56238],[-55.298,-24.56254],[-55.302,-24.56693],[-55.30119,-24.57372],[-55.30213,-24.57599],[-55.30441,-24.5766],[-55.30294,-24.58106],[-55.30534,-24.58395],[-55.30671,-24.58989],[-55.29843,-24.59956],[-55.29925,-24.60227],[-55.29262,-24.61312],[-55.29478,-24.61642],[-55.29456,-24.61936],[-55.29552,-24.62048],[-55.29858,-24.6201],[-55.30056,-24.62436],[-55.29938,-24.62662],[-55.30134,-24.62897],[-55.30103,-24.63828],[-55.2963,-24.6401],[-55.29488,-24.63937],[-55.29218,-24.6449],[-55.29581,-24.64923],[-55.2953,-24.65042],[-55.29872,-24.65163],[-55.2979,-24.65224],[-55.30126,-24.65556],[-55.3011,-24.65772],[-55.30343,-24.65857],[-55.30246,-24.6605],[-55.30575,-24.66368],[-55.30679,-24.67022],[-55.30955,-24.67412],[-55.31228,-24.6736],[-55.31394,-24.67709],[-55.31615,-24.67809],[-55.31604,-24.67993],[-55.31475,-24.67966],[-55.31462,-24.68145],[-55.31286,-24.68213],[-55.31615,-24.6856],[-55.31596,-24.68797],[-55.31739,-24.68806],[-55.31782,-24.69276],[-55.31566,-24.69381],[-55.31518,-24.69767],[-55.3132,-24.69683],[-55.31208,-24.69956],[-55.31052,-24.7007],[-55.3097,-24.69971],[-55.30866,-24.70304],[-55.30581,-24.70517],[-55.30358,-24.70441],[-55.30408,-24.70841],[-55.30108,-24.71249],[-55.30259,-24.71545],[-55.30101,-24.71597],[-55.30368,-24.71935],[-55.30342,-24.72573],[-55.3097,-24.73429],[-55.31128,-24.73425],[-55.31192,-24.73698],[-55.31463,-24.73798],[-55.31363,-24.74062],[-55.31599,-24.74129],[-55.31684,-24.74578],[-55.31961,-24.74636],[-55.32338,-24.75111],[-55.32435,-24.7582],[-55.3232,-24.75796],[-55.32312,-24.76112],[-55.32155,-24.76171],[-55.32285,-24.76251],[-55.32153,-24.7638],[-55.32202,-24.76656],[-55.3207,-24.76636],[-55.32384,-24.77149],[-55.32298,-24.77288],[-55.32558,-24.77725],[-55.32466,-24.77789],[-55.32686,-24.77825],[-55.32845,-24.78145],[-55.32929,-24.78475],[-55.32823,-24.78554],[-55.33027,-24.78544],[-55.33126,-24.78703],[-55.32904,-24.7912],[-55.33043,-24.7925],[-55.32885,-24.79252],[-55.33101,-24.79476],[-55.33011,-24.79721],[-55.33158,-24.80154],[-55.33499,-24.80419],[-55.3343,-24.80722],[-55.33602,-24.80785],[-55.33443,-24.80989],[-55.3361,-24.80912],[-55.33622,-24.81194],[-55.33782,-24.81202],[-55.33357,-24.81562],[-55.33484,-24.81852],[-55.33374,-24.82069],[-55.33467,-24.82353],[-55.33584,-24.82334],[-55.33387,-24.82601],[-55.33655,-24.83204],[-55.33899,-24.83259],[-55.33789,-24.83359],[-55.33911,-24.83564],[-55.3416,-24.83487],[-55.34541,-24.83679],[-55.34407,-24.83899],[-55.34561,-24.83813],[-55.34675,-24.8393],[-55.34616,-24.84111],[-55.34743,-24.84084],[-55.34699,-24.8419],[-55.34926,-24.84328],[-55.34759,-24.84475],[-55.35008,-24.8468],[-55.34653,-24.84991],[-55.3432,-24.84653],[-55.34222,-24.8493],[-55.34533,-24.85299],[-55.34254,-24.8546],[-55.34364,-24.85645],[-55.34099,-24.85451],[-55.33953,-24.85756],[-55.34199,-24.85846],[-55.34087,-24.85972],[-55.34238,-24.86151],[-55.34361,-24.86035],[-55.34418,-24.86128],[-55.34199,-24.86395],[-55.33981,-24.86172],[-55.33828,-24.86264],[-55.34167,-24.86517],[-55.33832,-24.8661],[-55.34103,-24.86702],[-55.34084,-24.86824],[-55.33833,-24.86889],[-55.33903,-24.867],[-55.33768,-24.86751],[-55.33691,-24.8702],[-55.33533,-24.87045],[-55.33673,-24.8718],[-55.33553,-24.87413],[-55.332,-24.87394],[-55.32936,-24.87718],[-55.33373,-24.87964],[-55.33344,-24.8814],[-55.32998,-24.88166],[-55.32908,-24.88409],[-55.32671,-24.88431],[-55.32621,-24.88249],[-55.32505,-24.88355],[-55.32746,-24.88593],[-55.32509,-24.88782],[-55.32894,-24.88823],[-55.33013,-24.89087],[-55.32968,-24.89222],[-55.32588,-24.89211],[-55.32735,-24.89563],[-55.32621,-24.89731],[-55.32929,-24.89851],[-55.32688,-24.90082],[-55.33857,-24.90801],[-55.33741,-24.90939],[-55.33529,-24.90906],[-55.33545,-24.91095],[-55.33902,-24.91025],[-55.34022,-24.91248],[-55.34229,-24.91063],[-55.34139,-24.91316],[-55.34419,-24.91492],[-55.34364,-24.91811],[-55.34534,-24.91816],[-55.34485,-24.92051],[-55.34176,-24.92174],[-55.3409,-24.92374],[-55.33435,-24.92551],[-55.32981,-24.9243],[-55.32891,-24.92624],[-55.32943,-24.92846],[-55.33091,-24.92858],[-55.3308,-24.9269],[-55.33177,-24.92782],[-55.33041,-24.92982],[-55.33281,-24.92987],[-55.33071,-24.93114],[-55.3316,-24.93279],[-55.32985,-24.93274],[-55.33105,-24.93483],[-55.32992,-24.93558],[-55.33365,-24.93861],[-55.32936,-24.93905],[-55.3306,-24.94102],[-55.32784,-24.94119],[-55.32759,-24.94282],[-55.33064,-24.94217],[-55.33137,-24.9435],[-55.32949,-24.94509],[-55.33098,-24.94623],[-55.33359,-24.94384],[-55.33251,-24.94723],[-55.33478,-24.94929],[-55.33231,-24.9505],[-55.33449,-24.95096],[-55.33232,-24.95282],[-55.33439,-24.95878],[-55.3325,-24.96384],[-55.33027,-24.96545],[-55.33283,-24.96822],[-55.33014,-24.96958],[-55.3311,-24.97096],[-55.3283,-24.97198],[-55.32199,-24.97147],[-55.32266,-24.96981],[-55.32115,-24.96979],[-55.32075,-24.97173],[-55.3185,-24.97193],[-55.31818,-24.97428],[-55.31622,-24.97477],[-55.31514,-24.97868],[-55.31301,-24.9781],[-55.31327,-24.98366],[-55.30884,-24.98218],[-55.30737,-24.98346],[-55.30815,-24.98823],[-55.30458,-24.99113],[-55.30608,-24.99205],[-55.30407,-24.99384],[-55.30445,-24.9951],[-55.30622,-24.99493],[-55.30575,-24.99666],[-55.30782,-24.99533],[-55.30719,-24.99866],[-55.30955,-24.99697],[-55.31138,-25.00058],[-55.31369,-24.99978],[-55.3134,-25.00333],[-55.3086,-25.00509],[-55.30958,-25.01019],[-55.30756,-25.01178],[-55.31118,-25.00996],[-55.31113,-25.01098],[-55.30373,-25.015],[-55.30245,-25.01422],[-55.3032,-25.0161],[-55.29971,-25.01568],[-55.30063,-25.01345],[-55.29745,-25.01555],[-55.2987,-25.02188],[-55.29588,-25.02142],[-55.29111,-25.0241],[-55.28897,-25.02065],[-55.28679,-25.02073],[-55.28707,-25.02408],[-55.28435,-25.02523],[-55.27587,-25.02217],[-55.27305,-25.02334],[-55.27343,-25.02495],[-55.27744,-25.02394],[-55.27848,-25.02669],[-55.27503,-25.026],[-55.27024,-25.03097],[-55.27371,-25.03322],[-55.27549,-25.0304],[-55.27729,-25.03095],[-55.28123,-25.03856],[-55.27546,-25.03833],[-55.27062,-25.04321],[-55.26756,-25.0435],[-55.26609,-25.0366],[-55.25665,-25.03324],[-55.25561,-25.03038],[-55.24978,-25.03247],[-55.25448,-25.03529],[-55.25004,-25.03813],[-55.24166,-25.03427],[-55.2372,-25.0361],[-55.23645,-25.03434],[-55.23851,-25.03153],[-55.23261,-25.03118],[-55.23119,-25.02904],[-55.22819,-25.02985],[-55.23105,-25.03218],[-55.22708,-25.035],[-55.23181,-25.03675],[-55.22762,-25.03763],[-55.23238,-25.03897],[-55.2327,-25.04276],[-55.23098,-25.04285],[-55.23332,-25.0436],[-55.22852,-25.04473],[-55.22792,-25.04607],[-55.2258,-25.04303],[-55.22373,-25.04508],[-55.22562,-25.0466],[-55.22452,-25.04969],[-55.22029,-25.04824],[-55.2213,-25.05159],[-55.21943,-25.05107],[-55.21801,-25.04668],[-55.21696,-25.04772],[-55.21829,-25.04886],[-55.21544,-25.04905],[-55.21531,-25.04401],[-55.21245,-25.04424],[-55.21177,-25.04624],[-55.21012,-25.04512],[-55.21161,-25.0491],[-55.20662,-25.04701],[-55.20494,-25.04932],[-55.20413,-25.04569],[-55.20206,-25.04614],[-55.20187,-25.03909],[-55.19327,-25.04297],[-55.1934,-25.04657],[-55.19103,-25.04548],[-55.18563,-25.05116],[-55.18298,-25.05088],[-55.1854,-25.05257],[-55.18319,-25.05519],[-55.18048,-25.05385],[-55.1785,-25.05499],[-55.18029,-25.05663],[-55.17629,-25.05881],[-55.17731,-25.06201],[-55.17403,-25.0651],[-55.17401,-25.07018],[-55.17113,-25.07023],[-55.16804,-25.07551],[-55.17166,-25.0815],[-55.17049,-25.08353],[-55.16732,-25.08376],[-55.16899,-25.08642],[-55.16681,-25.08561],[-55.16518,-25.0872],[-55.16365,-25.08315],[-55.15945,-25.08667],[-55.15771,-25.09235],[-55.16209,-25.09198],[-55.15872,-25.09442],[-55.15983,-25.09604],[-55.15687,-25.09663],[-55.15594,-25.09555],[-55.15718,-25.09788],[-55.15487,-25.09876],[-55.15649,-25.10056],[-55.154,-25.09869],[-55.15118,-25.10076],[-55.15108,-25.09887],[-55.14871,-25.0987],[-55.15037,-25.09731],[-55.14512,-25.09841],[-55.13847,-25.10531],[-55.13802,-25.11151],[-55.13494,-25.11192],[-55.13525,-25.11498],[-55.1322,-25.11383],[-55.13133,-25.11695],[-55.13037,-25.11396],[-55.12925,-25.11406],[-55.12618,-25.11761],[-55.11978,-25.12095],[-55.12017,-25.12275],[-55.1158,-25.1238],[-55.11355,-25.12676],[-55.11162,-25.1264],[-55.11361,-25.12775],[-55.11279,-25.12979],[-55.11021,-25.128],[-55.10538,-25.13234],[-55.10322,-25.12988],[-55.10257,-25.13336],[-55.1006,-25.12991],[-55.09866,-25.13013],[-55.09883,-25.12863],[-55.09248,-25.12784],[-55.09353,-25.12979],[-55.09219,-25.13096],[-55.09436,-25.13416],[-55.09084,-25.13619],[-55.08932,-25.1423],[-55.08563,-25.14282],[-55.08912,-25.14479],[-55.0853,-25.1453],[-55.08193,-25.14402],[-55.08373,-25.14686],[-55.08213,-25.14745],[-55.08061,-25.14278],[-55.07735,-25.14496],[-55.07226,-25.15497],[-55.06812,-25.1549],[-55.06908,-25.15776],[-55.06515,-25.15546],[-55.06347,-25.15661],[-55.06547,-25.1586],[-55.06156,-25.16084],[-55.06102,-25.15788],[-55.0575,-25.15783],[-55.05609,-25.16122],[-55.0584,-25.16516],[-55.05708,-25.16628],[-55.05909,-25.16698],[-55.05574,-25.16729],[-55.05732,-25.16901],[-55.05533,-25.16977],[-55.05423,-25.16845],[-55.05505,-25.16559],[-55.05283,-25.16607],[-55.05243,-25.17041],[-55.05463,-25.17215],[-55.0538,-25.17412],[-55.04638,-25.17044],[-55.04534,-25.1731],[-55.04171,-25.17337],[-55.0429,-25.17627],[-55.03936,-25.17436],[-55.03617,-25.1755],[-55.0353,-25.17736],[-55.0346,-25.17467],[-55.03254,-25.17709],[-55.03256,-25.17447],[-55.03054,-25.17497],[-55.02888,-25.17617],[-55.03048,-25.18047],[-55.02696,-25.18075],[-55.0271,-25.18293],[-55.02394,-25.18452],[-55.02581,-25.18511],[-55.02466,-25.18767],[-55.02104,-25.19027],[-55.02252,-25.19309],[-55.01949,-25.19245],[-55.01598,-25.19607],[-55.00976,-25.19407],[-55.00828,-25.19945],[-55.01337,-25.19945],[-55.01599,-25.20518],[-55.0246,-25.20861],[-55.02261,-25.21307],[-55.01944,-25.2134],[-55.01872,-25.21487],[-55.02689,-25.22241],[-55.02844,-25.22569],[-55.0249,-25.22397],[-55.01734,-25.22797],[-55.01796,-25.22999],[-55.02447,-25.22891],[-55.02193,-25.23486],[-55.0126,-25.23371],[-55.01262,-25.23638],[-55.01707,-25.23584],[-55.01701,-25.24422],[-55.01086,-25.24124],[-55.00214,-25.24102],[-55.00369,-25.24263],[-55.00332,-25.25197],[-54.99784,-25.24933],[-54.99368,-25.24926],[-54.99531,-25.24123],[-54.98995,-25.24559],[-54.98411,-25.24686],[-54.98902,-25.25599],[-54.9915,-25.25756],[-54.98021,-25.2637],[-54.97029,-25.25849],[-54.97431,-25.25277],[-54.97467,-25.24803],[-54.97201,-25.24747],[-54.96513,-25.2497],[-54.96672,-25.25653],[-54.96384,-25.25688],[-54.96424,-25.2619],[-54.9675,-25.26139],[-54.97004,-25.26708],[-54.96518,-25.27233],[-54.97086,-25.27218],[-54.9726,-25.26876],[-54.97418,-25.27106],[-54.97249,-25.27774],[-54.97717,-25.27849],[-54.97541,-25.2797],[-54.97473,-25.28331],[-54.96818,-25.28636],[-54.96725,-25.29416],[-54.96378,-25.30021],[-54.96248,-25.30051],[-54.96249,-25.29693],[-54.96057,-25.296],[-54.95481,-25.3044],[-54.95696,-25.30782],[-54.96037,-25.3051],[-54.96344,-25.30613],[-54.96134,-25.31335],[-54.96444,-25.31666],[-54.95758,-25.32154],[-54.95566,-25.31936],[-54.94876,-25.31664],[-54.94159,-25.32294],[-54.93819,-25.33377],[-54.94159,-25.34056],[-54.93919,-25.34439],[-54.94562,-25.34277],[-54.95051,-25.34662],[-54.935,-25.35447],[-54.93506,-25.35703],[-54.92325,-25.36646],[-54.92556,-25.36868],[-54.93317,-25.36814],[-54.93167,-25.37421],[-54.93344,-25.37753],[-54.94382,-25.36696],[-54.95447,-25.37055],[-54.9502,-25.36536],[-54.96067,-25.36121],[-54.96622,-25.3657],[-54.96435,-25.37293],[-54.96613,-25.3762],[-54.97102,-25.37982],[-54.97992,-25.38379],[-54.99196,-25.38673],[-55.00017,-25.38752],[-55.00841,-25.38627],[-55.02125,-25.37807],[-55.02482,-25.37337],[-55.03153,-25.35852],[-55.04032,-25.32355],[-55.04238,-25.31951],[-55.05067,-25.31464],[-55.05866,-25.31361],[-55.06661,-25.31462],[-55.08864,-25.3226],[-55.11024,-25.32719],[-55.12368,-25.32781],[-55.14501,-25.32531],[-55.15965,-25.32039],[-55.17272,-25.3123],[-55.19137,-25.29759],[-55.20874,-25.27584],[-55.21797,-25.26668],[-55.22512,-25.2628],[-55.2483,-25.2523],[-55.25525,-25.25058],[-55.28066,-25.24923],[-55.28986,-25.25173],[-55.30715,-25.27728],[-55.32846,-25.33526],[-55.33856,-25.34512],[-55.35539,-25.35761],[-55.37844,-25.36191],[-55.42606,-25.55754]]]}},{"type":"Feature","properties":{"shapeName":"CENTRAL","shapeISO":"PY-11","shapeID":"63826900B88193761383216","shapeGroup":"PRY","shapeType":"ADM1"},"geometry":{"type":"Polygon","coordinates":[[[-57.64208,-25.38039],[-57.63873,-25.38312],[-57.62729,-25.38683],[-57.61613,-25.38792],[-57.6053,-25.39545],[-57.5945,-25.40478],[-57.58446,-25.41694],[-57.57131,-25.42944],[-57.5583,-25.44613],[-57.56091,-25.47171],[-57.56744,-25.48209],[-57.57025,-25.49533],[-57.57803,-25.5047],[-57.5798,-25.51137],[-57.57935,-25.52076],[-57.57082,-25.53665],[-57.57011,-25.54525],[-57.57139,-25.55289],[-57.57694,-25.56509],[-57.58108,-25.56949],[-57.58945,-25.57036],[-57.60054,-25.56681],[-57.60467,-25.56849],[-57.60595,-25.57494],[-57.60451,-25.58728],[-57.6086,-25.60527],[-57.61313,-25.61226],[-57.61902,-25.61654],[-57.62626,-25.61753],[-57.63499,-25.61511],[-57.64034,-25.61215],[-57.65077,-25.60123],[-57.65724,-25.59713],[-57.66847,-25.59606],[-57.67448,-25.59853],[-57.67713,-25.60361],[-57.67703,-25.60768],[-57.67064,-25.64971],[-57.67155,-25.65548],[-57.67444,-25.65931],[-57.68158,-25.66177],[-57.68907,-25.66151],[-57.71609,-25.64706],[-57.72544,-25.64543],[-57.73682,-25.64786],[-57.74813,-25.65867],[-57.75229,-25.66488],[-57.75699,-25.6773],[-57.76607,-25.69027],[-57.76675,-25.69944],[-57.76441,-25.70466],[-57.75969,-25.70853],[-57.75232,-25.70959],[-57.74307,-25.70907],[-57.73569,-25.70696],[-57.73107,-25.70788],[-57.72822,-25.71096],[-57.72774,-25.71515],[-57.73166,-25.72214],[-57.73644,-25.72687],[-57.76129,-25.7435],[-57.76782,-25.74924],[-57.77325,-25.75702],[-57.77939,-25.76027],[-57.79277,-25.76099],[-57.80897,-25.7523],[-57.81346,-25.75148],[-57.82247,-25.75313],[-57.82612,-25.75685],[-57.82665,-25.76103],[-57.81991,-25.78099],[-57.80577,-25.79669],[-57.79797,-25.80873],[-57.79617,-25.81474],[-57.79758,-25.82447],[-57.80833,-25.83998],[-57.79282,-25.83571],[-57.78969,-25.83384],[-57.78723,-25.82975],[-57.78658,-25.82231],[-57.79143,-25.80939],[-57.79347,-25.797],[-57.79237,-25.7964],[-57.78674,-25.80115],[-57.77894,-25.80347],[-57.76542,-25.79963],[-57.76329,-25.79641],[-57.76036,-25.79651],[-57.75869,-25.79233],[-57.76106,-25.79154],[-57.7596,-25.78934],[-57.76115,-25.78107],[-57.76463,-25.78153],[-57.76577,-25.78019],[-57.7619,-25.77952],[-57.76354,-25.77738],[-57.76242,-25.77604],[-57.75997,-25.77861],[-57.759,-25.77667],[-57.75608,-25.77686],[-57.75503,-25.77406],[-57.75968,-25.77221],[-57.75562,-25.77201],[-57.75675,-25.768],[-57.75549,-25.77035],[-57.75472,-25.76763],[-57.7532,-25.76723],[-57.75181,-25.76773],[-57.75233,-25.77022],[-57.74987,-25.76837],[-57.7451,-25.76875],[-57.74749,-25.77071],[-57.74387,-25.77434],[-57.74498,-25.77418],[-57.74664,-25.77843],[-57.7429,-25.77796],[-57.74214,-25.77996],[-57.73997,-25.7803],[-57.74007,-25.78306],[-57.7433,-25.78048],[-57.74462,-25.78553],[-57.74616,-25.78441],[-57.74813,-25.78655],[-57.74855,-25.78369],[-57.75105,-25.78431],[-57.74951,-25.78634],[-57.75167,-25.78838],[-57.75017,-25.7881],[-57.75071,-25.78929],[-57.74824,-25.78948],[-57.74814,-25.79074],[-57.74916,-25.79177],[-57.74956,-25.79038],[-57.75354,-25.79133],[-57.75105,-25.79363],[-57.75225,-25.79419],[-57.75168,-25.79715],[-57.74812,-25.79775],[-57.74967,-25.79961],[-57.74596,-25.79937],[-57.74776,-25.80198],[-57.74509,-25.80281],[-57.74621,-25.80411],[-57.74495,-25.80687],[-57.74038,-25.80372],[-57.74223,-25.80512],[-57.74002,-25.8059],[-57.74153,-25.80757],[-57.73873,-25.81021],[-57.74158,-25.81335],[-57.7435,-25.81157],[-57.74544,-25.81451],[-57.74466,-25.81684],[-57.74074,-25.81645],[-57.74352,-25.81955],[-57.73917,-25.81983],[-57.74242,-25.82188],[-57.7388,-25.82268],[-57.7416,-25.82446],[-57.7398,-25.82739],[-57.74149,-25.82831],[-57.74285,-25.82703],[-57.7433,-25.82836],[-57.74286,-25.82963],[-57.74143,-25.82911],[-57.74195,-25.8313],[-57.74107,-25.83027],[-57.73961,-25.83204],[-57.74505,-25.83146],[-57.74683,-25.83307],[-57.74275,-25.83257],[-57.74198,-25.83404],[-57.74388,-25.83431],[-57.74042,-25.83779],[-57.73923,-25.83722],[-57.74087,-25.83504],[-57.73838,-25.83444],[-57.7381,-25.83678],[-57.73584,-25.83369],[-57.7353,-25.83743],[-57.73458,-25.83461],[-57.7326,-25.83514],[-57.73184,-25.83386],[-57.73338,-25.83344],[-57.73102,-25.8316],[-57.7296,-25.83333],[-57.73138,-25.83562],[-57.72861,-25.83847],[-57.73056,-25.84027],[-57.72834,-25.84098],[-57.72756,-25.84457],[-57.72643,-25.84394],[-57.72571,-25.8463],[-57.72284,-25.84548],[-57.72188,-25.84833],[-57.7188,-25.84811],[-57.7195,-25.8456],[-57.71485,-25.84755],[-57.71749,-25.84964],[-57.71466,-25.85151],[-57.71301,-25.85123],[-57.71437,-25.8499],[-57.71346,-25.84852],[-57.71178,-25.85049],[-57.71031,-25.84912],[-57.7054,-25.84969],[-57.705,-25.8443],[-57.7018,-25.8458],[-57.70265,-25.84731],[-57.7014,-25.84704],[-57.70135,-25.84871],[-57.69794,-25.84572],[-57.69866,-25.84961],[-57.69716,-25.85016],[-57.69614,-25.84896],[-57.69829,-25.84803],[-57.69514,-25.84781],[-57.69598,-25.84577],[-57.69267,-25.84633],[-57.69371,-25.84818],[-57.69203,-25.84883],[-57.69038,-25.84765],[-57.68963,-25.84955],[-57.69013,-25.85184],[-57.69094,-25.85063],[-57.69233,-25.85208],[-57.69238,-25.8546],[-57.68946,-25.85376],[-57.6882,-25.85444],[-57.68922,-25.85551],[-57.68665,-25.85586],[-57.6869,-25.85732],[-57.68877,-25.8571],[-57.68802,-25.85937],[-57.68955,-25.85889],[-57.68843,-25.86023],[-57.68624,-25.8618],[-57.68679,-25.86002],[-57.68439,-25.86064],[-57.68091,-25.85724],[-57.68192,-25.86035],[-57.67951,-25.85876],[-57.67947,-25.86113],[-57.67472,-25.86152],[-57.67469,-25.86326],[-57.67223,-25.86454],[-57.67138,-25.86202],[-57.66863,-25.86119],[-57.66927,-25.86377],[-57.66712,-25.86284],[-57.66473,-25.86593],[-57.66568,-25.86776],[-57.66641,-25.866],[-57.6683,-25.86703],[-57.66661,-25.86751],[-57.66671,-25.86979],[-57.66543,-25.86811],[-57.66177,-25.86727],[-57.66373,-25.86606],[-57.66352,-25.86259],[-57.66154,-25.86256],[-57.66101,-25.86512],[-57.65968,-25.86385],[-57.65729,-25.86503],[-57.65447,-25.86425],[-57.65875,-25.8614],[-57.65159,-25.8611],[-57.65088,-25.85888],[-57.6559,-25.85972],[-57.65294,-25.85638],[-57.65174,-25.85824],[-57.64954,-25.8575],[-57.64706,-25.86108],[-57.64798,-25.85924],[-57.64374,-25.85823],[-57.64472,-25.85569],[-57.64254,-25.85555],[-57.6424,-25.85405],[-57.64169,-25.8565],[-57.63751,-25.85787],[-57.63962,-25.8602],[-57.63603,-25.86019],[-57.63861,-25.86159],[-57.63593,-25.86166],[-57.63769,-25.8634],[-57.63541,-25.86504],[-57.6358,-25.86709],[-57.63032,-25.86672],[-57.63238,-25.86444],[-57.62512,-25.86386],[-57.6269,-25.86828],[-57.62954,-25.86747],[-57.63288,-25.86919],[-57.63057,-25.87427],[-57.62678,-25.87588],[-57.62459,-25.87389],[-57.62441,-25.87587],[-57.6212,-25.87543],[-57.61714,-25.87963],[-57.61434,-25.87921],[-57.6152,-25.87569],[-57.61292,-25.87342],[-57.61393,-25.87216],[-57.61596,-25.87347],[-57.61705,-25.87138],[-57.61342,-25.87162],[-57.6123,-25.86873],[-57.60974,-25.86801],[-57.60722,-25.86969],[-57.60279,-25.86634],[-57.60068,-25.86652],[-57.6028,-25.87158],[-57.60152,-25.87298],[-57.6025,-25.87623],[-57.60512,-25.87537],[-57.60356,-25.87335],[-57.60523,-25.87153],[-57.60885,-25.87375],[-57.60331,-25.88103],[-57.60369,-25.883],[-57.61135,-25.88799],[-57.60955,-25.88853],[-57.61123,-25.88991],[-57.60959,-25.89184],[-57.61046,-25.89305],[-57.61546,-25.89208],[-57.61478,-25.89542],[-57.61019,-25.89632],[-57.60975,-25.89341],[-57.6075,-25.89362],[-57.60363,-25.89878],[-57.60444,-25.90104],[-57.6069,-25.9018],[-57.60601,-25.905],[-57.60431,-25.90557],[-57.60143,-25.90415],[-57.60185,-25.90122],[-57.59604,-25.90306],[-57.59283,-25.90118],[-57.59302,-25.89821],[-57.59078,-25.8983],[-57.58661,-25.89493],[-57.58215,-25.90167],[-57.58311,-25.90546],[-57.57859,-25.9054],[-57.5771,-25.91188],[-57.56947,-25.9185],[-57.55759,-25.92453],[-57.55451,-25.93165],[-57.55218,-25.93244],[-57.54729,-25.93823],[-57.54268,-25.94769],[-57.54019,-25.94787],[-57.53356,-25.94254],[-57.53197,-25.9473],[-57.52895,-25.94997],[-57.51675,-25.95416],[-57.51749,-25.95659],[-57.53019,-25.96245],[-57.5332,-25.96554],[-57.53092,-25.96819],[-57.52143,-25.97161],[-57.51796,-25.97581],[-57.51818,-25.97797],[-57.52124,-25.98026],[-57.53296,-25.98292],[-57.53444,-25.9855],[-57.53279,-25.98724],[-57.5216,-25.98924],[-57.51557,-25.98569],[-57.50362,-25.97493],[-57.49837,-25.97666],[-57.497,-25.98156],[-57.49962,-26.02512],[-57.47605,-25.97229],[-57.4161,-25.88925],[-57.41525,-25.88118],[-57.42121,-25.87235],[-57.41932,-25.86442],[-57.423,-25.85406],[-57.42778,-25.85044],[-57.43283,-25.85139],[-57.44291,-25.84462],[-57.45255,-25.82956],[-57.45252,-25.82259],[-57.45649,-25.81752],[-57.4538,-25.80839],[-57.45826,-25.79467],[-57.46143,-25.79009],[-57.46008,-25.78336],[-57.46325,-25.77926],[-57.45738,-25.77206],[-57.46347,-25.76819],[-57.4624,-25.76531],[-57.46821,-25.75615],[-57.45565,-25.73622],[-57.45772,-25.73471],[-57.45798,-25.73222],[-57.4535,-25.73136],[-57.44923,-25.72316],[-57.44412,-25.71823],[-57.44281,-25.71429],[-57.43448,-25.70793],[-57.43158,-25.70345],[-57.42684,-25.70078],[-57.43172,-25.70264],[-57.43347,-25.70489],[-57.43628,-25.70463],[-57.43619,-25.70156],[-57.43178,-25.70104],[-57.42857,-25.69524],[-57.42765,-25.6999],[-57.42614,-25.69996],[-57.42517,-25.69806],[-57.42659,-25.69605],[-57.42229,-25.69546],[-57.41983,-25.6933],[-57.41663,-25.69452],[-57.41811,-25.68899],[-57.41567,-25.68309],[-57.41725,-25.67697],[-57.41648,-25.67411],[-57.42215,-25.6688],[-57.42016,-25.66713],[-57.41944,-25.66238],[-57.42277,-25.6543],[-57.41993,-25.65334],[-57.42151,-25.64705],[-57.41799,-25.64597],[-57.41961,-25.64455],[-57.41403,-25.63952],[-57.4133,-25.63502],[-57.40631,-25.62839],[-57.40474,-25.62978],[-57.40448,-25.62805],[-57.39637,-25.6283],[-57.39469,-25.63167],[-57.39492,-25.63606],[-57.39296,-25.63489],[-57.38973,-25.63661],[-57.39114,-25.63998],[-57.38652,-25.6372],[-57.37761,-25.63558],[-57.3712,-25.62444],[-57.3645,-25.62236],[-57.36051,-25.61702],[-57.3582,-25.61907],[-57.35513,-25.61598],[-57.34586,-25.61278],[-57.34303,-25.60961],[-57.34433,-25.60629],[-57.34295,-25.59885],[-57.34355,-25.58718],[-57.33996,-25.58288],[-57.33612,-25.58262],[-57.33481,-25.5847],[-57.33074,-25.5789],[-57.32412,-25.54642],[-57.32291,-25.52844],[-57.31842,-25.5111],[-57.31538,-25.47906],[-57.31205,-25.46131],[-57.31946,-25.45494],[-57.31875,-25.44719],[-57.31529,-25.44869],[-57.31287,-25.44753],[-57.29228,-25.4494],[-57.29099,-25.45136],[-57.27705,-25.44162],[-57.24861,-25.43387],[-57.23858,-25.42939],[-57.22301,-25.41862],[-57.21791,-25.40268],[-57.21418,-25.40535],[-57.20735,-25.40571],[-57.19502,-25.40178],[-57.19301,-25.39875],[-57.1967,-25.39032],[-57.19572,-25.38217],[-57.19782,-25.37426],[-57.19493,-25.36979],[-57.20556,-25.35271],[-57.21539,-25.357],[-57.21334,-25.36105],[-57.22602,-25.36357],[-57.22835,-25.36562],[-57.23373,-25.36686],[-57.24717,-25.36224],[-57.25084,-25.35919],[-57.26135,-25.36257],[-57.26521,-25.36138],[-57.26906,-25.36367],[-57.27962,-25.35852],[-57.29033,-25.35743],[-57.29626,-25.35349],[-57.3111,-25.3333],[-57.32932,-25.31773],[-57.33972,-25.30376],[-57.3433,-25.29401],[-57.34187,-25.27604],[-57.33452,-25.26571],[-57.3274,-25.2482],[-57.33183,-25.24542],[-57.33353,-25.2422],[-57.3335,-25.23729],[-57.33558,-25.23628],[-57.33765,-25.23205],[-57.34596,-25.2323],[-57.35135,-25.22335],[-57.35441,-25.22216],[-57.35508,-25.21994],[-57.36502,-25.21541],[-57.36586,-25.21142],[-57.36857,-25.2118],[-57.3712,-25.20826],[-57.37371,-25.20866],[-57.37528,-25.20181],[-57.37675,-25.20257],[-57.37945,-25.20089],[-57.38283,-25.20192],[-57.38383,-25.19946],[-57.38207,-25.19917],[-57.38394,-25.19816],[-57.38673,-25.20063],[-57.38803,-25.19617],[-57.39302,-25.19463],[-57.39286,-25.19044],[-57.39445,-25.19145],[-57.39406,-25.1934],[-57.39594,-25.19254],[-57.39517,-25.18843],[-57.39419,-25.18865],[-57.39591,-25.18685],[-57.39525,-25.18549],[-57.39859,-25.18515],[-57.39983,-25.18679],[-57.4015,-25.1829],[-57.40044,-25.18012],[-57.40205,-25.18026],[-57.40208,-25.1823],[-57.4044,-25.18078],[-57.40257,-25.17848],[-57.3978,-25.17722],[-57.39879,-25.17532],[-57.40103,-25.17579],[-57.4012,-25.1735],[-57.39745,-25.17082],[-57.39652,-25.16808],[-57.39899,-25.16944],[-57.4001,-25.16793],[-57.40395,-25.16948],[-57.40503,-25.16835],[-57.40661,-25.17026],[-57.40738,-25.16609],[-57.41081,-25.16352],[-57.41018,-25.16173],[-57.41244,-25.16148],[-57.4122,-25.15781],[-57.40846,-25.1538],[-57.41249,-25.15401],[-57.41529,-25.15231],[-57.41825,-25.15313],[-57.41875,-25.14919],[-57.42379,-25.15002],[-57.42473,-25.14809],[-57.4266,-25.15026],[-57.42886,-25.14727],[-57.42923,-25.14242],[-57.43218,-25.14523],[-57.43415,-25.14446],[-57.43183,-25.14043],[-57.43392,-25.1396],[-57.43495,-25.14111],[-57.43419,-25.13815],[-57.43059,-25.13879],[-57.42912,-25.13768],[-57.42887,-25.13918],[-57.42753,-25.13639],[-57.43155,-25.13484],[-57.42641,-25.13312],[-57.43112,-25.13183],[-57.43248,-25.13395],[-57.43398,-25.12907],[-57.43543,-25.12989],[-57.43509,-25.13238],[-57.43711,-25.12937],[-57.43633,-25.12842],[-57.43842,-25.12704],[-57.43799,-25.12975],[-57.44037,-25.13042],[-57.44108,-25.1293],[-57.44206,-25.13239],[-57.44477,-25.13114],[-57.4478,-25.12755],[-57.44363,-25.12644],[-57.44733,-25.12583],[-57.44749,-25.12332],[-57.44872,-25.12673],[-57.4508,-25.12713],[-57.4519,-25.12439],[-57.45825,-25.12248],[-57.46317,-25.11823],[-57.46513,-25.11902],[-57.47512,-25.11369],[-57.47646,-25.11145],[-57.47436,-25.11137],[-57.47401,-25.10986],[-57.47586,-25.10902],[-57.47832,-25.10369],[-57.48394,-25.10003],[-57.49189,-25.09762],[-57.50506,-25.09668],[-57.51527,-25.10038],[-57.52726,-25.11177],[-57.53364,-25.12024],[-57.53958,-25.1428],[-57.53987,-25.15242],[-57.53695,-25.16659],[-57.53897,-25.17416],[-57.54548,-25.18376],[-57.55635,-25.19317],[-57.57456,-25.22394],[-57.55896,-25.22844],[-57.53985,-25.23621],[-57.52778,-25.24307],[-57.52866,-25.24663],[-57.53358,-25.25036],[-57.53635,-25.26092],[-57.54256,-25.27219],[-57.54031,-25.2861],[-57.54185,-25.29189],[-57.54379,-25.29371],[-57.54324,-25.29629],[-57.56042,-25.32026],[-57.58613,-25.34144],[-57.58948,-25.34044],[-57.59046,-25.33885],[-57.58811,-25.33802],[-57.58979,-25.33511],[-57.59188,-25.33569],[-57.59347,-25.33231],[-57.59438,-25.33282],[-57.59619,-25.33035],[-57.59572,-25.32845],[-57.59748,-25.32907],[-57.60232,-25.32555],[-57.60314,-25.32648],[-57.60785,-25.32078],[-57.60946,-25.32238],[-57.60787,-25.31839],[-57.61144,-25.31734],[-57.61221,-25.31489],[-57.61538,-25.31313],[-57.62162,-25.32352],[-57.61999,-25.32511],[-57.62134,-25.32771],[-57.63397,-25.33802],[-57.63234,-25.3384],[-57.63642,-25.3491],[-57.63529,-25.34938],[-57.63688,-25.36225],[-57.63956,-25.36689],[-57.6361,-25.36903],[-57.64208,-25.38039]]]}},{"type":"Feature","properties":{"shapeName":"ÑEEMBUCU","shapeISO":"PY-12","shapeID":"63826900B28816426657500","shapeGroup":"PRY","shapeType":"ADM1"},"geometry":{"type":"Polygon","coordinates":[[[-57.74314,-26.40059],[-57.74792,-26.3953],[-57.7433,-26.38796],[-57.74938,-26.38201],[-57.74601,-26.38028],[-57.74182,-26.38045],[-57.73865,-26.37719],[-57.73275,-26.37605],[-57.73412,-26.37118],[-57.73529,-26.37145],[-57.73346,-26.37427],[-57.73466,-26.37564],[-57.73888,-26.37149],[-57.73385,-26.37012],[-57.73007,-26.36692],[-57.73125,-26.36372],[-57.73737,-26.36288],[-57.73535,-26.36156],[-57.73605,-26.35969],[-57.73429,-26.35744],[-57.72873,-26.35603],[-57.72434,-26.3567],[-57.72358,-26.35432],[-57.72275,-26.35595],[-57.71894,-26.35692],[-57.71988,-26.36023],[-57.71729,-26.36132],[-57.71815,-26.36382],[-57.71608,-26.36847],[-57.71971,-26.37196],[-57.71414,-26.37648],[-57.71321,-26.37468],[-57.71155,-26.37529],[-57.70838,-26.37281],[-57.70325,-26.37693],[-57.69651,-26.37521],[-57.69897,-26.37231],[-57.69893,-26.36854],[-57.70218,-26.36642],[-57.69892,-26.36504],[-57.69746,-26.36678],[-57.69326,-26.3662],[-57.68998,-26.36398],[-57.69129,-26.36048],[-57.68981,-26.35963],[-57.69179,-26.35724],[-57.68851,-26.3577],[-57.68801,-26.35573],[-57.68441,-26.35623],[-57.67952,-26.35392],[-57.68109,-26.35204],[-57.68325,-26.35268],[-57.68302,-26.35097],[-57.68045,-26.35042],[-57.68134,-26.34785],[-57.68474,-26.34792],[-57.68412,-26.34294],[-57.68543,-26.34415],[-57.68961,-26.34306],[-57.69136,-26.3444],[-57.69379,-26.34158],[-57.69039,-26.34065],[-57.69247,-26.33774],[-57.69022,-26.33799],[-57.68995,-26.33947],[-57.68763,-26.33898],[-57.68941,-26.33752],[-57.68645,-26.33724],[-57.6873,-26.33452],[-57.68435,-26.33284],[-57.68517,-26.32914],[-57.68189,-26.32809],[-57.68287,-26.32611],[-57.67819,-26.32633],[-57.67717,-26.32407],[-57.67444,-26.32356],[-57.67439,-26.32212],[-57.67666,-26.32145],[-57.67683,-26.31884],[-57.67839,-26.32063],[-57.68113,-26.32067],[-57.67864,-26.31758],[-57.68158,-26.31945],[-57.6836,-26.31903],[-57.68004,-26.31731],[-57.68267,-26.31661],[-57.68364,-26.3135],[-57.68253,-26.31514],[-57.67887,-26.31349],[-57.67797,-26.30911],[-57.68016,-26.3066],[-57.67683,-26.30589],[-57.67379,-26.30908],[-57.67378,-26.30769],[-57.6697,-26.30728],[-57.66901,-26.30651],[-57.6733,-26.30353],[-57.67187,-26.30206],[-57.66937,-26.30487],[-57.66439,-26.30523],[-57.66581,-26.3037],[-57.6639,-26.30187],[-57.66733,-26.30012],[-57.66344,-26.29984],[-57.66543,-26.29763],[-57.66254,-26.29815],[-57.66264,-26.2943],[-57.65907,-26.29772],[-57.65787,-26.29543],[-57.65632,-26.29623],[-57.65546,-26.29438],[-57.65779,-26.29369],[-57.65724,-26.29057],[-57.65466,-26.29031],[-57.65364,-26.28572],[-57.65248,-26.28694],[-57.64976,-26.28629],[-57.65217,-26.2851],[-57.64956,-26.2838],[-57.65126,-26.28354],[-57.65014,-26.2816],[-57.65143,-26.28164],[-57.65067,-26.28039],[-57.65214,-26.27933],[-57.65034,-26.27832],[-57.65066,-26.27699],[-57.65554,-26.27685],[-57.65622,-26.27377],[-57.64718,-26.27081],[-57.64612,-26.26725],[-57.64385,-26.26638],[-57.64426,-26.26478],[-57.64184,-26.26473],[-57.63495,-26.26966],[-57.6293,-26.26866],[-57.63172,-26.26333],[-57.6291,-26.26055],[-57.63061,-26.25944],[-57.62032,-26.25157],[-57.61984,-26.23833],[-57.61763,-26.2369],[-57.6136,-26.23787],[-57.61066,-26.23673],[-57.61376,-26.23145],[-57.61108,-26.2203],[-57.59481,-26.21449],[-57.59316,-26.21004],[-57.58999,-26.20702],[-57.58908,-26.1997],[-57.58105,-26.18552],[-57.57615,-26.18773],[-57.56557,-26.17973],[-57.5562,-26.17789],[-57.54417,-26.17754],[-57.5312,-26.17928],[-57.5285,-26.17392],[-57.52347,-26.16967],[-57.50812,-26.16486],[-57.50365,-26.15734],[-57.5034,-26.15538],[-57.50497,-26.15445],[-57.50179,-26.1549],[-57.49708,-26.14882],[-57.4999,-26.15752],[-57.49761,-26.16192],[-57.49025,-26.1618],[-57.48702,-26.16337],[-57.48503,-26.16623],[-57.48482,-26.17005],[-57.48161,-26.16968],[-57.47767,-26.16547],[-57.48207,-26.16165],[-57.48283,-26.1586],[-57.47802,-26.14993],[-57.47881,-26.14537],[-57.47238,-26.13828],[-57.47564,-26.13134],[-57.4757,-26.12408],[-57.48654,-26.11864],[-57.48774,-26.11629],[-57.49012,-26.11663],[-57.48867,-26.11504],[-57.48545,-26.11539],[-57.47494,-26.11211],[-57.46814,-26.11337],[-57.48994,-26.05832],[-57.48925,-26.05537],[-57.48404,-26.04936],[-57.48407,-26.04604],[-57.49389,-26.03741],[-57.49356,-26.02936],[-57.49962,-26.02512],[-57.497,-25.98156],[-57.49837,-25.97666],[-57.50362,-25.97493],[-57.51557,-25.98569],[-57.5216,-25.98924],[-57.53279,-25.98724],[-57.53444,-25.9855],[-57.53296,-25.98292],[-57.52124,-25.98026],[-57.51818,-25.97797],[-57.51796,-25.97581],[-57.52143,-25.97161],[-57.53092,-25.96819],[-57.5332,-25.96554],[-57.53019,-25.96245],[-57.51749,-25.95659],[-57.51675,-25.95416],[-57.52895,-25.94997],[-57.53197,-25.9473],[-57.53356,-25.94254],[-57.54019,-25.94787],[-57.54268,-25.94769],[-57.54729,-25.93823],[-57.55218,-25.93244],[-57.55451,-25.93165],[-57.55759,-25.92453],[-57.56947,-25.9185],[-57.5771,-25.91188],[-57.57859,-25.9054],[-57.58311,-25.90546],[-57.58215,-25.90167],[-57.58661,-25.89493],[-57.59078,-25.8983],[-57.59302,-25.89821],[-57.59283,-25.90118],[-57.59604,-25.90306],[-57.60185,-25.90122],[-57.60143,-25.90415],[-57.60431,-25.90557],[-57.60601,-25.905],[-57.6069,-25.9018],[-57.60444,-25.90104],[-57.60363,-25.89878],[-57.6075,-25.89362],[-57.60975,-25.89341],[-57.61019,-25.89632],[-57.61478,-25.89542],[-57.61546,-25.89208],[-57.61046,-25.89305],[-57.60959,-25.89184],[-57.61123,-25.88991],[-57.60955,-25.88853],[-57.61135,-25.88799],[-57.60369,-25.883],[-57.60331,-25.88103],[-57.60885,-25.87375],[-57.60523,-25.87153],[-57.60356,-25.87335],[-57.60512,-25.87537],[-57.6025,-25.87623],[-57.60152,-25.87298],[-57.6028,-25.87158],[-57.60068,-25.86652],[-57.60279,-25.86634],[-57.60722,-25.86969],[-57.60974,-25.86801],[-57.6123,-25.86873],[-57.61342,-25.87162],[-57.61705,-25.87138],[-57.61596,-25.87347],[-57.61393,-25.87216],[-57.61292,-25.87342],[-57.6152,-25.87569],[-57.61434,-25.87921],[-57.61714,-25.87963],[-57.6212,-25.87543],[-57.62441,-25.87587],[-57.62459,-25.87389],[-57.62678,-25.87588],[-57.63057,-25.87427],[-57.63288,-25.86919],[-57.62954,-25.86747],[-57.6269,-25.86828],[-57.62512,-25.86386],[-57.63238,-25.86444],[-57.63032,-25.86672],[-57.6358,-25.86709],[-57.63541,-25.86504],[-57.63769,-25.8634],[-57.63593,-25.86166],[-57.63861,-25.86159],[-57.63603,-25.86019],[-57.63962,-25.8602],[-57.63751,-25.85787],[-57.64169,-25.8565],[-57.6424,-25.85405],[-57.64254,-25.85555],[-57.64472,-25.85569],[-57.64374,-25.85823],[-57.64798,-25.85924],[-57.64706,-25.86108],[-57.64954,-25.8575],[-57.65174,-25.85824],[-57.65294,-25.85638],[-57.6559,-25.85972],[-57.65088,-25.85888],[-57.65159,-25.8611],[-57.65875,-25.8614],[-57.65447,-25.86425],[-57.65729,-25.86503],[-57.65968,-25.86385],[-57.66101,-25.86512],[-57.66154,-25.86256],[-57.66352,-25.86259],[-57.66373,-25.86606],[-57.66177,-25.86727],[-57.66543,-25.86811],[-57.66671,-25.86979],[-57.66661,-25.86751],[-57.6683,-25.86703],[-57.66641,-25.866],[-57.66568,-25.86776],[-57.66473,-25.86593],[-57.66712,-25.86284],[-57.66927,-25.86377],[-57.66863,-25.86119],[-57.67138,-25.86202],[-57.67223,-25.86454],[-57.67469,-25.86326],[-57.67472,-25.86152],[-57.67947,-25.86113],[-57.67951,-25.85876],[-57.68192,-25.86035],[-57.68091,-25.85724],[-57.68439,-25.86064],[-57.68679,-25.86002],[-57.68624,-25.8618],[-57.68843,-25.86023],[-57.68955,-25.85889],[-57.68802,-25.85937],[-57.68877,-25.8571],[-57.6869,-25.85732],[-57.68665,-25.85586],[-57.68922,-25.85551],[-57.6882,-25.85444],[-57.68946,-25.85376],[-57.69238,-25.8546],[-57.69233,-25.85208],[-57.69094,-25.85063],[-57.69013,-25.85184],[-57.68963,-25.84955],[-57.69038,-25.84765],[-57.69203,-25.84883],[-57.69371,-25.84818],[-57.69267,-25.84633],[-57.69598,-25.84577],[-57.69514,-25.84781],[-57.69829,-25.84803],[-57.69614,-25.84896],[-57.69716,-25.85016],[-57.69866,-25.84961],[-57.69794,-25.84572],[-57.70135,-25.84871],[-57.7014,-25.84704],[-57.70265,-25.84731],[-57.7018,-25.8458],[-57.705,-25.8443],[-57.7054,-25.84969],[-57.71031,-25.84912],[-57.71178,-25.85049],[-57.71346,-25.84852],[-57.71437,-25.8499],[-57.71301,-25.85123],[-57.71466,-25.85151],[-57.71749,-25.84964],[-57.71485,-25.84755],[-57.7195,-25.8456],[-57.7188,-25.84811],[-57.72188,-25.84833],[-57.72284,-25.84548],[-57.72571,-25.8463],[-57.72643,-25.84394],[-57.72756,-25.84457],[-57.72834,-25.84098],[-57.73056,-25.84027],[-57.72861,-25.83847],[-57.73138,-25.83562],[-57.7296,-25.83333],[-57.73102,-25.8316],[-57.73338,-25.83344],[-57.73184,-25.83386],[-57.7326,-25.83514],[-57.73458,-25.83461],[-57.7353,-25.83743],[-57.73584,-25.83369],[-57.7381,-25.83678],[-57.73838,-25.83444],[-57.74087,-25.83504],[-57.73923,-25.83722],[-57.74042,-25.83779],[-57.74388,-25.83431],[-57.74198,-25.83404],[-57.74275,-25.83257],[-57.74683,-25.83307],[-57.74505,-25.83146],[-57.73961,-25.83204],[-57.74107,-25.83027],[-57.74195,-25.8313],[-57.74143,-25.82911],[-57.74286,-25.82963],[-57.7433,-25.82836],[-57.74285,-25.82703],[-57.74149,-25.82831],[-57.7398,-25.82739],[-57.7416,-25.82446],[-57.7388,-25.82268],[-57.74242,-25.82188],[-57.73917,-25.81983],[-57.74352,-25.81955],[-57.74074,-25.81645],[-57.74466,-25.81684],[-57.74544,-25.81451],[-57.7435,-25.81157],[-57.74158,-25.81335],[-57.73873,-25.81021],[-57.74153,-25.80757],[-57.74002,-25.8059],[-57.74223,-25.80512],[-57.74038,-25.80372],[-57.74495,-25.80687],[-57.74621,-25.80411],[-57.74509,-25.80281],[-57.74776,-25.80198],[-57.74596,-25.79937],[-57.74967,-25.79961],[-57.74812,-25.79775],[-57.75168,-25.79715],[-57.75225,-25.79419],[-57.75105,-25.79363],[-57.75354,-25.79133],[-57.74956,-25.79038],[-57.74916,-25.79177],[-57.74814,-25.79074],[-57.74824,-25.78948],[-57.75071,-25.78929],[-57.75017,-25.7881],[-57.75167,-25.78838],[-57.74951,-25.78634],[-57.75105,-25.78431],[-57.74855,-25.78369],[-57.74813,-25.78655],[-57.74616,-25.78441],[-57.74462,-25.78553],[-57.7433,-25.78048],[-57.74007,-25.78306],[-57.73997,-25.7803],[-57.74214,-25.77996],[-57.7429,-25.77796],[-57.74664,-25.77843],[-57.74498,-25.77418],[-57.74387,-25.77434],[-57.74749,-25.77071],[-57.7451,-25.76875],[-57.74987,-25.76837],[-57.75233,-25.77022],[-57.75181,-25.76773],[-57.7532,-25.76723],[-57.75472,-25.76763],[-57.75549,-25.77035],[-57.75675,-25.768],[-57.75562,-25.77201],[-57.75968,-25.77221],[-57.75503,-25.77406],[-57.75608,-25.77686],[-57.759,-25.77667],[-57.75997,-25.77861],[-57.76242,-25.77604],[-57.76354,-25.77738],[-57.7619,-25.77952],[-57.76577,-25.78019],[-57.76463,-25.78153],[-57.76115,-25.78107],[-57.7596,-25.78934],[-57.76106,-25.79154],[-57.75869,-25.79233],[-57.76036,-25.79651],[-57.76329,-25.79641],[-57.76542,-25.79963],[-57.77894,-25.80347],[-57.78674,-25.80115],[-57.79237,-25.7964],[-57.79347,-25.797],[-57.79143,-25.80939],[-57.78658,-25.82231],[-57.78723,-25.82975],[-57.78969,-25.83384],[-57.79282,-25.83571],[-57.80833,-25.83998],[-57.81892,-25.84707],[-57.83991,-25.84939],[-57.85475,-25.85437],[-57.8602,-25.85853],[-57.8646,-25.86716],[-57.86512,-25.8803],[-57.86108,-25.88623],[-57.84302,-25.89855],[-57.84053,-25.90365],[-57.84067,-25.9116],[-57.84553,-25.92014],[-57.84951,-25.92304],[-57.86903,-25.9273],[-57.88202,-25.93403],[-57.88764,-25.94018],[-57.8939,-25.95416],[-57.89446,-25.95939],[-57.89102,-25.96464],[-57.88022,-25.97198],[-57.8659,-25.97903],[-57.85541,-25.98692],[-57.85143,-25.99377],[-57.85131,-26.00046],[-57.8549,-26.00519],[-57.86218,-26.0103],[-57.8729,-26.01454],[-57.89076,-26.01796],[-57.9202,-26.0324],[-57.92353,-26.03551],[-57.92811,-26.04554],[-57.94793,-26.06588],[-57.97117,-26.07924],[-57.99093,-26.08771],[-58.01705,-26.10386],[-58.03024,-26.10758],[-58.0348,-26.11034],[-58.05003,-26.11172],[-58.06414,-26.10765],[-58.08951,-26.11508],[-58.09527,-26.128],[-58.10647,-26.13728],[-58.11506,-26.14815],[-58.11943,-26.16474],[-58.11449,-26.18189],[-58.11571,-26.18425],[-58.12051,-26.18622],[-58.12357,-26.1857],[-58.1349,-26.18091],[-58.14721,-26.17794],[-58.15577,-26.17833],[-58.15922,-26.18162],[-58.15849,-26.18479],[-58.14294,-26.19794],[-58.12397,-26.2066],[-58.11203,-26.21454],[-58.10553,-26.22228],[-58.10468,-26.22945],[-58.10688,-26.23619],[-58.11326,-26.24196],[-58.13693,-26.25312],[-58.15677,-26.25951],[-58.16381,-26.265],[-58.16706,-26.2767],[-58.16617,-26.29217],[-58.16525,-26.29532],[-58.15681,-26.30624],[-58.15412,-26.31744],[-58.15943,-26.34509],[-58.16625,-26.35551],[-58.17135,-26.36],[-58.19291,-26.36709],[-58.2132,-26.38054],[-58.21836,-26.38768],[-58.2217,-26.39787],[-58.22171,-26.40351],[-58.21814,-26.41456],[-58.20089,-26.43658],[-58.18365,-26.44788],[-58.18036,-26.45416],[-58.18064,-26.45613],[-58.18808,-26.46309],[-58.20025,-26.46514],[-58.22268,-26.46362],[-58.22977,-26.46659],[-58.23104,-26.47012],[-58.22873,-26.47769],[-58.21086,-26.49116],[-58.20779,-26.49569],[-58.20766,-26.5016],[-58.22257,-26.52467],[-58.22514,-26.53306],[-58.22327,-26.53998],[-58.22039,-26.54386],[-58.20246,-26.55725],[-58.19817,-26.56701],[-58.19689,-26.58474],[-58.19261,-26.59367],[-58.19617,-26.60478],[-58.20341,-26.60936],[-58.20905,-26.61534],[-58.2092,-26.61803],[-58.20617,-26.62665],[-58.19137,-26.63836],[-58.19073,-26.64363],[-58.19358,-26.64905],[-58.19915,-26.65276],[-58.21348,-26.65446],[-58.23088,-26.65087],[-58.24801,-26.64117],[-58.254,-26.6416],[-58.25795,-26.64424],[-58.26108,-26.6527],[-58.2569,-26.66967],[-58.25653,-26.71417],[-58.25417,-26.72469],[-58.24625,-26.73887],[-58.24656,-26.74711],[-58.24857,-26.75252],[-58.25438,-26.75915],[-58.26211,-26.76252],[-58.2698,-26.7619],[-58.28377,-26.7551],[-58.28896,-26.75551],[-58.29294,-26.75818],[-58.29479,-26.76255],[-58.2941,-26.77165],[-58.28212,-26.78672],[-58.28111,-26.79273],[-58.28387,-26.79587],[-58.29544,-26.80073],[-58.30421,-26.80716],[-58.31271,-26.80831],[-58.32404,-26.80537],[-58.34188,-26.80372],[-58.35181,-26.80719],[-58.35583,-26.81063],[-58.35766,-26.81616],[-58.35445,-26.82846],[-58.34999,-26.83215],[-58.33513,-26.83767],[-58.32715,-26.8425],[-58.32191,-26.8477],[-58.31854,-26.85508],[-58.3198,-26.86436],[-58.32604,-26.86907],[-58.33932,-26.87153],[-58.34894,-26.8695],[-58.36326,-26.86382],[-58.36944,-26.86337],[-58.37921,-26.87072],[-58.37863,-26.88521],[-58.38586,-26.89305],[-58.40313,-26.8989],[-58.46363,-26.93034],[-58.47432,-26.93048],[-58.49435,-26.9228],[-58.4984,-26.92487],[-58.50083,-26.9297],[-58.46931,-26.98303],[-58.46872,-26.99063],[-58.4709,-26.99844],[-58.47886,-27.0011],[-58.50176,-26.9966],[-58.51146,-26.99814],[-58.51805,-27.00304],[-58.51776,-27.01263],[-58.50291,-27.03468],[-58.50286,-27.05173],[-58.50898,-27.06249],[-58.5162,-27.06237],[-58.5202,-27.05938],[-58.51875,-27.04826],[-58.52546,-27.03997],[-58.54064,-27.03524],[-58.54877,-27.03453],[-58.55531,-27.03653],[-58.55886,-27.04185],[-58.55669,-27.05786],[-58.55964,-27.07435],[-58.55897,-27.08234],[-58.55313,-27.09863],[-58.55468,-27.10549],[-58.5612,-27.10812],[-58.58428,-27.10899],[-58.61772,-27.11272],[-58.62713,-27.11517],[-58.64086,-27.12207],[-58.64793,-27.1277],[-58.6517,-27.13367],[-58.66241,-27.15991],[-58.66477,-27.16822],[-58.66374,-27.17931],[-58.65963,-27.18702],[-58.65389,-27.19258],[-58.60726,-27.21389],[-58.60088,-27.2189],[-58.59695,-27.2243],[-58.59199,-27.25305],[-58.59533,-27.26388],[-58.6067,-27.27994],[-58.61019,-27.30622],[-58.58516,-27.30088],[-58.53734,-27.29588],[-58.52932,-27.29362],[-58.5168,-27.28526],[-58.50483,-27.27947],[-58.48091,-27.27405],[-58.47096,-27.27467],[-58.45461,-27.28043],[-58.43769,-27.28306],[-58.41567,-27.29021],[-58.39751,-27.2852],[-58.3569,-27.28323],[-58.33387,-27.277],[-58.31759,-27.27458],[-58.30574,-27.27524],[-58.29933,-27.27819],[-58.29248,-27.27927],[-58.28378,-27.27454],[-58.27328,-27.25959],[-58.26445,-27.25583],[-58.2491,-27.25624],[-58.22596,-27.26686],[-58.20623,-27.26989],[-58.19652,-27.27452],[-58.1722,-27.27711],[-58.13951,-27.2766],[-58.11922,-27.2738],[-58.09291,-27.27343],[-58.07373,-27.26133],[-58.02584,-27.25809],[-58.01501,-27.26017],[-58.0033,-27.26496],[-57.98401,-27.26991],[-57.95332,-27.28683],[-57.90904,-27.29879],[-57.90102,-27.29653],[-57.89722,-27.29298],[-57.89146,-27.27883],[-57.88731,-27.27581],[-57.88225,-27.275],[-57.87132,-27.27728],[-57.85854,-27.28377],[-57.84836,-27.2915],[-57.84486,-27.29615],[-57.83897,-27.31058],[-57.82603,-27.32811],[-57.82181,-27.33097],[-57.81664,-27.33215],[-57.75693,-27.33218],[-57.72083,-27.33391],[-57.70396,-27.3357],[-57.68161,-27.34115],[-57.67027,-27.34687],[-57.63905,-27.37426],[-57.61709,-27.38772],[-57.60407,-27.39408],[-57.56605,-27.40791],[-57.52567,-27.43072],[-57.49738,-27.44349],[-57.48057,-27.44398],[-57.45283,-27.4402],[-57.41515,-27.42763],[-57.38365,-27.42329],[-57.3638,-27.42256],[-57.34198,-27.41631],[-57.18209,-27.10897],[-57.42868,-27.06011],[-57.64009,-26.79044],[-57.74314,-26.40059]]]}},{"type":"Feature","properties":{"shapeName":"AMAMBAY","shapeISO":"PY-13","shapeID":"63826900B22649219267943","shapeGroup":"PRY","shapeType":"ADM1"},"geometry":{"type":"Polygon","coordinates":[[[-56.31422,-23.3454],[-56.31192,-23.34686],[-56.30941,-23.34594],[-56.30092,-23.338],[-56.29877,-23.33905],[-56.29739,-23.34226],[-56.29357,-23.34362],[-56.29107,-23.33996],[-56.29345,-23.33794],[-56.2943,-23.33205],[-56.29236,-23.32924],[-56.28944,-23.32892],[-56.28751,-23.33173],[-56.2861,-23.32873],[-56.28192,-23.32971],[-56.28218,-23.32808],[-56.27681,-23.33233],[-56.27427,-23.33122],[-56.27224,-23.32488],[-56.27021,-23.32387],[-56.26725,-23.3249],[-56.26417,-23.32388],[-56.26027,-23.32739],[-56.25944,-23.32342],[-56.25676,-23.32091],[-56.25195,-23.31972],[-56.24952,-23.32212],[-56.24111,-23.31357],[-56.23829,-23.31453],[-56.23341,-23.32821],[-56.23153,-23.32931],[-56.22679,-23.31906],[-56.22502,-23.31907],[-56.22469,-23.32206],[-56.21796,-23.32093],[-56.21862,-23.31904],[-56.22202,-23.31747],[-56.21995,-23.31257],[-56.22303,-23.30832],[-56.22023,-23.30548],[-56.21733,-23.30683],[-56.21418,-23.30308],[-56.21164,-23.30542],[-56.20774,-23.30472],[-56.20788,-23.31061],[-56.20324,-23.3077],[-56.19726,-23.30714],[-56.19531,-23.3007],[-56.18908,-23.30411],[-56.18217,-23.30267],[-56.18022,-23.30837],[-56.17412,-23.30155],[-56.1725,-23.30491],[-56.17374,-23.30976],[-56.17042,-23.3083],[-56.1639,-23.3096],[-56.16833,-23.31383],[-56.16329,-23.31721],[-56.16252,-23.31957],[-56.16505,-23.32204],[-56.16251,-23.32281],[-56.16459,-23.35234],[-56.16015,-23.36359],[-56.15894,-23.3769],[-56.1563,-23.3852],[-56.15701,-23.40534],[-56.15476,-23.4111],[-56.15428,-23.42352],[-56.16108,-23.44536],[-56.16706,-23.45246],[-56.16835,-23.45638],[-56.16651,-23.47016],[-56.14186,-23.49943],[-56.14167,-23.50293],[-56.13888,-23.50519],[-56.13533,-23.51201],[-56.13632,-23.51888],[-56.13826,-23.5187],[-56.14105,-23.52312],[-56.14378,-23.53363],[-56.13574,-23.56529],[-56.13213,-23.5651],[-56.12835,-23.57201],[-56.12525,-23.57341],[-56.12092,-23.5835],[-56.11769,-23.58431],[-56.1158,-23.58913],[-56.11107,-23.59213],[-56.11351,-23.5963],[-56.11405,-23.60588],[-56.11192,-23.60331],[-56.10244,-23.60193],[-56.09405,-23.60203],[-56.08436,-23.60656],[-56.07462,-23.60786],[-56.06972,-23.60775],[-56.06091,-23.60419],[-56.05343,-23.59781],[-56.05256,-23.59416],[-56.04854,-23.59067],[-56.04726,-23.58669],[-56.04899,-23.57554],[-56.02158,-23.59906],[-56.01095,-23.61751],[-56.00106,-23.6232],[-55.99715,-23.63218],[-55.99205,-23.63883],[-55.99192,-23.64843],[-55.99006,-23.65477],[-55.98767,-23.65709],[-55.98704,-23.66172],[-55.98293,-23.66672],[-55.97841,-23.66878],[-55.98096,-23.66916],[-55.98049,-23.67085],[-55.97933,-23.6706],[-55.97998,-23.67196],[-55.97862,-23.67185],[-55.98172,-23.6725],[-55.98281,-23.67516],[-55.98485,-23.6743],[-55.98361,-23.67531],[-55.98461,-23.67624],[-55.98303,-23.67633],[-55.98476,-23.6766],[-55.98333,-23.67766],[-55.98542,-23.67877],[-55.98511,-23.6805],[-55.98327,-23.68038],[-55.98503,-23.68143],[-55.98489,-23.68516],[-55.98659,-23.68523],[-55.98339,-23.68743],[-55.98372,-23.68976],[-55.98108,-23.69007],[-55.98238,-23.6957],[-55.98066,-23.69518],[-55.98052,-23.69824],[-55.97791,-23.69844],[-55.97634,-23.70053],[-55.97812,-23.70033],[-55.97739,-23.70171],[-55.97879,-23.70186],[-55.97784,-23.70282],[-55.97908,-23.70382],[-55.97743,-23.70421],[-55.97868,-23.70498],[-55.97834,-23.70728],[-55.97698,-23.70707],[-55.9793,-23.71042],[-55.97647,-23.71179],[-55.97776,-23.71315],[-55.97642,-23.7142],[-55.97815,-23.7138],[-55.97771,-23.71803],[-55.97639,-23.71866],[-55.98002,-23.72411],[-55.97577,-23.72855],[-55.97624,-23.73334],[-55.97444,-23.73295],[-55.97619,-23.74042],[-55.97474,-23.73954],[-55.97494,-23.74158],[-55.97348,-23.7406],[-55.97505,-23.74219],[-55.97365,-23.74238],[-55.9762,-23.74394],[-55.97496,-23.74668],[-55.97735,-23.74623],[-55.9774,-23.74817],[-55.98128,-23.75271],[-55.98112,-23.75755],[-55.97938,-23.75914],[-55.98189,-23.75938],[-55.97942,-23.76139],[-55.98135,-23.76287],[-55.98031,-23.76445],[-55.98434,-23.76458],[-55.98669,-23.77051],[-55.98381,-23.77603],[-55.98518,-23.77919],[-55.98667,-23.77856],[-55.98603,-23.78082],[-55.98806,-23.78406],[-55.9891,-23.78424],[-55.98904,-23.78247],[-55.99193,-23.78264],[-55.9927,-23.78344],[-55.99052,-23.7845],[-55.9946,-23.78555],[-55.99331,-23.78412],[-55.99585,-23.78452],[-55.99769,-23.78769],[-56.00001,-23.78686],[-56.00062,-23.7883],[-56.00323,-23.78923],[-56.0038,-23.78828],[-56.00703,-23.79089],[-56.01008,-23.79056],[-56.01028,-23.79432],[-56.01193,-23.79333],[-56.01264,-23.79524],[-56.01429,-23.79425],[-56.01459,-23.79608],[-56.01851,-23.79821],[-56.01806,-23.80062],[-56.01895,-23.79957],[-56.02067,-23.80027],[-56.02045,-23.80381],[-56.02165,-23.80377],[-56.02058,-23.80489],[-56.02377,-23.80926],[-56.02304,-23.81061],[-56.0223,-23.80975],[-56.02348,-23.81269],[-56.02552,-23.81285],[-56.02721,-23.82232],[-56.02464,-23.82513],[-56.02535,-23.8265],[-56.02147,-23.82876],[-56.01818,-23.82826],[-56.01741,-23.82972],[-56.01509,-23.82624],[-56.01072,-23.82482],[-56.00375,-23.82584],[-55.99954,-23.82446],[-55.99875,-23.82564],[-55.99159,-23.82633],[-55.9919,-23.82775],[-55.98965,-23.82645],[-55.98731,-23.8272],[-55.97827,-23.8211],[-55.97178,-23.82075],[-55.96786,-23.81828],[-55.96478,-23.81901],[-55.95568,-23.81317],[-55.95117,-23.81244],[-55.94637,-23.81607],[-55.94613,-23.82021],[-55.94154,-23.82272],[-55.94088,-23.82539],[-55.94195,-23.82603],[-55.93481,-23.82659],[-55.93445,-23.82864],[-55.9311,-23.83094],[-55.92761,-23.82822],[-55.92744,-23.82613],[-55.92303,-23.82369],[-55.92043,-23.82012],[-55.92105,-23.81896],[-55.91724,-23.81678],[-55.91219,-23.82072],[-55.90683,-23.82138],[-55.90414,-23.82015],[-55.9008,-23.82132],[-55.89821,-23.81929],[-55.89617,-23.82071],[-55.89136,-23.81683],[-55.89227,-23.81533],[-55.89074,-23.81487],[-55.88616,-23.80707],[-55.87935,-23.80533],[-55.87573,-23.80787],[-55.87464,-23.8052],[-55.86955,-23.80477],[-55.86806,-23.80038],[-55.85972,-23.79955],[-55.85872,-23.79456],[-55.85741,-23.79395],[-55.85879,-23.79186],[-55.85728,-23.78901],[-55.85913,-23.78834],[-55.85786,-23.78505],[-55.85587,-23.78439],[-55.85594,-23.78223],[-55.8546,-23.78279],[-55.8552,-23.78114],[-55.8531,-23.78105],[-55.85378,-23.78003],[-55.85228,-23.78143],[-55.85177,-23.77979],[-55.84846,-23.77929],[-55.84625,-23.77612],[-55.84775,-23.77421],[-55.84478,-23.77332],[-55.84409,-23.76807],[-55.84166,-23.76718],[-55.84238,-23.7656],[-55.84075,-23.76555],[-55.84054,-23.76407],[-55.83833,-23.76358],[-55.83544,-23.76559],[-55.83068,-23.76418],[-55.82614,-23.76591],[-55.81985,-23.75705],[-55.8162,-23.75662],[-55.81114,-23.75906],[-55.80533,-23.75909],[-55.80097,-23.75562],[-55.80002,-23.75137],[-55.79793,-23.75154],[-55.79269,-23.74646],[-55.78885,-23.74667],[-55.78417,-23.74399],[-55.78376,-23.7411],[-55.78053,-23.74042],[-55.77942,-23.74163],[-55.76993,-23.73612],[-55.76691,-23.73241],[-55.76802,-23.73023],[-55.76453,-23.72449],[-55.76506,-23.71613],[-55.75953,-23.70634],[-55.76116,-23.69855],[-55.75217,-23.69061],[-55.74818,-23.69136],[-55.74401,-23.68634],[-55.73872,-23.68512],[-55.73398,-23.68064],[-55.72924,-23.67923],[-55.7238,-23.66901],[-55.71656,-23.66322],[-55.70787,-23.66281],[-55.70734,-23.66065],[-55.70286,-23.66284],[-55.70083,-23.66161],[-55.69793,-23.66373],[-55.69886,-23.66555],[-55.69651,-23.66537],[-55.69495,-23.66772],[-55.69205,-23.66613],[-55.68994,-23.66763],[-55.68947,-23.66648],[-55.68658,-23.67013],[-55.68181,-23.67041],[-55.68082,-23.67212],[-55.67916,-23.67154],[-55.67727,-23.6732],[-55.67615,-23.672],[-55.67368,-23.67337],[-55.67264,-23.67154],[-55.67111,-23.6735],[-55.66826,-23.6724],[-55.66131,-23.67704],[-55.65953,-23.67256],[-55.65607,-23.67341],[-55.65284,-23.66954],[-55.6493,-23.66901],[-55.64575,-23.66997],[-55.64609,-23.67098],[-55.64274,-23.6694],[-55.63033,-23.65692],[-55.62792,-23.65637],[-55.62604,-23.65758],[-55.62452,-23.65618],[-55.62079,-23.65606],[-55.61983,-23.65423],[-55.61929,-23.65551],[-55.6159,-23.65403],[-55.61323,-23.65554],[-55.61045,-23.6515],[-55.60819,-23.65336],[-55.60602,-23.65346],[-55.60278,-23.65083],[-55.60143,-23.65116],[-55.6016,-23.65282],[-55.59975,-23.65265],[-55.60011,-23.64974],[-55.59826,-23.65014],[-55.59649,-23.64671],[-55.5929,-23.6458],[-55.59092,-23.64094],[-55.58673,-23.6376],[-55.58438,-23.63048],[-55.58547,-23.62959],[-55.58332,-23.62905],[-55.58444,-23.6278],[-55.58395,-23.62268],[-55.58308,-23.62012],[-55.58048,-23.61918],[-55.5802,-23.61293],[-55.57844,-23.61087],[-55.57949,-23.60783],[-55.57788,-23.6059],[-55.57968,-23.60305],[-55.57714,-23.60012],[-55.57735,-23.59105],[-55.57281,-23.58671],[-55.57166,-23.57876],[-55.56671,-23.57577],[-55.56171,-23.56619],[-55.55551,-23.55985],[-55.55402,-23.55376],[-55.54524,-23.54147],[-55.544,-23.53518],[-55.54578,-23.53289],[-55.54341,-23.52329],[-55.54643,-23.52222],[-55.54783,-23.50414],[-55.55136,-23.48912],[-55.5533,-23.48771],[-55.55874,-23.48817],[-55.5618,-23.47649],[-55.54499,-23.47772],[-55.5428,-23.47429],[-55.54021,-23.45546],[-55.54423,-23.44916],[-55.53799,-23.43914],[-55.52379,-23.42343],[-55.51537,-23.40991],[-55.50434,-23.37816],[-55.50662,-23.37019],[-55.51078,-23.36675],[-55.51923,-23.36484],[-55.52051,-23.35225],[-55.52736,-23.34255],[-55.53191,-23.34081],[-55.53445,-23.3334],[-55.54586,-23.3237],[-55.5545,-23.32031],[-55.55553,-23.31639],[-55.54908,-23.30381],[-55.55457,-23.28807],[-55.55479,-23.28307],[-55.55322,-23.28004],[-55.5494,-23.27899],[-55.547,-23.27532],[-55.54094,-23.27381],[-55.53243,-23.26922],[-55.52192,-23.26001],[-55.52957,-23.25259],[-55.5372,-23.25105],[-55.54018,-23.24385],[-55.53643,-23.23574],[-55.54054,-23.22545],[-55.53944,-23.22272],[-55.52678,-23.211],[-55.52306,-23.19775],[-55.53824,-23.18275],[-55.54038,-23.15818],[-55.54211,-23.15515],[-55.57056,-23.14243],[-55.5935,-23.15066],[-55.59612,-23.14988],[-55.59517,-23.13127],[-55.59756,-23.12241],[-55.59547,-23.11897],[-55.59883,-23.1056],[-55.61096,-23.09151],[-55.61197,-23.08601],[-55.61541,-23.08209],[-55.61092,-23.0768],[-55.6117,-23.05926],[-55.61441,-23.05453],[-55.61129,-23.0501],[-55.61121,-23.04743],[-55.6139,-23.04103],[-55.61953,-23.03602],[-55.62374,-23.03294],[-55.62897,-23.03225],[-55.63504,-23.02567],[-55.63902,-23.02559],[-55.63647,-23.01837],[-55.633,-23.00833],[-55.63237,-23.00157],[-55.62853,-22.99839],[-55.6334,-22.99735],[-55.63398,-22.99186],[-55.62824,-22.98794],[-55.6267,-22.98924],[-55.62419,-22.98854],[-55.63179,-22.98468],[-55.62646,-22.97797],[-55.63689,-22.96485],[-55.63822,-22.95769],[-55.63465,-22.95524],[-55.63844,-22.95069],[-55.64762,-22.94999],[-55.644,-22.94254],[-55.65065,-22.93474],[-55.65166,-22.93128],[-55.64557,-22.92472],[-55.64722,-22.92207],[-55.64814,-22.91323],[-55.65059,-22.91138],[-55.65116,-22.90287],[-55.64877,-22.8973],[-55.64961,-22.89143],[-55.65385,-22.88528],[-55.65689,-22.88554],[-55.66124,-22.8827],[-55.66017,-22.86442],[-55.66333,-22.86073],[-55.66311,-22.85764],[-55.66592,-22.85289],[-55.65905,-22.84139],[-55.66095,-22.82776],[-55.65345,-22.81695],[-55.65351,-22.81212],[-55.65576,-22.80887],[-55.64923,-22.80187],[-55.65072,-22.79355],[-55.65241,-22.79251],[-55.6456,-22.78907],[-55.63907,-22.78285],[-55.63661,-22.77899],[-55.63669,-22.77183],[-55.63535,-22.77037],[-55.62979,-22.76676],[-55.61802,-22.76757],[-55.62573,-22.76043],[-55.62664,-22.75765],[-55.62017,-22.75336],[-55.61939,-22.74945],[-55.62095,-22.74525],[-55.61974,-22.74329],[-55.61306,-22.7389],[-55.61597,-22.73589],[-55.61701,-22.72509],[-55.61341,-22.71706],[-55.61319,-22.70458],[-55.61476,-22.69974],[-55.61365,-22.6929],[-55.60933,-22.68909],[-55.61733,-22.67769],[-55.61832,-22.6705],[-55.61446,-22.65514],[-55.6215,-22.65293],[-55.62291,-22.65037],[-55.62521,-22.6283],[-55.63138,-22.62065],[-55.63672,-22.6179],[-55.64144,-22.61275],[-55.64929,-22.61051],[-55.66973,-22.59312],[-55.69123,-22.57875],[-55.69779,-22.56346],[-55.71316,-22.55765],[-55.72407,-22.55097],[-55.73838,-22.52542],[-55.74058,-22.51551],[-55.74681,-22.50585],[-55.74649,-22.48534],[-55.74744,-22.48321],[-55.75109,-22.48116],[-55.75205,-22.4772],[-55.74632,-22.46936],[-55.74676,-22.4651],[-55.74049,-22.46111],[-55.73455,-22.4594],[-55.73791,-22.45351],[-55.73673,-22.44538],[-55.73368,-22.44115],[-55.73618,-22.42919],[-55.73882,-22.42364],[-55.73652,-22.41233],[-55.74485,-22.40362],[-55.74164,-22.39553],[-55.7439,-22.3901],[-55.74732,-22.38727],[-55.74663,-22.38408],[-55.74879,-22.38335],[-55.75747,-22.38567],[-55.78891,-22.38279],[-55.79921,-22.36894],[-55.8008,-22.35902],[-55.81171,-22.34773],[-55.82048,-22.34208],[-55.82789,-22.33316],[-55.83296,-22.31482],[-55.83577,-22.31087],[-55.83551,-22.30495],[-55.83797,-22.2941],[-55.8428,-22.28699],[-55.84923,-22.28558],[-55.85239,-22.28051],[-55.85574,-22.28027],[-55.86173,-22.28267],[-55.88894,-22.28279],[-55.90009,-22.28589],[-55.9163,-22.27784],[-55.91947,-22.2807],[-55.92853,-22.27842],[-55.94569,-22.28342],[-55.94949,-22.29307],[-55.95411,-22.28973],[-55.95745,-22.2908],[-55.96466,-22.28867],[-55.96958,-22.29207],[-55.97566,-22.28464],[-55.97863,-22.28382],[-55.97726,-22.28242],[-55.97988,-22.28123],[-55.9801,-22.27913],[-55.98345,-22.27866],[-55.98487,-22.28081],[-55.99124,-22.28218],[-55.99211,-22.2806],[-55.99773,-22.28447],[-56.0002,-22.2842],[-55.99922,-22.28589],[-56.0017,-22.28565],[-56.00063,-22.28678],[-56.00208,-22.2864],[-56.00416,-22.29368],[-56.00766,-22.29271],[-56.01009,-22.29463],[-56.01261,-22.293],[-56.00987,-22.2904],[-56.01241,-22.28627],[-56.01708,-22.28851],[-56.02042,-22.28624],[-56.02191,-22.28722],[-56.02428,-22.28471],[-56.02518,-22.28609],[-56.02914,-22.28562],[-56.02925,-22.28449],[-56.03271,-22.28485],[-56.03399,-22.28139],[-56.03567,-22.28098],[-56.03953,-22.28322],[-56.04346,-22.28305],[-56.04657,-22.27864],[-56.04777,-22.27938],[-56.04787,-22.27744],[-56.05075,-22.27881],[-56.05664,-22.27645],[-56.06075,-22.27758],[-56.05984,-22.27609],[-56.06088,-22.27552],[-56.06083,-22.27667],[-56.06332,-22.27648],[-56.06283,-22.2782],[-56.06504,-22.27834],[-56.06935,-22.28674],[-56.07016,-22.2855],[-56.07129,-22.28714],[-56.07486,-22.28557],[-56.07584,-22.28681],[-56.07747,-22.28606],[-56.07691,-22.28469],[-56.07867,-22.28488],[-56.07853,-22.28609],[-56.08011,-22.28427],[-56.08136,-22.28486],[-56.08267,-22.28213],[-56.08637,-22.28625],[-56.08829,-22.28528],[-56.08678,-22.28422],[-56.08789,-22.28206],[-56.08899,-22.2845],[-56.09262,-22.28574],[-56.09343,-22.28401],[-56.09814,-22.28317],[-56.09629,-22.28222],[-56.10092,-22.27882],[-56.10157,-22.27979],[-56.10524,-22.27728],[-56.11018,-22.27689],[-56.10999,-22.27519],[-56.11237,-22.2733],[-56.11364,-22.2748],[-56.11585,-22.27469],[-56.11769,-22.27039],[-56.11979,-22.27322],[-56.12456,-22.27073],[-56.12554,-22.27293],[-56.12328,-22.27546],[-56.12851,-22.27511],[-56.12766,-22.28041],[-56.12917,-22.28063],[-56.12828,-22.28226],[-56.13066,-22.28439],[-56.13351,-22.2829],[-56.13371,-22.28454],[-56.13627,-22.2859],[-56.14366,-22.28467],[-56.14597,-22.28555],[-56.14514,-22.28424],[-56.14779,-22.28462],[-56.14759,-22.28283],[-56.15082,-22.28178],[-56.15464,-22.2824],[-56.15823,-22.28564],[-56.16097,-22.28231],[-56.16113,-22.28657],[-56.16579,-22.28538],[-56.16571,-22.28839],[-56.16891,-22.28707],[-56.16988,-22.28469],[-56.17454,-22.28572],[-56.17494,-22.28174],[-56.17331,-22.28205],[-56.17473,-22.2793],[-56.17758,-22.27897],[-56.17821,-22.28089],[-56.18354,-22.27768],[-56.18661,-22.27894],[-56.18692,-22.28232],[-56.18893,-22.28194],[-56.18973,-22.27384],[-56.19355,-22.27119],[-56.19987,-22.27814],[-56.20129,-22.27814],[-56.20284,-22.27548],[-56.20505,-22.27533],[-56.20996,-22.27797],[-56.21348,-22.27565],[-56.21279,-22.27425],[-56.21517,-22.27363],[-56.21483,-22.26954],[-56.21992,-22.26861],[-56.22119,-22.26715],[-56.2202,-22.26514],[-56.22177,-22.26402],[-56.2269,-22.26176],[-56.22809,-22.2631],[-56.22912,-22.26039],[-56.23458,-22.25574],[-56.23231,-22.25355],[-56.23457,-22.25087],[-56.23262,-22.24937],[-56.23248,-22.24708],[-56.2382,-22.23654],[-56.24296,-22.23543],[-56.25238,-22.23851],[-56.25751,-22.23686],[-56.26259,-22.23948],[-56.26781,-22.23564],[-56.2704,-22.23567],[-56.27078,-22.23318],[-56.2771,-22.23676],[-56.27911,-22.23389],[-56.27822,-22.2319],[-56.28517,-22.23153],[-56.2855,-22.22514],[-56.29038,-22.22585],[-56.29105,-22.2233],[-56.29402,-22.22284],[-56.29484,-22.22046],[-56.29915,-22.21998],[-56.29955,-22.21738],[-56.31198,-22.21362],[-56.31245,-22.216],[-56.31685,-22.21823],[-56.31732,-22.21501],[-56.32204,-22.21427],[-56.32128,-22.21133],[-56.32583,-22.20856],[-56.32383,-22.20725],[-56.32647,-22.20533],[-56.32651,-22.20301],[-56.33085,-22.20414],[-56.33015,-22.19925],[-56.33631,-22.19915],[-56.33805,-22.19742],[-56.3358,-22.19604],[-56.33918,-22.19242],[-56.34032,-22.18861],[-56.343,-22.18988],[-56.34618,-22.18814],[-56.34654,-22.18659],[-56.34323,-22.18288],[-56.34548,-22.18191],[-56.34597,-22.17968],[-56.34872,-22.17976],[-56.34978,-22.17331],[-56.35762,-22.17579],[-56.35772,-22.17221],[-56.36468,-22.16964],[-56.36329,-22.16742],[-56.36685,-22.16301],[-56.3662,-22.15815],[-56.36901,-22.15621],[-56.36913,-22.15247],[-56.37263,-22.15274],[-56.37393,-22.14978],[-56.37085,-22.14813],[-56.37316,-22.14658],[-56.37421,-22.14351],[-56.37182,-22.14325],[-56.36781,-22.13687],[-56.37043,-22.13349],[-56.37039,-22.13121],[-56.37345,-22.12925],[-56.37202,-22.12591],[-56.38046,-22.11939],[-56.37817,-22.11479],[-56.38039,-22.11462],[-56.38437,-22.11054],[-56.38078,-22.10478],[-56.38246,-22.10387],[-56.38637,-22.10511],[-56.38681,-22.10219],[-56.38929,-22.10307],[-56.39306,-22.10068],[-56.39278,-22.09843],[-56.39546,-22.09435],[-56.39335,-22.09139],[-56.39152,-22.09398],[-56.38998,-22.09339],[-56.38891,-22.08961],[-56.39054,-22.09012],[-56.39265,-22.08802],[-56.38996,-22.08624],[-56.39314,-22.08199],[-56.39389,-22.07446],[-56.39877,-22.07809],[-56.39988,-22.08061],[-56.40474,-22.07735],[-56.41057,-22.08012],[-56.41865,-22.07964],[-56.42156,-22.08563],[-56.42564,-22.082],[-56.4313,-22.08252],[-56.42993,-22.08461],[-56.43182,-22.08497],[-56.43102,-22.08689],[-56.43465,-22.08645],[-56.43475,-22.08481],[-56.43873,-22.08304],[-56.43853,-22.08112],[-56.4441,-22.08501],[-56.44753,-22.08506],[-56.44801,-22.07652],[-56.45174,-22.07848],[-56.45373,-22.08199],[-56.45257,-22.08418],[-56.45405,-22.08503],[-56.45712,-22.08417],[-56.45771,-22.07945],[-56.4639,-22.07948],[-56.46228,-22.0849],[-56.46778,-22.08044],[-56.471,-22.07989],[-56.47378,-22.08434],[-56.47285,-22.08711],[-56.47695,-22.08814],[-56.47638,-22.09406],[-56.48417,-22.09532],[-56.4886,-22.09344],[-56.4896,-22.0955],[-56.4929,-22.09607],[-56.49643,-22.09395],[-56.50236,-22.0972],[-56.50756,-22.09615],[-56.50935,-22.09978],[-56.50777,-22.10269],[-56.5189,-22.10831],[-56.51856,-22.11161],[-56.52247,-22.11849],[-56.52164,-22.12107],[-56.52313,-22.12213],[-56.52536,-22.12089],[-56.52322,-22.12834],[-56.52714,-22.13094],[-56.5243,-22.13217],[-56.52299,-22.13754],[-56.52004,-22.13819],[-56.51957,-22.14078],[-56.52666,-22.1403],[-56.52933,-22.14852],[-56.53473,-22.14668],[-56.5403,-22.14727],[-56.54104,-22.14941],[-56.53823,-22.15384],[-56.53799,-22.15785],[-56.53385,-22.15589],[-56.53259,-22.15673],[-56.53331,-22.15902],[-56.54721,-22.16333],[-56.54862,-22.16596],[-56.55708,-22.16915],[-56.55605,-22.17401],[-56.55369,-22.17679],[-56.5549,-22.18232],[-56.55173,-22.18585],[-56.55417,-22.18828],[-56.55731,-22.18795],[-56.55667,-22.19652],[-56.56028,-22.19657],[-56.56303,-22.19795],[-56.56281,-22.20061],[-56.56818,-22.2019],[-56.57046,-22.20748],[-56.5761,-22.20681],[-56.57596,-22.202],[-56.58044,-22.20417],[-56.58243,-22.20564],[-56.58154,-22.21043],[-56.58982,-22.21202],[-56.59245,-22.21438],[-56.59352,-22.21845],[-56.59679,-22.21549],[-56.5984,-22.21155],[-56.59986,-22.21133],[-56.59916,-22.21856],[-56.60981,-22.22095],[-56.60611,-22.23205],[-56.60847,-22.2342],[-56.61033,-22.2331],[-56.61583,-22.23571],[-56.61849,-22.23878],[-56.62108,-22.23882],[-56.62133,-22.24183],[-56.62501,-22.24203],[-56.62747,-22.24676],[-56.63182,-22.24529],[-56.63465,-22.24065],[-56.63862,-22.24153],[-56.64243,-22.24439],[-56.64311,-22.25067],[-56.64177,-22.25322],[-56.63908,-22.25173],[-56.63875,-22.2605],[-56.63683,-22.26326],[-56.64054,-22.2626],[-56.64248,-22.26498],[-56.65205,-22.25723],[-56.65125,-22.25417],[-56.65454,-22.25355],[-56.65372,-22.25528],[-56.65577,-22.2558],[-56.66094,-22.25247],[-56.66428,-22.25376],[-56.66772,-22.24899],[-56.67285,-22.2494],[-56.67685,-22.2443],[-56.67954,-22.24635],[-56.68316,-22.23492],[-56.6819,-22.23053],[-56.68475,-22.22981],[-56.68174,-22.22733],[-56.68289,-22.22148],[-56.68831,-22.22],[-56.68897,-22.22304],[-56.69137,-22.2176],[-56.69641,-22.22081],[-56.69635,-22.21862],[-56.69773,-22.21822],[-56.6997,-22.22085],[-56.70354,-22.217],[-56.70507,-22.21925],[-56.70402,-22.22299],[-56.70081,-22.2269],[-56.69659,-22.22652],[-56.69491,-22.22777],[-56.69533,-22.23087],[-56.69819,-22.23464],[-56.70127,-22.2339],[-56.70169,-22.23641],[-56.70572,-22.23664],[-56.70678,-22.24252],[-56.70302,-22.2452],[-56.70585,-22.24579],[-56.70785,-22.24316],[-56.70907,-22.24733],[-56.71434,-22.24938],[-56.71291,-22.25191],[-56.72056,-22.25693],[-56.72048,-22.26489],[-56.72717,-22.25974],[-56.73406,-22.25684],[-56.73653,-22.25301],[-56.73325,-22.25096],[-56.73099,-22.2472],[-56.73623,-22.24566],[-56.73617,-22.24352],[-56.73891,-22.24464],[-56.74111,-22.24143],[-56.74419,-22.24116],[-56.74705,-22.2358],[-56.75217,-22.24023],[-56.75185,-22.24671],[-56.75445,-22.24666],[-56.75775,-22.24209],[-56.76254,-22.24237],[-56.76729,-22.24451],[-56.76756,-22.24605],[-56.76424,-22.24558],[-56.76271,-22.25151],[-56.76603,-22.25144],[-56.76921,-22.25546],[-56.7716,-22.2544],[-56.77252,-22.25837],[-56.7767,-22.26051],[-56.77892,-22.2573],[-56.78485,-22.25737],[-56.7884,-22.25359],[-56.78256,-22.24775],[-56.78763,-22.24982],[-56.78877,-22.2491],[-56.79019,-22.24499],[-56.78691,-22.24368],[-56.78593,-22.24119],[-56.7933,-22.24241],[-56.80181,-22.24872],[-56.80585,-22.25737],[-56.80373,-22.26675],[-56.80814,-22.27121],[-56.80162,-22.28164],[-56.80378,-22.28412],[-56.80746,-22.28441],[-56.80911,-22.28689],[-56.8163,-22.2883],[-56.81991,-22.28667],[-56.82607,-22.29593],[-56.60943,-22.36529],[-56.6123,-22.369],[-56.62181,-22.37453],[-56.63791,-22.37976],[-56.64489,-22.38452],[-56.64676,-22.39339],[-56.64601,-22.4076],[-56.64868,-22.41409],[-56.64866,-22.42215],[-56.65192,-22.42392],[-56.65928,-22.42383],[-56.6611,-22.42636],[-56.66553,-22.42743],[-56.66808,-22.4304],[-56.67323,-22.42953],[-56.67816,-22.43153],[-56.68013,-22.43445],[-56.68241,-22.43254],[-56.68837,-22.43737],[-56.69886,-22.44041],[-56.70516,-22.44988],[-56.71014,-22.45021],[-56.71107,-22.45461],[-56.71682,-22.45866],[-56.71787,-22.46324],[-56.7151,-22.46944],[-56.71844,-22.47696],[-56.71545,-22.47787],[-56.71748,-22.48616],[-56.72037,-22.48849],[-56.71877,-22.4917],[-56.72036,-22.49391],[-56.71974,-22.49598],[-56.7233,-22.49932],[-56.72263,-22.50943],[-56.72439,-22.51243],[-56.72771,-22.51332],[-56.73142,-22.51865],[-56.73104,-22.52168],[-56.73501,-22.52472],[-56.73255,-22.5326],[-56.7352,-22.53945],[-56.73867,-22.54366],[-56.73578,-22.55667],[-56.73081,-22.55858],[-56.7286,-22.56108],[-56.73051,-22.56881],[-56.72879,-22.5709],[-56.72936,-22.57366],[-56.72627,-22.57692],[-56.72719,-22.57834],[-56.72567,-22.58321],[-56.72762,-22.59226],[-56.71997,-22.60234],[-56.71824,-22.60935],[-56.71984,-22.61523],[-56.71534,-22.62207],[-56.72118,-22.62504],[-56.72,-22.62585],[-56.72123,-22.6277],[-56.71924,-22.63261],[-56.72012,-22.63398],[-56.71875,-22.63445],[-56.71973,-22.63662],[-56.7182,-22.63833],[-56.7217,-22.64084],[-56.72282,-22.64901],[-56.72678,-22.65148],[-56.72572,-22.65226],[-56.72362,-22.65094],[-56.71948,-22.6569],[-56.71632,-22.65702],[-56.71324,-22.6649],[-56.70935,-22.66408],[-56.70847,-22.66798],[-56.70363,-22.67101],[-56.70398,-22.67493],[-56.70263,-22.67639],[-56.7041,-22.67697],[-56.69417,-22.68222],[-56.69248,-22.68975],[-56.69467,-22.68875],[-56.6944,-22.69039],[-56.69582,-22.69104],[-56.69491,-22.69576],[-56.69994,-22.69523],[-56.70192,-22.69704],[-56.69553,-22.70347],[-56.69601,-22.70926],[-56.69,-22.71311],[-56.68376,-22.71282],[-56.67895,-22.70985],[-56.67358,-22.71018],[-56.67236,-22.71288],[-56.67617,-22.71883],[-56.67612,-22.72284],[-56.67342,-22.72555],[-56.66559,-22.72277],[-56.66935,-22.7256],[-56.66705,-22.73336],[-56.66695,-22.7424],[-56.66377,-22.74672],[-56.66828,-22.74991],[-56.66937,-22.75526],[-56.66522,-22.75751],[-56.66696,-22.75816],[-56.66849,-22.75688],[-56.667,-22.76189],[-56.66975,-22.76646],[-56.66679,-22.76649],[-56.66714,-22.76851],[-56.66227,-22.77202],[-56.66292,-22.78909],[-56.66142,-22.79371],[-56.65542,-22.79591],[-56.64908,-22.80198],[-56.65003,-22.80547],[-56.65179,-22.80643],[-56.65094,-22.8084],[-56.65346,-22.81591],[-56.66003,-22.8169],[-56.66442,-22.81601],[-56.66886,-22.8203],[-56.66615,-22.82445],[-56.66632,-22.82829],[-56.67395,-22.83055],[-56.6809,-22.83703],[-56.67727,-22.84357],[-56.68731,-22.8411],[-56.69621,-22.845],[-56.70419,-22.84572],[-56.7078,-22.84349],[-56.71319,-22.84335],[-56.7143,-22.85037],[-56.70484,-22.86848],[-56.70843,-22.87487],[-56.71114,-22.87553],[-56.71231,-22.8777],[-56.71011,-22.88761],[-56.71298,-22.89333],[-56.71308,-22.89683],[-56.70869,-22.90595],[-56.70633,-22.90394],[-56.70872,-22.90087],[-56.70517,-22.90349],[-56.70051,-22.90167],[-56.69471,-22.90259],[-56.68863,-22.89649],[-56.68706,-22.89899],[-56.68313,-22.89824],[-56.68088,-22.90044],[-56.68041,-22.89595],[-56.67673,-22.89829],[-56.671,-22.8969],[-56.67169,-22.89454],[-56.66762,-22.89391],[-56.66614,-22.88939],[-56.67001,-22.88545],[-56.66544,-22.88422],[-56.66646,-22.88185],[-56.66457,-22.88112],[-56.65363,-22.8828],[-56.646,-22.88784],[-56.64299,-22.88708],[-56.63959,-22.88872],[-56.64074,-22.88697],[-56.63975,-22.88643],[-56.63711,-22.89086],[-56.63478,-22.89058],[-56.6338,-22.89284],[-56.63119,-22.89182],[-56.63056,-22.89523],[-56.62579,-22.89286],[-56.62471,-22.89325],[-56.62641,-22.8956],[-56.62302,-22.89415],[-56.62179,-22.89912],[-56.61836,-22.89865],[-56.61874,-22.89594],[-56.61492,-22.89555],[-56.61621,-22.89761],[-56.61561,-22.90233],[-56.61743,-22.90442],[-56.61529,-22.90893],[-56.60744,-22.90855],[-56.59677,-22.91345],[-56.58284,-22.90848],[-56.58231,-22.90555],[-56.5879,-22.89838],[-56.57816,-22.89745],[-56.57691,-22.90298],[-56.57527,-22.9002],[-56.57016,-22.90158],[-56.55949,-22.89952],[-56.55459,-22.89491],[-56.55615,-22.89235],[-56.56143,-22.89561],[-56.56154,-22.89207],[-56.5588,-22.89031],[-56.55818,-22.88788],[-56.54596,-22.88391],[-56.54433,-22.88227],[-56.54721,-22.88039],[-56.54668,-22.87868],[-56.53856,-22.87935],[-56.53979,-22.86628],[-56.54246,-22.86546],[-56.54366,-22.86105],[-56.54091,-22.85786],[-56.53618,-22.85659],[-56.53164,-22.84861],[-56.52192,-22.8414],[-56.52189,-22.83443],[-56.52617,-22.83538],[-56.52644,-22.83414],[-56.51976,-22.82422],[-56.52529,-22.82032],[-56.52601,-22.80976],[-56.51833,-22.80802],[-56.50891,-22.80268],[-56.50753,-22.79522],[-56.51057,-22.78844],[-56.509,-22.78705],[-56.50436,-22.78735],[-56.50324,-22.78614],[-56.50477,-22.78304],[-56.49527,-22.77892],[-56.49392,-22.77614],[-56.48287,-22.772],[-56.47159,-22.77284],[-56.46836,-22.77579],[-56.45892,-22.77097],[-56.45395,-22.77512],[-56.45525,-22.76833],[-56.45237,-22.76692],[-56.45016,-22.77011],[-56.44719,-22.77061],[-56.44455,-22.77765],[-56.44271,-22.77792],[-56.44115,-22.77602],[-56.44226,-22.77245],[-56.43593,-22.77058],[-56.42796,-22.76051],[-56.42538,-22.7609],[-56.4216,-22.75751],[-56.41794,-22.7599],[-56.40888,-22.75584],[-56.40864,-22.75258],[-56.41373,-22.75343],[-56.41495,-22.75203],[-56.41346,-22.74512],[-56.41182,-22.74368],[-56.40435,-22.7408],[-56.40301,-22.74482],[-56.40618,-22.74631],[-56.40638,-22.74772],[-56.39806,-22.74918],[-56.3972,-22.74232],[-56.39335,-22.74162],[-56.39118,-22.73893],[-56.39018,-22.73336],[-56.39211,-22.73118],[-56.39232,-22.7219],[-56.38463,-22.72485],[-56.38239,-22.72361],[-56.38091,-22.71872],[-56.38517,-22.71955],[-56.38692,-22.71516],[-56.38518,-22.71353],[-56.37611,-22.71587],[-56.37325,-22.71514],[-56.36961,-22.71856],[-56.36385,-22.72009],[-56.36191,-22.71822],[-56.36236,-22.71543],[-56.36017,-22.71444],[-56.35789,-22.71039],[-56.35896,-22.70671],[-56.35347,-22.70669],[-56.34809,-22.70878],[-56.34313,-22.7083],[-56.34207,-22.70708],[-56.34431,-22.69812],[-56.34225,-22.6945],[-56.32805,-22.68764],[-56.32404,-22.69051],[-56.32135,-22.68964],[-56.32065,-22.69173],[-56.31555,-22.69055],[-56.31292,-22.68695],[-56.30556,-22.69455],[-56.30305,-22.69341],[-56.30131,-22.68805],[-56.29439,-22.68764],[-56.13044,-23.04287],[-56.13012,-23.04552],[-56.13188,-23.04756],[-56.1292,-23.04945],[-56.12882,-23.05477],[-56.12655,-23.05565],[-56.12861,-23.06138],[-56.12621,-23.06422],[-56.12725,-23.06809],[-56.12578,-23.06935],[-56.12989,-23.07301],[-56.12904,-23.07514],[-56.13021,-23.07621],[-56.1387,-23.07749],[-56.13927,-23.07972],[-56.13614,-23.08822],[-56.13826,-23.08869],[-56.14055,-23.09196],[-56.14546,-23.09123],[-56.14821,-23.09359],[-56.14901,-23.09696],[-56.15205,-23.09814],[-56.15136,-23.09974],[-56.14612,-23.09994],[-56.14402,-23.10335],[-56.14374,-23.10627],[-56.14596,-23.10506],[-56.14732,-23.1069],[-56.14581,-23.10975],[-56.1393,-23.11183],[-56.14174,-23.12117],[-56.14457,-23.12324],[-56.1487,-23.12162],[-56.15176,-23.12307],[-56.15395,-23.12133],[-56.15467,-23.12344],[-56.1555,-23.12247],[-56.16084,-23.1231],[-56.16542,-23.12579],[-56.16637,-23.12426],[-56.16947,-23.12479],[-56.17074,-23.12215],[-56.17514,-23.11945],[-56.17494,-23.11751],[-56.17959,-23.11851],[-56.18134,-23.12144],[-56.18351,-23.1211],[-56.18566,-23.12354],[-56.18538,-23.12521],[-56.18795,-23.128],[-56.18623,-23.12935],[-56.18928,-23.12989],[-56.1871,-23.13132],[-56.18892,-23.13277],[-56.18871,-23.13674],[-56.1859,-23.1389],[-56.18714,-23.14461],[-56.18293,-23.14721],[-56.1867,-23.15077],[-56.18244,-23.16054],[-56.18687,-23.16126],[-56.19016,-23.16011],[-56.19484,-23.16403],[-56.1981,-23.16282],[-56.20026,-23.16443],[-56.20027,-23.1627],[-56.20397,-23.16366],[-56.20761,-23.16178],[-56.20578,-23.16769],[-56.20314,-23.16934],[-56.20311,-23.17384],[-56.20692,-23.17547],[-56.21215,-23.17368],[-56.21356,-23.17447],[-56.21342,-23.17882],[-56.21755,-23.18588],[-56.21866,-23.19132],[-56.21341,-23.19175],[-56.21256,-23.19595],[-56.21534,-23.19884],[-56.21451,-23.20159],[-56.21289,-23.20283],[-56.21015,-23.20051],[-56.20813,-23.20538],[-56.20502,-23.20695],[-56.2042,-23.21557],[-56.20014,-23.216],[-56.19977,-23.21856],[-56.19809,-23.21929],[-56.19956,-23.22272],[-56.20328,-23.22317],[-56.20325,-23.22527],[-56.20108,-23.22659],[-56.20631,-23.2269],[-56.20765,-23.22383],[-56.21188,-23.22423],[-56.21064,-23.22153],[-56.21359,-23.22217],[-56.2136,-23.22439],[-56.21156,-23.22621],[-56.21151,-23.23066],[-56.21849,-23.23502],[-56.22372,-23.23094],[-56.23341,-23.23089],[-56.2365,-23.22667],[-56.23879,-23.2266],[-56.24133,-23.2315],[-56.23598,-23.23432],[-56.23951,-23.24083],[-56.24244,-23.23994],[-56.25047,-23.24411],[-56.25506,-23.24339],[-56.25483,-23.24554],[-56.25644,-23.24641],[-56.25956,-23.24455],[-56.26392,-23.24886],[-56.26679,-23.24892],[-56.26379,-23.25255],[-56.26488,-23.25527],[-56.26662,-23.25481],[-56.26979,-23.25687],[-56.27324,-23.25604],[-56.27559,-23.25806],[-56.27446,-23.25994],[-56.27257,-23.25903],[-56.26824,-23.26154],[-56.26909,-23.26406],[-56.27187,-23.26579],[-56.27359,-23.27108],[-56.27134,-23.27302],[-56.27224,-23.27394],[-56.28126,-23.27108],[-56.28566,-23.27148],[-56.28836,-23.2786],[-56.28244,-23.28069],[-56.28186,-23.28274],[-56.28511,-23.28461],[-56.28609,-23.28656],[-56.28507,-23.28792],[-56.28712,-23.28762],[-56.29296,-23.29075],[-56.2961,-23.29655],[-56.29948,-23.29651],[-56.29954,-23.30568],[-56.29523,-23.30779],[-56.2893,-23.30743],[-56.28985,-23.31361],[-56.28756,-23.31784],[-56.2968,-23.32177],[-56.2993,-23.32089],[-56.30251,-23.3268],[-56.30877,-23.32503],[-56.31168,-23.32684],[-56.30989,-23.32959],[-56.31205,-23.33017],[-56.31172,-23.3336],[-56.30977,-23.33576],[-56.31402,-23.33819],[-56.31422,-23.3454]]]}},{"type":"Feature","properties":{"shapeName":"CANINDEYU","shapeISO":"PY-14","shapeID":"63826900B71996717464066","shapeGroup":"PRY","shapeType":"ADM1"},"geometry":{"type":"Polygon","coordinates":[[[-55.70199,-24.78397],[-55.7037,-24.77597],[-55.70802,-24.76916],[-55.71441,-24.76417],[-55.71827,-24.7581],[-55.72607,-24.75585],[-55.73073,-24.75118],[-55.73611,-24.74319],[-55.73612,-24.73653],[-55.72907,-24.7278],[-55.72921,-24.72309],[-55.71665,-24.71291],[-55.71273,-24.70792],[-55.71142,-24.69461],[-55.70271,-24.68892],[-55.70131,-24.68428],[-55.70266,-24.67603],[-55.70017,-24.67164],[-55.68726,-24.67962],[-55.68166,-24.67907],[-55.6708,-24.67212],[-55.66227,-24.67494],[-55.66277,-24.66148],[-55.66847,-24.65319],[-55.65314,-24.65],[-55.63846,-24.64483],[-55.62772,-24.64432],[-55.62081,-24.64797],[-55.61476,-24.64717],[-55.60472,-24.64022],[-55.60124,-24.63647],[-55.60855,-24.62886],[-55.60959,-24.62466],[-55.59475,-24.61915],[-55.59449,-24.6099],[-55.59782,-24.60242],[-55.58481,-24.60263],[-55.57787,-24.60124],[-55.56419,-24.58145],[-55.56269,-24.57079],[-55.55926,-24.56241],[-55.55163,-24.55086],[-55.55297,-24.54418],[-55.55117,-24.52781],[-55.55246,-24.51865],[-55.54393,-24.51354],[-55.53153,-24.51656],[-55.52541,-24.51509],[-55.51349,-24.51531],[-55.50524,-24.52629],[-55.49371,-24.53379],[-55.49111,-24.56802],[-55.48402,-24.57158],[-55.47848,-24.55564],[-55.47096,-24.5469],[-55.46048,-24.54143],[-55.44396,-24.5497],[-55.43784,-24.55126],[-55.41899,-24.54416],[-55.4019,-24.53505],[-55.40063,-24.53648],[-55.39999,-24.54895],[-55.39266,-24.54461],[-55.36977,-24.53996],[-55.35924,-24.52297],[-55.34517,-24.50903],[-55.34513,-24.49702],[-55.34273,-24.49365],[-55.33202,-24.49677],[-55.32944,-24.50601],[-55.31267,-24.51487],[-55.30374,-24.50436],[-55.30506,-24.49645],[-55.30416,-24.49357],[-55.29679,-24.48756],[-55.28912,-24.48909],[-55.28859,-24.50382],[-55.28098,-24.50076],[-55.27235,-24.49292],[-55.25253,-24.46751],[-55.23895,-24.476],[-55.22812,-24.47637],[-55.21711,-24.47525],[-55.21057,-24.4686],[-55.20251,-24.469],[-55.1803,-24.46546],[-55.16387,-24.46947],[-55.16171,-24.47334],[-55.15464,-24.47906],[-55.15452,-24.47625],[-55.13957,-24.48245],[-55.13404,-24.47988],[-55.12247,-24.49383],[-55.12062,-24.49834],[-55.11414,-24.50497],[-55.1127,-24.50834],[-55.1124,-24.51805],[-55.11488,-24.52458],[-55.11312,-24.53617],[-55.10962,-24.54045],[-55.10295,-24.5437],[-55.08071,-24.54979],[-55.07046,-24.54844],[-55.06637,-24.54655],[-55.06398,-24.54903],[-55.05489,-24.5512],[-55.05273,-24.54883],[-55.05039,-24.54992],[-55.0461,-24.54807],[-55.04435,-24.54888],[-55.0313,-24.54437],[-55.01558,-24.5498],[-55.00942,-24.54932],[-55.00497,-24.55138],[-55.00052,-24.54967],[-54.9972,-24.55097],[-54.99355,-24.5495],[-54.98691,-24.55177],[-54.98237,-24.5565],[-54.978,-24.55821],[-54.97821,-24.55943],[-54.97449,-24.55917],[-54.97086,-24.56849],[-54.96619,-24.56891],[-54.96411,-24.56763],[-54.96148,-24.56923],[-54.95957,-24.56796],[-54.95706,-24.56879],[-54.95251,-24.56514],[-54.9481,-24.56636],[-54.94372,-24.56436],[-54.93898,-24.57041],[-54.93645,-24.56791],[-54.93579,-24.56939],[-54.93509,-24.56833],[-54.93195,-24.56804],[-54.93075,-24.56926],[-54.92912,-24.5681],[-54.92879,-24.56972],[-54.92636,-24.56864],[-54.91652,-24.57459],[-54.91416,-24.57387],[-54.91116,-24.57826],[-54.91175,-24.59054],[-54.90849,-24.59129],[-54.9095,-24.5945],[-54.90724,-24.59884],[-54.90256,-24.59847],[-54.90385,-24.59879],[-54.90468,-24.60509],[-54.90274,-24.60778],[-54.90398,-24.6125],[-54.89834,-24.61435],[-54.89792,-24.61861],[-54.88872,-24.61664],[-54.88971,-24.61864],[-54.88838,-24.61943],[-54.89021,-24.62245],[-54.89357,-24.62352],[-54.89696,-24.62136],[-54.89891,-24.62924],[-54.8904,-24.62987],[-54.88712,-24.63353],[-54.88385,-24.63246],[-54.88077,-24.6356],[-54.87668,-24.63584],[-54.8755,-24.63415],[-54.87562,-24.63531],[-54.87366,-24.63563],[-54.87137,-24.63386],[-54.864,-24.63626],[-54.8607,-24.64009],[-54.86066,-24.64227],[-54.85896,-24.64204],[-54.85965,-24.64922],[-54.8588,-24.64816],[-54.85132,-24.65019],[-54.85022,-24.64866],[-54.84679,-24.64892],[-54.84665,-24.65098],[-54.84507,-24.64985],[-54.84194,-24.65249],[-54.84371,-24.6565],[-54.84186,-24.65488],[-54.83996,-24.65587],[-54.83771,-24.6544],[-54.83337,-24.65639],[-54.83265,-24.65813],[-54.83533,-24.65883],[-54.8343,-24.66041],[-54.83596,-24.65892],[-54.83574,-24.66156],[-54.84068,-24.66321],[-54.84007,-24.66479],[-54.83568,-24.66549],[-54.83629,-24.66767],[-54.83854,-24.66878],[-54.83927,-24.66792],[-54.8414,-24.67069],[-54.84046,-24.67341],[-54.83877,-24.67032],[-54.83498,-24.66879],[-54.83341,-24.66993],[-54.83396,-24.67456],[-54.8307,-24.67469],[-54.82927,-24.67192],[-54.83061,-24.66904],[-54.82818,-24.66843],[-54.82899,-24.66386],[-54.82306,-24.66246],[-54.82154,-24.66353],[-54.82341,-24.66716],[-54.82089,-24.66688],[-54.82025,-24.66844],[-54.82164,-24.66862],[-54.81981,-24.66912],[-54.81319,-24.6676],[-54.81064,-24.67332],[-54.80931,-24.6729],[-54.80986,-24.67383],[-54.80687,-24.67636],[-54.80682,-24.67517],[-54.80533,-24.67538],[-54.80476,-24.67186],[-54.80393,-24.67412],[-54.80147,-24.67318],[-54.80127,-24.67507],[-54.80003,-24.67392],[-54.79774,-24.6754],[-54.79638,-24.67369],[-54.79617,-24.66729],[-54.79018,-24.6676],[-54.78384,-24.66426],[-54.7826,-24.66092],[-54.78082,-24.66118],[-54.78243,-24.65874],[-54.77932,-24.65857],[-54.78134,-24.65555],[-54.78037,-24.65324],[-54.77613,-24.64935],[-54.7748,-24.65001],[-54.77201,-24.64845],[-54.76816,-24.64949],[-54.76723,-24.65546],[-54.7683,-24.65599],[-54.76247,-24.65782],[-54.76145,-24.65681],[-54.75042,-24.66087],[-54.75115,-24.65676],[-54.74981,-24.65908],[-54.74916,-24.65775],[-54.74704,-24.65811],[-54.74709,-24.65695],[-54.74442,-24.65802],[-54.74572,-24.65395],[-54.74075,-24.65508],[-54.73793,-24.65192],[-54.73325,-24.65565],[-54.72844,-24.65211],[-54.72931,-24.65461],[-54.72592,-24.65435],[-54.72321,-24.65848],[-54.72362,-24.6598],[-54.72522,-24.65834],[-54.72712,-24.65972],[-54.72739,-24.66142],[-54.72521,-24.66307],[-54.72772,-24.66404],[-54.72794,-24.66586],[-54.72009,-24.66962],[-54.71852,-24.67296],[-54.7204,-24.67673],[-54.71351,-24.67931],[-54.71409,-24.67762],[-54.71174,-24.67722],[-54.71226,-24.68003],[-54.70671,-24.68143],[-54.70784,-24.68268],[-54.70652,-24.68478],[-54.70538,-24.68384],[-54.70323,-24.68586],[-54.70217,-24.68526],[-54.69979,-24.69041],[-54.69746,-24.68892],[-54.69106,-24.6907],[-54.68739,-24.68832],[-54.68728,-24.68343],[-54.68495,-24.68275],[-54.68694,-24.68088],[-54.68432,-24.68129],[-54.68313,-24.68007],[-54.6846,-24.67722],[-54.68413,-24.67505],[-54.6829,-24.67506],[-54.6842,-24.67301],[-54.68312,-24.67197],[-54.67625,-24.67173],[-54.67323,-24.67371],[-54.6713,-24.66995],[-54.66822,-24.67307],[-54.66583,-24.67265],[-54.66692,-24.67425],[-54.66573,-24.67467],[-54.66525,-24.67303],[-54.66595,-24.67128],[-54.66375,-24.66854],[-54.66242,-24.66993],[-54.65954,-24.66767],[-54.65534,-24.66713],[-54.65337,-24.67132],[-54.6532,-24.67813],[-54.6455,-24.67844],[-54.64552,-24.68225],[-54.64789,-24.68363],[-54.64249,-24.68581],[-54.64403,-24.68908],[-54.64859,-24.68687],[-54.65439,-24.68961],[-54.65495,-24.69804],[-54.65786,-24.69984],[-54.65488,-24.70123],[-54.65648,-24.70406],[-54.65504,-24.70797],[-54.6567,-24.711],[-54.65571,-24.71418],[-54.65092,-24.71196],[-54.64384,-24.70279],[-54.63921,-24.70416],[-54.63832,-24.70168],[-54.63134,-24.70073],[-54.63372,-24.70665],[-54.63663,-24.70757],[-54.63489,-24.70978],[-54.62642,-24.70589],[-54.62331,-24.708],[-54.61932,-24.70783],[-54.61339,-24.70578],[-54.61079,-24.70272],[-54.61027,-24.69696],[-54.60852,-24.69584],[-54.60223,-24.69511],[-54.59734,-24.69653],[-54.58334,-24.69227],[-54.57926,-24.69418],[-54.57337,-24.69154],[-54.55995,-24.68937],[-54.54959,-24.69376],[-54.5364,-24.69186],[-54.53261,-24.69422],[-54.52915,-24.70057],[-54.5253,-24.70371],[-54.51877,-24.70398],[-54.50442,-24.69876],[-54.50293,-24.71219],[-54.4991,-24.71959],[-54.49547,-24.72028],[-54.49197,-24.71736],[-54.48864,-24.71083],[-54.4832,-24.71011],[-54.47892,-24.70643],[-54.47645,-24.70689],[-54.47254,-24.7118],[-54.47216,-24.7234],[-54.46394,-24.72117],[-54.45157,-24.72182],[-54.44358,-24.71813],[-54.44294,-24.69847],[-54.43913,-24.69701],[-54.42506,-24.69894],[-54.4227,-24.68335],[-54.41496,-24.6795],[-54.4121,-24.68065],[-54.40163,-24.69062],[-54.38842,-24.6878],[-54.37485,-24.69555],[-54.34581,-24.70766],[-54.33003,-24.68796],[-54.31651,-24.61247],[-54.31743,-24.57994],[-54.33719,-24.52904],[-54.33447,-24.5292],[-54.33642,-24.51482],[-54.33503,-24.49918],[-54.32845,-24.48783],[-54.32696,-24.47533],[-54.32104,-24.45204],[-54.31203,-24.44197],[-54.29762,-24.42953],[-54.2839,-24.41175],[-54.27702,-24.39599],[-54.26477,-24.37705],[-54.25965,-24.36566],[-54.25892,-24.35464],[-54.25974,-24.34629],[-54.26547,-24.33348],[-54.27395,-24.30405],[-54.27881,-24.29372],[-54.29109,-24.27714],[-54.31543,-24.25827],[-54.32795,-24.23735],[-54.33043,-24.22998],[-54.3272,-24.21216],[-54.3279,-24.1975],[-54.33453,-24.1789],[-54.345,-24.16007],[-54.34612,-24.15253],[-54.33982,-24.12453],[-54.33523,-24.1144],[-54.31916,-24.10671],[-54.27712,-24.0642],[-54.26149,-24.0549],[-54.28578,-24.033],[-54.28976,-24.02509],[-54.30098,-24.01337],[-54.3178,-24.00258],[-54.32154,-24.00343],[-54.32352,-24.00664],[-54.32696,-24.00507],[-54.33513,-24.00595],[-54.33764,-24.00166],[-54.34221,-24.0029],[-54.34588,-24.00155],[-54.34735,-24.00489],[-54.3518,-24.00764],[-54.36209,-23.99897],[-54.36498,-23.9989],[-54.36963,-23.99211],[-54.37403,-23.98945],[-54.37685,-23.9909],[-54.3811,-23.98695],[-54.38357,-23.98661],[-54.38782,-23.98078],[-54.39393,-23.96531],[-54.40098,-23.9648],[-54.40488,-23.96249],[-54.4096,-23.96193],[-54.41462,-23.9581],[-54.41415,-23.95351],[-54.41635,-23.94613],[-54.42191,-23.94054],[-54.42682,-23.93103],[-54.43342,-23.92896],[-54.4273,-23.92654],[-54.42623,-23.91549],[-54.43958,-23.90454],[-54.44427,-23.90413],[-54.45581,-23.89921],[-54.46292,-23.90039],[-54.47071,-23.89754],[-54.47741,-23.89779],[-54.48016,-23.90111],[-54.48668,-23.90315],[-54.48653,-23.89381],[-54.49299,-23.8848],[-54.50223,-23.88415],[-54.50721,-23.88213],[-54.51475,-23.88472],[-54.51808,-23.87778],[-54.52196,-23.87414],[-54.53014,-23.87165],[-54.53504,-23.87278],[-54.53873,-23.86886],[-54.54349,-23.86804],[-54.55261,-23.87047],[-54.55693,-23.8699],[-54.56831,-23.87399],[-54.57001,-23.86789],[-54.5641,-23.85406],[-54.58127,-23.84553],[-54.58385,-23.83684],[-54.58921,-23.83895],[-54.59499,-23.84391],[-54.60094,-23.85191],[-54.60909,-23.85127],[-54.61645,-23.83476],[-54.62504,-23.83492],[-54.63139,-23.82976],[-54.63849,-23.83031],[-54.64618,-23.83332],[-54.65275,-23.82106],[-54.66827,-23.81706],[-54.66957,-23.81221],[-54.68145,-23.82829],[-54.68607,-23.83172],[-54.69191,-23.83366],[-54.69886,-23.84174],[-54.6985,-23.85769],[-54.70531,-23.86428],[-54.72137,-23.8653],[-54.73303,-23.86922],[-54.73663,-23.86564],[-54.74485,-23.86845],[-54.74763,-23.86633],[-54.74831,-23.86109],[-54.75866,-23.85716],[-54.76156,-23.85879],[-54.76381,-23.86657],[-54.7738,-23.86581],[-54.77859,-23.87068],[-54.78032,-23.86942],[-54.7861,-23.87066],[-54.79243,-23.86856],[-54.79895,-23.87468],[-54.79867,-23.87641],[-54.80611,-23.87879],[-54.81131,-23.88351],[-54.8147,-23.89013],[-54.8215,-23.88974],[-54.82942,-23.88698],[-54.83215,-23.88433],[-54.83712,-23.88376],[-54.85024,-23.89693],[-54.85037,-23.90756],[-54.86034,-23.90502],[-54.86318,-23.90777],[-54.86927,-23.90601],[-54.87362,-23.90874],[-54.88015,-23.90255],[-54.88127,-23.89819],[-54.88526,-23.89674],[-54.89093,-23.89981],[-54.89414,-23.91052],[-54.9007,-23.91195],[-54.90365,-23.90931],[-54.90874,-23.91103],[-54.91381,-23.91716],[-54.91389,-23.92189],[-54.92723,-23.92465],[-54.92765,-23.92975],[-54.92463,-23.93708],[-54.9301,-23.94209],[-54.9307,-23.94433],[-54.92686,-23.95075],[-54.92578,-23.95911],[-54.92781,-23.96181],[-54.93951,-23.9627],[-54.94114,-23.96684],[-54.94219,-23.96488],[-54.94947,-23.96334],[-54.9524,-23.96508],[-54.96658,-23.96589],[-54.9704,-23.96395],[-54.97271,-23.96005],[-54.97639,-23.95746],[-54.98676,-23.96284],[-54.99445,-23.96023],[-54.99561,-23.95765],[-54.99884,-23.95741],[-55.02009,-23.97208],[-55.03358,-23.97382],[-55.03892,-23.97946],[-55.04601,-23.98392],[-55.05157,-23.9803],[-55.05265,-23.98547],[-55.06238,-23.99285],[-55.07158,-23.98727],[-55.0732,-23.98487],[-55.07296,-23.97992],[-55.07548,-23.98436],[-55.07762,-23.98497],[-55.08542,-23.98198],[-55.09039,-23.9822],[-55.09415,-23.97491],[-55.09852,-23.97215],[-55.09857,-23.96934],[-55.10134,-23.96987],[-55.10672,-23.96509],[-55.10738,-23.96182],[-55.1187,-23.97682],[-55.12279,-23.97827],[-55.12482,-23.97592],[-55.12894,-23.98352],[-55.13828,-23.98674],[-55.14875,-23.98911],[-55.15605,-23.98306],[-55.16026,-23.98759],[-55.16455,-23.98922],[-55.16743,-23.98859],[-55.17806,-23.99336],[-55.18123,-23.98763],[-55.18779,-23.98815],[-55.19836,-23.98652],[-55.19932,-23.99535],[-55.20666,-24.00298],[-55.21512,-24.00544],[-55.21926,-24.00994],[-55.22895,-24.01344],[-55.23509,-24.0066],[-55.24149,-24.00491],[-55.24575,-23.99818],[-55.24821,-23.99975],[-55.25195,-23.99843],[-55.26002,-23.99409],[-55.26403,-23.98737],[-55.2664,-23.98915],[-55.26867,-23.98879],[-55.27103,-23.9853],[-55.27767,-23.9843],[-55.28321,-23.97743],[-55.29579,-23.97166],[-55.30395,-23.96488],[-55.31201,-23.96476],[-55.31799,-23.96272],[-55.32249,-23.96761],[-55.32563,-23.97629],[-55.33601,-23.99228],[-55.34125,-23.99435],[-55.34863,-23.99354],[-55.35294,-23.98958],[-55.35848,-23.98892],[-55.36424,-23.9818],[-55.37209,-23.97875],[-55.37507,-23.97957],[-55.37886,-23.97503],[-55.3781,-23.97067],[-55.37964,-23.96993],[-55.38766,-23.96732],[-55.3899,-23.96963],[-55.38997,-23.97197],[-55.39452,-23.97334],[-55.39614,-23.97557],[-55.39749,-23.97397],[-55.40215,-23.97391],[-55.40148,-23.97031],[-55.40496,-23.96474],[-55.41377,-23.96464],[-55.41964,-23.95739],[-55.41644,-23.94859],[-55.41939,-23.94381],[-55.42683,-23.93954],[-55.43235,-23.94049],[-55.42775,-23.9262],[-55.43817,-23.91896],[-55.44598,-23.91662],[-55.44464,-23.90973],[-55.43917,-23.90495],[-55.43579,-23.87287],[-55.43956,-23.86505],[-55.44147,-23.82921],[-55.4455,-23.82352],[-55.45369,-23.81918],[-55.44391,-23.80876],[-55.43507,-23.79324],[-55.4301,-23.79012],[-55.4338,-23.77088],[-55.44307,-23.76558],[-55.44695,-23.76022],[-55.44265,-23.75597],[-55.44852,-23.74224],[-55.44509,-23.7382],[-55.44654,-23.73442],[-55.44197,-23.72897],[-55.44256,-23.72281],[-55.43149,-23.70849],[-55.41573,-23.70487],[-55.41226,-23.70281],[-55.422,-23.69159],[-55.42095,-23.69068],[-55.42187,-23.68861],[-55.42319,-23.6911],[-55.43155,-23.68983],[-55.43584,-23.69212],[-55.43818,-23.68896],[-55.46223,-23.6838],[-55.46677,-23.68052],[-55.46918,-23.6769],[-55.46804,-23.67664],[-55.46968,-23.65319],[-55.47107,-23.65007],[-55.46796,-23.64653],[-55.46838,-23.64352],[-55.48855,-23.63563],[-55.49196,-23.64016],[-55.4932,-23.63725],[-55.49809,-23.63776],[-55.50999,-23.63222],[-55.51107,-23.62316],[-55.53027,-23.62729],[-55.53236,-23.6299],[-55.53713,-23.62762],[-55.53292,-23.61651],[-55.53467,-23.59967],[-55.52006,-23.57237],[-55.52134,-23.5653],[-55.52767,-23.56071],[-55.52877,-23.55474],[-55.53499,-23.54966],[-55.53754,-23.54238],[-55.53669,-23.53957],[-55.54213,-23.52982],[-55.54004,-23.52452],[-55.54341,-23.52329],[-55.54578,-23.53289],[-55.544,-23.53518],[-55.54524,-23.54147],[-55.55402,-23.55376],[-55.55551,-23.55985],[-55.56171,-23.56619],[-55.56671,-23.57577],[-55.57166,-23.57876],[-55.57281,-23.58671],[-55.57735,-23.59105],[-55.57714,-23.60012],[-55.57968,-23.60305],[-55.57788,-23.6059],[-55.57949,-23.60783],[-55.57844,-23.61087],[-55.5802,-23.61293],[-55.58048,-23.61918],[-55.58308,-23.62012],[-55.58395,-23.62268],[-55.58444,-23.6278],[-55.58332,-23.62905],[-55.58547,-23.62959],[-55.58438,-23.63048],[-55.58673,-23.6376],[-55.59092,-23.64094],[-55.5929,-23.6458],[-55.59649,-23.64671],[-55.59826,-23.65014],[-55.60011,-23.64974],[-55.59975,-23.65265],[-55.6016,-23.65282],[-55.60143,-23.65116],[-55.60278,-23.65083],[-55.60602,-23.65346],[-55.60819,-23.65336],[-55.61045,-23.6515],[-55.61323,-23.65554],[-55.6159,-23.65403],[-55.61929,-23.65551],[-55.61983,-23.65423],[-55.62079,-23.65606],[-55.62452,-23.65618],[-55.62604,-23.65758],[-55.62792,-23.65637],[-55.63033,-23.65692],[-55.64274,-23.6694],[-55.64609,-23.67098],[-55.64575,-23.66997],[-55.6493,-23.66901],[-55.65284,-23.66954],[-55.65607,-23.67341],[-55.65953,-23.67256],[-55.66131,-23.67704],[-55.66826,-23.6724],[-55.67111,-23.6735],[-55.67264,-23.67154],[-55.67368,-23.67337],[-55.67615,-23.672],[-55.67727,-23.6732],[-55.67916,-23.67154],[-55.68082,-23.67212],[-55.68181,-23.67041],[-55.68658,-23.67013],[-55.68947,-23.66648],[-55.68994,-23.66763],[-55.69205,-23.66613],[-55.69495,-23.66772],[-55.69651,-23.66537],[-55.69886,-23.66555],[-55.69793,-23.66373],[-55.70083,-23.66161],[-55.70286,-23.66284],[-55.70734,-23.66065],[-55.70787,-23.66281],[-55.71656,-23.66322],[-55.7238,-23.66901],[-55.72924,-23.67923],[-55.73398,-23.68064],[-55.73872,-23.68512],[-55.74401,-23.68634],[-55.74818,-23.69136],[-55.75217,-23.69061],[-55.76116,-23.69855],[-55.75953,-23.70634],[-55.76506,-23.71613],[-55.76453,-23.72449],[-55.76802,-23.73023],[-55.76691,-23.73241],[-55.76993,-23.73612],[-55.77942,-23.74163],[-55.78053,-23.74042],[-55.78376,-23.7411],[-55.78417,-23.74399],[-55.78885,-23.74667],[-55.79269,-23.74646],[-55.79793,-23.75154],[-55.80002,-23.75137],[-55.80097,-23.75562],[-55.80533,-23.75909],[-55.81114,-23.75906],[-55.8162,-23.75662],[-55.81985,-23.75705],[-55.82614,-23.76591],[-55.83068,-23.76418],[-55.83544,-23.76559],[-55.83833,-23.76358],[-55.84054,-23.76407],[-55.84075,-23.76555],[-55.84238,-23.7656],[-55.84166,-23.76718],[-55.84409,-23.76807],[-55.84478,-23.77332],[-55.84775,-23.77421],[-55.84625,-23.77612],[-55.84846,-23.77929],[-55.85177,-23.77979],[-55.85228,-23.78143],[-55.85378,-23.78003],[-55.8531,-23.78105],[-55.8552,-23.78114],[-55.8546,-23.78279],[-55.85594,-23.78223],[-55.85587,-23.78439],[-55.85786,-23.78505],[-55.85913,-23.78834],[-55.85728,-23.78901],[-55.85879,-23.79186],[-55.85741,-23.79395],[-55.85872,-23.79456],[-55.85972,-23.79955],[-55.86806,-23.80038],[-55.86955,-23.80477],[-55.87464,-23.8052],[-55.87573,-23.80787],[-55.87935,-23.80533],[-55.88616,-23.80707],[-55.89074,-23.81487],[-55.89227,-23.81533],[-55.89136,-23.81683],[-55.89617,-23.82071],[-55.89821,-23.81929],[-55.9008,-23.82132],[-55.90414,-23.82015],[-55.90683,-23.82138],[-55.91219,-23.82072],[-55.91724,-23.81678],[-55.92105,-23.81896],[-55.92043,-23.82012],[-55.92303,-23.82369],[-55.92744,-23.82613],[-55.92761,-23.82822],[-55.9311,-23.83094],[-55.93445,-23.82864],[-55.93481,-23.82659],[-55.94195,-23.82603],[-55.94088,-23.82539],[-55.94154,-23.82272],[-55.94613,-23.82021],[-55.94637,-23.81607],[-55.95117,-23.81244],[-55.95568,-23.81317],[-55.96478,-23.81901],[-55.96786,-23.81828],[-55.97178,-23.82075],[-55.97827,-23.8211],[-55.98731,-23.8272],[-55.98965,-23.82645],[-55.9919,-23.82775],[-55.99159,-23.82633],[-55.99875,-23.82564],[-55.99954,-23.82446],[-56.00375,-23.82584],[-56.01072,-23.82482],[-56.01509,-23.82624],[-56.01741,-23.82972],[-56.01818,-23.82826],[-56.02147,-23.82876],[-56.02535,-23.8265],[-56.02464,-23.82513],[-56.02721,-23.82232],[-55.97711,-24.02861],[-55.97804,-24.02976],[-55.98016,-24.02805],[-55.98202,-24.02845],[-55.98341,-24.03136],[-55.98485,-24.02863],[-55.99013,-24.03123],[-55.99276,-24.02928],[-55.99465,-24.02974],[-55.99493,-24.03142],[-56.00247,-24.02473],[-56.00851,-24.02537],[-56.00926,-24.02281],[-56.00666,-24.02216],[-56.00669,-24.02028],[-56.01353,-24.02361],[-56.01393,-24.02182],[-56.0174,-24.02537],[-56.01515,-24.02646],[-56.01555,-24.02762],[-56.01867,-24.02921],[-56.01895,-24.03272],[-56.01657,-24.03109],[-56.01793,-24.03403],[-56.02058,-24.03405],[-56.02284,-24.03615],[-56.02865,-24.03519],[-56.03115,-24.038],[-56.03343,-24.03697],[-56.03502,-24.03869],[-56.03641,-24.03749],[-56.03651,-24.04402],[-56.0401,-24.04474],[-56.03771,-24.04338],[-56.03917,-24.04158],[-56.04379,-24.04601],[-56.04556,-24.04415],[-56.04861,-24.04764],[-56.04807,-24.04897],[-56.05108,-24.04804],[-56.0518,-24.05105],[-56.05332,-24.04909],[-56.05433,-24.05319],[-56.05706,-24.05287],[-56.06043,-24.05585],[-56.06599,-24.05337],[-56.06706,-24.05378],[-56.0652,-24.05686],[-56.06961,-24.05518],[-56.07131,-24.05598],[-56.0677,-24.0574],[-56.07343,-24.06121],[-56.07284,-24.064],[-56.07542,-24.06423],[-56.07675,-24.06197],[-56.07629,-24.06551],[-56.07793,-24.0664],[-56.07907,-24.06395],[-56.0807,-24.06659],[-56.07912,-24.06874],[-56.08027,-24.07035],[-56.07792,-24.07004],[-56.07827,-24.07208],[-56.08114,-24.07251],[-56.07979,-24.07569],[-56.08644,-24.07439],[-56.08598,-24.07714],[-56.08367,-24.07875],[-56.08505,-24.08149],[-56.08771,-24.08109],[-56.08924,-24.07887],[-56.09207,-24.08171],[-56.09083,-24.0839],[-56.09348,-24.08272],[-56.09563,-24.0847],[-56.0972,-24.08329],[-56.09595,-24.08816],[-56.10076,-24.08858],[-56.10023,-24.09088],[-56.10442,-24.09014],[-56.10627,-24.09391],[-56.10185,-24.09422],[-56.10112,-24.09265],[-56.10035,-24.09592],[-56.10348,-24.09702],[-56.10232,-24.10062],[-56.10757,-24.10026],[-56.10723,-24.10291],[-56.10373,-24.10428],[-56.10576,-24.10689],[-56.11134,-24.10525],[-56.11051,-24.107],[-56.11414,-24.10734],[-56.11346,-24.11092],[-56.11846,-24.11012],[-56.12017,-24.11229],[-56.1238,-24.1097],[-56.12894,-24.10885],[-56.13543,-24.11428],[-56.13884,-24.11252],[-56.13924,-24.1162],[-56.14174,-24.11444],[-56.14537,-24.11504],[-56.14486,-24.11695],[-56.1425,-24.11739],[-56.14515,-24.11971],[-56.14714,-24.11873],[-56.14804,-24.12153],[-56.15036,-24.12182],[-56.14901,-24.12352],[-56.15236,-24.12589],[-56.15,-24.1266],[-56.15599,-24.13508],[-56.15371,-24.13795],[-56.15565,-24.13801],[-56.15688,-24.13623],[-56.16056,-24.13835],[-56.15839,-24.14257],[-56.16069,-24.14573],[-56.15799,-24.146],[-56.15838,-24.14988],[-56.16064,-24.14933],[-56.15927,-24.15084],[-56.16014,-24.15311],[-56.15731,-24.15214],[-56.15649,-24.15464],[-56.15763,-24.15681],[-56.15978,-24.15663],[-56.15795,-24.15841],[-56.16055,-24.15919],[-56.15907,-24.16106],[-56.16169,-24.1623],[-56.15863,-24.16273],[-56.16103,-24.16584],[-56.15895,-24.17076],[-56.15466,-24.17064],[-56.15501,-24.1686],[-56.15337,-24.16871],[-56.15306,-24.17245],[-56.15479,-24.17401],[-56.1529,-24.17547],[-56.15509,-24.17769],[-56.1512,-24.17879],[-56.1548,-24.17997],[-56.15305,-24.1836],[-56.15147,-24.18373],[-56.15344,-24.18633],[-56.15304,-24.18813],[-56.15012,-24.19064],[-56.15256,-24.19607],[-56.15063,-24.19606],[-56.15089,-24.19931],[-56.14867,-24.19998],[-56.1516,-24.20351],[-56.15427,-24.20357],[-56.15495,-24.20542],[-56.15339,-24.20555],[-56.15364,-24.20675],[-56.15602,-24.20632],[-56.15436,-24.21186],[-56.15802,-24.21914],[-56.16255,-24.22182],[-56.16146,-24.2239],[-56.16379,-24.22408],[-56.16145,-24.22513],[-56.16332,-24.22657],[-56.16635,-24.22538],[-56.16567,-24.22698],[-56.16731,-24.22801],[-56.16579,-24.22913],[-56.16791,-24.22952],[-56.1666,-24.23124],[-56.16908,-24.23441],[-56.17002,-24.23396],[-56.16868,-24.23056],[-56.17252,-24.23104],[-56.17093,-24.23266],[-56.17181,-24.23487],[-56.16892,-24.24216],[-56.17172,-24.244],[-56.16833,-24.24415],[-56.16952,-24.24668],[-56.16721,-24.24703],[-56.16481,-24.25122],[-56.16755,-24.25158],[-56.16429,-24.25205],[-56.16323,-24.25363],[-56.16302,-24.25735],[-56.16486,-24.25853],[-56.162,-24.26064],[-56.16333,-24.26839],[-56.16164,-24.26796],[-56.16041,-24.27101],[-56.15603,-24.27386],[-56.15589,-24.27741],[-56.15779,-24.27678],[-56.15342,-24.2825],[-56.15597,-24.28285],[-56.15625,-24.28537],[-56.15175,-24.28584],[-56.14789,-24.28416],[-56.13969,-24.29067],[-56.13921,-24.2926],[-56.13143,-24.29666],[-56.13085,-24.29882],[-56.12649,-24.30122],[-56.12817,-24.30135],[-56.12785,-24.30301],[-56.12952,-24.30365],[-56.12921,-24.30728],[-56.1278,-24.30777],[-56.12835,-24.30959],[-56.12528,-24.3089],[-56.12654,-24.31244],[-56.12479,-24.3124],[-56.12564,-24.31401],[-56.12424,-24.314],[-56.12301,-24.31644],[-56.12441,-24.31783],[-56.12662,-24.31659],[-56.12535,-24.31866],[-56.12616,-24.32074],[-56.12823,-24.32054],[-56.12869,-24.3231],[-56.12634,-24.3237],[-56.13043,-24.32843],[-56.12905,-24.32775],[-56.12823,-24.32942],[-56.12685,-24.32922],[-56.1265,-24.33187],[-56.12687,-24.33332],[-56.12988,-24.33355],[-56.13094,-24.33725],[-56.12864,-24.33757],[-56.13009,-24.34096],[-56.12679,-24.34063],[-56.12863,-24.34219],[-56.12484,-24.34287],[-56.12509,-24.34534],[-56.12775,-24.34604],[-56.12502,-24.34743],[-56.1253,-24.35046],[-56.12057,-24.35684],[-56.11993,-24.36297],[-56.11793,-24.36396],[-56.11989,-24.36666],[-56.11803,-24.366],[-56.11579,-24.36887],[-56.118,-24.37169],[-56.11815,-24.37536],[-56.12304,-24.37877],[-56.12259,-24.3857],[-56.11119,-24.39574],[-56.11231,-24.39704],[-56.10954,-24.39681],[-56.1098,-24.39855],[-56.09928,-24.39946],[-56.09993,-24.40121],[-56.09398,-24.39945],[-56.09434,-24.40268],[-56.09287,-24.40036],[-56.0887,-24.39977],[-56.08222,-24.4045],[-56.08079,-24.40205],[-56.08005,-24.40494],[-56.07977,-24.40178],[-56.07642,-24.39926],[-56.07272,-24.40244],[-56.06503,-24.40135],[-56.06114,-24.4022],[-56.06112,-24.4035],[-56.0587,-24.40243],[-56.05773,-24.40309],[-56.0591,-24.40314],[-56.05798,-24.40416],[-56.05912,-24.40457],[-56.05541,-24.4068],[-56.05645,-24.40738],[-56.05487,-24.41149],[-56.0565,-24.4127],[-56.05189,-24.42097],[-56.0534,-24.42074],[-56.04932,-24.42272],[-56.05029,-24.42446],[-56.04479,-24.42941],[-56.0444,-24.43188],[-56.03381,-24.4346],[-56.02583,-24.44091],[-56.02643,-24.4428],[-56.02537,-24.44396],[-56.02426,-24.44324],[-56.02441,-24.44527],[-56.02241,-24.44582],[-56.02467,-24.44698],[-56.02233,-24.45143],[-56.0205,-24.46745],[-56.01282,-24.47426],[-56.01372,-24.47592],[-56.01221,-24.47576],[-56.01279,-24.48267],[-56.01051,-24.48491],[-56.01144,-24.48601],[-56.0037,-24.49034],[-56.00409,-24.49224],[-56.00203,-24.49218],[-56.00042,-24.49549],[-56.00237,-24.49471],[-55.99428,-24.50236],[-55.99496,-24.50797],[-55.99255,-24.50855],[-55.99351,-24.51233],[-55.99193,-24.51481],[-55.99394,-24.51941],[-55.99088,-24.52881],[-55.98296,-24.53358],[-55.98091,-24.53839],[-55.97728,-24.53991],[-55.97654,-24.54328],[-55.96903,-24.5452],[-55.96955,-24.54675],[-55.96803,-24.54657],[-55.96562,-24.54951],[-55.95898,-24.55319],[-55.95822,-24.55691],[-55.95101,-24.56276],[-55.94518,-24.56301],[-55.94296,-24.56553],[-55.94214,-24.57038],[-55.94048,-24.57057],[-55.94346,-24.58588],[-55.94214,-24.59035],[-55.94413,-24.59547],[-55.94084,-24.61019],[-55.94251,-24.61173],[-55.94197,-24.61515],[-55.94402,-24.61927],[-55.94278,-24.6219],[-55.93517,-24.62354],[-55.93336,-24.62925],[-55.92944,-24.63278],[-55.92872,-24.63821],[-55.92556,-24.64297],[-55.92318,-24.64336],[-55.92073,-24.64783],[-55.91673,-24.64949],[-55.9158,-24.65581],[-55.91313,-24.65876],[-55.9139,-24.66045],[-55.90785,-24.66497],[-55.90116,-24.66417],[-55.89758,-24.66714],[-55.89445,-24.66703],[-55.88628,-24.67312],[-55.88008,-24.67248],[-55.87538,-24.67961],[-55.86704,-24.68486],[-55.85763,-24.70199],[-55.85255,-24.72281],[-55.84828,-24.72901],[-55.8444,-24.73145],[-55.84501,-24.73779],[-55.84,-24.74771],[-55.83962,-24.76188],[-55.8253,-24.76436],[-55.82124,-24.76953],[-55.82096,-24.77487],[-55.81273,-24.7752],[-55.81083,-24.77668],[-55.80106,-24.77541],[-55.79738,-24.77934],[-55.79049,-24.77714],[-55.78253,-24.78209],[-55.77421,-24.77913],[-55.77101,-24.78292],[-55.7651,-24.78051],[-55.75959,-24.78294],[-55.74899,-24.77655],[-55.72874,-24.78287],[-55.70199,-24.78397]]]}},{"type":"Feature","properties":{"shapeName":"PRESIDENTE HAYES","shapeISO":"PY-15","shapeID":"63826900B99929286362746","shapeGroup":"PRY","shapeType":"ADM1"},"geometry":{"type":"Polygon","coordinates":[[[-57.57456,-25.22394],[-57.55635,-25.19317],[-57.54548,-25.18376],[-57.53897,-25.17416],[-57.53695,-25.16659],[-57.53987,-25.15242],[-57.53958,-25.1428],[-57.53364,-25.12024],[-57.52726,-25.11177],[-57.51527,-25.10038],[-57.50506,-25.09668],[-57.49189,-25.09762],[-57.48394,-25.10003],[-57.47832,-25.10369],[-57.47314,-25.10561],[-57.46046,-25.10525],[-57.44564,-25.09964],[-57.42059,-25.08001],[-57.41335,-25.07064],[-57.40188,-25.06229],[-57.39567,-25.0622],[-57.38574,-25.06641],[-57.37989,-25.0645],[-57.36714,-25.04223],[-57.3522,-25.03004],[-57.34421,-25.01817],[-57.33425,-25.00845],[-57.32938,-25.00134],[-57.31253,-24.96837],[-57.31069,-24.95082],[-57.30427,-24.9329],[-57.29972,-24.92721],[-57.28733,-24.91947],[-57.28175,-24.91914],[-57.26908,-24.92403],[-57.24383,-24.935],[-57.23899,-24.93603],[-57.22867,-24.93536],[-57.22357,-24.93276],[-57.21934,-24.92665],[-57.21659,-24.92065],[-57.21682,-24.91108],[-57.21967,-24.90473],[-57.22426,-24.9011],[-57.24934,-24.89482],[-57.25443,-24.89164],[-57.25976,-24.88563],[-57.25986,-24.87741],[-57.25363,-24.86768],[-57.254,-24.86326],[-57.25747,-24.86014],[-57.29172,-24.85147],[-57.29841,-24.84318],[-57.30013,-24.83729],[-57.2985,-24.83129],[-57.29129,-24.82445],[-57.27003,-24.81315],[-57.2612,-24.80535],[-57.24637,-24.77416],[-57.23207,-24.75679],[-57.22745,-24.74581],[-57.22657,-24.73827],[-57.23458,-24.70988],[-57.23358,-24.70376],[-57.23035,-24.69912],[-57.22712,-24.6972],[-57.21422,-24.69563],[-57.19624,-24.69826],[-57.18867,-24.69782],[-57.17651,-24.69461],[-57.16956,-24.68963],[-57.17597,-24.66509],[-57.17473,-24.65976],[-57.16665,-24.64787],[-57.15744,-24.61826],[-57.16585,-24.60505],[-57.19011,-24.58219],[-57.1948,-24.56915],[-57.19392,-24.56394],[-57.18796,-24.55279],[-57.16948,-24.54147],[-57.16217,-24.53412],[-57.16154,-24.52828],[-57.16364,-24.52284],[-57.17823,-24.50606],[-57.19406,-24.4934],[-57.19442,-24.48468],[-57.19218,-24.47947],[-57.1871,-24.47698],[-57.16655,-24.47298],[-57.16233,-24.47027],[-57.15799,-24.46665],[-57.15093,-24.45634],[-57.14931,-24.44898],[-57.15795,-24.4343],[-57.16772,-24.42171],[-57.18141,-24.39331],[-57.18053,-24.38328],[-57.17755,-24.37592],[-57.16553,-24.36182],[-57.16404,-24.35594],[-57.16958,-24.33491],[-57.17562,-24.31972],[-57.18031,-24.31263],[-57.19858,-24.29663],[-57.20437,-24.28478],[-57.20646,-24.27594],[-57.2037,-24.25277],[-57.20627,-24.23084],[-57.21884,-24.21202],[-57.22649,-24.20979],[-57.24056,-24.20105],[-57.25435,-24.17592],[-57.26654,-24.16083],[-57.27702,-24.15237],[-57.27985,-24.14364],[-57.27588,-24.13549],[-57.25166,-24.12573],[-57.23311,-24.10967],[-57.21062,-24.09775],[-57.20751,-24.08563],[-57.20911,-24.07837],[-57.21773,-24.07162],[-57.22167,-24.06583],[-57.2583,-24.05059],[-57.26347,-24.04531],[-57.26408,-24.04169],[-57.26382,-24.03704],[-57.2585,-24.03093],[-57.25072,-24.02675],[-57.22369,-24.01801],[-57.21467,-24.01145],[-57.21133,-24.00455],[-57.21233,-23.99209],[-57.2154,-23.98756],[-57.22634,-23.98301],[-57.23914,-23.98483],[-57.24083,-23.98398],[-57.24083,-23.98072],[-57.22984,-23.958],[-57.22976,-23.95176],[-57.23815,-23.94179],[-57.26305,-23.94398],[-57.27113,-23.93921],[-57.28631,-23.93383],[-57.29922,-23.924],[-57.30227,-23.91746],[-57.30419,-23.90779],[-57.30304,-23.90066],[-57.29301,-23.89385],[-57.28104,-23.88926],[-57.2652,-23.88602],[-57.25354,-23.8752],[-57.25272,-23.8697],[-57.2553,-23.86598],[-57.27288,-23.85154],[-57.27609,-23.84306],[-57.27269,-23.83505],[-57.25877,-23.82407],[-57.25148,-23.8119],[-57.2505,-23.80522],[-57.25272,-23.78709],[-57.25901,-23.78217],[-57.27225,-23.77903],[-57.27804,-23.77159],[-57.27125,-23.76655],[-57.25574,-23.76138],[-57.25379,-23.75633],[-57.25666,-23.73597],[-57.26648,-23.72466],[-57.29486,-23.71004],[-57.30324,-23.70765],[-57.34319,-23.68023],[-57.36043,-23.6735],[-57.37575,-23.67109],[-57.39493,-23.66272],[-57.40299,-23.6627],[-57.41008,-23.66045],[-57.4191,-23.65374],[-57.42115,-23.64125],[-57.42725,-23.63306],[-57.43815,-23.61164],[-57.44811,-23.59987],[-57.45869,-23.58127],[-57.46315,-23.56728],[-57.46828,-23.56029],[-57.47352,-23.5362],[-57.47009,-23.52298],[-57.45908,-23.5086],[-57.44703,-23.47758],[-57.45013,-23.47748],[-57.45196,-23.47185],[-57.449,-23.45624],[-57.45078,-23.4468],[-57.46311,-23.43333],[-57.4619,-23.42552],[-57.46396,-23.4235],[-57.47371,-23.42048],[-57.47539,-23.41845],[-57.47431,-23.41081],[-57.47581,-23.40649],[-57.48782,-23.38902],[-57.4946,-23.37269],[-57.50203,-23.36495],[-57.51658,-23.35667],[-57.52,-23.35322],[-57.52244,-23.34722],[-57.52163,-23.34164],[-57.51833,-23.33608],[-57.50009,-23.32436],[-57.49146,-23.32067],[-57.48914,-23.31792],[-57.49164,-23.30655],[-57.49119,-23.28631],[-57.49321,-23.27969],[-57.51007,-23.2617],[-57.53915,-23.23807],[-57.54262,-23.23079],[-57.54366,-23.219],[-57.54905,-23.21202],[-57.58548,-23.19865],[-57.59586,-23.19299],[-57.61191,-23.18831],[-57.62306,-23.17835],[-57.63024,-23.16607],[-57.63429,-23.15122],[-57.64118,-23.14211],[-57.64267,-23.13717],[-57.64191,-23.13207],[-57.63134,-23.11962],[-57.62769,-23.11137],[-57.62798,-23.10107],[-57.63192,-23.09448],[-57.6371,-23.0917],[-57.6476,-23.08966],[-57.69244,-23.09778],[-57.70176,-23.09724],[-57.7109,-23.09388],[-57.71662,-23.09044],[-57.72366,-23.08195],[-57.7288,-23.06439],[-57.7341,-23.05767],[-57.76343,-23.03776],[-57.7704,-23.03493],[-57.78297,-23.03434],[-57.78839,-23.03008],[-57.79083,-23.02351],[-57.78965,-23.0162],[-57.78494,-23.00628],[-57.76659,-22.97776],[-57.76595,-22.97124],[-57.76739,-22.96529],[-57.77163,-22.95989],[-57.77809,-22.95506],[-57.79324,-22.93824],[-57.81497,-22.92279],[-57.82137,-22.91497],[-57.8215,-22.90893],[-57.81972,-22.90525],[-57.79843,-22.89274],[-57.78951,-22.87752],[-57.79042,-22.86413],[-57.80076,-22.84921],[-57.80715,-22.83288],[-57.80782,-22.82473],[-57.81022,-22.81903],[-57.81394,-22.81603],[-57.84026,-22.808],[-57.86718,-22.80553],[-57.87532,-22.80298],[-57.88256,-22.79394],[-57.88357,-22.78982],[-57.88202,-22.78571],[-57.87714,-22.78214],[-57.87675,-22.77603],[-57.8876,-22.75861],[-57.89409,-22.75388],[-57.91803,-22.74789],[-57.92579,-22.74327],[-57.93194,-22.73324],[-57.94025,-22.70827],[-57.9389,-22.69259],[-57.93535,-22.68526],[-57.92406,-22.6705],[-57.91747,-22.66417],[-57.90943,-22.65913],[-57.89048,-22.65573],[-57.86522,-22.65487],[-57.84432,-22.65165],[-57.8297,-22.65285],[-57.79308,-22.66337],[-57.78613,-22.66384],[-57.7768,-22.66127],[-57.77228,-22.65414],[-57.77289,-22.63945],[-57.77992,-22.62262],[-57.78539,-22.61491],[-57.79767,-22.60264],[-57.80479,-22.59215],[-57.81501,-22.58194],[-57.82219,-22.57873],[-57.82774,-22.57073],[-57.82876,-22.56353],[-57.82757,-22.551],[-57.83057,-22.53874],[-57.83171,-22.50917],[-57.84536,-22.48442],[-57.84561,-22.47923],[-57.83917,-22.45474],[-57.8396,-22.44706],[-57.84441,-22.43755],[-57.862,-22.42396],[-57.86544,-22.41726],[-57.86448,-22.40307],[-57.85573,-22.39771],[-58.18557,-22.34944],[-58.20273,-22.28251],[-58.24555,-22.24046],[-58.24222,-22.21192],[-58.23745,-22.19839],[-58.24186,-22.18975],[-58.26688,-22.17949],[-58.39675,-22.17897],[-58.45234,-22.16364],[-58.45656,-22.15818],[-58.45969,-22.15677],[-58.47356,-22.15623],[-58.64191,-22.15439],[-58.64897,-22.15831],[-58.65905,-22.15399],[-58.73714,-22.15246],[-58.75227,-22.15736],[-58.84325,-22.15682],[-58.85664,-22.15119],[-58.96261,-22.15036],[-58.9853,-22.15962],[-59.00005,-22.15441],[-59.01836,-22.15007],[-59.2016,-22.14787],[-59.2393,-22.13161],[-59.24143,-22.13216],[-59.2418,-22.13094],[-59.36774,-22.07622],[-59.3366,-22.1704],[-59.61439,-22.33589],[-59.61444,-22.34108],[-59.63934,-22.36892],[-59.63976,-22.38863],[-59.62624,-22.42798],[-59.7118,-22.42797],[-59.71217,-22.46701],[-59.74718,-22.46698],[-59.74718,-22.50043],[-59.75167,-22.5009],[-59.75177,-22.5254],[-59.80622,-22.58833],[-59.84376,-22.63437],[-59.91131,-22.73291],[-59.93978,-22.76948],[-59.93585,-22.7754],[-59.93806,-22.77651],[-59.93794,-22.77921],[-59.94882,-22.78239],[-59.94488,-22.79689],[-59.96637,-22.8023],[-59.96956,-22.81151],[-59.97509,-22.81863],[-59.9762,-22.83006],[-59.96943,-22.96697],[-59.97074,-22.96876],[-59.96942,-22.97009],[-59.95843,-23.0673],[-59.97255,-23.10845],[-59.98434,-23.13536],[-59.98669,-23.13798],[-59.99228,-23.15747],[-59.98958,-23.16216],[-59.97899,-23.17298],[-60.02788,-23.30445],[-60.05693,-23.37623],[-60.07677,-23.45849],[-60.09273,-23.49282],[-60.13687,-23.51257],[-60.18635,-23.52455],[-60.20272,-23.53285],[-60.55714,-23.57308],[-60.56541,-23.57394],[-60.57133,-23.57229],[-60.58097,-23.57489],[-60.57914,-23.58258],[-60.59231,-23.59665],[-60.60166,-23.61101],[-60.67521,-23.59219],[-60.67493,-23.63216],[-60.67157,-23.69783],[-60.67972,-23.71504],[-60.69293,-23.7334],[-60.76831,-23.77753],[-60.78539,-23.78913],[-60.78175,-23.79301],[-60.7807,-23.79644],[-60.77954,-23.82049],[-60.78172,-23.8298],[-60.77354,-23.8351],[-60.77154,-23.84261],[-60.77332,-23.85025],[-60.76399,-23.85765],[-60.76117,-23.86267],[-60.75989,-23.8736],[-60.75529,-23.87377],[-60.75588,-23.87689],[-60.75327,-23.87867],[-60.74925,-23.8761],[-60.74463,-23.87746],[-60.7443,-23.87434],[-60.74147,-23.8736],[-60.74064,-23.87909],[-60.73311,-23.87892],[-60.73233,-23.88097],[-60.73397,-23.88346],[-60.73254,-23.88527],[-60.72136,-23.88368],[-60.69852,-23.89566],[-60.69258,-23.90324],[-60.68527,-23.9017],[-60.67745,-23.89569],[-60.64169,-23.90816],[-60.63991,-23.91043],[-60.63656,-23.91058],[-60.63433,-23.91235],[-60.62961,-23.92361],[-60.62787,-23.92448],[-60.62169,-23.91768],[-60.61507,-23.91994],[-60.60527,-23.91459],[-60.60257,-23.91654],[-60.59719,-23.91495],[-60.59381,-23.91754],[-60.58921,-23.91558],[-60.58536,-23.91814],[-60.59433,-23.92194],[-60.58834,-23.95459],[-60.58597,-23.95643],[-60.57835,-23.95854],[-60.57308,-23.95824],[-60.55825,-23.95406],[-60.55252,-23.96461],[-60.54329,-23.96341],[-60.5335,-23.96704],[-60.51425,-23.96848],[-60.50016,-23.97316],[-60.49614,-23.97291],[-60.48791,-23.96475],[-60.47725,-23.96518],[-60.46595,-23.9707],[-60.45801,-23.97119],[-60.44164,-23.97562],[-60.4091,-23.99853],[-60.398,-24.00168],[-60.38447,-24.00811],[-60.37884,-24.0163],[-60.37534,-24.02739],[-60.36877,-24.03364],[-60.36218,-24.03115],[-60.35097,-24.03365],[-60.34787,-24.03153],[-60.33042,-24.03079],[-60.32415,-24.03442],[-60.32423,-24.03834],[-60.30586,-24.04456],[-60.28306,-24.04811],[-60.26144,-24.04931],[-60.23736,-24.04419],[-60.18965,-24.04331],[-60.15296,-24.03934],[-60.096,-24.02642],[-60.08022,-24.02064],[-60.0675,-24.00902],[-60.0516,-24.01517],[-60.04263,-24.01385],[-60.03703,-24.01513],[-59.99842,-24.03162],[-59.88532,-24.09838],[-59.7736,-24.15886],[-59.47524,-24.33305],[-59.46922,-24.33895],[-59.47212,-24.34661],[-59.47073,-24.34942],[-59.46727,-24.35307],[-59.45949,-24.35579],[-59.45801,-24.35951],[-59.45902,-24.36646],[-59.45722,-24.37222],[-59.44751,-24.37882],[-59.44064,-24.39045],[-59.42747,-24.3943],[-59.42464,-24.39729],[-59.42085,-24.40922],[-59.41237,-24.41245],[-59.4086,-24.41147],[-59.40214,-24.41259],[-59.40047,-24.41122],[-59.39331,-24.41315],[-59.3839,-24.42055],[-59.37622,-24.42036],[-59.3731,-24.42299],[-59.37346,-24.42914],[-59.37219,-24.43083],[-59.37324,-24.43185],[-59.36899,-24.43539],[-59.36987,-24.43806],[-59.36635,-24.44161],[-59.36562,-24.4504],[-59.36393,-24.45019],[-59.35869,-24.45403],[-59.35797,-24.45796],[-59.35914,-24.45877],[-59.35599,-24.46274],[-59.35273,-24.47417],[-59.35385,-24.47811],[-59.35232,-24.47856],[-59.35067,-24.48296],[-59.3394,-24.4902],[-59.33355,-24.48931],[-59.33301,-24.49109],[-59.3278,-24.49298],[-59.31978,-24.49198],[-59.31437,-24.50106],[-59.31013,-24.503],[-59.30577,-24.50122],[-59.30389,-24.5044],[-59.30109,-24.50343],[-59.29804,-24.50988],[-59.29585,-24.51066],[-59.29678,-24.51322],[-59.29363,-24.51552],[-59.28565,-24.51822],[-59.28243,-24.51757],[-59.28077,-24.51865],[-59.2774,-24.51647],[-59.267,-24.51912],[-59.2668,-24.52035],[-59.26548,-24.51905],[-59.26261,-24.5202],[-59.25737,-24.51971],[-59.25204,-24.52355],[-59.25261,-24.52527],[-59.25058,-24.52756],[-59.25134,-24.53254],[-59.24864,-24.53285],[-59.24324,-24.53896],[-59.24109,-24.54629],[-59.23876,-24.54655],[-59.23575,-24.54937],[-59.22759,-24.54913],[-59.22545,-24.55154],[-59.22437,-24.54999],[-59.22317,-24.55225],[-59.22074,-24.55178],[-59.21816,-24.55415],[-59.21405,-24.55411],[-59.21094,-24.55619],[-59.20574,-24.5551],[-59.2029,-24.55937],[-59.1858,-24.56352],[-59.1842,-24.56721],[-59.17981,-24.57119],[-59.17974,-24.57626],[-59.17321,-24.58134],[-59.17125,-24.58106],[-59.16393,-24.58591],[-59.16057,-24.58572],[-59.15721,-24.58751],[-59.15581,-24.5933],[-59.15365,-24.59501],[-59.15334,-24.59977],[-59.14416,-24.60489],[-59.13525,-24.60619],[-59.1319,-24.60904],[-59.13005,-24.61231],[-59.13064,-24.61623],[-59.12806,-24.61799],[-59.12494,-24.61859],[-59.12324,-24.61751],[-59.11671,-24.62254],[-59.11075,-24.62386],[-59.1057,-24.62156],[-59.10203,-24.61753],[-59.09433,-24.61653],[-59.09316,-24.61804],[-59.09051,-24.61757],[-59.08831,-24.61956],[-59.07966,-24.62145],[-59.07515,-24.62557],[-59.06659,-24.62958],[-59.0643,-24.62763],[-59.05695,-24.63145],[-59.05166,-24.6424],[-59.04704,-24.64507],[-59.037,-24.64576],[-59.03135,-24.65078],[-59.0287,-24.65654],[-59.02371,-24.66016],[-59.0055,-24.66013],[-58.99904,-24.66365],[-58.99554,-24.66403],[-58.98551,-24.65972],[-58.97267,-24.66232],[-58.96952,-24.66491],[-58.96676,-24.67229],[-58.95423,-24.67729],[-58.95158,-24.67625],[-58.95014,-24.67818],[-58.94305,-24.68038],[-58.94025,-24.68571],[-58.93487,-24.68724],[-58.92749,-24.69227],[-58.92628,-24.69647],[-58.91664,-24.69655],[-58.90908,-24.70335],[-58.90334,-24.70472],[-58.90261,-24.70905],[-58.89748,-24.71053],[-58.8867,-24.71888],[-58.88344,-24.72703],[-58.87898,-24.73313],[-58.87368,-24.73234],[-58.86957,-24.72819],[-58.85544,-24.73242],[-58.85205,-24.73637],[-58.84628,-24.73755],[-58.84504,-24.73987],[-58.83693,-24.74492],[-58.82797,-24.75314],[-58.82248,-24.7623],[-58.81254,-24.76632],[-58.80766,-24.77245],[-58.80393,-24.7737],[-58.79759,-24.77247],[-58.79247,-24.77312],[-58.7822,-24.77594],[-58.77997,-24.77481],[-58.774,-24.77586],[-58.76373,-24.77476],[-58.7433,-24.78089],[-58.73492,-24.77849],[-58.73144,-24.77448],[-58.72676,-24.77432],[-58.71985,-24.78213],[-58.71696,-24.7889],[-58.71298,-24.79082],[-58.71319,-24.79549],[-58.70909,-24.7998],[-58.71013,-24.80758],[-58.70838,-24.8105],[-58.70483,-24.81382],[-58.70022,-24.81453],[-58.69523,-24.81291],[-58.69306,-24.81071],[-58.68864,-24.81022],[-58.6846,-24.81325],[-58.68099,-24.8185],[-58.67953,-24.82502],[-58.67331,-24.83155],[-58.66456,-24.83046],[-58.65869,-24.83137],[-58.64843,-24.82447],[-58.63793,-24.82854],[-58.62993,-24.8292],[-58.62874,-24.82768],[-58.62513,-24.82834],[-58.62427,-24.82977],[-58.61565,-24.82956],[-58.61085,-24.83115],[-58.60901,-24.82963],[-58.60486,-24.82962],[-58.59706,-24.82489],[-58.59554,-24.82658],[-58.59292,-24.82601],[-58.59018,-24.82736],[-58.58368,-24.82166],[-58.57588,-24.82293],[-58.57368,-24.82118],[-58.56481,-24.82449],[-58.56267,-24.82643],[-58.5634,-24.82794],[-58.55879,-24.82767],[-58.55756,-24.83041],[-58.55345,-24.82871],[-58.55241,-24.82966],[-58.55038,-24.82792],[-58.54191,-24.83846],[-58.53742,-24.8402],[-58.53773,-24.84167],[-58.53498,-24.84339],[-58.52919,-24.84529],[-58.53027,-24.8466],[-58.52645,-24.85084],[-58.52108,-24.84928],[-58.51628,-24.84354],[-58.51454,-24.84314],[-58.5134,-24.84534],[-58.51119,-24.84361],[-58.51026,-24.84567],[-58.50836,-24.845],[-58.50752,-24.84815],[-58.50313,-24.84909],[-58.49796,-24.85794],[-58.49412,-24.85941],[-58.49105,-24.85781],[-58.48604,-24.85875],[-58.48145,-24.86163],[-58.4763,-24.85992],[-58.47589,-24.86273],[-58.47394,-24.86094],[-58.47124,-24.86395],[-58.46924,-24.86346],[-58.47048,-24.86475],[-58.46681,-24.86661],[-58.4663,-24.86856],[-58.46423,-24.86974],[-58.46208,-24.869],[-58.4609,-24.87042],[-58.45913,-24.86966],[-58.4582,-24.87291],[-58.45662,-24.8723],[-58.45529,-24.87427],[-58.45381,-24.87351],[-58.45457,-24.8759],[-58.45145,-24.87592],[-58.45181,-24.87875],[-58.44814,-24.87782],[-58.44073,-24.87937],[-58.44143,-24.88105],[-58.43867,-24.88255],[-58.43719,-24.88775],[-58.43554,-24.88776],[-58.43007,-24.89322],[-58.43075,-24.89483],[-58.42916,-24.89528],[-58.4277,-24.90252],[-58.42955,-24.90293],[-58.42848,-24.90478],[-58.43162,-24.90692],[-58.43026,-24.90866],[-58.43269,-24.90844],[-58.4306,-24.91024],[-58.43342,-24.91393],[-58.43176,-24.91469],[-58.43317,-24.91586],[-58.43004,-24.92201],[-58.42703,-24.92122],[-58.42872,-24.92357],[-58.42631,-24.92329],[-58.42521,-24.92149],[-58.42094,-24.92326],[-58.41831,-24.92161],[-58.41742,-24.92299],[-58.41625,-24.92043],[-58.41487,-24.92258],[-58.41353,-24.92034],[-58.41182,-24.92257],[-58.40868,-24.92283],[-58.40797,-24.92468],[-58.41028,-24.92508],[-58.4069,-24.92691],[-58.40788,-24.92965],[-58.4053,-24.93012],[-58.40186,-24.93657],[-58.39938,-24.93675],[-58.40286,-24.93891],[-58.39727,-24.93933],[-58.39801,-24.94119],[-58.40071,-24.94159],[-58.40038,-24.94293],[-58.39742,-24.94225],[-58.39643,-24.94414],[-58.39799,-24.94549],[-58.39552,-24.94519],[-58.39477,-24.94732],[-58.39336,-24.94634],[-58.39312,-24.95157],[-58.39126,-24.95316],[-58.38958,-24.95223],[-58.39003,-24.95432],[-58.38733,-24.95466],[-58.38613,-24.95346],[-58.38368,-24.95547],[-58.38186,-24.9544],[-58.38085,-24.95645],[-58.37901,-24.95625],[-58.37894,-24.95761],[-58.37621,-24.9586],[-58.37558,-24.9572],[-58.37357,-24.95811],[-58.3732,-24.95653],[-58.37226,-24.95878],[-58.36906,-24.95927],[-58.37123,-24.96093],[-58.37061,-24.96207],[-58.36803,-24.96111],[-58.36685,-24.9631],[-58.36577,-24.96116],[-58.36472,-24.96427],[-58.36303,-24.96363],[-58.36252,-24.96578],[-58.36077,-24.9656],[-58.36166,-24.96714],[-58.35864,-24.96673],[-58.35661,-24.96911],[-58.35303,-24.96842],[-58.35256,-24.97028],[-58.34947,-24.97059],[-58.35022,-24.97248],[-58.34822,-24.97229],[-58.34936,-24.97406],[-58.34703,-24.97378],[-58.3474,-24.97579],[-58.34597,-24.97582],[-58.34724,-24.97682],[-58.34558,-24.97868],[-58.34663,-24.98101],[-58.34514,-24.98188],[-58.34633,-24.98511],[-58.34361,-24.98646],[-58.34417,-24.9887],[-58.34258,-24.98956],[-58.34423,-24.99028],[-58.34092,-24.98943],[-58.34172,-24.99211],[-58.33949,-24.99237],[-58.34179,-24.99343],[-58.34124,-24.99657],[-58.33647,-24.99633],[-58.33693,-24.99866],[-58.33437,-24.9985],[-58.33365,-25.00012],[-58.33286,-24.99884],[-58.33075,-24.99946],[-58.331,-24.99801],[-58.32985,-25.00097],[-58.32942,-24.99803],[-58.32606,-24.99887],[-58.32648,-24.99587],[-58.32271,-24.99333],[-58.32417,-24.99027],[-58.3214,-24.99026],[-58.31953,-24.99259],[-58.31886,-24.99006],[-58.32026,-24.98908],[-58.31389,-24.98924],[-58.31233,-24.98671],[-58.31084,-24.98698],[-58.31336,-24.98401],[-58.31468,-24.98551],[-58.31431,-24.98295],[-58.31115,-24.9831],[-58.31223,-24.98095],[-58.30985,-24.9818],[-58.31024,-24.97976],[-58.30786,-24.98111],[-58.30678,-24.97786],[-58.30345,-24.97941],[-58.30444,-24.97538],[-58.30063,-24.97697],[-58.29939,-24.97529],[-58.30177,-24.97398],[-58.29803,-24.97452],[-58.29679,-24.97151],[-58.29431,-24.9713],[-58.29613,-24.96757],[-58.293,-24.96715],[-58.2924,-24.96513],[-58.28873,-24.96412],[-58.28645,-24.95855],[-58.28912,-24.95846],[-58.28909,-24.95715],[-58.28527,-24.95669],[-58.28482,-24.95544],[-58.2801,-24.95646],[-58.27989,-24.95376],[-58.27706,-24.95457],[-58.2784,-24.95177],[-58.27575,-24.95329],[-58.27343,-24.94967],[-58.27102,-24.94941],[-58.2714,-24.94687],[-58.26883,-24.94725],[-58.26758,-24.94528],[-58.26641,-24.94703],[-58.26667,-24.94283],[-58.26303,-24.94284],[-58.26218,-24.93951],[-58.26037,-24.94068],[-58.25915,-24.93775],[-58.25738,-24.93838],[-58.25764,-24.93565],[-58.25513,-24.93549],[-58.25551,-24.93185],[-58.2533,-24.93166],[-58.25167,-24.93444],[-58.25001,-24.93167],[-58.24601,-24.93331],[-58.24461,-24.93123],[-58.24221,-24.93229],[-58.24223,-24.92809],[-58.23875,-24.92901],[-58.23836,-24.92694],[-58.23647,-24.92798],[-58.23548,-24.92692],[-58.2318,-24.93009],[-58.23053,-24.92816],[-58.23141,-24.9261],[-58.22696,-24.92897],[-58.22497,-24.92692],[-58.22408,-24.93171],[-58.22107,-24.93232],[-58.22091,-24.93029],[-58.21966,-24.93139],[-58.2206,-24.93318],[-58.2249,-24.93412],[-58.21996,-24.9349],[-58.2243,-24.9366],[-58.22509,-24.93889],[-58.22302,-24.93956],[-58.22448,-24.94213],[-58.22058,-24.94159],[-58.2211,-24.94389],[-58.21826,-24.94417],[-58.21839,-24.94569],[-58.21437,-24.94532],[-58.21717,-24.95043],[-58.21271,-24.95099],[-58.21085,-24.94997],[-58.21093,-24.94816],[-58.20962,-24.95169],[-58.20846,-24.9484],[-58.20719,-24.94868],[-58.20701,-24.95165],[-58.20472,-24.94816],[-58.20192,-24.94987],[-58.20044,-24.95319],[-58.20303,-24.95439],[-58.19765,-24.95402],[-58.19784,-24.95825],[-58.19472,-24.95974],[-58.19578,-24.96408],[-58.19287,-24.96458],[-58.19473,-24.96631],[-58.19384,-24.96796],[-58.19123,-24.96637],[-58.18776,-24.97088],[-58.18565,-24.96801],[-58.18385,-24.96872],[-58.18393,-24.96723],[-58.18158,-24.96922],[-58.17803,-24.96744],[-58.17624,-24.96821],[-58.17726,-24.97135],[-58.17486,-24.97029],[-58.17363,-24.9713],[-58.17362,-24.9687],[-58.17093,-24.96988],[-58.16843,-24.96848],[-58.17122,-24.96723],[-58.1693,-24.96621],[-58.16667,-24.96905],[-58.16425,-24.96936],[-58.16403,-24.97139],[-58.16236,-24.97141],[-58.16255,-24.97543],[-58.15981,-24.97072],[-58.15823,-24.97151],[-58.15857,-24.97407],[-58.15615,-24.97267],[-58.15304,-24.97337],[-58.15385,-24.97658],[-58.15179,-24.97475],[-58.14994,-24.97505],[-58.15028,-24.98024],[-58.15349,-24.98079],[-58.15315,-24.98193],[-58.14844,-24.98264],[-58.14722,-24.98534],[-58.14572,-24.98503],[-58.14628,-24.98705],[-58.14236,-24.98665],[-58.14412,-24.98989],[-58.13924,-24.98766],[-58.13776,-24.9887],[-58.13998,-24.99361],[-58.13716,-24.99408],[-58.13868,-24.99569],[-58.13622,-24.99626],[-58.13897,-24.99756],[-58.13717,-24.99877],[-58.1356,-24.99728],[-58.13548,-24.99962],[-58.13814,-25.00072],[-58.13557,-25.00362],[-58.13597,-25.00611],[-58.13772,-25.00681],[-58.13428,-25.00904],[-58.13697,-25.00957],[-58.1373,-25.01159],[-58.13404,-25.01012],[-58.13111,-25.01218],[-58.13018,-25.011],[-58.12899,-25.01254],[-58.12986,-25.01456],[-58.12638,-25.01255],[-58.12734,-25.01504],[-58.12558,-25.01474],[-58.12491,-25.01243],[-58.11864,-25.0129],[-58.11775,-25.01856],[-58.1129,-25.01957],[-58.11248,-25.01739],[-58.11006,-25.0171],[-58.11162,-25.01522],[-58.11017,-25.01445],[-58.10707,-25.01567],[-58.10618,-25.01183],[-58.1023,-25.01389],[-58.1007,-25.01129],[-58.09963,-25.01475],[-58.09748,-25.014],[-58.09834,-25.01186],[-58.09475,-25.01333],[-58.09651,-25.01089],[-58.09481,-25.00894],[-58.09096,-25.00865],[-58.09081,-25.01194],[-58.08563,-25.01231],[-58.08605,-25.01455],[-58.08831,-25.01524],[-58.08389,-25.01524],[-58.08267,-25.02363],[-58.08117,-25.02378],[-58.07947,-25.02161],[-58.07807,-25.02241],[-58.0801,-25.02529],[-58.07954,-25.02712],[-58.07681,-25.02829],[-58.07926,-25.02927],[-58.07755,-25.02997],[-58.07881,-25.0323],[-58.07409,-25.03376],[-58.0774,-25.03529],[-58.07726,-25.03777],[-58.07454,-25.03765],[-58.07464,-25.03984],[-58.07075,-25.04108],[-58.07112,-25.04384],[-58.06878,-25.04375],[-58.0688,-25.04544],[-58.06631,-25.04486],[-58.06646,-25.04116],[-58.06142,-25.04048],[-58.05826,-25.04584],[-58.05747,-25.04205],[-58.05418,-25.04376],[-58.05253,-25.04182],[-58.05496,-25.04154],[-58.05495,-25.04042],[-58.04999,-25.04045],[-58.04894,-25.03815],[-58.04674,-25.03894],[-58.04687,-25.04171],[-58.04486,-25.04299],[-58.03936,-25.0408],[-58.03773,-25.04197],[-58.03769,-25.03938],[-58.03513,-25.04032],[-58.03452,-25.03805],[-58.03165,-25.03923],[-58.03153,-25.03565],[-58.02857,-25.03591],[-58.02775,-25.03798],[-58.0237,-25.03778],[-58.02264,-25.04117],[-58.02005,-25.0391],[-58.01762,-25.04052],[-58.01676,-25.03765],[-58.0161,-25.04197],[-58.01487,-25.03855],[-58.01224,-25.03789],[-58.01292,-25.03994],[-58.0113,-25.04079],[-58.0103,-25.03791],[-58.00594,-25.03494],[-58.00277,-25.03769],[-58.00486,-25.03948],[-58.00359,-25.04096],[-58.0045,-25.04542],[-58.00189,-25.04696],[-58.00426,-25.04864],[-57.9998,-25.05246],[-58.00036,-25.0547],[-57.99781,-25.05368],[-57.99695,-25.05579],[-57.99826,-25.05735],[-57.99611,-25.0597],[-57.99776,-25.0616],[-57.99678,-25.06293],[-57.99957,-25.06305],[-57.99736,-25.06607],[-58.00107,-25.06616],[-57.99968,-25.07416],[-57.99742,-25.07262],[-57.99423,-25.07647],[-57.99119,-25.07484],[-57.98985,-25.07938],[-57.99085,-25.08176],[-57.98656,-25.0799],[-57.98562,-25.08337],[-57.98249,-25.08233],[-57.97536,-25.08618],[-57.97401,-25.08536],[-57.97425,-25.08273],[-57.97086,-25.0829],[-57.96826,-25.08119],[-57.96949,-25.07736],[-57.97175,-25.07873],[-57.97042,-25.07677],[-57.96864,-25.07626],[-57.96663,-25.07815],[-57.96674,-25.0754],[-57.96553,-25.07529],[-57.96455,-25.0788],[-57.96285,-25.07594],[-57.96087,-25.07715],[-57.95674,-25.07289],[-57.95596,-25.07472],[-57.95793,-25.07663],[-57.95353,-25.07569],[-57.95287,-25.08061],[-57.94616,-25.07755],[-57.94364,-25.07792],[-57.94366,-25.07349],[-57.94171,-25.07168],[-57.93688,-25.07537],[-57.93425,-25.07215],[-57.93124,-25.07803],[-57.92539,-25.07711],[-57.92358,-25.07327],[-57.91616,-25.07783],[-57.91437,-25.07597],[-57.90644,-25.07336],[-57.90502,-25.07576],[-57.90607,-25.07748],[-57.90821,-25.07724],[-57.90792,-25.07948],[-57.90384,-25.07799],[-57.89877,-25.07924],[-57.89617,-25.0805],[-57.89709,-25.0826],[-57.89585,-25.08361],[-57.89342,-25.07965],[-57.89084,-25.08254],[-57.8902,-25.07877],[-57.88639,-25.08125],[-57.88865,-25.07753],[-57.88496,-25.07699],[-57.88406,-25.07559],[-57.88212,-25.07705],[-57.88231,-25.07907],[-57.87819,-25.07874],[-57.87744,-25.08112],[-57.87364,-25.08258],[-57.87058,-25.08069],[-57.87037,-25.08401],[-57.86582,-25.08302],[-57.86279,-25.08424],[-57.86136,-25.08143],[-57.85976,-25.08539],[-57.85543,-25.08775],[-57.85948,-25.08817],[-57.85883,-25.09019],[-57.8533,-25.09359],[-57.85094,-25.09362],[-57.85287,-25.09686],[-57.85594,-25.09642],[-57.85495,-25.09867],[-57.8481,-25.09731],[-57.84868,-25.10085],[-57.84677,-25.10191],[-57.85097,-25.10518],[-57.8472,-25.10751],[-57.85102,-25.10903],[-57.84369,-25.11243],[-57.84861,-25.11808],[-57.84435,-25.11734],[-57.84507,-25.12098],[-57.84065,-25.12032],[-57.84037,-25.12331],[-57.83689,-25.12381],[-57.84014,-25.12536],[-57.83498,-25.12746],[-57.83678,-25.1315],[-57.83368,-25.13219],[-57.83126,-25.12868],[-57.82843,-25.13261],[-57.82629,-25.1306],[-57.82302,-25.13554],[-57.82396,-25.13943],[-57.82263,-25.14173],[-57.81767,-25.13881],[-57.81669,-25.1428],[-57.81337,-25.14404],[-57.81292,-25.14778],[-57.80937,-25.14265],[-57.807,-25.14225],[-57.80495,-25.14383],[-57.8051,-25.14817],[-57.80185,-25.14507],[-57.80258,-25.14823],[-57.80111,-25.14963],[-57.79937,-25.14994],[-57.79779,-25.14818],[-57.793,-25.15172],[-57.79012,-25.14981],[-57.79172,-25.15539],[-57.78677,-25.15194],[-57.78,-25.15251],[-57.77656,-25.15568],[-57.77596,-25.16178],[-57.76995,-25.16474],[-57.76911,-25.1679],[-57.77196,-25.16922],[-57.7684,-25.17296],[-57.76492,-25.17078],[-57.76127,-25.17152],[-57.76122,-25.17563],[-57.75657,-25.17694],[-57.75762,-25.17994],[-57.75541,-25.17918],[-57.75445,-25.17618],[-57.7532,-25.1768],[-57.75269,-25.18135],[-57.75801,-25.18485],[-57.75867,-25.18718],[-57.7568,-25.19066],[-57.7526,-25.19201],[-57.75362,-25.19353],[-57.75708,-25.1938],[-57.75532,-25.19533],[-57.75596,-25.19677],[-57.7493,-25.19569],[-57.74933,-25.20226],[-57.7546,-25.20559],[-57.74964,-25.20543],[-57.74853,-25.20672],[-57.75012,-25.20979],[-57.75507,-25.20832],[-57.75741,-25.21045],[-57.7566,-25.21433],[-57.75238,-25.21255],[-57.75324,-25.2163],[-57.75126,-25.21592],[-57.7507,-25.21703],[-57.75965,-25.2162],[-57.75922,-25.21999],[-57.75419,-25.22009],[-57.75521,-25.22381],[-57.75151,-25.22399],[-57.75168,-25.22776],[-57.74872,-25.22793],[-57.74881,-25.22972],[-57.7458,-25.22776],[-57.74424,-25.22837],[-57.74482,-25.23159],[-57.74989,-25.2334],[-57.74841,-25.23506],[-57.74249,-25.23271],[-57.74311,-25.23679],[-57.73832,-25.23794],[-57.73841,-25.234],[-57.7356,-25.23472],[-57.73521,-25.23821],[-57.73957,-25.24113],[-57.73606,-25.24424],[-57.73577,-25.24679],[-57.74089,-25.25342],[-57.73509,-25.25234],[-57.72919,-25.24643],[-57.72642,-25.25409],[-57.72284,-25.25281],[-57.72388,-25.25686],[-57.72824,-25.25509],[-57.73007,-25.25744],[-57.72525,-25.26181],[-57.72313,-25.26695],[-57.71931,-25.26506],[-57.71786,-25.26666],[-57.72337,-25.27235],[-57.72237,-25.27365],[-57.71849,-25.27292],[-57.72277,-25.27604],[-57.72251,-25.27746],[-57.719,-25.27722],[-57.71578,-25.27365],[-57.71302,-25.27433],[-57.7116,-25.27308],[-57.71039,-25.28182],[-57.71363,-25.28363],[-57.71227,-25.28539],[-57.70879,-25.28599],[-57.70324,-25.28236],[-57.70279,-25.28507],[-57.70475,-25.28715],[-57.70522,-25.29165],[-57.70342,-25.29076],[-57.70307,-25.28692],[-57.70077,-25.28472],[-57.69715,-25.28351],[-57.69442,-25.28597],[-57.69853,-25.2943],[-57.7052,-25.29563],[-57.70717,-25.30018],[-57.69946,-25.30429],[-57.69789,-25.3084],[-57.69941,-25.31304],[-57.70185,-25.31378],[-57.69883,-25.31741],[-57.70292,-25.32208],[-57.69274,-25.3226],[-57.69247,-25.32805],[-57.68961,-25.3322],[-57.68775,-25.33344],[-57.68665,-25.3327],[-57.68679,-25.3289],[-57.68157,-25.33425],[-57.68135,-25.33963],[-57.67827,-25.33991],[-57.68203,-25.34203],[-57.67661,-25.34336],[-57.6785,-25.34612],[-57.67442,-25.34601],[-57.67066,-25.34768],[-57.67176,-25.35181],[-57.67034,-25.35328],[-57.66347,-25.35384],[-57.66783,-25.34531],[-57.66724,-25.33575],[-57.67386,-25.3158],[-57.67283,-25.28762],[-57.66868,-25.28005],[-57.62784,-25.25498],[-57.59366,-25.24165],[-57.57456,-25.22394]]]}},{"type":"Feature","properties":{"shapeName":"BOQUERON","shapeISO":"PY-19","shapeID":"63826900B91663486125533","shapeGroup":"PRY","shapeType":"ADM1"},"geometry":{"type":"Polygon","coordinates":[[[-59.36774,-22.07622],[-59.4129,-22.05682],[-59.41636,-22.05653],[-59.95307,-22.0545],[-59.95124,-22.02401],[-59.95184,-21.98222],[-59.94742,-21.92657],[-59.93273,-21.83424],[-59.92629,-21.77684],[-59.90456,-21.64437],[-59.88753,-21.554],[-59.87427,-21.46768],[-59.8724,-21.44716],[-59.84557,-21.43245],[-59.71501,-21.34586],[-59.76699,-21.2013],[-59.75087,-21.18293],[-59.75585,-21.09683],[-59.76232,-21.06029],[-59.76832,-21.03746],[-59.78569,-21.0221],[-59.80327,-20.99469],[-59.80984,-20.98746],[-59.81489,-20.97669],[-59.81779,-20.93665],[-59.83961,-20.90314],[-59.83831,-20.8807],[-59.86312,-20.82084],[-59.87126,-20.81249],[-59.8869,-20.79196],[-59.88535,-20.68734],[-59.88345,-20.66408],[-59.87908,-20.64033],[-59.87951,-20.63042],[-59.9273,-20.63289],[-60.06603,-20.5941],[-60.53583,-20.45669],[-60.90463,-20.35528],[-61.49083,-20.1923],[-61.51439,-20.18263],[-61.54988,-20.17471],[-61.60066,-20.17254],[-61.62005,-20.17006],[-61.64554,-20.15322],[-61.6602,-20.13561],[-61.69826,-20.10424],[-61.71859,-20.09664],[-61.73701,-20.09823],[-61.75567,-20.10894],[-61.76866,-20.10964],[-61.9224,-20.0892],[-62.2668,-20.563],[-62.2621,-21.0582],[-62.34536,-21.31978],[-62.51494,-21.84839],[-62.63809,-22.22878],[-62.64462,-22.25147],[-62.64136,-22.25171],[-62.62938,-22.26619],[-62.6306,-22.27478],[-62.64028,-22.29962],[-62.63741,-22.30079],[-62.62982,-22.2995],[-62.62426,-22.29141],[-62.62138,-22.29134],[-62.6162,-22.29582],[-62.61246,-22.30256],[-62.59544,-22.31431],[-62.58342,-22.32055],[-62.56236,-22.32441],[-62.5584,-22.32907],[-62.555,-22.34187],[-62.55101,-22.3418],[-62.54629,-22.33817],[-62.54565,-22.34475],[-62.53998,-22.35046],[-62.54134,-22.35423],[-62.54597,-22.35366],[-62.54709,-22.35642],[-62.54248,-22.37073],[-62.54011,-22.37392],[-62.52989,-22.36824],[-62.52374,-22.37627],[-62.51156,-22.3801],[-62.50352,-22.37959],[-62.48641,-22.37339],[-62.48091,-22.37324],[-62.47439,-22.37587],[-62.46801,-22.3856],[-62.46831,-22.38812],[-62.46177,-22.40524],[-62.46117,-22.41289],[-62.44492,-22.42033],[-62.4296,-22.41888],[-62.43004,-22.42687],[-62.42758,-22.42972],[-62.4241,-22.42858],[-62.42062,-22.42393],[-62.41849,-22.42381],[-62.41353,-22.43764],[-62.40551,-22.44971],[-62.39921,-22.44238],[-62.39403,-22.44094],[-62.39868,-22.44844],[-62.40001,-22.45353],[-62.39008,-22.45607],[-62.38153,-22.46017],[-62.37799,-22.47989],[-62.37519,-22.48053],[-62.37338,-22.47876],[-62.36887,-22.4597],[-62.35544,-22.46179],[-62.35131,-22.45134],[-62.34691,-22.45537],[-62.34507,-22.46812],[-62.34227,-22.4767],[-62.33871,-22.48101],[-62.33514,-22.48069],[-62.32962,-22.47454],[-62.32419,-22.48045],[-62.31589,-22.486],[-62.3075,-22.48803],[-62.30244,-22.48456],[-62.29591,-22.47631],[-62.2897,-22.47624],[-62.28622,-22.47822],[-62.28641,-22.48622],[-62.29131,-22.49457],[-62.28328,-22.49973],[-62.28259,-22.50316],[-62.28559,-22.51021],[-62.29503,-22.51099],[-62.29636,-22.51912],[-62.29436,-22.52039],[-62.28518,-22.52107],[-62.27609,-22.52494],[-62.26986,-22.51541],[-62.2659,-22.51409],[-62.25635,-22.52417],[-62.24731,-22.53795],[-62.24351,-22.5401],[-62.23642,-22.53788],[-62.23206,-22.54026],[-62.22882,-22.54717],[-62.22357,-22.54924],[-62.22498,-22.55539],[-62.23706,-22.57117],[-62.23998,-22.57347],[-62.24929,-22.57609],[-62.24876,-22.58509],[-62.2424,-22.58382],[-62.24078,-22.59255],[-62.25542,-22.5931],[-62.26073,-22.59798],[-62.26188,-22.60226],[-62.2581,-22.60444],[-62.2503,-22.60281],[-62.2496,-22.60485],[-62.25331,-22.60979],[-62.25394,-22.61364],[-62.24829,-22.61291],[-62.24295,-22.61411],[-62.23454,-22.61241],[-62.23864,-22.63551],[-62.23844,-22.64212],[-62.23603,-22.64679],[-62.23255,-22.64685],[-62.23124,-22.64142],[-62.22822,-22.63847],[-62.22333,-22.64061],[-62.22159,-22.64342],[-62.22277,-22.64568],[-62.2294,-22.64914],[-62.22859,-22.65191],[-62.22431,-22.65082],[-62.22063,-22.64646],[-62.21562,-22.64937],[-62.20537,-22.64926],[-62.20283,-22.65059],[-62.20425,-22.65272],[-62.21605,-22.65477],[-62.21804,-22.65628],[-62.21403,-22.66183],[-62.2079,-22.66445],[-62.20629,-22.66374],[-62.20563,-22.65988],[-62.2031,-22.65903],[-62.19818,-22.66677],[-62.20307,-22.68001],[-62.19678,-22.68861],[-62.19695,-22.69288],[-62.19887,-22.69705],[-62.20418,-22.7006],[-62.20692,-22.70074],[-62.20722,-22.70406],[-62.20025,-22.70681],[-62.19134,-22.71874],[-62.18715,-22.71786],[-62.18133,-22.7089],[-62.17394,-22.71072],[-62.17324,-22.71524],[-62.17702,-22.72012],[-62.14807,-22.74715],[-62.14875,-22.74872],[-62.16386,-22.74508],[-62.16687,-22.74592],[-62.15712,-22.76032],[-62.15072,-22.76145],[-62.1372,-22.75903],[-62.13196,-22.75948],[-62.13198,-22.7623],[-62.14115,-22.77297],[-62.13585,-22.77902],[-62.13542,-22.79128],[-62.13117,-22.79546],[-62.12498,-22.79818],[-62.1127,-22.79544],[-62.1067,-22.8213],[-62.10234,-22.82238],[-62.09922,-22.82102],[-62.08744,-22.81224],[-62.08291,-22.81332],[-62.08001,-22.8356],[-62.07754,-22.84372],[-62.07134,-22.85311],[-62.06501,-22.84301],[-62.0603,-22.83894],[-62.05898,-22.83942],[-62.05853,-22.8424],[-62.06169,-22.85174],[-62.06019,-22.85956],[-62.05816,-22.86209],[-62.04578,-22.86615],[-62.04179,-22.86903],[-62.03672,-22.87722],[-62.03441,-22.89008],[-62.03745,-22.914],[-62.036,-22.91542],[-62.03417,-22.91482],[-62.02592,-22.90614],[-62.02181,-22.90568],[-62.03064,-22.92269],[-62.02968,-22.92671],[-62.0249,-22.92982],[-62.01199,-22.92788],[-61.99966,-22.92868],[-62.00551,-22.94169],[-62.00245,-22.94657],[-62.00216,-22.95173],[-62.00766,-22.9536],[-62.00877,-22.96306],[-62.00585,-22.97425],[-61.99816,-22.97789],[-61.99762,-22.98038],[-61.99833,-22.98354],[-62.00501,-22.98748],[-62.0079,-22.99378],[-61.99334,-22.999],[-61.98496,-23.01755],[-61.97669,-23.02243],[-61.96705,-23.02424],[-61.93986,-23.04573],[-61.92949,-23.05881],[-61.92641,-23.06798],[-61.91686,-23.06804],[-61.89193,-23.07354],[-61.88585,-23.07574],[-61.87358,-23.08473],[-61.86266,-23.08627],[-61.85627,-23.08878],[-61.83839,-23.10934],[-61.8291,-23.11528],[-61.82065,-23.12367],[-61.8166,-23.12538],[-61.8132,-23.13485],[-61.81299,-23.14278],[-61.8152,-23.14752],[-61.813,-23.1502],[-61.80756,-23.14895],[-61.80384,-23.14374],[-61.80145,-23.14315],[-61.79777,-23.14697],[-61.79191,-23.14633],[-61.78576,-23.14949],[-61.78345,-23.15194],[-61.77891,-23.16554],[-61.77265,-23.15954],[-61.76633,-23.15889],[-61.76937,-23.16942],[-61.76003,-23.17163],[-61.75504,-23.17433],[-61.75321,-23.17333],[-61.74441,-23.1872],[-61.73949,-23.20297],[-61.73955,-23.20975],[-61.74153,-23.21504],[-61.73947,-23.21991],[-61.73955,-23.22977],[-61.73483,-23.24044],[-61.72516,-23.24304],[-61.71579,-23.23961],[-61.71048,-23.24239],[-61.70673,-23.24829],[-61.70015,-23.25012],[-61.70119,-23.25508],[-61.69142,-23.25979],[-61.68728,-23.26879],[-61.68157,-23.27196],[-61.68259,-23.27687],[-61.67788,-23.27833],[-61.67105,-23.28514],[-61.66699,-23.28556],[-61.63065,-23.2775],[-61.62484,-23.27903],[-61.61934,-23.28328],[-61.61175,-23.28624],[-61.60504,-23.28663],[-61.60049,-23.29351],[-61.59179,-23.29181],[-61.59304,-23.29962],[-61.59015,-23.30446],[-61.58351,-23.30592],[-61.58464,-23.29993],[-61.58216,-23.29916],[-61.57299,-23.30666],[-61.56436,-23.31083],[-61.56357,-23.31315],[-61.56507,-23.31453],[-61.57228,-23.3153],[-61.57253,-23.31717],[-61.56422,-23.324],[-61.56291,-23.33301],[-61.55769,-23.34037],[-61.54788,-23.34714],[-61.54432,-23.34819],[-61.53823,-23.34401],[-61.53468,-23.34552],[-61.53,-23.34435],[-61.52659,-23.34887],[-61.5208,-23.34893],[-61.51322,-23.34676],[-61.50998,-23.34789],[-61.5133,-23.35813],[-61.52239,-23.36411],[-61.52486,-23.36731],[-61.52509,-23.37027],[-61.51988,-23.38123],[-61.50918,-23.38987],[-61.50603,-23.39674],[-61.50113,-23.40039],[-61.49929,-23.40411],[-61.49859,-23.41175],[-61.49347,-23.4215],[-61.49096,-23.42307],[-61.48891,-23.42312],[-61.48379,-23.41841],[-61.47816,-23.42053],[-61.47474,-23.4266],[-61.47261,-23.42699],[-61.46125,-23.4195],[-61.45692,-23.41887],[-61.45675,-23.42515],[-61.45562,-23.4256],[-61.44558,-23.42112],[-61.43757,-23.43235],[-61.42632,-23.43896],[-61.41964,-23.44706],[-61.41616,-23.44549],[-61.40926,-23.44843],[-61.40381,-23.44569],[-61.39726,-23.45039],[-61.39144,-23.45744],[-61.38795,-23.45554],[-61.38692,-23.44733],[-61.3824,-23.44749],[-61.37712,-23.45653],[-61.37185,-23.45346],[-61.36487,-23.45454],[-61.35678,-23.448],[-61.35314,-23.44721],[-61.35096,-23.45097],[-61.34902,-23.4649],[-61.34538,-23.46831],[-61.34141,-23.46629],[-61.33782,-23.46904],[-61.33043,-23.46806],[-61.3172,-23.47099],[-61.30993,-23.48041],[-61.30949,-23.48374],[-61.29437,-23.4947],[-61.29212,-23.49358],[-61.28885,-23.48543],[-61.28307,-23.48739],[-61.28047,-23.49013],[-61.27761,-23.49939],[-61.27365,-23.50504],[-61.27934,-23.51345],[-61.2783,-23.51703],[-61.26786,-23.52753],[-61.26664,-23.52654],[-61.2667,-23.52111],[-61.26397,-23.51836],[-61.26246,-23.51777],[-61.26132,-23.5196],[-61.2638,-23.52736],[-61.26264,-23.52836],[-61.25971,-23.52855],[-61.25841,-23.52244],[-61.2567,-23.52214],[-61.25481,-23.52453],[-61.25424,-23.53146],[-61.24659,-23.53685],[-61.24548,-23.54268],[-61.24203,-23.54582],[-61.23448,-23.54234],[-61.22346,-23.55355],[-61.21983,-23.55345],[-61.22003,-23.54992],[-61.21751,-23.54846],[-61.21475,-23.55345],[-61.21109,-23.5537],[-61.20511,-23.5513],[-61.1992,-23.5464],[-61.19745,-23.54616],[-61.19404,-23.5509],[-61.19165,-23.55096],[-61.1902,-23.54802],[-61.19172,-23.54423],[-61.19097,-23.54198],[-61.1877,-23.53963],[-61.18333,-23.53899],[-61.1834,-23.54149],[-61.18665,-23.54623],[-61.18513,-23.54963],[-61.17364,-23.55384],[-61.17047,-23.55337],[-61.16846,-23.55652],[-61.16119,-23.55896],[-61.16027,-23.56145],[-61.1643,-23.56644],[-61.15084,-23.57189],[-61.15266,-23.57628],[-61.15079,-23.58073],[-61.14316,-23.58247],[-61.13646,-23.5768],[-61.13217,-23.58066],[-61.13444,-23.58836],[-61.13314,-23.5907],[-61.12496,-23.58557],[-61.12161,-23.58574],[-61.12275,-23.5957],[-61.11067,-23.59778],[-61.10039,-23.60518],[-61.0989,-23.61124],[-61.09178,-23.61131],[-61.0877,-23.61387],[-61.08877,-23.61847],[-61.09203,-23.62043],[-61.09883,-23.62066],[-61.0982,-23.62614],[-61.10164,-23.62688],[-61.10089,-23.62921],[-61.09537,-23.63051],[-61.09385,-23.63586],[-61.09084,-23.63859],[-61.09071,-23.64145],[-61.0911,-23.6463],[-61.1006,-23.65728],[-61.09475,-23.66642],[-61.08871,-23.66633],[-61.08119,-23.67144],[-61.08617,-23.67481],[-61.08781,-23.67834],[-61.0819,-23.68427],[-61.08252,-23.68958],[-61.06907,-23.7],[-61.06564,-23.70721],[-61.05922,-23.70415],[-61.05496,-23.71573],[-61.04934,-23.71825],[-61.03981,-23.73019],[-61.03936,-23.74213],[-61.03268,-23.74543],[-61.02613,-23.75346],[-61.0139,-23.76064],[-61.01368,-23.7634],[-61.02046,-23.77155],[-61.01635,-23.77834],[-61.01067,-23.77941],[-61.00585,-23.78466],[-60.99994,-23.79274],[-60.99196,-23.80863],[-60.98683,-23.81078],[-60.9713,-23.81266],[-60.96877,-23.81747],[-60.96506,-23.81724],[-60.95941,-23.81975],[-60.94224,-23.81805],[-60.94175,-23.81418],[-60.94404,-23.81169],[-60.93966,-23.81165],[-60.93759,-23.8087],[-60.93464,-23.80886],[-60.92965,-23.81523],[-60.92359,-23.81569],[-60.91866,-23.81856],[-60.91306,-23.81924],[-60.91123,-23.82125],[-60.90918,-23.8295],[-60.90177,-23.83312],[-60.89445,-23.84221],[-60.88363,-23.84108],[-60.8755,-23.84644],[-60.87085,-23.85182],[-60.8662,-23.85159],[-60.86066,-23.8568],[-60.85603,-23.85803],[-60.85729,-23.86534],[-60.84839,-23.87058],[-60.83973,-23.86979],[-60.83047,-23.87395],[-60.81123,-23.87328],[-60.80574,-23.87036],[-60.79795,-23.86337],[-60.79307,-23.86259],[-60.79307,-23.8646],[-60.7975,-23.86787],[-60.80022,-23.87234],[-60.80103,-23.8799],[-60.80449,-23.88543],[-60.80075,-23.88509],[-60.79515,-23.87965],[-60.79057,-23.86881],[-60.78907,-23.86819],[-60.77511,-23.87943],[-60.77394,-23.87936],[-60.77406,-23.87622],[-60.77705,-23.87331],[-60.7745,-23.87121],[-60.77027,-23.87191],[-60.76718,-23.87679],[-60.76416,-23.87447],[-60.75989,-23.8736],[-60.76117,-23.86267],[-60.76399,-23.85765],[-60.77332,-23.85025],[-60.77154,-23.84261],[-60.77354,-23.8351],[-60.78172,-23.8298],[-60.77954,-23.82049],[-60.7807,-23.79644],[-60.78175,-23.79301],[-60.78539,-23.78913],[-60.76831,-23.77753],[-60.69293,-23.7334],[-60.67972,-23.71504],[-60.67157,-23.69783],[-60.67493,-23.63216],[-60.67521,-23.59219],[-60.60166,-23.61101],[-60.59231,-23.59665],[-60.57914,-23.58258],[-60.58097,-23.57489],[-60.57133,-23.57229],[-60.56541,-23.57394],[-60.55714,-23.57308],[-60.20272,-23.53285],[-60.18635,-23.52455],[-60.13687,-23.51257],[-60.09273,-23.49282],[-60.07677,-23.45849],[-60.05693,-23.37623],[-60.02788,-23.30445],[-59.97899,-23.17298],[-59.98958,-23.16216],[-59.99228,-23.15747],[-59.98669,-23.13798],[-59.98434,-23.13536],[-59.97255,-23.10845],[-59.95843,-23.0673],[-59.96942,-22.97009],[-59.97074,-22.96876],[-59.96943,-22.96697],[-59.9762,-22.83006],[-59.97509,-22.81863],[-59.96956,-22.81151],[-59.96637,-22.8023],[-59.94488,-22.79689],[-59.94882,-22.78239],[-59.93794,-22.77921],[-59.93806,-22.77651],[-59.93585,-22.7754],[-59.93978,-22.76948],[-59.91131,-22.73291],[-59.84376,-22.63437],[-59.80622,-22.58833],[-59.75177,-22.5254],[-59.75167,-22.5009],[-59.74718,-22.50043],[-59.74718,-22.46698],[-59.71217,-22.46701],[-59.7118,-22.42797],[-59.62624,-22.42798],[-59.63976,-22.38863],[-59.63934,-22.36892],[-59.61444,-22.34108],[-59.61439,-22.33589],[-59.3366,-22.1704],[-59.36774,-22.07622]]]}},{"type":"Feature","properties":{"shapeName":"ALTO PARAGUAY","shapeISO":"PY-16","shapeID":"63826900B74384941565078","shapeGroup":"PRY","shapeType":"ADM1"},"geometry":{"type":"Polygon","coordinates":[[[-57.99303,-22.08692],[-57.98446,-22.07527],[-57.98398,-22.06535],[-57.98832,-22.05926],[-58.00633,-22.05062],[-58.00955,-22.04319],[-58.00897,-22.03781],[-58.00258,-22.02908],[-57.9751,-22.01561],[-57.96607,-22.00513],[-57.96456,-21.99989],[-57.96444,-21.98152],[-57.95252,-21.96099],[-57.93781,-21.93051],[-57.93657,-21.92479],[-57.93694,-21.91728],[-57.9402,-21.91402],[-57.94849,-21.90967],[-57.94924,-21.90196],[-57.93582,-21.88918],[-57.92,-21.89085],[-57.9157,-21.88828],[-57.91358,-21.88401],[-57.91505,-21.87802],[-57.92158,-21.87286],[-57.95557,-21.85495],[-57.96568,-21.85169],[-57.96445,-21.84327],[-57.94985,-21.83896],[-57.94102,-21.83409],[-57.93335,-21.8271],[-57.91484,-21.79325],[-57.90888,-21.77351],[-57.90961,-21.77059],[-57.92469,-21.76773],[-57.93999,-21.7588],[-57.94638,-21.75083],[-57.94687,-21.74253],[-57.94394,-21.73653],[-57.93102,-21.72628],[-57.89645,-21.70461],[-57.88363,-21.68928],[-57.88406,-21.68478],[-57.88658,-21.68225],[-57.92385,-21.66449],[-57.93327,-21.65346],[-57.94275,-21.63219],[-57.94162,-21.61956],[-57.92872,-21.60604],[-57.91621,-21.59791],[-57.91462,-21.59539],[-57.91504,-21.58869],[-57.91796,-21.58326],[-57.92375,-21.57886],[-57.95106,-21.56822],[-57.95957,-21.56196],[-57.96716,-21.54381],[-57.96849,-21.53625],[-57.96797,-21.52548],[-57.96682,-21.52002],[-57.96229,-21.51143],[-57.95209,-21.50399],[-57.94017,-21.49216],[-57.92654,-21.46951],[-57.9252,-21.46044],[-57.92695,-21.45034],[-57.9099,-21.42136],[-57.90898,-21.40442],[-57.90696,-21.40128],[-57.89541,-21.39236],[-57.88112,-21.36961],[-57.86349,-21.3539],[-57.85939,-21.34792],[-57.85428,-21.3352],[-57.85218,-21.32205],[-57.85534,-21.31625],[-57.89786,-21.3055],[-57.90304,-21.30268],[-57.91434,-21.29225],[-57.91966,-21.28589],[-57.92158,-21.28056],[-57.92131,-21.27864],[-57.9085,-21.26773],[-57.88147,-21.25125],[-57.86864,-21.23998],[-57.85658,-21.233],[-57.85355,-21.22717],[-57.84899,-21.20416],[-57.84835,-21.18955],[-57.86179,-21.1503],[-57.86422,-21.1378],[-57.86231,-21.12888],[-57.85532,-21.11804],[-57.85276,-21.10974],[-57.84715,-21.1014],[-57.84628,-21.09632],[-57.86759,-21.06296],[-57.8686,-21.04668],[-57.86755,-21.04083],[-57.84486,-21.016],[-57.83958,-21.00416],[-57.8254,-20.98741],[-57.81751,-20.98088],[-57.81733,-20.9791],[-57.82488,-20.96725],[-57.82502,-20.96409],[-57.82464,-20.95847],[-57.81877,-20.94882],[-57.81887,-20.94181],[-57.8203,-20.93702],[-57.82275,-20.93446],[-57.82959,-20.93402],[-57.83964,-20.94102],[-57.84238,-20.94646],[-57.85808,-20.94987],[-57.86482,-20.94796],[-57.87463,-20.93979],[-57.88034,-20.91739],[-57.8822,-20.9133],[-57.88824,-20.90731],[-57.89874,-20.90252],[-57.91871,-20.90458],[-57.9229,-20.90439],[-57.9274,-20.90158],[-57.92886,-20.89748],[-57.92703,-20.89303],[-57.91781,-20.88496],[-57.90224,-20.87747],[-57.89622,-20.86898],[-57.87132,-20.85369],[-57.86243,-20.85376],[-57.85795,-20.85111],[-57.85492,-20.84459],[-57.85466,-20.83508],[-57.86055,-20.82241],[-57.87188,-20.8096],[-57.89309,-20.7911],[-57.8971,-20.78929],[-57.90928,-20.78879],[-57.92419,-20.79659],[-57.94384,-20.80096],[-57.95776,-20.79905],[-57.96167,-20.79517],[-57.96173,-20.79286],[-57.95846,-20.7852],[-57.95244,-20.77771],[-57.94747,-20.76023],[-57.93579,-20.74717],[-57.92678,-20.74402],[-57.91805,-20.74395],[-57.87814,-20.75038],[-57.86711,-20.74924],[-57.86527,-20.74756],[-57.8644,-20.74295],[-57.8687,-20.73544],[-57.87,-20.72596],[-57.88259,-20.70938],[-57.89343,-20.69788],[-57.90466,-20.68912],[-57.9141,-20.67087],[-57.91678,-20.66747],[-57.92169,-20.66464],[-57.93132,-20.66494],[-57.93473,-20.66768],[-57.95178,-20.70133],[-57.9556,-20.70406],[-57.97933,-20.70624],[-57.98669,-20.70209],[-57.98934,-20.69605],[-57.98876,-20.68812],[-57.97792,-20.66674],[-57.97013,-20.64466],[-57.97681,-20.63906],[-57.99574,-20.63227],[-58.01224,-20.6144],[-58.01306,-20.60577],[-58.01092,-20.59875],[-58.00797,-20.59116],[-57.9971,-20.57556],[-57.99524,-20.56349],[-57.99911,-20.55637],[-58.00702,-20.5484],[-58.01648,-20.52725],[-58.01939,-20.51544],[-58.01958,-20.51005],[-58.01409,-20.48104],[-57.99801,-20.45462],[-57.9967,-20.4474],[-57.99896,-20.43582],[-58.0053,-20.42547],[-58.0181,-20.40949],[-58.02172,-20.40238],[-58.02408,-20.40066],[-58.04852,-20.39673],[-58.07113,-20.38912],[-58.07771,-20.38274],[-58.08689,-20.36656],[-58.09494,-20.34843],[-58.09623,-20.33918],[-58.10157,-20.32798],[-58.10289,-20.32098],[-58.1015,-20.3146],[-58.09393,-20.29843],[-58.0904,-20.28201],[-58.09013,-20.26569],[-58.09341,-20.2575],[-58.10377,-20.25006],[-58.11746,-20.24899],[-58.12538,-20.25292],[-58.13325,-20.25922],[-58.13872,-20.27064],[-58.1444,-20.27204],[-58.15111,-20.27059],[-58.15706,-20.2666],[-58.1613,-20.26031],[-58.16435,-20.24871],[-58.16512,-20.22993],[-58.15462,-20.21563],[-58.14744,-20.21209],[-58.13295,-20.208],[-58.12659,-20.2043],[-58.12293,-20.19956],[-58.12193,-20.19232],[-58.12442,-20.18829],[-58.13052,-20.18353],[-58.13968,-20.18074],[-58.15905,-20.18185],[-58.16506,-20.17808],[-58.16813,-20.1729],[-58.16903,-20.16658],[-58.1652,-20.16115],[-58.1514,-20.15252],[-58.13822,-20.15213],[-58.14555,-20.13808],[-58.14448,-20.12983],[-58.13902,-20.12428],[-58.13882,-20.12011],[-58.14476,-20.10058],[-58.15586,-20.08653],[-58.15457,-20.07694],[-58.15748,-20.07625],[-58.16217,-20.07849],[-58.16393,-20.07701],[-58.16156,-20.07156],[-58.166,-20.06465],[-58.16326,-20.05851],[-58.1682,-20.05005],[-58.1665,-20.04839],[-58.16086,-20.04821],[-58.1579,-20.0433],[-58.17628,-20.02915],[-58.17444,-20.01981],[-58.17878,-20.01313],[-58.17756,-19.9997],[-58.18439,-19.98238],[-58.18654,-19.97036],[-58.19381,-19.96023],[-58.2015,-19.96201],[-58.21427,-19.95336],[-58.20741,-19.94167],[-58.2023,-19.9376],[-58.20038,-19.93112],[-58.19661,-19.92617],[-58.19971,-19.9187],[-58.19855,-19.9121],[-58.20084,-19.90886],[-58.20034,-19.90254],[-58.20445,-19.8995],[-58.20546,-19.8954],[-58.20452,-19.88764],[-58.20604,-19.8827],[-58.20335,-19.87957],[-58.20499,-19.87662],[-58.20207,-19.86335],[-58.1976,-19.861],[-58.1916,-19.85163],[-58.18547,-19.84766],[-58.17938,-19.84581],[-58.17578,-19.84157],[-58.17449,-19.83455],[-58.16708,-19.83094],[-58.1647,-19.8278],[-58.2357,-19.7751],[-58.69678,-19.50691],[-59.0679,-19.2896],[-59.9775,-19.2948],[-60.6046,-19.4561],[-60.99851,-19.51878],[-61.38464,-19.57931],[-61.736,-19.6336],[-61.9224,-20.0892],[-61.76866,-20.10964],[-61.75567,-20.10894],[-61.73701,-20.09823],[-61.71859,-20.09664],[-61.69826,-20.10424],[-61.6602,-20.13561],[-61.64554,-20.15322],[-61.62005,-20.17006],[-61.60066,-20.17254],[-61.54988,-20.17471],[-61.51439,-20.18263],[-61.49083,-20.1923],[-60.90463,-20.35528],[-60.53583,-20.45669],[-60.06603,-20.5941],[-59.9273,-20.63289],[-59.87951,-20.63042],[-59.87908,-20.64033],[-59.88345,-20.66408],[-59.88535,-20.68734],[-59.8869,-20.79196],[-59.87126,-20.81249],[-59.86312,-20.82084],[-59.83831,-20.8807],[-59.83961,-20.90314],[-59.81779,-20.93665],[-59.81489,-20.97669],[-59.80984,-20.98746],[-59.80327,-20.99469],[-59.78569,-21.0221],[-59.76832,-21.03746],[-59.76232,-21.06029],[-59.75585,-21.09683],[-59.75087,-21.18293],[-59.76699,-21.2013],[-59.71501,-21.34586],[-59.84557,-21.43245],[-59.8724,-21.44716],[-59.87427,-21.46768],[-59.88753,-21.554],[-59.90456,-21.64437],[-59.92629,-21.77684],[-59.93273,-21.83424],[-59.94742,-21.92657],[-59.95184,-21.98222],[-59.95124,-22.02401],[-59.95307,-22.0545],[-59.41636,-22.05653],[-59.4129,-22.05682],[-59.36774,-22.07622],[-59.2418,-22.13094],[-59.24143,-22.13216],[-59.2393,-22.13161],[-59.2016,-22.14787],[-59.01836,-22.15007],[-59.00005,-22.15441],[-58.9853,-22.15962],[-58.96261,-22.15036],[-58.85664,-22.15119],[-58.84325,-22.15682],[-58.75227,-22.15736],[-58.73714,-22.15246],[-58.65905,-22.15399],[-58.64897,-22.15831],[-58.64191,-22.15439],[-58.47356,-22.15623],[-58.45969,-22.15677],[-58.45656,-22.15818],[-58.45234,-22.16364],[-58.39675,-22.17897],[-58.26688,-22.17949],[-58.24186,-22.18975],[-58.23745,-22.19839],[-58.24222,-22.21192],[-58.24555,-22.24046],[-58.20273,-22.28251],[-58.18557,-22.34944],[-57.85573,-22.39771],[-57.83757,-22.39913],[-57.82961,-22.39697],[-57.81927,-22.38658],[-57.81744,-22.3831],[-57.81749,-22.37828],[-57.82135,-22.37332],[-57.84053,-22.36231],[-57.86698,-22.34306],[-57.8777,-22.32926],[-57.87967,-22.32267],[-57.87703,-22.31633],[-57.8773,-22.31199],[-57.88233,-22.30072],[-57.88416,-22.27956],[-57.88701,-22.27146],[-57.89125,-22.26723],[-57.89669,-22.26515],[-57.90292,-22.2657],[-57.92704,-22.27617],[-57.94101,-22.27956],[-57.94959,-22.27846],[-57.95378,-22.27377],[-57.95854,-22.25895],[-57.96005,-22.23673],[-57.96287,-22.23201],[-57.97135,-22.22571],[-57.97255,-22.19431],[-57.97139,-22.18746],[-57.96319,-22.17143],[-57.95617,-22.13355],[-57.95942,-22.1252],[-57.96292,-22.12072],[-57.99017,-22.10464],[-57.99337,-22.09706],[-57.99303,-22.08692]]]}}]}