{"type":"FeatureCollection","crs":{"type":"name","properties":{"name":"urn:ogc:def:crs:OGC:1.3:CRS84"}},"features":[{"type":"Feature","properties":{"shapeName":"Suriname","shapeISO":"SUR","shapeID":"90644646B75256786933063","shapeGroup":"SUR","shapeType":"ADM0"},"geometry":{"type":"Polygon","coordinates":[[[-56.96205,6.00982],[-56.96244,6.01032],[-56.96321,6.01067],[-56.96407,6.01013],[-56.96478,6.00938],[-56.96511,6.0086],[-56.96588,6.00814],[-56.96654,6.00739],[-56.96638,6.00674],[-56.96656,6.00595],[-56.96698,6.00577],[-56.96702,6.00555],[-56.96783,6.00523],[-56.96794,6.00435],[-56.96834,6.00415],[-56.9688,6.00315],[-56.96913,6.00299],[-56.96926,6.0024],[-56.96999,6.00205],[-56.97034,6.00142],[-56.97135,6.00094],[-56.97197,6.00004],[-56.97263,5.99978],[-56.97325,5.99993],[-56.9745,5.99938],[-56.97468,5.99895],[-56.97564,5.99895],[-56.97674,5.99816],[-56.97712,5.99746],[-56.97782,5.99788],[-56.97901,5.99715],[-56.9802,5.99593],[-56.98114,5.99564],[-56.9829,5.9942],[-56.98332,5.993],[-56.98447,5.9918],[-56.98689,5.9898],[-56.99094,5.9875],[-56.99745,5.98012],[-57.00125,5.97669],[-57.00556,5.97344],[-57.00814,5.97069],[-57.01073,5.97001],[-57.01297,5.96692],[-57.01452,5.96281],[-57.01635,5.96171],[-57.01816,5.96053],[-57.0221,5.96166],[-57.02629,5.96262],[-57.04349,5.95617],[-57.0613,5.9492],[-57.06613,5.94479],[-57.06798,5.94343],[-57.07129,5.93589],[-57.07116,5.92708],[-57.07196,5.92695],[-57.07269,5.9275],[-57.07251,5.92841],[-57.07312,5.92907],[-57.07598,5.92689],[-57.07909,5.92525],[-57.08104,5.92222],[-57.08153,5.91895],[-57.11539,5.91955],[-57.1224,5.88088],[-57.13229,5.8407],[-57.13874,5.78347],[-57.14449,5.75141],[-57.1392,5.71889],[-57.13943,5.69256],[-57.14564,5.65752],[-57.15772,5.63164],[-57.16601,5.60462],[-57.18051,5.57645],[-57.18937,5.55996],[-57.20294,5.5398],[-57.21491,5.52354],[-57.22281,5.5103],[-57.23535,5.50222],[-57.24806,5.4916],[-57.25289,5.48754],[-57.25911,5.48227],[-57.26371,5.47192],[-57.26483,5.46465],[-57.2661,5.456],[-57.26488,5.44872],[-57.26473,5.4474],[-57.26416,5.44228],[-57.26394,5.43705],[-57.26433,5.43194],[-57.26378,5.42605],[-57.26306,5.41917],[-57.26361,5.41306],[-57.265,5.40778],[-57.26498,5.40169],[-57.26518,5.39722],[-57.26629,5.39056],[-57.26737,5.38402],[-57.27027,5.37997],[-57.27472,5.37639],[-57.27806,5.37306],[-57.28222,5.37028],[-57.28639,5.3675],[-57.29111,5.36528],[-57.29528,5.36278],[-57.29944,5.36],[-57.30417,5.35778],[-57.30833,5.35528],[-57.31232,5.35367],[-57.31585,5.3521],[-57.31816,5.35017],[-57.32139,5.3476],[-57.32373,5.34528],[-57.32667,5.34301],[-57.33111,5.33615],[-57.33592,5.33058],[-57.33778,5.32574],[-57.3374,5.32123],[-57.33485,5.31667],[-57.33054,5.31519],[-57.32513,5.31397],[-57.31722,5.31644],[-57.31191,5.31927],[-57.30456,5.32414],[-57.29769,5.32699],[-57.29152,5.32576],[-57.28672,5.32016],[-57.28537,5.31445],[-57.285,5.30611],[-57.28556,5.3],[-57.28639,5.29389],[-57.2875,5.28833],[-57.28917,5.28278],[-57.28972,5.27667],[-57.29056,5.27056],[-57.29111,5.26444],[-57.29111,5.2575],[-57.29111,5.25083],[-57.2891,5.24543],[-57.28654,5.23978],[-57.28399,5.23615],[-57.28152,5.23257],[-57.27911,5.22811],[-57.27688,5.22507],[-57.27244,5.22361],[-57.26747,5.2226],[-57.26119,5.22268],[-57.25766,5.22409],[-57.255,5.22833],[-57.25611,5.23361],[-57.25917,5.23778],[-57.26167,5.24194],[-57.26444,5.24611],[-57.26778,5.24944],[-57.26917,5.25472],[-57.26917,5.26028],[-57.26878,5.26466],[-57.26709,5.2701],[-57.26387,5.27368],[-57.25802,5.27725],[-57.2525,5.27905],[-57.2476,5.27783],[-57.24205,5.27636],[-57.23747,5.27303],[-57.23003,5.26896],[-57.22616,5.26669],[-57.22207,5.26325],[-57.21952,5.25888],[-57.21441,5.25156],[-57.21395,5.24479],[-57.21326,5.23975],[-57.21201,5.2345],[-57.2094,5.22919],[-57.20697,5.22434],[-57.20292,5.2207],[-57.19999,5.21813],[-57.19825,5.21617],[-57.1949,5.21077],[-57.19331,5.20924],[-57.1883,5.20531],[-57.18431,5.2001],[-57.18029,5.19577],[-57.17842,5.18677],[-57.17728,5.17974],[-57.17628,5.16942],[-57.1785,5.16107],[-57.1865,5.15623],[-57.19548,5.15409],[-57.20119,5.15298],[-57.20624,5.15176],[-57.20962,5.14891],[-57.21095,5.14428],[-57.21325,5.13641],[-57.22046,5.13057],[-57.22982,5.13066],[-57.23278,5.13841],[-57.2337,5.14627],[-57.23509,5.15167],[-57.23462,5.15653],[-57.23545,5.16183],[-57.24076,5.16694],[-57.24583,5.17028],[-57.25,5.17306],[-57.25417,5.17583],[-57.25795,5.17968],[-57.26359,5.18219],[-57.2711,5.18047],[-57.27694,5.17969],[-57.28833,5.17779],[-57.29142,5.17547],[-57.29354,5.17237],[-57.29598,5.16806],[-57.29667,5.16083],[-57.29667,5.15389],[-57.29667,5.14694],[-57.29667,5.14028],[-57.2975,5.13417],[-57.29778,5.12778],[-57.29944,5.1225],[-57.30139,5.11778],[-57.30464,5.11426],[-57.30718,5.11182],[-57.31141,5.107],[-57.31483,5.10318],[-57.31759,5.09956],[-57.32075,5.0938],[-57.32234,5.08946],[-57.32314,5.08247],[-57.32275,5.07593],[-57.3225,5.07],[-57.32194,5.06389],[-57.31909,5.06166],[-57.3161,5.05867],[-57.31311,5.05681],[-57.30955,5.05559],[-57.3046,5.054],[-57.29912,5.05266],[-57.29417,5.04945],[-57.29025,5.04488],[-57.28596,5.03815],[-57.285,5.03222],[-57.28417,5.02611],[-57.285,5.02],[-57.28717,5.01541],[-57.2926,5.01319],[-57.30134,5.01282],[-57.30755,5.0169],[-57.31023,5.02184],[-57.31379,5.02769],[-57.31995,5.03291],[-57.33041,5.03517],[-57.33556,5.0314],[-57.33581,5.02361],[-57.33884,5.01867],[-57.34265,5.01518],[-57.34861,5.01389],[-57.35361,5.01194],[-57.35889,5.01207],[-57.36384,5.014],[-57.37114,5.01576],[-57.37886,5.01399],[-57.38602,5.00946],[-57.39038,5.00767],[-57.39333,5.00361],[-57.39722,5.00111],[-57.40139,4.99833],[-57.40472,4.99472],[-57.40889,4.99194],[-57.41389,4.99],[-57.42,4.98944],[-57.42611,4.99],[-57.43167,4.99139],[-57.43639,4.99333],[-57.44194,4.99472],[-57.44578,4.9942],[-57.45024,4.99351],[-57.45562,4.99195],[-57.46133,4.99111],[-57.46735,4.99038],[-57.47333,4.98944],[-57.48028,4.98944],[-57.48639,4.99],[-57.49111,4.99194],[-57.49667,4.99333],[-57.50136,4.99376],[-57.50568,4.99404],[-57.51292,4.99605],[-57.51658,5.00103],[-57.51808,5.00493],[-57.52111,5.00786],[-57.52625,5.00958],[-57.53215,5.01057],[-57.54558,5.00901],[-57.54999,5.00405],[-57.55944,5.00214],[-57.56768,5.0007],[-57.57472,5.00028],[-57.58028,4.99889],[-57.585,4.99694],[-57.58972,4.99472],[-57.59528,4.99333],[-57.60167,4.99278],[-57.60778,4.99194],[-57.61389,4.99278],[-57.62,4.99333],[-57.62389,4.99611],[-57.62889,4.99833],[-57.63389,5.00028],[-57.63917,5.00167],[-57.64417,5.00361],[-57.64944,5.005],[-57.655,5.00639],[-57.65972,5.00833],[-57.66528,5.00972],[-57.67,5.01194],[-57.67639,5.0125],[-57.6825,5.01194],[-57.68778,5.01056],[-57.69194,5.00778],[-57.69611,5.005],[-57.69944,5.00167],[-57.70361,4.99889],[-57.70778,4.99611],[-57.71194,4.99333],[-57.71528,4.99],[-57.71917,4.98722],[-57.72278,4.98389],[-57.72694,4.98111],[-57.73028,4.97778],[-57.73444,4.975],[-57.73861,4.97222],[-57.74278,4.96944],[-57.74611,4.9675],[-57.74944,4.96417],[-57.75222,4.96],[-57.755,4.95583],[-57.75556,4.94972],[-57.75361,4.945],[-57.75306,4.93889],[-57.755,4.93417],[-57.75833,4.93056],[-57.7625,4.92806],[-57.76667,4.92528],[-57.77139,4.92306],[-57.77611,4.92111],[-57.78167,4.92111],[-57.78861,4.92111],[-57.79472,4.92194],[-57.80028,4.92306],[-57.80556,4.92444],[-57.81056,4.92667],[-57.81528,4.92861],[-57.82083,4.93],[-57.82611,4.93139],[-57.83167,4.93139],[-57.83667,4.93056],[-57.84056,4.92806],[-57.84389,4.92444],[-57.84694,4.92028],[-57.84972,4.91639],[-57.85306,4.91278],[-57.85583,4.90889],[-57.85833,4.90472],[-57.86111,4.90056],[-57.86389,4.89639],[-57.8675,4.89306],[-57.87,4.88889],[-57.86861,4.89167],[-57.87194,4.88833],[-57.875,4.88417],[-57.87833,4.88083],[-57.88194,4.8775],[-57.88444,4.87333],[-57.88806,4.87],[-57.89139,4.86639],[-57.89472,4.86306],[-57.89806,4.85972],[-57.90083,4.85556],[-57.90417,4.85222],[-57.90722,4.84806],[-57.91,4.84389],[-57.9125,4.83972],[-57.91528,4.83583],[-57.91806,4.83167],[-57.92028,4.82694],[-57.92278,4.82194],[-57.92444,4.81667],[-57.92556,4.81111],[-57.92639,4.805],[-57.92556,4.79889],[-57.92444,4.79333],[-57.92278,4.78806],[-57.92083,4.78306],[-57.9175,4.77972],[-57.91194,4.77833],[-57.90583,4.77778],[-57.90028,4.77639],[-57.89556,4.77417],[-57.89056,4.77222],[-57.88722,4.76889],[-57.88444,4.76472],[-57.8825,4.76],[-57.88028,4.75528],[-57.87833,4.75028],[-57.87694,4.745],[-57.87583,4.73944],[-57.875,4.73333],[-57.87361,4.72778],[-57.87194,4.7225],[-57.86944,4.71833],[-57.8675,4.71361],[-57.86472,4.70944],[-57.86194,4.70528],[-57.85917,4.70111],[-57.85639,4.69722],[-57.85389,4.69306],[-57.85028,4.68972],[-57.84778,4.68556],[-57.84389,4.68222],[-57.84194,4.67722],[-57.84,4.6725],[-57.83861,4.66694],[-57.83778,4.66083],[-57.83861,4.65472],[-57.84,4.64944],[-57.84139,4.64389],[-57.84361,4.63917],[-57.84472,4.63361],[-57.84694,4.62889],[-57.84889,4.62417],[-57.85167,4.62],[-57.85389,4.61528],[-57.85639,4.61111],[-57.85917,4.60694],[-57.86194,4.60278],[-57.86472,4.59889],[-57.8675,4.59472],[-57.86944,4.58972],[-57.86806,4.5925],[-57.87,4.58778],[-57.87278,4.58361],[-57.875,4.57889],[-57.87694,4.57417],[-57.87833,4.56861],[-57.88028,4.56389],[-57.8825,4.55917],[-57.88389,4.55361],[-57.88611,4.54889],[-57.88722,4.54333],[-57.88944,4.53861],[-57.89056,4.53333],[-57.89222,4.52778],[-57.89417,4.52306],[-57.89556,4.5175],[-57.8975,4.51278],[-57.89972,4.50778],[-57.90222,4.50389],[-57.90417,4.49917],[-57.90639,4.49417],[-57.90833,4.48944],[-57.91056,4.48472],[-57.91194,4.47917],[-57.91417,4.47444],[-57.91528,4.46889],[-57.91667,4.46361],[-57.91806,4.45861],[-57.92028,4.45389],[-57.92222,4.44917],[-57.925,4.445],[-57.92778,4.44083],[-57.93111,4.4375],[-57.93444,4.43417],[-57.93806,4.43083],[-57.94139,4.42722],[-57.94417,4.42333],[-57.94667,4.41917],[-57.95056,4.41556],[-57.95306,4.41167],[-57.95583,4.4075],[-57.95861,4.40333],[-57.96,4.39778],[-57.96056,4.39167],[-57.96,4.38556],[-57.95917,4.37944],[-57.95694,4.37472],[-57.95583,4.36917],[-57.95361,4.36444],[-57.95167,4.35972],[-57.94972,4.35472],[-57.94833,4.34944],[-57.94833,4.3425],[-57.94833,4.33583],[-57.94889,4.32972],[-57.94889,4.32278],[-57.94889,4.31722],[-57.95056,4.31194],[-57.95083,4.30556],[-57.95167,4.29944],[-57.9525,4.29333],[-57.95361,4.28806],[-57.95667,4.28389],[-57.95917,4.27972],[-57.96278,4.27639],[-57.96667,4.27361],[-57.97139,4.27139],[-57.97639,4.26889],[-57.97972,4.26528],[-57.98389,4.2625],[-57.98722,4.25917],[-57.99083,4.25583],[-57.99417,4.2525],[-57.99694,4.24833],[-57.99972,4.24417],[-58.0025,4.24],[-58.00583,4.23667],[-58.00917,4.23333],[-58.01278,4.22972],[-58.01694,4.22722],[-58.02083,4.22444],[-58.025,4.22167],[-58.02972,4.21944],[-58.03389,4.21694],[-58.03722,4.21333],[-58.04083,4.21],[-58.04333,4.20583],[-58.04694,4.2025],[-58.04917,4.19778],[-58.05167,4.19361],[-58.05528,4.19028],[-58.05778,4.18611],[-58.05972,4.18139],[-58.06278,4.17861],[-58.06556,4.17444],[-58.0675,4.16972],[-58.06944,4.165],[-58.07083,4.15944],[-58.07083,4.1525],[-58.06944,4.14722],[-58.06889,4.14111],[-58.0675,4.13556],[-58.06611,4.13],[-58.06472,4.12472],[-58.06278,4.11972],[-58.06056,4.115],[-58.05861,4.11028],[-58.05667,4.10528],[-58.05528,4.1],[-58.05333,4.09528],[-58.05167,4.08972],[-58.05028,4.08417],[-58.04917,4.07889],[-58.04833,4.0725],[-58.04833,4.06583],[-58.04917,4.05972],[-58.04944,4.05361],[-58.04944,4.04667],[-58.04944,4.03972],[-58.04944,4.03306],[-58.04917,4.02694],[-58.04833,4.02056],[-58.0475,4.01444],[-58.04694,4.00833],[-58.045,4.00361],[-58.04333,3.99806],[-58.04,3.99472],[-58.03722,3.99056],[-58.03389,3.98722],[-58.03139,3.98306],[-58.02778,3.97972],[-58.025,3.97556],[-58.02222,3.97139],[-58.01889,3.96806],[-58.01611,3.96389],[-58.01194,3.96111],[-58.00861,3.95778],[-58.00444,3.955],[-58.00028,3.95222],[-57.99639,3.94944],[-57.99222,3.94694],[-57.98806,3.94417],[-57.98472,3.94056],[-57.98056,3.93806],[-57.97639,3.93528],[-57.97278,3.93194],[-57.96889,3.92917],[-57.96472,3.92639],[-57.96111,3.92278],[-57.95694,3.92028],[-57.95361,3.91667],[-57.95056,3.91333],[-57.94667,3.91],[-57.94333,3.90639],[-57.94056,3.9025],[-57.93722,3.89889],[-57.93444,3.895],[-57.93194,3.89083],[-57.92889,3.88667],[-57.92694,3.88194],[-57.92444,3.87778],[-57.92167,3.87361],[-57.91944,3.86889],[-57.9175,3.86417],[-57.91472,3.86],[-57.91194,3.85583],[-57.90917,3.85194],[-57.90583,3.84833],[-57.90222,3.845],[-57.89972,3.84083],[-57.89611,3.8375],[-57.89361,3.83333],[-57.89,3.83],[-57.88722,3.82583],[-57.88444,3.82167],[-57.88194,3.8175],[-57.87889,3.81361],[-57.87611,3.80944],[-57.87417,3.80472],[-57.87194,3.79972],[-57.86944,3.79583],[-57.8675,3.79083],[-57.86583,3.78556],[-57.86389,3.78083],[-57.86111,3.77667],[-57.85917,3.77194],[-57.85778,3.76639],[-57.85583,3.76167],[-57.85389,3.75667],[-57.85222,3.75139],[-57.85028,3.74639],[-57.84889,3.74111],[-57.84806,3.735],[-57.84778,3.72889],[-57.84694,3.7225],[-57.84694,3.71583],[-57.84694,3.70889],[-57.84611,3.70278],[-57.84611,3.69583],[-57.84556,3.68972],[-57.84389,3.68417],[-57.84278,3.67889],[-57.84056,3.67389],[-57.83861,3.66917],[-57.83583,3.665],[-57.8325,3.66167],[-57.82833,3.65889],[-57.825,3.65556],[-57.82083,3.65278],[-57.81583,3.65083],[-57.81167,3.64806],[-57.80722,3.64611],[-57.80222,3.64389],[-57.7975,3.64194],[-57.79333,3.63917],[-57.78861,3.63722],[-57.78361,3.635],[-57.77917,3.63306],[-57.77417,3.63083],[-57.76917,3.62889],[-57.76472,3.62694],[-57.76056,3.62417],[-57.755,3.62278],[-57.75111,3.62],[-57.74694,3.61722],[-57.74194,3.61528],[-57.73861,3.61306],[-57.73444,3.61028],[-57.73167,3.60639],[-57.72833,3.60306],[-57.72556,3.59889],[-57.72278,3.59472],[-57.72083,3.59],[-57.71889,3.585],[-57.71722,3.57972],[-57.71611,3.57333],[-57.71472,3.56806],[-57.7125,3.56333],[-57.70972,3.55917],[-57.70639,3.55583],[-57.70222,3.55306],[-57.6975,3.55083],[-57.6925,3.54889],[-57.68778,3.54694],[-57.68306,3.54472],[-57.67833,3.54278],[-57.67333,3.54083],[-57.66861,3.53861],[-57.66528,3.53528],[-57.66194,3.53167],[-57.65917,3.52778],[-57.65639,3.52361],[-57.65417,3.51889],[-57.65278,3.51333],[-57.65222,3.50722],[-57.65167,3.50111],[-57.65028,3.49556],[-57.64806,3.49083],[-57.64611,3.48583],[-57.64417,3.48111],[-57.64194,3.47639],[-57.64,3.47167],[-57.63806,3.46694],[-57.63639,3.46139],[-57.63722,3.45528],[-57.63917,3.45028],[-57.64139,3.44556],[-57.64417,3.44139],[-57.64667,3.4375],[-57.64889,3.4325],[-57.65083,3.42778],[-57.65278,3.42306],[-57.655,3.41833],[-57.65778,3.41417],[-57.65972,3.40944],[-57.66222,3.40528],[-57.66528,3.40111],[-57.66639,3.39556],[-57.66611,3.38944],[-57.66389,3.38472],[-57.66194,3.38],[-57.65972,3.375],[-57.65639,3.37167],[-57.65361,3.36778],[-57.65028,3.36417],[-57.64667,3.36083],[-57.6425,3.35806],[-57.63833,3.35528],[-57.63389,3.35333],[-57.62889,3.35111],[-57.62389,3.34917],[-57.61944,3.34722],[-57.61389,3.34583],[-57.60833,3.34444],[-57.60361,3.34222],[-57.5989,3.34167],[-57.59751,3.34167],[-57.59195,3.34306],[-57.5864,3.34444],[-57.58028,3.345],[-57.57362,3.345],[-57.56723,3.34444],[-57.56112,3.34361],[-57.55501,3.34444],[-57.55001,3.34639],[-57.54667,3.34972],[-57.5439,3.35389],[-57.54056,3.3575],[-57.53723,3.36083],[-57.53223,3.36278],[-57.52695,3.36417],[-57.52056,3.36472],[-57.51584,3.36278],[-57.51251,3.35944],[-57.50834,3.35667],[-57.50417,3.35389],[-57.50001,3.35111],[-57.49473,3.34972],[-57.48973,3.34778],[-57.48556,3.345],[-57.48278,3.34083],[-57.4789,3.33833],[-57.47334,3.33833],[-57.46917,3.34083],[-57.46584,3.34444],[-57.46167,3.34722],[-57.45751,3.34972],[-57.45278,3.35194],[-57.44723,3.35333],[-57.44112,3.35389],[-57.43501,3.35472],[-57.43028,3.35667],[-57.42751,3.36083],[-57.42612,3.36639],[-57.42417,3.37111],[-57.42417,3.37778],[-57.42195,3.38278],[-57.4164,3.38139],[-57.41167,3.37917],[-57.40834,3.37583],[-57.40473,3.3725],[-57.40056,3.36972],[-57.39667,3.36694],[-57.39251,3.36417],[-57.38778,3.36222],[-57.38084,3.36222],[-57.3739,3.36222],[-57.36806,3.36139],[-57.36223,3.36],[-57.35778,3.35806],[-57.35278,3.35861],[-57.34667,3.35944],[-57.34167,3.36139],[-57.33695,3.36361],[-57.33278,3.36639],[-57.3289,3.36889],[-57.32584,3.37306],[-57.32251,3.37639],[-57.31973,3.38056],[-57.31723,3.38472],[-57.31306,3.3875],[-57.30834,3.38944],[-57.30334,3.3875],[-57.30001,3.38417],[-57.29945,3.37778],[-57.30001,3.37167],[-57.30001,3.36472],[-57.29862,3.35944],[-57.29528,3.35611],[-57.29251,3.35194],[-57.28973,3.34778],[-57.28751,3.34306],[-57.28556,3.33833],[-57.28306,3.33417],[-57.28028,3.33],[-57.2789,3.32444],[-57.27945,3.31833],[-57.2814,3.31361],[-57.28501,3.31028],[-57.28723,3.30528],[-57.28501,3.30056],[-57.28362,3.295],[-57.28417,3.28889],[-57.28723,3.285],[-57.29112,3.28194],[-57.29473,3.27861],[-57.2939,3.2725],[-57.29251,3.26694],[-57.29056,3.26222],[-57.28834,3.2575],[-57.2864,3.25278],[-57.28417,3.24778],[-57.28306,3.2425],[-57.28306,3.23556],[-57.28417,3.23],[-57.28501,3.22389],[-57.28556,3.21778],[-57.2864,3.21167],[-57.28723,3.20556],[-57.28834,3.2],[-57.28917,3.19389],[-57.28973,3.18778],[-57.29056,3.18167],[-57.28973,3.17528],[-57.2864,3.17194],[-57.28223,3.16917],[-57.27695,3.16778],[-57.27473,3.16306],[-57.27723,3.15889],[-57.28028,3.15417],[-57.28306,3.15],[-57.28501,3.14528],[-57.28501,3.13972],[-57.28306,3.135],[-57.27945,3.13167],[-57.27473,3.12944],[-57.26973,3.12889],[-57.26362,3.12944],[-57.25945,3.13222],[-57.25556,3.135],[-57.2514,3.13778],[-57.24806,3.14111],[-57.24306,3.14333],[-57.23834,3.14111],[-57.2364,3.13639],[-57.23695,3.13028],[-57.2389,3.12528],[-57.24167,3.12139],[-57.24473,3.11722],[-57.24667,3.11389],[-57.2489,3.10889],[-57.25001,3.10361],[-57.25084,3.0975],[-57.24917,3.09194],[-57.24667,3.08778],[-57.24167,3.08583],[-57.23695,3.08361],[-57.23418,3.08269],[-57.23028,3.08083],[-57.22612,3.07833],[-57.22112,3.07611],[-57.21778,3.07278],[-57.21501,3.07],[-57.21251,3.06583],[-57.21084,3.06056],[-57.21084,3.05361],[-57.21084,3.04667],[-57.20973,3.04139],[-57.20834,3.03583],[-57.20612,3.03111],[-57.20473,3.02556],[-57.20751,3.02139],[-57.21278,3.02278],[-57.21917,3.02222],[-57.22473,3.02083],[-57.22806,3.01722],[-57.2289,3.0125],[-57.22723,3.00694],[-57.22473,3.00278],[-57.22195,2.99889],[-57.22001,2.99417],[-57.22112,2.98861],[-57.22473,2.98528],[-57.22587,2.98318],[-57.22806,2.98111],[-57.23028,2.9775],[-57.23028,2.97222],[-57.22806,2.96722],[-57.22806,2.96056],[-57.22612,2.95583],[-57.22056,2.95444],[-57.21445,2.955],[-57.20834,2.95583],[-57.20251,2.95694],[-57.19723,2.95833],[-57.19112,2.95778],[-57.1864,2.95583],[-57.18362,2.95167],[-57.18445,2.94556],[-57.18556,2.94],[-57.18834,2.93583],[-57.19112,2.93167],[-57.19445,2.92833],[-57.19862,2.92556],[-57.20251,2.92278],[-57.20667,2.92],[-57.21167,2.91806],[-57.21584,2.91528],[-57.21917,2.91194],[-57.22195,2.90778],[-57.2239,2.90306],[-57.22278,2.8975],[-57.22056,2.89278],[-57.21862,2.88806],[-57.21501,2.88444],[-57.21278,2.88111],[-57.21362,2.88111],[-57.21084,2.87833],[-57.20751,2.875],[-57.20612,2.86944],[-57.20612,2.86278],[-57.20751,2.85722],[-57.20834,2.8525],[-57.20612,2.8475],[-57.20251,2.84417],[-57.19806,2.84222],[-57.1939,2.83944],[-57.19112,2.83528],[-57.18973,2.82972],[-57.18973,2.82306],[-57.18778,2.81806],[-57.18278,2.81611],[-57.17667,2.81667],[-57.17195,2.81889],[-57.16695,2.82083],[-57.16306,2.82361],[-57.15834,2.82583],[-57.15417,2.82833],[-57.14917,2.83056],[-57.14306,2.83111],[-57.13695,2.83056],[-57.1314,2.82917],[-57.12751,2.82639],[-57.12473,2.82222],[-57.12612,2.81667],[-57.12945,2.81333],[-57.13362,2.81056],[-57.13778,2.80778],[-57.14028,2.80389],[-57.14223,2.79889],[-57.14445,2.79417],[-57.14584,2.78861],[-57.1464,2.7825],[-57.14445,2.77778],[-57.14195,2.77361],[-57.13778,2.77083],[-57.13251,2.77152],[-57.1314,2.77167],[-57.12751,2.77444],[-57.12251,2.77639],[-57.11778,2.77833],[-57.11084,2.77833],[-57.10473,2.77778],[-57.09862,2.77694],[-57.09445,2.77444],[-57.09028,2.77167],[-57.08917,2.76611],[-57.09112,2.76139],[-57.0939,2.75722],[-57.0964,2.75306],[-57.09973,2.74972],[-57.10278,2.74556],[-57.10334,2.74083],[-57.10278,2.73472],[-57.10056,2.72972],[-57.09723,2.72639],[-57.0939,2.72306],[-57.08973,2.72028],[-57.08556,2.7175],[-57.08195,2.71417],[-57.07945,2.71],[-57.07751,2.70667],[-57.07528,2.70333],[-57.0739,2.69917],[-57.07056,2.69556],[-57.06778,2.69139],[-57.06501,2.6875],[-57.06306,2.6825],[-57.06084,2.67778],[-57.06028,2.67167],[-57.0614,2.66611],[-57.06223,2.66],[-57.06362,2.65444],[-57.06362,2.64778],[-57.06223,2.64222],[-57.06028,2.6375],[-57.05612,2.63472],[-57.05056,2.63472],[-57.0464,2.6375],[-57.04167,2.63944],[-57.03695,2.64167],[-57.03084,2.64222],[-57.02473,2.64167],[-57.02056,2.63889],[-57.01778,2.63472],[-57.01917,2.62917],[-57.02112,2.62444],[-57.0239,2.62028],[-57.02667,2.61611],[-57.02806,2.61083],[-57.02862,2.60444],[-57.02806,2.59833],[-57.02723,2.59222],[-57.02528,2.5875],[-57.02306,2.58278],[-57.01973,2.57917],[-57.0164,2.57583],[-57.0114,2.57389],[-57.00723,2.57111],[-57.0039,2.56778],[-57.00112,2.56361],[-56.99917,2.55861],[-56.99695,2.55528],[-56.99584,2.54972],[-56.99584,2.54306],[-56.99695,2.5375],[-56.99778,2.53139],[-56.99917,2.52583],[-56.99917,2.52028],[-56.99862,2.51417],[-56.99667,2.50944],[-56.99362,2.50528],[-56.98945,2.5025],[-56.98417,2.5025],[-56.97917,2.50472],[-56.97528,2.5075],[-56.97195,2.51083],[-56.96778,2.51361],[-56.96445,2.51694],[-56.95945,2.51889],[-56.95334,2.51833],[-56.95001,2.515],[-56.94917,2.50861],[-56.95001,2.5025],[-56.95195,2.49778],[-56.95417,2.49306],[-56.95612,2.48833],[-56.95751,2.48278],[-56.95806,2.47667],[-56.95751,2.47056],[-56.95612,2.465],[-56.95417,2.46028],[-56.95195,2.45528],[-56.94917,2.45111],[-56.94667,2.44722],[-56.94251,2.44444],[-56.93667,2.44306],[-56.93251,2.44028],[-56.93001,2.43611],[-56.93056,2.43],[-56.93223,2.42444],[-56.93334,2.41917],[-56.93417,2.41417],[-56.93556,2.40889],[-56.93556,2.40333],[-56.93473,2.39722],[-56.93223,2.39306],[-56.92917,2.38889],[-56.92528,2.38611],[-56.92028,2.38417],[-56.91556,2.38194],[-56.91084,2.38],[-56.90612,2.37806],[-56.90195,2.37528],[-56.89778,2.3725],[-56.89417,2.36917],[-56.89028,2.36639],[-56.88751,2.36222],[-56.88556,2.3575],[-56.88417,2.35194],[-56.88334,2.34583],[-56.88334,2.33889],[-56.88334,2.33222],[-56.88417,2.32583],[-56.88473,2.31972],[-56.88556,2.31361],[-56.88667,2.30806],[-56.88612,2.30194],[-56.88417,2.29722],[-56.8814,2.29306],[-56.87723,2.29028],[-56.87195,2.28889],[-56.86612,2.2875],[-56.86084,2.28611],[-56.85528,2.285],[-56.84973,2.28361],[-56.84501,2.28139],[-56.84084,2.27861],[-56.83667,2.27583],[-56.83362,2.2725],[-56.82973,2.26917],[-56.8264,2.26556],[-56.82528,2.26028],[-56.82362,2.25472],[-56.82334,2.24861],[-56.82251,2.2425],[-56.82167,2.23611],[-56.82167,2.22944],[-56.82112,2.22333],[-56.82167,2.21694],[-56.82112,2.21083],[-56.81945,2.20528],[-56.81695,2.20139],[-56.81362,2.19778],[-56.81001,2.19444],[-56.80751,2.19028],[-56.80473,2.18639],[-56.80167,2.18222],[-56.79917,2.17806],[-56.7964,2.17389],[-56.79362,2.16972],[-56.79084,2.16583],[-56.78806,2.16167],[-56.78528,2.1575],[-56.78278,2.15333],[-56.78001,2.14944],[-56.77723,2.14528],[-56.77445,2.14111],[-56.77167,2.13694],[-56.76834,2.13361],[-56.76556,2.12944],[-56.76223,2.12611],[-56.75917,2.12194],[-56.75584,2.11861],[-56.75251,2.115],[-56.7489,2.11167],[-56.74556,2.10833],[-56.74223,2.10472],[-56.7389,2.10139],[-56.73612,2.09722],[-56.73278,2.09389],[-56.73001,2.08972],[-56.72667,2.08639],[-56.72362,2.08222],[-56.72084,2.07806],[-56.71834,2.07389],[-56.7164,2.06917],[-56.71334,2.065],[-56.71056,2.06083],[-56.70862,2.05611],[-56.70584,2.05194],[-56.7039,2.04722],[-56.70056,2.04389],[-56.69862,2.04028],[-56.69556,2.03639],[-56.69362,2.03278],[-56.69167,2.02944],[-56.69167,2.02667],[-56.69084,2.02611],[-56.68417,2.02611],[-56.67695,2.02611],[-56.67028,2.02611],[-56.66417,2.02667],[-56.65806,2.0275],[-56.65112,2.0275],[-56.64612,2.02806],[-56.63945,2.02806],[-56.63251,2.02806],[-56.62584,2.02806],[-56.6189,2.02806],[-56.61362,2.02806],[-56.60667,2.02806],[-56.59973,2.02806],[-56.59278,2.02806],[-56.58584,2.02806],[-56.57973,2.0275],[-56.57362,2.02667],[-56.56806,2.02528],[-56.56278,2.02389],[-56.55778,2.02194],[-56.55362,2.01917],[-56.54917,2.01722],[-56.54556,2.01361],[-56.5414,2.01083],[-56.53723,2.00833],[-56.5339,2.00472],[-56.5314,2.00056],[-56.52778,1.99722],[-56.52556,1.9925],[-56.52223,1.98917],[-56.51945,1.985],[-56.51528,1.98222],[-56.51112,1.97944],[-56.50667,1.9775],[-56.50028,1.97667],[-56.49501,1.97528],[-56.48917,1.97389],[-56.48528,1.97111],[-56.48112,1.96861],[-56.47834,1.96444],[-56.4764,1.95944],[-56.47362,1.95556],[-56.46895,1.94918],[-56.45416,1.95234],[-56.45126,1.95614],[-56.44468,1.94854],[-56.43702,1.9517],[-56.43207,1.94646],[-56.42288,1.94573],[-56.42257,1.93894],[-56.41182,1.92826],[-56.40359,1.93025],[-56.39699,1.92328],[-56.39674,1.92329],[-56.38999,1.92337],[-56.38862,1.93287],[-56.37207,1.93286],[-56.36902,1.9373],[-56.35821,1.94145],[-56.33935,1.93538],[-56.33493,1.9371],[-56.3214,1.92362],[-56.30904,1.9209],[-56.30274,1.91167],[-56.29527,1.90868],[-56.29077,1.91049],[-56.28999,1.90651],[-56.27229,1.89655],[-56.26312,1.8856],[-56.24404,1.87808],[-56.23446,1.89861],[-56.21502,1.90204],[-56.20896,1.89435],[-56.20096,1.89615],[-56.19891,1.89253],[-56.18243,1.89262],[-56.1709,1.90048],[-56.16852,1.88763],[-56.16026,1.89143],[-56.15262,1.8907],[-56.14113,1.87505],[-56.13255,1.86989],[-56.1299,1.85921],[-56.12018,1.85712],[-56.11762,1.85097],[-56.11285,1.85504],[-56.09865,1.84653],[-56.09019,1.85376],[-56.08535,1.85304],[-56.08135,1.84589],[-56.07741,1.84507],[-56.07546,1.84977],[-56.06646,1.85185],[-56.04993,1.85085],[-56.04343,1.84722],[-56.03665,1.85021],[-56.02901,1.84161],[-56.02409,1.8426],[-55.99896,1.83128],[-55.99569,1.8349],[-55.98321,1.83552],[-55.97935,1.84194],[-55.97598,1.84031],[-55.9701,1.84827],[-55.95638,1.84509],[-55.9343,1.87149],[-55.91488,1.88469],[-55.90385,1.88803],[-55.90193,1.90775],[-55.92052,1.91898],[-55.92199,1.93327],[-55.92954,1.93924],[-55.92248,1.95036],[-55.93635,1.98647],[-55.93513,1.9965],[-55.92915,1.99731],[-55.92271,1.99125],[-55.91374,1.99052],[-55.90793,2.00128],[-55.90674,2.0134],[-55.91079,2.0144],[-55.91051,2.022],[-55.90205,2.02932],[-55.9031,2.04108],[-55.90879,2.04741],[-55.93282,2.05774],[-55.92668,2.0751],[-55.9291,2.07863],[-55.9381,2.07846],[-55.94871,2.09167],[-55.96682,2.08843],[-55.97298,2.10318],[-55.96974,2.11303],[-55.97343,2.1162],[-55.97816,2.11512],[-55.97552,2.12597],[-55.98213,2.13186],[-55.98901,2.13204],[-55.99135,2.13132],[-55.99376,2.13955],[-55.98902,2.14338],[-55.98666,2.14579],[-55.98903,2.14955],[-56.00307,2.1676],[-56.0141,2.16535],[-56.03507,2.1688],[-56.04582,2.17713],[-56.04971,2.18437],[-56.05505,2.18464],[-56.05627,2.18935],[-56.04687,2.19594],[-56.03615,2.21349],[-56.03782,2.21964],[-56.04337,2.22127],[-56.04288,2.22778],[-56.05804,2.2334],[-56.06879,2.24281],[-56.07732,2.23748],[-56.08798,2.24988],[-56.09571,2.24609],[-56.09602,2.24139],[-56.10893,2.24474],[-56.12038,2.25027],[-56.12304,2.25868],[-56.13887,2.26574],[-56.13705,2.27072],[-56.12534,2.27822],[-56.12807,2.28645],[-56.11449,2.29857],[-56.1134,2.31105],[-56.10718,2.31828],[-56.09376,2.32117],[-56.09193,2.32985],[-56.0956,2.33827],[-56.08888,2.35147],[-56.09221,2.36007],[-56.08904,2.36404],[-56.09012,2.37228],[-56.08437,2.37499],[-56.08087,2.37317],[-56.0809,2.36901],[-56.07388,2.37082],[-56.06118,2.35489],[-56.05913,2.34295],[-56.0506,2.33498],[-56.02957,2.33243],[-56.02965,2.33958],[-56.02181,2.34247],[-56.02251,2.34744],[-56.0269,2.34709],[-56.02693,2.35532],[-56.03301,2.36419],[-56.03997,2.36627],[-56.0366,2.37423],[-56.02468,2.38236],[-56.02323,2.39086],[-56.01469,2.39981],[-56.00701,2.40153],[-56.00145,2.41292],[-55.9894,2.41774],[-55.98701,2.42033],[-55.9894,2.42154],[-55.98941,2.42712],[-55.98537,2.42928],[-55.98943,2.43623],[-55.99207,2.4386],[-55.99501,2.43562],[-56.00318,2.44585],[-56.00894,2.44432],[-56.01151,2.45282],[-55.98947,2.46945],[-55.98813,2.47867],[-55.97749,2.48961],[-55.9779,2.49639],[-55.98952,2.50126],[-55.99288,2.50455],[-55.98955,2.51693],[-55.97957,2.51883],[-55.97824,2.52733],[-55.97368,2.52579],[-55.97052,2.52931],[-55.9346,2.53345],[-55.92416,2.53054],[-55.92187,2.52285],[-55.92443,2.5186],[-55.9102,2.52004],[-55.9016,2.51723],[-55.89751,2.50555],[-55.88626,2.50346],[-55.88079,2.4889],[-55.87382,2.48789],[-55.86615,2.48138],[-55.85452,2.48055],[-55.85073,2.46906],[-55.83882,2.46218],[-55.83021,2.45909],[-55.78388,2.45652],[-55.78137,2.46167],[-55.76663,2.45524],[-55.76151,2.44049],[-55.76746,2.43787],[-55.75673,2.4299],[-55.74696,2.41045],[-55.71694,2.39917],[-55.71028,2.39917],[-55.70417,2.4],[-55.69834,2.42154],[-55.67399,2.4136],[-55.65724,2.42061],[-55.64219,2.41597],[-55.6316,2.41691],[-55.61707,2.41984],[-55.61266,2.42617],[-55.60429,2.43007],[-55.59349,2.43327],[-55.58968,2.4313],[-55.57463,2.43775],[-55.5706,2.42352],[-55.55143,2.42944],[-55.52793,2.42862],[-55.52473,2.43585],[-55.50424,2.43934],[-55.49971,2.44324],[-55.48224,2.4386],[-55.42938,2.43887],[-55.38533,2.41836],[-55.34557,2.44799],[-55.35615,2.47556],[-55.32018,2.51537],[-55.27729,2.51235],[-55.23474,2.50338],[-55.20755,2.52278],[-55.1728,2.55934],[-55.1234,2.56762],[-55.10302,2.52564],[-55.05624,2.55313],[-55.00864,2.5874],[-55.00374,2.59093],[-54.95424,2.5836],[-54.93535,2.51849],[-54.91956,2.49968],[-54.86846,2.43989],[-54.86392,2.43919],[-54.86194,2.43889],[-54.85698,2.43794],[-54.85639,2.4375],[-54.85029,2.43696],[-54.85028,2.43694],[-54.84561,2.43578],[-54.84472,2.43556],[-54.83861,2.43472],[-54.83167,2.43472],[-54.82556,2.43417],[-54.81861,2.43417],[-54.8125,2.43472],[-54.80639,2.43556],[-54.80139,2.4375],[-54.7975,2.44028],[-54.79278,2.44222],[-54.78861,2.445],[-54.78528,2.44861],[-54.78111,2.45111],[-54.7775,2.45472],[-54.77417,2.45806],[-54.77083,2.46139],[-54.76806,2.46556],[-54.76472,2.46917],[-54.75972,2.47111],[-54.75361,2.47167],[-54.74694,2.47167],[-54.74111,2.47056],[-54.73667,2.46833],[-54.73083,2.46694],[-54.72556,2.46556],[-54.72,2.46417],[-54.71528,2.46222],[-54.70972,2.46083],[-54.70361,2.46028],[-54.69806,2.45889],[-54.69333,2.45667],[-54.68917,2.45389],[-54.68639,2.45],[-54.68583,2.44361],[-54.68639,2.4375],[-54.68861,2.43278],[-54.69111,2.42861],[-54.69194,2.4225],[-54.69,2.41778],[-54.68694,2.41361],[-54.68444,2.40944],[-54.68389,2.40333],[-54.68639,2.39917],[-54.69194,2.39778],[-54.69861,2.39778],[-54.70361,2.39583],[-54.70778,2.39306],[-54.71056,2.38889],[-54.7125,2.38417],[-54.7125,2.37861],[-54.71056,2.37528],[-54.70778,2.37111],[-54.70444,2.36778],[-54.70083,2.36444],[-54.6975,2.36083],[-54.69528,2.35611],[-54.69528,2.34917],[-54.69667,2.34389],[-54.69667,2.33694],[-54.69528,2.33139],[-54.6925,2.32722],[-54.68861,2.32472],[-54.68389,2.3225],[-54.67833,2.32111],[-54.67222,2.32056],[-54.66583,2.31972],[-54.65972,2.31917],[-54.65278,2.31917],[-54.64667,2.31833],[-54.64056,2.31917],[-54.63444,2.31972],[-54.62889,2.32111],[-54.62361,2.3225],[-54.61861,2.32472],[-54.61306,2.32583],[-54.60833,2.32806],[-54.60278,2.3337],[-54.60268,2.33508],[-54.60255,2.33548],[-54.60201,2.33631],[-54.6014,2.33715],[-54.59976,2.338],[-54.59876,2.33881],[-54.59819,2.33963],[-54.59773,2.34093],[-54.59725,2.3417],[-54.59683,2.34176],[-54.59521,2.34128],[-54.59396,2.34112],[-54.593,2.34114],[-54.59245,2.34153],[-54.59227,2.3422],[-54.59222,2.34314],[-54.59251,2.34448],[-54.59302,2.34556],[-54.59362,2.34648],[-54.59371,2.34687],[-54.59366,2.34772],[-54.5932,2.34861],[-54.59193,2.34955],[-54.59055,2.35047],[-54.58921,2.35187],[-54.58767,2.351],[-54.58573,2.34928],[-54.58173,2.34911],[-54.57939,2.34997],[-54.57628,2.3523],[-54.57451,2.35373],[-54.5722,2.35427],[-54.56898,2.35396],[-54.56291,2.35294],[-54.55578,2.35071],[-54.55248,2.34979],[-54.54872,2.34852],[-54.54606,2.34728],[-54.54353,2.34543],[-54.53803,2.34291],[-54.53442,2.34197],[-54.53243,2.34132],[-54.53225,2.34007],[-54.53274,2.33882],[-54.53401,2.33611],[-54.53339,2.33511],[-54.53215,2.33403],[-54.52957,2.33281],[-54.52609,2.33228],[-54.52362,2.33435],[-54.5181,2.33786],[-54.51363,2.33745],[-54.50831,2.33717],[-54.50711,2.3376],[-54.5052,2.33854],[-54.50393,2.34196],[-54.50536,2.34652],[-54.50826,2.35278],[-54.5092,2.3568],[-54.50957,2.35956],[-54.51062,2.36076],[-54.51049,2.36399],[-54.50937,2.36491],[-54.50917,2.36848],[-54.5079,2.37198],[-54.50607,2.37483],[-54.50522,2.3779],[-54.50622,2.38086],[-54.50578,2.38486],[-54.5051,2.38875],[-54.5045,2.39274],[-54.50227,2.39446],[-54.50187,2.39658],[-54.50024,2.40033],[-54.49921,2.40236],[-54.49676,2.40498],[-54.4947,2.40711],[-54.49056,2.40979],[-54.48886,2.40988],[-54.48515,2.41256],[-54.48339,2.41707],[-54.48285,2.41882],[-54.47977,2.42213],[-54.47825,2.42337],[-54.47714,2.42439],[-54.4761,2.42576],[-54.47472,2.42776],[-54.47306,2.43001],[-54.4731,2.43268],[-54.47376,2.43398],[-54.47271,2.4344],[-54.47053,2.43422],[-54.46966,2.43454],[-54.46868,2.43359],[-54.46783,2.43236],[-54.46699,2.4325],[-54.46752,2.43334],[-54.46801,2.43384],[-54.46759,2.4351],[-54.46678,2.43426],[-54.46608,2.43349],[-54.46555,2.43327],[-54.46485,2.43398],[-54.46401,2.43419],[-54.46339,2.43399],[-54.46297,2.4342],[-54.46277,2.43459],[-54.46253,2.43525],[-54.46221,2.43509],[-54.46225,2.43448],[-54.46192,2.43404],[-54.46127,2.43417],[-54.4605,2.43415],[-54.46002,2.43338],[-54.45902,2.43283],[-54.4579,2.43259],[-54.45732,2.43245],[-54.45653,2.43283],[-54.45629,2.43355],[-54.45623,2.43459],[-54.45573,2.43467],[-54.45543,2.43441],[-54.45511,2.43341],[-54.45476,2.43331],[-54.45441,2.43276],[-54.45422,2.43206],[-54.45345,2.43185],[-54.45252,2.43185],[-54.45196,2.43135],[-54.45152,2.43115],[-54.4509,2.43149],[-54.45125,2.43252],[-54.45062,2.43303],[-54.45011,2.4335],[-54.4501,2.4339],[-54.44971,2.43432],[-54.44947,2.43408],[-54.44948,2.43369],[-54.44854,2.43336],[-54.44791,2.43322],[-54.44761,2.43375],[-54.44729,2.4341],[-54.44643,2.43385],[-54.44606,2.43313],[-54.44592,2.43257],[-54.44556,2.43213],[-54.44482,2.43219],[-54.44419,2.43264],[-54.4435,2.43283],[-54.44254,2.43264],[-54.442,2.43227],[-54.4414,2.43187],[-54.44087,2.43147],[-54.4404,2.43075],[-54.43956,2.43015],[-54.43861,2.42975],[-54.43731,2.42952],[-54.4367,2.42986],[-54.43593,2.43066],[-54.43537,2.43152],[-54.43599,2.43242],[-54.43421,2.43448],[-54.43282,2.43578],[-54.43156,2.43679],[-54.43071,2.43747],[-54.43026,2.43726],[-54.43021,2.43595],[-54.42983,2.43567],[-54.42936,2.43583],[-54.42908,2.43602],[-54.42857,2.43622],[-54.42841,2.43686],[-54.42883,2.43788],[-54.42858,2.43818],[-54.42723,2.43758],[-54.42638,2.43743],[-54.42544,2.43785],[-54.42454,2.43804],[-54.42348,2.43715],[-54.42159,2.43726],[-54.42143,2.43633],[-54.42066,2.43614],[-54.42033,2.43623],[-54.41956,2.43688],[-54.41883,2.43777],[-54.41743,2.43945],[-54.41583,2.44128],[-54.41531,2.44277],[-54.41526,2.44461],[-54.41448,2.44544],[-54.41277,2.44538],[-54.41185,2.44538],[-54.41118,2.44651],[-54.41117,2.44759],[-54.41151,2.4491],[-54.41161,2.4503],[-54.41125,2.4513],[-54.41036,2.45122],[-54.40926,2.45057],[-54.40841,2.44985],[-54.40792,2.45006],[-54.4077,2.45098],[-54.40773,2.45223],[-54.40673,2.45303],[-54.40581,2.45445],[-54.40447,2.45507],[-54.40367,2.45513],[-54.40315,2.45549],[-54.40281,2.45582],[-54.40258,2.45641],[-54.40257,2.45674],[-54.40342,2.4575],[-54.4034,2.45804],[-54.40261,2.45888],[-54.40224,2.4596],[-54.4018,2.46151],[-54.40115,2.46204],[-54.39986,2.46178],[-54.39898,2.46187],[-54.39863,2.46196],[-54.3979,2.46157],[-54.39776,2.46277],[-54.39828,2.46305],[-54.39879,2.46265],[-54.39937,2.46232],[-54.40049,2.46248],[-54.40018,2.46344],[-54.39997,2.4639],[-54.39874,2.46454],[-54.39828,2.46517],[-54.39816,2.4664],[-54.39683,2.46717],[-54.39527,2.46792],[-54.39464,2.46824],[-54.3939,2.46785],[-54.39425,2.46694],[-54.39416,2.46631],[-54.39358,2.46647],[-54.39283,2.46731],[-54.39211,2.46824],[-54.39122,2.46759],[-54.39144,2.46682],[-54.39144,2.46617],[-54.39111,2.46582],[-54.39044,2.46726],[-54.39009,2.46805],[-54.3895,2.46824],[-54.3893,2.46875],[-54.38952,2.46891],[-54.38969,2.46901],[-54.39013,2.4695],[-54.39039,2.47011],[-54.38966,2.4705],[-54.38841,2.47001],[-54.38766,2.46961],[-54.38687,2.46968],[-54.38622,2.47059],[-54.38615,2.47152],[-54.38634,2.47204],[-54.38667,2.47327],[-54.38636,2.47397],[-54.38618,2.47397],[-54.38522,2.47337],[-54.38436,2.47339],[-54.38431,2.474],[-54.38531,2.47493],[-54.3865,2.47581],[-54.38722,2.4766],[-54.38727,2.4771],[-54.38722,2.4781],[-54.3875,2.47886],[-54.38817,2.47894],[-54.38827,2.48005],[-54.38717,2.48059],[-54.38599,2.48099],[-54.38534,2.48169],[-54.38529,2.48255],[-54.38559,2.48306],[-54.3858,2.48357],[-54.38524,2.48427],[-54.3848,2.48464],[-54.38376,2.4849],[-54.38313,2.48541],[-54.3831,2.48642],[-54.38324,2.48716],[-54.38334,2.48783],[-54.38299,2.4883],[-54.38233,2.48826],[-54.38185,2.48739],[-54.38178,2.48656],[-54.38126,2.48534],[-54.38054,2.48441],[-54.3797,2.48427],[-54.37843,2.48488],[-54.37759,2.48536],[-54.37715,2.48571],[-54.37643,2.48586],[-54.37668,2.4867],[-54.37628,2.48737],[-54.37552,2.48753],[-54.37458,2.48758],[-54.37387,2.48842],[-54.37302,2.48933],[-54.37242,2.48994],[-54.37179,2.49054],[-54.37224,2.49101],[-54.3728,2.49143],[-54.3738,2.49236],[-54.37352,2.4934],[-54.37368,2.49445],[-54.37428,2.49546],[-54.37412,2.49629],[-54.37387,2.49678],[-54.37365,2.49748],[-54.37317,2.49883],[-54.37273,2.50011],[-54.37214,2.50117],[-54.37191,2.5027],[-54.37195,2.50375],[-54.37119,2.50473],[-54.37081,2.50506],[-54.37026,2.5061],[-54.37014,2.5069],[-54.3696,2.50748],[-54.36863,2.50795],[-54.36735,2.50823],[-54.36516,2.50839],[-54.36406,2.50829],[-54.36253,2.50723],[-54.36148,2.50704],[-54.36041,2.50727],[-54.35993,2.50755],[-54.36009,2.50878],[-54.36016,2.5097],[-54.35995,2.51083],[-54.35964,2.51196],[-54.35972,2.51345],[-54.36009,2.51429],[-54.36051,2.51478],[-54.36142,2.51553],[-54.3613,2.5166],[-54.36058,2.51775],[-54.36052,2.51879],[-54.36042,2.51944],[-54.35967,2.51987],[-54.35921,2.51965],[-54.35928,2.5191],[-54.35979,2.51837],[-54.35982,2.51691],[-54.35939,2.51616],[-54.3584,2.51602],[-54.35707,2.51609],[-54.35547,2.51623],[-54.35456,2.51563],[-54.35328,2.51625],[-54.35241,2.51742],[-54.3523,2.51898],[-54.35153,2.51946],[-54.35051,2.51992],[-54.34879,2.52125],[-54.34851,2.52325],[-54.34911,2.52517],[-54.34967,2.52668],[-54.35002,2.52808],[-54.34936,2.52934],[-54.34869,2.53025],[-54.34781,2.53134],[-54.3468,2.53131],[-54.34606,2.5311],[-54.34518,2.5326],[-54.34536,2.53313],[-54.34397,2.53404],[-54.34348,2.53657],[-54.3425,2.53853],[-54.3425,2.54049],[-54.34299,2.54154],[-54.34236,2.5442],[-54.34236,2.54715],[-54.3439,2.54897],[-54.34383,2.55114],[-54.34348,2.55352],[-54.3453,2.55562],[-54.34615,2.55689],[-54.34509,2.55801],[-54.34397,2.55906],[-54.34439,2.56053],[-54.34369,2.562],[-54.34159,2.56333],[-54.34127,2.56405],[-54.34065,2.56437],[-54.33966,2.56326],[-54.33876,2.56239],[-54.33765,2.56323],[-54.33673,2.56418],[-54.33492,2.5643],[-54.33395,2.5644],[-54.33338,2.56524],[-54.33242,2.5667],[-54.3311,2.56754],[-54.33021,2.56861],[-54.32989,2.57005],[-54.32954,2.57153],[-54.32825,2.5728],[-54.32723,2.57369],[-54.32703,2.57413],[-54.32694,2.57525],[-54.32875,2.57639],[-54.32937,2.57664],[-54.32852,2.57802],[-54.32897,2.58095],[-54.32884,2.58248],[-54.32758,2.58541],[-54.32634,2.58682],[-54.32577,2.58692],[-54.32364,2.58771],[-54.32274,2.58939],[-54.32297,2.59001],[-54.32292,2.59066],[-54.32165,2.59086],[-54.32108,2.5919],[-54.32123,2.59368],[-54.32295,2.59759],[-54.32253,2.6018],[-54.32211,2.60425],[-54.31818,2.60544],[-54.31671,2.60649],[-54.31755,2.60754],[-54.31836,2.60789],[-54.3192,2.60803],[-54.3203,2.60803],[-54.32082,2.60829],[-54.32108,2.60871],[-54.32077,2.60948],[-54.32007,2.60996],[-54.31966,2.61012],[-54.31833,2.61017],[-54.31745,2.61001],[-54.31676,2.60979],[-54.31625,2.60934],[-54.31555,2.60919],[-54.31485,2.60959],[-54.31516,2.61023],[-54.31578,2.61091],[-54.31619,2.61174],[-54.31594,2.61292],[-54.31455,2.61302],[-54.31405,2.6125],[-54.31331,2.61191],[-54.31247,2.61216],[-54.31207,2.61305],[-54.31197,2.61389],[-54.31187,2.61493],[-54.31199,2.6158],[-54.31185,2.61664],[-54.31289,2.61654],[-54.31482,2.61629],[-54.31624,2.61798],[-54.31652,2.62017],[-54.31672,2.62378],[-54.31674,2.62679],[-54.31709,2.62784],[-54.31744,2.62868],[-54.31744,2.6296],[-54.31667,2.63033],[-54.31579,2.62956],[-54.31551,2.62917],[-54.31358,2.62931],[-54.3119,2.63016],[-54.31109,2.6318],[-54.3105,2.63289],[-54.31057,2.63415],[-54.30976,2.63625],[-54.30959,2.6373],[-54.30899,2.63709],[-54.30808,2.63608],[-54.30776,2.63727],[-54.30762,2.63814],[-54.30678,2.63797],[-54.30548,2.63762],[-54.30443,2.63769],[-54.30313,2.63909],[-54.30233,2.64035],[-54.30068,2.6407],[-54.29949,2.64116],[-54.2981,2.64418],[-54.29661,2.64626],[-54.29503,2.65072],[-54.29403,2.65329],[-54.29394,2.65849],[-54.29146,2.6622],[-54.28942,2.66285],[-54.28486,2.6629],[-54.28288,2.6625],[-54.2805,2.66245],[-54.27975,2.66428],[-54.27841,2.66835],[-54.27658,2.67028],[-54.27563,2.67261],[-54.27678,2.67454],[-54.27697,2.67697],[-54.27767,2.68078],[-54.27633,2.6841],[-54.27256,2.68455],[-54.26775,2.6843],[-54.26666,2.68593],[-54.2679,2.68945],[-54.27226,2.69074],[-54.27147,2.69381],[-54.26978,2.69757],[-54.26919,2.70055],[-54.26919,2.70312],[-54.2679,2.70476],[-54.26691,2.70877],[-54.26512,2.71303],[-54.26482,2.71754],[-54.26299,2.72244],[-54.25996,2.72542],[-54.25624,2.72755],[-54.25228,2.72874],[-54.2488,2.73022],[-54.24374,2.73131],[-54.2435,2.73547],[-54.24092,2.74067],[-54.23908,2.74266],[-54.2366,2.74434],[-54.23526,2.74568],[-54.23432,2.74741],[-54.23348,2.75038],[-54.2309,2.74999],[-54.22624,2.749],[-54.22361,2.75128],[-54.22192,2.75405],[-54.22257,2.75459],[-54.22475,2.75638],[-54.2251,2.75816],[-54.22366,2.76237],[-54.22148,2.76307],[-54.22078,2.76237],[-54.21929,2.76069],[-54.21627,2.75965],[-54.21582,2.76044],[-54.21657,2.76311],[-54.21453,2.76624],[-54.21215,2.76817],[-54.212,2.7696],[-54.21146,2.77208],[-54.20972,2.77342],[-54.20823,2.77213],[-54.20755,2.77383],[-54.20576,2.7767],[-54.20557,2.78017],[-54.20547,2.78512],[-54.20626,2.78839],[-54.20566,2.79117],[-54.20368,2.79305],[-54.2013,2.79701],[-54.20011,2.79959],[-54.19753,2.80276],[-54.19773,2.80722],[-54.2014,2.81048],[-54.20215,2.81266],[-54.20282,2.81518],[-54.20496,2.81717],[-54.20506,2.82008],[-54.20247,2.82295],[-54.20208,2.82443],[-54.20412,2.82646],[-54.20489,2.82646],[-54.20682,2.82677],[-54.20766,2.82912],[-54.20678,2.8314],[-54.20506,2.83038],[-54.20285,2.8308],[-54.19998,2.83217],[-54.19956,2.83325],[-54.19689,2.83367],[-54.19556,2.83262],[-54.19447,2.83199],[-54.19282,2.83343],[-54.19016,2.83542],[-54.18847,2.83809],[-54.18749,2.84033],[-54.18549,2.84295],[-54.18227,2.84572],[-54.18111,2.84992],[-54.18065,2.8529],[-54.17985,2.85472],[-54.17981,2.85917],[-54.17995,2.86141],[-54.18111,2.86449],[-54.18286,2.86551],[-54.18451,2.86523],[-54.18791,2.86604],[-54.19016,2.86807],[-54.19093,2.87129],[-54.19303,2.87483],[-54.19349,2.88019],[-54.19444,2.88292],[-54.19472,2.88439],[-54.19395,2.88656],[-54.19223,2.8873],[-54.1917,2.88873],[-54.19293,2.89048],[-54.19251,2.89223],[-54.19075,2.89283],[-54.19054,2.89381],[-54.19132,2.89581],[-54.19149,2.89686],[-54.19002,2.89861],[-54.18865,2.90011],[-54.18581,2.90285],[-54.18465,2.90484],[-54.1836,2.91136],[-54.18416,2.91412],[-54.18606,2.91626],[-54.18798,2.91728],[-54.19047,2.91843],[-54.19209,2.91934],[-54.19198,2.92099],[-54.19082,2.92474],[-54.18844,2.92477],[-54.18637,2.92596],[-54.18514,2.92729],[-54.18125,2.92691],[-54.17823,2.92824],[-54.17701,2.93045],[-54.17546,2.93325],[-54.17382,2.93566],[-54.17255,2.93829],[-54.17168,2.94127],[-54.17406,2.94295],[-54.17606,2.94365],[-54.17753,2.94473],[-54.17894,2.94663],[-54.17841,2.94757],[-54.17655,2.94652],[-54.17368,2.94694],[-54.17164,2.94817],[-54.17196,2.94939],[-54.17311,2.95083],[-54.17455,2.95163],[-54.1761,2.95335],[-54.17669,2.95598],[-54.17469,2.95797],[-54.17399,2.95958],[-54.17389,2.96063],[-54.17336,2.96211],[-54.17431,2.96379],[-54.17567,2.96596],[-54.17473,2.96606],[-54.17301,2.9654],[-54.16996,2.96459],[-54.16649,2.96435],[-54.16378,2.96477],[-54.16248,2.96538],[-54.16076,2.96683],[-54.16054,2.96843],[-54.16226,2.96967],[-54.16244,2.97125],[-54.16306,2.97256],[-54.16492,2.97349],[-54.16746,2.97368],[-54.17043,2.97326],[-54.172,2.97381],[-54.17528,2.97506],[-54.17713,2.97641],[-54.178,2.9786],[-54.1799,2.98125],[-54.18105,2.98296],[-54.18171,2.98457],[-54.18099,2.98924],[-54.1811,2.99259],[-54.18208,2.99476],[-54.18392,2.99675],[-54.18504,2.99778],[-54.18556,2.99939],[-54.18474,3.00058],[-54.18243,3.00153],[-54.17951,3.00027],[-54.1775,3.00084],[-54.1766,3.00222],[-54.17545,3.00374],[-54.17341,3.00427],[-54.17035,3.00624],[-54.16975,3.00729],[-54.16969,3.00819],[-54.1714,3.00923],[-54.17202,3.01034],[-54.17147,3.01198],[-54.17005,3.01321],[-54.16973,3.01522],[-54.17061,3.01992],[-54.17262,3.02358],[-54.1733,3.02574],[-54.17604,3.02806],[-54.17744,3.03074],[-54.17815,3.03316],[-54.1783,3.03679],[-54.17886,3.03891],[-54.1818,3.04062],[-54.18233,3.04224],[-54.18213,3.04504],[-54.1826,3.04744],[-54.18408,3.05055],[-54.186,3.05267],[-54.18808,3.05364],[-54.19134,3.05389],[-54.19238,3.05558],[-54.19239,3.05799],[-54.19258,3.06054],[-54.19282,3.06261],[-54.19471,3.06408],[-54.1945,3.06546],[-54.19206,3.06733],[-54.19082,3.0697],[-54.18736,3.07144],[-54.1837,3.07344],[-54.18113,3.07373],[-54.17886,3.07303],[-54.17722,3.07178],[-54.17585,3.07165],[-54.17495,3.07202],[-54.17436,3.07231],[-54.17418,3.073],[-54.17414,3.07586],[-54.17355,3.07792],[-54.17355,3.07963],[-54.17405,3.08146],[-54.17493,3.08248],[-54.17626,3.08308],[-54.17809,3.08306],[-54.17973,3.08377],[-54.18114,3.08593],[-54.18163,3.08913],[-54.18097,3.09239],[-54.18,3.09464],[-54.17855,3.09681],[-54.17693,3.0981],[-54.17559,3.10094],[-54.1748,3.1027],[-54.17389,3.10477],[-54.17364,3.10604],[-54.17381,3.10812],[-54.17438,3.10913],[-54.17517,3.10964],[-54.17638,3.10898],[-54.17728,3.10912],[-54.178,3.10962],[-54.17916,3.11205],[-54.17959,3.11702],[-54.17871,3.12129],[-54.17918,3.12307],[-54.18129,3.12467],[-54.18365,3.1252],[-54.18451,3.12673],[-54.18459,3.12853],[-54.18427,3.12955],[-54.18304,3.13207],[-54.18266,3.13471],[-54.1836,3.13544],[-54.18469,3.13555],[-54.1859,3.13548],[-54.18695,3.13446],[-54.18784,3.13272],[-54.18912,3.13236],[-54.19027,3.1332],[-54.19215,3.13499],[-54.19478,3.13497],[-54.19577,3.13252],[-54.19586,3.12819],[-54.19569,3.12557],[-54.1978,3.12379],[-54.19992,3.12439],[-54.20279,3.12566],[-54.20609,3.12599],[-54.21041,3.12642],[-54.21193,3.12836],[-54.21421,3.132],[-54.21455,3.13496],[-54.21286,3.13724],[-54.2088,3.13809],[-54.20305,3.14046],[-54.20085,3.14232],[-54.20161,3.1441],[-54.20457,3.14367],[-54.20795,3.14215],[-54.20973,3.14249],[-54.21168,3.14367],[-54.21328,3.14841],[-54.21404,3.15078],[-54.2132,3.15332],[-54.21142,3.15467],[-54.20812,3.15391],[-54.20432,3.15585],[-54.20043,3.15882],[-54.19924,3.16169],[-54.20144,3.16338],[-54.20339,3.16508],[-54.20389,3.16711],[-54.20364,3.17007],[-54.20195,3.17328],[-54.19949,3.17633],[-54.19679,3.18275],[-54.19543,3.18834],[-54.19392,3.19206],[-54.19458,3.19559],[-54.19316,3.19739],[-54.19014,3.1992],[-54.18883,3.20089],[-54.18883,3.20301],[-54.18949,3.20484],[-54.19143,3.20512],[-54.19312,3.20564],[-54.19344,3.20796],[-54.19212,3.20966],[-54.19018,3.21021],[-54.18893,3.20904],[-54.18702,3.20699],[-54.18526,3.20658],[-54.18214,3.20675],[-54.1785,3.2071],[-54.17666,3.20578],[-54.17469,3.20588],[-54.17369,3.20737],[-54.17337,3.20997],[-54.17354,3.21234],[-54.17095,3.21592],[-54.16956,3.21645],[-54.1684,3.21642],[-54.16746,3.2169],[-54.16693,3.2208],[-54.16574,3.22622],[-54.16334,3.22962],[-54.15668,3.23005],[-54.15266,3.23311],[-54.15287,3.24136],[-54.15192,3.24591],[-54.14484,3.25024],[-54.14272,3.25627],[-54.13733,3.26431],[-54.13451,3.26719],[-54.13215,3.26959],[-54.12929,3.277],[-54.12848,3.27943],[-54.12858,3.28171],[-54.1295,3.28431],[-54.1281,3.28626],[-54.12517,3.28858],[-54.12122,3.28885],[-54.11689,3.28756],[-54.11343,3.28759],[-54.11061,3.28761],[-54.10877,3.28967],[-54.10644,3.29259],[-54.10319,3.29454],[-54.10162,3.29687],[-54.10178,3.29995],[-54.09967,3.30109],[-54.09753,3.29948],[-54.09697,3.29735],[-54.09643,3.2971],[-54.09572,3.29682],[-54.09498,3.29634],[-54.09404,3.29544],[-54.09356,3.2951],[-54.09349,3.29471],[-54.09358,3.29427],[-54.09325,3.29412],[-54.09306,3.29409],[-54.09273,3.29416],[-54.09249,3.29427],[-54.09223,3.29434],[-54.09203,3.29424],[-54.09184,3.29415],[-54.09171,3.29402],[-54.09149,3.29393],[-54.09127,3.29385],[-54.09113,3.29381],[-54.09098,3.2937],[-54.09088,3.29359],[-54.09076,3.2935],[-54.09064,3.29341],[-54.09051,3.29335],[-54.09038,3.29332],[-54.09025,3.29324],[-54.09,3.29312],[-54.08987,3.29306],[-54.0896,3.29301],[-54.08939,3.29304],[-54.08922,3.29297],[-54.08911,3.29283],[-54.08887,3.29267],[-54.08776,3.2925],[-54.08692,3.29157],[-54.08616,3.29218],[-54.08597,3.2925],[-54.08621,3.29305],[-54.08554,3.29409],[-54.08469,3.29401],[-54.08397,3.29395],[-54.08373,3.2938],[-54.08358,3.29336],[-54.08347,3.29317],[-54.08326,3.29311],[-54.08249,3.2929],[-54.08162,3.2924],[-54.08111,3.29227],[-54.08017,3.29309],[-54.07989,3.29346],[-54.07971,3.29381],[-54.07978,3.29408],[-54.07988,3.29429],[-54.07976,3.29463],[-54.07915,3.29532],[-54.07852,3.29551],[-54.07724,3.29639],[-54.07705,3.297],[-54.07621,3.29765],[-54.0752,3.2985],[-54.07454,3.29911],[-54.07481,3.29936],[-54.07495,3.29969],[-54.07482,3.30004],[-54.07395,3.30119],[-54.07387,3.30161],[-54.07257,3.30192],[-54.07084,3.30226],[-54.06965,3.30269],[-54.06915,3.3033],[-54.06877,3.3038],[-54.06897,3.30415],[-54.06881,3.30439],[-54.06858,3.30517],[-54.06658,3.30749],[-54.0663,3.30922],[-54.06619,3.31026],[-54.06539,3.311],[-54.0642,3.31352],[-54.06438,3.31496],[-54.06429,3.31582],[-54.06433,3.31757],[-54.0646,3.31841],[-54.06438,3.31919],[-54.06493,3.32],[-54.06502,3.32019],[-54.06507,3.32035],[-54.06511,3.32046],[-54.06524,3.3206],[-54.06548,3.32072],[-54.06569,3.32086],[-54.0659,3.32105],[-54.06603,3.32133],[-54.06616,3.32151],[-54.06622,3.32163],[-54.06619,3.32174],[-54.06611,3.32184],[-54.06605,3.32191],[-54.066,3.32216],[-54.06604,3.32244],[-54.0662,3.32269],[-54.06627,3.32291],[-54.06636,3.32324],[-54.06649,3.32347],[-54.06678,3.32373],[-54.06683,3.32395],[-54.06675,3.32416],[-54.06672,3.32465],[-54.06662,3.32671],[-54.0662,3.32956],[-54.06473,3.33211],[-54.0624,3.3343],[-54.06324,3.33874],[-54.0626,3.34442],[-54.06189,3.3484],[-54.06204,3.35052],[-54.06214,3.35202],[-54.06128,3.35396],[-54.05895,3.35974],[-54.05829,3.35984],[-54.05737,3.35955],[-54.05596,3.36005],[-54.05393,3.36173],[-54.05329,3.36741],[-54.05393,3.37133],[-54.0592,3.37838],[-54.05983,3.38379],[-54.05787,3.38583],[-54.0543,3.38553],[-54.05113,3.38549],[-54.04812,3.38727],[-54.04626,3.3904],[-54.04414,3.39291],[-54.03996,3.39815],[-54.03322,3.40541],[-54.02548,3.40892],[-54.01948,3.4136],[-54.01677,3.41847],[-54.01322,3.42546],[-54.01187,3.42707],[-54.01599,3.43291],[-54.01879,3.43573],[-54.01977,3.43919],[-54.02019,3.44263],[-54.01942,3.44563],[-54.01863,3.4473],[-54.01687,3.44771],[-54.01635,3.45429],[-54.01683,3.4569],[-54.01613,3.45849],[-54.01503,3.45994],[-54.01346,3.46177],[-54.01078,3.46283],[-54.0093,3.46421],[-54.00894,3.46906],[-54.00827,3.47808],[-54.00904,3.49416],[-54.00826,3.50445],[-54.00699,3.50997],[-54.00463,3.51598],[-54.00062,3.52252],[-53.99969,3.52588],[-54.00047,3.52744],[-54.00382,3.52936],[-54.00548,3.53046],[-54.00791,3.53283],[-54.00932,3.53724],[-54.00818,3.5403],[-54.00631,3.54322],[-54.00664,3.54534],[-54.00572,3.54809],[-54.00509,3.55041],[-54.00495,3.55532],[-54.00465,3.55772],[-54.0044,3.56068],[-54.00388,3.56303],[-54.00262,3.56508],[-54.00107,3.56683],[-54.00011,3.56894],[-53.99941,3.57056],[-53.997,3.57326],[-53.99421,3.57564],[-53.98892,3.5782],[-53.98548,3.58243],[-53.98394,3.58721],[-53.98485,3.59224],[-53.98463,3.59551],[-53.98404,3.59758],[-53.98283,3.60081],[-53.98004,3.60551],[-53.97997,3.60746],[-53.98166,3.60933],[-53.98409,3.61111],[-53.988,3.6137],[-53.99009,3.61601],[-53.9911,3.61771],[-53.99153,3.62085],[-53.9923,3.6256],[-53.99436,3.6304],[-53.99711,3.63485],[-53.99988,3.63963],[-54.0007,3.641],[-54.0015,3.64229],[-54.00221,3.64348],[-54.00295,3.64476],[-54.00482,3.64713],[-54.00595,3.64805],[-54.00763,3.64932],[-54.00986,3.6503],[-54.01397,3.65098],[-54.01814,3.6494],[-54.02509,3.64479],[-54.02587,3.64361],[-54.02608,3.64191],[-54.02578,3.63828],[-54.02784,3.63262],[-54.03095,3.63115],[-54.0346,3.6324],[-54.03645,3.63311],[-54.03805,3.63383],[-54.03911,3.63441],[-54.04151,3.63525],[-54.04283,3.63532],[-54.04391,3.63451],[-54.04563,3.63341],[-54.05098,3.63497],[-54.0522,3.63738],[-54.05244,3.64048],[-54.04958,3.64889],[-54.05011,3.65176],[-54.05143,3.65456],[-54.05685,3.66021],[-54.07384,3.66929],[-54.07934,3.67066],[-54.08334,3.67544],[-54.08402,3.6774],[-54.08398,3.67856],[-54.08386,3.68028],[-54.08401,3.68157],[-54.08489,3.6837],[-54.08669,3.68839],[-54.08586,3.69276],[-54.08174,3.69944],[-54.07865,3.70783],[-54.07899,3.7152],[-54.08414,3.7229],[-54.09358,3.73198],[-54.0965,3.73421],[-54.09873,3.74175],[-54.09981,3.74569],[-54.10148,3.75185],[-54.1052,3.75846],[-54.10972,3.76333],[-54.11072,3.76488],[-54.11281,3.76813],[-54.11521,3.77789],[-54.11813,3.78508],[-54.11916,3.78765],[-54.12225,3.79262],[-54.12684,3.79792],[-54.13169,3.79964],[-54.1377,3.80153],[-54.14817,3.80307],[-54.15401,3.80392],[-54.16036,3.80461],[-54.16534,3.80444],[-54.1698,3.80392],[-54.17791,3.80132],[-54.18285,3.79964],[-54.18686,3.79989],[-54.19195,3.80109],[-54.19506,3.80337],[-54.19844,3.80661],[-54.19977,3.81034],[-54.20047,3.81348],[-54.20087,3.81866],[-54.2012,3.8222],[-54.20027,3.82368],[-54.19878,3.82398],[-54.19643,3.82532],[-54.19529,3.828],[-54.19457,3.83102],[-54.19229,3.8339],[-54.19007,3.83744],[-54.1892,3.84092],[-54.1898,3.84394],[-54.19143,3.84657],[-54.19331,3.84882],[-54.19531,3.85052],[-54.20376,3.85214],[-54.20808,3.85428],[-54.21915,3.85617],[-54.22429,3.85564],[-54.22693,3.85643],[-54.23041,3.85667],[-54.23447,3.85793],[-54.23657,3.86006],[-54.23954,3.8647],[-54.24149,3.86991],[-54.24317,3.87417],[-54.2486,3.88049],[-54.2529,3.89748],[-54.24993,3.90307],[-54.24833,3.9057],[-54.24886,3.90846],[-54.24946,3.90883],[-54.25059,3.90941],[-54.25217,3.91009],[-54.25285,3.91104],[-54.25462,3.91197],[-54.25578,3.9121],[-54.25655,3.91261],[-54.25738,3.91284],[-54.2599,3.91326],[-54.26172,3.91502],[-54.26277,3.91527],[-54.2641,3.91538],[-54.26451,3.9157],[-54.26452,3.91667],[-54.26497,3.91727],[-54.26578,3.91749],[-54.2661,3.91784],[-54.26765,3.91877],[-54.26869,3.91874],[-54.26991,3.91903],[-54.27692,3.92259],[-54.28258,3.92758],[-54.28937,3.93333],[-54.29058,3.93636],[-54.29134,3.93957],[-54.29187,3.94275],[-54.29293,3.94517],[-54.29501,3.94675],[-54.29678,3.94752],[-54.29671,3.9496],[-54.29629,3.95136],[-54.29627,3.95437],[-54.29771,3.95951],[-54.29848,3.96306],[-54.29902,3.96526],[-54.29972,3.96818],[-54.30025,3.97035],[-54.30178,3.9739],[-54.30155,3.97556],[-54.30212,3.97874],[-54.30199,3.98076],[-54.30223,3.98253],[-54.30376,3.98324],[-54.30623,3.9842],[-54.30729,3.98607],[-54.30824,3.98806],[-54.3088,3.99075],[-54.31031,3.99334],[-54.31049,3.99575],[-54.31081,3.99909],[-54.31586,4.00807],[-54.31655,4.00973],[-54.31762,4.01155],[-54.31791,4.01326],[-54.31886,4.015],[-54.32131,4.01635],[-54.3255,4.02163],[-54.32769,4.02383],[-54.32877,4.02577],[-54.33151,4.02975],[-54.33384,4.03313],[-54.33733,4.03758],[-54.33845,4.03804],[-54.34086,4.04089],[-54.34382,4.04368],[-54.34498,4.04452],[-54.34644,4.04483],[-54.3479,4.04468],[-54.34924,4.04373],[-54.35084,4.04326],[-54.35307,4.04409],[-54.35602,4.04632],[-54.35787,4.04906],[-54.35814,4.0515],[-54.35621,4.05488],[-54.35491,4.05785],[-54.35374,4.06394],[-54.35335,4.06675],[-54.35234,4.0687],[-54.35203,4.07163],[-54.35215,4.07315],[-54.34985,4.07758],[-54.34764,4.08155],[-54.34713,4.08425],[-54.34736,4.08696],[-54.34623,4.08878],[-54.34497,4.09051],[-54.34477,4.09241],[-54.34476,4.0946],[-54.34533,4.09676],[-54.34669,4.10006],[-54.34672,4.10259],[-54.34588,4.10525],[-54.34506,4.10694],[-54.34521,4.1088],[-54.34495,4.11248],[-54.34316,4.11552],[-54.34054,4.11721],[-54.33522,4.12074],[-54.33308,4.12457],[-54.32944,4.12911],[-54.32675,4.13042],[-54.32563,4.13193],[-54.32389,4.1357],[-54.32371,4.14169],[-54.32457,4.1482],[-54.33161,4.15162],[-54.33882,4.15368],[-54.34569,4.15864],[-54.35204,4.16446],[-54.35547,4.16874],[-54.36405,4.17234],[-54.36817,4.1761],[-54.37212,4.17713],[-54.38122,4.17713],[-54.385,4.17816],[-54.38637,4.17968],[-54.38809,4.18158],[-54.38915,4.18395],[-54.39032,4.18655],[-54.39255,4.19631],[-54.3959,4.20417],[-54.39599,4.20802],[-54.39444,4.21171],[-54.3927,4.2166],[-54.3929,4.21947],[-54.39345,4.22289],[-54.39321,4.2243],[-54.393,4.22553],[-54.39154,4.22851],[-54.39011,4.23211],[-54.39035,4.23464],[-54.39038,4.23492],[-54.38989,4.2377],[-54.38952,4.24184],[-54.38931,4.2428],[-54.38859,4.24595],[-54.38689,4.25006],[-54.38448,4.25708],[-54.38311,4.26153],[-54.38208,4.26889],[-54.38388,4.27192],[-54.38689,4.27506],[-54.39015,4.27968],[-54.39238,4.28738],[-54.39289,4.29611],[-54.39358,4.30364],[-54.39307,4.30963],[-54.39279,4.31304],[-54.39095,4.32301],[-54.39075,4.32486],[-54.38964,4.32593],[-54.38932,4.32643],[-54.38889,4.32795],[-54.38886,4.32926],[-54.38922,4.33001],[-54.38992,4.33076],[-54.39036,4.3314],[-54.39056,4.33221],[-54.3906,4.33333],[-54.39023,4.33588],[-54.3894,4.34125],[-54.389,4.34216],[-54.38795,4.34359],[-54.38661,4.34685],[-54.38596,4.34889],[-54.38572,4.35092],[-54.38627,4.35242],[-54.38735,4.3543],[-54.38812,4.35583],[-54.38929,4.3579],[-54.39434,4.36405],[-54.39678,4.36638],[-54.39992,4.36864],[-54.40138,4.36929],[-54.4028,4.36945],[-54.4048,4.36925],[-54.4062,4.36946],[-54.40786,4.37015],[-54.41046,4.3725],[-54.412,4.37345],[-54.41384,4.37416],[-54.41519,4.37495],[-54.41788,4.37706],[-54.41814,4.3778],[-54.41815,4.37863],[-54.41744,4.38118],[-54.41654,4.38304],[-54.41594,4.3856],[-54.41583,4.38759],[-54.41631,4.38931],[-54.41727,4.39176],[-54.41744,4.3927],[-54.41731,4.39363],[-54.41622,4.39608],[-54.41597,4.39665],[-54.41597,4.39722],[-54.41635,4.39792],[-54.41651,4.39875],[-54.41616,4.40016],[-54.41479,4.40272],[-54.41467,4.40366],[-54.41492,4.40702],[-54.41498,4.40789],[-54.41487,4.40876],[-54.41481,4.40937],[-54.41455,4.41003],[-54.41336,4.41131],[-54.41325,4.41168],[-54.41331,4.41219],[-54.4138,4.41277],[-54.41453,4.41344],[-54.41497,4.41449],[-54.41574,4.41621],[-54.4169,4.41724],[-54.41831,4.41824],[-54.42097,4.41986],[-54.42202,4.42046],[-54.42314,4.42068],[-54.42431,4.42062],[-54.42669,4.41944],[-54.42779,4.41873],[-54.42873,4.41804],[-54.43122,4.41727],[-54.43339,4.41696],[-54.43426,4.41695],[-54.43678,4.41617],[-54.43792,4.41685],[-54.43905,4.41756],[-54.44056,4.41972],[-54.44111,4.42583],[-54.44194,4.43083],[-54.4425,4.43694],[-54.44306,4.44306],[-54.44389,4.44917],[-54.44444,4.45528],[-54.44528,4.46139],[-54.44611,4.4675],[-54.44667,4.47389],[-54.4484,4.4804],[-54.44861,4.48528],[-54.44917,4.49139],[-54.45056,4.49694],[-54.45139,4.50306],[-54.45222,4.50917],[-54.45139,4.51556],[-54.45,4.52083],[-54.44806,4.52556],[-54.44444,4.52917],[-54.44111,4.5325],[-54.43778,4.53583],[-54.435,4.54],[-54.43222,4.54417],[-54.42944,4.54833],[-54.4275,4.55306],[-54.42528,4.55778],[-54.42491,4.55832],[-54.42354,4.56038],[-54.4225,4.56194],[-54.42111,4.56722],[-54.42056,4.57361],[-54.42,4.57972],[-54.42,4.58639],[-54.42,4.59333],[-54.42111,4.59889],[-54.4225,4.60417],[-54.42417,4.60972],[-54.42579,4.61331],[-54.42833,4.61917],[-54.43028,4.62417],[-54.43222,4.62889],[-54.43361,4.63417],[-54.43583,4.63917],[-54.43694,4.64444],[-54.43861,4.65],[-54.43972,4.65556],[-54.43972,4.66222],[-54.43972,4.66917],[-54.43861,4.67444],[-54.43694,4.68],[-54.435,4.68472],[-54.43444,4.69083],[-54.43278,4.69639],[-54.43278,4.70333],[-54.43444,4.70861],[-54.43583,4.71417],[-54.43889,4.7175],[-54.44306,4.72028],[-54.44722,4.72306],[-54.45222,4.725],[-54.4575,4.72639],[-54.46306,4.72778],[-54.46778,4.73],[-54.47194,4.7325],[-54.47472,4.73667],[-54.47611,4.74222],[-54.4775,4.74778],[-54.47806,4.75389],[-54.47806,4.76056],[-54.47694,4.76611],[-54.47611,4.77222],[-54.47528,4.77833],[-54.47528,4.78528],[-54.47528,4.79194],[-54.47611,4.79833],[-54.47611,4.805],[-54.47611,4.81194],[-54.47611,4.81861],[-54.47611,4.82556],[-54.47472,4.83083],[-54.47417,4.83722],[-54.47333,4.84333],[-54.47333,4.85],[-54.47333,4.85694],[-54.47472,4.8625],[-54.47522,4.8644],[-54.47611,4.86778],[-54.47806,4.8725],[-54.48028,4.8775],[-54.48278,4.88139],[-54.48444,4.88694],[-54.48556,4.8925],[-54.48639,4.89861],[-54.485,4.90389],[-54.48222,4.90806],[-54.47944,4.91222],[-54.47528,4.915],[-54.47194,4.91833],[-54.46778,4.92111],[-54.46303,4.92248],[-54.45879,4.92489],[-54.45531,4.92795],[-54.45036,4.93233],[-54.44525,4.93657],[-54.44289,4.94256],[-54.43993,4.94922],[-54.43928,4.95554],[-54.43914,4.96291],[-54.43913,4.96776],[-54.4396,4.97289],[-54.44143,4.98027],[-54.43823,4.98575],[-54.43666,4.99103],[-54.43665,4.99798],[-54.43786,5.0043],[-54.43767,5.00846],[-54.43812,5.01233],[-54.43758,5.01691],[-54.43628,5.01974],[-54.43407,5.02299],[-54.43122,5.02604],[-54.42844,5.02873],[-54.42573,5.03395],[-54.42408,5.03805],[-54.42301,5.04293],[-54.42079,5.04709],[-54.41943,5.05112],[-54.41819,5.05528],[-54.4159,5.06163],[-54.41467,5.06481],[-54.41169,5.06919],[-54.40849,5.07414],[-54.40727,5.08041],[-54.40556,5.08417],[-54.40222,5.08778],[-54.39861,5.09111],[-54.39528,5.09444],[-54.39111,5.09722],[-54.38697,5.09951],[-54.38274,5.10238],[-54.37824,5.10498],[-54.374,5.1089],[-54.37029,5.11707],[-54.36887,5.1218],[-54.36758,5.12553],[-54.36663,5.12979],[-54.36608,5.13445],[-54.36417,5.1375],[-54.35972,5.13944],[-54.35472,5.14167],[-54.35139,5.145],[-54.34778,5.14833],[-54.34757,5.15373],[-54.34754,5.15845],[-54.34464,5.16385],[-54.34183,5.16762],[-54.33806,5.17179],[-54.335,5.17639],[-54.33278,5.18111],[-54.33,5.18528],[-54.3275,5.18944],[-54.32556,5.19417],[-54.32333,5.19889],[-54.32056,5.20306],[-54.31833,5.20778],[-54.31556,5.21194],[-54.31306,5.21583],[-54.31028,5.22],[-54.3075,5.22417],[-54.30472,5.22833],[-54.30194,5.23222],[-54.30067,5.23435],[-54.29944,5.23639],[-54.29667,5.24056],[-54.29333,5.24389],[-54.29028,5.24806],[-54.28694,5.25139],[-54.28333,5.25472],[-54.28,5.25833],[-54.27667,5.26167],[-54.2725,5.26444],[-54.26917,5.26778],[-54.265,5.27056],[-54.26309,5.27192],[-54.26111,5.27333],[-54.25742,5.27577],[-54.25278,5.27861],[-54.24917,5.28222],[-54.245,5.285],[-54.24083,5.2875],[-54.23694,5.29028],[-54.23222,5.2925],[-54.22871,5.29611],[-54.22337,5.29787],[-54.21759,5.29935],[-54.21278,5.30056],[-54.20833,5.3025],[-54.20417,5.30528],[-54.2,5.30806],[-54.19667,5.31139],[-54.19306,5.315],[-54.19056,5.31889],[-54.18667,5.3225],[-54.18417,5.32639],[-54.18056,5.33],[-54.17806,5.33417],[-54.17444,5.3375],[-54.17194,5.34139],[-54.16833,5.345],[-54.16694,5.34694],[-54.165,5.35028],[-54.16083,5.35306],[-54.1575,5.35528],[-54.15417,5.35861],[-54.15194,5.36194],[-54.14833,5.36528],[-54.14583,5.36944],[-54.14222,5.37306],[-54.1392,5.37798],[-54.13656,5.3825],[-54.1341,5.38681],[-54.13276,5.39247],[-54.13194,5.39667],[-54.13,5.40167],[-54.12806,5.40639],[-54.12528,5.41028],[-54.12194,5.41389],[-54.11917,5.41806],[-54.1154,5.4217],[-54.11144,5.42518],[-54.10801,5.42741],[-54.10433,5.43083],[-54.10041,5.43478],[-54.09673,5.43839],[-54.09343,5.44207],[-54.09134,5.44707],[-54.08986,5.45065],[-54.0879,5.4541],[-54.08472,5.4575],[-54.08207,5.46056],[-54.07918,5.46389],[-54.07554,5.46766],[-54.07171,5.47155],[-54.06841,5.47469],[-54.06483,5.47895],[-54.06211,5.48294],[-54.05863,5.48547],[-54.05433,5.48772],[-54.05056,5.49028],[-54.04842,5.49158],[-54.04778,5.49444],[-54.045,5.49833],[-54.04222,5.5025],[-54.03889,5.50583],[-54.03611,5.51],[-54.03333,5.51417],[-54.03083,5.51833],[-54.02722,5.52167],[-54.02444,5.52583],[-54.02167,5.52972],[-54.01917,5.53389],[-54.01639,5.53806],[-54.01333,5.54222],[-54.01083,5.54611],[-54.00777,5.55107],[-54.00566,5.55813],[-54.00579,5.56627],[-54.00507,5.57226],[-54.0051,5.57817],[-54.00856,5.585],[-54.01198,5.58782],[-54.015,5.59111],[-54.01694,5.59611],[-54.01845,5.60083],[-54.02056,5.60611],[-54.0225,5.61167],[-54.02294,5.61649],[-54.02306,5.61778],[-54.02333,5.61976],[-54.02389,5.62389],[-54.02528,5.62944],[-54.02528,5.63611],[-54.02389,5.64167],[-54.02371,5.64237],[-54.0225,5.64722],[-54.02192,5.65148],[-54.02167,5.65333],[-54.02056,5.65861],[-54.01833,5.66333],[-54.01694,5.66889],[-54.015,5.67361],[-54.01306,5.67861],[-54.01083,5.68333],[-54.00944,5.68861],[-54.00722,5.69333],[-54.00528,5.69833],[-54.00306,5.70306],[-54.00056,5.70722],[-53.99861,5.71194],[-53.99556,5.71611],[-53.9925,5.71944],[-53.98944,5.72333],[-53.98694,5.7275],[-53.985,5.73111],[-53.98194,5.735],[-53.98,5.73972],[-53.97722,5.74389],[-53.97472,5.74806],[-53.98574,5.74892],[-53.98591,5.7493],[-53.98607,5.74956],[-53.98621,5.74992],[-53.9865,5.75105],[-53.98635,5.75127],[-53.98639,5.75137],[-53.98655,5.75138],[-53.98674,5.75169],[-53.98702,5.7517],[-53.98715,5.75205],[-53.989,5.75453],[-53.99121,5.75832],[-53.99194,5.76079],[-53.9959,5.76937],[-53.99713,5.77204],[-53.99812,5.77421],[-54.00024,5.77911],[-54.00761,5.79598],[-54.01408,5.80948],[-54.01521,5.8116],[-54.01571,5.81409],[-54.01511,5.81937],[-54.01563,5.8194],[-54.0161,5.81422],[-54.01504,5.80911],[-54.01149,5.80033],[-54.01239,5.80008],[-54.0134,5.80394],[-54.01391,5.80394],[-54.01441,5.80652],[-54.01519,5.80653],[-54.01695,5.81271],[-54.01875,5.81247],[-54.01963,5.81608],[-54.02271,5.81738],[-54.02284,5.81789],[-54.02335,5.8179],[-54.02336,5.81738],[-54.02413,5.81739],[-54.02412,5.81816],[-54.02592,5.81868],[-54.02592,5.8192],[-54.02784,5.81998],[-54.02797,5.8205],[-54.02848,5.8205],[-54.02839,5.82093],[-54.02642,5.82152],[-54.02589,5.82409],[-54.02563,5.82409],[-54.02564,5.82332],[-54.02487,5.82357],[-54.02461,5.8228],[-54.02307,5.82266],[-54.02255,5.82317],[-54.01895,5.82328],[-54.01869,5.82431],[-54.01663,5.8243],[-54.01663,5.82507],[-54.01689,5.82507],[-54.01689,5.82533],[-54.01791,5.82611],[-54.01816,5.8274],[-54.0197,5.82792],[-54.0197,5.82843],[-54.02098,5.8287],[-54.02098,5.82921],[-54.02149,5.82922],[-54.02302,5.8318],[-54.02379,5.8318],[-54.0238,5.83129],[-54.02303,5.83128],[-54.02303,5.8305],[-54.02354,5.83082],[-54.02534,5.83194],[-54.02688,5.83208],[-54.02687,5.83259],[-54.02859,5.83299],[-54.02841,5.83337],[-54.02893,5.83299],[-54.02875,5.83273],[-54.0297,5.83261],[-54.02996,5.83338],[-54.03227,5.83417],[-54.03226,5.83468],[-54.03406,5.83521],[-54.03406,5.83572],[-54.03561,5.83624],[-54.03559,5.83676],[-54.03739,5.83728],[-54.03727,5.83676],[-54.03291,5.83417],[-54.03202,5.83249],[-54.0315,5.83236],[-54.03176,5.83185],[-54.03767,5.83265],[-54.03716,5.832],[-54.03639,5.83187],[-54.03623,5.83093],[-54.03794,5.83085],[-54.03794,5.83136],[-54.04564,5.83282],[-54.04719,5.8327],[-54.04744,5.83347],[-54.04898,5.83335],[-54.05129,5.83375],[-54.05129,5.83427],[-54.06003,5.83561],[-54.06012,5.83543],[-54.07132,5.83862],[-54.07312,5.8385],[-54.07287,5.83798],[-54.07389,5.83799],[-54.07389,5.83722],[-54.07852,5.83853],[-54.07827,5.83904],[-54.07981,5.83892],[-54.0834,5.83971],[-54.09111,5.84181],[-54.0929,5.84221],[-54.0929,5.84272],[-54.0965,5.84351],[-54.09649,5.84429],[-54.10676,5.84807],[-54.10881,5.84937],[-54.11009,5.84951],[-54.10984,5.84912],[-54.10548,5.84742],[-54.10548,5.84691],[-54.09855,5.84417],[-54.09804,5.84301],[-54.10292,5.84387],[-54.10318,5.84362],[-54.10369,5.84375],[-54.1037,5.84323],[-54.11832,5.84897],[-54.11832,5.84949],[-54.11909,5.84936],[-54.1273,5.85288],[-54.1273,5.8534],[-54.12833,5.8534],[-54.12807,5.85392],[-54.14218,5.85862],[-54.14218,5.85914],[-54.14527,5.85993],[-54.14526,5.86045],[-54.14719,5.86276],[-54.15259,5.86543],[-54.15719,5.868],[-54.16162,5.87013],[-54.16702,5.87192],[-54.16973,5.8727],[-54.1722,5.87403],[-54.1757,5.87568],[-54.17579,5.87611],[-54.18066,5.87819],[-54.18066,5.87845],[-54.18091,5.87845],[-54.18143,5.87845],[-54.18322,5.87954],[-54.18476,5.88053],[-54.18656,5.88105],[-54.18656,5.88157],[-54.18836,5.88184],[-54.18836,5.88235],[-54.18861,5.88235],[-54.18861,5.88209],[-54.18964,5.8821],[-54.19016,5.8821],[-54.19195,5.88314],[-54.1958,5.88471],[-54.19725,5.88508],[-54.19837,5.88549],[-54.19966,5.8855],[-54.19992,5.88498],[-54.20326,5.885],[-54.20326,5.88552],[-54.20377,5.88552],[-54.20377,5.88578],[-54.20454,5.88578],[-54.2054,5.88618],[-54.20666,5.88608],[-54.20762,5.88551],[-54.20825,5.88546],[-54.20905,5.88565],[-54.21149,5.8845],[-54.21282,5.88514],[-54.21447,5.8858],[-54.21607,5.88574],[-54.21714,5.88536],[-54.21826,5.88612],[-54.21963,5.88612],[-54.21985,5.88669],[-54.22245,5.88789],[-54.22503,5.88933],[-54.2271,5.88999],[-54.22878,5.89001],[-54.23081,5.89097],[-54.2318,5.89097],[-54.23227,5.8914],[-54.23375,5.89161],[-54.23417,5.89197],[-54.23525,5.89201],[-54.2358,5.89259],[-54.23741,5.89295],[-54.23919,5.89333],[-54.24141,5.89378],[-54.24332,5.89457],[-54.24553,5.89482],[-54.24731,5.89533],[-54.24902,5.89565],[-54.25155,5.89606],[-54.25345,5.89647],[-54.25438,5.89659],[-54.25488,5.89659],[-54.25488,5.8971],[-54.25515,5.89711],[-54.25541,5.89711],[-54.25643,5.89737],[-54.25695,5.89764],[-54.25772,5.89789],[-54.26414,5.89998],[-54.26413,5.90024],[-54.26568,5.90026],[-54.26593,5.90026],[-54.26593,5.90051],[-54.26645,5.90051],[-54.2685,5.90103],[-54.26953,5.9013],[-54.2721,5.90208],[-54.2721,5.9026],[-54.27441,5.90312],[-54.27569,5.9039],[-54.27929,5.90469],[-54.27928,5.90521],[-54.28905,5.90641],[-54.29496,5.90696],[-54.2959,5.90744],[-54.29599,5.90786],[-54.29805,5.90736],[-54.29779,5.90697],[-54.29702,5.90709],[-54.29702,5.90735],[-54.29608,5.90726],[-54.29574,5.9067],[-54.29239,5.90643],[-54.29188,5.90591],[-54.2906,5.90628],[-54.29034,5.90603],[-54.29169,5.90495],[-54.29365,5.90505],[-54.29661,5.9049],[-54.29861,5.90505],[-54.30142,5.90568],[-54.30422,5.9061],[-54.30496,5.90742],[-54.30406,5.90879],[-54.30654,5.90999],[-54.30924,5.91136],[-54.31186,5.91168],[-54.31456,5.91209],[-54.31702,5.91229],[-54.31875,5.91262],[-54.3212,5.91351],[-54.32388,5.91366],[-54.32523,5.91376],[-54.32553,5.91239],[-54.32495,5.91064],[-54.32283,5.90971],[-54.31974,5.90874],[-54.32386,5.90928],[-54.32771,5.91052],[-54.33009,5.91084],[-54.33324,5.91057],[-54.33665,5.91203],[-54.33866,5.91192],[-54.34391,5.91402],[-54.35123,5.91494],[-54.35616,5.91575],[-54.36191,5.91769],[-54.3663,5.91904],[-54.37161,5.92014],[-54.37779,5.92165],[-54.38338,5.92311],[-54.3895,5.9244],[-54.39541,5.9258],[-54.40105,5.92694],[-54.40576,5.92775],[-54.40874,5.92861],[-54.41308,5.92904],[-54.41899,5.93066],[-54.42555,5.93152],[-54.43064,5.93324],[-54.43514,5.93411],[-54.4378,5.93492],[-54.44165,5.93548],[-54.44663,5.93608],[-54.4514,5.93656],[-54.45739,5.93775],[-54.46653,5.93938],[-54.47836,5.9413],[-54.48825,5.94219],[-54.49814,5.94308],[-54.50914,5.945],[-54.51636,5.94589],[-54.52192,5.94601],[-54.52294,5.94626],[-54.5304,5.94708],[-54.53168,5.94683],[-54.53376,5.9474],[-54.53605,5.94788],[-54.53709,5.94788],[-54.5448,5.94869],[-54.5448,5.9492],[-54.5597,5.95326],[-54.5674,5.95498],[-54.56774,5.95506],[-54.57226,5.95605],[-54.57982,5.95727],[-54.58447,5.95809],[-54.58662,5.9587],[-54.58943,5.95819],[-54.59291,5.95986],[-54.59766,5.95941],[-54.60139,5.96124],[-54.60931,5.96391],[-54.62015,5.96558],[-54.62879,5.96736],[-54.63671,5.96879],[-54.64468,5.97067],[-54.65066,5.9724],[-54.66084,5.97392],[-54.67234,5.97509],[-54.68379,5.97651],[-54.6937,5.97809],[-54.6949,5.97828],[-54.70352,5.97961],[-54.71128,5.97961],[-54.71366,5.97985],[-54.71885,5.98038],[-54.72309,5.98063],[-54.72902,5.98073],[-54.73296,5.9817],[-54.73817,5.98134],[-54.74344,5.98226],[-54.74804,5.98292],[-54.75258,5.98292],[-54.75729,5.98261],[-54.76163,5.9819],[-54.76633,5.9817],[-54.76991,5.98195],[-54.77436,5.98251],[-54.77901,5.98358],[-54.78284,5.98383],[-54.78647,5.98414],[-54.78872,5.98712],[-54.79062,5.98879],[-54.79465,5.99138],[-54.79786,5.99175],[-54.8041,5.99201],[-54.81458,5.99194],[-54.81807,5.99236],[-54.82148,5.99339],[-54.82218,5.9933],[-54.82326,5.99356],[-54.82477,5.99367],[-54.82677,5.99391],[-54.83037,5.99436],[-54.83302,5.99447],[-54.83503,5.99478],[-54.837,5.99487],[-54.83944,5.9951],[-54.84225,5.99517],[-54.84551,5.99516],[-54.84924,5.9953],[-54.85198,5.99514],[-54.85705,5.99439],[-54.86066,5.99347],[-54.86064,5.99224],[-54.85989,5.99134],[-54.85731,5.98887],[-54.85638,5.98761],[-54.85631,5.98679],[-54.85633,5.98613],[-54.8567,5.98595],[-54.85668,5.98622],[-54.85667,5.98676],[-54.85673,5.98738],[-54.8571,5.98809],[-54.85769,5.9888],[-54.8586,5.98972],[-54.85961,5.99056],[-54.85963,5.98999],[-54.85947,5.98918],[-54.86004,5.98887],[-54.86248,5.98789],[-54.86575,5.98788],[-54.86697,5.98784],[-54.86781,5.98763],[-54.87626,5.98864],[-54.87691,5.98852],[-54.8896,5.99038],[-54.89096,5.99055],[-54.89459,5.99073],[-54.89765,5.99083],[-54.91377,5.99127],[-54.91412,5.99128],[-54.91618,5.99168],[-54.92097,5.99189],[-54.92662,5.99155],[-54.93255,5.99196],[-54.93781,5.99208],[-54.94442,5.99126],[-54.95163,5.99113],[-54.95637,5.99114],[-54.96002,5.99131],[-54.96412,5.99146],[-54.96767,5.99235],[-54.97155,5.99317],[-54.97568,5.99371],[-54.98026,5.9943],[-54.98976,5.99456],[-55.00134,5.9944],[-55.00579,5.99432],[-55.0111,5.99436],[-55.01845,5.99425],[-55.02122,5.99419],[-55.0252,5.99388],[-55.02967,5.99373],[-55.03357,5.99343],[-55.03711,5.99335],[-55.04176,5.99327],[-55.04805,5.99288],[-55.05775,5.99182],[-55.06074,5.99168],[-55.06312,5.99137],[-55.06818,5.99102],[-55.07459,5.99021],[-55.0799,5.9896],[-55.08481,5.98858],[-55.08752,5.98806],[-55.09028,5.98737],[-55.09327,5.98688],[-55.09583,5.98607],[-55.09811,5.98551],[-55.1004,5.98483],[-55.1031,5.98418],[-55.10584,5.98348],[-55.10796,5.98293],[-55.11144,5.98207],[-55.11405,5.98132],[-55.11581,5.98092],[-55.1184,5.97997],[-55.12067,5.97925],[-55.12313,5.97838],[-55.1247,5.97785],[-55.12625,5.97725],[-55.12802,5.97688],[-55.12953,5.97614],[-55.13149,5.9749],[-55.13268,5.97429],[-55.13375,5.97403],[-55.13674,5.9725],[-55.13945,5.97135],[-55.14072,5.97062],[-55.14545,5.96868],[-55.14649,5.96806],[-55.15073,5.96546],[-55.15141,5.96542],[-55.1525,5.96469],[-55.15358,5.9635],[-55.15485,5.9624],[-55.15616,5.96116],[-55.15667,5.96007],[-55.15793,5.95745],[-55.15798,5.95441],[-55.15916,5.95354],[-55.15978,5.95312],[-55.16137,5.95211],[-55.16185,5.95158],[-55.16468,5.94927],[-55.16469,5.94876],[-55.16572,5.94825],[-55.16611,5.94619],[-55.16495,5.9458],[-55.16375,5.94358],[-55.16277,5.94258],[-55.16242,5.9433],[-55.16299,5.94371],[-55.16389,5.94465],[-55.16392,5.94509],[-55.16367,5.94541],[-55.16366,5.94644],[-55.16341,5.94592],[-55.16136,5.94732],[-55.16121,5.94849],[-55.16031,5.95016],[-55.15827,5.94948],[-55.15579,5.94909],[-55.1555,5.94857],[-55.15449,5.94751],[-55.15314,5.9439],[-55.15254,5.94334],[-55.1467,5.94007],[-55.14613,5.93967],[-55.1449,5.9389],[-55.14439,5.93859],[-55.14362,5.93774],[-55.14311,5.93735],[-55.14002,5.93566],[-55.13902,5.93511],[-55.1377,5.93475],[-55.13693,5.9343],[-55.13403,5.93275],[-55.13257,5.93216],[-55.13177,5.93178],[-55.13123,5.93135],[-55.13077,5.93112],[-55.12936,5.92983],[-55.12769,5.92828],[-55.12641,5.92686],[-55.12308,5.92388],[-55.12244,5.92311],[-55.12085,5.92139],[-55.11739,5.91822],[-55.11525,5.91664],[-55.1107,5.91231],[-55.10974,5.91134],[-55.10917,5.91072],[-55.10833,5.90992],[-55.10744,5.90843],[-55.10641,5.90759],[-55.10384,5.90542],[-55.10025,5.90334],[-55.09556,5.90271],[-55.0912,5.90269],[-55.09021,5.90276],[-55.08354,5.9034],[-55.07473,5.90323],[-55.07273,5.90319],[-55.07241,5.90315],[-55.06633,5.9024],[-55.06585,5.90234],[-55.06484,5.9021],[-55.06191,5.9014],[-55.05805,5.90023],[-55.05672,5.89969],[-55.04212,5.89374],[-55.04018,5.89206],[-55.04228,5.88888],[-55.04448,5.88545],[-55.04574,5.8858],[-55.04601,5.8859],[-55.05169,5.88799],[-55.05215,5.88816],[-55.05671,5.88911],[-55.06064,5.89005],[-55.06403,5.89067],[-55.0676,5.89108],[-55.07251,5.89145],[-55.07326,5.89151],[-55.08061,5.8919],[-55.08266,5.89158],[-55.08538,5.89116],[-55.08632,5.89093],[-55.0897,5.89028],[-55.09003,5.89061],[-55.09071,5.89042],[-55.09135,5.89027],[-55.09176,5.89052],[-55.09229,5.89025],[-55.09338,5.89051],[-55.09414,5.89038],[-55.10237,5.88897],[-55.1165,5.88654],[-55.11691,5.88683],[-55.11713,5.88701],[-55.11776,5.88766],[-55.11851,5.88866],[-55.11911,5.8895],[-55.11993,5.89042],[-55.12083,5.89134],[-55.12159,5.89203],[-55.12252,5.89288],[-55.1245,5.8944],[-55.1266,5.89613],[-55.12882,5.89776],[-55.13074,5.89914],[-55.13237,5.90028],[-55.13412,5.90121],[-55.13465,5.9018],[-55.13663,5.90302],[-55.13861,5.90434],[-55.14011,5.90509],[-55.14078,5.90533],[-55.14143,5.90548],[-55.14198,5.90557],[-55.14258,5.90568],[-55.14325,5.90582],[-55.14402,5.9061],[-55.14492,5.90629],[-55.14558,5.90651],[-55.14621,5.90679],[-55.1463,5.90705],[-55.1465,5.90707],[-55.1476,5.90738],[-55.14869,5.90758],[-55.14906,5.90761],[-55.14939,5.90742],[-55.15013,5.90766],[-55.1505,5.90728],[-55.15072,5.90753],[-55.15123,5.90768],[-55.15158,5.90744],[-55.15191,5.90742],[-55.15178,5.90761],[-55.15191,5.90771],[-55.15205,5.90759],[-55.15206,5.90744],[-55.15227,5.90752],[-55.15245,5.90738],[-55.1529,5.90745],[-55.15311,5.90789],[-55.15353,5.90793],[-55.1538,5.9078],[-55.15427,5.90789],[-55.15425,5.90811],[-55.1544,5.90812],[-55.15444,5.90785],[-55.15462,5.90783],[-55.15477,5.90806],[-55.15494,5.90794],[-55.15524,5.90834],[-55.15716,5.9086],[-55.15775,5.90898],[-55.1582,5.90863],[-55.1583,5.90819],[-55.15855,5.90771],[-55.15893,5.90739],[-55.16008,5.9071],[-55.16159,5.90684],[-55.16315,5.90675],[-55.16411,5.90665],[-55.16458,5.90648],[-55.16524,5.90611],[-55.16595,5.90567],[-55.16702,5.90543],[-55.16828,5.90497],[-55.16904,5.90471],[-55.17035,5.90399],[-55.17178,5.90322],[-55.17241,5.903],[-55.173,5.90304],[-55.17356,5.90332],[-55.17418,5.90341],[-55.17461,5.90313],[-55.175,5.90264],[-55.17526,5.90182],[-55.17615,5.90055],[-55.1765,5.89996],[-55.17677,5.89978],[-55.17751,5.89978],[-55.17805,5.89978],[-55.17848,5.8995],[-55.1786,5.89933],[-55.17879,5.89924],[-55.17917,5.89938],[-55.1794,5.89953],[-55.17961,5.89942],[-55.18064,5.89605],[-55.1821,5.89601],[-55.18379,5.89596],[-55.18616,5.89562],[-55.18806,5.89589],[-55.18922,5.89581],[-55.19058,5.89602],[-55.19328,5.89647],[-55.19582,5.89687],[-55.19738,5.89657],[-55.19921,5.89641],[-55.20133,5.89693],[-55.20324,5.89734],[-55.20455,5.89757],[-55.20586,5.89812],[-55.20675,5.89761],[-55.20846,5.89823],[-55.20986,5.8987],[-55.21124,5.89851],[-55.21256,5.8983],[-55.21404,5.89925],[-55.21562,5.89939],[-55.21628,5.90059],[-55.21714,5.90061],[-55.21831,5.9009],[-55.21914,5.90044],[-55.22051,5.90035],[-55.2242,5.90157],[-55.22567,5.90165],[-55.22581,5.90492],[-55.22593,5.90501],[-55.22611,5.90478],[-55.22649,5.90447],[-55.22668,5.90443],[-55.22673,5.9042],[-55.22698,5.9042],[-55.22718,5.90343],[-55.22798,5.90376],[-55.22785,5.90318],[-55.22756,5.90289],[-55.22792,5.90272],[-55.22912,5.90321],[-55.23021,5.9036],[-55.23092,5.90393],[-55.23118,5.90424],[-55.23245,5.9049],[-55.23346,5.90545],[-55.23429,5.90596],[-55.23486,5.90641],[-55.237,5.90744],[-55.23887,5.90843],[-55.24021,5.90947],[-55.24071,5.90945],[-55.24121,5.91007],[-55.24171,5.91022],[-55.24201,5.91016],[-55.24243,5.91017],[-55.24297,5.91019],[-55.24502,5.91121],[-55.24631,5.91185],[-55.24636,5.91187],[-55.2465,5.91195],[-55.24981,5.91328],[-55.2513,5.91388],[-55.25162,5.91402],[-55.25416,5.91518],[-55.25524,5.91559],[-55.25623,5.91596],[-55.25827,5.91704],[-55.25924,5.91749],[-55.26031,5.9179],[-55.26162,5.91851],[-55.26335,5.91959],[-55.26465,5.92015],[-55.26808,5.9219],[-55.26965,5.92283],[-55.26993,5.92313],[-55.27029,5.92335],[-55.27066,5.92353],[-55.27091,5.92352],[-55.27171,5.92335],[-55.27243,5.9233],[-55.27385,5.92416],[-55.27544,5.92537],[-55.27701,5.9265],[-55.27749,5.9272],[-55.27862,5.92854],[-55.27933,5.92873],[-55.28012,5.92928],[-55.28178,5.93034],[-55.28481,5.93139],[-55.28582,5.93198],[-55.28753,5.93328],[-55.28926,5.93409],[-55.29063,5.93506],[-55.2922,5.93611],[-55.29499,5.93606],[-55.29755,5.93868],[-55.30252,5.94112],[-55.30737,5.94288],[-55.30994,5.94321],[-55.312,5.94379],[-55.31236,5.94526],[-55.31159,5.94653],[-55.31367,5.94735],[-55.31416,5.94809],[-55.31613,5.94907],[-55.31732,5.94918],[-55.31923,5.94816],[-55.31916,5.94883],[-55.31907,5.94972],[-55.32064,5.95055],[-55.32255,5.95136],[-55.32345,5.95222],[-55.3252,5.95292],[-55.32694,5.95269],[-55.32868,5.95262],[-55.32898,5.95297],[-55.32972,5.95368],[-55.33076,5.95371],[-55.33189,5.95383],[-55.33198,5.95415],[-55.33064,5.95435],[-55.33017,5.95442],[-55.33015,5.9554],[-55.33059,5.956],[-55.3317,5.95643],[-55.33258,5.95701],[-55.33292,5.95792],[-55.33279,5.95879],[-55.33491,5.96051],[-55.33564,5.96184],[-55.33731,5.9631],[-55.33884,5.96353],[-55.33985,5.96285],[-55.34114,5.96244],[-55.34249,5.963],[-55.34327,5.96249],[-55.34378,5.96249],[-55.3451,5.96252],[-55.34594,5.96267],[-55.34694,5.9634],[-55.3486,5.96331],[-55.34952,5.96368],[-55.35074,5.96354],[-55.35124,5.9638],[-55.35124,5.96406],[-55.3515,5.96406],[-55.35176,5.96406],[-55.35232,5.96409],[-55.35279,5.96433],[-55.35343,5.96446],[-55.35381,5.96484],[-55.35433,5.96484],[-55.35488,5.96507],[-55.35563,5.9653],[-55.35644,5.96551],[-55.35685,5.96584],[-55.35711,5.96617],[-55.35767,5.96614],[-55.35753,5.96647],[-55.35711,5.96683],[-55.3567,5.96737],[-55.35697,5.9673],[-55.3576,5.96704],[-55.3581,5.96703],[-55.35877,5.96714],[-55.35974,5.96684],[-55.36066,5.96669],[-55.36134,5.9667],[-55.36176,5.96707],[-55.36254,5.96659],[-55.36302,5.96674],[-55.36324,5.968],[-55.36387,5.96732],[-55.36489,5.96794],[-55.36686,5.96908],[-55.36762,5.96926],[-55.36849,5.9696],[-55.36952,5.96991],[-55.36999,5.96985],[-55.37046,5.96984],[-55.37128,5.96993],[-55.37175,5.97034],[-55.37269,5.97033],[-55.37399,5.96988],[-55.37594,5.96967],[-55.3769,5.96998],[-55.37834,5.96972],[-55.3801,5.96976],[-55.3835,5.97025],[-55.38603,5.97084],[-55.38777,5.97091],[-55.3896,5.97117],[-55.3921,5.97305],[-55.39479,5.97406],[-55.3969,5.97358],[-55.39621,5.97468],[-55.39729,5.97458],[-55.39816,5.97625],[-55.40045,5.97613],[-55.40309,5.97582],[-55.40691,5.97519],[-55.41076,5.97466],[-55.41487,5.97507],[-55.41553,5.97502],[-55.41838,5.97479],[-55.41967,5.9756],[-55.42327,5.97619],[-55.42437,5.97676],[-55.42469,5.97693],[-55.42647,5.97785],[-55.44809,5.98168],[-55.4552,5.97995],[-55.46296,5.98312],[-55.47338,5.98586],[-55.48808,5.98754],[-55.50072,5.98748],[-55.50328,5.98746],[-55.51031,5.98963],[-55.53732,5.99441],[-55.54397,5.99925],[-55.56122,5.99609],[-55.57158,5.9971],[-55.58036,5.99726],[-55.59192,5.9992],[-55.60425,6.00041],[-55.62089,5.99996],[-55.6336,5.99812],[-55.64646,5.99715],[-55.66749,5.99702],[-55.69,5.99244],[-55.70767,5.99151],[-55.72486,5.98449],[-55.74176,5.98279],[-55.77063,5.97988],[-55.80354,5.98119],[-55.81099,5.98188],[-55.81736,5.98196],[-55.81967,5.98326],[-55.82497,5.98257],[-55.83395,5.9808],[-55.83718,5.98065],[-55.84025,5.97934],[-55.84279,5.97965],[-55.8467,5.97919],[-55.85231,5.97727],[-55.85753,5.97566],[-55.86222,5.97435],[-55.86629,5.97282],[-55.87297,5.97051],[-55.87648,5.96991],[-55.87879,5.97132],[-55.88091,5.97203],[-55.8833,5.97211],[-55.8855,5.97181],[-55.88789,5.97151],[-55.89182,5.97051],[-55.89321,5.97004],[-55.89408,5.96928],[-55.89421,5.96749],[-55.89516,5.96646],[-55.89636,5.96532],[-55.89709,5.96412],[-55.89815,5.96288],[-55.89858,5.96214],[-55.89921,5.9607],[-55.8991,5.95932],[-55.89962,5.95769],[-55.90016,5.9569],[-55.90084,5.95579],[-55.9013,5.95489],[-55.90173,5.95307],[-55.90222,5.95242],[-55.90296,5.95207],[-55.90312,5.95139],[-55.9029,5.95052],[-55.90366,5.94968],[-55.90502,5.94878],[-55.90562,5.94829],[-55.90654,5.94802],[-55.9073,5.94783],[-55.90768,5.94805],[-55.90801,5.94851],[-55.90852,5.94829],[-55.90893,5.94794],[-55.9092,5.94775],[-55.90939,5.94732],[-55.90977,5.94732],[-55.91026,5.94675],[-55.91056,5.94566],[-55.9108,5.9449],[-55.91162,5.94463],[-55.91243,5.9446],[-55.91328,5.94444],[-55.91431,5.94327],[-55.91477,5.94283],[-55.91561,5.94178],[-55.91594,5.94112],[-55.91604,5.94047],[-55.91634,5.93977],[-55.91653,5.93939],[-55.9167,5.93882],[-55.91759,5.93852],[-55.91762,5.93795],[-55.91797,5.93675],[-55.91884,5.93637],[-55.91909,5.93596],[-55.91958,5.93499],[-55.91968,5.93401],[-55.92017,5.93338],[-55.9211,5.93344],[-55.92177,5.93322],[-55.92207,5.93268],[-55.923,5.93233],[-55.92377,5.93125],[-55.92377,5.92933],[-55.92384,5.92803],[-55.92523,5.92626],[-55.92615,5.92411],[-55.92784,5.92203],[-55.92914,5.92096],[-55.93053,5.92027],[-55.93099,5.91919],[-55.93268,5.91819],[-55.93352,5.91689],[-55.93437,5.91597],[-55.93567,5.91474],[-55.93575,5.91251],[-55.93675,5.91105],[-55.93859,5.90936],[-55.94074,5.90575],[-55.94228,5.90291],[-55.94568,5.89857],[-55.94676,5.89765],[-55.94779,5.89627],[-55.94864,5.89538],[-55.94944,5.89381],[-55.95063,5.89289],[-55.95194,5.8922],[-55.95252,5.89127],[-55.95325,5.89024],[-55.95378,5.88928],[-55.95463,5.88862],[-55.95455,5.8874],[-55.95497,5.88613],[-55.95524,5.88517],[-55.95528,5.88455],[-55.95543,5.88398],[-55.95593,5.88348],[-55.95574,5.88306],[-55.9557,5.88221],[-55.95628,5.8816],[-55.95613,5.88098],[-55.95578,5.88048],[-55.95547,5.87964],[-55.95528,5.87864],[-55.95528,5.87787],[-55.95589,5.87676],[-55.95662,5.87599],[-55.95643,5.87538],[-55.95605,5.87468],[-55.95605,5.87395],[-55.95609,5.8733],[-55.95593,5.8728],[-55.95586,5.87207],[-55.95613,5.87115],[-55.95605,5.87069],[-55.95478,5.86973],[-55.95386,5.86892],[-55.95325,5.86743],[-55.95236,5.86627],[-55.95113,5.86528],[-55.95036,5.86462],[-55.94994,5.86359],[-55.94971,5.86289],[-55.94871,5.86151],[-55.94833,5.86101],[-55.94772,5.85963],[-55.9476,5.85855],[-55.94718,5.85752],[-55.94668,5.85694],[-55.94499,5.8556],[-55.9438,5.85429],[-55.9423,5.85299],[-55.94099,5.85172],[-55.93896,5.84999],[-55.93769,5.84892],[-55.93639,5.84811],[-55.93539,5.84765],[-55.93443,5.84799],[-55.93377,5.84815],[-55.93354,5.84776],[-55.9327,5.84734],[-55.93174,5.84703],[-55.9311,5.84689],[-55.91893,5.83201],[-55.91787,5.82685],[-55.91514,5.82041],[-55.91343,5.81654],[-55.9119,5.81287],[-55.91102,5.81104],[-55.90941,5.80827],[-55.90774,5.80574],[-55.90635,5.80303],[-55.90274,5.79711],[-55.90061,5.7934],[-55.90017,5.79272],[-55.90005,5.79248],[-55.89887,5.79017],[-55.89766,5.78791],[-55.89701,5.78668],[-55.89656,5.78582],[-55.89632,5.78521],[-55.89609,5.78471],[-55.89581,5.78425],[-55.89552,5.78366],[-55.89533,5.78322],[-55.89478,5.78194],[-55.8946,5.78178],[-55.89427,5.78117],[-55.89421,5.78081],[-55.89362,5.77941],[-55.89294,5.77793],[-55.89152,5.77501],[-55.8912,5.77414],[-55.89077,5.77343],[-55.89062,5.77313],[-55.89031,5.77272],[-55.88946,5.7714],[-55.88915,5.77083],[-55.88863,5.77021],[-55.88713,5.76744],[-55.88579,5.76438],[-55.88401,5.7615],[-55.88312,5.76068],[-55.88258,5.7598],[-55.88213,5.75868],[-55.88196,5.7584],[-55.88094,5.7548],[-55.88058,5.75378],[-55.87787,5.74731],[-55.87749,5.74607],[-55.87648,5.74336],[-55.87621,5.74254],[-55.87501,5.73707],[-55.87482,5.73576],[-55.87389,5.73112],[-55.8743,5.72508],[-55.87453,5.72268],[-55.87565,5.71731],[-55.87613,5.71505],[-55.87655,5.71395],[-55.87686,5.71288],[-55.87718,5.71181],[-55.87726,5.71161],[-55.87742,5.71122],[-55.87747,5.71098],[-55.87776,5.71055],[-55.87806,5.70987],[-55.87871,5.7082],[-55.87952,5.70663],[-55.88027,5.70493],[-55.88105,5.70252],[-55.88125,5.70171],[-55.88154,5.70085],[-55.8818,5.69956],[-55.88208,5.6986],[-55.88239,5.69735],[-55.8826,5.69576],[-55.88286,5.69473],[-55.88304,5.69406],[-55.88343,5.69208],[-55.88446,5.68834],[-55.88467,5.68751],[-55.88498,5.68653],[-55.88545,5.68488],[-55.88598,5.68336],[-55.88678,5.68136],[-55.88704,5.68059],[-55.88806,5.67834],[-55.88883,5.67693],[-55.88917,5.67631],[-55.88938,5.67597],[-55.89085,5.67319],[-55.89305,5.66987],[-55.89352,5.6691],[-55.89468,5.66749],[-55.89529,5.66671],[-55.89574,5.66605],[-55.89624,5.66549],[-55.89692,5.66473],[-55.89735,5.66412],[-55.8977,5.66358],[-55.89824,5.66289],[-55.89872,5.66231],[-55.90263,5.65863],[-55.90373,5.66249],[-55.90404,5.6636],[-55.90274,5.66501],[-55.90149,5.66727],[-55.89941,5.67148],[-55.89754,5.67576],[-55.89636,5.67997],[-55.89588,5.68542],[-55.89452,5.6988],[-55.88984,5.71971],[-55.88873,5.72737],[-55.88867,5.73358],[-55.88964,5.74027],[-55.89154,5.74614],[-55.89263,5.74934],[-55.8948,5.75396],[-55.896,5.75639],[-55.90058,5.76386],[-55.90253,5.76695],[-55.90282,5.76724],[-55.90307,5.76748],[-55.90335,5.76827],[-55.90379,5.76883],[-55.90435,5.76962],[-55.90538,5.77112],[-55.90653,5.77276],[-55.91094,5.77916],[-55.91562,5.7846],[-55.9191,5.78729],[-55.92332,5.79257],[-55.92688,5.79655],[-55.92752,5.79702],[-55.9277,5.7971],[-55.92818,5.79791],[-55.93088,5.80027],[-55.93201,5.80109],[-55.93181,5.80155],[-55.93202,5.80207],[-55.93312,5.8033],[-55.93441,5.80429],[-55.936,5.80501],[-55.93692,5.80517],[-55.93885,5.80542],[-55.94279,5.8057],[-55.94963,5.80643],[-55.96025,5.80758],[-55.9678,5.80841],[-55.97407,5.80886],[-55.97556,5.8089],[-55.976,5.80692],[-55.97714,5.80689],[-55.97943,5.80163],[-55.98019,5.80163],[-55.98019,5.80241],[-55.98123,5.80228],[-55.98137,5.80267],[-55.98097,5.80318],[-55.982,5.80408],[-55.98405,5.80474],[-55.9838,5.80422],[-55.9856,5.80422],[-55.9856,5.8037],[-55.9868,5.80327],[-55.98689,5.80372],[-55.98766,5.80384],[-55.98791,5.80448],[-55.9874,5.80422],[-55.98714,5.805],[-55.98817,5.805],[-55.98791,5.80577],[-55.98843,5.80539],[-55.98893,5.80552],[-55.98893,5.805],[-55.98997,5.805],[-55.98997,5.80449],[-55.99152,5.80539],[-55.99512,5.80514],[-55.99615,5.80487],[-55.99718,5.80566],[-56.00053,5.80554],[-56.00104,5.80708],[-56.00181,5.80644],[-56.0049,5.80657],[-56.00499,5.80563],[-56.00567,5.80618],[-56.00661,5.80615],[-56.00773,5.80697],[-56.01056,5.80633],[-56.01056,5.80581],[-56.01082,5.80581],[-56.01082,5.8071],[-56.0103,5.8071],[-56.01018,5.80762],[-56.0121,5.80788],[-56.0121,5.80839],[-56.01391,5.80814],[-56.01403,5.80969],[-56.01364,5.81046],[-56.01441,5.81007],[-56.01944,5.81098],[-56.01982,5.81189],[-56.02368,5.81228],[-56.02445,5.81344],[-56.02497,5.81357],[-56.02458,5.81202],[-56.02549,5.8097],[-56.02626,5.80984],[-56.02651,5.81074],[-56.0278,5.81061],[-56.02857,5.811],[-56.02832,5.81022],[-56.02884,5.81023],[-56.02896,5.81074],[-56.0296,5.811],[-56.0296,5.81229],[-56.02909,5.81203],[-56.02884,5.8128],[-56.02947,5.81306],[-56.0296,5.81384],[-56.035,5.81462],[-56.035,5.8141],[-56.03552,5.8141],[-56.03552,5.81462],[-56.03603,5.81436],[-56.03706,5.81578],[-56.03912,5.81578],[-56.03989,5.81501],[-56.04195,5.81489],[-56.04336,5.81669],[-56.04375,5.81773],[-56.04465,5.81824],[-56.04478,5.81876],[-56.04503,5.81876],[-56.04504,5.81773],[-56.04528,5.81773],[-56.04542,5.81825],[-56.04632,5.81876],[-56.04632,5.81825],[-56.04658,5.81825],[-56.04658,5.81876],[-56.04761,5.81928],[-56.04709,5.81928],[-56.04683,5.82005],[-56.04709,5.82005],[-56.04709,5.82032],[-56.04761,5.82032],[-56.04786,5.82032],[-56.04786,5.82005],[-56.04902,5.8198],[-56.04967,5.81799],[-56.05044,5.81774],[-56.05057,5.81851],[-56.05121,5.81877],[-56.05121,5.8193],[-56.05018,5.81928],[-56.05005,5.8198],[-56.05069,5.82006],[-56.05069,5.82057],[-56.05147,5.82045],[-56.05224,5.82096],[-56.05301,5.82071],[-56.05378,5.82084],[-56.05378,5.82058],[-56.05507,5.82071],[-56.05687,5.82213],[-56.05713,5.82213],[-56.05713,5.82239],[-56.05893,5.82265],[-56.05971,5.82265],[-56.05996,5.82136],[-56.06047,5.82136],[-56.06021,5.82291],[-56.06099,5.82136],[-56.06227,5.82163],[-56.06176,5.8224],[-56.06356,5.82124],[-56.06459,5.82124],[-56.06588,5.82253],[-56.07205,5.82564],[-56.07513,5.82616],[-56.07642,5.82719],[-56.07874,5.82668],[-56.08286,5.82707],[-56.08261,5.82669],[-56.08235,5.8263],[-56.08363,5.82591],[-56.08389,5.82682],[-56.0844,5.82682],[-56.0844,5.8263],[-56.08492,5.8263],[-56.08505,5.82579],[-56.08569,5.82553],[-56.08569,5.82501],[-56.08736,5.82579],[-56.08749,5.8276],[-56.0844,5.82707],[-56.0844,5.82733],[-56.08517,5.82785],[-56.0844,5.82811],[-56.08492,5.82888],[-56.08517,5.82888],[-56.08543,5.82811],[-56.08621,5.82811],[-56.08621,5.8276],[-56.08698,5.82785],[-56.08698,5.82837],[-56.08826,5.82824],[-56.08852,5.82785],[-56.08801,5.82785],[-56.08878,5.82657],[-56.08929,5.82657],[-56.08904,5.8276],[-56.08956,5.82683],[-56.09045,5.82708],[-56.09032,5.82786],[-56.08981,5.82786],[-56.08981,5.82837],[-56.08929,5.82837],[-56.08956,5.82915],[-56.09109,5.82902],[-56.09161,5.83018],[-56.09212,5.82993],[-56.0916,5.83121],[-56.09238,5.83082],[-56.09315,5.83121],[-56.09315,5.8307],[-56.09418,5.83096],[-56.09366,5.8325],[-56.09366,5.83276],[-56.09391,5.83276],[-56.09391,5.83302],[-56.09418,5.83302],[-56.09418,5.83276],[-56.09495,5.83276],[-56.09495,5.83173],[-56.09675,5.83173],[-56.09675,5.83405],[-56.09778,5.83431],[-56.09778,5.83457],[-56.09855,5.83432],[-56.09855,5.83483],[-56.10035,5.83535],[-56.10086,5.83651],[-56.10215,5.83664],[-56.10215,5.83716],[-56.10292,5.83742],[-56.10265,5.8369],[-56.10318,5.8369],[-56.10318,5.83742],[-56.10421,5.83832],[-56.10575,5.83845],[-56.10601,5.83781],[-56.10652,5.83768],[-56.10652,5.8382],[-56.10834,5.8373],[-56.1109,5.83781],[-56.11219,5.83872],[-56.11219,5.83795],[-56.11347,5.83846],[-56.11347,5.83898],[-56.11476,5.83898],[-56.11476,5.8395],[-56.11656,5.83898],[-56.11656,5.8395],[-56.11776,5.83907],[-56.11849,5.84053],[-56.11913,5.84079],[-56.11913,5.84131],[-56.11965,5.84131],[-56.11965,5.84208],[-56.12376,5.84222],[-56.12402,5.84196],[-56.12505,5.84209],[-56.12492,5.84158],[-56.12531,5.84132],[-56.12531,5.84209],[-56.12608,5.84196],[-56.12685,5.84248],[-56.12917,5.8421],[-56.12917,5.84236],[-56.12968,5.84236],[-56.12968,5.8421],[-56.1302,5.8421],[-56.1302,5.84184],[-56.13226,5.84159],[-56.13226,5.84107],[-56.13252,5.84133],[-56.13355,5.84133],[-56.13355,5.84236],[-56.13406,5.84236],[-56.13406,5.84289],[-56.13457,5.84289],[-56.13484,5.84352],[-56.1356,5.8434],[-56.1356,5.84289],[-56.13663,5.84262],[-56.13676,5.84185],[-56.13647,5.84091],[-56.13792,5.84069],[-56.13921,5.84187],[-56.13921,5.84134],[-56.13947,5.84134],[-56.13947,5.84187],[-56.1417,5.84246],[-56.1423,5.84366],[-56.14281,5.84367],[-56.14306,5.84599],[-56.14358,5.84599],[-56.14358,5.84624],[-56.14306,5.84624],[-56.14306,5.84702],[-56.14384,5.84702],[-56.14435,5.84637],[-56.14847,5.84522],[-56.14924,5.84728],[-56.14821,5.84702],[-56.1477,5.84806],[-56.14641,5.84805],[-56.14641,5.84857],[-56.14666,5.84857],[-56.14666,5.84908],[-56.14666,5.84934],[-56.14691,5.84934],[-56.14691,5.84986],[-56.14769,5.84986],[-56.14769,5.8496],[-56.14718,5.8496],[-56.14718,5.84883],[-56.14744,5.84883],[-56.14744,5.84934],[-56.14847,5.84883],[-56.14847,5.84935],[-56.14898,5.84909],[-56.14898,5.8496],[-56.15026,5.84948],[-56.15078,5.84986],[-56.15061,5.84952],[-56.15078,5.84896],[-56.15181,5.8487],[-56.15207,5.84935],[-56.15155,5.84935],[-56.15181,5.84974],[-56.15284,5.84988],[-56.15284,5.84961],[-56.15242,5.84952],[-56.15259,5.84729],[-56.15182,5.84703],[-56.15207,5.84626],[-56.15388,5.8469],[-56.15439,5.84653],[-56.1549,5.84729],[-56.15491,5.84678],[-56.15542,5.84704],[-56.15516,5.84626],[-56.15594,5.84626],[-56.15594,5.84575],[-56.15671,5.84704],[-56.15748,5.84704],[-56.15722,5.8491],[-56.15593,5.84948],[-56.1549,5.85051],[-56.15335,5.85064],[-56.15336,5.84988],[-56.1531,5.84988],[-56.1531,5.85193],[-56.15413,5.85142],[-56.15425,5.85348],[-56.15695,5.85438],[-56.15772,5.85503],[-56.15747,5.85426],[-56.15798,5.85426],[-56.15824,5.85348],[-56.15773,5.85348],[-56.15798,5.85271],[-56.15764,5.85288],[-56.15593,5.85271],[-56.15593,5.85142],[-56.1549,5.85142],[-56.15567,5.85052],[-56.15696,5.85013],[-56.15683,5.85168],[-56.16005,5.85233],[-56.16056,5.85181],[-56.16223,5.85272],[-56.16236,5.85323],[-56.16519,5.85375],[-56.16467,5.85633],[-56.16853,5.85608],[-56.16853,5.85659],[-56.16982,5.85711],[-56.16956,5.85763],[-56.17059,5.85776],[-56.17241,5.85647],[-56.17368,5.8566],[-56.17368,5.85712],[-56.17445,5.85738],[-56.17445,5.85763],[-56.17394,5.85763],[-56.1742,5.85841],[-56.17548,5.85815],[-56.17574,5.85918],[-56.17625,5.85892],[-56.17625,5.85944],[-56.17651,5.85944],[-56.17651,5.85893],[-56.17728,5.85918],[-56.17728,5.86022],[-56.17857,5.86022],[-56.17857,5.8597],[-56.17986,5.86061],[-56.18191,5.86061],[-56.18337,5.86109],[-56.18372,5.86126],[-56.18282,5.86022],[-56.18295,5.85713],[-56.18475,5.85675],[-56.18604,5.85739],[-56.18655,5.8592],[-56.18835,5.85907],[-56.18887,5.85946],[-56.18887,5.85997],[-56.1899,5.86023],[-56.18964,5.86075],[-56.19092,5.86101],[-56.19144,5.85895],[-56.19367,5.85981],[-56.19376,5.86051],[-56.1947,5.86059],[-56.19479,5.86127],[-56.19427,5.86127],[-56.19427,5.86204],[-56.19581,5.86153],[-56.19556,5.86076],[-56.19479,5.86024],[-56.19385,5.85964],[-56.19402,5.85921],[-56.19479,5.85921],[-56.1953,5.86051],[-56.19556,5.86051],[-56.19505,5.85921],[-56.19556,5.85921],[-56.19556,5.8587],[-56.19479,5.85869],[-56.19479,5.85818],[-56.19402,5.85856],[-56.19273,5.85818],[-56.19325,5.85818],[-56.19325,5.85766],[-56.19234,5.85792],[-56.19265,5.85852],[-56.1923,5.85886],[-56.19119,5.85856],[-56.19067,5.8583],[-56.19016,5.85869],[-56.1899,5.85804],[-56.18938,5.85791],[-56.18901,5.85714],[-56.18887,5.85483],[-56.1935,5.85689],[-56.1935,5.8574],[-56.19505,5.85766],[-56.19505,5.85818],[-56.19633,5.85844],[-56.19608,5.85921],[-56.19642,5.85904],[-56.19685,5.85921],[-56.19685,5.8587],[-56.19711,5.8587],[-56.19711,5.85921],[-56.19736,5.85921],[-56.19762,5.85792],[-56.19994,5.85806],[-56.20509,5.85974],[-56.20509,5.85897],[-56.20715,5.8591],[-56.20792,5.85871],[-56.20817,5.85974],[-56.20972,5.85975],[-56.20972,5.86052],[-56.20894,5.86026],[-56.20882,5.86078],[-56.20791,5.86116],[-56.20766,5.86182],[-56.20714,5.86182],[-56.20663,5.86271],[-56.20585,5.86284],[-56.20611,5.86361],[-56.20534,5.86412],[-56.20637,5.86412],[-56.20637,5.86361],[-56.20765,5.86309],[-56.20791,5.86232],[-56.20843,5.86258],[-56.20843,5.8631],[-56.21074,5.86336],[-56.21049,5.86207],[-56.21178,5.86182],[-56.21126,5.86104],[-56.21229,5.86104],[-56.21306,5.86284],[-56.21435,5.86285],[-56.215,5.8608],[-56.21616,5.8595],[-56.21744,5.85924],[-56.21744,5.85873],[-56.21899,5.85924],[-56.21899,5.85976],[-56.22001,5.86002],[-56.22142,5.86672],[-56.22091,5.86724],[-56.2218,5.86956],[-56.22258,5.86969],[-56.22283,5.86943],[-56.22361,5.86956],[-56.22361,5.86905],[-56.22412,5.86905],[-56.22412,5.86956],[-56.22644,5.86983],[-56.22618,5.86905],[-56.22798,5.86983],[-56.22798,5.86931],[-56.22901,5.86931],[-56.22927,5.87009],[-56.2303,5.87034],[-56.23133,5.86674],[-56.23185,5.86674],[-56.23172,5.86751],[-56.23211,5.86803],[-56.23288,5.86763],[-56.23416,5.86855],[-56.23416,5.86906],[-56.23442,5.86906],[-56.23442,5.86855],[-56.23519,5.86881],[-56.23544,5.86984],[-56.23699,5.86996],[-56.23777,5.87023],[-56.23854,5.86945],[-56.23905,5.86971],[-56.24008,5.86933],[-56.24008,5.86907],[-56.23957,5.86907],[-56.23983,5.86855],[-56.24137,5.86946],[-56.24266,5.86933],[-56.24266,5.86881],[-56.24292,5.86882],[-56.24292,5.86933],[-56.24446,5.86959],[-56.24446,5.87012],[-56.24523,5.87037],[-56.24523,5.87062],[-56.24472,5.87062],[-56.24445,5.87294],[-56.24368,5.87294],[-56.24394,5.87347],[-56.246,5.87359],[-56.24909,5.87192],[-56.24858,5.87089],[-56.2501,5.87063],[-56.25167,5.87037],[-56.25183,5.87235],[-56.25115,5.87245],[-56.25141,5.87321],[-56.25218,5.87295],[-56.25201,5.87252],[-56.25231,5.87166],[-56.2527,5.87063],[-56.25322,5.87063],[-56.25322,5.87012],[-56.25553,5.87038],[-56.25539,5.86986],[-56.25604,5.86935],[-56.25657,5.8709],[-56.25759,5.87127],[-56.26325,5.87143],[-56.26325,5.87194],[-56.26505,5.87168],[-56.26505,5.8722],[-56.26685,5.8722],[-56.26711,5.87297],[-56.26864,5.87323],[-56.26864,5.87376],[-56.2702,5.87478],[-56.27045,5.87555],[-56.27174,5.87646],[-56.27406,5.87723],[-56.27457,5.87711],[-56.27457,5.8753],[-56.27329,5.87504],[-56.27317,5.87453],[-56.27213,5.87401],[-56.27226,5.87349],[-56.27149,5.87349],[-56.27174,5.87298],[-56.27586,5.87401],[-56.27547,5.8753],[-56.27603,5.87591],[-56.27586,5.87788],[-56.27972,5.87892],[-56.27972,5.87944],[-56.28126,5.87931],[-56.28178,5.87892],[-56.28178,5.87944],[-56.28229,5.87944],[-56.28203,5.87815],[-56.28281,5.87815],[-56.28281,5.87738],[-56.28358,5.87738],[-56.28358,5.8766],[-56.28422,5.87815],[-56.28512,5.87944],[-56.28435,5.87918],[-56.28461,5.8797],[-56.28512,5.8797],[-56.28512,5.88021],[-56.28744,5.88035],[-56.29001,5.87996],[-56.29001,5.88048],[-56.29104,5.88075],[-56.29104,5.88125],[-56.29259,5.88125],[-56.29259,5.88177],[-56.2931,5.88177],[-56.29336,5.88254],[-56.29387,5.88255],[-56.29387,5.88229],[-56.29412,5.88229],[-56.29412,5.88203],[-56.29439,5.88203],[-56.29439,5.88151],[-56.29387,5.88151],[-56.29387,5.881],[-56.29619,5.88152],[-56.29619,5.88203],[-56.29799,5.8819],[-56.30005,5.8823],[-56.30005,5.88281],[-56.30184,5.88243],[-56.30365,5.88308],[-56.30365,5.88359],[-56.30546,5.88411],[-56.30545,5.88462],[-56.30726,5.88514],[-56.30726,5.88591],[-56.30803,5.8863],[-56.30906,5.88617],[-56.30906,5.88669],[-56.3106,5.88656],[-56.31266,5.88695],[-56.31266,5.88747],[-56.31395,5.8876],[-56.31498,5.88837],[-56.31627,5.8885],[-56.31627,5.88902],[-56.31806,5.88928],[-56.31781,5.89031],[-56.32115,5.8916],[-56.32115,5.89109],[-56.32424,5.89135],[-56.32424,5.89161],[-56.32519,5.89236],[-56.32907,5.89306],[-56.33343,5.89384],[-56.33592,5.89449],[-56.33757,5.89491],[-56.34369,5.89667],[-56.3517,5.89737],[-56.3534,5.89798],[-56.35696,5.89924],[-56.36115,5.901],[-56.36459,5.90218],[-56.36572,5.90164],[-56.36566,5.90004],[-56.36695,5.90074],[-56.3676,5.90148],[-56.3691,5.90138],[-56.37147,5.90229],[-56.37539,5.90357],[-56.37915,5.9048],[-56.38393,5.90645],[-56.38629,5.90736],[-56.38672,5.90619],[-56.3879,5.90731],[-56.38935,5.90768],[-56.39145,5.90806],[-56.39397,5.9088],[-56.39537,5.90945],[-56.39666,5.9111],[-56.39913,5.91169],[-56.40128,5.91201],[-56.40391,5.91286],[-56.40606,5.91201],[-56.40773,5.91067],[-56.4102,5.90955],[-56.41294,5.90902],[-56.41547,5.90998],[-56.41589,5.90713],[-56.41697,5.90739],[-56.41856,5.90775],[-56.41985,5.9085],[-56.4213,5.90773],[-56.4225,5.90802],[-56.42368,5.90793],[-56.42567,5.90753],[-56.42959,5.90959],[-56.42992,5.90971],[-56.43362,5.9111],[-56.4369,5.91309],[-56.44217,5.91574],[-56.4438,5.91581],[-56.44642,5.91559],[-56.4484,5.91673],[-56.45024,5.9162],[-56.45222,5.91762],[-56.4563,5.91794],[-56.46035,5.91787],[-56.46767,5.9197],[-56.47358,5.92136],[-56.4752,5.92259],[-56.47788,5.92302],[-56.48293,5.92515],[-56.48728,5.9266],[-56.49024,5.92751],[-56.49319,5.92905],[-56.49615,5.92905],[-56.49878,5.92954],[-56.50125,5.92964],[-56.50367,5.92954],[-56.50657,5.93125],[-56.50963,5.93109],[-56.51301,5.93178],[-56.51629,5.93338],[-56.52,5.93408],[-56.52381,5.93424],[-56.52784,5.93493],[-56.53133,5.93525],[-56.53439,5.93499],[-56.53676,5.93573],[-56.53864,5.93691],[-56.54062,5.93595],[-56.54331,5.93573],[-56.54481,5.9368],[-56.54702,5.93675],[-56.54884,5.93627],[-56.55099,5.93648],[-56.55309,5.93707],[-56.55448,5.93637],[-56.55599,5.9368],[-56.55674,5.9375],[-56.55808,5.93707],[-56.5598,5.93734],[-56.56136,5.93755],[-56.56276,5.93803],[-56.56555,5.93937],[-56.56872,5.93947],[-56.57312,5.94017],[-56.57554,5.94193],[-56.57683,5.94375],[-56.58027,5.94589],[-56.58258,5.94738],[-56.58543,5.94824],[-56.58779,5.94882],[-56.5901,5.95064],[-56.59193,5.95208],[-56.59381,5.95342],[-56.59601,5.95288],[-56.59934,5.95422],[-56.60079,5.95475],[-56.60348,5.95711],[-56.60387,5.95748],[-56.60616,5.95967],[-56.60879,5.96122],[-56.61352,5.96346],[-56.61578,5.96405],[-56.61868,5.96528],[-56.6363,5.97271],[-56.64371,5.97575],[-56.64516,5.9757],[-56.64317,5.97158],[-56.63823,5.96881],[-56.63388,5.96731],[-56.63189,5.96523],[-56.63066,5.96277],[-56.63254,5.96218],[-56.63775,5.96485],[-56.64092,5.96763],[-56.64355,5.96971],[-56.64613,5.9726],[-56.64747,5.97484],[-56.65016,5.97698],[-56.66112,5.97987],[-56.66794,5.98136],[-56.67003,5.97976],[-56.67385,5.97864],[-56.67825,5.97901],[-56.68271,5.97885],[-56.69028,5.98019],[-56.69598,5.98072],[-56.69936,5.98067],[-56.70307,5.97997],[-56.70919,5.98067],[-56.71806,5.98152],[-56.72214,5.98334],[-56.72504,5.98441],[-56.72676,5.98355],[-56.72853,5.98355],[-56.73009,5.9843],[-56.73181,5.98414],[-56.7338,5.98328],[-56.73933,5.98387],[-56.74309,5.98451],[-56.74766,5.9867],[-56.7497,5.98772],[-56.75314,5.98574],[-56.75469,5.98515],[-56.75888,5.98467],[-56.76103,5.98478],[-56.76662,5.98531],[-56.76796,5.98644],[-56.77027,5.98558],[-56.77231,5.98531],[-56.77387,5.98713],[-56.78016,5.9866],[-56.78628,5.98574],[-56.79138,5.98537],[-56.79552,5.98515],[-56.80019,5.98515],[-56.80293,5.9859],[-56.80782,5.98558],[-56.81282,5.98649],[-56.81733,5.98467],[-56.8219,5.98451],[-56.82668,5.9858],[-56.82979,5.98537],[-56.84118,5.98585],[-56.84397,5.98537],[-56.84618,5.98425],[-56.8502,5.98275],[-56.85606,5.98259],[-56.85939,5.98291],[-56.86261,5.98377],[-56.8657,5.98293],[-56.86913,5.9854],[-56.86951,5.98624],[-56.87021,5.98652],[-56.87076,5.98619],[-56.87116,5.98541],[-56.87171,5.98532],[-56.87237,5.98549],[-56.87294,5.98597],[-56.87325,5.98652],[-56.87367,5.98626],[-56.87428,5.98615],[-56.87472,5.98622],[-56.87538,5.98674],[-56.87584,5.98716],[-56.87664,5.98772],[-56.87736,5.98768],[-56.87774,5.98742],[-56.87807,5.98722],[-56.87855,5.98727],[-56.87888,5.98709],[-56.87939,5.98681],[-56.87996,5.98667],[-56.88064,5.98659],[-56.88159,5.98661],[-56.8822,5.98692],[-56.88262,5.98742],[-56.88277,5.98786],[-56.88319,5.98766],[-56.88372,5.98746],[-56.88427,5.98746],[-56.88555,5.98755],[-56.88614,5.98794],[-56.88643,5.98825],[-56.88691,5.9884],[-56.8875,5.98832],[-56.88786,5.98853],[-56.88799,5.98886],[-56.88801,5.9893],[-56.88803,5.98987],[-56.88821,5.99011],[-56.88849,5.99015],[-56.88898,5.98996],[-56.88942,5.98993],[-56.88961,5.99009],[-56.88994,5.99033],[-56.89036,5.99033],[-56.8908,5.99022],[-56.89111,5.99026],[-56.89162,5.99037],[-56.89203,5.99024],[-56.89241,5.99018],[-56.8928,5.99024],[-56.89329,5.99044],[-56.89377,5.99068],[-56.89399,5.99088],[-56.8943,5.99129],[-56.89439,5.99166],[-56.89439,5.99206],[-56.89423,5.99263],[-56.89421,5.99287],[-56.89462,5.99321],[-56.89522,5.99341],[-56.8955,5.99416],[-56.89621,5.99374],[-56.89686,5.99359],[-56.89772,5.99409],[-56.89801,5.99529],[-56.89882,5.99536],[-56.89902,5.9947],[-56.89948,5.99396],[-56.89992,5.99416],[-56.90054,5.99396],[-56.90124,5.9942],[-56.90184,5.99507],[-56.90181,5.99604],[-56.9025,5.99597],[-56.90296,5.99632],[-56.90333,5.99602],[-56.90408,5.99669],[-56.90421,5.99562],[-56.90527,5.99558],[-56.90571,5.9963],[-56.90604,5.99667],[-56.90617,5.99575],[-56.90762,5.99575],[-56.90808,5.9977],[-56.90861,5.99709],[-56.90934,5.99682],[-56.9105,5.99672],[-56.91064,5.99796],[-56.91138,5.9989],[-56.91233,5.99877],[-56.91312,5.99807],[-56.91394,5.99814],[-56.9142,5.99936],[-56.91471,5.99969],[-56.91495,5.99888],[-56.91597,5.9992],[-56.91636,5.99932],[-56.91792,5.99886],[-56.91807,5.99921],[-56.91875,5.99906],[-56.91968,5.99833],[-56.9204,5.99838],[-56.92073,5.99952],[-56.92135,5.9993],[-56.92188,5.99954],[-56.92243,6.00074],[-56.9237,6.00085],[-56.92403,6.00164],[-56.92456,6.00175],[-56.92531,6.0021],[-56.92593,6.00201],[-56.92672,6.00159],[-56.92714,6.00148],[-56.92821,6.0017],[-56.92852,6.00199],[-56.92874,6.00256],[-56.92947,6.0033],[-56.92991,6.00278],[-56.93101,6.00284],[-56.93118,6.00383],[-56.93147,6.00385],[-56.93191,6.00352],[-56.93294,6.00365],[-56.93341,6.00326],[-56.93424,6.0035],[-56.93457,6.00429],[-56.93519,6.00402],[-56.936,6.00429],[-56.93629,6.00512],[-56.93666,6.00516],[-56.93695,6.00459],[-56.93748,6.00474],[-56.93785,6.00507],[-56.93803,6.00488],[-56.93853,6.00461],[-56.93902,6.0049],[-56.93906,6.00564],[-56.94106,6.00604],[-56.94212,6.00586],[-56.94229,6.00529],[-56.94262,6.00483],[-56.94317,6.00474],[-56.94357,6.00483],[-56.94377,6.00514],[-56.9437,6.00606],[-56.94423,6.00584],[-56.94473,6.00575],[-56.94526,6.00599],[-56.94561,6.00682],[-56.94614,6.0072],[-56.94715,6.00706],[-56.94788,6.00792],[-56.9492,6.0079],[-56.94999,6.00746],[-56.95065,6.0075],[-56.95092,6.00798],[-56.95158,6.00807],[-56.95177,6.00748],[-56.95243,6.00761],[-56.95261,6.00818],[-56.9534,6.00816],[-56.95362,6.00888],[-56.95455,6.00903],[-56.95653,6.00912],[-56.95763,6.00934],[-56.95818,6.00908],[-56.95888,6.0093],[-56.95952,6.00914],[-56.95994,6.00912],[-56.9604,6.0098],[-56.96075,6.00991],[-56.96099,6.00954],[-56.96139,6.00941],[-56.96205,6.00982]]]}}]}