{"type":"FeatureCollection","crs":{"type":"name","properties":{"name":"urn:ogc:def:crs:OGC:1.3:CRS84"}},"features":[{"type":"Feature","properties":{"shapeName":"Salto","shapeISO":"UY-SA","shapeID":"27058087B51474914010310","shapeGroup":"URY","shapeType":"ADM1"},"geometry":{"type":"Polygon","coordinates":[[[-57.80134,-30.7784],[-57.80197,-30.81876],[-57.80576,-30.88352],[-57.8096,-30.91332],[-57.81552,-30.92206],[-57.82268,-30.92546],[-57.87421,-30.92082],[-57.88859,-30.9235],[-57.9011,-30.93209],[-57.90709,-30.94523],[-57.90715,-30.95323],[-57.90313,-30.96235],[-57.89533,-30.97187],[-57.88769,-30.97722],[-57.88127,-30.9843],[-57.87124,-31.00268],[-57.86497,-31.02575],[-57.86601,-31.04807],[-57.8717,-31.07031],[-57.87921,-31.08817],[-57.88811,-31.09768],[-57.90297,-31.10879],[-57.90828,-31.11846],[-57.91308,-31.14613],[-57.91168,-31.1784],[-57.90715,-31.20451],[-57.9104,-31.219],[-57.92908,-31.2516],[-57.93919,-31.27611],[-57.95743,-31.29738],[-57.98112,-31.31915],[-57.98195,-31.33588],[-57.99637,-31.35961],[-57.99592,-31.36362],[-57.99139,-31.3648],[-57.98744,-31.37181],[-57.97949,-31.37887],[-57.97825,-31.38172],[-57.97924,-31.3858],[-57.98582,-31.39272],[-58.0094,-31.40966],[-58.05852,-31.43449],[-58.08141,-31.45457],[-58.08336,-31.4674],[-58.08262,-31.47757],[-58.08057,-31.48484],[-58.0768,-31.49031],[-58.06487,-31.49822],[-58.03402,-31.50972],[-58.03005,-31.49613],[-58.02688,-31.4917],[-58.01986,-31.48671],[-57.99203,-31.4872],[-57.97763,-31.48437],[-57.96235,-31.5044],[-57.93378,-31.5015],[-57.93101,-31.49817],[-57.93173,-31.49575],[-57.94215,-31.49414],[-57.95326,-31.48525],[-57.95429,-31.48201],[-57.95234,-31.47031],[-57.95845,-31.4618],[-57.95743,-31.45972],[-57.94675,-31.46161],[-57.94399,-31.46465],[-57.93086,-31.47031],[-57.92661,-31.47077],[-57.92369,-31.46787],[-57.92177,-31.45939],[-57.92037,-31.45858],[-57.9165,-31.45806],[-57.90989,-31.4602],[-57.89835,-31.4589],[-57.89524,-31.45795],[-57.89008,-31.45324],[-57.88045,-31.45247],[-57.87651,-31.45746],[-57.87663,-31.46232],[-57.87984,-31.46528],[-57.87719,-31.46801],[-57.85853,-31.467],[-57.8537,-31.46231],[-57.85159,-31.46234],[-57.84643,-31.46584],[-57.8428,-31.4742],[-57.82944,-31.47417],[-57.8278,-31.47894],[-57.82547,-31.48062],[-57.8119,-31.47812],[-57.7997,-31.48118],[-57.78979,-31.47946],[-57.78457,-31.47522],[-57.78109,-31.47794],[-57.77999,-31.48149],[-57.78512,-31.49232],[-57.77644,-31.5022],[-57.77329,-31.5083],[-57.77593,-31.5148],[-57.77427,-31.51869],[-57.76388,-31.52403],[-57.76011,-31.52297],[-57.75335,-31.52688],[-57.753,-31.52881],[-57.75575,-31.52892],[-57.75578,-31.53449],[-57.75211,-31.53891],[-57.74666,-31.54129],[-57.74363,-31.55469],[-57.74493,-31.55766],[-57.7386,-31.57101],[-57.72976,-31.57034],[-57.72492,-31.57253],[-57.72062,-31.56917],[-57.71631,-31.57137],[-57.70895,-31.56815],[-57.70197,-31.57139],[-57.69683,-31.56819],[-57.69364,-31.5679],[-57.68129,-31.57722],[-57.67981,-31.58007],[-57.66979,-31.57495],[-57.66689,-31.57163],[-57.66379,-31.5714],[-57.65992,-31.5772],[-57.65606,-31.5782],[-57.65011,-31.57422],[-57.64592,-31.5691],[-57.63651,-31.58],[-57.63686,-31.58292],[-57.63299,-31.58499],[-57.62869,-31.58534],[-57.62459,-31.58299],[-57.62012,-31.58528],[-57.61559,-31.58431],[-57.61037,-31.58582],[-57.60119,-31.58372],[-57.5966,-31.5852],[-57.591,-31.59075],[-57.58517,-31.59228],[-57.57884,-31.5901],[-57.56733,-31.59309],[-57.54828,-31.60295],[-57.54201,-31.6045],[-57.53271,-31.61353],[-57.52708,-31.6159],[-57.52259,-31.62059],[-57.51738,-31.6221],[-57.50282,-31.63454],[-57.49512,-31.63812],[-57.49346,-31.6376],[-57.49116,-31.64047],[-57.47451,-31.6451],[-57.46395,-31.65117],[-57.45206,-31.653],[-57.44657,-31.65609],[-57.42803,-31.66194],[-57.41936,-31.66127],[-57.41241,-31.66296],[-57.4034,-31.66025],[-57.39318,-31.66267],[-57.38717,-31.66223],[-57.37619,-31.66676],[-57.37387,-31.66492],[-57.37241,-31.66559],[-57.36031,-31.68099],[-57.36134,-31.68552],[-57.35361,-31.68684],[-57.35001,-31.68611],[-57.34752,-31.68779],[-57.33911,-31.69816],[-57.3404,-31.69925],[-57.33834,-31.70305],[-57.3301,-31.70875],[-57.32563,-31.71649],[-57.31396,-31.72919],[-57.29885,-31.73313],[-57.28263,-31.73379],[-57.26186,-31.74445],[-57.25319,-31.74481],[-57.24976,-31.74744],[-57.23414,-31.74744],[-57.22178,-31.75955],[-57.1986,-31.76218],[-57.18762,-31.76028],[-57.1835,-31.76627],[-57.16873,-31.77765],[-57.16461,-31.78028],[-57.15861,-31.78057],[-57.15157,-31.78378],[-57.13423,-31.78407],[-57.11294,-31.77925],[-57.09664,-31.78582],[-57.07149,-31.78692],[-57.049,-31.78999],[-57.01776,-31.78182],[-56.99776,-31.78422],[-56.9866,-31.78378],[-56.98214,-31.78538],[-56.97373,-31.79399],[-56.96446,-31.79676],[-56.95665,-31.79655],[-56.9515,-31.79976],[-56.94489,-31.79793],[-56.93622,-31.80472],[-56.9188,-31.80275],[-56.91416,-31.8045],[-56.90086,-31.80472],[-56.89322,-31.80158],[-56.87974,-31.79101],[-56.87279,-31.79049],[-56.86816,-31.78772],[-56.86335,-31.78699],[-56.8606,-31.78422],[-56.84352,-31.7824],[-56.83794,-31.77809],[-56.83314,-31.77736],[-56.82781,-31.77955],[-56.82472,-31.77853],[-56.80867,-31.784],[-56.80258,-31.78436],[-56.79795,-31.78247],[-56.79477,-31.7859],[-56.79425,-31.78473],[-56.77941,-31.7848],[-56.77752,-31.78568],[-56.7746,-31.7918],[-56.76645,-31.79641],[-56.75366,-31.81062],[-56.75228,-31.81077],[-56.73958,-31.79895],[-56.73314,-31.79874],[-56.72791,-31.80216],[-56.72748,-31.80589],[-56.72267,-31.81056],[-56.71641,-31.81062],[-56.70559,-31.81471],[-56.69847,-31.82369],[-56.69263,-31.82719],[-56.67797,-31.83162],[-56.6697,-31.82575],[-56.66455,-31.82521],[-56.65392,-31.83367],[-56.64311,-31.83438],[-56.63238,-31.83871],[-56.6292,-31.83673],[-56.62611,-31.83673],[-56.62422,-31.84052],[-56.61701,-31.83936],[-56.61083,-31.84082],[-56.59358,-31.83155],[-56.58697,-31.83163],[-56.57667,-31.84373],[-56.55796,-31.8535],[-56.54629,-31.85073],[-56.54217,-31.84767],[-56.54054,-31.84833],[-56.53822,-31.85219],[-56.53832,-31.85961],[-56.53683,-31.86141],[-56.52795,-31.86259],[-56.5242,-31.8597],[-56.4778,-31.86254],[-56.47248,-31.87129],[-56.45325,-31.87129],[-56.43873,-31.83524],[-56.4222,-31.83039],[-56.41475,-31.82991],[-56.40398,-31.80771],[-56.38956,-31.79808],[-56.38793,-31.79358],[-56.39316,-31.77248],[-56.39187,-31.77029],[-56.38602,-31.76632],[-56.37392,-31.764],[-56.36063,-31.75908],[-56.35491,-31.75417],[-56.34258,-31.7487],[-56.30173,-31.73985],[-56.30322,-31.73751],[-56.30511,-31.73751],[-56.30648,-31.73415],[-56.30888,-31.71911],[-56.31626,-31.6975],[-56.3239,-31.69072],[-56.333,-31.68604],[-56.33352,-31.68151],[-56.33643,-31.67771],[-56.35,-31.67007],[-56.33841,-31.65806],[-56.33844,-31.64887],[-56.33407,-31.63876],[-56.33955,-31.63278],[-56.33738,-31.62054],[-56.35115,-31.61876],[-56.35518,-31.6123],[-56.35922,-31.60959],[-56.36012,-31.60663],[-56.3656,-31.6032],[-56.36622,-31.59491],[-56.36261,-31.59428],[-56.35806,-31.58703],[-56.36278,-31.58146],[-56.35935,-31.57502],[-56.35197,-31.56683],[-56.34442,-31.5664],[-56.33875,-31.56435],[-56.33686,-31.56259],[-56.33497,-31.55396],[-56.33618,-31.55133],[-56.32506,-31.54699],[-56.32467,-31.54314],[-56.32888,-31.53634],[-56.32914,-31.53216],[-56.32347,-31.51966],[-56.32158,-31.50275],[-56.31505,-31.49898],[-56.31223,-31.48682],[-56.30991,-31.48493],[-56.30115,-31.48299],[-56.2845,-31.46922],[-56.25881,-31.45274],[-56.26218,-31.45063],[-56.26767,-31.43939],[-56.26596,-31.43466],[-56.2594,-31.43458],[-56.25386,-31.43032],[-56.24896,-31.43144],[-56.22888,-31.42514],[-56.21875,-31.41772],[-56.21223,-31.41098],[-56.21068,-31.40727],[-56.20467,-31.40277],[-56.20133,-31.38903],[-56.19572,-31.38596],[-56.19631,-31.37317],[-56.17898,-31.34983],[-56.18425,-31.33722],[-56.18659,-31.32609],[-56.18175,-31.32257],[-56.17631,-31.32134],[-56.17118,-31.31396],[-56.16325,-31.30736],[-56.15604,-31.30592],[-56.15383,-31.30139],[-56.15789,-31.2983],[-56.15405,-31.28044],[-56.16649,-31.26819],[-56.18039,-31.25906],[-56.18239,-31.25615],[-56.18195,-31.25011],[-56.18498,-31.24559],[-56.17808,-31.24053],[-56.17032,-31.23994],[-56.16438,-31.23719],[-56.15433,-31.23523],[-56.14503,-31.22019],[-56.13636,-31.22087],[-56.13277,-31.21575],[-56.13035,-31.21598],[-56.11286,-31.20876],[-56.10491,-31.20695],[-56.08186,-31.20726],[-56.07016,-31.19754],[-56.06983,-31.18448],[-56.07224,-31.18111],[-56.07098,-31.17464],[-56.06022,-31.16661],[-56.05191,-31.14451],[-56.0368,-31.12438],[-56.02609,-31.11921],[-56.01523,-31.09907],[-56.01515,-31.08676],[-56.00989,-31.08267],[-56.0256,-31.06905],[-56.03527,-31.06317],[-56.04062,-31.05649],[-56.06823,-31.04209],[-56.07782,-31.02564],[-56.07987,-31.01693],[-56.08263,-31.01327],[-56.11618,-30.9993],[-56.12194,-30.99916],[-56.14145,-30.99423],[-56.14276,-30.99134],[-56.14132,-30.97408],[-56.14294,-30.96699],[-56.14243,-30.95533],[-56.14614,-30.95241],[-56.16598,-30.94521],[-56.1748,-30.93854],[-56.18015,-30.93144],[-56.19387,-30.93462],[-56.20417,-30.93506],[-56.20829,-30.93801],[-56.22031,-30.93875],[-56.22528,-30.93742],[-56.24265,-30.92619],[-56.2497,-30.92479],[-56.25526,-30.92626],[-56.25965,-30.91706],[-56.26231,-30.91542],[-56.27066,-30.91531],[-56.27432,-30.91925],[-56.27818,-30.91843],[-56.28064,-30.92188],[-56.28375,-30.92321],[-56.29617,-30.92336],[-56.30673,-30.92144],[-56.31094,-30.91548],[-56.32312,-30.91533],[-56.32998,-30.9121],[-56.33649,-30.91151],[-56.33962,-30.91197],[-56.34206,-30.91448],[-56.35095,-30.90902],[-56.35294,-30.90087],[-56.36285,-30.89874],[-56.36595,-30.90092],[-56.38404,-30.89005],[-56.39248,-30.88729],[-56.39955,-30.87842],[-56.40157,-30.87889],[-56.40399,-30.87699],[-56.40908,-30.87793],[-56.41644,-30.88211],[-56.42809,-30.89139],[-56.45347,-30.90207],[-56.45676,-30.91018],[-56.45239,-30.92011],[-56.45282,-30.92823],[-56.45326,-30.92992],[-56.45978,-30.93419],[-56.46218,-30.94096],[-56.4687,-30.94435],[-56.47162,-30.94376],[-56.47231,-30.94494],[-56.48192,-30.94611],[-56.50442,-30.95396],[-56.50652,-30.95784],[-56.51053,-30.95841],[-56.51676,-30.96245],[-56.51916,-30.96657],[-56.52176,-30.96768],[-56.52245,-30.97091],[-56.52942,-30.97695],[-56.5401,-30.98085],[-56.5467,-30.98873],[-56.55075,-30.98922],[-56.55699,-30.98751],[-56.56997,-30.98909],[-56.57598,-30.98629],[-56.58319,-30.98923],[-56.58628,-30.99335],[-56.59589,-30.99953],[-56.59658,-31.00159],[-56.60722,-31.00586],[-56.61684,-31.00454],[-56.63091,-31.00807],[-56.64796,-31.0076],[-56.66131,-31.0089],[-56.66645,-31.01189],[-56.67228,-31.01984],[-56.68344,-31.02896],[-56.70164,-31.04014],[-56.71039,-31.04117],[-56.7346,-31.04911],[-56.7564,-31.0497],[-56.77579,-31.05381],[-56.79502,-31.05014],[-56.8076,-31.05151],[-56.81264,-31.04786],[-56.83691,-31.04278],[-56.85133,-31.04676],[-56.86077,-31.0469],[-56.87793,-31.04014],[-56.90286,-31.03445],[-56.91845,-31.03458],[-56.93269,-31.03734],[-56.94746,-31.03631],[-56.96703,-31.04264],[-56.9799,-31.03908],[-56.98632,-31.03878],[-56.9876,-31.04092],[-57.0003,-31.04733],[-57.02024,-31.04734],[-57.04855,-31.05201],[-57.05425,-31.05569],[-57.05774,-31.06114],[-57.06007,-31.06155],[-57.06341,-31.06588],[-57.07016,-31.06906],[-57.07414,-31.06778],[-57.08479,-31.05896],[-57.12598,-31.04631],[-57.14195,-31.03646],[-57.16375,-31.03146],[-57.17439,-31.02572],[-57.178,-31.02087],[-57.17851,-31.01498],[-57.18126,-31.00925],[-57.19396,-30.99895],[-57.21044,-30.99394],[-57.21405,-30.98982],[-57.22194,-30.97422],[-57.22891,-30.97206],[-57.23927,-30.96319],[-57.24118,-30.96224],[-57.24486,-30.96379],[-57.25216,-30.96386],[-57.26506,-30.96155],[-57.27846,-30.96141],[-57.28643,-30.95374],[-57.29005,-30.95381],[-57.29563,-30.95149],[-57.30265,-30.94263],[-57.31052,-30.93683],[-57.32547,-30.93144],[-57.33236,-30.93226],[-57.33476,-30.9313],[-57.33536,-30.93236],[-57.3368,-30.93037],[-57.33869,-30.93172],[-57.34853,-30.9322],[-57.35664,-30.9305],[-57.48098,-30.84992],[-57.48355,-30.85228],[-57.49368,-30.85272],[-57.51737,-30.85744],[-57.52201,-30.85758],[-57.52887,-30.8536],[-57.54072,-30.85891],[-57.54964,-30.85994],[-57.56097,-30.86421],[-57.56509,-30.86436],[-57.58157,-30.85744],[-57.58552,-30.85434],[-57.59325,-30.84255],[-57.60526,-30.82899],[-57.62363,-30.81587],[-57.62672,-30.81012],[-57.62981,-30.80791],[-57.63659,-30.79428],[-57.64049,-30.79151],[-57.65269,-30.79084],[-57.66138,-30.78696],[-57.66397,-30.78417],[-57.66998,-30.78337],[-57.67391,-30.77951],[-57.67724,-30.78025],[-57.67864,-30.77472],[-57.68425,-30.7743],[-57.69298,-30.76957],[-57.69699,-30.76458],[-57.69819,-30.75943],[-57.70736,-30.75404],[-57.71064,-30.75386],[-57.71888,-30.75674],[-57.72817,-30.74995],[-57.73967,-30.74493],[-57.75461,-30.74892],[-57.76783,-30.74154],[-57.77126,-30.74154],[-57.77538,-30.74597],[-57.76954,-30.75924],[-57.76851,-30.76455],[-57.76989,-30.76986],[-57.78625,-30.77262],[-57.80134,-30.7784]]]}},{"type":"Feature","properties":{"shapeName":"Artigas","shapeISO":"UY-AR","shapeID":"27058087B22084813565519","shapeGroup":"URY","shapeType":"ADM1"},"geometry":{"type":"Polygon","coordinates":[[[-56.00989,-31.08267],[-56.00945,-31.08252],[-56.00708,-31.07513],[-56.00776,-31.07141],[-56.01252,-31.06277],[-56.01548,-31.0512],[-56.01836,-31.04808],[-56.0174,-31.03092],[-56.01436,-31.0211],[-56.01815,-31.00992],[-56.01661,-31.00618],[-56.01768,-31.00302],[-56.01291,-30.994],[-56.01305,-30.98979],[-56.00709,-30.98373],[-56.01094,-30.97885],[-56.00571,-30.9732],[-56.01124,-30.96853],[-56.01024,-30.95669],[-56.01286,-30.95337],[-56.00947,-30.94733],[-56.01533,-30.9449],[-56.01519,-30.9428],[-56.01051,-30.93789],[-56.01032,-30.92734],[-56.00547,-30.92244],[-56.00596,-30.91924],[-56.01124,-30.91204],[-56.00817,-30.90593],[-56.0082,-30.89426],[-56.00082,-30.88277],[-55.99822,-30.87431],[-55.99278,-30.86683],[-55.9896,-30.8585],[-55.99193,-30.84808],[-55.99441,-30.84516],[-56.00468,-30.83943],[-56.00556,-30.83361],[-56.00432,-30.82978],[-56.00881,-30.82005],[-56.01676,-30.81783],[-56.01648,-30.81175],[-56.01271,-30.80671],[-56.0156,-30.80254],[-56.02441,-30.79877],[-56.02456,-30.79475],[-56.02101,-30.79113],[-56.02241,-30.78565],[-56.0353,-30.78361],[-56.03844,-30.77845],[-56.03697,-30.77654],[-56.03882,-30.77489],[-56.0466,-30.77361],[-56.0482,-30.77605],[-56.05029,-30.77623],[-56.05628,-30.77306],[-56.06184,-30.77456],[-56.06655,-30.76367],[-56.06399,-30.7607],[-56.06625,-30.75832],[-56.06472,-30.75083],[-56.06827,-30.7468],[-56.07404,-30.74504],[-56.08505,-30.75558],[-56.08859,-30.75725],[-56.09619,-30.75294],[-56.09686,-30.74788],[-56.10011,-30.74452],[-56.10242,-30.74418],[-56.10216,-30.74063],[-56.1067,-30.73167],[-56.11799,-30.73337],[-56.11853,-30.73687],[-56.12382,-30.73904],[-56.13219,-30.73197],[-56.13084,-30.72368],[-56.12802,-30.72055],[-56.1301,-30.71622],[-56.13639,-30.70946],[-56.13766,-30.71038],[-56.15049,-30.70476],[-56.14911,-30.70181],[-56.15002,-30.6939],[-56.13826,-30.68779],[-56.1374,-30.68393],[-56.14362,-30.67931],[-56.14552,-30.68103],[-56.15171,-30.68026],[-56.16454,-30.66649],[-56.169,-30.65794],[-56.16963,-30.65312],[-56.16458,-30.64282],[-56.17353,-30.63446],[-56.18048,-30.63221],[-56.18028,-30.63015],[-56.18243,-30.62781],[-56.18264,-30.62525],[-56.17948,-30.62227],[-56.17214,-30.61974],[-56.17074,-30.61517],[-56.17804,-30.61238],[-56.18832,-30.60458],[-56.19528,-30.60391],[-56.21541,-30.60859],[-56.2192,-30.60751],[-56.22423,-30.59699],[-56.23405,-30.59377],[-56.23483,-30.58789],[-56.22625,-30.58664],[-56.22387,-30.58417],[-56.22582,-30.57832],[-56.22937,-30.57814],[-56.23567,-30.57407],[-56.24147,-30.57336],[-56.2461,-30.57471],[-56.25025,-30.57829],[-56.25517,-30.58759],[-56.26095,-30.58509],[-56.26207,-30.58261],[-56.25984,-30.58012],[-56.2617,-30.57234],[-56.26054,-30.56955],[-56.25605,-30.56712],[-56.25766,-30.56195],[-56.26534,-30.55442],[-56.27542,-30.56053],[-56.28156,-30.56021],[-56.27833,-30.55327],[-56.28793,-30.54103],[-56.28939,-30.52943],[-56.28692,-30.52932],[-56.2864,-30.52794],[-56.29193,-30.51967],[-56.29597,-30.52553],[-56.29989,-30.52517],[-56.30651,-30.53011],[-56.31163,-30.53087],[-56.31572,-30.52952],[-56.32224,-30.53134],[-56.3245,-30.52836],[-56.32836,-30.52953],[-56.33203,-30.52413],[-56.33599,-30.52359],[-56.33706,-30.51909],[-56.33338,-30.5166],[-56.33479,-30.51167],[-56.34899,-30.50367],[-56.3494,-30.49696],[-56.35591,-30.49121],[-56.36447,-30.49208],[-56.36495,-30.4964],[-56.36322,-30.49802],[-56.36187,-30.49581],[-56.35987,-30.49616],[-56.3597,-30.49978],[-56.36663,-30.5028],[-56.37535,-30.5004],[-56.3771,-30.50177],[-56.38176,-30.49956],[-56.38384,-30.49622],[-56.38904,-30.49332],[-56.38386,-30.49294],[-56.38448,-30.49071],[-56.3875,-30.49025],[-56.38586,-30.4871],[-56.39532,-30.48488],[-56.39693,-30.47893],[-56.39572,-30.472],[-56.39797,-30.47138],[-56.40152,-30.47432],[-56.40601,-30.46934],[-56.40647,-30.45968],[-56.4013,-30.4604],[-56.39924,-30.45596],[-56.39931,-30.45146],[-56.39713,-30.44949],[-56.39944,-30.447],[-56.40517,-30.44747],[-56.40857,-30.44572],[-56.41348,-30.43949],[-56.41605,-30.43093],[-56.42018,-30.43246],[-56.42338,-30.43115],[-56.42619,-30.43472],[-56.42857,-30.43473],[-56.43943,-30.43211],[-56.44583,-30.42546],[-56.45345,-30.42256],[-56.45239,-30.41976],[-56.44468,-30.41559],[-56.44435,-30.41265],[-56.45418,-30.40129],[-56.45612,-30.39073],[-56.46126,-30.38486],[-56.46697,-30.38532],[-56.47684,-30.38933],[-56.48053,-30.39249],[-56.48372,-30.39866],[-56.48987,-30.39842],[-56.49165,-30.39745],[-56.49624,-30.38693],[-56.50697,-30.38157],[-56.50462,-30.37117],[-56.51377,-30.36589],[-56.51867,-30.36017],[-56.52203,-30.35884],[-56.52888,-30.36029],[-56.53764,-30.3593],[-56.54338,-30.36129],[-56.54628,-30.36026],[-56.54738,-30.35842],[-56.54467,-30.35645],[-56.54416,-30.35258],[-56.54955,-30.34695],[-56.5511,-30.34236],[-56.54855,-30.33958],[-56.54049,-30.33726],[-56.53689,-30.33442],[-56.53698,-30.33123],[-56.54034,-30.32635],[-56.54115,-30.31291],[-56.54605,-30.31117],[-56.55454,-30.31973],[-56.55641,-30.31953],[-56.56302,-30.31122],[-56.57587,-30.30301],[-56.57422,-30.29184],[-56.57644,-30.28882],[-56.58498,-30.28971],[-56.59754,-30.29515],[-56.60567,-30.29248],[-56.61237,-30.29971],[-56.61563,-30.30136],[-56.6187,-30.30054],[-56.62091,-30.29385],[-56.61114,-30.28814],[-56.60682,-30.28262],[-56.61057,-30.26566],[-56.61487,-30.26121],[-56.62461,-30.26599],[-56.62925,-30.26604],[-56.63961,-30.25853],[-56.64014,-30.25507],[-56.63091,-30.25489],[-56.62505,-30.24976],[-56.62442,-30.24615],[-56.64174,-30.2338],[-56.64485,-30.22475],[-56.64956,-30.22051],[-56.65182,-30.21963],[-56.66435,-30.22181],[-56.66799,-30.21845],[-56.65737,-30.21311],[-56.64894,-30.21164],[-56.64516,-30.20771],[-56.64628,-30.20346],[-56.64984,-30.20715],[-56.65195,-30.20717],[-56.66192,-30.19767],[-56.67871,-30.20019],[-56.68171,-30.19444],[-56.69736,-30.20495],[-56.70035,-30.19756],[-56.70805,-30.1886],[-56.70463,-30.1792],[-56.70535,-30.17642],[-56.71134,-30.17612],[-56.71658,-30.17981],[-56.71953,-30.17983],[-56.72943,-30.17188],[-56.73684,-30.17056],[-56.76001,-30.16068],[-56.77261,-30.16453],[-56.77551,-30.16413],[-56.78211,-30.15867],[-56.78466,-30.15167],[-56.77792,-30.13385],[-56.78027,-30.12654],[-56.80007,-30.12181],[-56.80425,-30.10655],[-56.80705,-30.10386],[-56.80953,-30.10317],[-56.81345,-30.10739],[-56.81754,-30.10685],[-56.82395,-30.09603],[-56.84102,-30.09056],[-56.8572,-30.08911],[-56.86459,-30.09021],[-56.87116,-30.09401],[-56.87376,-30.09216],[-56.87443,-30.0863],[-56.87997,-30.08863],[-56.88636,-30.08773],[-56.88888,-30.09048],[-56.88955,-30.09545],[-56.89424,-30.10401],[-56.90497,-30.11355],[-56.90663,-30.11182],[-56.9049,-30.10943],[-56.90582,-30.10755],[-56.90962,-30.10792],[-56.91286,-30.11102],[-56.9155,-30.11035],[-56.91114,-30.10174],[-56.91603,-30.09713],[-56.93142,-30.09401],[-56.95484,-30.10111],[-56.96802,-30.09768],[-56.97632,-30.09759],[-56.9825,-30.08894],[-56.98588,-30.08726],[-56.99409,-30.08593],[-57.00427,-30.08772],[-57.02228,-30.08731],[-57.02905,-30.09328],[-57.03164,-30.10239],[-57.04537,-30.10553],[-57.05108,-30.10082],[-57.05719,-30.09863],[-57.06773,-30.10112],[-57.06923,-30.09871],[-57.06723,-30.0915],[-57.06111,-30.0887],[-57.06583,-30.08548],[-57.07045,-30.08631],[-57.07369,-30.08997],[-57.08214,-30.09459],[-57.08679,-30.10055],[-57.08719,-30.10592],[-57.09156,-30.10947],[-57.09212,-30.11212],[-57.08964,-30.11331],[-57.0856,-30.1107],[-57.08458,-30.11388],[-57.0907,-30.12109],[-57.0954,-30.12084],[-57.09583,-30.11455],[-57.10575,-30.11496],[-57.10814,-30.11652],[-57.11612,-30.11403],[-57.11649,-30.12036],[-57.1142,-30.12689],[-57.11025,-30.12865],[-57.10767,-30.1252],[-57.10465,-30.12573],[-57.10715,-30.1328],[-57.10587,-30.13526],[-57.11119,-30.14276],[-57.11663,-30.14553],[-57.11992,-30.14479],[-57.12291,-30.14093],[-57.12957,-30.14136],[-57.13512,-30.15794],[-57.14424,-30.16622],[-57.14519,-30.17303],[-57.15865,-30.18529],[-57.15935,-30.19324],[-57.16798,-30.19809],[-57.16683,-30.20517],[-57.16819,-30.20853],[-57.16421,-30.2131],[-57.16774,-30.21751],[-57.16241,-30.21887],[-57.16547,-30.22359],[-57.16357,-30.2271],[-57.15527,-30.23253],[-57.15532,-30.2345],[-57.16104,-30.2419],[-57.16302,-30.24301],[-57.16622,-30.24145],[-57.16795,-30.24229],[-57.1687,-30.24462],[-57.16696,-30.24763],[-57.16832,-30.24941],[-57.17733,-30.25157],[-57.19612,-30.2649],[-57.203,-30.28491],[-57.20968,-30.28503],[-57.21441,-30.28796],[-57.22081,-30.28928],[-57.24954,-30.28931],[-57.25513,-30.28158],[-57.25267,-30.27385],[-57.25796,-30.26728],[-57.25978,-30.26715],[-57.26835,-30.27175],[-57.27005,-30.27895],[-57.26859,-30.28317],[-57.26996,-30.28516],[-57.27494,-30.28747],[-57.27895,-30.2934],[-57.284,-30.294],[-57.295,-30.284],[-57.30571,-30.26396],[-57.31017,-30.25903],[-57.3135,-30.25782],[-57.31699,-30.2602],[-57.31887,-30.26819],[-57.321,-30.271],[-57.3417,-30.27726],[-57.353,-30.285],[-57.3579,-30.28216],[-57.35888,-30.2728],[-57.36524,-30.27131],[-57.37265,-30.27485],[-57.37981,-30.28068],[-57.38922,-30.29593],[-57.38964,-30.30284],[-57.39229,-30.30474],[-57.39766,-30.3045],[-57.4031,-30.30113],[-57.40921,-30.30027],[-57.42025,-30.30215],[-57.42187,-30.29927],[-57.42166,-30.2909],[-57.41916,-30.28496],[-57.41485,-30.28147],[-57.41632,-30.27834],[-57.4303,-30.27479],[-57.45159,-30.27614],[-57.45652,-30.27353],[-57.46049,-30.2679],[-57.46485,-30.26605],[-57.48833,-30.26792],[-57.49472,-30.27815],[-57.49763,-30.28737],[-57.50074,-30.28919],[-57.51235,-30.28518],[-57.52431,-30.28569],[-57.54975,-30.27372],[-57.55504,-30.26509],[-57.56649,-30.25899],[-57.56756,-30.25174],[-57.55561,-30.22989],[-57.55591,-30.2236],[-57.56087,-30.21134],[-57.56664,-30.20758],[-57.60722,-30.1901],[-57.62274,-30.18724],[-57.63207,-30.18739],[-57.64744,-30.19483],[-57.64923,-30.20184],[-57.64511,-30.21154],[-57.62002,-30.24166],[-57.61556,-30.25248],[-57.61818,-30.2635],[-57.62838,-30.28883],[-57.63687,-30.33197],[-57.64776,-30.34901],[-57.66894,-30.36712],[-57.70671,-30.39286],[-57.77263,-30.42364],[-57.79186,-30.44581],[-57.79884,-30.45054],[-57.85924,-30.47701],[-57.88562,-30.50099],[-57.89224,-30.513],[-57.89274,-30.52049],[-57.88571,-30.55486],[-57.88536,-30.56314],[-57.88848,-30.57421],[-57.88705,-30.58194],[-57.88523,-30.58582],[-57.87809,-30.59242],[-57.85961,-30.60221],[-57.85237,-30.60696],[-57.8471,-30.6126],[-57.84096,-30.62926],[-57.83358,-30.66666],[-57.83104,-30.67115],[-57.81638,-30.68213],[-57.80935,-30.69441],[-57.80376,-30.7092],[-57.81041,-30.73568],[-57.80815,-30.75449],[-57.80134,-30.7784],[-57.78625,-30.77262],[-57.76989,-30.76986],[-57.76851,-30.76455],[-57.76954,-30.75924],[-57.77538,-30.74597],[-57.77126,-30.74154],[-57.76783,-30.74154],[-57.75461,-30.74892],[-57.73967,-30.74493],[-57.72817,-30.74995],[-57.71888,-30.75674],[-57.71064,-30.75386],[-57.70736,-30.75404],[-57.69819,-30.75943],[-57.69699,-30.76458],[-57.69298,-30.76957],[-57.68425,-30.7743],[-57.67864,-30.77472],[-57.67724,-30.78025],[-57.67391,-30.77951],[-57.66998,-30.78337],[-57.66397,-30.78417],[-57.66138,-30.78696],[-57.65269,-30.79084],[-57.64049,-30.79151],[-57.63659,-30.79428],[-57.62981,-30.80791],[-57.62672,-30.81012],[-57.62363,-30.81587],[-57.60526,-30.82899],[-57.59325,-30.84255],[-57.58552,-30.85434],[-57.58157,-30.85744],[-57.56509,-30.86436],[-57.56097,-30.86421],[-57.54964,-30.85994],[-57.54072,-30.85891],[-57.52887,-30.8536],[-57.52201,-30.85758],[-57.51737,-30.85744],[-57.49368,-30.85272],[-57.48355,-30.85228],[-57.48098,-30.84992],[-57.35664,-30.9305],[-57.34853,-30.9322],[-57.33869,-30.93172],[-57.3368,-30.93037],[-57.33536,-30.93236],[-57.33476,-30.9313],[-57.33236,-30.93226],[-57.32547,-30.93144],[-57.31052,-30.93683],[-57.30265,-30.94263],[-57.29563,-30.95149],[-57.29005,-30.95381],[-57.28643,-30.95374],[-57.27846,-30.96141],[-57.26506,-30.96155],[-57.25216,-30.96386],[-57.24486,-30.96379],[-57.24118,-30.96224],[-57.23927,-30.96319],[-57.22891,-30.97206],[-57.22194,-30.97422],[-57.21405,-30.98982],[-57.21044,-30.99394],[-57.19396,-30.99895],[-57.18126,-31.00925],[-57.17851,-31.01498],[-57.178,-31.02087],[-57.17439,-31.02572],[-57.16375,-31.03146],[-57.14195,-31.03646],[-57.12598,-31.04631],[-57.08479,-31.05896],[-57.07414,-31.06778],[-57.07016,-31.06906],[-57.06341,-31.06588],[-57.06007,-31.06155],[-57.05774,-31.06114],[-57.05425,-31.05569],[-57.04855,-31.05201],[-57.02024,-31.04734],[-57.0003,-31.04733],[-56.9876,-31.04092],[-56.98632,-31.03878],[-56.9799,-31.03908],[-56.96703,-31.04264],[-56.94746,-31.03631],[-56.93269,-31.03734],[-56.91845,-31.03458],[-56.90286,-31.03445],[-56.87793,-31.04014],[-56.86077,-31.0469],[-56.85133,-31.04676],[-56.83691,-31.04278],[-56.81264,-31.04786],[-56.8076,-31.05151],[-56.79502,-31.05014],[-56.77579,-31.05381],[-56.7564,-31.0497],[-56.7346,-31.04911],[-56.71039,-31.04117],[-56.70164,-31.04014],[-56.68344,-31.02896],[-56.67228,-31.01984],[-56.66645,-31.01189],[-56.66131,-31.0089],[-56.64796,-31.0076],[-56.63091,-31.00807],[-56.61684,-31.00454],[-56.60722,-31.00586],[-56.59658,-31.00159],[-56.59589,-30.99953],[-56.58628,-30.99335],[-56.58319,-30.98923],[-56.57598,-30.98629],[-56.56997,-30.98909],[-56.55699,-30.98751],[-56.55075,-30.98922],[-56.5467,-30.98873],[-56.5401,-30.98085],[-56.52942,-30.97695],[-56.52245,-30.97091],[-56.52176,-30.96768],[-56.51916,-30.96657],[-56.51676,-30.96245],[-56.51053,-30.95841],[-56.50652,-30.95784],[-56.50442,-30.95396],[-56.48192,-30.94611],[-56.47231,-30.94494],[-56.47162,-30.94376],[-56.4687,-30.94435],[-56.46218,-30.94096],[-56.45978,-30.93419],[-56.45326,-30.92992],[-56.45282,-30.92823],[-56.45239,-30.92011],[-56.45676,-30.91018],[-56.45347,-30.90207],[-56.42809,-30.89139],[-56.41644,-30.88211],[-56.40908,-30.87793],[-56.40399,-30.87699],[-56.40157,-30.87889],[-56.39955,-30.87842],[-56.39248,-30.88729],[-56.38404,-30.89005],[-56.36595,-30.90092],[-56.36285,-30.89874],[-56.35294,-30.90087],[-56.35095,-30.90902],[-56.34206,-30.91448],[-56.33962,-30.91197],[-56.33649,-30.91151],[-56.32998,-30.9121],[-56.32312,-30.91533],[-56.31094,-30.91548],[-56.30673,-30.92144],[-56.29617,-30.92336],[-56.28375,-30.92321],[-56.28064,-30.92188],[-56.27818,-30.91843],[-56.27432,-30.91925],[-56.27066,-30.91531],[-56.26231,-30.91542],[-56.25965,-30.91706],[-56.25526,-30.92626],[-56.2497,-30.92479],[-56.24265,-30.92619],[-56.22528,-30.93742],[-56.22031,-30.93875],[-56.20829,-30.93801],[-56.20417,-30.93506],[-56.19387,-30.93462],[-56.18015,-30.93144],[-56.1748,-30.93854],[-56.16598,-30.94521],[-56.14614,-30.95241],[-56.14243,-30.95533],[-56.14294,-30.96699],[-56.14132,-30.97408],[-56.14276,-30.99134],[-56.14145,-30.99423],[-56.12194,-30.99916],[-56.11618,-30.9993],[-56.08263,-31.01327],[-56.07987,-31.01693],[-56.07782,-31.02564],[-56.06823,-31.04209],[-56.04062,-31.05649],[-56.03527,-31.06317],[-56.0256,-31.06905],[-56.00989,-31.08267]]]}},{"type":"Feature","properties":{"shapeName":"Canelones","shapeISO":"UY-CA","shapeID":"27058087B19329078127106","shapeGroup":"URY","shapeType":"ADM1"},"geometry":{"type":"Polygon","coordinates":[[[-56.39165,-34.42643],[-56.40181,-34.4423],[-56.40103,-34.44799],[-56.40856,-34.45563],[-56.41434,-34.45555],[-56.41685,-34.45688],[-56.41715,-34.46255],[-56.41953,-34.46594],[-56.41766,-34.48118],[-56.41417,-34.48407],[-56.40727,-34.48467],[-56.40583,-34.48606],[-56.41013,-34.49568],[-56.39918,-34.50596],[-56.39279,-34.50587],[-56.39162,-34.51038],[-56.39514,-34.51205],[-56.396,-34.51413],[-56.40154,-34.51454],[-56.40478,-34.52241],[-56.4024,-34.52741],[-56.40422,-34.53038],[-56.40865,-34.53165],[-56.411,-34.52649],[-56.41604,-34.52717],[-56.41647,-34.52929],[-56.41171,-34.53522],[-56.41288,-34.53754],[-56.42051,-34.53819],[-56.4241,-34.54188],[-56.42865,-34.53926],[-56.42778,-34.5328],[-56.4294,-34.53112],[-56.43775,-34.53079],[-56.44489,-34.53339],[-56.44937,-34.54167],[-56.45028,-34.55434],[-56.45765,-34.55808],[-56.46987,-34.5576],[-56.47386,-34.56192],[-56.47646,-34.57182],[-56.48127,-34.57203],[-56.49214,-34.5789],[-56.49396,-34.59023],[-56.49276,-34.59534],[-56.48843,-34.59987],[-56.4785,-34.60373],[-56.47698,-34.61158],[-56.4813,-34.63085],[-56.48804,-34.64386],[-56.48564,-34.64829],[-56.47824,-34.6529],[-56.47206,-34.66308],[-56.46591,-34.66962],[-56.45658,-34.67225],[-56.45479,-34.67398],[-56.45456,-34.68347],[-56.45104,-34.68795],[-56.44608,-34.68995],[-56.42877,-34.69127],[-56.42428,-34.69355],[-56.42179,-34.69997],[-56.41943,-34.70163],[-56.40214,-34.69986],[-56.3784,-34.70505],[-56.36321,-34.71412],[-56.35437,-34.72662],[-56.34724,-34.72139],[-56.34203,-34.71316],[-56.33656,-34.7157],[-56.33056,-34.7111],[-56.32457,-34.70225],[-56.31509,-34.70192],[-56.31206,-34.70497],[-56.30901,-34.70319],[-56.30831,-34.70604],[-56.30434,-34.7066],[-56.2973,-34.71237],[-56.29499,-34.71803],[-56.29188,-34.71922],[-56.28978,-34.71834],[-56.28642,-34.72317],[-56.28188,-34.72506],[-56.27761,-34.73489],[-56.27781,-34.73845],[-56.27257,-34.7401],[-56.27443,-34.7446],[-56.2704,-34.75103],[-56.26741,-34.75119],[-56.26223,-34.75475],[-56.26132,-34.75359],[-56.25556,-34.75414],[-56.25001,-34.75889],[-56.24386,-34.76027],[-56.23541,-34.76491],[-56.23101,-34.7701],[-56.22115,-34.76524],[-56.22086,-34.76207],[-56.218,-34.75976],[-56.21941,-34.7568],[-56.21217,-34.74679],[-56.2121,-34.74339],[-56.20818,-34.74097],[-56.20337,-34.73075],[-56.19335,-34.7251],[-56.1916,-34.72142],[-56.18457,-34.72223],[-56.17491,-34.71959],[-56.17244,-34.72732],[-56.16708,-34.73096],[-56.16576,-34.72844],[-56.15862,-34.72714],[-56.15643,-34.72156],[-56.1492,-34.71984],[-56.14222,-34.71414],[-56.13925,-34.71387],[-56.13711,-34.71621],[-56.12606,-34.71761],[-56.12391,-34.72016],[-56.1227,-34.72728],[-56.1269,-34.7364],[-56.12219,-34.7384],[-56.12055,-34.74071],[-56.11901,-34.74871],[-56.11535,-34.74857],[-56.10918,-34.75135],[-56.10489,-34.74988],[-56.10181,-34.75094],[-56.09952,-34.75326],[-56.09981,-34.75579],[-56.09593,-34.75649],[-56.09322,-34.75956],[-56.09582,-34.76225],[-56.09471,-34.76393],[-56.09711,-34.76779],[-56.09988,-34.76914],[-56.09738,-34.77614],[-56.09425,-34.77583],[-56.09011,-34.78022],[-56.08253,-34.7783],[-56.08309,-34.77685],[-56.07716,-34.7747],[-56.07543,-34.77187],[-56.06978,-34.77215],[-56.06943,-34.76863],[-56.06703,-34.76602],[-56.06233,-34.76924],[-56.05939,-34.76955],[-56.05469,-34.76066],[-56.04672,-34.76042],[-56.04494,-34.76258],[-56.03851,-34.76419],[-56.03314,-34.77428],[-56.02925,-34.77716],[-56.02935,-34.78117],[-56.03302,-34.782],[-56.03268,-34.78434],[-56.037,-34.78414],[-56.03944,-34.79103],[-56.04297,-34.79223],[-56.03846,-34.79647],[-56.04188,-34.79872],[-56.04004,-34.80125],[-56.04167,-34.80309],[-56.04021,-34.80511],[-56.04672,-34.80712],[-56.05297,-34.81626],[-56.05193,-34.82145],[-56.05505,-34.82641],[-56.05422,-34.85219],[-56.05624,-34.86002],[-56.06077,-34.86584],[-56.05838,-34.86816],[-56.0531,-34.8695],[-56.04725,-34.86755],[-56.04181,-34.86876],[-56.03657,-34.87253],[-56.03483,-34.87784],[-56.03057,-34.8796],[-56.0225,-34.87778],[-55.96693,-34.84446],[-55.9596,-34.84161],[-55.95317,-34.83688],[-55.94822,-34.836],[-55.91972,-34.81868],[-55.89143,-34.80461],[-55.8734,-34.79755],[-55.85739,-34.79576],[-55.82108,-34.78069],[-55.78815,-34.77153],[-55.77201,-34.77244],[-55.7641,-34.7763],[-55.7622,-34.78166],[-55.75541,-34.78041],[-55.75212,-34.7813],[-55.7169,-34.76834],[-55.69703,-34.76332],[-55.68478,-34.76177],[-55.67273,-34.7632],[-55.6632,-34.76725],[-55.65849,-34.77124],[-55.65778,-34.77437],[-55.65058,-34.77958],[-55.62553,-34.77328],[-55.60125,-34.77202],[-55.5834,-34.77815],[-55.57774,-34.7829],[-55.56257,-34.78474],[-55.55497,-34.7899],[-55.54586,-34.78978],[-55.53697,-34.79313],[-55.53409,-34.79654],[-55.52946,-34.796],[-55.52822,-34.79778],[-55.5036,-34.79429],[-55.49879,-34.79586],[-55.49744,-34.79843],[-55.49304,-34.79888],[-55.43611,-34.79165],[-55.41031,-34.79012],[-55.40248,-34.79124],[-55.39487,-34.79023],[-55.39367,-34.78311],[-55.40654,-34.7674],[-55.41311,-34.76582],[-55.41521,-34.75739],[-55.42233,-34.75009],[-55.4264,-34.74773],[-55.43169,-34.74895],[-55.43954,-34.7466],[-55.45022,-34.74825],[-55.45453,-34.7472],[-55.45099,-34.74279],[-55.45194,-34.73771],[-55.45022,-34.73217],[-55.4522,-34.72582],[-55.45072,-34.71623],[-55.44391,-34.71461],[-55.44134,-34.71062],[-55.44207,-34.70582],[-55.44576,-34.70069],[-55.44284,-34.6942],[-55.44339,-34.68764],[-55.4415,-34.68389],[-55.44618,-34.67831],[-55.45153,-34.67659],[-55.45549,-34.67861],[-55.46502,-34.67353],[-55.46784,-34.67044],[-55.47312,-34.66888],[-55.48351,-34.65858],[-55.48434,-34.65245],[-55.4826,-34.65076],[-55.48182,-34.62931],[-55.48035,-34.62698],[-55.47993,-34.62396],[-55.48234,-34.61964],[-55.47953,-34.61201],[-55.47995,-34.60827],[-55.47389,-34.60577],[-55.47555,-34.60364],[-55.4788,-34.60319],[-55.48055,-34.59776],[-55.48644,-34.59758],[-55.48969,-34.59094],[-55.48606,-34.58766],[-55.48643,-34.5861],[-55.49513,-34.58075],[-55.48924,-34.57821],[-55.48812,-34.57033],[-55.49201,-34.56855],[-55.4904,-34.56227],[-55.49781,-34.55988],[-55.49307,-34.55299],[-55.49704,-34.54862],[-55.49483,-34.54495],[-55.49842,-34.54373],[-55.49927,-34.54172],[-55.49655,-34.53794],[-55.50071,-34.53632],[-55.5006,-34.53122],[-55.50318,-34.52896],[-55.50799,-34.52896],[-55.50818,-34.52571],[-55.51261,-34.52431],[-55.51905,-34.52499],[-55.51894,-34.51756],[-55.52043,-34.51626],[-55.52335,-34.51664],[-55.52405,-34.51953],[-55.52736,-34.52043],[-55.52818,-34.51519],[-55.52612,-34.51403],[-55.52651,-34.51119],[-55.53258,-34.5113],[-55.53452,-34.507],[-55.54126,-34.50715],[-55.54502,-34.50363],[-55.55025,-34.50163],[-55.55057,-34.49732],[-55.54827,-34.49945],[-55.546,-34.49947],[-55.55034,-34.49162],[-55.54556,-34.48369],[-55.5561,-34.47968],[-55.55241,-34.47857],[-55.55469,-34.4771],[-55.55423,-34.47292],[-55.55641,-34.4703],[-55.55461,-34.46913],[-55.55304,-34.47122],[-55.54866,-34.47102],[-55.54703,-34.46694],[-55.54393,-34.46532],[-55.54362,-34.46016],[-55.54014,-34.4586],[-55.53799,-34.45324],[-55.53922,-34.45026],[-55.54185,-34.45028],[-55.54065,-34.4454],[-55.54162,-34.44154],[-55.54345,-34.4407],[-55.5376,-34.43538],[-55.53895,-34.43342],[-55.53695,-34.43208],[-55.53795,-34.42797],[-55.53466,-34.42689],[-55.53745,-34.42277],[-55.53505,-34.42054],[-55.53693,-34.41832],[-55.53555,-34.41646],[-55.53714,-34.41596],[-55.53745,-34.41289],[-55.53562,-34.41067],[-55.53354,-34.41057],[-55.53453,-34.40802],[-55.53213,-34.40535],[-55.53527,-34.40281],[-55.53393,-34.40103],[-55.53624,-34.39645],[-55.5341,-34.38863],[-55.5355,-34.38728],[-55.53861,-34.38941],[-55.54362,-34.38831],[-55.55083,-34.37618],[-55.55597,-34.37363],[-55.55648,-34.36739],[-55.55889,-34.36555],[-55.55957,-34.36087],[-55.56242,-34.35698],[-55.56489,-34.35535],[-55.57171,-34.35579],[-55.62418,-34.20799],[-55.62636,-34.20684],[-55.63357,-34.20769],[-55.63717,-34.21294],[-55.64215,-34.21635],[-55.64833,-34.21564],[-55.65159,-34.2182],[-55.65622,-34.21905],[-55.6624,-34.21635],[-55.67013,-34.21834],[-55.67116,-34.21564],[-55.67528,-34.21635],[-55.67597,-34.21337],[-55.67974,-34.21209],[-55.68798,-34.21663],[-55.69897,-34.21365],[-55.7012,-34.21422],[-55.71266,-34.2222],[-55.716,-34.22278],[-55.7181,-34.21962],[-55.72103,-34.22242],[-55.72371,-34.22248],[-55.73573,-34.21235],[-55.73926,-34.21304],[-55.73995,-34.21546],[-55.74242,-34.21627],[-55.74426,-34.21565],[-55.75207,-34.21791],[-55.75983,-34.21732],[-55.76285,-34.22224],[-55.77526,-34.23188],[-55.79137,-34.23382],[-55.79746,-34.24179],[-55.79695,-34.24359],[-55.80115,-34.24504],[-55.8097,-34.24422],[-55.81406,-34.24833],[-55.81297,-34.25316],[-55.81582,-34.25362],[-55.82058,-34.25817],[-55.82495,-34.2585],[-55.82918,-34.25678],[-55.83248,-34.26046],[-55.83356,-34.26575],[-55.83871,-34.26423],[-55.83978,-34.26251],[-55.842,-34.26309],[-55.84524,-34.26966],[-55.84426,-34.27336],[-55.84777,-34.27776],[-55.84678,-34.28058],[-55.85015,-34.28139],[-55.85936,-34.27787],[-55.87383,-34.28159],[-55.87696,-34.28101],[-55.87785,-34.28367],[-55.88065,-34.28466],[-55.88116,-34.28202],[-55.88651,-34.28077],[-55.8876,-34.28217],[-55.8855,-34.28341],[-55.88713,-34.28468],[-55.88931,-34.2827],[-55.89002,-34.27878],[-55.89497,-34.27752],[-55.89993,-34.27138],[-55.90315,-34.27091],[-55.90816,-34.27294],[-55.9116,-34.2707],[-55.91265,-34.26782],[-55.91796,-34.267],[-55.9214,-34.27018],[-55.91911,-34.27345],[-55.92463,-34.27502],[-55.92639,-34.27793],[-55.92822,-34.27688],[-55.93281,-34.28023],[-55.93666,-34.2773],[-55.94364,-34.27761],[-55.94671,-34.27483],[-55.94785,-34.27891],[-55.95296,-34.28221],[-55.95798,-34.28055],[-55.96061,-34.27634],[-55.97272,-34.27303],[-55.97739,-34.26759],[-55.98257,-34.26709],[-55.98442,-34.26958],[-55.98811,-34.26863],[-55.9924,-34.27015],[-55.99696,-34.26722],[-56.00577,-34.2651],[-56.00839,-34.26584],[-56.01266,-34.26389],[-56.0145,-34.26463],[-56.01725,-34.26232],[-56.02306,-34.26208],[-56.03227,-34.25852],[-56.03856,-34.25755],[-56.04892,-34.25927],[-56.05107,-34.26215],[-56.05679,-34.26468],[-56.05994,-34.27003],[-56.07069,-34.27581],[-56.08703,-34.28023],[-56.09519,-34.27844],[-56.09764,-34.28109],[-56.10014,-34.27921],[-56.10297,-34.27925],[-56.10973,-34.28697],[-56.11822,-34.28688],[-56.12314,-34.29287],[-56.12263,-34.29793],[-56.12821,-34.29631],[-56.12862,-34.3017],[-56.12471,-34.30405],[-56.12813,-34.30643],[-56.12877,-34.31154],[-56.13327,-34.31838],[-56.13214,-34.32283],[-56.13339,-34.32597],[-56.13891,-34.32591],[-56.14137,-34.33577],[-56.14371,-34.33878],[-56.14649,-34.33748],[-56.14865,-34.34092],[-56.15588,-34.3455],[-56.16187,-34.34603],[-56.16215,-34.35067],[-56.16532,-34.35617],[-56.16775,-34.35803],[-56.17174,-34.35788],[-56.1698,-34.36576],[-56.17185,-34.37348],[-56.17335,-34.37559],[-56.1771,-34.37578],[-56.17685,-34.37946],[-56.18165,-34.38228],[-56.18097,-34.38508],[-56.18371,-34.38722],[-56.19455,-34.38397],[-56.1949,-34.38043],[-56.20125,-34.37674],[-56.20847,-34.37688],[-56.21349,-34.38113],[-56.22215,-34.37869],[-56.2375,-34.38022],[-56.24039,-34.37811],[-56.23832,-34.37129],[-56.24082,-34.36555],[-56.24451,-34.36399],[-56.25665,-34.36469],[-56.26176,-34.3605],[-56.2649,-34.36088],[-56.26717,-34.36456],[-56.2714,-34.36683],[-56.27372,-34.37145],[-56.27804,-34.3714],[-56.28781,-34.36533],[-56.29703,-34.36201],[-56.302,-34.35278],[-56.30749,-34.35068],[-56.30967,-34.35349],[-56.31322,-34.35416],[-56.31676,-34.34851],[-56.32449,-34.34984],[-56.33085,-34.34726],[-56.33378,-34.34917],[-56.33471,-34.35261],[-56.34053,-34.353],[-56.35018,-34.35947],[-56.35615,-34.35979],[-56.36493,-34.36492],[-56.37166,-34.36223],[-56.38516,-34.36988],[-56.38711,-34.37851],[-56.38482,-34.38255],[-56.39084,-34.3894],[-56.3914,-34.39984],[-56.38459,-34.41004],[-56.39255,-34.4181],[-56.39165,-34.42643]]]}},{"type":"Feature","properties":{"shapeName":"Rivera","shapeISO":"UY-RV","shapeID":"27058087B52084370772895","shapeGroup":"URY","shapeType":"ADM1"},"geometry":{"type":"Polygon","coordinates":[[[-56.18498,-31.24559],[-56.18065,-31.24876],[-56.17773,-31.24892],[-56.17481,-31.24643],[-56.17052,-31.24584],[-56.15678,-31.25066],[-56.15318,-31.24832],[-56.14374,-31.24641],[-56.14254,-31.24216],[-56.13567,-31.23689],[-56.1319,-31.23717],[-56.13138,-31.23453],[-56.11766,-31.23071],[-56.11405,-31.23144],[-56.10941,-31.23601],[-56.10444,-31.23599],[-56.10032,-31.23937],[-56.09534,-31.23996],[-56.08899,-31.23555],[-56.07718,-31.24215],[-56.06963,-31.24347],[-56.06204,-31.25347],[-56.04985,-31.25728],[-56.04594,-31.26167],[-56.03903,-31.26374],[-56.03577,-31.26873],[-56.02912,-31.26959],[-56.0226,-31.2759],[-56.01637,-31.27782],[-56.0147,-31.28001],[-56.00217,-31.28617],[-55.99904,-31.29014],[-55.99101,-31.29336],[-55.98771,-31.29791],[-55.9805,-31.30011],[-55.98015,-31.30349],[-55.97483,-31.3095],[-55.96213,-31.30862],[-55.95681,-31.31229],[-55.95166,-31.31258],[-55.94771,-31.32035],[-55.95028,-31.32519],[-55.94312,-31.32841],[-55.93792,-31.33458],[-55.92956,-31.33633],[-55.92085,-31.3345],[-55.92121,-31.3377],[-55.91885,-31.33984],[-55.9199,-31.34147],[-55.91771,-31.34366],[-55.91359,-31.34351],[-55.90634,-31.35208],[-55.90174,-31.35215],[-55.89643,-31.34498],[-55.89505,-31.34527],[-55.89515,-31.3489],[-55.89354,-31.35053],[-55.87899,-31.35528],[-55.87382,-31.3601],[-55.86763,-31.36024],[-55.86643,-31.35818],[-55.864,-31.35792],[-55.85885,-31.36517],[-55.85681,-31.3654],[-55.846,-31.36338],[-55.83591,-31.36415],[-55.82739,-31.36152],[-55.82682,-31.35909],[-55.82533,-31.35954],[-55.82257,-31.36727],[-55.81782,-31.37147],[-55.82168,-31.37331],[-55.81849,-31.37474],[-55.81786,-31.37789],[-55.81442,-31.38047],[-55.81432,-31.38426],[-55.8103,-31.38373],[-55.80875,-31.38487],[-55.80862,-31.38893],[-55.80585,-31.39014],[-55.80503,-31.3928],[-55.79945,-31.39727],[-55.80264,-31.39692],[-55.80324,-31.39799],[-55.80213,-31.3994],[-55.80421,-31.4017],[-55.80176,-31.41297],[-55.8052,-31.41466],[-55.80358,-31.41882],[-55.80721,-31.42041],[-55.80767,-31.4257],[-55.80985,-31.42766],[-55.80818,-31.42958],[-55.80423,-31.42899],[-55.80283,-31.43225],[-55.80888,-31.43384],[-55.80695,-31.43563],[-55.80913,-31.43797],[-55.80703,-31.43916],[-55.80909,-31.44142],[-55.80585,-31.44482],[-55.80775,-31.44508],[-55.80653,-31.44704],[-55.80996,-31.45167],[-55.81224,-31.45245],[-55.81313,-31.45101],[-55.81127,-31.45584],[-55.81571,-31.45908],[-55.813,-31.45937],[-55.81388,-31.46029],[-55.81159,-31.46358],[-55.8108,-31.47014],[-55.80774,-31.47181],[-55.80804,-31.47747],[-55.80251,-31.4786],[-55.79944,-31.47654],[-55.79706,-31.47932],[-55.79569,-31.47888],[-55.79005,-31.48255],[-55.79065,-31.48521],[-55.78886,-31.48806],[-55.79147,-31.48993],[-55.7883,-31.49305],[-55.78401,-31.49295],[-55.7832,-31.49626],[-55.77868,-31.499],[-55.77879,-31.50509],[-55.77625,-31.50687],[-55.77078,-31.50797],[-55.76757,-31.50586],[-55.76103,-31.50903],[-55.75682,-31.50749],[-55.75287,-31.50846],[-55.74978,-31.52136],[-55.74111,-31.52733],[-55.74053,-31.5288],[-55.74191,-31.52955],[-55.74016,-31.53086],[-55.73575,-31.53109],[-55.73318,-31.533],[-55.72834,-31.53053],[-55.72517,-31.53685],[-55.72364,-31.53571],[-55.72146,-31.53729],[-55.71446,-31.53731],[-55.71085,-31.53506],[-55.70073,-31.53347],[-55.68983,-31.52831],[-55.67416,-31.53723],[-55.67298,-31.53974],[-55.67558,-31.54347],[-55.67664,-31.55003],[-55.67257,-31.55394],[-55.68231,-31.56413],[-55.68374,-31.56891],[-55.68188,-31.57012],[-55.67999,-31.56849],[-55.67567,-31.56814],[-55.67168,-31.57034],[-55.66434,-31.57853],[-55.65763,-31.58244],[-55.65575,-31.58594],[-55.6537,-31.58583],[-55.65154,-31.59175],[-55.65546,-31.5924],[-55.66071,-31.59736],[-55.66012,-31.59899],[-55.65771,-31.59851],[-55.66333,-31.60662],[-55.66279,-31.61216],[-55.6655,-31.61406],[-55.66897,-31.61391],[-55.66979,-31.61801],[-55.66378,-31.6224],[-55.6597,-31.62287],[-55.65821,-31.62505],[-55.65631,-31.62321],[-55.65469,-31.62356],[-55.65555,-31.62517],[-55.65309,-31.62487],[-55.65286,-31.6204],[-55.64617,-31.62169],[-55.64691,-31.62565],[-55.64145,-31.62701],[-55.64301,-31.63554],[-55.63936,-31.63716],[-55.64442,-31.64121],[-55.6441,-31.64376],[-55.64592,-31.64361],[-55.64597,-31.64581],[-55.64788,-31.64558],[-55.64773,-31.65032],[-55.6453,-31.6514],[-55.64717,-31.65658],[-55.65281,-31.65975],[-55.65469,-31.6621],[-55.65429,-31.66444],[-55.65727,-31.66619],[-55.65597,-31.66938],[-55.65373,-31.66829],[-55.65089,-31.67265],[-55.65334,-31.67619],[-55.65115,-31.68052],[-55.6562,-31.6815],[-55.65471,-31.67879],[-55.6571,-31.67928],[-55.65747,-31.67729],[-55.65994,-31.68092],[-55.659,-31.68422],[-55.66029,-31.68627],[-55.65931,-31.68769],[-55.65517,-31.68812],[-55.65451,-31.69352],[-55.65678,-31.69403],[-55.6555,-31.69557],[-55.65596,-31.69799],[-55.65747,-31.69815],[-55.65682,-31.69976],[-55.66033,-31.70069],[-55.65901,-31.70291],[-55.66065,-31.70285],[-55.66161,-31.70764],[-55.65996,-31.71032],[-55.65695,-31.71135],[-55.66132,-31.71688],[-55.66024,-31.71864],[-55.65712,-31.71825],[-55.65668,-31.72034],[-55.65493,-31.7191],[-55.65218,-31.72002],[-55.65067,-31.72366],[-55.64897,-31.72352],[-55.64877,-31.72165],[-55.64353,-31.72586],[-55.64335,-31.72752],[-55.63981,-31.72871],[-55.64263,-31.73027],[-55.63854,-31.73128],[-55.63904,-31.73382],[-55.63413,-31.73596],[-55.63597,-31.73989],[-55.6332,-31.74227],[-55.63052,-31.74163],[-55.6325,-31.74333],[-55.63202,-31.74851],[-55.63542,-31.74995],[-55.63414,-31.75221],[-55.63904,-31.7615],[-55.63771,-31.76325],[-55.64196,-31.76321],[-55.63775,-31.76611],[-55.63546,-31.76526],[-55.63698,-31.7693],[-55.63405,-31.76991],[-55.63629,-31.77133],[-55.6381,-31.77961],[-55.63603,-31.7824],[-55.63546,-31.78804],[-55.63208,-31.79108],[-55.62897,-31.79749],[-55.61842,-31.79997],[-55.61826,-31.79763],[-55.61524,-31.79631],[-55.61251,-31.79726],[-55.6075,-31.79328],[-55.60457,-31.78859],[-55.59975,-31.79102],[-55.58734,-31.78803],[-55.58951,-31.78639],[-55.58902,-31.78504],[-55.58577,-31.78405],[-55.58485,-31.78105],[-55.58328,-31.78144],[-55.58202,-31.77923],[-55.57921,-31.7785],[-55.58042,-31.77637],[-55.5732,-31.77367],[-55.57179,-31.77444],[-55.57381,-31.77612],[-55.57313,-31.77773],[-55.56818,-31.77681],[-55.56565,-31.77449],[-55.5629,-31.77771],[-55.56193,-31.77679],[-55.55994,-31.77774],[-55.55659,-31.77332],[-55.55216,-31.77386],[-55.54866,-31.77928],[-55.53561,-31.77885],[-55.53534,-31.78148],[-55.53314,-31.78301],[-55.53068,-31.78165],[-55.52814,-31.78343],[-55.52455,-31.78156],[-55.52247,-31.78428],[-55.51892,-31.78479],[-55.51918,-31.78656],[-55.51156,-31.78781],[-55.50836,-31.79079],[-55.49932,-31.78553],[-55.5003,-31.78821],[-55.44989,-31.7883],[-55.41985,-31.78101],[-55.41607,-31.77794],[-55.38337,-31.77973],[-55.37138,-31.77684],[-55.36571,-31.77385],[-55.35564,-31.77639],[-55.35316,-31.77521],[-55.34158,-31.77506],[-55.33396,-31.78533],[-55.32781,-31.78849],[-55.32131,-31.79137],[-55.29893,-31.79463],[-55.26813,-31.8087],[-55.26141,-31.81011],[-55.24487,-31.81043],[-55.22525,-31.80844],[-55.19059,-31.81093],[-55.18518,-31.81272],[-55.18375,-31.82051],[-55.17512,-31.82242],[-55.16782,-31.82135],[-55.16068,-31.81789],[-55.15646,-31.81332],[-55.1524,-31.81199],[-55.13275,-31.80901],[-55.12875,-31.80667],[-55.12307,-31.80675],[-55.09791,-31.80948],[-55.09011,-31.80836],[-55.082,-31.81097],[-55.07174,-31.80983],[-55.05936,-31.8236],[-55.04151,-31.83075],[-55.01009,-31.82914],[-54.99276,-31.82331],[-54.97799,-31.81514],[-54.97096,-31.81339],[-54.95379,-31.8147],[-54.93363,-31.82545],[-54.91884,-31.82528],[-54.91657,-31.82795],[-54.90322,-31.82751],[-54.89559,-31.82951],[-54.89091,-31.83239],[-54.88867,-31.84908],[-54.86728,-31.87554],[-54.85912,-31.87417],[-54.84611,-31.87734],[-54.82555,-31.91138],[-54.80856,-31.93235],[-54.77509,-31.99163],[-54.75944,-32.00143],[-54.73664,-32.03093],[-54.71151,-32.06],[-54.70947,-32.06422],[-54.68997,-32.08134],[-54.66736,-32.10995],[-54.66265,-32.10856],[-54.66202,-32.10529],[-54.65946,-32.10424],[-54.64118,-32.10106],[-54.62342,-32.10368],[-54.62303,-32.10768],[-54.61889,-32.1044],[-54.61516,-32.10576],[-54.6131,-32.10468],[-54.6117,-32.10703],[-54.6149,-32.10895],[-54.61391,-32.11037],[-54.60208,-32.10668],[-54.59719,-32.09938],[-54.58967,-32.09875],[-54.58772,-32.0954],[-54.59059,-32.09233],[-54.5897,-32.09035],[-54.58543,-32.09033],[-54.58506,-32.08864],[-54.57855,-32.0862],[-54.57479,-32.08639],[-54.57614,-32.08297],[-54.57443,-32.08081],[-54.56894,-32.07958],[-54.56897,-32.08178],[-54.56693,-32.08188],[-54.55154,-32.07166],[-54.55217,-32.06787],[-54.54645,-32.06643],[-54.54421,-32.06435],[-54.54798,-32.06391],[-54.54953,-32.05882],[-54.55107,-32.05853],[-54.55056,-32.05417],[-54.54884,-32.05315],[-54.55073,-32.0514],[-54.55451,-32.05198],[-54.55262,-32.04864],[-54.55365,-32.04369],[-54.5576,-32.04311],[-54.55639,-32.03947],[-54.55279,-32.03598],[-54.54918,-32.03481],[-54.54918,-32.03205],[-54.54592,-32.03176],[-54.54369,-32.0287],[-54.54043,-32.02798],[-54.54026,-32.0255],[-54.53683,-32.02361],[-54.53717,-32.02201],[-54.53545,-32.02128],[-54.53442,-32.02361],[-54.53202,-32.02172],[-54.52927,-32.02206],[-54.52927,-32.01827],[-54.5265,-32.01566],[-54.53751,-32.00925],[-54.53837,-32.00736],[-54.53596,-32.0059],[-54.53133,-32.00605],[-54.53167,-32.00386],[-54.5339,-32.00416],[-54.53425,-32.00183],[-54.53888,-31.99979],[-54.54026,-31.99396],[-54.53614,-31.99295],[-54.5339,-31.98843],[-54.53545,-31.9861],[-54.53905,-31.98465],[-54.54129,-31.98567],[-54.54695,-31.98232],[-54.54678,-31.98057],[-54.5442,-31.97955],[-54.53888,-31.98101],[-54.53871,-31.97926],[-54.54283,-31.97664],[-54.54695,-31.97693],[-54.54798,-31.97475],[-54.54026,-31.96892],[-54.53631,-31.96877],[-54.53511,-31.96644],[-54.53167,-31.96499],[-54.52601,-31.95654],[-54.52824,-31.95173],[-54.52446,-31.94984],[-54.52618,-31.94824],[-54.52584,-31.94562],[-54.52155,-31.94605],[-54.52086,-31.94358],[-54.52498,-31.94256],[-54.52429,-31.94125],[-54.52258,-31.94081],[-54.52275,-31.93877],[-54.51657,-31.93833],[-54.51434,-31.93411],[-54.51485,-31.9312],[-54.5109,-31.92595],[-54.51296,-31.9242],[-54.51176,-31.91954],[-54.51416,-31.91837],[-54.51571,-31.91138],[-54.51321,-31.91112],[-54.51065,-31.91333],[-54.50852,-31.91248],[-54.50712,-31.90621],[-54.50841,-31.90372],[-54.50688,-31.90154],[-54.50827,-31.89865],[-54.51172,-31.89916],[-54.51268,-31.89799],[-54.50949,-31.89493],[-54.508,-31.89719],[-54.50541,-31.89754],[-54.50843,-31.89375],[-54.5073,-31.89127],[-54.50914,-31.88958],[-54.50885,-31.88741],[-54.50661,-31.8869],[-54.50575,-31.88894],[-54.50338,-31.8854],[-54.49923,-31.88486],[-54.49707,-31.88606],[-54.49119,-31.88459],[-54.48943,-31.88204],[-54.49039,-31.87944],[-54.49342,-31.87904],[-54.49057,-31.8764],[-54.49158,-31.86897],[-54.49051,-31.86728],[-54.489,-31.86972],[-54.48224,-31.86658],[-54.48165,-31.86316],[-54.48348,-31.86381],[-54.48478,-31.85959],[-54.48026,-31.85914],[-54.48258,-31.85672],[-54.47975,-31.85313],[-54.47842,-31.85388],[-54.47611,-31.85215],[-54.47524,-31.85403],[-54.47302,-31.85213],[-54.47564,-31.85107],[-54.47493,-31.84819],[-54.4799,-31.85073],[-54.48381,-31.84697],[-54.48183,-31.84681],[-54.48195,-31.84524],[-54.48018,-31.84591],[-54.47922,-31.84417],[-54.47703,-31.84571],[-54.47245,-31.84016],[-54.46939,-31.84071],[-54.46779,-31.83883],[-54.46536,-31.84066],[-54.46501,-31.83779],[-54.46224,-31.83768],[-54.46087,-31.83577],[-54.46395,-31.83597],[-54.46547,-31.8313],[-54.45978,-31.82919],[-54.46182,-31.82836],[-54.46164,-31.82621],[-54.46335,-31.82507],[-54.46141,-31.82468],[-54.46258,-31.82149],[-54.45968,-31.81971],[-54.46284,-31.81764],[-54.4618,-31.81539],[-54.46491,-31.81356],[-54.46025,-31.81265],[-54.45861,-31.80998],[-54.45939,-31.80825],[-54.45505,-31.80405],[-54.45604,-31.7995],[-54.45819,-31.80057],[-54.45994,-31.79757],[-54.45811,-31.79517],[-54.45532,-31.7954],[-54.45749,-31.79123],[-54.45512,-31.78812],[-54.4584,-31.78733],[-54.45639,-31.78096],[-54.45883,-31.77951],[-54.46449,-31.78384],[-54.46595,-31.78344],[-54.46408,-31.76965],[-54.46699,-31.76717],[-54.47173,-31.76621],[-54.47444,-31.76757],[-54.47667,-31.76375],[-54.47639,-31.76116],[-54.47236,-31.75809],[-54.47445,-31.75838],[-54.47289,-31.7566],[-54.47403,-31.75597],[-54.47014,-31.75284],[-54.47024,-31.75025],[-54.48106,-31.74357],[-54.48647,-31.74358],[-54.48442,-31.73647],[-54.47981,-31.73651],[-54.48028,-31.73155],[-54.47825,-31.73079],[-54.47996,-31.72989],[-54.47986,-31.72774],[-54.47022,-31.72594],[-54.47222,-31.72433],[-54.47707,-31.72435],[-54.47932,-31.72204],[-54.47733,-31.71814],[-54.47993,-31.71704],[-54.47994,-31.71164],[-54.48194,-31.70952],[-54.48158,-31.70408],[-54.48292,-31.70238],[-54.47967,-31.69741],[-54.4778,-31.69755],[-54.4706,-31.69254],[-54.47149,-31.69015],[-54.47356,-31.69301],[-54.47607,-31.69045],[-54.47312,-31.6873],[-54.47445,-31.68583],[-54.47104,-31.68512],[-54.46938,-31.6832],[-54.46951,-31.67957],[-54.47213,-31.67872],[-54.46952,-31.67455],[-54.47425,-31.67329],[-54.46749,-31.6679],[-54.46723,-31.66291],[-54.46441,-31.66268],[-54.46461,-31.66065],[-54.46741,-31.65857],[-54.46588,-31.65473],[-54.46179,-31.65521],[-54.46005,-31.65368],[-54.45973,-31.65798],[-54.45772,-31.65698],[-54.45916,-31.65572],[-54.45725,-31.65419],[-54.45788,-31.65126],[-54.45641,-31.65171],[-54.45162,-31.64022],[-54.45188,-31.63886],[-54.45331,-31.63902],[-54.45305,-31.63648],[-54.45502,-31.63555],[-54.45411,-31.62927],[-54.45739,-31.62936],[-54.4613,-31.62666],[-54.46042,-31.62203],[-54.46273,-31.62182],[-54.46495,-31.61874],[-54.46352,-31.6139],[-54.46689,-31.61307],[-54.4652,-31.60902],[-54.46215,-31.60846],[-54.46082,-31.60598],[-54.45699,-31.60665],[-54.45738,-31.60127],[-54.45316,-31.60324],[-54.4528,-31.59959],[-54.45889,-31.59752],[-54.45808,-31.59428],[-54.46294,-31.59236],[-54.46441,-31.5881],[-54.46519,-31.59122],[-54.46903,-31.59302],[-54.46912,-31.58275],[-54.47319,-31.57046],[-54.48104,-31.56959],[-54.48418,-31.56588],[-54.48845,-31.56481],[-54.4937,-31.55869],[-54.49038,-31.55045],[-54.49638,-31.54052],[-54.50143,-31.53775],[-54.50358,-31.52567],[-54.50984,-31.52135],[-54.5157,-31.51019],[-54.51887,-31.51091],[-54.52078,-31.5084],[-54.52391,-31.51053],[-54.52445,-31.50492],[-54.52796,-31.50572],[-54.53254,-31.50203],[-54.547,-31.499],[-54.553,-31.492],[-54.557,-31.495],[-54.5606,-31.48722],[-54.57577,-31.48144],[-54.57823,-31.46848],[-54.58283,-31.46625],[-54.58789,-31.46028],[-54.58677,-31.45656],[-54.67059,-31.45377],[-54.683,-31.445],[-54.69368,-31.44534],[-54.69674,-31.43804],[-54.69915,-31.43599],[-54.70159,-31.43548],[-54.70367,-31.43932],[-54.71159,-31.43983],[-54.71465,-31.43698],[-54.71562,-31.43832],[-54.71933,-31.4385],[-54.72153,-31.43701],[-54.72481,-31.42961],[-54.73577,-31.42969],[-54.73907,-31.42557],[-54.75081,-31.42742],[-54.75224,-31.42446],[-54.75969,-31.42556],[-54.761,-31.42688],[-54.76884,-31.42597],[-54.7891,-31.4333],[-54.78955,-31.43483],[-54.79675,-31.43004],[-54.79944,-31.43246],[-54.8051,-31.42903],[-54.81196,-31.43185],[-54.812,-31.43485],[-54.82969,-31.43741],[-54.83281,-31.44081],[-54.8367,-31.442],[-54.84782,-31.4305],[-54.85097,-31.42515],[-54.85521,-31.42367],[-54.85744,-31.4182],[-54.86175,-31.41792],[-54.85812,-31.40807],[-54.86884,-31.40173],[-54.87833,-31.39808],[-54.88761,-31.38326],[-54.88694,-31.38091],[-54.88447,-31.38113],[-54.88622,-31.3773],[-54.89051,-31.37726],[-54.89204,-31.37483],[-54.89985,-31.37635],[-54.8982,-31.38141],[-54.90496,-31.38406],[-54.9073,-31.38135],[-54.91248,-31.37967],[-54.91455,-31.38115],[-54.9184,-31.37892],[-54.92113,-31.37898],[-54.92812,-31.3845],[-54.93142,-31.38373],[-54.93273,-31.38507],[-54.94087,-31.38068],[-54.94127,-31.37927],[-54.9381,-31.37627],[-54.94015,-31.37531],[-54.93729,-31.37015],[-54.93403,-31.36937],[-54.93538,-31.36436],[-54.93698,-31.36425],[-54.93522,-31.3565],[-54.93892,-31.35412],[-54.9494,-31.35386],[-54.95171,-31.35166],[-54.95315,-31.35461],[-54.95646,-31.35352],[-54.95678,-31.35172],[-54.96021,-31.35149],[-54.96041,-31.34197],[-54.95894,-31.33957],[-54.95298,-31.33935],[-54.95328,-31.33193],[-54.95963,-31.32326],[-54.97515,-31.31694],[-54.97881,-31.31706],[-54.98046,-31.31248],[-54.98288,-31.31147],[-54.98006,-31.30306],[-54.98237,-31.29612],[-54.98569,-31.29249],[-54.98924,-31.29423],[-54.98901,-31.29203],[-54.99569,-31.28845],[-54.99479,-31.28312],[-55.00057,-31.28303],[-55.00243,-31.26926],[-55.00723,-31.26692],[-55.00854,-31.26996],[-55.01227,-31.26795],[-55.0153,-31.26932],[-55.02028,-31.26713],[-55.02352,-31.26951],[-55.03192,-31.26981],[-55.03249,-31.27367],[-55.03655,-31.27574],[-55.03184,-31.27873],[-55.03587,-31.28412],[-55.03283,-31.28956],[-55.03347,-31.29149],[-55.03653,-31.29153],[-55.03991,-31.30272],[-55.0435,-31.30525],[-55.04238,-31.30713],[-55.04326,-31.30846],[-55.04777,-31.30734],[-55.04838,-31.30936],[-55.05278,-31.31112],[-55.05312,-31.31396],[-55.05866,-31.31417],[-55.0601,-31.31551],[-55.05717,-31.31939],[-55.05765,-31.32219],[-55.06181,-31.32474],[-55.05736,-31.33183],[-55.06429,-31.33183],[-55.06586,-31.33022],[-55.07446,-31.33216],[-55.07775,-31.32775],[-55.08057,-31.32708],[-55.08117,-31.32451],[-55.08604,-31.3228],[-55.08576,-31.32122],[-55.08792,-31.31979],[-55.09016,-31.32071],[-55.09179,-31.31785],[-55.09849,-31.31628],[-55.09889,-31.31457],[-55.10279,-31.31508],[-55.10868,-31.3077],[-55.11386,-31.31126],[-55.12207,-31.31286],[-55.12238,-31.30488],[-55.12575,-31.3025],[-55.13653,-31.30144],[-55.13969,-31.29808],[-55.1523,-31.29327],[-55.15247,-31.28925],[-55.15657,-31.28546],[-55.16053,-31.28444],[-55.16348,-31.28573],[-55.16619,-31.28109],[-55.16292,-31.27921],[-55.16404,-31.27608],[-55.16939,-31.27192],[-55.16933,-31.26946],[-55.17413,-31.26822],[-55.18,-31.27051],[-55.17982,-31.26891],[-55.18294,-31.2677],[-55.1837,-31.26535],[-55.19329,-31.26472],[-55.19532,-31.26342],[-55.19565,-31.26455],[-55.19919,-31.26427],[-55.20226,-31.26197],[-55.21364,-31.26322],[-55.23524,-31.25844],[-55.23803,-31.26168],[-55.24003,-31.26062],[-55.23904,-31.25754],[-55.24031,-31.25369],[-55.24668,-31.25229],[-55.24846,-31.24822],[-55.24653,-31.23333],[-55.2489,-31.22725],[-55.24743,-31.22459],[-55.24878,-31.21846],[-55.24764,-31.21605],[-55.2485,-31.21397],[-55.25002,-31.21587],[-55.25139,-31.21521],[-55.25402,-31.21117],[-55.25008,-31.20606],[-55.25366,-31.20405],[-55.25697,-31.19825],[-55.26167,-31.19659],[-55.26284,-31.19469],[-55.27086,-31.19608],[-55.2734,-31.19431],[-55.28272,-31.19398],[-55.28365,-31.18812],[-55.28571,-31.18553],[-55.28193,-31.184],[-55.27636,-31.17847],[-55.27178,-31.17871],[-55.27091,-31.17698],[-55.27183,-31.17289],[-55.27465,-31.17021],[-55.27607,-31.1715],[-55.28066,-31.16983],[-55.28492,-31.16641],[-55.28442,-31.16473],[-55.28886,-31.16587],[-55.28888,-31.16431],[-55.2909,-31.16371],[-55.2893,-31.1612],[-55.29036,-31.15926],[-55.28526,-31.15644],[-55.29075,-31.1502],[-55.28994,-31.14535],[-55.29118,-31.14226],[-55.29436,-31.14433],[-55.29781,-31.14444],[-55.3055,-31.14104],[-55.30695,-31.14346],[-55.31322,-31.14709],[-55.31413,-31.14579],[-55.31886,-31.14514],[-55.31816,-31.13996],[-55.3211,-31.13586],[-55.32649,-31.13804],[-55.3346,-31.13286],[-55.33872,-31.13371],[-55.34037,-31.13144],[-55.33854,-31.1303],[-55.3398,-31.12707],[-55.33728,-31.11994],[-55.33004,-31.11657],[-55.33137,-31.11282],[-55.32895,-31.11043],[-55.33411,-31.10504],[-55.33375,-31.09872],[-55.33216,-31.09526],[-55.32856,-31.09352],[-55.32988,-31.09198],[-55.32773,-31.08819],[-55.3392,-31.08511],[-55.34967,-31.07241],[-55.34998,-31.0679],[-55.35248,-31.07051],[-55.35992,-31.06754],[-55.35936,-31.06332],[-55.35309,-31.05716],[-55.34923,-31.04284],[-55.34981,-31.03922],[-55.35163,-31.03764],[-55.35984,-31.04023],[-55.3629,-31.03902],[-55.36393,-31.03568],[-55.3696,-31.03443],[-55.37375,-31.02802],[-55.37163,-31.02342],[-55.374,-31.01918],[-55.37547,-31.02172],[-55.38024,-31.02355],[-55.38676,-31.0203],[-55.39295,-31.02572],[-55.40025,-31.0286],[-55.40097,-31.02717],[-55.40501,-31.02721],[-55.40714,-31.01875],[-55.41152,-31.01764],[-55.41526,-31.01448],[-55.42169,-31.01626],[-55.42306,-31.01823],[-55.42483,-31.01654],[-55.42515,-31.01183],[-55.43085,-31.01017],[-55.43122,-31.00766],[-55.43727,-31.0047],[-55.43468,-31.00096],[-55.43768,-30.99433],[-55.43624,-30.9922],[-55.43258,-30.99294],[-55.42899,-30.99002],[-55.42926,-30.98669],[-55.42521,-30.98498],[-55.43314,-30.9726],[-55.43596,-30.97155],[-55.4383,-30.97253],[-55.4378,-30.96929],[-55.44138,-30.95973],[-55.44443,-30.95848],[-55.45243,-30.96035],[-55.45217,-30.95795],[-55.45738,-30.95138],[-55.46361,-30.95009],[-55.46904,-30.95464],[-55.47476,-30.95246],[-55.47831,-30.95359],[-55.48683,-30.9476],[-55.48741,-30.94227],[-55.49004,-30.93948],[-55.48961,-30.93356],[-55.48645,-30.92826],[-55.48837,-30.92567],[-55.49381,-30.9246],[-55.49899,-30.92693],[-55.50431,-30.92444],[-55.50997,-30.91132],[-55.51028,-30.90617],[-55.508,-30.90432],[-55.51006,-30.90177],[-55.51687,-30.8987],[-55.52484,-30.89799],[-55.52704,-30.90004],[-55.52909,-30.89933],[-55.53239,-30.90238],[-55.53359,-30.8973],[-55.54576,-30.89056],[-55.55168,-30.88267],[-55.55166,-30.87677],[-55.55464,-30.87263],[-55.56313,-30.86827],[-55.56417,-30.85317],[-55.56754,-30.84608],[-55.57158,-30.84559],[-55.57889,-30.83953],[-55.57741,-30.83309],[-55.58148,-30.83431],[-55.5867,-30.84106],[-55.60482,-30.8496],[-55.61096,-30.84819],[-55.61321,-30.84319],[-55.6188,-30.84169],[-55.62251,-30.84181],[-55.62398,-30.84539],[-55.62889,-30.84801],[-55.63275,-30.84523],[-55.63668,-30.84598],[-55.64306,-30.84996],[-55.6463,-30.85393],[-55.64568,-30.85859],[-55.64905,-30.86513],[-55.65834,-30.864],[-55.66071,-30.86904],[-55.66048,-30.87441],[-55.65889,-30.87858],[-55.65289,-30.8833],[-55.65536,-30.88536],[-55.65331,-30.88957],[-55.65401,-30.89654],[-55.652,-30.89672],[-55.6508,-30.90121],[-55.64888,-30.90137],[-55.64825,-30.9027],[-55.65003,-30.90427],[-55.64227,-30.9116],[-55.64856,-30.92295],[-55.65159,-30.92302],[-55.65505,-30.92521],[-55.66346,-30.93317],[-55.65859,-30.94381],[-55.66209,-30.94821],[-55.66383,-30.9468],[-55.66505,-30.94746],[-55.66453,-30.9511],[-55.66621,-30.95395],[-55.669,-30.95332],[-55.67172,-30.95531],[-55.67648,-30.95601],[-55.68832,-30.95216],[-55.68867,-30.94454],[-55.69333,-30.94372],[-55.69725,-30.94656],[-55.69726,-30.94818],[-55.70054,-30.94956],[-55.70383,-30.95533],[-55.70928,-30.95441],[-55.71125,-30.94975],[-55.7157,-30.94678],[-55.71707,-30.9425],[-55.72319,-30.9427],[-55.72095,-30.94556],[-55.72441,-30.95315],[-55.72226,-30.95765],[-55.72533,-30.9631],[-55.72482,-30.96703],[-55.72742,-30.96848],[-55.73109,-30.97418],[-55.72848,-30.97974],[-55.73336,-30.98123],[-55.74225,-30.97869],[-55.74624,-30.97931],[-55.74742,-30.98079],[-55.74581,-30.98562],[-55.74997,-30.99138],[-55.75227,-30.99809],[-55.76274,-30.9996],[-55.76669,-30.9973],[-55.773,-30.997],[-55.774,-31.0],[-55.76748,-31.00378],[-55.76647,-31.01025],[-55.77583,-31.01525],[-55.78005,-31.01505],[-55.78074,-31.01696],[-55.7943,-31.01559],[-55.81345,-31.01605],[-55.81251,-31.01975],[-55.81504,-31.02549],[-55.82919,-31.0428],[-55.83167,-31.0442],[-55.83537,-31.04295],[-55.84747,-31.04286],[-55.8565,-31.04591],[-55.8705,-31.07027],[-55.88337,-31.07654],[-55.88883,-31.07656],[-55.89477,-31.07325],[-55.89818,-31.06707],[-55.9107,-31.0747],[-55.91907,-31.07425],[-55.92533,-31.07628],[-55.93006,-31.08595],[-55.93353,-31.08724],[-55.93828,-31.08617],[-55.94478,-31.08219],[-55.97867,-31.07328],[-55.9843,-31.0754],[-55.99289,-31.08506],[-56.00278,-31.0824],[-56.00945,-31.08252],[-56.00989,-31.08267],[-56.01515,-31.08676],[-56.01523,-31.09907],[-56.02609,-31.11921],[-56.0368,-31.12438],[-56.05191,-31.14451],[-56.06022,-31.16661],[-56.07098,-31.17464],[-56.07224,-31.18111],[-56.06983,-31.18448],[-56.07016,-31.19754],[-56.08186,-31.20726],[-56.10491,-31.20695],[-56.11286,-31.20876],[-56.13035,-31.21598],[-56.13277,-31.21575],[-56.13636,-31.22087],[-56.14503,-31.22019],[-56.15433,-31.23523],[-56.16438,-31.23719],[-56.17032,-31.23994],[-56.17808,-31.24053],[-56.18498,-31.24559]]]}},{"type":"Feature","properties":{"shapeName":"Montevideo","shapeISO":"UY-MO","shapeID":"27058087B97113143242340","shapeGroup":"URY","shapeType":"ADM1"},"geometry":{"type":"Polygon","coordinates":[[[-56.35437,-34.72662],[-56.34979,-34.73067],[-56.34155,-34.75154],[-56.34302,-34.75515],[-56.34753,-34.75876],[-56.3435,-34.7711],[-56.34391,-34.77709],[-56.34913,-34.78269],[-56.35593,-34.78408],[-56.35488,-34.79117],[-56.35792,-34.79327],[-56.35665,-34.79434],[-56.36096,-34.79542],[-56.36307,-34.79888],[-56.38883,-34.79801],[-56.3896,-34.80064],[-56.39422,-34.80353],[-56.40569,-34.80807],[-56.40436,-34.81011],[-56.40686,-34.81172],[-56.40711,-34.81454],[-56.41,-34.81482],[-56.40903,-34.81682],[-56.4136,-34.81742],[-56.41856,-34.82245],[-56.42165,-34.82251],[-56.42685,-34.82694],[-56.43116,-34.82785],[-56.43117,-34.82984],[-56.42914,-34.8309],[-56.42911,-34.83474],[-56.42591,-34.83526],[-56.42477,-34.83774],[-56.3906,-34.84521],[-56.38828,-34.85012],[-56.38111,-34.85214],[-56.38133,-34.85603],[-56.37599,-34.85847],[-56.37697,-34.86048],[-56.3671,-34.86296],[-56.36745,-34.86525],[-56.36204,-34.86532],[-56.35873,-34.86692],[-56.35562,-34.86608],[-56.35435,-34.86753],[-56.35566,-34.86913],[-56.35381,-34.8688],[-56.35228,-34.8708],[-56.35366,-34.86885],[-56.35172,-34.86901],[-56.35146,-34.8664],[-56.34651,-34.87068],[-56.34006,-34.87073],[-56.33177,-34.88104],[-56.3336,-34.88619],[-56.33098,-34.88787],[-56.33169,-34.89029],[-56.32549,-34.89143],[-56.31641,-34.89752],[-56.31386,-34.90176],[-56.31573,-34.90483],[-56.31201,-34.90561],[-56.31069,-34.90323],[-56.30918,-34.90357],[-56.30874,-34.90193],[-56.31147,-34.90078],[-56.3095,-34.89711],[-56.30731,-34.89751],[-56.30172,-34.89365],[-56.29666,-34.89315],[-56.29293,-34.896],[-56.28989,-34.89435],[-56.2875,-34.89673],[-56.28917,-34.89968],[-56.28451,-34.90008],[-56.28606,-34.89665],[-56.2815,-34.8946],[-56.27734,-34.89702],[-56.27704,-34.8983],[-56.27913,-34.89924],[-56.27582,-34.90216],[-56.27268,-34.89843],[-56.27061,-34.89806],[-56.26761,-34.90175],[-56.26029,-34.90368],[-56.26066,-34.90602],[-56.25637,-34.90615],[-56.25823,-34.89952],[-56.25519,-34.89921],[-56.25341,-34.89683],[-56.24472,-34.89608],[-56.24533,-34.88605],[-56.24372,-34.88331],[-56.2473,-34.88108],[-56.24678,-34.87735],[-56.24009,-34.8763],[-56.2337,-34.88034],[-56.2328,-34.87869],[-56.22987,-34.87977],[-56.22588,-34.87276],[-56.21896,-34.87399],[-56.21871,-34.87752],[-56.21787,-34.87387],[-56.21548,-34.87391],[-56.20502,-34.87988],[-56.20206,-34.88364],[-56.20011,-34.88284],[-56.19876,-34.884],[-56.19838,-34.8876],[-56.20393,-34.88856],[-56.20269,-34.89109],[-56.20063,-34.89142],[-56.20167,-34.89302],[-56.1977,-34.89163],[-56.19864,-34.89383],[-56.19717,-34.89678],[-56.19923,-34.89647],[-56.19797,-34.89913],[-56.20037,-34.90006],[-56.20461,-34.90084],[-56.20747,-34.89904],[-56.20898,-34.89967],[-56.20646,-34.90143],[-56.21155,-34.90295],[-56.2147,-34.9014],[-56.21315,-34.90463],[-56.21712,-34.90296],[-56.223,-34.90596],[-56.22185,-34.9075],[-56.22051,-34.90684],[-56.21674,-34.90858],[-56.21813,-34.90915],[-56.21728,-34.91153],[-56.22297,-34.91345],[-56.21481,-34.91089],[-56.20936,-34.91204],[-56.20281,-34.91041],[-56.20009,-34.91104],[-56.19968,-34.91258],[-56.19353,-34.91285],[-56.1852,-34.91609],[-56.17153,-34.91482],[-56.17001,-34.91771],[-56.17242,-34.91996],[-56.17111,-34.92143],[-56.17213,-34.92437],[-56.16066,-34.93016],[-56.16029,-34.93259],[-56.16202,-34.93247],[-56.16306,-34.93338],[-56.16394,-34.93232],[-56.16362,-34.93342],[-56.16202,-34.93366],[-56.16104,-34.93502],[-56.16047,-34.93806],[-56.15778,-34.9277],[-56.15118,-34.92484],[-56.15151,-34.92305],[-56.14555,-34.91983],[-56.1484,-34.91778],[-56.14591,-34.91301],[-56.14107,-34.91042],[-56.1383,-34.91211],[-56.13014,-34.91124],[-56.12768,-34.90905],[-56.13226,-34.90978],[-56.13175,-34.90548],[-56.12521,-34.90564],[-56.123,-34.904],[-56.12294,-34.90139],[-56.11921,-34.89866],[-56.10475,-34.89727],[-56.10158,-34.89822],[-56.10118,-34.89977],[-56.09883,-34.89746],[-56.09051,-34.89556],[-56.08533,-34.89589],[-56.08217,-34.90048],[-56.07586,-34.8978],[-56.07171,-34.89995],[-56.06463,-34.89966],[-56.05187,-34.89094],[-56.0225,-34.87778],[-56.03057,-34.8796],[-56.03483,-34.87784],[-56.03657,-34.87253],[-56.04181,-34.86876],[-56.04725,-34.86755],[-56.0531,-34.8695],[-56.05838,-34.86816],[-56.06077,-34.86584],[-56.05624,-34.86002],[-56.05422,-34.85219],[-56.05505,-34.82641],[-56.05193,-34.82145],[-56.05297,-34.81626],[-56.04672,-34.80712],[-56.04021,-34.80511],[-56.04167,-34.80309],[-56.04004,-34.80125],[-56.04188,-34.79872],[-56.03846,-34.79647],[-56.04297,-34.79223],[-56.03944,-34.79103],[-56.037,-34.78414],[-56.03268,-34.78434],[-56.03302,-34.782],[-56.02935,-34.78117],[-56.02925,-34.77716],[-56.03314,-34.77428],[-56.03851,-34.76419],[-56.04494,-34.76258],[-56.04672,-34.76042],[-56.05469,-34.76066],[-56.05939,-34.76955],[-56.06233,-34.76924],[-56.06703,-34.76602],[-56.06943,-34.76863],[-56.06978,-34.77215],[-56.07543,-34.77187],[-56.07716,-34.7747],[-56.08309,-34.77685],[-56.08253,-34.7783],[-56.09011,-34.78022],[-56.09425,-34.77583],[-56.09738,-34.77614],[-56.09988,-34.76914],[-56.09711,-34.76779],[-56.09471,-34.76393],[-56.09582,-34.76225],[-56.09322,-34.75956],[-56.09593,-34.75649],[-56.09981,-34.75579],[-56.09952,-34.75326],[-56.10181,-34.75094],[-56.10489,-34.74988],[-56.10918,-34.75135],[-56.11535,-34.74857],[-56.11901,-34.74871],[-56.12055,-34.74071],[-56.12219,-34.7384],[-56.1269,-34.7364],[-56.1227,-34.72728],[-56.12391,-34.72016],[-56.12606,-34.71761],[-56.13711,-34.71621],[-56.13925,-34.71387],[-56.14222,-34.71414],[-56.1492,-34.71984],[-56.15643,-34.72156],[-56.15862,-34.72714],[-56.16576,-34.72844],[-56.16708,-34.73096],[-56.17244,-34.72732],[-56.17491,-34.71959],[-56.18457,-34.72223],[-56.1916,-34.72142],[-56.19335,-34.7251],[-56.20337,-34.73075],[-56.20818,-34.74097],[-56.2121,-34.74339],[-56.21217,-34.74679],[-56.21941,-34.7568],[-56.218,-34.75976],[-56.22086,-34.76207],[-56.22115,-34.76524],[-56.23101,-34.7701],[-56.23541,-34.76491],[-56.24386,-34.76027],[-56.25001,-34.75889],[-56.25556,-34.75414],[-56.26132,-34.75359],[-56.26223,-34.75475],[-56.26741,-34.75119],[-56.2704,-34.75103],[-56.27443,-34.7446],[-56.27257,-34.7401],[-56.27781,-34.73845],[-56.27761,-34.73489],[-56.28188,-34.72506],[-56.28642,-34.72317],[-56.28978,-34.71834],[-56.29188,-34.71922],[-56.29499,-34.71803],[-56.2973,-34.71237],[-56.30434,-34.7066],[-56.30831,-34.70604],[-56.30901,-34.70319],[-56.31206,-34.70497],[-56.31509,-34.70192],[-56.32457,-34.70225],[-56.33056,-34.7111],[-56.33656,-34.7157],[-56.34203,-34.71316],[-56.34724,-34.72139],[-56.35437,-34.72662]]]}},{"type":"Feature","properties":{"shapeName":"Maldonado","shapeISO":"UY-MA","shapeID":"27058087B438131503863","shapeGroup":"URY","shapeType":"ADM1"},"geometry":{"type":"Polygon","coordinates":[[[-55.40248,-34.79124],[-55.38793,-34.79459],[-55.38518,-34.79825],[-55.38524,-34.80232],[-55.3664,-34.8034],[-55.34657,-34.80816],[-55.33205,-34.81482],[-55.31985,-34.82298],[-55.31114,-34.83781],[-55.30231,-34.84365],[-55.30443,-34.85005],[-55.30263,-34.85559],[-55.29696,-34.85541],[-55.28899,-34.85817],[-55.27824,-34.86574],[-55.27582,-34.87118],[-55.27892,-34.87483],[-55.28148,-34.87471],[-55.27999,-34.87492],[-55.28024,-34.87708],[-55.28086,-34.87733],[-55.28289,-34.87561],[-55.28236,-34.87423],[-55.2831,-34.87529],[-55.28313,-34.87571],[-55.28173,-34.87725],[-55.28028,-34.87805],[-55.27907,-34.88229],[-55.28237,-34.88888],[-55.27906,-34.89055],[-55.27762,-34.88942],[-55.27263,-34.88993],[-55.26109,-34.8941],[-55.25901,-34.89703],[-55.26147,-34.90071],[-55.26118,-34.9045],[-55.24484,-34.90065],[-55.24093,-34.90136],[-55.23966,-34.9041],[-55.23702,-34.90437],[-55.22911,-34.89885],[-55.20749,-34.891],[-55.18366,-34.88518],[-55.16338,-34.88212],[-55.14616,-34.88017],[-55.09222,-34.87778],[-55.07693,-34.87817],[-55.06402,-34.88018],[-55.05136,-34.88505],[-55.04071,-34.89296],[-55.04093,-34.89731],[-55.04499,-34.90084],[-55.04647,-34.90455],[-55.04543,-34.90867],[-55.04736,-34.91653],[-55.04349,-34.91163],[-55.03869,-34.91055],[-55.02056,-34.91025],[-55.01587,-34.91108],[-55.01518,-34.91268],[-55.01242,-34.9099],[-55.00201,-34.91041],[-54.98092,-34.91636],[-54.96496,-34.92606],[-54.94751,-34.94207],[-54.94158,-34.95002],[-54.94128,-34.95601],[-54.94632,-34.95944],[-54.94662,-34.96324],[-54.94965,-34.96462],[-54.94948,-34.96365],[-54.95172,-34.96376],[-54.95111,-34.95965],[-54.95214,-34.96371],[-54.95487,-34.96586],[-54.95447,-34.9718],[-54.95245,-34.97393],[-54.94768,-34.96798],[-54.94101,-34.96446],[-54.93919,-34.96548],[-54.94039,-34.9637],[-54.93789,-34.95968],[-54.93012,-34.95532],[-54.92159,-34.94783],[-54.88398,-34.92654],[-54.87715,-34.92427],[-54.8757,-34.92523],[-54.87362,-34.92276],[-54.86629,-34.92033],[-54.86157,-34.91701],[-54.85151,-34.91883],[-54.84093,-34.91143],[-54.83419,-34.90875],[-54.82869,-34.90746],[-54.82465,-34.9091],[-54.81261,-34.90506],[-54.80773,-34.90504],[-54.78378,-34.89061],[-54.74238,-34.86949],[-54.70527,-34.85316],[-54.68361,-34.84539],[-54.66156,-34.83945],[-54.6494,-34.83909],[-54.64232,-34.84159],[-54.64199,-34.84611],[-54.63491,-34.84854],[-54.63428,-34.84688],[-54.63151,-34.84681],[-54.6327,-34.84108],[-54.62955,-34.83561],[-54.61707,-34.82522],[-54.56613,-34.8018],[-54.56974,-34.79733],[-54.56217,-34.79344],[-54.56486,-34.79721],[-54.56378,-34.79799],[-54.55778,-34.79196],[-54.54731,-34.78721],[-54.54895,-34.78169],[-54.54796,-34.77718],[-54.55255,-34.76703],[-54.54423,-34.75242],[-54.54542,-34.75588],[-54.54422,-34.75899],[-54.54108,-34.75843],[-54.54096,-34.75533],[-54.53164,-34.75953],[-54.52635,-34.75716],[-54.52452,-34.75269],[-54.52778,-34.73492],[-54.52959,-34.73155],[-54.53593,-34.72719],[-54.53756,-34.72127],[-54.53618,-34.71509],[-54.54071,-34.71068],[-54.54001,-34.70866],[-54.538,-34.70997],[-54.53665,-34.70865],[-54.53797,-34.70723],[-54.53507,-34.70022],[-54.53577,-34.68988],[-54.5339,-34.68953],[-54.53364,-34.68606],[-54.53401,-34.68397],[-54.53684,-34.68229],[-54.53356,-34.67922],[-54.53261,-34.67501],[-54.536,-34.67007],[-54.53581,-34.66608],[-54.54201,-34.66226],[-54.54317,-34.65843],[-54.53937,-34.65566],[-54.53806,-34.6474],[-54.53461,-34.64078],[-54.53638,-34.6358],[-54.53195,-34.6273],[-54.53767,-34.6232],[-54.5393,-34.60842],[-54.53575,-34.60599],[-54.53465,-34.60116],[-54.53002,-34.59973],[-54.53014,-34.59506],[-54.53444,-34.59163],[-54.53388,-34.58864],[-54.53151,-34.58827],[-54.52982,-34.58514],[-54.53018,-34.58159],[-54.52712,-34.57977],[-54.51875,-34.5788],[-54.5169,-34.57502],[-54.51782,-34.56973],[-54.51275,-34.56555],[-54.51009,-34.55967],[-54.50365,-34.55893],[-54.50191,-34.55493],[-54.50247,-34.54752],[-54.50638,-34.53982],[-54.50468,-34.53506],[-54.50736,-34.53202],[-54.51199,-34.53065],[-54.5152,-34.52479],[-54.5139,-34.51996],[-54.51524,-34.51797],[-54.52168,-34.51595],[-54.52338,-34.51272],[-54.53066,-34.51606],[-54.53586,-34.5135],[-54.53562,-34.50854],[-54.53909,-34.50362],[-54.53798,-34.49867],[-54.54186,-34.49527],[-54.54066,-34.49289],[-54.53493,-34.49073],[-54.53905,-34.48854],[-54.53472,-34.48602],[-54.53691,-34.48284],[-54.53967,-34.48178],[-54.53599,-34.47922],[-54.53647,-34.47598],[-54.53849,-34.47501],[-54.54309,-34.47676],[-54.54133,-34.46865],[-54.53826,-34.46908],[-54.54012,-34.46406],[-54.54362,-34.46038],[-54.5465,-34.46],[-54.5488,-34.4549],[-54.55061,-34.45516],[-54.5477,-34.45159],[-54.55034,-34.4506],[-54.55524,-34.4524],[-54.55502,-34.45066],[-54.55782,-34.4481],[-54.55553,-34.44528],[-54.55607,-34.44251],[-54.56262,-34.44157],[-54.56279,-34.43882],[-54.56126,-34.43781],[-54.56431,-34.43529],[-54.56262,-34.43052],[-54.5688,-34.4282],[-54.57109,-34.42443],[-54.57813,-34.42296],[-54.57912,-34.42056],[-54.57534,-34.42221],[-54.5674,-34.42248],[-54.56288,-34.42024],[-54.56195,-34.41265],[-54.55154,-34.41007],[-54.54838,-34.39848],[-54.55716,-34.38376],[-54.55618,-34.38328],[-54.55231,-34.38257],[-54.55193,-34.38476],[-54.5459,-34.38728],[-54.53864,-34.38488],[-54.53363,-34.38673],[-54.52987,-34.38396],[-54.52318,-34.38493],[-54.52153,-34.38826],[-54.52271,-34.38967],[-54.51954,-34.39144],[-54.51915,-34.39383],[-54.51591,-34.39661],[-54.51265,-34.39584],[-54.50895,-34.40509],[-54.50514,-34.40498],[-54.50341,-34.40278],[-54.50408,-34.39804],[-54.49843,-34.39167],[-54.49451,-34.39016],[-54.49424,-34.38769],[-54.49751,-34.38433],[-54.49707,-34.38082],[-54.49581,-34.3779],[-54.49204,-34.37677],[-54.49351,-34.37049],[-54.48949,-34.36289],[-54.48965,-34.35983],[-54.48702,-34.35823],[-54.4856,-34.3441],[-54.48757,-34.33934],[-54.48489,-34.33736],[-54.48521,-34.32905],[-54.48372,-34.32556],[-54.48678,-34.32044],[-54.48434,-34.31296],[-54.48747,-34.30817],[-54.48504,-34.30544],[-54.48427,-34.29934],[-54.48489,-34.2919],[-54.48704,-34.28795],[-54.48202,-34.27522],[-54.48455,-34.27146],[-54.48344,-34.26715],[-54.48524,-34.26222],[-54.48343,-34.24796],[-54.4894,-34.23881],[-54.4849,-34.23443],[-54.48326,-34.23015],[-54.48773,-34.21758],[-54.48652,-34.20272],[-54.48945,-34.19519],[-54.4855,-34.18993],[-54.48555,-34.18723],[-54.48801,-34.18469],[-54.48515,-34.17986],[-54.48808,-34.17485],[-54.48687,-34.17321],[-54.49086,-34.16803],[-54.49073,-34.16674],[-54.48511,-34.16455],[-54.48484,-34.15892],[-54.48292,-34.15613],[-54.47026,-34.15691],[-54.46782,-34.15287],[-54.47072,-34.1482],[-54.47039,-34.14477],[-54.47848,-34.14059],[-54.48015,-34.13624],[-54.47125,-34.13099],[-54.47106,-34.12818],[-54.48344,-34.11579],[-54.48155,-34.11294],[-54.47674,-34.11215],[-54.47696,-34.1083],[-54.47376,-34.10388],[-54.47519,-34.10033],[-54.4729,-34.1022],[-54.47011,-34.10146],[-54.46861,-34.09175],[-54.46449,-34.08917],[-54.46391,-34.0802],[-54.46604,-34.07954],[-54.46797,-34.07572],[-54.47206,-34.07513],[-54.47608,-34.07109],[-54.47745,-34.06554],[-54.47431,-34.06105],[-54.47006,-34.05873],[-54.47502,-34.05329],[-54.47257,-34.05065],[-54.47325,-34.04563],[-54.46928,-34.04361],[-54.46763,-34.04039],[-54.46921,-34.0388],[-54.46872,-34.03523],[-54.47297,-34.02748],[-54.48327,-34.02194],[-54.48773,-34.02108],[-54.49322,-34.0144],[-54.48856,-34.00265],[-54.48593,-34.00147],[-54.48892,-33.99526],[-54.48745,-33.99418],[-54.48888,-33.99014],[-54.48432,-33.98572],[-54.48694,-33.97952],[-54.48401,-33.98022],[-54.48104,-33.97637],[-54.48413,-33.97449],[-54.48057,-33.96861],[-54.48357,-33.96759],[-54.48172,-33.966],[-54.48661,-33.96383],[-54.48744,-33.96159],[-54.4827,-33.95652],[-54.48409,-33.95193],[-54.48197,-33.95087],[-54.48618,-33.93895],[-54.48395,-33.92898],[-54.48504,-33.93001],[-54.48788,-33.92902],[-54.48915,-33.9303],[-54.48731,-33.93335],[-54.48842,-33.93492],[-54.49358,-33.93564],[-54.50042,-33.93401],[-54.50355,-33.93932],[-54.50912,-33.93177],[-54.51365,-33.9314],[-54.51936,-33.93649],[-54.52398,-33.93508],[-54.52483,-33.93845],[-54.52686,-33.93694],[-54.52932,-33.93735],[-54.5394,-33.94365],[-54.53914,-33.94992],[-54.54112,-33.95208],[-54.53873,-33.95922],[-54.54489,-33.96088],[-54.54604,-33.96382],[-54.54923,-33.96408],[-54.55088,-33.96577],[-54.54964,-33.96971],[-54.54749,-33.9701],[-54.54655,-33.97202],[-54.54767,-33.97418],[-54.54468,-33.9766],[-54.54998,-33.98006],[-54.55204,-33.9838],[-54.54991,-33.98448],[-54.54928,-33.9898],[-54.54586,-33.99083],[-54.54681,-33.99498],[-54.54875,-33.99504],[-54.55109,-33.99766],[-54.55194,-33.99652],[-54.55298,-33.99817],[-54.55531,-33.99639],[-54.55607,-33.99849],[-54.56033,-33.99874],[-54.55969,-34.00162],[-54.56802,-34.00573],[-54.56851,-34.00797],[-54.57169,-34.00861],[-54.57121,-34.01017],[-54.57302,-34.01151],[-54.57871,-34.0111],[-54.57735,-34.0193],[-54.58103,-34.02371],[-54.57887,-34.02765],[-54.58543,-34.03707],[-54.59052,-34.03565],[-54.59224,-34.03754],[-54.59712,-34.03803],[-54.60065,-34.03612],[-54.60677,-34.04023],[-54.60965,-34.04692],[-54.61354,-34.04889],[-54.61812,-34.04503],[-54.61998,-34.04679],[-54.62396,-34.04682],[-54.62483,-34.0456],[-54.63002,-34.04502],[-54.6347,-34.04677],[-54.63457,-34.04852],[-54.6386,-34.04852],[-54.6438,-34.05134],[-54.64945,-34.05075],[-54.65063,-34.04573],[-54.6545,-34.04592],[-54.65905,-34.04295],[-54.66434,-34.04356],[-54.67008,-34.04126],[-54.67283,-34.0425],[-54.67485,-34.04851],[-54.67742,-34.04808],[-54.67536,-34.04988],[-54.67902,-34.05211],[-54.68229,-34.05067],[-54.68089,-34.04962],[-54.68348,-34.04666],[-54.68883,-34.04565],[-54.69238,-34.04657],[-54.69387,-34.05009],[-54.696,-34.04924],[-54.69789,-34.05188],[-54.70195,-34.05184],[-54.70195,-34.05357],[-54.69714,-34.05506],[-54.69892,-34.05752],[-54.70896,-34.0587],[-54.71114,-34.06489],[-54.71627,-34.06759],[-54.71615,-34.0699],[-54.71177,-34.07539],[-54.7155,-34.08255],[-54.71476,-34.08783],[-54.71755,-34.0907],[-54.71458,-34.09412],[-54.71757,-34.10655],[-54.71622,-34.10829],[-54.72028,-34.11396],[-54.71652,-34.11485],[-54.71626,-34.11643],[-54.71882,-34.11943],[-54.725,-34.12232],[-54.7297,-34.12853],[-54.72852,-34.13235],[-54.72457,-34.13363],[-54.72431,-34.1378],[-54.73516,-34.14294],[-54.74241,-34.14333],[-54.75129,-34.14637],[-54.75219,-34.14882],[-54.75037,-34.15386],[-54.75339,-34.15742],[-54.74794,-34.16232],[-54.75055,-34.16661],[-54.74934,-34.16766],[-54.7539,-34.16999],[-54.75714,-34.16713],[-54.76026,-34.16744],[-54.76321,-34.17552],[-54.7791,-34.18724],[-54.77902,-34.19618],[-54.77461,-34.19956],[-54.77356,-34.20882],[-54.77449,-34.21444],[-54.77718,-34.21649],[-54.78226,-34.22769],[-54.78137,-34.23339],[-54.77792,-34.23429],[-54.78047,-34.24141],[-54.7795,-34.24784],[-54.78671,-34.2561],[-54.78542,-34.26035],[-54.78173,-34.26255],[-54.7811,-34.26511],[-54.78391,-34.26831],[-54.78612,-34.27616],[-54.79008,-34.28029],[-54.79377,-34.2898],[-54.79985,-34.29003],[-54.80239,-34.28467],[-54.80755,-34.28317],[-54.81077,-34.27989],[-54.81566,-34.28406],[-54.81544,-34.28908],[-54.81879,-34.29516],[-54.81741,-34.29986],[-54.8201,-34.30406],[-54.81814,-34.3064],[-54.8205,-34.30932],[-54.81992,-34.31149],[-54.82515,-34.31557],[-54.8223,-34.32186],[-54.82642,-34.32334],[-54.82802,-34.33403],[-54.83564,-34.34439],[-54.83378,-34.34818],[-54.83629,-34.34993],[-54.83914,-34.35809],[-54.84272,-34.362],[-54.8427,-34.36435],[-54.83996,-34.3674],[-54.8403,-34.37091],[-54.84343,-34.37834],[-54.84298,-34.3815],[-54.84469,-34.38258],[-54.84449,-34.3895],[-54.85028,-34.40731],[-54.86747,-34.40092],[-54.87644,-34.40649],[-54.87995,-34.41135],[-54.88863,-34.4106],[-54.89291,-34.42036],[-54.90318,-34.41746],[-54.90586,-34.41885],[-54.90736,-34.42291],[-54.91313,-34.42188],[-54.91738,-34.42317],[-54.92422,-34.41468],[-54.93008,-34.41306],[-54.93566,-34.41585],[-54.94125,-34.42537],[-54.94977,-34.43063],[-54.95242,-34.43531],[-54.95736,-34.43664],[-54.96337,-34.44239],[-54.97562,-34.43639],[-54.99335,-34.43209],[-54.99829,-34.44062],[-55.00058,-34.44896],[-55.00937,-34.45409],[-55.02109,-34.45748],[-55.02662,-34.46254],[-55.02702,-34.4672],[-55.0347,-34.47323],[-55.04192,-34.47548],[-55.04357,-34.47819],[-55.05215,-34.48272],[-55.06125,-34.4834],[-55.06747,-34.48905],[-55.06914,-34.49665],[-55.07505,-34.49674],[-55.08155,-34.49996],[-55.0949,-34.50134],[-55.10641,-34.51316],[-55.12016,-34.51209],[-55.12943,-34.49929],[-55.13563,-34.49823],[-55.14217,-34.49371],[-55.14741,-34.49249],[-55.14989,-34.49244],[-55.15378,-34.49606],[-55.166,-34.49945],[-55.17741,-34.50478],[-55.18261,-34.50289],[-55.19064,-34.50432],[-55.20196,-34.51285],[-55.20204,-34.51575],[-55.2144,-34.5191],[-55.22183,-34.532],[-55.22078,-34.54566],[-55.2281,-34.54476],[-55.23923,-34.54031],[-55.24685,-34.54138],[-55.25406,-34.54485],[-55.26137,-34.55295],[-55.26924,-34.55793],[-55.2732,-34.55593],[-55.28004,-34.56211],[-55.28649,-34.56499],[-55.28775,-34.57321],[-55.29278,-34.57573],[-55.30454,-34.57208],[-55.31439,-34.5716],[-55.3247,-34.57508],[-55.32319,-34.5781],[-55.32072,-34.57916],[-55.3254,-34.58232],[-55.32864,-34.58868],[-55.324,-34.59404],[-55.32847,-34.59838],[-55.32641,-34.605],[-55.32296,-34.60952],[-55.32593,-34.61809],[-55.31942,-34.62374],[-55.3153,-34.62473],[-55.3146,-34.63044],[-55.32052,-34.63114],[-55.32427,-34.62705],[-55.3313,-34.62701],[-55.33599,-34.62454],[-55.34644,-34.62368],[-55.35609,-34.62099],[-55.36658,-34.62561],[-55.38368,-34.62466],[-55.38737,-34.62871],[-55.39011,-34.62904],[-55.39056,-34.62719],[-55.39918,-34.62605],[-55.40185,-34.62294],[-55.40634,-34.62559],[-55.41554,-34.62744],[-55.41687,-34.62501],[-55.42163,-34.62934],[-55.42489,-34.62934],[-55.42593,-34.63409],[-55.43103,-34.63318],[-55.43497,-34.63551],[-55.43792,-34.63535],[-55.43829,-34.63296],[-55.45213,-34.63497],[-55.45407,-34.62828],[-55.46328,-34.61886],[-55.46711,-34.61888],[-55.46715,-34.62322],[-55.47186,-34.62758],[-55.48035,-34.62698],[-55.48182,-34.62931],[-55.4826,-34.65076],[-55.48434,-34.65245],[-55.48351,-34.65858],[-55.47312,-34.66888],[-55.46784,-34.67044],[-55.46502,-34.67353],[-55.45549,-34.67861],[-55.45153,-34.67659],[-55.44618,-34.67831],[-55.4415,-34.68389],[-55.44339,-34.68764],[-55.44284,-34.6942],[-55.44576,-34.70069],[-55.44207,-34.70582],[-55.44134,-34.71062],[-55.44391,-34.71461],[-55.45072,-34.71623],[-55.4522,-34.72582],[-55.45022,-34.73217],[-55.45194,-34.73771],[-55.45099,-34.74279],[-55.45453,-34.7472],[-55.45022,-34.74825],[-55.43954,-34.7466],[-55.43169,-34.74895],[-55.4264,-34.74773],[-55.42233,-34.75009],[-55.41521,-34.75739],[-55.41311,-34.76582],[-55.40654,-34.7674],[-55.39367,-34.78311],[-55.39487,-34.79023],[-55.40248,-34.79124]]]}},{"type":"Feature","properties":{"shapeName":"Lavalleja","shapeISO":"UY-LA","shapeID":"27058087B10223787783888","shapeGroup":"URY","shapeType":"ADM1"},"geometry":{"type":"Polygon","coordinates":[[[-55.48035,-34.62698],[-55.47186,-34.62758],[-55.46715,-34.62322],[-55.46711,-34.61888],[-55.46328,-34.61886],[-55.45407,-34.62828],[-55.45213,-34.63497],[-55.43829,-34.63296],[-55.43792,-34.63535],[-55.43497,-34.63551],[-55.43103,-34.63318],[-55.42593,-34.63409],[-55.42489,-34.62934],[-55.42163,-34.62934],[-55.41687,-34.62501],[-55.41554,-34.62744],[-55.40634,-34.62559],[-55.40185,-34.62294],[-55.39918,-34.62605],[-55.39056,-34.62719],[-55.39011,-34.62904],[-55.38737,-34.62871],[-55.38368,-34.62466],[-55.36658,-34.62561],[-55.35609,-34.62099],[-55.34644,-34.62368],[-55.33599,-34.62454],[-55.3313,-34.62701],[-55.32427,-34.62705],[-55.32052,-34.63114],[-55.3146,-34.63044],[-55.3153,-34.62473],[-55.31942,-34.62374],[-55.32593,-34.61809],[-55.32296,-34.60952],[-55.32641,-34.605],[-55.32847,-34.59838],[-55.324,-34.59404],[-55.32864,-34.58868],[-55.3254,-34.58232],[-55.32072,-34.57916],[-55.32319,-34.5781],[-55.3247,-34.57508],[-55.31439,-34.5716],[-55.30454,-34.57208],[-55.29278,-34.57573],[-55.28775,-34.57321],[-55.28649,-34.56499],[-55.28004,-34.56211],[-55.2732,-34.55593],[-55.26924,-34.55793],[-55.26137,-34.55295],[-55.25406,-34.54485],[-55.24685,-34.54138],[-55.23923,-34.54031],[-55.2281,-34.54476],[-55.22078,-34.54566],[-55.22183,-34.532],[-55.2144,-34.5191],[-55.20204,-34.51575],[-55.20196,-34.51285],[-55.19064,-34.50432],[-55.18261,-34.50289],[-55.17741,-34.50478],[-55.166,-34.49945],[-55.15378,-34.49606],[-55.14989,-34.49244],[-55.14741,-34.49249],[-55.14217,-34.49371],[-55.13563,-34.49823],[-55.12943,-34.49929],[-55.12016,-34.51209],[-55.10641,-34.51316],[-55.0949,-34.50134],[-55.08155,-34.49996],[-55.07505,-34.49674],[-55.06914,-34.49665],[-55.06747,-34.48905],[-55.06125,-34.4834],[-55.05215,-34.48272],[-55.04357,-34.47819],[-55.04192,-34.47548],[-55.0347,-34.47323],[-55.02702,-34.4672],[-55.02662,-34.46254],[-55.02109,-34.45748],[-55.00937,-34.45409],[-55.00058,-34.44896],[-54.99829,-34.44062],[-54.99335,-34.43209],[-54.97562,-34.43639],[-54.96337,-34.44239],[-54.95736,-34.43664],[-54.95242,-34.43531],[-54.94977,-34.43063],[-54.94125,-34.42537],[-54.93566,-34.41585],[-54.93008,-34.41306],[-54.92422,-34.41468],[-54.91738,-34.42317],[-54.91313,-34.42188],[-54.90736,-34.42291],[-54.90586,-34.41885],[-54.90318,-34.41746],[-54.89291,-34.42036],[-54.88863,-34.4106],[-54.87995,-34.41135],[-54.87644,-34.40649],[-54.86747,-34.40092],[-54.85028,-34.40731],[-54.84449,-34.3895],[-54.84469,-34.38258],[-54.84298,-34.3815],[-54.84343,-34.37834],[-54.8403,-34.37091],[-54.83996,-34.3674],[-54.8427,-34.36435],[-54.84272,-34.362],[-54.83914,-34.35809],[-54.83629,-34.34993],[-54.83378,-34.34818],[-54.83564,-34.34439],[-54.82802,-34.33403],[-54.82642,-34.32334],[-54.8223,-34.32186],[-54.82515,-34.31557],[-54.81992,-34.31149],[-54.8205,-34.30932],[-54.81814,-34.3064],[-54.8201,-34.30406],[-54.81741,-34.29986],[-54.81879,-34.29516],[-54.81544,-34.28908],[-54.81566,-34.28406],[-54.81077,-34.27989],[-54.80755,-34.28317],[-54.80239,-34.28467],[-54.79985,-34.29003],[-54.79377,-34.2898],[-54.79008,-34.28029],[-54.78612,-34.27616],[-54.78391,-34.26831],[-54.7811,-34.26511],[-54.78173,-34.26255],[-54.78542,-34.26035],[-54.78671,-34.2561],[-54.7795,-34.24784],[-54.78047,-34.24141],[-54.77792,-34.23429],[-54.78137,-34.23339],[-54.78226,-34.22769],[-54.77718,-34.21649],[-54.77449,-34.21444],[-54.77356,-34.20882],[-54.77461,-34.19956],[-54.77902,-34.19618],[-54.7791,-34.18724],[-54.76321,-34.17552],[-54.76026,-34.16744],[-54.75714,-34.16713],[-54.7539,-34.16999],[-54.74934,-34.16766],[-54.75055,-34.16661],[-54.74794,-34.16232],[-54.75339,-34.15742],[-54.75037,-34.15386],[-54.75219,-34.14882],[-54.75129,-34.14637],[-54.74241,-34.14333],[-54.73516,-34.14294],[-54.72431,-34.1378],[-54.72457,-34.13363],[-54.72852,-34.13235],[-54.7297,-34.12853],[-54.725,-34.12232],[-54.71882,-34.11943],[-54.71626,-34.11643],[-54.71652,-34.11485],[-54.72028,-34.11396],[-54.71622,-34.10829],[-54.71757,-34.10655],[-54.71458,-34.09412],[-54.71755,-34.0907],[-54.71476,-34.08783],[-54.7155,-34.08255],[-54.71177,-34.07539],[-54.71615,-34.0699],[-54.71627,-34.06759],[-54.71114,-34.06489],[-54.70896,-34.0587],[-54.69892,-34.05752],[-54.69714,-34.05506],[-54.70195,-34.05357],[-54.70195,-34.05184],[-54.69789,-34.05188],[-54.696,-34.04924],[-54.69387,-34.05009],[-54.69238,-34.04657],[-54.68883,-34.04565],[-54.68348,-34.04666],[-54.68089,-34.04962],[-54.68229,-34.05067],[-54.67902,-34.05211],[-54.67536,-34.04988],[-54.67742,-34.04808],[-54.67485,-34.04851],[-54.67283,-34.0425],[-54.67008,-34.04126],[-54.66434,-34.04356],[-54.65905,-34.04295],[-54.6545,-34.04592],[-54.65063,-34.04573],[-54.64945,-34.05075],[-54.6438,-34.05134],[-54.6386,-34.04852],[-54.63457,-34.04852],[-54.6347,-34.04677],[-54.63002,-34.04502],[-54.62483,-34.0456],[-54.62396,-34.04682],[-54.61998,-34.04679],[-54.61812,-34.04503],[-54.61354,-34.04889],[-54.60965,-34.04692],[-54.60677,-34.04023],[-54.60065,-34.03612],[-54.59712,-34.03803],[-54.59224,-34.03754],[-54.59052,-34.03565],[-54.58543,-34.03707],[-54.57887,-34.02765],[-54.58103,-34.02371],[-54.57735,-34.0193],[-54.57871,-34.0111],[-54.57302,-34.01151],[-54.57121,-34.01017],[-54.57169,-34.00861],[-54.56851,-34.00797],[-54.56802,-34.00573],[-54.55969,-34.00162],[-54.56033,-33.99874],[-54.55607,-33.99849],[-54.55531,-33.99639],[-54.55298,-33.99817],[-54.55194,-33.99652],[-54.55109,-33.99766],[-54.54875,-33.99504],[-54.54681,-33.99498],[-54.54586,-33.99083],[-54.54928,-33.9898],[-54.54991,-33.98448],[-54.55204,-33.9838],[-54.54998,-33.98006],[-54.54468,-33.9766],[-54.54767,-33.97418],[-54.54655,-33.97202],[-54.54749,-33.9701],[-54.54964,-33.96971],[-54.55088,-33.96577],[-54.54923,-33.96408],[-54.54604,-33.96382],[-54.54489,-33.96088],[-54.53873,-33.95922],[-54.54112,-33.95208],[-54.53914,-33.94992],[-54.5394,-33.94365],[-54.52932,-33.93735],[-54.52686,-33.93694],[-54.52483,-33.93845],[-54.52398,-33.93508],[-54.51936,-33.93649],[-54.51365,-33.9314],[-54.50912,-33.93177],[-54.50355,-33.93932],[-54.50042,-33.93401],[-54.49358,-33.93564],[-54.48842,-33.93492],[-54.48731,-33.93335],[-54.48915,-33.9303],[-54.48788,-33.92902],[-54.48504,-33.93001],[-54.48395,-33.92898],[-54.48549,-33.92754],[-54.48334,-33.9243],[-54.48635,-33.91866],[-54.48301,-33.91888],[-54.48508,-33.90902],[-54.48153,-33.90524],[-54.48138,-33.90099],[-54.47794,-33.9002],[-54.47623,-33.89792],[-54.47227,-33.90049],[-54.46917,-33.89964],[-54.46694,-33.90092],[-54.44687,-33.89522],[-54.44944,-33.89052],[-54.44566,-33.88781],[-54.44704,-33.88396],[-54.44411,-33.8804],[-54.4388,-33.87755],[-54.43966,-33.87555],[-54.43674,-33.86771],[-54.43622,-33.86002],[-54.43313,-33.85503],[-54.43398,-33.85061],[-54.43725,-33.8479],[-54.4321,-33.84505],[-54.42833,-33.83521],[-54.42987,-33.83378],[-54.4266,-33.83122],[-54.42661,-33.82951],[-54.42524,-33.83079],[-54.42575,-33.82822],[-54.42409,-33.82806],[-54.43119,-33.82209],[-54.43151,-33.82393],[-54.43395,-33.82281],[-54.44036,-33.81361],[-54.4389,-33.81117],[-54.43668,-33.81234],[-54.43303,-33.81185],[-54.43164,-33.81017],[-54.43288,-33.80374],[-54.43037,-33.8017],[-54.43254,-33.8001],[-54.43094,-33.79723],[-54.43191,-33.79329],[-54.42923,-33.79228],[-54.42301,-33.78523],[-54.41925,-33.78445],[-54.42058,-33.78302],[-54.4195,-33.78172],[-54.41584,-33.78272],[-54.41828,-33.78511],[-54.41773,-33.78719],[-54.41487,-33.78859],[-54.41115,-33.78344],[-54.41438,-33.77837],[-54.41168,-33.77885],[-54.40606,-33.7736],[-54.40098,-33.77246],[-54.39999,-33.77002],[-54.39793,-33.76925],[-54.39434,-33.77065],[-54.39429,-33.76801],[-54.39021,-33.7646],[-54.39001,-33.76023],[-54.39206,-33.75854],[-54.3912,-33.75155],[-54.38544,-33.74797],[-54.38389,-33.74314],[-54.38029,-33.73991],[-54.37656,-33.74028],[-54.37517,-33.73792],[-54.37656,-33.73608],[-54.37829,-33.7381],[-54.3813,-33.73802],[-54.37985,-33.73397],[-54.38143,-33.73162],[-54.37932,-33.72992],[-54.38278,-33.72729],[-54.38254,-33.7253],[-54.38708,-33.72603],[-54.38613,-33.72402],[-54.38862,-33.72418],[-54.3894,-33.72284],[-54.38747,-33.72089],[-54.38904,-33.72047],[-54.38837,-33.71812],[-54.38548,-33.71684],[-54.38511,-33.71175],[-54.38993,-33.70676],[-54.39282,-33.69927],[-54.3893,-33.69552],[-54.39175,-33.69301],[-54.39196,-33.68985],[-54.38925,-33.68419],[-54.39245,-33.68058],[-54.38686,-33.67163],[-54.3884,-33.66818],[-54.39092,-33.66795],[-54.39154,-33.66492],[-54.38554,-33.65875],[-54.38738,-33.65169],[-54.38501,-33.64562],[-54.38553,-33.64406],[-54.38721,-33.64414],[-54.38738,-33.63832],[-54.38444,-33.63489],[-54.38207,-33.63566],[-54.38134,-33.62735],[-54.37884,-33.62745],[-54.37608,-33.62354],[-54.37376,-33.62323],[-54.37443,-33.62477],[-54.37273,-33.62496],[-54.37045,-33.62009],[-54.3671,-33.61842],[-54.37005,-33.61611],[-54.36655,-33.61571],[-54.36589,-33.61379],[-54.3632,-33.61546],[-54.35723,-33.61581],[-54.35537,-33.61176],[-54.34833,-33.61548],[-54.33529,-33.61548],[-54.33014,-33.61376],[-54.32461,-33.60693],[-54.32335,-33.61222],[-54.32138,-33.61305],[-54.31757,-33.61003],[-54.31732,-33.60767],[-54.31083,-33.60508],[-54.30327,-33.60432],[-54.30073,-33.60005],[-54.3031,-33.59961],[-54.30353,-33.59632],[-54.29864,-33.5956],[-54.29744,-33.59317],[-54.28945,-33.59203],[-54.28748,-33.58602],[-54.28384,-33.58439],[-54.28259,-33.57984],[-54.27971,-33.57873],[-54.26812,-33.56721],[-54.26658,-33.56221],[-54.26782,-33.55945],[-54.26554,-33.55539],[-54.27006,-33.55695],[-54.27057,-33.55538],[-54.26735,-33.55248],[-54.26671,-33.54865],[-54.2601,-33.54747],[-54.26079,-33.54411],[-54.25443,-33.54139],[-54.25186,-33.54279],[-54.25062,-33.54121],[-54.24744,-33.54086],[-54.24791,-33.54304],[-54.23922,-33.54343],[-54.238,-33.54139],[-54.23613,-33.54302],[-54.23678,-33.54016],[-54.23203,-33.53481],[-54.23321,-33.53361],[-54.23525,-33.53587],[-54.23763,-33.53558],[-54.23686,-33.53435],[-54.23929,-33.52993],[-54.23452,-33.53018],[-54.23259,-33.52705],[-54.23405,-33.52497],[-54.23079,-33.52258],[-54.22843,-33.52268],[-54.22877,-33.52369],[-54.22457,-33.52286],[-54.22169,-33.5176],[-54.21821,-33.51485],[-54.22684,-33.50812],[-54.22216,-33.50497],[-54.22238,-33.50365],[-54.22736,-33.50447],[-54.22907,-33.50164],[-54.2283,-33.49814],[-54.2259,-33.4995],[-54.21843,-33.49288],[-54.21854,-33.48761],[-54.20852,-33.48622],[-54.20736,-33.48175],[-54.20395,-33.48454],[-54.19884,-33.48204],[-54.18757,-33.48293],[-54.1865,-33.48054],[-54.18058,-33.48357],[-54.18083,-33.48591],[-54.17805,-33.48651],[-54.17646,-33.48583],[-54.17569,-33.48003],[-54.17237,-33.48322],[-54.16839,-33.48207],[-54.16652,-33.47911],[-54.15855,-33.47963],[-54.16024,-33.47708],[-54.15791,-33.47598],[-54.15554,-33.47705],[-54.15652,-33.47966],[-54.15341,-33.48011],[-54.1528,-33.4826],[-54.14984,-33.48038],[-54.14294,-33.47955],[-54.14012,-33.48089],[-54.13786,-33.47372],[-54.13874,-33.47152],[-54.13479,-33.46997],[-54.13586,-33.46643],[-54.13464,-33.46272],[-54.12981,-33.46138],[-54.12906,-33.45853],[-54.13474,-33.45905],[-54.13704,-33.45567],[-54.14273,-33.4588],[-54.15305,-33.46018],[-54.15805,-33.45593],[-54.16577,-33.45275],[-54.18086,-33.45002],[-54.18438,-33.44752],[-54.19161,-33.44927],[-54.19753,-33.446],[-54.20088,-33.44852],[-54.20094,-33.447],[-54.20621,-33.44552],[-54.21309,-33.43538],[-54.21952,-33.43433],[-54.22073,-33.43029],[-54.22686,-33.43029],[-54.2269,-33.42809],[-54.22957,-33.42567],[-54.2318,-33.42591],[-54.23489,-33.41797],[-54.24418,-33.41585],[-54.24379,-33.41292],[-54.24619,-33.4085],[-54.25145,-33.40647],[-54.25467,-33.40754],[-54.25584,-33.40333],[-54.25859,-33.40433],[-54.25787,-33.40234],[-54.26005,-33.40056],[-54.25886,-33.39712],[-54.26338,-33.39187],[-54.26306,-33.38974],[-54.26804,-33.38716],[-54.26838,-33.38482],[-54.27757,-33.38261],[-54.27975,-33.38442],[-54.28217,-33.38381],[-54.28353,-33.38103],[-54.27999,-33.37998],[-54.27926,-33.37777],[-54.28366,-33.37471],[-54.29078,-33.37442],[-54.29255,-33.37281],[-54.29067,-33.37084],[-54.29373,-33.36991],[-54.29447,-33.36736],[-54.29808,-33.36616],[-54.29988,-33.36383],[-54.30583,-33.36317],[-54.31276,-33.35564],[-54.32353,-33.35104],[-54.32136,-33.35657],[-54.32595,-33.35722],[-54.32314,-33.35934],[-54.32377,-33.36407],[-54.32662,-33.36301],[-54.33073,-33.3641],[-54.33443,-33.36057],[-54.34177,-33.35921],[-54.34995,-33.36209],[-54.35482,-33.36147],[-54.36263,-33.3639],[-54.36391,-33.36589],[-54.36974,-33.3683],[-54.37005,-33.37001],[-54.36391,-33.37102],[-54.36193,-33.37322],[-54.36494,-33.37523],[-54.37427,-33.37448],[-54.37569,-33.37869],[-54.37424,-33.38324],[-54.37944,-33.3846],[-54.38106,-33.3918],[-54.37976,-33.39335],[-54.38346,-33.39642],[-54.39061,-33.39229],[-54.39375,-33.39369],[-54.39506,-33.39198],[-54.40004,-33.3929],[-54.4015,-33.39003],[-54.40357,-33.39196],[-54.4058,-33.39023],[-54.41243,-33.38986],[-54.41389,-33.38879],[-54.41197,-33.38654],[-54.41697,-33.38822],[-54.42042,-33.38456],[-54.42307,-33.38654],[-54.42276,-33.383],[-54.42658,-33.38445],[-54.43167,-33.3821],[-54.43005,-33.38353],[-54.43183,-33.38557],[-54.42964,-33.38741],[-54.4345,-33.38652],[-54.43486,-33.39212],[-54.43351,-33.39315],[-54.43713,-33.39838],[-54.43516,-33.3992],[-54.44,-33.40221],[-54.43862,-33.40433],[-54.44035,-33.40393],[-54.44024,-33.40646],[-54.44189,-33.40651],[-54.4388,-33.40881],[-54.44292,-33.40981],[-54.44103,-33.41239],[-54.44172,-33.41396],[-54.44601,-33.4131],[-54.44659,-33.41677],[-54.45168,-33.41855],[-54.45288,-33.42127],[-54.4546,-33.42141],[-54.45294,-33.42967],[-54.46128,-33.43138],[-54.46083,-33.44182],[-54.46351,-33.44343],[-54.47159,-33.44304],[-54.48721,-33.44533],[-54.49508,-33.4438],[-54.49961,-33.44546],[-54.50063,-33.44857],[-54.50778,-33.44613],[-54.50848,-33.44796],[-54.51337,-33.44912],[-54.51846,-33.45256],[-54.52495,-33.45069],[-54.52848,-33.44723],[-54.52978,-33.44307],[-54.53229,-33.44201],[-54.53234,-33.44],[-54.53843,-33.43798],[-54.55275,-33.44065],[-54.55676,-33.43853],[-54.55811,-33.43568],[-54.56772,-33.43831],[-54.57871,-33.43846],[-54.58048,-33.43726],[-54.57991,-33.4343],[-54.58574,-33.43101],[-54.58609,-33.42786],[-54.59347,-33.42428],[-54.59948,-33.42571],[-54.60652,-33.42385],[-54.61184,-33.42758],[-54.6163,-33.42557],[-54.61905,-33.42786],[-54.62179,-33.42356],[-54.6266,-33.42457],[-54.63072,-33.41984],[-54.64033,-33.41812],[-54.65664,-33.41955],[-54.66316,-33.42213],[-54.66351,-33.42428],[-54.67467,-33.42586],[-54.68016,-33.42356],[-54.68428,-33.42457],[-54.68709,-33.4216],[-54.69509,-33.42027],[-54.70419,-33.4207],[-54.70728,-33.42213],[-54.71919,-33.40001],[-54.78779,-33.34262],[-54.79324,-33.3423],[-54.80124,-33.33607],[-54.80458,-33.33729],[-54.81704,-33.33403],[-54.82045,-33.32249],[-54.82836,-33.31943],[-54.83242,-33.32092],[-54.83397,-33.32953],[-54.84123,-33.33208],[-54.8443,-33.33045],[-54.84724,-33.3358],[-54.85834,-33.32714],[-54.86046,-33.32747],[-54.86385,-33.33279],[-54.87212,-33.33234],[-54.87506,-33.3334],[-54.87099,-33.33656],[-54.87469,-33.34205],[-54.87287,-33.34545],[-54.87448,-33.34767],[-54.88082,-33.34812],[-54.8809,-33.3563],[-54.88318,-33.35551],[-54.88599,-33.35069],[-54.88893,-33.34958],[-54.89298,-33.34979],[-54.89679,-33.35257],[-54.90386,-33.35406],[-54.91136,-33.34949],[-54.91689,-33.35038],[-54.92212,-33.34914],[-54.92392,-33.3519],[-54.92332,-33.35745],[-54.92694,-33.36403],[-54.93067,-33.36489],[-54.93809,-33.35903],[-54.94528,-33.36761],[-54.94509,-33.37104],[-54.9489,-33.37297],[-54.95473,-33.37208],[-54.9615,-33.36499],[-54.96018,-33.36252],[-54.95369,-33.3643],[-54.95115,-33.36285],[-54.9576,-33.35473],[-54.97608,-33.35644],[-54.98248,-33.35432],[-54.98578,-33.35596],[-54.98916,-33.35236],[-54.99628,-33.35703],[-54.99958,-33.35736],[-55.00073,-33.35408],[-54.9995,-33.34383],[-55.00155,-33.33934],[-55.0048,-33.33927],[-55.00763,-33.34304],[-55.01274,-33.34534],[-55.01245,-33.34672],[-55.00834,-33.34777],[-55.00979,-33.3522],[-55.01258,-33.35173],[-55.01821,-33.34748],[-55.02133,-33.34783],[-55.02165,-33.34377],[-55.02484,-33.34145],[-55.02888,-33.34106],[-55.03177,-33.33844],[-55.03292,-33.33987],[-55.03143,-33.34323],[-55.03447,-33.34992],[-55.04148,-33.35093],[-55.04511,-33.3491],[-55.05028,-33.35057],[-55.053,-33.34947],[-55.05529,-33.34574],[-55.06026,-33.34625],[-55.06238,-33.34822],[-55.06819,-33.3437],[-55.07031,-33.34564],[-55.06823,-33.34962],[-55.0733,-33.35124],[-55.07291,-33.3538],[-55.0752,-33.35421],[-55.08028,-33.35143],[-55.08549,-33.35693],[-55.09002,-33.34988],[-55.0914,-33.35005],[-55.09499,-33.35382],[-55.09546,-33.35831],[-55.09397,-33.36047],[-55.0963,-33.36304],[-55.09664,-33.36709],[-55.09543,-33.37093],[-55.10473,-33.37066],[-55.10624,-33.37346],[-55.10422,-33.37532],[-55.10431,-33.3792],[-55.10098,-33.38017],[-55.10046,-33.38293],[-55.10606,-33.38843],[-55.10604,-33.39204],[-55.10178,-33.39333],[-55.09966,-33.40008],[-55.10071,-33.40531],[-55.10499,-33.4099],[-55.10109,-33.41092],[-55.09914,-33.41471],[-55.09326,-33.4184],[-55.09675,-33.42578],[-55.09622,-33.4282],[-55.09931,-33.43166],[-55.10158,-33.43192],[-55.10335,-33.43034],[-55.10858,-33.43125],[-55.11128,-33.4271],[-55.11721,-33.42642],[-55.1209,-33.43189],[-55.12478,-33.43184],[-55.12633,-33.43396],[-55.12858,-33.44549],[-55.12839,-33.44887],[-55.13098,-33.45251],[-55.13198,-33.45795],[-55.14042,-33.46095],[-55.14958,-33.46815],[-55.15211,-33.47614],[-55.15027,-33.48161],[-55.15493,-33.48608],[-55.1543,-33.48701],[-55.14688,-33.48272],[-55.14329,-33.49021],[-55.14461,-33.50443],[-55.14287,-33.50973],[-55.1506,-33.5157],[-55.15585,-33.51583],[-55.16219,-33.51307],[-55.1681,-33.50625],[-55.17776,-33.50384],[-55.19363,-33.50956],[-55.20496,-33.5077],[-55.21146,-33.50906],[-55.21935,-33.51851],[-55.22296,-33.52566],[-55.22141,-33.53854],[-55.22261,-33.54612],[-55.23002,-33.55778],[-55.23257,-33.57402],[-55.2429,-33.58896],[-55.25042,-33.59247],[-55.26129,-33.58929],[-55.27016,-33.59412],[-55.28706,-33.59516],[-55.29522,-33.59783],[-55.29791,-33.59687],[-55.32732,-33.6086],[-55.33238,-33.60899],[-55.33695,-33.61509],[-55.33553,-33.61859],[-55.33901,-33.63026],[-55.35127,-33.63349],[-55.35522,-33.63735],[-55.356,-33.64035],[-55.35886,-33.64153],[-55.3596,-33.64307],[-55.35634,-33.6495],[-55.35256,-33.64979],[-55.34967,-33.653],[-55.35256,-33.66179],[-55.34741,-33.6725],[-55.3378,-33.68008],[-55.33917,-33.68207],[-55.34226,-33.68265],[-55.34278,-33.68636],[-55.33952,-33.70079],[-55.33059,-33.70036],[-55.32681,-33.70407],[-55.31445,-33.70493],[-55.3045,-33.71062],[-55.31555,-33.7243],[-55.31771,-33.72442],[-55.31995,-33.73206],[-55.3093,-33.74961],[-55.31051,-33.75504],[-55.30171,-33.76339],[-55.31154,-33.78072],[-55.3093,-33.78672],[-55.31119,-33.79043],[-55.31514,-33.79328],[-55.31534,-33.81161],[-55.34346,-33.82965],[-55.34432,-33.83735],[-55.34844,-33.8422],[-55.34844,-33.84833],[-55.35462,-33.85645],[-55.3572,-33.86486],[-55.3584,-33.87156],[-55.35629,-33.87635],[-55.3596,-33.87897],[-55.36029,-33.8918],[-55.36441,-33.89736],[-55.3663,-33.8975],[-55.36715,-33.90348],[-55.36818,-33.9042],[-55.37351,-33.90106],[-55.37711,-33.90348],[-55.37797,-33.90591],[-55.37934,-33.90477],[-55.38071,-33.90605],[-55.3826,-33.91061],[-55.38518,-33.90904],[-55.39101,-33.91132],[-55.39445,-33.91787],[-55.39621,-33.92969],[-55.40149,-33.93696],[-55.4065,-33.93778],[-55.406,-33.9412],[-55.40793,-33.94115],[-55.41191,-33.94448],[-55.40979,-33.94573],[-55.40938,-33.94935],[-55.4099,-33.95077],[-55.41333,-33.94963],[-55.41419,-33.95049],[-55.41492,-33.9548],[-55.41125,-33.95853],[-55.41402,-33.95935],[-55.41453,-33.96629],[-55.41987,-33.97165],[-55.4216,-33.97633],[-55.42483,-33.97768],[-55.42697,-33.98411],[-55.42895,-33.98494],[-55.43191,-33.98382],[-55.42998,-33.98793],[-55.43229,-33.99294],[-55.4361,-33.99706],[-55.44045,-33.99643],[-55.44361,-34.00616],[-55.44983,-34.00746],[-55.44923,-34.00949],[-55.44271,-34.01347],[-55.44663,-34.01724],[-55.44548,-34.02356],[-55.4412,-34.0245],[-55.43962,-34.02642],[-55.44423,-34.02692],[-55.44715,-34.03105],[-55.44879,-34.03795],[-55.45164,-34.04043],[-55.4613,-34.0432],[-55.46545,-34.0424],[-55.46746,-34.04577],[-55.48388,-34.05779],[-55.48783,-34.05452],[-55.4971,-34.05139],[-55.50551,-34.05594],[-55.5201,-34.05821],[-55.53109,-34.07258],[-55.53469,-34.0966],[-55.5383,-34.10016],[-55.54465,-34.10257],[-55.55186,-34.10982],[-55.55444,-34.11821],[-55.54911,-34.12872],[-55.54911,-34.13711],[-55.55941,-34.13881],[-55.56422,-34.14421],[-55.57246,-34.14549],[-55.57727,-34.14975],[-55.57916,-34.15756],[-55.59047,-34.15966],[-55.5915,-34.16836],[-55.59424,-34.17187],[-55.60318,-34.17688],[-55.60249,-34.18327],[-55.60617,-34.19099],[-55.61742,-34.19786],[-55.62418,-34.20799],[-55.57171,-34.35579],[-55.56489,-34.35535],[-55.56242,-34.35698],[-55.55957,-34.36087],[-55.55889,-34.36555],[-55.55648,-34.36739],[-55.55597,-34.37363],[-55.55083,-34.37618],[-55.54362,-34.38831],[-55.53861,-34.38941],[-55.5355,-34.38728],[-55.5341,-34.38863],[-55.53624,-34.39645],[-55.53393,-34.40103],[-55.53527,-34.40281],[-55.53213,-34.40535],[-55.53453,-34.40802],[-55.53354,-34.41057],[-55.53562,-34.41067],[-55.53745,-34.41289],[-55.53714,-34.41596],[-55.53555,-34.41646],[-55.53693,-34.41832],[-55.53505,-34.42054],[-55.53745,-34.42277],[-55.53466,-34.42689],[-55.53795,-34.42797],[-55.53695,-34.43208],[-55.53895,-34.43342],[-55.5376,-34.43538],[-55.54345,-34.4407],[-55.54162,-34.44154],[-55.54065,-34.4454],[-55.54185,-34.45028],[-55.53922,-34.45026],[-55.53799,-34.45324],[-55.54014,-34.4586],[-55.54362,-34.46016],[-55.54393,-34.46532],[-55.54703,-34.46694],[-55.54866,-34.47102],[-55.55304,-34.47122],[-55.55461,-34.46913],[-55.55641,-34.4703],[-55.55423,-34.47292],[-55.55469,-34.4771],[-55.55241,-34.47857],[-55.5561,-34.47968],[-55.54556,-34.48369],[-55.55034,-34.49162],[-55.546,-34.49947],[-55.54827,-34.49945],[-55.55057,-34.49732],[-55.55025,-34.50163],[-55.54502,-34.50363],[-55.54126,-34.50715],[-55.53452,-34.507],[-55.53258,-34.5113],[-55.52651,-34.51119],[-55.52612,-34.51403],[-55.52818,-34.51519],[-55.52736,-34.52043],[-55.52405,-34.51953],[-55.52335,-34.51664],[-55.52043,-34.51626],[-55.51894,-34.51756],[-55.51905,-34.52499],[-55.51261,-34.52431],[-55.50818,-34.52571],[-55.50799,-34.52896],[-55.50318,-34.52896],[-55.5006,-34.53122],[-55.50071,-34.53632],[-55.49655,-34.53794],[-55.49927,-34.54172],[-55.49842,-34.54373],[-55.49483,-34.54495],[-55.49704,-34.54862],[-55.49307,-34.55299],[-55.49781,-34.55988],[-55.4904,-34.56227],[-55.49201,-34.56855],[-55.48812,-34.57033],[-55.48924,-34.57821],[-55.49513,-34.58075],[-55.48643,-34.5861],[-55.48606,-34.58766],[-55.48969,-34.59094],[-55.48644,-34.59758],[-55.48055,-34.59776],[-55.4788,-34.60319],[-55.47555,-34.60364],[-55.47389,-34.60577],[-55.47995,-34.60827],[-55.47953,-34.61201],[-55.48234,-34.61964],[-55.47993,-34.62396],[-55.48035,-34.62698]]]}},{"type":"Feature","properties":{"shapeName":"Florida","shapeISO":"UY-FD","shapeID":"27058087B4606463382645","shapeGroup":"URY","shapeType":"ADM1"},"geometry":{"type":"Polygon","coordinates":[[[-55.62418,-34.20799],[-55.61742,-34.19786],[-55.60617,-34.19099],[-55.60249,-34.18327],[-55.60318,-34.17688],[-55.59424,-34.17187],[-55.5915,-34.16836],[-55.59047,-34.15966],[-55.57916,-34.15756],[-55.57727,-34.14975],[-55.57246,-34.14549],[-55.56422,-34.14421],[-55.55941,-34.13881],[-55.54911,-34.13711],[-55.54911,-34.12872],[-55.55444,-34.11821],[-55.55186,-34.10982],[-55.54465,-34.10257],[-55.5383,-34.10016],[-55.53469,-34.0966],[-55.53109,-34.07258],[-55.5201,-34.05821],[-55.50551,-34.05594],[-55.4971,-34.05139],[-55.48783,-34.05452],[-55.48388,-34.05779],[-55.46746,-34.04577],[-55.46545,-34.0424],[-55.4613,-34.0432],[-55.45164,-34.04043],[-55.44879,-34.03795],[-55.44715,-34.03105],[-55.44423,-34.02692],[-55.43962,-34.02642],[-55.4412,-34.0245],[-55.44548,-34.02356],[-55.44663,-34.01724],[-55.44271,-34.01347],[-55.44923,-34.00949],[-55.44983,-34.00746],[-55.44361,-34.00616],[-55.44045,-33.99643],[-55.4361,-33.99706],[-55.43229,-33.99294],[-55.42998,-33.98793],[-55.43191,-33.98382],[-55.42895,-33.98494],[-55.42697,-33.98411],[-55.42483,-33.97768],[-55.4216,-33.97633],[-55.41987,-33.97165],[-55.41453,-33.96629],[-55.41402,-33.95935],[-55.41125,-33.95853],[-55.41492,-33.9548],[-55.41419,-33.95049],[-55.41333,-33.94963],[-55.4099,-33.95077],[-55.40938,-33.94935],[-55.40979,-33.94573],[-55.41191,-33.94448],[-55.40793,-33.94115],[-55.406,-33.9412],[-55.4065,-33.93778],[-55.40149,-33.93696],[-55.39621,-33.92969],[-55.39445,-33.91787],[-55.39101,-33.91132],[-55.38518,-33.90904],[-55.3826,-33.91061],[-55.38071,-33.90605],[-55.37934,-33.90477],[-55.37797,-33.90591],[-55.37711,-33.90348],[-55.37351,-33.90106],[-55.36818,-33.9042],[-55.36715,-33.90348],[-55.3663,-33.8975],[-55.36441,-33.89736],[-55.36029,-33.8918],[-55.3596,-33.87897],[-55.35629,-33.87635],[-55.3584,-33.87156],[-55.3572,-33.86486],[-55.35462,-33.85645],[-55.34844,-33.84833],[-55.34844,-33.8422],[-55.34432,-33.83735],[-55.34346,-33.82965],[-55.31534,-33.81161],[-55.31514,-33.79328],[-55.31119,-33.79043],[-55.3093,-33.78672],[-55.31154,-33.78072],[-55.30171,-33.76339],[-55.31051,-33.75504],[-55.3093,-33.74961],[-55.31995,-33.73206],[-55.31771,-33.72442],[-55.31555,-33.7243],[-55.3045,-33.71062],[-55.31445,-33.70493],[-55.32681,-33.70407],[-55.33059,-33.70036],[-55.33952,-33.70079],[-55.34278,-33.68636],[-55.34226,-33.68265],[-55.33917,-33.68207],[-55.3378,-33.68008],[-55.34741,-33.6725],[-55.35256,-33.66179],[-55.34967,-33.653],[-55.35256,-33.64979],[-55.35634,-33.6495],[-55.3596,-33.64307],[-55.35886,-33.64153],[-55.356,-33.64035],[-55.35522,-33.63735],[-55.35127,-33.63349],[-55.33901,-33.63026],[-55.33553,-33.61859],[-55.33695,-33.61509],[-55.33238,-33.60899],[-55.32732,-33.6086],[-55.29791,-33.59687],[-55.29522,-33.59783],[-55.28706,-33.59516],[-55.27016,-33.59412],[-55.26129,-33.58929],[-55.25042,-33.59247],[-55.2429,-33.58896],[-55.23257,-33.57402],[-55.23002,-33.55778],[-55.22261,-33.54612],[-55.22141,-33.53854],[-55.22296,-33.52566],[-55.21935,-33.51851],[-55.21146,-33.50906],[-55.20496,-33.5077],[-55.19363,-33.50956],[-55.17776,-33.50384],[-55.1681,-33.50625],[-55.16219,-33.51307],[-55.15585,-33.51583],[-55.1506,-33.5157],[-55.14287,-33.50973],[-55.14461,-33.50443],[-55.14329,-33.49021],[-55.14688,-33.48272],[-55.1543,-33.48701],[-55.15493,-33.48608],[-55.15027,-33.48161],[-55.15211,-33.47614],[-55.14958,-33.46815],[-55.14042,-33.46095],[-55.13198,-33.45795],[-55.13098,-33.45251],[-55.12839,-33.44887],[-55.12858,-33.44549],[-55.13307,-33.4357],[-55.13819,-33.43147],[-55.15344,-33.42469],[-55.15321,-33.42263],[-55.14971,-33.42118],[-55.14858,-33.41407],[-55.15056,-33.40776],[-55.15715,-33.40142],[-55.15883,-33.39434],[-55.15869,-33.37751],[-55.15116,-33.3628],[-55.14694,-33.35843],[-55.14192,-33.34476],[-55.13003,-33.33913],[-55.13208,-33.33456],[-55.13213,-33.32833],[-55.13952,-33.3242],[-55.14207,-33.31594],[-55.13107,-33.30897],[-55.11759,-33.29182],[-55.10532,-33.28805],[-55.09821,-33.27372],[-55.10188,-33.26827],[-55.09875,-33.26607],[-55.10941,-33.25419],[-55.11445,-33.24942],[-55.12229,-33.24569],[-55.12827,-33.23755],[-55.13682,-33.23517],[-55.13982,-33.23128],[-55.1319,-33.21251],[-55.12355,-33.20599],[-55.11735,-33.19463],[-55.11921,-33.19087],[-55.12838,-33.1858],[-55.13091,-33.18081],[-55.1261,-33.173],[-55.12737,-33.15798],[-55.1199,-33.14215],[-55.12148,-33.13839],[-55.132,-33.13196],[-55.13676,-33.12709],[-55.1319,-33.10823],[-55.13457,-33.10445],[-55.13821,-33.10196],[-55.14763,-33.10186],[-55.163,-33.10869],[-55.16955,-33.10532],[-55.17866,-33.10793],[-55.17959,-33.11128],[-55.17746,-33.11783],[-55.18467,-33.12504],[-55.19136,-33.12663],[-55.19144,-33.13089],[-55.19618,-33.13327],[-55.1972,-33.13641],[-55.19484,-33.13925],[-55.19836,-33.14286],[-55.1973,-33.14692],[-55.20115,-33.1479],[-55.20269,-33.14991],[-55.20233,-33.15437],[-55.20659,-33.15693],[-55.2071,-33.15994],[-55.22191,-33.16468],[-55.22346,-33.16802],[-55.23051,-33.17193],[-55.23256,-33.17779],[-55.23033,-33.1844],[-55.24028,-33.18626],[-55.24337,-33.19272],[-55.24989,-33.19545],[-55.24903,-33.20034],[-55.25024,-33.20163],[-55.25521,-33.20206],[-55.26002,-33.19919],[-55.26769,-33.19883],[-55.26912,-33.19387],[-55.27084,-33.1933],[-55.28062,-33.1989],[-55.28474,-33.19804],[-55.29006,-33.19359],[-55.29246,-33.1956],[-55.30414,-33.19904],[-55.31358,-33.19301],[-55.31512,-33.19488],[-55.31512,-33.20149],[-55.32577,-33.20134],[-55.3288,-33.20256],[-55.33515,-33.21448],[-55.34963,-33.22561],[-55.36061,-33.22949],[-55.36868,-33.22576],[-55.37858,-33.22741],[-55.38163,-33.22926],[-55.38319,-33.23405],[-55.39755,-33.24518],[-55.39927,-33.24552],[-55.40903,-33.23963],[-55.41875,-33.25411],[-55.42627,-33.25522],[-55.42925,-33.25335],[-55.43418,-33.25438],[-55.43753,-33.25846],[-55.43683,-33.2727],[-55.43827,-33.27593],[-55.44513,-33.27502],[-55.45299,-33.27807],[-55.45523,-33.28113],[-55.45777,-33.27978],[-55.46114,-33.28338],[-55.46125,-33.28613],[-55.46695,-33.28928],[-55.47067,-33.28863],[-55.47944,-33.28244],[-55.48404,-33.28138],[-55.49277,-33.28921],[-55.49614,-33.28738],[-55.49706,-33.28492],[-55.50138,-33.28367],[-55.50627,-33.28678],[-55.51396,-33.28662],[-55.52006,-33.28899],[-55.52892,-33.28688],[-55.53268,-33.28887],[-55.53705,-33.28904],[-55.53815,-33.29123],[-55.53547,-33.29462],[-55.5368,-33.29585],[-55.53568,-33.29957],[-55.54013,-33.30455],[-55.54986,-33.30788],[-55.55202,-33.30743],[-55.55862,-33.31111],[-55.55919,-33.31343],[-55.5565,-33.31403],[-55.55536,-33.31644],[-55.56638,-33.31582],[-55.57004,-33.31776],[-55.57173,-33.32078],[-55.57572,-33.31996],[-55.58299,-33.32618],[-55.58326,-33.32937],[-55.59865,-33.33045],[-55.6056,-33.32891],[-55.60959,-33.33381],[-55.61272,-33.33303],[-55.61486,-33.33423],[-55.61528,-33.33676],[-55.6136,-33.3387],[-55.61776,-33.34155],[-55.61866,-33.34493],[-55.61682,-33.35225],[-55.61757,-33.35566],[-55.62127,-33.35664],[-55.63041,-33.36845],[-55.63126,-33.37275],[-55.63665,-33.3777],[-55.64689,-33.37719],[-55.65021,-33.37827],[-55.65873,-33.37691],[-55.6648,-33.37784],[-55.68036,-33.37031],[-55.69484,-33.36924],[-55.70068,-33.36551],[-55.70754,-33.35748],[-55.71074,-33.34938],[-55.71527,-33.34529],[-55.72368,-33.35046],[-55.73501,-33.35304],[-55.73741,-33.35834],[-55.73787,-33.3706],[-55.74273,-33.37555],[-55.75435,-33.37418],[-55.76162,-33.37669],[-55.76379,-33.37963],[-55.76368,-33.38787],[-55.77277,-33.40048],[-55.79801,-33.40951],[-55.80384,-33.41353],[-55.80882,-33.41295],[-55.8138,-33.40994],[-55.82547,-33.4131],[-55.83663,-33.41181],[-55.8435,-33.41438],[-55.85442,-33.42334],[-55.86581,-33.42656],[-55.87457,-33.431],[-55.88246,-33.43158],[-55.89311,-33.42986],[-55.90341,-33.4184],[-55.91502,-33.41589],[-55.92469,-33.40865],[-55.93276,-33.40679],[-55.94066,-33.41123],[-55.94735,-33.41969],[-55.9533,-33.42291],[-55.96555,-33.41969],[-55.97585,-33.42012],[-55.98958,-33.41797],[-56.01087,-33.429],[-56.01688,-33.43416],[-56.02151,-33.43473],[-56.03473,-33.43215],[-56.03954,-33.43545],[-56.04829,-33.44776],[-56.04949,-33.45536],[-56.0476,-33.46839],[-56.04926,-33.47261],[-56.05915,-33.48085],[-56.06148,-33.48165],[-56.06289,-33.47998],[-56.06686,-33.47928],[-56.0676,-33.48218],[-56.07342,-33.48458],[-56.07769,-33.48514],[-56.07964,-33.48325],[-56.08115,-33.48376],[-56.09051,-33.49101],[-56.09061,-33.49378],[-56.09349,-33.49494],[-56.10211,-33.48804],[-56.10662,-33.48761],[-56.1067,-33.49008],[-56.11187,-33.48738],[-56.13358,-33.48797],[-56.13928,-33.48221],[-56.14589,-33.48173],[-56.1461,-33.48384],[-56.15057,-33.48151],[-56.15503,-33.48147],[-56.15712,-33.47867],[-56.16726,-33.47286],[-56.17284,-33.47309],[-56.17504,-33.46916],[-56.17327,-33.46805],[-56.17778,-33.46539],[-56.17897,-33.46706],[-56.18047,-33.46642],[-56.18222,-33.46171],[-56.18918,-33.46021],[-56.19697,-33.46119],[-56.20327,-33.47429],[-56.21016,-33.47671],[-56.21238,-33.47951],[-56.21272,-33.48416],[-56.21488,-33.48727],[-56.21975,-33.48608],[-56.22504,-33.48882],[-56.22881,-33.48798],[-56.23259,-33.48994],[-56.23705,-33.4894],[-56.2413,-33.48742],[-56.24182,-33.48213],[-56.24999,-33.47359],[-56.25418,-33.47172],[-56.26066,-33.47129],[-56.26142,-33.46591],[-56.26052,-33.46447],[-56.2586,-33.46479],[-56.25926,-33.46321],[-56.25599,-33.45849],[-56.25069,-33.45529],[-56.251,-33.45107],[-56.26118,-33.44846],[-56.26641,-33.44224],[-56.27454,-33.44105],[-56.2778,-33.43784],[-56.27795,-33.43495],[-56.2876,-33.43468],[-56.29166,-33.43801],[-56.29615,-33.43518],[-56.30138,-33.4369],[-56.30848,-33.43448],[-56.3148,-33.43562],[-56.31798,-33.43471],[-56.3238,-33.43584],[-56.32588,-33.43896],[-56.33039,-33.43798],[-56.33441,-33.43937],[-56.33457,-33.43442],[-56.33815,-33.43304],[-56.3449,-33.43425],[-56.35086,-33.43933],[-56.35257,-33.4392],[-56.36072,-33.43659],[-56.36634,-33.43735],[-56.36682,-33.43379],[-56.37231,-33.43364],[-56.37218,-33.4289],[-56.37526,-33.42708],[-56.38423,-33.42737],[-56.38935,-33.42602],[-56.39181,-33.4214],[-56.3962,-33.42128],[-56.39691,-33.41609],[-56.39268,-33.41519],[-56.39641,-33.40969],[-56.39544,-33.40778],[-56.39726,-33.40459],[-56.40355,-33.40212],[-56.40401,-33.39564],[-56.40783,-33.39269],[-56.404,-33.38315],[-56.40473,-33.38123],[-56.40688,-33.38075],[-56.41046,-33.38303],[-56.42284,-33.38645],[-56.42586,-33.39053],[-56.42914,-33.39095],[-56.43223,-33.39414],[-56.43098,-33.39773],[-56.43559,-33.39764],[-56.43706,-33.40354],[-56.43614,-33.41049],[-56.43163,-33.4144],[-56.43012,-33.42356],[-56.42271,-33.43658],[-56.42304,-33.46268],[-56.41804,-33.47201],[-56.41811,-33.47804],[-56.42203,-33.48485],[-56.42353,-33.49266],[-56.43006,-33.50157],[-56.4409,-33.50474],[-56.44596,-33.50277],[-56.4481,-33.50333],[-56.45233,-33.50014],[-56.45587,-33.50207],[-56.45668,-33.50478],[-56.46072,-33.50411],[-56.46456,-33.49878],[-56.46877,-33.49635],[-56.47504,-33.49927],[-56.47762,-33.50487],[-56.48114,-33.50517],[-56.48302,-33.5073],[-56.48801,-33.50347],[-56.49089,-33.49566],[-56.49398,-33.49476],[-56.49819,-33.49641],[-56.50282,-33.49241],[-56.50467,-33.48818],[-56.51118,-33.48475],[-56.51754,-33.48536],[-56.52513,-33.48819],[-56.52896,-33.4885],[-56.5305,-33.48733],[-56.53359,-33.49152],[-56.53636,-33.49269],[-56.53063,-33.49655],[-56.52518,-33.49818],[-56.51917,-33.50376],[-56.51625,-33.50906],[-56.5135,-33.52594],[-56.51682,-33.53226],[-56.52403,-33.53469],[-56.52483,-33.53639],[-56.52403,-33.55457],[-56.51185,-33.56859],[-56.51202,-33.57574],[-56.51573,-33.58202],[-56.51333,-33.58631],[-56.5099,-33.58831],[-56.5087,-33.59675],[-56.50543,-33.59847],[-56.50543,-33.60147],[-56.5,-33.60563],[-56.49777,-33.61192],[-56.5,-33.61421],[-56.49399,-33.6215],[-56.49462,-33.6232],[-56.49136,-33.6302],[-56.49049,-33.64829],[-56.48707,-33.65111],[-56.48676,-33.65517],[-56.48386,-33.65866],[-56.48017,-33.67038],[-56.48216,-33.67371],[-56.48186,-33.67954],[-56.47555,-33.69647],[-56.46593,-33.71028],[-56.46766,-33.71933],[-56.46293,-33.72431],[-56.46337,-33.72858],[-56.46052,-33.7315],[-56.45778,-33.74494],[-56.45573,-33.74778],[-56.44951,-33.75015],[-56.4434,-33.74933],[-56.44074,-33.74601],[-56.43228,-33.74358],[-56.42757,-33.74686],[-56.42726,-33.74919],[-56.42353,-33.7524],[-56.42663,-33.76313],[-56.42584,-33.76532],[-56.42945,-33.76975],[-56.43031,-33.77717],[-56.43065,-33.78245],[-56.42904,-33.78556],[-56.43093,-33.78856],[-56.42853,-33.79255],[-56.42807,-33.79785],[-56.43042,-33.81409],[-56.42544,-33.8198],[-56.42149,-33.8208],[-56.41411,-33.82593],[-56.41531,-33.8285],[-56.41171,-33.83021],[-56.41033,-33.83363],[-56.40261,-33.83335],[-56.39626,-33.83648],[-56.39866,-33.83948],[-56.39849,-33.84618],[-56.4045,-33.85758],[-56.40553,-33.86656],[-56.40759,-33.86756],[-56.41016,-33.8744],[-56.41445,-33.87782],[-56.41617,-33.8774],[-56.42733,-33.88196],[-56.42885,-33.88429],[-56.42752,-33.89018],[-56.4326,-33.89542],[-56.43778,-33.89765],[-56.44574,-33.89751],[-56.45418,-33.9025],[-56.44861,-33.90957],[-56.44918,-33.9204],[-56.44599,-33.92846],[-56.45035,-33.9358],[-56.45352,-33.93632],[-56.45846,-33.94119],[-56.45782,-33.94808],[-56.45469,-33.95548],[-56.44615,-33.95728],[-56.44409,-33.96468],[-56.43257,-33.96576],[-56.42185,-33.96348],[-56.42102,-33.96476],[-56.42116,-33.9705],[-56.41924,-33.97243],[-56.42286,-33.97928],[-56.41916,-33.98812],[-56.42259,-33.99544],[-56.42246,-34.00663],[-56.41831,-34.01139],[-56.42102,-34.01864],[-56.4166,-34.02548],[-56.41881,-34.02711],[-56.41756,-34.03347],[-56.41479,-34.03698],[-56.41527,-34.0397],[-56.41273,-34.041],[-56.41459,-34.04635],[-56.4134,-34.0495],[-56.41556,-34.05057],[-56.4164,-34.05446],[-56.41494,-34.06245],[-56.41168,-34.0668],[-56.40736,-34.06476],[-56.40543,-34.06813],[-56.403,-34.06763],[-56.4013,-34.07032],[-56.39797,-34.0705],[-56.39897,-34.07398],[-56.39742,-34.07521],[-56.39756,-34.08],[-56.39883,-34.08238],[-56.40437,-34.08221],[-56.40136,-34.08509],[-56.40283,-34.08938],[-56.40048,-34.09051],[-56.40175,-34.09395],[-56.40014,-34.09675],[-56.40543,-34.0998],[-56.40501,-34.10527],[-56.4115,-34.11462],[-56.40707,-34.11765],[-56.40847,-34.12259],[-56.4112,-34.12481],[-56.41572,-34.12535],[-56.41604,-34.12785],[-56.41977,-34.12889],[-56.43068,-34.14102],[-56.43094,-34.14561],[-56.42884,-34.14736],[-56.42968,-34.14999],[-56.43394,-34.15352],[-56.4376,-34.15369],[-56.44028,-34.15834],[-56.44755,-34.15866],[-56.44646,-34.16224],[-56.44981,-34.16765],[-56.44691,-34.17039],[-56.44645,-34.17402],[-56.45047,-34.17793],[-56.44932,-34.18586],[-56.45548,-34.18975],[-56.4505,-34.19581],[-56.44738,-34.19634],[-56.44685,-34.19829],[-56.44112,-34.19876],[-56.44238,-34.20223],[-56.43534,-34.20688],[-56.43644,-34.21069],[-56.43511,-34.214],[-56.42971,-34.21724],[-56.4185,-34.22036],[-56.41872,-34.22321],[-56.41529,-34.2245],[-56.41806,-34.2305],[-56.41006,-34.23513],[-56.41471,-34.24008],[-56.41475,-34.24234],[-56.41228,-34.24455],[-56.41577,-34.24709],[-56.4147,-34.24894],[-56.40851,-34.24899],[-56.41721,-34.25706],[-56.42237,-34.25392],[-56.42502,-34.25486],[-56.42602,-34.25752],[-56.424,-34.2648],[-56.42974,-34.27334],[-56.42921,-34.27579],[-56.42521,-34.27749],[-56.42837,-34.2831],[-56.42144,-34.29509],[-56.42931,-34.29953],[-56.42783,-34.30389],[-56.42029,-34.31126],[-56.42278,-34.31352],[-56.42022,-34.31574],[-56.42115,-34.3175],[-56.42639,-34.31938],[-56.42794,-34.32222],[-56.42656,-34.32519],[-56.42725,-34.33071],[-56.42475,-34.33522],[-56.42694,-34.33703],[-56.43266,-34.3371],[-56.43911,-34.33351],[-56.44715,-34.33579],[-56.44509,-34.34046],[-56.4514,-34.33992],[-56.46021,-34.35467],[-56.465,-34.35499],[-56.47084,-34.35917],[-56.47058,-34.36314],[-56.46457,-34.36484],[-56.45822,-34.36463],[-56.45573,-34.3681],[-56.45822,-34.36923],[-56.45674,-34.37571],[-56.45515,-34.37422],[-56.45272,-34.37558],[-56.44464,-34.37343],[-56.44367,-34.37457],[-56.44557,-34.37614],[-56.44374,-34.38004],[-56.43307,-34.38161],[-56.43297,-34.38687],[-56.43011,-34.38885],[-56.43012,-34.39131],[-56.43262,-34.39305],[-56.42848,-34.39531],[-56.43002,-34.39808],[-56.42636,-34.40887],[-56.42362,-34.40902],[-56.42284,-34.41209],[-56.4162,-34.41359],[-56.41655,-34.41524],[-56.41348,-34.41788],[-56.41041,-34.41755],[-56.40513,-34.42351],[-56.39889,-34.42248],[-56.39165,-34.42643],[-56.39255,-34.4181],[-56.38459,-34.41004],[-56.3914,-34.39984],[-56.39084,-34.3894],[-56.38482,-34.38255],[-56.38711,-34.37851],[-56.38516,-34.36988],[-56.37166,-34.36223],[-56.36493,-34.36492],[-56.35615,-34.35979],[-56.35018,-34.35947],[-56.34053,-34.353],[-56.33471,-34.35261],[-56.33378,-34.34917],[-56.33085,-34.34726],[-56.32449,-34.34984],[-56.31676,-34.34851],[-56.31322,-34.35416],[-56.30967,-34.35349],[-56.30749,-34.35068],[-56.302,-34.35278],[-56.29703,-34.36201],[-56.28781,-34.36533],[-56.27804,-34.3714],[-56.27372,-34.37145],[-56.2714,-34.36683],[-56.26717,-34.36456],[-56.2649,-34.36088],[-56.26176,-34.3605],[-56.25665,-34.36469],[-56.24451,-34.36399],[-56.24082,-34.36555],[-56.23832,-34.37129],[-56.24039,-34.37811],[-56.2375,-34.38022],[-56.22215,-34.37869],[-56.21349,-34.38113],[-56.20847,-34.37688],[-56.20125,-34.37674],[-56.1949,-34.38043],[-56.19455,-34.38397],[-56.18371,-34.38722],[-56.18097,-34.38508],[-56.18165,-34.38228],[-56.17685,-34.37946],[-56.1771,-34.37578],[-56.17335,-34.37559],[-56.17185,-34.37348],[-56.1698,-34.36576],[-56.17174,-34.35788],[-56.16775,-34.35803],[-56.16532,-34.35617],[-56.16215,-34.35067],[-56.16187,-34.34603],[-56.15588,-34.3455],[-56.14865,-34.34092],[-56.14649,-34.33748],[-56.14371,-34.33878],[-56.14137,-34.33577],[-56.13891,-34.32591],[-56.13339,-34.32597],[-56.13214,-34.32283],[-56.13327,-34.31838],[-56.12877,-34.31154],[-56.12813,-34.30643],[-56.12471,-34.30405],[-56.12862,-34.3017],[-56.12821,-34.29631],[-56.12263,-34.29793],[-56.12314,-34.29287],[-56.11822,-34.28688],[-56.10973,-34.28697],[-56.10297,-34.27925],[-56.10014,-34.27921],[-56.09764,-34.28109],[-56.09519,-34.27844],[-56.08703,-34.28023],[-56.07069,-34.27581],[-56.05994,-34.27003],[-56.05679,-34.26468],[-56.05107,-34.26215],[-56.04892,-34.25927],[-56.03856,-34.25755],[-56.03227,-34.25852],[-56.02306,-34.26208],[-56.01725,-34.26232],[-56.0145,-34.26463],[-56.01266,-34.26389],[-56.00839,-34.26584],[-56.00577,-34.2651],[-55.99696,-34.26722],[-55.9924,-34.27015],[-55.98811,-34.26863],[-55.98442,-34.26958],[-55.98257,-34.26709],[-55.97739,-34.26759],[-55.97272,-34.27303],[-55.96061,-34.27634],[-55.95798,-34.28055],[-55.95296,-34.28221],[-55.94785,-34.27891],[-55.94671,-34.27483],[-55.94364,-34.27761],[-55.93666,-34.2773],[-55.93281,-34.28023],[-55.92822,-34.27688],[-55.92639,-34.27793],[-55.92463,-34.27502],[-55.91911,-34.27345],[-55.9214,-34.27018],[-55.91796,-34.267],[-55.91265,-34.26782],[-55.9116,-34.2707],[-55.90816,-34.27294],[-55.90315,-34.27091],[-55.89993,-34.27138],[-55.89497,-34.27752],[-55.89002,-34.27878],[-55.88931,-34.2827],[-55.88713,-34.28468],[-55.8855,-34.28341],[-55.8876,-34.28217],[-55.88651,-34.28077],[-55.88116,-34.28202],[-55.88065,-34.28466],[-55.87785,-34.28367],[-55.87696,-34.28101],[-55.87383,-34.28159],[-55.85936,-34.27787],[-55.85015,-34.28139],[-55.84678,-34.28058],[-55.84777,-34.27776],[-55.84426,-34.27336],[-55.84524,-34.26966],[-55.842,-34.26309],[-55.83978,-34.26251],[-55.83871,-34.26423],[-55.83356,-34.26575],[-55.83248,-34.26046],[-55.82918,-34.25678],[-55.82495,-34.2585],[-55.82058,-34.25817],[-55.81582,-34.25362],[-55.81297,-34.25316],[-55.81406,-34.24833],[-55.8097,-34.24422],[-55.80115,-34.24504],[-55.79695,-34.24359],[-55.79746,-34.24179],[-55.79137,-34.23382],[-55.77526,-34.23188],[-55.76285,-34.22224],[-55.75983,-34.21732],[-55.75207,-34.21791],[-55.74426,-34.21565],[-55.74242,-34.21627],[-55.73995,-34.21546],[-55.73926,-34.21304],[-55.73573,-34.21235],[-55.72371,-34.22248],[-55.72103,-34.22242],[-55.7181,-34.21962],[-55.716,-34.22278],[-55.71266,-34.2222],[-55.7012,-34.21422],[-55.69897,-34.21365],[-55.68798,-34.21663],[-55.67974,-34.21209],[-55.67597,-34.21337],[-55.67528,-34.21635],[-55.67116,-34.21564],[-55.67013,-34.21834],[-55.6624,-34.21635],[-55.65622,-34.21905],[-55.65159,-34.2182],[-55.64833,-34.21564],[-55.64215,-34.21635],[-55.63717,-34.21294],[-55.63357,-34.20769],[-55.62636,-34.20684],[-55.62418,-34.20799]]]}},{"type":"Feature","properties":{"shapeName":"San José","shapeISO":"UY-SJ","shapeID":"27058087B9919519605551","shapeGroup":"URY","shapeType":"ADM1"},"geometry":{"type":"Polygon","coordinates":[[[-56.39165,-34.42643],[-56.39889,-34.42248],[-56.40513,-34.42351],[-56.41041,-34.41755],[-56.41348,-34.41788],[-56.41655,-34.41524],[-56.4162,-34.41359],[-56.42284,-34.41209],[-56.42362,-34.40902],[-56.42636,-34.40887],[-56.43002,-34.39808],[-56.42848,-34.39531],[-56.43262,-34.39305],[-56.43012,-34.39131],[-56.43011,-34.38885],[-56.43297,-34.38687],[-56.43307,-34.38161],[-56.44374,-34.38004],[-56.44557,-34.37614],[-56.44367,-34.37457],[-56.44464,-34.37343],[-56.45272,-34.37558],[-56.45515,-34.37422],[-56.45674,-34.37571],[-56.45822,-34.36923],[-56.45573,-34.3681],[-56.45822,-34.36463],[-56.46457,-34.36484],[-56.47058,-34.36314],[-56.47084,-34.35917],[-56.465,-34.35499],[-56.46021,-34.35467],[-56.4514,-34.33992],[-56.44509,-34.34046],[-56.44715,-34.33579],[-56.43911,-34.33351],[-56.43266,-34.3371],[-56.42694,-34.33703],[-56.42475,-34.33522],[-56.42725,-34.33071],[-56.42656,-34.32519],[-56.42794,-34.32222],[-56.42639,-34.31938],[-56.42115,-34.3175],[-56.42022,-34.31574],[-56.42278,-34.31352],[-56.42029,-34.31126],[-56.42783,-34.30389],[-56.42931,-34.29953],[-56.42144,-34.29509],[-56.42837,-34.2831],[-56.42521,-34.27749],[-56.42921,-34.27579],[-56.42974,-34.27334],[-56.424,-34.2648],[-56.42602,-34.25752],[-56.42502,-34.25486],[-56.42237,-34.25392],[-56.41721,-34.25706],[-56.40851,-34.24899],[-56.4147,-34.24894],[-56.41577,-34.24709],[-56.41228,-34.24455],[-56.41475,-34.24234],[-56.41471,-34.24008],[-56.41006,-34.23513],[-56.41806,-34.2305],[-56.41529,-34.2245],[-56.41872,-34.22321],[-56.4185,-34.22036],[-56.42971,-34.21724],[-56.43511,-34.214],[-56.43644,-34.21069],[-56.43534,-34.20688],[-56.44238,-34.20223],[-56.44112,-34.19876],[-56.44685,-34.19829],[-56.44738,-34.19634],[-56.4505,-34.19581],[-56.45548,-34.18975],[-56.44932,-34.18586],[-56.45047,-34.17793],[-56.44645,-34.17402],[-56.44691,-34.17039],[-56.44981,-34.16765],[-56.44646,-34.16224],[-56.44755,-34.15866],[-56.44028,-34.15834],[-56.4376,-34.15369],[-56.43394,-34.15352],[-56.42968,-34.14999],[-56.42884,-34.14736],[-56.43094,-34.14561],[-56.43068,-34.14102],[-56.41977,-34.12889],[-56.41604,-34.12785],[-56.41572,-34.12535],[-56.4112,-34.12481],[-56.40847,-34.12259],[-56.40707,-34.11765],[-56.4115,-34.11462],[-56.40501,-34.10527],[-56.40543,-34.0998],[-56.40014,-34.09675],[-56.40175,-34.09395],[-56.40048,-34.09051],[-56.40283,-34.08938],[-56.40136,-34.08509],[-56.40437,-34.08221],[-56.39883,-34.08238],[-56.39756,-34.08],[-56.39742,-34.07521],[-56.39897,-34.07398],[-56.39797,-34.0705],[-56.4013,-34.07032],[-56.403,-34.06763],[-56.40543,-34.06813],[-56.40736,-34.06476],[-56.41168,-34.0668],[-56.41494,-34.06245],[-56.4164,-34.05446],[-56.41556,-34.05057],[-56.4134,-34.0495],[-56.41459,-34.04635],[-56.41273,-34.041],[-56.41527,-34.0397],[-56.41479,-34.03698],[-56.41756,-34.03347],[-56.41881,-34.02711],[-56.4166,-34.02548],[-56.42102,-34.01864],[-56.41831,-34.01139],[-56.42246,-34.00663],[-56.42259,-33.99544],[-56.41916,-33.98812],[-56.42286,-33.97928],[-56.41924,-33.97243],[-56.42116,-33.9705],[-56.42102,-33.96476],[-56.42185,-33.96348],[-56.43257,-33.96576],[-56.44409,-33.96468],[-56.44615,-33.95728],[-56.45469,-33.95548],[-56.45782,-33.94808],[-56.45846,-33.94119],[-56.45352,-33.93632],[-56.45035,-33.9358],[-56.44599,-33.92846],[-56.44918,-33.9204],[-56.44861,-33.90957],[-56.45418,-33.9025],[-56.45942,-33.90071],[-56.49075,-33.87723],[-56.50052,-33.87588],[-56.51402,-33.86372],[-56.5305,-33.86856],[-56.54886,-33.861],[-56.55419,-33.86229],[-56.56916,-33.85395],[-56.58277,-33.84912],[-56.59207,-33.84212],[-56.59507,-33.83806],[-56.59397,-33.83215],[-56.61267,-33.84185],[-56.61628,-33.8453],[-56.61615,-33.84727],[-56.62401,-33.85454],[-56.62476,-33.8575],[-56.62971,-33.86086],[-56.62875,-33.86438],[-56.63355,-33.86614],[-56.63792,-33.87519],[-56.64894,-33.87746],[-56.6543,-33.88406],[-56.6569,-33.89104],[-56.6628,-33.89111],[-56.67252,-33.89694],[-56.67469,-33.90005],[-56.67983,-33.90052],[-56.68419,-33.90406],[-56.69056,-33.90468],[-56.69329,-33.90629],[-56.69604,-33.90535],[-56.70027,-33.90632],[-56.70956,-33.91067],[-56.72005,-33.91108],[-56.72588,-33.91551],[-56.73151,-33.91501],[-56.73525,-33.91261],[-56.7401,-33.91587],[-56.74372,-33.91614],[-56.74702,-33.9203],[-56.75079,-33.92091],[-56.75166,-33.92515],[-56.75523,-33.92632],[-56.76058,-33.93165],[-56.76428,-33.93136],[-56.76738,-33.92824],[-56.77154,-33.92798],[-56.77375,-33.92911],[-56.77396,-33.93179],[-56.7767,-33.9347],[-56.7834,-33.9391],[-56.79194,-33.93915],[-56.7956,-33.9408],[-56.79757,-33.9445],[-56.79656,-33.95226],[-56.8055,-33.95233],[-56.81408,-33.9577],[-56.81467,-33.95963],[-56.81015,-33.96465],[-56.81042,-33.96741],[-56.81467,-33.9705],[-56.82507,-33.97091],[-56.82753,-33.98267],[-56.82971,-33.98421],[-56.83668,-33.98345],[-56.83984,-33.98479],[-57.08436,-33.96778],[-57.08806,-33.97724],[-57.09418,-33.98289],[-57.09743,-33.98305],[-57.1025,-33.97992],[-57.10727,-34.00153],[-57.10495,-34.00444],[-57.09981,-34.00652],[-57.09559,-34.01199],[-57.08753,-34.01625],[-57.08642,-34.0244],[-57.08768,-34.03004],[-57.08615,-34.03331],[-57.08264,-34.03561],[-57.07386,-34.03617],[-57.06626,-34.04027],[-57.05255,-34.04406],[-57.04989,-34.04848],[-57.04534,-34.05103],[-57.04089,-34.05607],[-57.0377,-34.06235],[-57.02868,-34.06737],[-57.0224,-34.07617],[-57.01446,-34.08247],[-57.01151,-34.09548],[-57.00781,-34.10078],[-57.00676,-34.10671],[-57.00387,-34.10884],[-56.99638,-34.10994],[-56.98968,-34.11294],[-56.98784,-34.11652],[-56.99061,-34.12151],[-56.98232,-34.12749],[-56.98978,-34.13374],[-56.9903,-34.1441],[-56.99476,-34.15025],[-57.00657,-34.15156],[-57.01113,-34.15367],[-57.02112,-34.16972],[-57.03537,-34.17399],[-57.04154,-34.17421],[-57.0502,-34.1929],[-57.05222,-34.19145],[-57.05642,-34.19421],[-57.06447,-34.19384],[-57.06863,-34.19881],[-57.07171,-34.20007],[-57.07609,-34.19773],[-57.08029,-34.19836],[-57.08167,-34.20017],[-57.0877,-34.20034],[-57.08914,-34.2023],[-57.0948,-34.20257],[-57.09523,-34.20551],[-57.10363,-34.21194],[-57.1017,-34.21616],[-57.1044,-34.21695],[-57.10453,-34.21982],[-57.10712,-34.21915],[-57.10829,-34.22156],[-57.1048,-34.22369],[-57.10274,-34.22886],[-57.10395,-34.23219],[-57.11398,-34.24136],[-57.11771,-34.24684],[-57.11455,-34.25545],[-57.11786,-34.26306],[-57.11738,-34.26814],[-57.11582,-34.26929],[-57.11791,-34.27097],[-57.11678,-34.2748],[-57.11815,-34.27675],[-57.11541,-34.27947],[-57.11512,-34.28558],[-57.11266,-34.28677],[-57.11337,-34.2891],[-57.11053,-34.29524],[-57.10527,-34.29701],[-57.10381,-34.30168],[-57.09938,-34.30212],[-57.0968,-34.30081],[-57.09613,-34.30337],[-57.09096,-34.30346],[-57.09212,-34.30619],[-57.08936,-34.30738],[-57.08889,-34.31255],[-57.10233,-34.31684],[-57.10323,-34.31806],[-57.10119,-34.3195],[-57.10328,-34.32109],[-57.10218,-34.32686],[-57.10019,-34.3274],[-57.09759,-34.33229],[-57.09603,-34.33232],[-57.09455,-34.33622],[-57.0921,-34.3367],[-57.09147,-34.33953],[-57.09422,-34.34103],[-57.09492,-34.34457],[-57.09776,-34.34532],[-57.10222,-34.34419],[-57.10444,-34.34846],[-57.11084,-34.3484],[-57.10874,-34.35799],[-57.11053,-34.36215],[-57.10658,-34.36711],[-57.10813,-34.37023],[-57.1071,-34.3807],[-57.11398,-34.39826],[-57.11267,-34.40915],[-57.12037,-34.41114],[-57.12547,-34.41041],[-57.12498,-34.41671],[-57.12154,-34.41825],[-57.12062,-34.42175],[-57.12728,-34.42429],[-57.12794,-34.42869],[-57.13379,-34.42869],[-57.13442,-34.43227],[-57.1368,-34.43383],[-57.14414,-34.43371],[-57.14436,-34.4367],[-57.14197,-34.43732],[-57.14447,-34.43966],[-57.14954,-34.43894],[-57.15213,-34.44674],[-57.15261,-34.44885],[-57.14276,-34.44798],[-57.13396,-34.44988],[-57.11036,-34.46312],[-57.1078,-34.46175],[-57.10987,-34.4642],[-57.09633,-34.47334],[-57.08352,-34.48737],[-57.07983,-34.4959],[-57.07003,-34.50742],[-57.06441,-34.52153],[-57.05957,-34.52685],[-57.04697,-34.53482],[-57.01378,-34.55005],[-57.00415,-34.55647],[-57.00291,-34.55673],[-57.00104,-34.55454],[-56.99918,-34.55468],[-56.99856,-34.55544],[-57.00073,-34.55506],[-57.00336,-34.55789],[-56.98376,-34.57022],[-56.95636,-34.59443],[-56.95485,-34.59757],[-56.92933,-34.6137],[-56.90916,-34.62877],[-56.90511,-34.63661],[-56.90122,-34.64022],[-56.89861,-34.65127],[-56.89498,-34.65563],[-56.88471,-34.66025],[-56.84028,-34.67375],[-56.82746,-34.68005],[-56.82084,-34.68834],[-56.7888,-34.69396],[-56.73186,-34.70088],[-56.69831,-34.70848],[-56.68803,-34.709],[-56.67161,-34.71252],[-56.64387,-34.72013],[-56.62391,-34.72758],[-56.61109,-34.73446],[-56.58227,-34.74643],[-56.55934,-34.75943],[-56.55386,-34.75959],[-56.52908,-34.7532],[-56.50321,-34.75025],[-56.47994,-34.75049],[-56.4623,-34.75245],[-56.45588,-34.75154],[-56.43899,-34.75677],[-56.41146,-34.77094],[-56.408,-34.77144],[-56.40586,-34.77014],[-56.40429,-34.77219],[-56.40398,-34.77116],[-56.39999,-34.77199],[-56.38796,-34.77661],[-56.38745,-34.77545],[-56.38308,-34.7762],[-56.37805,-34.78259],[-56.37555,-34.78335],[-56.36179,-34.78126],[-56.35643,-34.78188],[-56.35593,-34.78408],[-56.34913,-34.78269],[-56.34391,-34.77709],[-56.3435,-34.7711],[-56.34753,-34.75876],[-56.34302,-34.75515],[-56.34155,-34.75154],[-56.34979,-34.73067],[-56.35437,-34.72662],[-56.36321,-34.71412],[-56.3784,-34.70505],[-56.40214,-34.69986],[-56.41943,-34.70163],[-56.42179,-34.69997],[-56.42428,-34.69355],[-56.42877,-34.69127],[-56.44608,-34.68995],[-56.45104,-34.68795],[-56.45456,-34.68347],[-56.45479,-34.67398],[-56.45658,-34.67225],[-56.46591,-34.66962],[-56.47206,-34.66308],[-56.47824,-34.6529],[-56.48564,-34.64829],[-56.48804,-34.64386],[-56.4813,-34.63085],[-56.47698,-34.61158],[-56.4785,-34.60373],[-56.48843,-34.59987],[-56.49276,-34.59534],[-56.49396,-34.59023],[-56.49214,-34.5789],[-56.48127,-34.57203],[-56.47646,-34.57182],[-56.47386,-34.56192],[-56.46987,-34.5576],[-56.45765,-34.55808],[-56.45028,-34.55434],[-56.44937,-34.54167],[-56.44489,-34.53339],[-56.43775,-34.53079],[-56.4294,-34.53112],[-56.42778,-34.5328],[-56.42865,-34.53926],[-56.4241,-34.54188],[-56.42051,-34.53819],[-56.41288,-34.53754],[-56.41171,-34.53522],[-56.41647,-34.52929],[-56.41604,-34.52717],[-56.411,-34.52649],[-56.40865,-34.53165],[-56.40422,-34.53038],[-56.4024,-34.52741],[-56.40478,-34.52241],[-56.40154,-34.51454],[-56.396,-34.51413],[-56.39514,-34.51205],[-56.39162,-34.51038],[-56.39279,-34.50587],[-56.39918,-34.50596],[-56.41013,-34.49568],[-56.40583,-34.48606],[-56.40727,-34.48467],[-56.41417,-34.48407],[-56.41766,-34.48118],[-56.41953,-34.46594],[-56.41715,-34.46255],[-56.41685,-34.45688],[-56.41434,-34.45555],[-56.40856,-34.45563],[-56.40103,-34.44799],[-56.40181,-34.4423],[-56.39165,-34.42643]]]}},{"type":"Feature","properties":{"shapeName":"Treinta y Tres","shapeISO":"UY-TT","shapeID":"27058087B85503990233673","shapeGroup":"URY","shapeType":"ADM1"},"geometry":{"type":"Polygon","coordinates":[[[-54.12906,-33.45853],[-54.1244,-33.45794],[-54.1252,-33.45496],[-54.1214,-33.4545],[-54.12243,-33.4502],[-54.11822,-33.45135],[-54.11761,-33.4488],[-54.11424,-33.44865],[-54.11492,-33.44557],[-54.11228,-33.44413],[-54.10693,-33.44656],[-54.10622,-33.4483],[-54.10121,-33.44866],[-54.10144,-33.4518],[-54.0963,-33.44828],[-54.09265,-33.44802],[-54.0926,-33.44584],[-54.08745,-33.44378],[-54.08529,-33.44667],[-54.0802,-33.44575],[-54.08003,-33.4484],[-54.07629,-33.44985],[-54.075,-33.44909],[-54.07675,-33.44648],[-54.07488,-33.44564],[-54.06869,-33.44619],[-54.06759,-33.44722],[-54.0695,-33.44874],[-54.06435,-33.4488],[-54.05516,-33.44455],[-54.05117,-33.44537],[-54.0483,-33.44065],[-54.05197,-33.44006],[-54.05285,-33.43861],[-54.0498,-33.43538],[-54.05079,-33.43307],[-54.0457,-33.43516],[-54.04544,-33.4264],[-54.04324,-33.42462],[-54.04421,-33.42208],[-54.04095,-33.4174],[-54.03435,-33.41844],[-54.03172,-33.41345],[-54.02049,-33.40885],[-54.01783,-33.41444],[-54.0137,-33.41406],[-54.01162,-33.41077],[-54.00451,-33.41196],[-54.0033,-33.41052],[-54.00426,-33.40804],[-53.99918,-33.40422],[-53.99369,-33.39519],[-53.98957,-33.39978],[-53.98614,-33.39748],[-53.98537,-33.38611],[-53.9882,-33.38372],[-53.98614,-33.37871],[-53.987,-33.37211],[-53.99077,-33.36839],[-53.9906,-33.36681],[-53.98408,-33.36079],[-53.97944,-33.36079],[-53.9791,-33.36366],[-53.97593,-33.36174],[-53.97267,-33.35658],[-53.97498,-33.35419],[-53.97395,-33.34903],[-53.96966,-33.3496],[-53.96468,-33.34645],[-53.96588,-33.34372],[-53.97086,-33.34286],[-53.96949,-33.34],[-53.96554,-33.33885],[-53.96022,-33.34057],[-53.95356,-33.33985],[-53.95403,-33.33474],[-53.95003,-33.33311],[-53.94482,-33.33352],[-53.9371,-33.33933],[-53.93108,-33.33921],[-53.92596,-33.34081],[-53.92382,-33.33891],[-53.92449,-33.33629],[-53.91486,-33.3356],[-53.9131,-33.33207],[-53.90525,-33.32874],[-53.90468,-33.32485],[-53.90136,-33.3243],[-53.89898,-33.32127],[-53.89645,-33.32446],[-53.894,-33.32228],[-53.89007,-33.3216],[-53.89016,-33.3195],[-53.89293,-33.31826],[-53.8914,-33.31525],[-53.89281,-33.31338],[-53.88776,-33.30288],[-53.88006,-33.30104],[-53.87656,-33.29524],[-53.86538,-33.29106],[-53.86667,-33.28068],[-53.85858,-33.27777],[-53.85597,-33.26596],[-53.85226,-33.25894],[-53.8486,-33.25759],[-53.84584,-33.25828],[-53.84524,-33.26693],[-53.84258,-33.26928],[-53.84253,-33.2736],[-53.83936,-33.27558],[-53.83657,-33.2749],[-53.83527,-33.27238],[-53.8353,-33.26359],[-53.83069,-33.26],[-53.81772,-33.2624],[-53.81614,-33.26065],[-53.81635,-33.25688],[-53.81018,-33.25383],[-53.80678,-33.25466],[-53.80451,-33.25968],[-53.80232,-33.25922],[-53.80219,-33.25462],[-53.80554,-33.24795],[-53.80129,-33.24073],[-53.80927,-33.23887],[-53.81099,-33.23345],[-53.80683,-33.22914],[-53.79777,-33.22853],[-53.79468,-33.22583],[-53.79425,-33.21754],[-53.80069,-33.21079],[-53.79887,-33.20427],[-53.78017,-33.19872],[-53.7709,-33.2008],[-53.76901,-33.19609],[-53.76189,-33.19178],[-53.74839,-33.19201],[-53.74678,-33.19024],[-53.74721,-33.18148],[-53.74588,-33.18],[-53.74112,-33.18151],[-53.73884,-33.18999],[-53.73292,-33.19142],[-53.72824,-33.19092],[-53.72498,-33.18808],[-53.72562,-33.18352],[-53.7276,-33.18079],[-53.73444,-33.17791],[-53.73386,-33.17533],[-53.71949,-33.17742],[-53.70948,-33.18262],[-53.70843,-33.17811],[-53.70485,-33.17717],[-53.70674,-33.17344],[-53.7057,-33.17191],[-53.70072,-33.17256],[-53.68966,-33.16819],[-53.67845,-33.16839],[-53.67009,-33.16316],[-53.65584,-33.15913],[-53.63439,-33.1554],[-53.62603,-33.15083],[-53.62789,-33.14841],[-53.62565,-33.14486],[-53.62516,-33.1387],[-53.62725,-33.13946],[-53.62563,-33.14114],[-53.62708,-33.14382],[-53.62976,-33.14374],[-53.62901,-33.14681],[-53.6316,-33.14961],[-53.634,-33.14997],[-53.63412,-33.14699],[-53.63974,-33.14097],[-53.64364,-33.13355],[-53.64457,-33.1239],[-53.64327,-33.1211],[-53.64242,-33.12343],[-53.63796,-33.11736],[-53.62604,-33.10656],[-53.60743,-33.09667],[-53.60163,-33.09165],[-53.60173,-33.08986],[-53.6045,-33.09057],[-53.60417,-33.08954],[-53.60721,-33.08922],[-53.60893,-33.08559],[-53.61164,-33.08412],[-53.61301,-33.07907],[-53.61553,-33.07645],[-53.61715,-33.06409],[-53.62151,-33.06032],[-53.61921,-33.06091],[-53.61532,-33.05169],[-53.61002,-33.04803],[-53.60411,-33.04612],[-53.59711,-33.04678],[-53.59296,-33.05072],[-53.59096,-33.05564],[-53.58969,-33.05387],[-53.58545,-33.05499],[-53.57738,-33.06081],[-53.5752,-33.06471],[-53.57554,-33.07112],[-53.57304,-33.07426],[-53.57492,-33.07601],[-53.5762,-33.0837],[-53.57821,-33.08418],[-53.58061,-33.08798],[-53.59202,-33.09185],[-53.58004,-33.08928],[-53.57046,-33.08536],[-53.56909,-33.08025],[-53.57055,-33.08475],[-53.57291,-33.08557],[-53.57061,-33.07996],[-53.56877,-33.07949],[-53.57204,-33.07145],[-53.57353,-33.04932],[-53.57229,-33.04318],[-53.56795,-33.04096],[-53.56765,-33.03476],[-53.56538,-33.0351],[-53.55995,-33.02802],[-53.53798,-33.01716],[-53.52519,-33.00714],[-53.52559,-32.99454],[-53.52347,-32.9897],[-53.50698,-32.97988],[-53.50466,-32.96078],[-53.49746,-32.94859],[-53.49899,-32.94711],[-53.49307,-32.94945],[-53.48014,-32.94495],[-53.43701,-32.93951],[-53.41169,-32.93833],[-53.37577,-32.94004],[-53.34953,-32.93901],[-53.34154,-32.93658],[-53.33698,-32.93679],[-53.33265,-32.93456],[-53.33261,-32.93302],[-53.33841,-32.93342],[-53.33656,-32.93269],[-53.33483,-32.93024],[-53.33049,-32.93333],[-53.33045,-32.93177],[-53.33345,-32.93005],[-53.33482,-32.92989],[-53.33622,-32.93102],[-53.34196,-32.92937],[-53.34575,-32.93431],[-53.34549,-32.93612],[-53.3507,-32.93718],[-53.34593,-32.92969],[-53.34713,-32.92889],[-53.35384,-32.92889],[-53.35757,-32.93165],[-53.36026,-32.93019],[-53.37067,-32.93153],[-53.37216,-32.92482],[-53.36946,-32.9205],[-53.35808,-32.91661],[-53.34752,-32.90884],[-53.34439,-32.90581],[-53.34633,-32.90252],[-53.34371,-32.903],[-53.34301,-32.89967],[-53.34115,-32.89855],[-53.33994,-32.8987],[-53.3403,-32.90075],[-53.33544,-32.90136],[-53.33297,-32.90037],[-53.32699,-32.89303],[-53.32306,-32.89388],[-53.32282,-32.89671],[-53.3205,-32.89521],[-53.32086,-32.8916],[-53.32942,-32.89247],[-53.3325,-32.89409],[-53.33674,-32.89311],[-53.34266,-32.88657],[-53.34759,-32.88866],[-53.35367,-32.88803],[-53.35472,-32.88737],[-53.35327,-32.88457],[-53.35048,-32.88257],[-53.34342,-32.88077],[-53.33187,-32.88164],[-53.31237,-32.86941],[-53.30745,-32.86769],[-53.30481,-32.8716],[-53.30551,-32.87518],[-53.31165,-32.88039],[-53.31026,-32.88135],[-53.309,-32.87912],[-53.30265,-32.87652],[-53.30279,-32.86983],[-53.3055,-32.86284],[-53.3048,-32.85926],[-53.2961,-32.85274],[-53.29478,-32.83683],[-53.29292,-32.83558],[-53.29301,-32.83301],[-53.29784,-32.82571],[-53.30176,-32.82411],[-53.30925,-32.80778],[-53.31166,-32.78923],[-53.30859,-32.77557],[-53.31017,-32.77268],[-53.30901,-32.77026],[-53.32108,-32.76493],[-53.33216,-32.76486],[-53.33791,-32.75937],[-53.34314,-32.75887],[-53.3531,-32.76313],[-53.35353,-32.76904],[-53.36391,-32.7772],[-53.36572,-32.78492],[-53.37061,-32.78745],[-53.37928,-32.78874],[-53.384,-32.78398],[-53.38323,-32.77951],[-53.38554,-32.77576],[-53.39378,-32.77561],[-53.40254,-32.76731],[-53.41481,-32.76017],[-53.42932,-32.75497],[-53.43575,-32.75454],[-53.44168,-32.75158],[-53.44831,-32.75283],[-53.45069,-32.75078],[-53.45472,-32.75035],[-53.46137,-32.75321],[-53.46961,-32.75277],[-53.47018,-32.75563],[-53.46487,-32.75883],[-53.46858,-32.76352],[-53.47296,-32.76511],[-53.4777,-32.76286],[-53.48446,-32.74883],[-53.49751,-32.74616],[-53.50031,-32.74879],[-53.49861,-32.7524],[-53.50678,-32.75674],[-53.50427,-32.76057],[-53.50943,-32.76145],[-53.5117,-32.76035],[-53.51063,-32.75848],[-53.51587,-32.75805],[-53.51534,-32.75538],[-53.51925,-32.75229],[-53.52288,-32.75295],[-53.52716,-32.75123],[-53.52918,-32.75275],[-53.52768,-32.75521],[-53.53544,-32.75741],[-53.53899,-32.76047],[-53.53675,-32.76194],[-53.54216,-32.7616],[-53.5433,-32.76369],[-53.54658,-32.76226],[-53.54676,-32.76073],[-53.54424,-32.7592],[-53.54624,-32.75585],[-53.55625,-32.7574],[-53.56022,-32.75315],[-53.56536,-32.75163],[-53.56499,-32.7542],[-53.57123,-32.7613],[-53.5887,-32.76204],[-53.59231,-32.76464],[-53.59681,-32.76476],[-53.59524,-32.76784],[-53.598,-32.77042],[-53.60196,-32.77098],[-53.60555,-32.76996],[-53.6077,-32.76655],[-53.60531,-32.76288],[-53.60968,-32.76303],[-53.61314,-32.75897],[-53.62148,-32.75874],[-53.62075,-32.76168],[-53.62255,-32.76101],[-53.62822,-32.76585],[-53.63701,-32.76154],[-53.63866,-32.75767],[-53.64297,-32.75657],[-53.64568,-32.75883],[-53.64783,-32.75489],[-53.65113,-32.7531],[-53.65272,-32.75563],[-53.65842,-32.75415],[-53.65576,-32.75271],[-53.65576,-32.75112],[-53.65979,-32.75104],[-53.66612,-32.75389],[-53.67349,-32.75257],[-53.67246,-32.74949],[-53.67444,-32.74822],[-53.68338,-32.74938],[-53.68531,-32.7539],[-53.68836,-32.75544],[-53.69113,-32.75475],[-53.70314,-32.7617],[-53.70731,-32.75642],[-53.7122,-32.75403],[-53.71363,-32.75624],[-53.71128,-32.75927],[-53.71392,-32.76198],[-53.72383,-32.76685],[-53.727,-32.76675],[-53.72986,-32.7694],[-53.74455,-32.76986],[-53.74645,-32.77306],[-53.75131,-32.77126],[-53.75849,-32.77106],[-53.76071,-32.76824],[-53.7656,-32.76697],[-53.7745,-32.76885],[-53.78102,-32.77252],[-53.7882,-32.77042],[-53.78943,-32.77524],[-53.79254,-32.77654],[-53.80022,-32.77602],[-53.80211,-32.77472],[-53.80349,-32.76855],[-53.81106,-32.76906],[-53.81307,-32.77112],[-53.81614,-32.76721],[-53.82062,-32.76691],[-53.82784,-32.7701],[-53.82677,-32.77247],[-53.83063,-32.77342],[-53.83201,-32.77648],[-53.83868,-32.7782],[-53.84236,-32.77612],[-53.84206,-32.77316],[-53.84512,-32.76831],[-53.84935,-32.76777],[-53.84702,-32.77086],[-53.85123,-32.77176],[-53.85351,-32.77083],[-53.85764,-32.76491],[-53.87095,-32.76321],[-53.87511,-32.76058],[-53.8813,-32.75151],[-53.88714,-32.75032],[-53.88891,-32.74839],[-53.88785,-32.74391],[-53.88538,-32.74188],[-53.88585,-32.74001],[-53.88951,-32.73892],[-53.89304,-32.73534],[-53.90294,-32.73501],[-53.90472,-32.72802],[-53.90879,-32.72695],[-53.91034,-32.72389],[-53.91833,-32.72468],[-53.92127,-32.72211],[-53.94198,-32.71289],[-53.94197,-32.71028],[-53.93823,-32.70802],[-53.93933,-32.70604],[-53.94289,-32.70682],[-53.94946,-32.70585],[-53.9514,-32.70423],[-53.96535,-32.70256],[-53.96656,-32.7043],[-53.96926,-32.70323],[-53.96759,-32.70192],[-53.96829,-32.70059],[-53.97771,-32.69834],[-53.99004,-32.7141],[-53.99746,-32.71596],[-54.00913,-32.71221],[-54.01923,-32.71772],[-54.02682,-32.71953],[-54.0365,-32.72989],[-54.04394,-32.75578],[-54.05243,-32.75769],[-54.05395,-32.76229],[-54.05076,-32.76507],[-54.05423,-32.76955],[-54.05323,-32.77653],[-54.04683,-32.77788],[-54.0445,-32.77987],[-54.04798,-32.78225],[-54.04655,-32.78547],[-54.04791,-32.79378],[-54.04106,-32.79522],[-54.04275,-32.80152],[-54.03033,-32.80805],[-54.03383,-32.81476],[-54.03813,-32.81242],[-54.04817,-32.81082],[-54.05985,-32.80367],[-54.06897,-32.8058],[-54.07365,-32.79441],[-54.07554,-32.79384],[-54.08276,-32.79655],[-54.0855,-32.79009],[-54.08927,-32.78893],[-54.10112,-32.79009],[-54.10481,-32.78565],[-54.11589,-32.78258],[-54.12761,-32.78247],[-54.13071,-32.77684],[-54.12434,-32.77555],[-54.12199,-32.77236],[-54.12347,-32.76986],[-54.12953,-32.77206],[-54.13253,-32.77161],[-54.13355,-32.76997],[-54.12858,-32.76237],[-54.12961,-32.76151],[-54.13217,-32.7615],[-54.14182,-32.77557],[-54.14463,-32.77441],[-54.14344,-32.76945],[-54.15083,-32.76894],[-54.15176,-32.7732],[-54.15443,-32.77395],[-54.15938,-32.77159],[-54.15511,-32.76129],[-54.15846,-32.75313],[-54.16154,-32.7574],[-54.16656,-32.75951],[-54.17133,-32.75804],[-54.16978,-32.75227],[-54.17097,-32.75187],[-54.182,-32.75119],[-54.19841,-32.75672],[-54.20248,-32.75517],[-54.20085,-32.74895],[-54.20412,-32.74548],[-54.21061,-32.74407],[-54.2148,-32.74809],[-54.21802,-32.7475],[-54.22356,-32.73918],[-54.22746,-32.74043],[-54.22969,-32.73797],[-54.22918,-32.73581],[-54.23055,-32.73465],[-54.23484,-32.73538],[-54.235,-32.73173],[-54.23663,-32.73086],[-54.24,-32.73077],[-54.24735,-32.73664],[-54.25345,-32.73191],[-54.25924,-32.73386],[-54.26495,-32.73249],[-54.27049,-32.733],[-54.27595,-32.73602],[-54.28109,-32.73433],[-54.28645,-32.73668],[-54.28689,-32.73082],[-54.29523,-32.72505],[-54.29565,-32.72133],[-54.30048,-32.72588],[-54.30355,-32.7256],[-54.30543,-32.7219],[-54.31054,-32.72277],[-54.31469,-32.71625],[-54.31466,-32.71353],[-54.31827,-32.71396],[-54.32258,-32.71091],[-54.32565,-32.71252],[-54.33031,-32.71914],[-54.33148,-32.71699],[-54.33494,-32.71654],[-54.33354,-32.71353],[-54.34058,-32.71165],[-54.33958,-32.71596],[-54.34161,-32.71699],[-54.3459,-32.71786],[-54.35039,-32.71654],[-54.35554,-32.71813],[-54.3588,-32.71639],[-54.3655,-32.71683],[-54.37511,-32.72029],[-54.3792,-32.72349],[-54.38181,-32.73141],[-54.38455,-32.73473],[-54.38318,-32.74686],[-54.38507,-32.75336],[-54.38421,-32.75928],[-54.38987,-32.76664],[-54.39202,-32.76764],[-54.40478,-32.74977],[-54.42455,-32.75264],[-54.43657,-32.76144],[-54.43725,-32.76318],[-54.43502,-32.76678],[-54.4376,-32.77285],[-54.43794,-32.77876],[-54.44944,-32.78165],[-54.45371,-32.78124],[-54.48231,-32.79413],[-54.48738,-32.78786],[-54.5052,-32.78085],[-54.50858,-32.78133],[-54.50881,-32.78916],[-54.51519,-32.7968],[-54.52821,-32.80029],[-54.5272,-32.80416],[-54.53104,-32.81056],[-54.55224,-32.79475],[-54.57709,-32.80087],[-54.57853,-32.8082],[-54.58059,-32.80936],[-54.58248,-32.81556],[-54.59128,-32.81846],[-54.59946,-32.82671],[-54.6094,-32.82827],[-54.61785,-32.83262],[-54.62417,-32.84691],[-54.63774,-32.83263],[-54.64165,-32.83181],[-54.63951,-32.82542],[-54.64142,-32.82348],[-54.65213,-32.82229],[-54.66683,-32.81151],[-54.67412,-32.80087],[-54.67792,-32.79796],[-54.68934,-32.79429],[-54.71212,-32.80565],[-54.72376,-32.81458],[-54.72878,-32.82174],[-54.73604,-32.82831],[-54.73969,-32.83651],[-54.74483,-32.83967],[-54.75328,-32.83907],[-54.7566,-32.83756],[-54.78378,-32.84916],[-54.80361,-32.84689],[-54.82018,-32.85007],[-54.82622,-32.84927],[-54.83591,-32.85089],[-54.84512,-32.84931],[-54.85508,-32.85148],[-54.85954,-32.85691],[-54.85885,-32.86065],[-54.85538,-32.8648],[-54.86253,-32.86829],[-54.87569,-32.88037],[-54.89142,-32.89701],[-54.89493,-32.90317],[-54.90116,-32.90651],[-54.90322,-32.91046],[-54.96153,-32.91086],[-54.97476,-32.91546],[-54.97677,-32.92071],[-54.98271,-32.9245],[-55.00762,-32.9336],[-55.00652,-32.93841],[-55.01232,-32.94159],[-55.01541,-32.94714],[-55.01918,-32.94992],[-55.02433,-32.9646],[-55.03,-32.96964],[-55.03237,-32.97464],[-55.02317,-32.98763],[-55.01486,-32.9942],[-55.01054,-32.99372],[-55.00584,-33.00177],[-55.00756,-33.00958],[-55.01028,-33.01371],[-55.01044,-33.02292],[-55.01561,-33.02999],[-55.01848,-33.03872],[-55.0245,-33.04198],[-55.03182,-33.04203],[-55.0397,-33.04542],[-55.04335,-33.04999],[-55.0404,-33.05142],[-55.03844,-33.05586],[-55.0395,-33.06072],[-55.07861,-33.07607],[-55.08836,-33.07585],[-55.10247,-33.07962],[-55.11576,-33.08759],[-55.12141,-33.09412],[-55.12956,-33.09976],[-55.13116,-33.10394],[-55.13457,-33.10445],[-55.1319,-33.10823],[-55.13676,-33.12709],[-55.132,-33.13196],[-55.12148,-33.13839],[-55.1199,-33.14215],[-55.12737,-33.15798],[-55.1261,-33.173],[-55.13091,-33.18081],[-55.12838,-33.1858],[-55.11921,-33.19087],[-55.11735,-33.19463],[-55.12355,-33.20599],[-55.1319,-33.21251],[-55.13982,-33.23128],[-55.13682,-33.23517],[-55.12827,-33.23755],[-55.12229,-33.24569],[-55.11445,-33.24942],[-55.10941,-33.25419],[-55.09875,-33.26607],[-55.10188,-33.26827],[-55.09821,-33.27372],[-55.10532,-33.28805],[-55.11759,-33.29182],[-55.13107,-33.30897],[-55.14207,-33.31594],[-55.13952,-33.3242],[-55.13213,-33.32833],[-55.13208,-33.33456],[-55.13003,-33.33913],[-55.14192,-33.34476],[-55.14694,-33.35843],[-55.15116,-33.3628],[-55.15869,-33.37751],[-55.15883,-33.39434],[-55.15715,-33.40142],[-55.15056,-33.40776],[-55.14858,-33.41407],[-55.14971,-33.42118],[-55.15321,-33.42263],[-55.15344,-33.42469],[-55.13819,-33.43147],[-55.13307,-33.4357],[-55.12858,-33.44549],[-55.12633,-33.43396],[-55.12478,-33.43184],[-55.1209,-33.43189],[-55.11721,-33.42642],[-55.11128,-33.4271],[-55.10858,-33.43125],[-55.10335,-33.43034],[-55.10158,-33.43192],[-55.09931,-33.43166],[-55.09622,-33.4282],[-55.09675,-33.42578],[-55.09326,-33.4184],[-55.09914,-33.41471],[-55.10109,-33.41092],[-55.10499,-33.4099],[-55.10071,-33.40531],[-55.09966,-33.40008],[-55.10178,-33.39333],[-55.10604,-33.39204],[-55.10606,-33.38843],[-55.10046,-33.38293],[-55.10098,-33.38017],[-55.10431,-33.3792],[-55.10422,-33.37532],[-55.10624,-33.37346],[-55.10473,-33.37066],[-55.09543,-33.37093],[-55.09664,-33.36709],[-55.0963,-33.36304],[-55.09397,-33.36047],[-55.09546,-33.35831],[-55.09499,-33.35382],[-55.0914,-33.35005],[-55.09002,-33.34988],[-55.08549,-33.35693],[-55.08028,-33.35143],[-55.0752,-33.35421],[-55.07291,-33.3538],[-55.0733,-33.35124],[-55.06823,-33.34962],[-55.07031,-33.34564],[-55.06819,-33.3437],[-55.06238,-33.34822],[-55.06026,-33.34625],[-55.05529,-33.34574],[-55.053,-33.34947],[-55.05028,-33.35057],[-55.04511,-33.3491],[-55.04148,-33.35093],[-55.03447,-33.34992],[-55.03143,-33.34323],[-55.03292,-33.33987],[-55.03177,-33.33844],[-55.02888,-33.34106],[-55.02484,-33.34145],[-55.02165,-33.34377],[-55.02133,-33.34783],[-55.01821,-33.34748],[-55.01258,-33.35173],[-55.00979,-33.3522],[-55.00834,-33.34777],[-55.01245,-33.34672],[-55.01274,-33.34534],[-55.00763,-33.34304],[-55.0048,-33.33927],[-55.00155,-33.33934],[-54.9995,-33.34383],[-55.00073,-33.35408],[-54.99958,-33.35736],[-54.99628,-33.35703],[-54.98916,-33.35236],[-54.98578,-33.35596],[-54.98248,-33.35432],[-54.97608,-33.35644],[-54.9576,-33.35473],[-54.95115,-33.36285],[-54.95369,-33.3643],[-54.96018,-33.36252],[-54.9615,-33.36499],[-54.95473,-33.37208],[-54.9489,-33.37297],[-54.94509,-33.37104],[-54.94528,-33.36761],[-54.93809,-33.35903],[-54.93067,-33.36489],[-54.92694,-33.36403],[-54.92332,-33.35745],[-54.92392,-33.3519],[-54.92212,-33.34914],[-54.91689,-33.35038],[-54.91136,-33.34949],[-54.90386,-33.35406],[-54.89679,-33.35257],[-54.89298,-33.34979],[-54.88893,-33.34958],[-54.88599,-33.35069],[-54.88318,-33.35551],[-54.8809,-33.3563],[-54.88082,-33.34812],[-54.87448,-33.34767],[-54.87287,-33.34545],[-54.87469,-33.34205],[-54.87099,-33.33656],[-54.87506,-33.3334],[-54.87212,-33.33234],[-54.86385,-33.33279],[-54.86046,-33.32747],[-54.85834,-33.32714],[-54.84724,-33.3358],[-54.8443,-33.33045],[-54.84123,-33.33208],[-54.83397,-33.32953],[-54.83242,-33.32092],[-54.82836,-33.31943],[-54.82045,-33.32249],[-54.81704,-33.33403],[-54.80458,-33.33729],[-54.80124,-33.33607],[-54.79324,-33.3423],[-54.78779,-33.34262],[-54.71919,-33.40001],[-54.70728,-33.42213],[-54.70419,-33.4207],[-54.69509,-33.42027],[-54.68709,-33.4216],[-54.68428,-33.42457],[-54.68016,-33.42356],[-54.67467,-33.42586],[-54.66351,-33.42428],[-54.66316,-33.42213],[-54.65664,-33.41955],[-54.64033,-33.41812],[-54.63072,-33.41984],[-54.6266,-33.42457],[-54.62179,-33.42356],[-54.61905,-33.42786],[-54.6163,-33.42557],[-54.61184,-33.42758],[-54.60652,-33.42385],[-54.59948,-33.42571],[-54.59347,-33.42428],[-54.58609,-33.42786],[-54.58574,-33.43101],[-54.57991,-33.4343],[-54.58048,-33.43726],[-54.57871,-33.43846],[-54.56772,-33.43831],[-54.55811,-33.43568],[-54.55676,-33.43853],[-54.55275,-33.44065],[-54.53843,-33.43798],[-54.53234,-33.44],[-54.53229,-33.44201],[-54.52978,-33.44307],[-54.52848,-33.44723],[-54.52495,-33.45069],[-54.51846,-33.45256],[-54.51337,-33.44912],[-54.50848,-33.44796],[-54.50778,-33.44613],[-54.50063,-33.44857],[-54.49961,-33.44546],[-54.49508,-33.4438],[-54.48721,-33.44533],[-54.47159,-33.44304],[-54.46351,-33.44343],[-54.46083,-33.44182],[-54.46128,-33.43138],[-54.45294,-33.42967],[-54.4546,-33.42141],[-54.45288,-33.42127],[-54.45168,-33.41855],[-54.44659,-33.41677],[-54.44601,-33.4131],[-54.44172,-33.41396],[-54.44103,-33.41239],[-54.44292,-33.40981],[-54.4388,-33.40881],[-54.44189,-33.40651],[-54.44024,-33.40646],[-54.44035,-33.40393],[-54.43862,-33.40433],[-54.44,-33.40221],[-54.43516,-33.3992],[-54.43713,-33.39838],[-54.43351,-33.39315],[-54.43486,-33.39212],[-54.4345,-33.38652],[-54.42964,-33.38741],[-54.43183,-33.38557],[-54.43005,-33.38353],[-54.43167,-33.3821],[-54.42658,-33.38445],[-54.42276,-33.383],[-54.42307,-33.38654],[-54.42042,-33.38456],[-54.41697,-33.38822],[-54.41197,-33.38654],[-54.41389,-33.38879],[-54.41243,-33.38986],[-54.4058,-33.39023],[-54.40357,-33.39196],[-54.4015,-33.39003],[-54.40004,-33.3929],[-54.39506,-33.39198],[-54.39375,-33.39369],[-54.39061,-33.39229],[-54.38346,-33.39642],[-54.37976,-33.39335],[-54.38106,-33.3918],[-54.37944,-33.3846],[-54.37424,-33.38324],[-54.37569,-33.37869],[-54.37427,-33.37448],[-54.36494,-33.37523],[-54.36193,-33.37322],[-54.36391,-33.37102],[-54.37005,-33.37001],[-54.36974,-33.3683],[-54.36391,-33.36589],[-54.36263,-33.3639],[-54.35482,-33.36147],[-54.34995,-33.36209],[-54.34177,-33.35921],[-54.33443,-33.36057],[-54.33073,-33.3641],[-54.32662,-33.36301],[-54.32377,-33.36407],[-54.32314,-33.35934],[-54.32595,-33.35722],[-54.32136,-33.35657],[-54.32353,-33.35104],[-54.31276,-33.35564],[-54.30583,-33.36317],[-54.29988,-33.36383],[-54.29808,-33.36616],[-54.29447,-33.36736],[-54.29373,-33.36991],[-54.29067,-33.37084],[-54.29255,-33.37281],[-54.29078,-33.37442],[-54.28366,-33.37471],[-54.27926,-33.37777],[-54.27999,-33.37998],[-54.28353,-33.38103],[-54.28217,-33.38381],[-54.27975,-33.38442],[-54.27757,-33.38261],[-54.26838,-33.38482],[-54.26804,-33.38716],[-54.26306,-33.38974],[-54.26338,-33.39187],[-54.25886,-33.39712],[-54.26005,-33.40056],[-54.25787,-33.40234],[-54.25859,-33.40433],[-54.25584,-33.40333],[-54.25467,-33.40754],[-54.25145,-33.40647],[-54.24619,-33.4085],[-54.24379,-33.41292],[-54.24418,-33.41585],[-54.23489,-33.41797],[-54.2318,-33.42591],[-54.22957,-33.42567],[-54.2269,-33.42809],[-54.22686,-33.43029],[-54.22073,-33.43029],[-54.21952,-33.43433],[-54.21309,-33.43538],[-54.20621,-33.44552],[-54.20094,-33.447],[-54.20088,-33.44852],[-54.19753,-33.446],[-54.19161,-33.44927],[-54.18438,-33.44752],[-54.18086,-33.45002],[-54.16577,-33.45275],[-54.15805,-33.45593],[-54.15305,-33.46018],[-54.14273,-33.4588],[-54.13704,-33.45567],[-54.13474,-33.45905],[-54.12906,-33.45853]]]}},{"type":"Feature","properties":{"shapeName":"Flores","shapeISO":"UY-FS","shapeID":"27058087B64628270573025","shapeGroup":"URY","shapeType":"ADM1"},"geometry":{"type":"Polygon","coordinates":[[[-56.53636,-33.49269],[-56.54234,-33.49331],[-56.55401,-33.48973],[-56.56481,-33.47656],[-56.56306,-33.46653],[-56.56515,-33.46381],[-56.56649,-33.45643],[-56.5715,-33.45448],[-56.57404,-33.44877],[-56.57382,-33.44409],[-56.57699,-33.44251],[-56.575,-33.43539],[-56.57012,-33.42789],[-56.57476,-33.42361],[-56.57404,-33.41725],[-56.57954,-33.41004],[-56.58087,-33.40249],[-56.5961,-33.39884],[-56.60243,-33.39977],[-56.60732,-33.39675],[-56.61197,-33.3981],[-56.62357,-33.39305],[-56.63085,-33.3787],[-56.62949,-33.37061],[-56.63131,-33.36877],[-56.63215,-33.35731],[-56.62624,-33.35633],[-56.62606,-33.355],[-56.62715,-33.35373],[-56.64424,-33.35083],[-56.65263,-33.34257],[-56.65385,-33.33832],[-56.652,-33.33239],[-56.65239,-33.3201],[-56.66207,-33.31864],[-56.66962,-33.32096],[-56.6729,-33.31994],[-56.67761,-33.31568],[-56.67648,-33.3045],[-56.6713,-33.30051],[-56.67424,-33.29438],[-56.67703,-33.29401],[-56.68387,-33.28921],[-56.69415,-33.28979],[-56.6996,-33.28822],[-56.70703,-33.28233],[-56.71024,-33.28159],[-56.71383,-33.27732],[-56.72488,-33.2734],[-56.7267,-33.27066],[-56.7362,-33.26952],[-56.7385,-33.27088],[-56.74108,-33.27416],[-56.74264,-33.28481],[-56.74407,-33.28609],[-56.75637,-33.28001],[-56.76122,-33.27034],[-56.7687,-33.2664],[-56.78806,-33.26476],[-56.79271,-33.26858],[-56.79077,-33.27645],[-56.79386,-33.28056],[-56.79784,-33.28137],[-56.80288,-33.27879],[-56.80421,-33.27124],[-56.8097,-33.26481],[-56.81253,-33.26355],[-56.82668,-33.2691],[-56.84155,-33.26458],[-56.86013,-33.26148],[-56.85756,-33.25186],[-56.84826,-33.24627],[-56.84774,-33.23965],[-56.85199,-33.23158],[-56.86141,-33.23147],[-56.86428,-33.22977],[-56.86322,-33.22034],[-56.87058,-33.21454],[-56.87115,-33.20033],[-56.87526,-33.19417],[-56.88,-33.19133],[-56.89698,-33.19642],[-56.90907,-33.19792],[-56.91043,-33.19328],[-56.90951,-33.18232],[-56.91199,-33.17948],[-56.91815,-33.18096],[-56.9207,-33.18475],[-56.92409,-33.18611],[-56.93039,-33.1841],[-56.9374,-33.17895],[-56.94787,-33.17824],[-56.96709,-33.17924],[-56.97997,-33.18384],[-56.98958,-33.18442],[-56.99439,-33.18082],[-56.99833,-33.16603],[-57.00675,-33.15927],[-57.01361,-33.16114],[-57.01533,-33.16789],[-57.01327,-33.17436],[-57.0143,-33.17723],[-57.01842,-33.17781],[-57.03816,-33.17795],[-57.04846,-33.17235],[-57.06374,-33.17393],[-57.08176,-33.16919],[-57.08434,-33.16746],[-57.08657,-33.15453],[-57.08863,-33.15237],[-57.09893,-33.15122],[-57.10133,-33.14864],[-57.10305,-33.12794],[-57.10991,-33.12176],[-57.11455,-33.1196],[-57.12788,-33.11902],[-57.1423,-33.12002],[-57.15455,-33.12305],[-57.15781,-33.12593],[-57.16536,-33.14016],[-57.16416,-33.15525],[-57.16605,-33.15884],[-57.17875,-33.16574],[-57.1748,-33.17838],[-57.17618,-33.18758],[-57.17909,-33.18901],[-57.19248,-33.18657],[-57.20604,-33.19174],[-57.21102,-33.20352],[-57.21969,-33.21282],[-57.2125,-33.22376],[-57.21713,-33.22577],[-57.21885,-33.22505],[-57.22469,-33.21816],[-57.23471,-33.21961],[-57.24048,-33.22448],[-57.24065,-33.23754],[-57.24717,-33.23998],[-57.25703,-33.24847],[-57.26785,-33.24982],[-57.27128,-33.25536],[-57.27831,-33.25952],[-57.28013,-33.26152],[-57.28048,-33.26869],[-57.28666,-33.27257],[-57.29479,-33.28292],[-57.30365,-33.28936],[-57.30681,-33.29411],[-57.3076,-33.29926],[-57.30365,-33.30945],[-57.30399,-33.31676],[-57.30794,-33.32723],[-57.32116,-33.33383],[-57.33256,-33.33341],[-57.33918,-33.33799],[-57.34107,-33.3443],[-57.33719,-33.35234],[-57.3397,-33.35649],[-57.36087,-33.37607],[-57.35292,-33.38616],[-57.34674,-33.39061],[-57.32271,-33.40565],[-57.30966,-33.4121],[-57.30743,-33.41611],[-57.29352,-33.42385],[-57.29112,-33.43001],[-57.28854,-33.43202],[-57.29215,-33.44047],[-57.28513,-33.44756],[-57.29181,-33.46339],[-57.2906,-33.47012],[-57.28477,-33.47341],[-57.28065,-33.48086],[-57.27224,-33.48358],[-57.26142,-33.48143],[-57.25456,-33.4873],[-57.25644,-33.50519],[-57.24958,-33.51507],[-57.25198,-33.52537],[-57.24683,-33.52995],[-57.24786,-33.53467],[-57.24254,-33.54469],[-57.22589,-33.5507],[-57.224,-33.56157],[-57.22228,-33.56372],[-57.21473,-33.56443],[-57.20924,-33.56715],[-57.20889,-33.57316],[-57.2022,-33.5906],[-57.19324,-33.5947],[-57.17971,-33.59361],[-57.17216,-33.59132],[-57.16787,-33.59718],[-57.16598,-33.60419],[-57.15934,-33.60961],[-57.17164,-33.62935],[-57.17181,-33.63163],[-57.16632,-33.63449],[-57.16409,-33.63849],[-57.16432,-33.6539],[-57.16712,-33.6571],[-57.17078,-33.65763],[-57.1737,-33.65992],[-57.17439,-33.67121],[-57.17652,-33.67694],[-57.18081,-33.68094],[-57.18812,-33.68349],[-57.19121,-33.68692],[-57.19778,-33.70857],[-57.20215,-33.71434],[-57.20225,-33.72558],[-57.19912,-33.7339],[-57.19761,-33.74937],[-57.1955,-33.7536],[-57.18891,-33.75822],[-57.18796,-33.76674],[-57.1843,-33.77122],[-57.17882,-33.7738],[-57.17784,-33.78542],[-57.16542,-33.78871],[-57.14693,-33.80167],[-57.14179,-33.8107],[-57.12907,-33.82493],[-57.13026,-33.83215],[-57.12114,-33.84057],[-57.12152,-33.85616],[-57.11764,-33.85846],[-57.11705,-33.86571],[-57.11534,-33.86799],[-57.11774,-33.87455],[-57.11208,-33.8811],[-57.11311,-33.88452],[-57.1162,-33.88694],[-57.11843,-33.90034],[-57.11345,-33.90661],[-57.11276,-33.91045],[-57.1071,-33.91544],[-57.10676,-33.91886],[-57.10521,-33.91986],[-57.10281,-33.91886],[-57.09937,-33.93239],[-57.09337,-33.94749],[-57.08925,-33.95347],[-57.09412,-33.95431],[-57.09283,-33.96477],[-57.09746,-33.97011],[-57.09904,-33.9765],[-57.1025,-33.97992],[-57.09743,-33.98305],[-57.09418,-33.98289],[-57.08806,-33.97724],[-57.08436,-33.96778],[-56.83984,-33.98479],[-56.83668,-33.98345],[-56.82971,-33.98421],[-56.82753,-33.98267],[-56.82507,-33.97091],[-56.81467,-33.9705],[-56.81042,-33.96741],[-56.81015,-33.96465],[-56.81467,-33.95963],[-56.81408,-33.9577],[-56.8055,-33.95233],[-56.79656,-33.95226],[-56.79757,-33.9445],[-56.7956,-33.9408],[-56.79194,-33.93915],[-56.7834,-33.9391],[-56.7767,-33.9347],[-56.77396,-33.93179],[-56.77375,-33.92911],[-56.77154,-33.92798],[-56.76738,-33.92824],[-56.76428,-33.93136],[-56.76058,-33.93165],[-56.75523,-33.92632],[-56.75166,-33.92515],[-56.75079,-33.92091],[-56.74702,-33.9203],[-56.74372,-33.91614],[-56.7401,-33.91587],[-56.73525,-33.91261],[-56.73151,-33.91501],[-56.72588,-33.91551],[-56.72005,-33.91108],[-56.70956,-33.91067],[-56.70027,-33.90632],[-56.69604,-33.90535],[-56.69329,-33.90629],[-56.69056,-33.90468],[-56.68419,-33.90406],[-56.67983,-33.90052],[-56.67469,-33.90005],[-56.67252,-33.89694],[-56.6628,-33.89111],[-56.6569,-33.89104],[-56.6543,-33.88406],[-56.64894,-33.87746],[-56.63792,-33.87519],[-56.63355,-33.86614],[-56.62875,-33.86438],[-56.62971,-33.86086],[-56.62476,-33.8575],[-56.62401,-33.85454],[-56.61615,-33.84727],[-56.61628,-33.8453],[-56.61267,-33.84185],[-56.59397,-33.83215],[-56.59507,-33.83806],[-56.59207,-33.84212],[-56.58277,-33.84912],[-56.56916,-33.85395],[-56.55419,-33.86229],[-56.54886,-33.861],[-56.5305,-33.86856],[-56.51402,-33.86372],[-56.50052,-33.87588],[-56.49075,-33.87723],[-56.45942,-33.90071],[-56.45418,-33.9025],[-56.44574,-33.89751],[-56.43778,-33.89765],[-56.4326,-33.89542],[-56.42752,-33.89018],[-56.42885,-33.88429],[-56.42733,-33.88196],[-56.41617,-33.8774],[-56.41445,-33.87782],[-56.41016,-33.8744],[-56.40759,-33.86756],[-56.40553,-33.86656],[-56.4045,-33.85758],[-56.39849,-33.84618],[-56.39866,-33.83948],[-56.39626,-33.83648],[-56.40261,-33.83335],[-56.41033,-33.83363],[-56.41171,-33.83021],[-56.41531,-33.8285],[-56.41411,-33.82593],[-56.42149,-33.8208],[-56.42544,-33.8198],[-56.43042,-33.81409],[-56.42807,-33.79785],[-56.42853,-33.79255],[-56.43093,-33.78856],[-56.42904,-33.78556],[-56.43065,-33.78245],[-56.43031,-33.77717],[-56.42945,-33.76975],[-56.42584,-33.76532],[-56.42663,-33.76313],[-56.42353,-33.7524],[-56.42726,-33.74919],[-56.42757,-33.74686],[-56.43228,-33.74358],[-56.44074,-33.74601],[-56.4434,-33.74933],[-56.44951,-33.75015],[-56.45573,-33.74778],[-56.45778,-33.74494],[-56.46052,-33.7315],[-56.46337,-33.72858],[-56.46293,-33.72431],[-56.46766,-33.71933],[-56.46593,-33.71028],[-56.47555,-33.69647],[-56.48186,-33.67954],[-56.48216,-33.67371],[-56.48017,-33.67038],[-56.48386,-33.65866],[-56.48676,-33.65517],[-56.48707,-33.65111],[-56.49049,-33.64829],[-56.49136,-33.6302],[-56.49462,-33.6232],[-56.49399,-33.6215],[-56.5,-33.61421],[-56.49777,-33.61192],[-56.5,-33.60563],[-56.50543,-33.60147],[-56.50543,-33.59847],[-56.5087,-33.59675],[-56.5099,-33.58831],[-56.51333,-33.58631],[-56.51573,-33.58202],[-56.51202,-33.57574],[-56.51185,-33.56859],[-56.52403,-33.55457],[-56.52483,-33.53639],[-56.52403,-33.53469],[-56.51682,-33.53226],[-56.5135,-33.52594],[-56.51625,-33.50906],[-56.51917,-33.50376],[-56.52518,-33.49818],[-56.53063,-33.49655],[-56.53636,-33.49269]]]}},{"type":"Feature","properties":{"shapeName":"Durazno","shapeISO":"UY-DU","shapeID":"27058087B99783771080652","shapeGroup":"URY","shapeType":"ADM1"},"geometry":{"type":"Polygon","coordinates":[[[-55.13457,-33.10445],[-55.13116,-33.10394],[-55.12956,-33.09976],[-55.12141,-33.09412],[-55.11576,-33.08759],[-55.10247,-33.07962],[-55.08836,-33.07585],[-55.07861,-33.07607],[-55.0395,-33.06072],[-55.03844,-33.05586],[-55.0404,-33.05142],[-55.04335,-33.04999],[-55.0397,-33.04542],[-55.03182,-33.04203],[-55.0245,-33.04198],[-55.01848,-33.03872],[-55.01561,-33.02999],[-55.01044,-33.02292],[-55.01028,-33.01371],[-55.00756,-33.00958],[-55.00584,-33.00177],[-55.01682,-33.00163],[-55.02612,-33.00563],[-55.03052,-33.00483],[-55.03933,-33.00641],[-55.04448,-33.00364],[-55.05092,-33.00683],[-55.05646,-33.00636],[-55.07463,-32.99845],[-55.07738,-33.00032],[-55.07884,-33.00471],[-55.0839,-33.00665],[-55.08467,-33.01025],[-55.09188,-33.00967],[-55.09626,-33.01356],[-55.10132,-33.01464],[-55.10321,-33.02155],[-55.1057,-33.02321],[-55.12141,-33.02688],[-55.12934,-33.02502],[-55.14811,-33.01374],[-55.15592,-33.01602],[-55.15584,-33.011],[-55.16029,-33.00925],[-55.16493,-33.00953],[-55.16716,-33.01184],[-55.16458,-33.0163],[-55.1663,-33.01846],[-55.15949,-33.01866],[-55.15945,-33.02262],[-55.15755,-33.02508],[-55.15879,-33.02764],[-55.16201,-33.0294],[-55.16836,-33.02522],[-55.17574,-33.02724],[-55.18552,-33.0258],[-55.18707,-33.02479],[-55.18824,-33.01754],[-55.19548,-33.01313],[-55.19273,-33.00363],[-55.20183,-32.99701],[-55.21265,-32.99355],[-55.21453,-32.97325],[-55.22037,-32.96878],[-55.23256,-32.95383],[-55.24423,-32.94819],[-55.251,-32.95102],[-55.25416,-32.95041],[-55.25725,-32.94438],[-55.26151,-32.94118],[-55.26383,-32.94071],[-55.26978,-32.94511],[-55.27479,-32.94387],[-55.27942,-32.93277],[-55.28303,-32.93061],[-55.29073,-32.92911],[-55.29573,-32.9247],[-55.29656,-32.9209],[-55.29315,-32.91447],[-55.29985,-32.90539],[-55.30294,-32.90338],[-55.31134,-32.90297],[-55.32096,-32.89156],[-55.32143,-32.88691],[-55.31981,-32.88379],[-55.32183,-32.87887],[-55.32114,-32.85897],[-55.31823,-32.85147],[-55.31737,-32.84282],[-55.32031,-32.83081],[-55.32817,-32.82623],[-55.33006,-32.82219],[-55.32612,-32.81686],[-55.32357,-32.80671],[-55.33538,-32.79377],[-55.34122,-32.79594],[-55.345,-32.79132],[-55.35221,-32.78757],[-55.35324,-32.78309],[-55.35186,-32.77833],[-55.34792,-32.77385],[-55.35324,-32.76274],[-55.35351,-32.75833],[-55.35052,-32.7582],[-55.34943,-32.75026],[-55.34766,-32.7505],[-55.34667,-32.74873],[-55.32304,-32.75478],[-55.31905,-32.75188],[-55.31656,-32.74759],[-55.32235,-32.73747],[-55.31924,-32.72416],[-55.3169,-32.72458],[-55.3189,-32.7183],[-55.32176,-32.71421],[-55.33575,-32.70216],[-55.33553,-32.69227],[-55.3327,-32.68954],[-55.33171,-32.68121],[-55.32853,-32.6785],[-55.33039,-32.67598],[-55.3306,-32.67134],[-55.32913,-32.66983],[-55.32712,-32.67128],[-55.3262,-32.67041],[-55.32853,-32.66701],[-55.3275,-32.66372],[-55.33181,-32.66338],[-55.33286,-32.66155],[-55.33424,-32.66229],[-55.33624,-32.65546],[-55.3332,-32.65488],[-55.33542,-32.65366],[-55.33328,-32.65164],[-55.33354,-32.64495],[-55.33116,-32.64062],[-55.33189,-32.63567],[-55.32974,-32.63425],[-55.32988,-32.629],[-55.32724,-32.62396],[-55.32453,-32.624],[-55.32282,-32.62219],[-55.32606,-32.61801],[-55.321,-32.61249],[-55.32228,-32.60736],[-55.31531,-32.60425],[-55.31258,-32.59162],[-55.31384,-32.58936],[-55.30917,-32.58363],[-55.30651,-32.5822],[-55.30333,-32.58299],[-55.30233,-32.57421],[-55.29409,-32.56787],[-55.29204,-32.56455],[-55.29302,-32.5607],[-55.29134,-32.55756],[-55.30265,-32.55251],[-55.30132,-32.55068],[-55.3062,-32.53289],[-55.30918,-32.53107],[-55.30558,-32.52631],[-55.30566,-32.52199],[-55.3083,-32.52082],[-55.3085,-32.5184],[-55.30191,-32.5151],[-55.30136,-32.51338],[-55.30762,-32.51135],[-55.3102,-32.50895],[-55.31448,-32.50948],[-55.31553,-32.50756],[-55.30998,-32.4999],[-55.30988,-32.49665],[-55.30575,-32.49256],[-55.3108,-32.48891],[-55.31583,-32.48759],[-55.32292,-32.48815],[-55.32603,-32.48542],[-55.32595,-32.48176],[-55.33486,-32.48068],[-55.33917,-32.47794],[-55.34414,-32.47873],[-55.34582,-32.48346],[-55.34933,-32.48435],[-55.35531,-32.48078],[-55.35447,-32.47836],[-55.35694,-32.47009],[-55.36214,-32.46738],[-55.37033,-32.47143],[-55.37289,-32.47527],[-55.37652,-32.47556],[-55.37814,-32.4727],[-55.37477,-32.46788],[-55.38009,-32.46377],[-55.38201,-32.45957],[-55.38499,-32.46108],[-55.38598,-32.46401],[-55.39067,-32.46488],[-55.39231,-32.46915],[-55.39476,-32.46952],[-55.39819,-32.46603],[-55.40296,-32.46863],[-55.40564,-32.47346],[-55.414,-32.4761],[-55.41763,-32.46816],[-55.42126,-32.46551],[-55.43051,-32.45062],[-55.43015,-32.44691],[-55.43449,-32.44425],[-55.43123,-32.43588],[-55.42807,-32.43229],[-55.43281,-32.41713],[-55.4315,-32.41136],[-55.43525,-32.40896],[-55.44516,-32.41207],[-55.44851,-32.41456],[-55.45484,-32.40973],[-55.46403,-32.41445],[-55.47469,-32.41196],[-55.48422,-32.42548],[-55.48579,-32.4356],[-55.49318,-32.44455],[-55.49264,-32.45024],[-55.48851,-32.45489],[-55.48725,-32.45902],[-55.48901,-32.4648],[-55.49384,-32.47024],[-55.49401,-32.4743],[-55.49057,-32.47982],[-55.48514,-32.48365],[-55.47326,-32.48886],[-55.47238,-32.4966],[-55.47753,-32.50137],[-55.48249,-32.50118],[-55.49877,-32.50529],[-55.51503,-32.50119],[-55.53037,-32.49303],[-55.55907,-32.49819],[-55.60215,-32.48009],[-55.60662,-32.48472],[-55.62104,-32.48385],[-55.63443,-32.48154],[-55.63855,-32.47908],[-55.64318,-32.47908],[-55.64964,-32.48072],[-55.65153,-32.48284],[-55.65228,-32.49631],[-55.67185,-32.50934],[-55.67854,-32.51571],[-55.6794,-32.51947],[-55.67688,-32.53284],[-55.67971,-32.53546],[-55.68376,-32.53589],[-55.68977,-32.53414],[-55.70996,-32.52323],[-55.71305,-32.51556],[-55.70858,-32.49935],[-55.7115,-32.49529],[-55.71579,-32.49399],[-55.73382,-32.50543],[-55.77719,-32.49892],[-55.78205,-32.50586],[-55.78085,-32.51021],[-55.77656,-32.51296],[-55.75479,-32.5143],[-55.75307,-32.51569],[-55.7524,-32.5205],[-55.75648,-32.52671],[-55.76523,-32.53018],[-55.76798,-32.53394],[-55.76575,-32.55912],[-55.76952,-32.56433],[-55.78896,-32.5593],[-55.79342,-32.56011],[-55.79857,-32.56374],[-55.79888,-32.56751],[-55.79441,-32.57185],[-55.77745,-32.57905],[-55.77536,-32.58314],[-55.7757,-32.59225],[-55.77965,-32.59659],[-55.78686,-32.60049],[-55.79682,-32.59991],[-55.80883,-32.59254],[-55.81501,-32.59369],[-55.8169,-32.5976],[-55.80643,-32.6122],[-55.80557,-32.61712],[-55.80935,-32.6216],[-55.82686,-32.62811],[-55.84454,-32.62796],[-55.86394,-32.62261],[-55.87132,-32.61611],[-55.89192,-32.60468],[-55.92488,-32.60223],[-55.93861,-32.6109],[-55.94445,-32.63534],[-55.95852,-32.64708],[-55.98166,-32.66217],[-56.00476,-32.68608],[-56.03277,-32.69045],[-56.07217,-32.69206],[-56.10188,-32.68227],[-56.13298,-32.67984],[-56.17982,-32.69234],[-56.18505,-32.70072],[-56.19134,-32.70576],[-56.20537,-32.70687],[-56.20661,-32.71242],[-56.18958,-32.73026],[-56.19713,-32.75033],[-56.22065,-32.76693],[-56.24245,-32.76924],[-56.27335,-32.79088],[-56.27964,-32.79735],[-56.3003,-32.80994],[-56.32759,-32.81773],[-56.35901,-32.8196],[-56.39097,-32.81763],[-56.42136,-32.8222],[-56.42133,-32.83026],[-56.41463,-32.84052],[-56.41446,-32.8571],[-56.41566,-32.85956],[-56.42664,-32.86604],[-56.43111,-32.86648],[-56.44074,-32.85744],[-56.44244,-32.85393],[-56.44295,-32.84081],[-56.43877,-32.82869],[-56.43935,-32.82537],[-56.44604,-32.81686],[-56.4518,-32.81228],[-56.45754,-32.81095],[-56.46269,-32.81859],[-56.46561,-32.82047],[-56.47797,-32.81816],[-56.48123,-32.81441],[-56.48175,-32.80806],[-56.48466,-32.80301],[-56.48885,-32.80195],[-56.49308,-32.8046],[-56.49599,-32.81758],[-56.49771,-32.82134],[-56.50046,-32.82249],[-56.52707,-32.81917],[-56.53119,-32.81701],[-56.53563,-32.80807],[-56.5391,-32.80827],[-56.54097,-32.81773],[-56.54389,-32.82177],[-56.55342,-32.82601],[-56.55556,-32.83677],[-56.55831,-32.84052],[-56.56277,-32.84268],[-56.56929,-32.8411],[-56.57324,-32.83691],[-56.5741,-32.83013],[-56.57117,-32.82409],[-56.55711,-32.81355],[-56.55764,-32.8103],[-56.56087,-32.80818],[-56.58423,-32.8046],[-56.59041,-32.80575],[-56.60277,-32.8248],[-56.60826,-32.82783],[-56.61721,-32.82968],[-56.62371,-32.8359],[-56.62663,-32.84283],[-56.64019,-32.86273],[-56.64757,-32.86417],[-56.65427,-32.86129],[-56.66542,-32.85134],[-56.66474,-32.83215],[-56.65049,-32.81802],[-56.65238,-32.81311],[-56.67881,-32.79926],[-56.68328,-32.79537],[-56.68894,-32.79565],[-56.69341,-32.80171],[-56.70439,-32.82509],[-56.70216,-32.82999],[-56.69529,-32.83504],[-56.69323,-32.83908],[-56.69512,-32.84614],[-56.7116,-32.84196],[-56.72997,-32.82956],[-56.73649,-32.83013],[-56.74151,-32.83574],[-56.73443,-32.84672],[-56.73529,-32.84961],[-56.74662,-32.84989],[-56.75314,-32.85263],[-56.76173,-32.85307],[-56.77134,-32.8486],[-56.77546,-32.84384],[-56.77769,-32.83533],[-56.78267,-32.83403],[-56.78833,-32.83634],[-56.79245,-32.8411],[-56.79434,-32.85263],[-56.80035,-32.85566],[-56.80722,-32.85581],[-56.81031,-32.85912],[-56.80739,-32.86215],[-56.79486,-32.86749],[-56.7928,-32.87095],[-56.79486,-32.87426],[-56.80121,-32.87599],[-56.81134,-32.86994],[-56.81666,-32.86907],[-56.82507,-32.87066],[-56.82747,-32.87259],[-56.83331,-32.8819],[-56.83588,-32.88925],[-56.83558,-32.8947],[-56.83262,-32.89819],[-56.8158,-32.9077],[-56.81357,-32.91044],[-56.8134,-32.91534],[-56.81683,-32.91909],[-56.82404,-32.92255],[-56.84876,-32.90511],[-56.85185,-32.9054],[-56.86278,-32.90913],[-56.87331,-32.92615],[-56.87846,-32.92946],[-56.8891,-32.93119],[-56.89476,-32.93854],[-56.89442,-32.94401],[-56.88395,-32.95683],[-56.86782,-32.95981],[-56.86524,-32.96202],[-56.86747,-32.9662],[-56.88309,-32.96821],[-56.903,-32.97397],[-56.90798,-32.97325],[-56.91244,-32.95136],[-56.91622,-32.94762],[-56.92206,-32.94632],[-56.92875,-32.94185],[-56.93631,-32.93393],[-56.9406,-32.93436],[-56.94486,-32.93763],[-56.95691,-32.96188],[-56.9545,-32.96792],[-56.94489,-32.96778],[-56.93837,-32.97066],[-56.93476,-32.97441],[-56.93476,-32.97801],[-56.93785,-32.97988],[-56.94231,-32.98002],[-56.97218,-32.96908],[-56.98712,-32.96764],[-56.99862,-32.97066],[-57.00119,-32.97613],[-56.99879,-32.98247],[-56.99416,-32.98665],[-56.98643,-32.99125],[-56.96961,-32.99255],[-56.96583,-32.99572],[-56.9648,-33.02177],[-56.96617,-33.02825],[-56.97081,-33.03156],[-56.97853,-33.03141],[-56.99158,-33.02494],[-56.99948,-33.01861],[-57.00377,-33.01875],[-57.00789,-33.02148],[-57.02299,-33.01846],[-57.03398,-33.01198],[-57.04274,-33.01213],[-57.04909,-33.00939],[-57.06316,-32.99586],[-57.07775,-32.99096],[-57.11882,-32.99754],[-57.12704,-33.00148],[-57.12911,-33.00475],[-57.12826,-33.00808],[-57.11792,-33.01388],[-57.11857,-33.01806],[-57.12666,-33.01918],[-57.13904,-33.02436],[-57.16221,-33.0389],[-57.18693,-33.04393],[-57.19534,-33.0435],[-57.20032,-33.04652],[-57.19946,-33.05199],[-57.19191,-33.05919],[-57.18813,-33.07372],[-57.18436,-33.08019],[-57.17801,-33.08091],[-57.1697,-33.07404],[-57.15785,-33.07103],[-57.14831,-33.07141],[-57.13149,-33.0782],[-57.12719,-33.08454],[-57.11998,-33.10924],[-57.12033,-33.11441],[-57.12788,-33.11902],[-57.11455,-33.1196],[-57.10991,-33.12176],[-57.10305,-33.12794],[-57.10133,-33.14864],[-57.09893,-33.15122],[-57.08863,-33.15237],[-57.08657,-33.15453],[-57.08434,-33.16746],[-57.08176,-33.16919],[-57.06374,-33.17393],[-57.04846,-33.17235],[-57.03816,-33.17795],[-57.01842,-33.17781],[-57.0143,-33.17723],[-57.01327,-33.17436],[-57.01533,-33.16789],[-57.01361,-33.16114],[-57.00675,-33.15927],[-56.99833,-33.16603],[-56.99439,-33.18082],[-56.98958,-33.18442],[-56.97997,-33.18384],[-56.96709,-33.17924],[-56.94787,-33.17824],[-56.9374,-33.17895],[-56.93039,-33.1841],[-56.92409,-33.18611],[-56.9207,-33.18475],[-56.91815,-33.18096],[-56.91199,-33.17948],[-56.90951,-33.18232],[-56.91043,-33.19328],[-56.90907,-33.19792],[-56.89698,-33.19642],[-56.88,-33.19133],[-56.87526,-33.19417],[-56.87115,-33.20033],[-56.87058,-33.21454],[-56.86322,-33.22034],[-56.86428,-33.22977],[-56.86141,-33.23147],[-56.85199,-33.23158],[-56.84774,-33.23965],[-56.84826,-33.24627],[-56.85756,-33.25186],[-56.86013,-33.26148],[-56.84155,-33.26458],[-56.82668,-33.2691],[-56.81253,-33.26355],[-56.8097,-33.26481],[-56.80421,-33.27124],[-56.80288,-33.27879],[-56.79784,-33.28137],[-56.79386,-33.28056],[-56.79077,-33.27645],[-56.79271,-33.26858],[-56.78806,-33.26476],[-56.7687,-33.2664],[-56.76122,-33.27034],[-56.75637,-33.28001],[-56.74407,-33.28609],[-56.74264,-33.28481],[-56.74108,-33.27416],[-56.7385,-33.27088],[-56.7362,-33.26952],[-56.7267,-33.27066],[-56.72488,-33.2734],[-56.71383,-33.27732],[-56.71024,-33.28159],[-56.70703,-33.28233],[-56.6996,-33.28822],[-56.69415,-33.28979],[-56.68387,-33.28921],[-56.67703,-33.29401],[-56.67424,-33.29438],[-56.6713,-33.30051],[-56.67648,-33.3045],[-56.67761,-33.31568],[-56.6729,-33.31994],[-56.66962,-33.32096],[-56.66207,-33.31864],[-56.65239,-33.3201],[-56.652,-33.33239],[-56.65385,-33.33832],[-56.65263,-33.34257],[-56.64424,-33.35083],[-56.62715,-33.35373],[-56.62606,-33.355],[-56.62624,-33.35633],[-56.63215,-33.35731],[-56.63131,-33.36877],[-56.62949,-33.37061],[-56.63085,-33.3787],[-56.62357,-33.39305],[-56.61197,-33.3981],[-56.60732,-33.39675],[-56.60243,-33.39977],[-56.5961,-33.39884],[-56.58087,-33.40249],[-56.57954,-33.41004],[-56.57404,-33.41725],[-56.57476,-33.42361],[-56.57012,-33.42789],[-56.575,-33.43539],[-56.57699,-33.44251],[-56.57382,-33.44409],[-56.57404,-33.44877],[-56.5715,-33.45448],[-56.56649,-33.45643],[-56.56515,-33.46381],[-56.56306,-33.46653],[-56.56481,-33.47656],[-56.55401,-33.48973],[-56.54234,-33.49331],[-56.53636,-33.49269],[-56.53359,-33.49152],[-56.5305,-33.48733],[-56.52896,-33.4885],[-56.52513,-33.48819],[-56.51754,-33.48536],[-56.51118,-33.48475],[-56.50467,-33.48818],[-56.50282,-33.49241],[-56.49819,-33.49641],[-56.49398,-33.49476],[-56.49089,-33.49566],[-56.48801,-33.50347],[-56.48302,-33.5073],[-56.48114,-33.50517],[-56.47762,-33.50487],[-56.47504,-33.49927],[-56.46877,-33.49635],[-56.46456,-33.49878],[-56.46072,-33.50411],[-56.45668,-33.50478],[-56.45587,-33.50207],[-56.45233,-33.50014],[-56.4481,-33.50333],[-56.44596,-33.50277],[-56.4409,-33.50474],[-56.43006,-33.50157],[-56.42353,-33.49266],[-56.42203,-33.48485],[-56.41811,-33.47804],[-56.41804,-33.47201],[-56.42304,-33.46268],[-56.42271,-33.43658],[-56.43012,-33.42356],[-56.43163,-33.4144],[-56.43614,-33.41049],[-56.43706,-33.40354],[-56.43559,-33.39764],[-56.43098,-33.39773],[-56.43223,-33.39414],[-56.42914,-33.39095],[-56.42586,-33.39053],[-56.42284,-33.38645],[-56.41046,-33.38303],[-56.40688,-33.38075],[-56.40473,-33.38123],[-56.404,-33.38315],[-56.40783,-33.39269],[-56.40401,-33.39564],[-56.40355,-33.40212],[-56.39726,-33.40459],[-56.39544,-33.40778],[-56.39641,-33.40969],[-56.39268,-33.41519],[-56.39691,-33.41609],[-56.3962,-33.42128],[-56.39181,-33.4214],[-56.38935,-33.42602],[-56.38423,-33.42737],[-56.37526,-33.42708],[-56.37218,-33.4289],[-56.37231,-33.43364],[-56.36682,-33.43379],[-56.36634,-33.43735],[-56.36072,-33.43659],[-56.35257,-33.4392],[-56.35086,-33.43933],[-56.3449,-33.43425],[-56.33815,-33.43304],[-56.33457,-33.43442],[-56.33441,-33.43937],[-56.33039,-33.43798],[-56.32588,-33.43896],[-56.3238,-33.43584],[-56.31798,-33.43471],[-56.3148,-33.43562],[-56.30848,-33.43448],[-56.30138,-33.4369],[-56.29615,-33.43518],[-56.29166,-33.43801],[-56.2876,-33.43468],[-56.27795,-33.43495],[-56.2778,-33.43784],[-56.27454,-33.44105],[-56.26641,-33.44224],[-56.26118,-33.44846],[-56.251,-33.45107],[-56.25069,-33.45529],[-56.25599,-33.45849],[-56.25926,-33.46321],[-56.2586,-33.46479],[-56.26052,-33.46447],[-56.26142,-33.46591],[-56.26066,-33.47129],[-56.25418,-33.47172],[-56.24999,-33.47359],[-56.24182,-33.48213],[-56.2413,-33.48742],[-56.23705,-33.4894],[-56.23259,-33.48994],[-56.22881,-33.48798],[-56.22504,-33.48882],[-56.21975,-33.48608],[-56.21488,-33.48727],[-56.21272,-33.48416],[-56.21238,-33.47951],[-56.21016,-33.47671],[-56.20327,-33.47429],[-56.19697,-33.46119],[-56.18918,-33.46021],[-56.18222,-33.46171],[-56.18047,-33.46642],[-56.17897,-33.46706],[-56.17778,-33.46539],[-56.17327,-33.46805],[-56.17504,-33.46916],[-56.17284,-33.47309],[-56.16726,-33.47286],[-56.15712,-33.47867],[-56.15503,-33.48147],[-56.15057,-33.48151],[-56.1461,-33.48384],[-56.14589,-33.48173],[-56.13928,-33.48221],[-56.13358,-33.48797],[-56.11187,-33.48738],[-56.1067,-33.49008],[-56.10662,-33.48761],[-56.10211,-33.48804],[-56.09349,-33.49494],[-56.09061,-33.49378],[-56.09051,-33.49101],[-56.08115,-33.48376],[-56.07964,-33.48325],[-56.07769,-33.48514],[-56.07342,-33.48458],[-56.0676,-33.48218],[-56.06686,-33.47928],[-56.06289,-33.47998],[-56.06148,-33.48165],[-56.05915,-33.48085],[-56.04926,-33.47261],[-56.0476,-33.46839],[-56.04949,-33.45536],[-56.04829,-33.44776],[-56.03954,-33.43545],[-56.03473,-33.43215],[-56.02151,-33.43473],[-56.01688,-33.43416],[-56.01087,-33.429],[-55.98958,-33.41797],[-55.97585,-33.42012],[-55.96555,-33.41969],[-55.9533,-33.42291],[-55.94735,-33.41969],[-55.94066,-33.41123],[-55.93276,-33.40679],[-55.92469,-33.40865],[-55.91502,-33.41589],[-55.90341,-33.4184],[-55.89311,-33.42986],[-55.88246,-33.43158],[-55.87457,-33.431],[-55.86581,-33.42656],[-55.85442,-33.42334],[-55.8435,-33.41438],[-55.83663,-33.41181],[-55.82547,-33.4131],[-55.8138,-33.40994],[-55.80882,-33.41295],[-55.80384,-33.41353],[-55.79801,-33.40951],[-55.77277,-33.40048],[-55.76368,-33.38787],[-55.76379,-33.37963],[-55.76162,-33.37669],[-55.75435,-33.37418],[-55.74273,-33.37555],[-55.73787,-33.3706],[-55.73741,-33.35834],[-55.73501,-33.35304],[-55.72368,-33.35046],[-55.71527,-33.34529],[-55.71074,-33.34938],[-55.70754,-33.35748],[-55.70068,-33.36551],[-55.69484,-33.36924],[-55.68036,-33.37031],[-55.6648,-33.37784],[-55.65873,-33.37691],[-55.65021,-33.37827],[-55.64689,-33.37719],[-55.63665,-33.3777],[-55.63126,-33.37275],[-55.63041,-33.36845],[-55.62127,-33.35664],[-55.61757,-33.35566],[-55.61682,-33.35225],[-55.61866,-33.34493],[-55.61776,-33.34155],[-55.6136,-33.3387],[-55.61528,-33.33676],[-55.61486,-33.33423],[-55.61272,-33.33303],[-55.60959,-33.33381],[-55.6056,-33.32891],[-55.59865,-33.33045],[-55.58326,-33.32937],[-55.58299,-33.32618],[-55.57572,-33.31996],[-55.57173,-33.32078],[-55.57004,-33.31776],[-55.56638,-33.31582],[-55.55536,-33.31644],[-55.5565,-33.31403],[-55.55919,-33.31343],[-55.55862,-33.31111],[-55.55202,-33.30743],[-55.54986,-33.30788],[-55.54013,-33.30455],[-55.53568,-33.29957],[-55.5368,-33.29585],[-55.53547,-33.29462],[-55.53815,-33.29123],[-55.53705,-33.28904],[-55.53268,-33.28887],[-55.52892,-33.28688],[-55.52006,-33.28899],[-55.51396,-33.28662],[-55.50627,-33.28678],[-55.50138,-33.28367],[-55.49706,-33.28492],[-55.49614,-33.28738],[-55.49277,-33.28921],[-55.48404,-33.28138],[-55.47944,-33.28244],[-55.47067,-33.28863],[-55.46695,-33.28928],[-55.46125,-33.28613],[-55.46114,-33.28338],[-55.45777,-33.27978],[-55.45523,-33.28113],[-55.45299,-33.27807],[-55.44513,-33.27502],[-55.43827,-33.27593],[-55.43683,-33.2727],[-55.43753,-33.25846],[-55.43418,-33.25438],[-55.42925,-33.25335],[-55.42627,-33.25522],[-55.41875,-33.25411],[-55.40903,-33.23963],[-55.39927,-33.24552],[-55.39755,-33.24518],[-55.38319,-33.23405],[-55.38163,-33.22926],[-55.37858,-33.22741],[-55.36868,-33.22576],[-55.36061,-33.22949],[-55.34963,-33.22561],[-55.33515,-33.21448],[-55.3288,-33.20256],[-55.32577,-33.20134],[-55.31512,-33.20149],[-55.31512,-33.19488],[-55.31358,-33.19301],[-55.30414,-33.19904],[-55.29246,-33.1956],[-55.29006,-33.19359],[-55.28474,-33.19804],[-55.28062,-33.1989],[-55.27084,-33.1933],[-55.26912,-33.19387],[-55.26769,-33.19883],[-55.26002,-33.19919],[-55.25521,-33.20206],[-55.25024,-33.20163],[-55.24903,-33.20034],[-55.24989,-33.19545],[-55.24337,-33.19272],[-55.24028,-33.18626],[-55.23033,-33.1844],[-55.23256,-33.17779],[-55.23051,-33.17193],[-55.22346,-33.16802],[-55.22191,-33.16468],[-55.2071,-33.15994],[-55.20659,-33.15693],[-55.20233,-33.15437],[-55.20269,-33.14991],[-55.20115,-33.1479],[-55.1973,-33.14692],[-55.19836,-33.14286],[-55.19484,-33.13925],[-55.1972,-33.13641],[-55.19618,-33.13327],[-55.19144,-33.13089],[-55.19136,-33.12663],[-55.18467,-33.12504],[-55.17746,-33.11783],[-55.17959,-33.11128],[-55.17866,-33.10793],[-55.16955,-33.10532],[-55.163,-33.10869],[-55.14763,-33.10186],[-55.13821,-33.10196],[-55.13457,-33.10445]]]}},{"type":"Feature","properties":{"shapeName":"Soriano","shapeISO":"UY-SO","shapeID":"27058087B69444591785940","shapeGroup":"URY","shapeType":"ADM1"},"geometry":{"type":"Polygon","coordinates":[[[-57.1423,-33.12002],[-57.15861,-33.11499],[-57.16736,-33.11398],[-57.17818,-33.12002],[-57.18401,-33.1275],[-57.19775,-33.13052],[-57.22058,-33.1413],[-57.22641,-33.13972],[-57.23483,-33.1252],[-57.24118,-33.11787],[-57.25354,-33.11973],[-57.26023,-33.12836],[-57.27087,-33.1321],[-57.27499,-33.12707],[-57.27791,-33.11657],[-57.30606,-33.09169],[-57.32529,-33.0845],[-57.3452,-33.07328],[-57.36185,-33.06897],[-57.38108,-33.06624],[-57.39876,-33.06624],[-57.40357,-33.07141],[-57.40657,-33.08254],[-57.411,-33.09094],[-57.43152,-33.09204],[-57.43865,-33.08665],[-57.44223,-33.07186],[-57.45191,-33.05457],[-57.45421,-33.03631],[-57.45953,-33.02422],[-57.48202,-33.01688],[-57.48906,-33.01688],[-57.50266,-33.02055],[-57.50639,-33.01976],[-57.50974,-33.01849],[-57.52476,-33.00306],[-57.53007,-33.00012],[-57.53935,-33.0045],[-57.54622,-33.01414],[-57.55154,-33.01789],[-57.5741,-33.02371],[-57.57761,-33.02606],[-57.58913,-33.0281],[-57.60179,-33.03539],[-57.61969,-33.04005],[-57.62241,-33.0419],[-57.61977,-33.07136],[-57.62351,-33.07791],[-57.62831,-33.08122],[-57.6352,-33.08264],[-57.65454,-33.08004],[-57.66827,-33.06566],[-57.67634,-33.06249],[-57.70569,-33.06077],[-57.72578,-33.05559],[-57.7359,-33.04221],[-57.74585,-33.03885],[-57.75513,-33.03861],[-57.7632,-33.04077],[-57.7801,-33.05584],[-57.79066,-33.05631],[-57.79753,-33.05401],[-57.81075,-33.04062],[-57.82706,-33.02998],[-57.84989,-33.02479],[-57.86208,-33.01884],[-57.86874,-33.01885],[-57.87375,-33.02076],[-57.87515,-33.02278],[-57.87289,-33.03573],[-57.87687,-33.04096],[-57.90087,-33.05429],[-57.90997,-33.05602],[-57.93177,-33.05602],[-57.94974,-33.06669],[-57.95446,-33.0716],[-57.95817,-33.07873],[-57.95752,-33.08191],[-57.95455,-33.08596],[-57.94516,-33.08896],[-57.94293,-33.11197],[-57.94516,-33.12434],[-57.94962,-33.1308],[-57.95597,-33.13555],[-57.96645,-33.13857],[-57.96926,-33.13817],[-57.97812,-33.13569],[-57.98104,-33.13095],[-57.98739,-33.12807],[-58.00404,-33.12764],[-58.01503,-33.12577],[-58.0346,-33.11585],[-58.04449,-33.11599],[-58.04791,-33.11879],[-58.05402,-33.13186],[-58.05468,-33.1367],[-58.05246,-33.14401],[-58.04232,-33.1561],[-58.04026,-33.16832],[-58.03133,-33.18053],[-58.03083,-33.19778],[-58.02685,-33.2051],[-58.02443,-33.21565],[-58.0152,-33.2219],[-58.01039,-33.23697],[-58.01297,-33.24114],[-58.04919,-33.24171],[-58.05949,-33.23798],[-58.0691,-33.23195],[-58.10446,-33.22664],[-58.12008,-33.22778],[-58.13244,-33.23396],[-58.13639,-33.24387],[-58.13399,-33.25679],[-58.12884,-33.26597],[-58.1127,-33.28305],[-58.11133,-33.28822],[-58.11304,-33.29367],[-58.12918,-33.30515],[-58.14068,-33.31074],[-58.15115,-33.31203],[-58.18068,-33.30185],[-58.19149,-33.30041],[-58.20265,-33.29496],[-58.2145,-33.29295],[-58.226,-33.29783],[-58.23441,-33.30759],[-58.24866,-33.31576],[-58.25969,-33.31769],[-58.26239,-33.32035],[-58.27423,-33.33656],[-58.27492,-33.35492],[-58.28986,-33.36782],[-58.30822,-33.379],[-58.33277,-33.38187],[-58.34187,-33.38144],[-58.35832,-33.38692],[-58.37208,-33.38746],[-58.38393,-33.38975],[-58.41465,-33.42672],[-58.41977,-33.43049],[-58.43048,-33.43346],[-58.44274,-33.4414],[-58.44264,-33.45167],[-58.43372,-33.49536],[-58.44405,-33.53666],[-58.44766,-33.54095],[-58.47962,-33.56295],[-58.49375,-33.57857],[-58.49484,-33.58183],[-58.47602,-33.64623],[-58.44792,-33.68419],[-58.43509,-33.71664],[-58.43428,-33.72502],[-58.43781,-33.75917],[-58.432,-33.84142],[-58.41124,-33.84005],[-58.41164,-33.84427],[-58.4074,-33.84471],[-58.40745,-33.847],[-58.40396,-33.84835],[-58.39791,-33.84659],[-58.39639,-33.84956],[-58.3892,-33.85483],[-58.3853,-33.85414],[-58.3829,-33.85626],[-58.38069,-33.85472],[-58.37354,-33.85516],[-58.36597,-33.85356],[-58.36179,-33.85466],[-58.35978,-33.85254],[-58.3559,-33.85189],[-58.3531,-33.8548],[-58.34943,-33.85491],[-58.34634,-33.85319],[-58.3465,-33.85038],[-58.34155,-33.84805],[-58.343,-33.84448],[-58.34106,-33.83962],[-58.34296,-33.83771],[-58.33991,-33.83611],[-58.33266,-33.83638],[-58.33072,-33.83878],[-58.32759,-33.83932],[-58.32187,-33.83487],[-58.31631,-33.8369],[-58.30993,-33.83406],[-58.30638,-33.83457],[-58.30186,-33.83945],[-58.29783,-33.84055],[-58.29164,-33.83973],[-58.28652,-33.83673],[-58.2845,-33.83252],[-58.28141,-33.8318],[-58.27869,-33.82265],[-58.28051,-33.81647],[-58.26754,-33.81067],[-58.26365,-33.80748],[-58.26189,-33.80975],[-58.26009,-33.80718],[-58.25682,-33.80622],[-58.25926,-33.80647],[-58.25938,-33.80452],[-58.24282,-33.79627],[-58.23613,-33.79613],[-58.23152,-33.80158],[-58.21539,-33.79712],[-58.19938,-33.79904],[-58.18148,-33.79544],[-58.16803,-33.79729],[-58.16492,-33.79655],[-58.15459,-33.78814],[-58.14851,-33.77589],[-58.12544,-33.76463],[-58.10803,-33.77158],[-58.10013,-33.77258],[-58.09367,-33.77541],[-58.08816,-33.78274],[-58.08111,-33.78849],[-58.07294,-33.79218],[-58.07145,-33.79065],[-58.06569,-33.79332],[-58.06216,-33.80734],[-58.05773,-33.81375],[-58.04979,-33.80716],[-58.04618,-33.80722],[-58.03924,-33.80879],[-58.02678,-33.81598],[-58.02807,-33.8206],[-58.0251,-33.83019],[-58.01129,-33.83073],[-58.00462,-33.83968],[-58.00258,-33.84561],[-57.99902,-33.84765],[-57.98942,-33.86546],[-57.98139,-33.87162],[-57.97866,-33.8778],[-57.96845,-33.88413],[-57.96549,-33.88198],[-57.95773,-33.8816],[-57.95041,-33.87927],[-57.94123,-33.87194],[-57.9359,-33.86983],[-57.93099,-33.85744],[-57.92258,-33.85748],[-57.91473,-33.8593],[-57.91322,-33.86316],[-57.89804,-33.8624],[-57.87194,-33.86635],[-57.86467,-33.87085],[-57.84629,-33.87244],[-57.82853,-33.87696],[-57.82812,-33.8835],[-57.7907,-33.90729],[-57.77981,-33.91139],[-57.77607,-33.92504],[-57.77364,-33.92566],[-57.75762,-33.91694],[-57.74929,-33.91559],[-57.72534,-33.92278],[-57.71937,-33.92299],[-57.70964,-33.92705],[-57.7008,-33.93563],[-57.68155,-33.93552],[-57.6494,-33.94367],[-57.64303,-33.9413],[-57.63991,-33.93744],[-57.63729,-33.93783],[-57.62524,-33.94884],[-57.61616,-33.95079],[-57.6137,-33.95348],[-57.61025,-33.94498],[-57.60409,-33.94131],[-57.59859,-33.94235],[-57.58649,-33.93884],[-57.58516,-33.93616],[-57.57914,-33.93402],[-57.57437,-33.92882],[-57.56703,-33.92981],[-57.56393,-33.92623],[-57.55272,-33.92536],[-57.53918,-33.91711],[-57.53103,-33.91723],[-57.52139,-33.9147],[-57.5194,-33.91238],[-57.5092,-33.91141],[-57.49872,-33.91416],[-57.49142,-33.91309],[-57.48584,-33.91675],[-57.48208,-33.91486],[-57.47701,-33.91512],[-57.46597,-33.9104],[-57.45922,-33.90543],[-57.44771,-33.90405],[-57.44087,-33.89634],[-57.43869,-33.88754],[-57.43012,-33.88426],[-57.42743,-33.88342],[-57.4215,-33.8863],[-57.38191,-33.87449],[-57.36261,-33.87363],[-57.35887,-33.87477],[-57.35441,-33.87978],[-57.3376,-33.88955],[-57.304,-33.92698],[-57.30095,-33.92726],[-57.28597,-33.92317],[-57.25636,-33.92218],[-57.24563,-33.9238],[-57.22782,-33.91382],[-57.22263,-33.91758],[-57.19387,-33.93129],[-57.18735,-33.93272],[-57.1775,-33.93201],[-57.16821,-33.94112],[-57.15179,-33.94173],[-57.14423,-33.95156],[-57.13446,-33.95129],[-57.12393,-33.9556],[-57.11715,-33.9525],[-57.10952,-33.95283],[-57.10047,-33.95057],[-57.09644,-33.95163],[-57.09412,-33.95431],[-57.08925,-33.95347],[-57.09337,-33.94749],[-57.09937,-33.93239],[-57.10281,-33.91886],[-57.10521,-33.91986],[-57.10676,-33.91886],[-57.1071,-33.91544],[-57.11276,-33.91045],[-57.11345,-33.90661],[-57.11843,-33.90034],[-57.1162,-33.88694],[-57.11311,-33.88452],[-57.11208,-33.8811],[-57.11774,-33.87455],[-57.11534,-33.86799],[-57.11705,-33.86571],[-57.11764,-33.85846],[-57.12152,-33.85616],[-57.12114,-33.84057],[-57.13026,-33.83215],[-57.12907,-33.82493],[-57.14179,-33.8107],[-57.14693,-33.80167],[-57.16542,-33.78871],[-57.17784,-33.78542],[-57.17882,-33.7738],[-57.1843,-33.77122],[-57.18796,-33.76674],[-57.18891,-33.75822],[-57.1955,-33.7536],[-57.19761,-33.74937],[-57.19912,-33.7339],[-57.20225,-33.72558],[-57.20215,-33.71434],[-57.19778,-33.70857],[-57.19121,-33.68692],[-57.18812,-33.68349],[-57.18081,-33.68094],[-57.17652,-33.67694],[-57.17439,-33.67121],[-57.1737,-33.65992],[-57.17078,-33.65763],[-57.16712,-33.6571],[-57.16432,-33.6539],[-57.16409,-33.63849],[-57.16632,-33.63449],[-57.17181,-33.63163],[-57.17164,-33.62935],[-57.15934,-33.60961],[-57.16598,-33.60419],[-57.16787,-33.59718],[-57.17216,-33.59132],[-57.17971,-33.59361],[-57.19324,-33.5947],[-57.2022,-33.5906],[-57.20889,-33.57316],[-57.20924,-33.56715],[-57.21473,-33.56443],[-57.22228,-33.56372],[-57.224,-33.56157],[-57.22589,-33.5507],[-57.24254,-33.54469],[-57.24786,-33.53467],[-57.24683,-33.52995],[-57.25198,-33.52537],[-57.24958,-33.51507],[-57.25644,-33.50519],[-57.25456,-33.4873],[-57.26142,-33.48143],[-57.27224,-33.48358],[-57.28065,-33.48086],[-57.28477,-33.47341],[-57.2906,-33.47012],[-57.29181,-33.46339],[-57.28513,-33.44756],[-57.29215,-33.44047],[-57.28854,-33.43202],[-57.29112,-33.43001],[-57.29352,-33.42385],[-57.30743,-33.41611],[-57.30966,-33.4121],[-57.32271,-33.40565],[-57.34674,-33.39061],[-57.35292,-33.38616],[-57.36087,-33.37607],[-57.3397,-33.35649],[-57.33719,-33.35234],[-57.34107,-33.3443],[-57.33918,-33.33799],[-57.33256,-33.33341],[-57.32116,-33.33383],[-57.30794,-33.32723],[-57.30399,-33.31676],[-57.30365,-33.30945],[-57.3076,-33.29926],[-57.30681,-33.29411],[-57.30365,-33.28936],[-57.29479,-33.28292],[-57.28666,-33.27257],[-57.28048,-33.26869],[-57.28013,-33.26152],[-57.27831,-33.25952],[-57.27128,-33.25536],[-57.26785,-33.24982],[-57.25703,-33.24847],[-57.24717,-33.23998],[-57.24065,-33.23754],[-57.24048,-33.22448],[-57.23471,-33.21961],[-57.22469,-33.21816],[-57.21885,-33.22505],[-57.21713,-33.22577],[-57.2125,-33.22376],[-57.21969,-33.21282],[-57.21102,-33.20352],[-57.20604,-33.19174],[-57.19248,-33.18657],[-57.17909,-33.18901],[-57.17618,-33.18758],[-57.1748,-33.17838],[-57.17875,-33.16574],[-57.16605,-33.15884],[-57.16416,-33.15525],[-57.16536,-33.14016],[-57.15781,-33.12593],[-57.15455,-33.12305],[-57.1423,-33.12002]]]}},{"type":"Feature","properties":{"shapeName":"Colonia","shapeISO":"UY-CO","shapeID":"27058087B79494286721501","shapeGroup":"URY","shapeType":"ADM1"},"geometry":{"type":"Polygon","coordinates":[[[-57.1025,-33.97992],[-57.09904,-33.9765],[-57.09746,-33.97011],[-57.09283,-33.96477],[-57.09412,-33.95431],[-57.09644,-33.95163],[-57.10047,-33.95057],[-57.10952,-33.95283],[-57.11715,-33.9525],[-57.12393,-33.9556],[-57.13446,-33.95129],[-57.14423,-33.95156],[-57.15179,-33.94173],[-57.16821,-33.94112],[-57.1775,-33.93201],[-57.18735,-33.93272],[-57.19387,-33.93129],[-57.22263,-33.91758],[-57.22782,-33.91382],[-57.24563,-33.9238],[-57.25636,-33.92218],[-57.28597,-33.92317],[-57.30095,-33.92726],[-57.304,-33.92698],[-57.3376,-33.88955],[-57.35441,-33.87978],[-57.35887,-33.87477],[-57.36261,-33.87363],[-57.38191,-33.87449],[-57.4215,-33.8863],[-57.42743,-33.88342],[-57.43012,-33.88426],[-57.43869,-33.88754],[-57.44087,-33.89634],[-57.44771,-33.90405],[-57.45922,-33.90543],[-57.46597,-33.9104],[-57.47701,-33.91512],[-57.48208,-33.91486],[-57.48584,-33.91675],[-57.49142,-33.91309],[-57.49872,-33.91416],[-57.5092,-33.91141],[-57.5194,-33.91238],[-57.52139,-33.9147],[-57.53103,-33.91723],[-57.53918,-33.91711],[-57.55272,-33.92536],[-57.56393,-33.92623],[-57.56703,-33.92981],[-57.57437,-33.92882],[-57.57914,-33.93402],[-57.58516,-33.93616],[-57.58649,-33.93884],[-57.59859,-33.94235],[-57.60409,-33.94131],[-57.61025,-33.94498],[-57.6137,-33.95348],[-57.61616,-33.95079],[-57.62524,-33.94884],[-57.63729,-33.93783],[-57.63991,-33.93744],[-57.64303,-33.9413],[-57.6494,-33.94367],[-57.68155,-33.93552],[-57.7008,-33.93563],[-57.70964,-33.92705],[-57.71937,-33.92299],[-57.72534,-33.92278],[-57.74929,-33.91559],[-57.75762,-33.91694],[-57.77364,-33.92566],[-57.77607,-33.92504],[-57.77981,-33.91139],[-57.7907,-33.90729],[-57.82812,-33.8835],[-57.82853,-33.87696],[-57.84629,-33.87244],[-57.86467,-33.87085],[-57.87194,-33.86635],[-57.89804,-33.8624],[-57.91322,-33.86316],[-57.91473,-33.8593],[-57.92258,-33.85748],[-57.93099,-33.85744],[-57.9359,-33.86983],[-57.94123,-33.87194],[-57.95041,-33.87927],[-57.95773,-33.8816],[-57.96549,-33.88198],[-57.96845,-33.88413],[-57.97866,-33.8778],[-57.98139,-33.87162],[-57.98942,-33.86546],[-57.99902,-33.84765],[-58.00258,-33.84561],[-58.00462,-33.83968],[-58.01129,-33.83073],[-58.0251,-33.83019],[-58.02807,-33.8206],[-58.02678,-33.81598],[-58.03924,-33.80879],[-58.04618,-33.80722],[-58.04979,-33.80716],[-58.05773,-33.81375],[-58.06216,-33.80734],[-58.06569,-33.79332],[-58.07145,-33.79065],[-58.07294,-33.79218],[-58.08111,-33.78849],[-58.08816,-33.78274],[-58.09367,-33.77541],[-58.10013,-33.77258],[-58.10803,-33.77158],[-58.12544,-33.76463],[-58.14851,-33.77589],[-58.15459,-33.78814],[-58.16492,-33.79655],[-58.16803,-33.79729],[-58.18148,-33.79544],[-58.19938,-33.79904],[-58.21539,-33.79712],[-58.23152,-33.80158],[-58.23613,-33.79613],[-58.24282,-33.79627],[-58.25938,-33.80452],[-58.25926,-33.80647],[-58.25682,-33.80622],[-58.26009,-33.80718],[-58.26189,-33.80975],[-58.26365,-33.80748],[-58.26754,-33.81067],[-58.28051,-33.81647],[-58.27869,-33.82265],[-58.28141,-33.8318],[-58.2845,-33.83252],[-58.28652,-33.83673],[-58.29164,-33.83973],[-58.29783,-33.84055],[-58.30186,-33.83945],[-58.30638,-33.83457],[-58.30993,-33.83406],[-58.31631,-33.8369],[-58.32187,-33.83487],[-58.32759,-33.83932],[-58.33072,-33.83878],[-58.33266,-33.83638],[-58.33991,-33.83611],[-58.34296,-33.83771],[-58.34106,-33.83962],[-58.343,-33.84448],[-58.34155,-33.84805],[-58.3465,-33.85038],[-58.34634,-33.85319],[-58.34943,-33.85491],[-58.3531,-33.8548],[-58.3559,-33.85189],[-58.35978,-33.85254],[-58.36179,-33.85466],[-58.36597,-33.85356],[-58.37354,-33.85516],[-58.38069,-33.85472],[-58.3829,-33.85626],[-58.3853,-33.85414],[-58.3892,-33.85483],[-58.39639,-33.84956],[-58.39791,-33.84659],[-58.40396,-33.84835],[-58.40745,-33.847],[-58.4074,-33.84471],[-58.41164,-33.84427],[-58.41124,-33.84005],[-58.432,-33.84142],[-58.42285,-33.91628],[-58.41544,-33.91623],[-58.40906,-33.9192],[-58.40429,-33.92458],[-58.3947,-33.93031],[-58.38398,-33.9432],[-58.36896,-33.94686],[-58.37089,-33.94815],[-58.3688,-33.95172],[-58.36646,-33.95207],[-58.36454,-33.95035],[-58.36111,-33.95111],[-58.35885,-33.9536],[-58.36021,-33.95539],[-58.3577,-33.95795],[-58.34669,-33.9616],[-58.34174,-33.96483],[-58.32899,-33.96771],[-58.32365,-33.97744],[-58.31764,-33.98175],[-58.31639,-33.98474],[-58.30797,-33.99244],[-58.30498,-34.00029],[-58.30071,-34.00207],[-58.30095,-34.00418],[-58.2989,-34.00484],[-58.30018,-34.00729],[-58.29758,-34.00806],[-58.29245,-34.01421],[-58.29028,-34.02266],[-58.29207,-34.0266],[-58.28045,-34.03065],[-58.27317,-34.03545],[-58.2709,-34.03892],[-58.26447,-34.04183],[-58.23223,-34.07505],[-58.22935,-34.08296],[-58.22035,-34.09727],[-58.21851,-34.10928],[-58.21975,-34.1148],[-58.21625,-34.11762],[-58.21408,-34.1233],[-58.21487,-34.13327],[-58.2182,-34.13621],[-58.2177,-34.13919],[-58.22157,-34.14234],[-58.21973,-34.14643],[-58.22364,-34.15034],[-58.21777,-34.15236],[-58.21083,-34.16174],[-58.20997,-34.16527],[-58.19244,-34.16345],[-58.17997,-34.16393],[-58.17507,-34.16569],[-58.15144,-34.16524],[-58.14693,-34.1671],[-58.11705,-34.17138],[-58.10581,-34.17416],[-58.09548,-34.17866],[-58.07545,-34.18984],[-58.07004,-34.2037],[-58.07519,-34.20633],[-58.06745,-34.20843],[-58.06271,-34.2144],[-58.06166,-34.22169],[-58.06588,-34.22586],[-58.06551,-34.22957],[-58.06229,-34.23038],[-58.06156,-34.23368],[-58.04555,-34.23351],[-58.03469,-34.23953],[-58.03309,-34.2462],[-58.0192,-34.24898],[-58.01837,-34.25037],[-58.00801,-34.25378],[-58.00295,-34.25694],[-58.00306,-34.25859],[-57.99628,-34.26147],[-57.99543,-34.26791],[-57.99233,-34.26792],[-57.98989,-34.27031],[-57.98711,-34.26947],[-57.98467,-34.27416],[-57.98731,-34.27543],[-57.98718,-34.27697],[-57.9645,-34.29771],[-57.9567,-34.30304],[-57.94378,-34.32071],[-57.94292,-34.32422],[-57.93392,-34.33264],[-57.93334,-34.33625],[-57.92032,-34.34562],[-57.90495,-34.36489],[-57.89675,-34.37888],[-57.8967,-34.38547],[-57.89365,-34.39625],[-57.89442,-34.40527],[-57.8928,-34.41595],[-57.89496,-34.42605],[-57.88291,-34.43816],[-57.86165,-34.44374],[-57.85177,-34.44924],[-57.84764,-34.45346],[-57.844,-34.46123],[-57.84792,-34.46858],[-57.85199,-34.46852],[-57.85308,-34.46971],[-57.85395,-34.46771],[-57.85411,-34.4733],[-57.84565,-34.47397],[-57.84478,-34.47595],[-57.84466,-34.47487],[-57.84259,-34.47496],[-57.84288,-34.47623],[-57.83907,-34.47265],[-57.8371,-34.47378],[-57.83058,-34.47292],[-57.82892,-34.47492],[-57.82343,-34.47485],[-57.81625,-34.47147],[-57.80662,-34.47285],[-57.79583,-34.46816],[-57.7847,-34.46652],[-57.7806,-34.46812],[-57.77896,-34.47248],[-57.77735,-34.47261],[-57.77178,-34.47156],[-57.77015,-34.46959],[-57.7599,-34.46879],[-57.75941,-34.46585],[-57.75515,-34.46303],[-57.73648,-34.45612],[-57.72717,-34.45706],[-57.72417,-34.45982],[-57.725,-34.46268],[-57.72069,-34.46224],[-57.70506,-34.45497],[-57.68132,-34.44702],[-57.67637,-34.44646],[-57.66891,-34.44884],[-57.65321,-34.4397],[-57.64268,-34.43874],[-57.61811,-34.42943],[-57.59532,-34.42526],[-57.58288,-34.4249],[-57.56794,-34.43041],[-57.56215,-34.43392],[-57.55912,-34.43799],[-57.55726,-34.438],[-57.55526,-34.44058],[-57.55544,-34.44495],[-57.55115,-34.44616],[-57.55081,-34.44805],[-57.54677,-34.44756],[-57.54278,-34.45323],[-57.54029,-34.45311],[-57.5372,-34.45531],[-57.53347,-34.45404],[-57.53315,-34.45225],[-57.52723,-34.44816],[-57.50235,-34.43761],[-57.48051,-34.42973],[-57.46689,-34.42721],[-57.45669,-34.42798],[-57.4457,-34.43283],[-57.44274,-34.43951],[-57.44561,-34.44133],[-57.44116,-34.44254],[-57.43081,-34.43982],[-57.41973,-34.43412],[-57.40762,-34.43024],[-57.38934,-34.42702],[-57.35527,-34.43002],[-57.35064,-34.4324],[-57.35159,-34.43825],[-57.34192,-34.44135],[-57.32335,-34.44262],[-57.29576,-34.43709],[-57.27033,-34.43546],[-57.21639,-34.4376],[-57.15213,-34.44674],[-57.14954,-34.43894],[-57.14447,-34.43966],[-57.14197,-34.43732],[-57.14436,-34.4367],[-57.14414,-34.43371],[-57.1368,-34.43383],[-57.13442,-34.43227],[-57.13379,-34.42869],[-57.12794,-34.42869],[-57.12728,-34.42429],[-57.12062,-34.42175],[-57.12154,-34.41825],[-57.12498,-34.41671],[-57.12547,-34.41041],[-57.12037,-34.41114],[-57.11267,-34.40915],[-57.11398,-34.39826],[-57.1071,-34.3807],[-57.10813,-34.37023],[-57.10658,-34.36711],[-57.11053,-34.36215],[-57.10874,-34.35799],[-57.11084,-34.3484],[-57.10444,-34.34846],[-57.10222,-34.34419],[-57.09776,-34.34532],[-57.09492,-34.34457],[-57.09422,-34.34103],[-57.09147,-34.33953],[-57.0921,-34.3367],[-57.09455,-34.33622],[-57.09603,-34.33232],[-57.09759,-34.33229],[-57.10019,-34.3274],[-57.10218,-34.32686],[-57.10328,-34.32109],[-57.10119,-34.3195],[-57.10323,-34.31806],[-57.10233,-34.31684],[-57.08889,-34.31255],[-57.08936,-34.30738],[-57.09212,-34.30619],[-57.09096,-34.30346],[-57.09613,-34.30337],[-57.0968,-34.30081],[-57.09938,-34.30212],[-57.10381,-34.30168],[-57.10527,-34.29701],[-57.11053,-34.29524],[-57.11337,-34.2891],[-57.11266,-34.28677],[-57.11512,-34.28558],[-57.11541,-34.27947],[-57.11815,-34.27675],[-57.11678,-34.2748],[-57.11791,-34.27097],[-57.11582,-34.26929],[-57.11738,-34.26814],[-57.11786,-34.26306],[-57.11455,-34.25545],[-57.11771,-34.24684],[-57.11398,-34.24136],[-57.10395,-34.23219],[-57.10274,-34.22886],[-57.1048,-34.22369],[-57.10829,-34.22156],[-57.10712,-34.21915],[-57.10453,-34.21982],[-57.1044,-34.21695],[-57.1017,-34.21616],[-57.10363,-34.21194],[-57.09523,-34.20551],[-57.0948,-34.20257],[-57.08914,-34.2023],[-57.0877,-34.20034],[-57.08167,-34.20017],[-57.08029,-34.19836],[-57.07609,-34.19773],[-57.07171,-34.20007],[-57.06863,-34.19881],[-57.06447,-34.19384],[-57.05642,-34.19421],[-57.05222,-34.19145],[-57.0502,-34.1929],[-57.04154,-34.17421],[-57.03537,-34.17399],[-57.02112,-34.16972],[-57.01113,-34.15367],[-57.00657,-34.15156],[-56.99476,-34.15025],[-56.9903,-34.1441],[-56.98978,-34.13374],[-56.98232,-34.12749],[-56.99061,-34.12151],[-56.98784,-34.11652],[-56.98968,-34.11294],[-56.99638,-34.10994],[-57.00387,-34.10884],[-57.00676,-34.10671],[-57.00781,-34.10078],[-57.01151,-34.09548],[-57.01446,-34.08247],[-57.0224,-34.07617],[-57.02868,-34.06737],[-57.0377,-34.06235],[-57.04089,-34.05607],[-57.04534,-34.05103],[-57.04989,-34.04848],[-57.05255,-34.04406],[-57.06626,-34.04027],[-57.07386,-34.03617],[-57.08264,-34.03561],[-57.08615,-34.03331],[-57.08768,-34.03004],[-57.08642,-34.0244],[-57.08753,-34.01625],[-57.09559,-34.01199],[-57.09981,-34.00652],[-57.10495,-34.00444],[-57.10727,-34.00153],[-57.1025,-33.97992]]]}},{"type":"Feature","properties":{"shapeName":"Rocha","shapeISO":"UY-RO","shapeID":"27058087B55390925666910","shapeGroup":"URY","shapeType":"ADM1"},"geometry":{"type":"Polygon","coordinates":[[[-54.56613,-34.8018],[-54.44623,-34.74686],[-54.37623,-34.72164],[-54.28988,-34.68796],[-54.27155,-34.68322],[-54.22276,-34.6661],[-54.19843,-34.66102],[-54.18829,-34.66054],[-54.17718,-34.66203],[-54.17225,-34.66494],[-54.16277,-34.66536],[-54.15512,-34.66966],[-54.15205,-34.66908],[-54.14995,-34.66492],[-54.15162,-34.66391],[-54.15119,-34.65723],[-54.1463,-34.6553],[-54.14415,-34.65838],[-54.13963,-34.65336],[-54.14229,-34.65465],[-54.1504,-34.65018],[-54.15412,-34.6437],[-54.15379,-34.63404],[-54.14681,-34.61934],[-54.13548,-34.60539],[-54.12084,-34.59434],[-54.1208,-34.58808],[-54.11326,-34.57885],[-54.08141,-34.55421],[-53.99713,-34.50155],[-53.93691,-34.46822],[-53.86241,-34.43003],[-53.80421,-34.40531],[-53.79188,-34.40282],[-53.78613,-34.40427],[-53.78573,-34.4078],[-53.77672,-34.40612],[-53.7766,-34.40166],[-53.77981,-34.40128],[-53.78217,-34.39477],[-53.78113,-34.38332],[-53.77633,-34.37316],[-53.76497,-34.35946],[-53.76188,-34.35858],[-53.76447,-34.35754],[-53.76391,-34.35385],[-53.76687,-34.3546],[-53.77006,-34.35073],[-53.77012,-34.34402],[-53.77498,-34.34397],[-53.78038,-34.34695],[-53.78582,-34.34379],[-53.78921,-34.33796],[-53.79181,-34.3253],[-53.78949,-34.30385],[-53.77664,-34.27415],[-53.76145,-34.25343],[-53.73904,-34.22694],[-53.69425,-34.17935],[-53.65781,-34.14627],[-53.59901,-34.09901],[-53.55962,-34.07067],[-53.55528,-34.06854],[-53.55159,-34.06886],[-53.55011,-34.06583],[-53.55204,-34.06539],[-53.55285,-34.06288],[-53.55083,-34.0588],[-53.54171,-34.04975],[-53.53387,-34.04445],[-53.53632,-34.04495],[-53.53857,-34.04249],[-53.53899,-34.03848],[-53.53568,-34.03185],[-53.53794,-34.03266],[-53.54087,-34.03116],[-53.54261,-34.02474],[-53.53838,-34.01353],[-53.52882,-34.00282],[-53.53425,-33.99961],[-53.53473,-33.9972],[-53.53312,-33.99019],[-53.53052,-33.98607],[-53.52836,-33.98579],[-53.53235,-33.98353],[-53.53124,-33.97838],[-53.52892,-33.9758],[-53.53068,-33.97473],[-53.52976,-33.97076],[-53.51603,-33.95346],[-53.50607,-33.9459],[-53.51113,-33.94141],[-53.50708,-33.93153],[-53.50811,-33.92539],[-53.51156,-33.92159],[-53.51164,-33.9149],[-53.50328,-33.88766],[-53.47657,-33.84882],[-53.45114,-33.8198],[-53.41917,-33.78671],[-53.38687,-33.75761],[-53.36942,-33.74437],[-53.37212,-33.74308],[-53.38087,-33.74774],[-53.38677,-33.74611],[-53.39033,-33.74972],[-53.39502,-33.75106],[-53.39852,-33.74805],[-53.40261,-33.74965],[-53.41672,-33.74824],[-53.42597,-33.73921],[-53.43053,-33.73947],[-53.43168,-33.7281],[-53.43594,-33.72445],[-53.43338,-33.71961],[-53.43502,-33.71496],[-53.43863,-33.71238],[-53.43668,-33.70636],[-53.43864,-33.70438],[-53.43644,-33.70106],[-53.43969,-33.69801],[-53.44197,-33.69972],[-53.44313,-33.69712],[-53.44173,-33.69685],[-53.44159,-33.69386],[-53.43951,-33.69347],[-53.53228,-33.6888],[-53.52891,-33.68787],[-53.53082,-33.67878],[-53.52435,-33.67435],[-53.52854,-33.67283],[-53.52853,-33.6682],[-53.53215,-33.66753],[-53.53317,-33.66177],[-53.53107,-33.66186],[-53.53072,-33.65952],[-53.53371,-33.65887],[-53.5311,-33.65652],[-53.53395,-33.65151],[-53.53251,-33.64965],[-53.53551,-33.64952],[-53.53173,-33.6483],[-53.53168,-33.64545],[-53.52938,-33.64391],[-53.53166,-33.64079],[-53.52812,-33.63983],[-53.52971,-33.63333],[-53.52698,-33.63153],[-53.52887,-33.62913],[-53.526,-33.62557],[-53.53649,-33.61346],[-53.5324,-33.60999],[-53.53248,-33.60263],[-53.5338,-33.60983],[-53.53571,-33.60978],[-53.53807,-33.61252],[-53.53957,-33.61034],[-53.53803,-33.6075],[-53.54032,-33.60475],[-53.53419,-33.59509],[-53.53443,-33.59181],[-53.536,-33.59305],[-53.53651,-33.59085],[-53.5347,-33.58559],[-53.53811,-33.58133],[-53.53629,-33.57585],[-53.53738,-33.57174],[-53.52918,-33.55928],[-53.53349,-33.56193],[-53.53552,-33.56088],[-53.53997,-33.55068],[-53.53737,-33.5455],[-53.53239,-33.54329],[-53.54029,-33.54055],[-53.54326,-33.53735],[-53.54131,-33.53549],[-53.54456,-33.52916],[-53.5473,-33.52833],[-53.54318,-33.52142],[-53.54494,-33.52119],[-53.5456,-33.52284],[-53.55051,-33.52287],[-53.54986,-33.52134],[-53.55688,-33.52043],[-53.56872,-33.51093],[-53.58746,-33.47243],[-53.58972,-33.4591],[-53.59095,-33.45888],[-53.59038,-33.45549],[-53.59501,-33.44614],[-53.59962,-33.42601],[-53.5951,-33.40297],[-53.57831,-33.37377],[-53.5701,-33.36546],[-53.56544,-33.35271],[-53.5657,-33.35116],[-53.57031,-33.35184],[-53.57453,-33.35998],[-53.57894,-33.36425],[-53.59022,-33.36248],[-53.59836,-33.35819],[-53.60524,-33.34751],[-53.60558,-33.34364],[-53.60377,-33.34446],[-53.60124,-33.34169],[-53.60254,-33.32367],[-53.59886,-33.31321],[-53.58719,-33.2911],[-53.57945,-33.28616],[-53.57026,-33.27329],[-53.56981,-33.26191],[-53.57392,-33.2639],[-53.57481,-33.27056],[-53.58012,-33.27969],[-53.58353,-33.28116],[-53.59573,-33.27988],[-53.60958,-33.27239],[-53.62334,-33.26181],[-53.64912,-33.23429],[-53.66002,-33.21556],[-53.66408,-33.19826],[-53.66163,-33.18315],[-53.65684,-33.17631],[-53.64968,-33.17184],[-53.63956,-33.17064],[-53.61339,-33.18],[-53.60592,-33.17945],[-53.60572,-33.17817],[-53.61345,-33.17107],[-53.61616,-33.15733],[-53.61883,-33.15617],[-53.61991,-33.15338],[-53.61831,-33.15234],[-53.61945,-33.15163],[-53.62387,-33.15356],[-53.62603,-33.15083],[-53.63439,-33.1554],[-53.65584,-33.15913],[-53.67009,-33.16316],[-53.67845,-33.16839],[-53.68966,-33.16819],[-53.70072,-33.17256],[-53.7057,-33.17191],[-53.70674,-33.17344],[-53.70485,-33.17717],[-53.70843,-33.17811],[-53.70948,-33.18262],[-53.71949,-33.17742],[-53.73386,-33.17533],[-53.73444,-33.17791],[-53.7276,-33.18079],[-53.72562,-33.18352],[-53.72498,-33.18808],[-53.72824,-33.19092],[-53.73292,-33.19142],[-53.73884,-33.18999],[-53.74112,-33.18151],[-53.74588,-33.18],[-53.74721,-33.18148],[-53.74678,-33.19024],[-53.74839,-33.19201],[-53.76189,-33.19178],[-53.76901,-33.19609],[-53.7709,-33.2008],[-53.78017,-33.19872],[-53.79887,-33.20427],[-53.80069,-33.21079],[-53.79425,-33.21754],[-53.79468,-33.22583],[-53.79777,-33.22853],[-53.80683,-33.22914],[-53.81099,-33.23345],[-53.80927,-33.23887],[-53.80129,-33.24073],[-53.80554,-33.24795],[-53.80219,-33.25462],[-53.80232,-33.25922],[-53.80451,-33.25968],[-53.80678,-33.25466],[-53.81018,-33.25383],[-53.81635,-33.25688],[-53.81614,-33.26065],[-53.81772,-33.2624],[-53.83069,-33.26],[-53.8353,-33.26359],[-53.83527,-33.27238],[-53.83657,-33.2749],[-53.83936,-33.27558],[-53.84253,-33.2736],[-53.84258,-33.26928],[-53.84524,-33.26693],[-53.84584,-33.25828],[-53.8486,-33.25759],[-53.85226,-33.25894],[-53.85597,-33.26596],[-53.85858,-33.27777],[-53.86667,-33.28068],[-53.86538,-33.29106],[-53.87656,-33.29524],[-53.88006,-33.30104],[-53.88776,-33.30288],[-53.89281,-33.31338],[-53.8914,-33.31525],[-53.89293,-33.31826],[-53.89016,-33.3195],[-53.89007,-33.3216],[-53.894,-33.32228],[-53.89645,-33.32446],[-53.89898,-33.32127],[-53.90136,-33.3243],[-53.90468,-33.32485],[-53.90525,-33.32874],[-53.9131,-33.33207],[-53.91486,-33.3356],[-53.92449,-33.33629],[-53.92382,-33.33891],[-53.92596,-33.34081],[-53.93108,-33.33921],[-53.9371,-33.33933],[-53.94482,-33.33352],[-53.95003,-33.33311],[-53.95403,-33.33474],[-53.95356,-33.33985],[-53.96022,-33.34057],[-53.96554,-33.33885],[-53.96949,-33.34],[-53.97086,-33.34286],[-53.96588,-33.34372],[-53.96468,-33.34645],[-53.96966,-33.3496],[-53.97395,-33.34903],[-53.97498,-33.35419],[-53.97267,-33.35658],[-53.97593,-33.36174],[-53.9791,-33.36366],[-53.97944,-33.36079],[-53.98408,-33.36079],[-53.9906,-33.36681],[-53.99077,-33.36839],[-53.987,-33.37211],[-53.98614,-33.37871],[-53.9882,-33.38372],[-53.98537,-33.38611],[-53.98614,-33.39748],[-53.98957,-33.39978],[-53.99369,-33.39519],[-53.99918,-33.40422],[-54.00426,-33.40804],[-54.0033,-33.41052],[-54.00451,-33.41196],[-54.01162,-33.41077],[-54.0137,-33.41406],[-54.01783,-33.41444],[-54.02049,-33.40885],[-54.03172,-33.41345],[-54.03435,-33.41844],[-54.04095,-33.4174],[-54.04421,-33.42208],[-54.04324,-33.42462],[-54.04544,-33.4264],[-54.0457,-33.43516],[-54.05079,-33.43307],[-54.0498,-33.43538],[-54.05285,-33.43861],[-54.05197,-33.44006],[-54.0483,-33.44065],[-54.05117,-33.44537],[-54.05516,-33.44455],[-54.06435,-33.4488],[-54.0695,-33.44874],[-54.06759,-33.44722],[-54.06869,-33.44619],[-54.07488,-33.44564],[-54.07675,-33.44648],[-54.075,-33.44909],[-54.07629,-33.44985],[-54.08003,-33.4484],[-54.0802,-33.44575],[-54.08529,-33.44667],[-54.08745,-33.44378],[-54.0926,-33.44584],[-54.09265,-33.44802],[-54.0963,-33.44828],[-54.10144,-33.4518],[-54.10121,-33.44866],[-54.10622,-33.4483],[-54.10693,-33.44656],[-54.11228,-33.44413],[-54.11492,-33.44557],[-54.11424,-33.44865],[-54.11761,-33.4488],[-54.11822,-33.45135],[-54.12243,-33.4502],[-54.1214,-33.4545],[-54.1252,-33.45496],[-54.1244,-33.45794],[-54.12906,-33.45853],[-54.12981,-33.46138],[-54.13464,-33.46272],[-54.13586,-33.46643],[-54.13479,-33.46997],[-54.13874,-33.47152],[-54.13786,-33.47372],[-54.14012,-33.48089],[-54.14294,-33.47955],[-54.14984,-33.48038],[-54.1528,-33.4826],[-54.15341,-33.48011],[-54.15652,-33.47966],[-54.15554,-33.47705],[-54.15791,-33.47598],[-54.16024,-33.47708],[-54.15855,-33.47963],[-54.16652,-33.47911],[-54.16839,-33.48207],[-54.17237,-33.48322],[-54.17569,-33.48003],[-54.17646,-33.48583],[-54.17805,-33.48651],[-54.18083,-33.48591],[-54.18058,-33.48357],[-54.1865,-33.48054],[-54.18757,-33.48293],[-54.19884,-33.48204],[-54.20395,-33.48454],[-54.20736,-33.48175],[-54.20852,-33.48622],[-54.21854,-33.48761],[-54.21843,-33.49288],[-54.2259,-33.4995],[-54.2283,-33.49814],[-54.22907,-33.50164],[-54.22736,-33.50447],[-54.22238,-33.50365],[-54.22216,-33.50497],[-54.22684,-33.50812],[-54.21821,-33.51485],[-54.22169,-33.5176],[-54.22457,-33.52286],[-54.22877,-33.52369],[-54.22843,-33.52268],[-54.23079,-33.52258],[-54.23405,-33.52497],[-54.23259,-33.52705],[-54.23452,-33.53018],[-54.23929,-33.52993],[-54.23686,-33.53435],[-54.23763,-33.53558],[-54.23525,-33.53587],[-54.23321,-33.53361],[-54.23203,-33.53481],[-54.23678,-33.54016],[-54.23613,-33.54302],[-54.238,-33.54139],[-54.23922,-33.54343],[-54.24791,-33.54304],[-54.24744,-33.54086],[-54.25062,-33.54121],[-54.25186,-33.54279],[-54.25443,-33.54139],[-54.26079,-33.54411],[-54.2601,-33.54747],[-54.26671,-33.54865],[-54.26735,-33.55248],[-54.27057,-33.55538],[-54.27006,-33.55695],[-54.26554,-33.55539],[-54.26782,-33.55945],[-54.26658,-33.56221],[-54.26812,-33.56721],[-54.27971,-33.57873],[-54.28259,-33.57984],[-54.28384,-33.58439],[-54.28748,-33.58602],[-54.28945,-33.59203],[-54.29744,-33.59317],[-54.29864,-33.5956],[-54.30353,-33.59632],[-54.3031,-33.59961],[-54.30073,-33.60005],[-54.30327,-33.60432],[-54.31083,-33.60508],[-54.31732,-33.60767],[-54.31757,-33.61003],[-54.32138,-33.61305],[-54.32335,-33.61222],[-54.32461,-33.60693],[-54.33014,-33.61376],[-54.33529,-33.61548],[-54.34833,-33.61548],[-54.35537,-33.61176],[-54.35723,-33.61581],[-54.3632,-33.61546],[-54.36589,-33.61379],[-54.36655,-33.61571],[-54.37005,-33.61611],[-54.3671,-33.61842],[-54.37045,-33.62009],[-54.37273,-33.62496],[-54.37443,-33.62477],[-54.37376,-33.62323],[-54.37608,-33.62354],[-54.37884,-33.62745],[-54.38134,-33.62735],[-54.38207,-33.63566],[-54.38444,-33.63489],[-54.38738,-33.63832],[-54.38721,-33.64414],[-54.38553,-33.64406],[-54.38501,-33.64562],[-54.38738,-33.65169],[-54.38554,-33.65875],[-54.39154,-33.66492],[-54.39092,-33.66795],[-54.3884,-33.66818],[-54.38686,-33.67163],[-54.39245,-33.68058],[-54.38925,-33.68419],[-54.39196,-33.68985],[-54.39175,-33.69301],[-54.3893,-33.69552],[-54.39282,-33.69927],[-54.38993,-33.70676],[-54.38511,-33.71175],[-54.38548,-33.71684],[-54.38837,-33.71812],[-54.38904,-33.72047],[-54.38747,-33.72089],[-54.3894,-33.72284],[-54.38862,-33.72418],[-54.38613,-33.72402],[-54.38708,-33.72603],[-54.38254,-33.7253],[-54.38278,-33.72729],[-54.37932,-33.72992],[-54.38143,-33.73162],[-54.37985,-33.73397],[-54.3813,-33.73802],[-54.37829,-33.7381],[-54.37656,-33.73608],[-54.37517,-33.73792],[-54.37656,-33.74028],[-54.38029,-33.73991],[-54.38389,-33.74314],[-54.38544,-33.74797],[-54.3912,-33.75155],[-54.39206,-33.75854],[-54.39001,-33.76023],[-54.39021,-33.7646],[-54.39429,-33.76801],[-54.39434,-33.77065],[-54.39793,-33.76925],[-54.39999,-33.77002],[-54.40098,-33.77246],[-54.40606,-33.7736],[-54.41168,-33.77885],[-54.41438,-33.77837],[-54.41115,-33.78344],[-54.41487,-33.78859],[-54.41773,-33.78719],[-54.41828,-33.78511],[-54.41584,-33.78272],[-54.4195,-33.78172],[-54.42058,-33.78302],[-54.41925,-33.78445],[-54.42301,-33.78523],[-54.42923,-33.79228],[-54.43191,-33.79329],[-54.43094,-33.79723],[-54.43254,-33.8001],[-54.43037,-33.8017],[-54.43288,-33.80374],[-54.43164,-33.81017],[-54.43303,-33.81185],[-54.43668,-33.81234],[-54.4389,-33.81117],[-54.44036,-33.81361],[-54.43395,-33.82281],[-54.43151,-33.82393],[-54.43119,-33.82209],[-54.42409,-33.82806],[-54.42575,-33.82822],[-54.42524,-33.83079],[-54.42661,-33.82951],[-54.4266,-33.83122],[-54.42987,-33.83378],[-54.42833,-33.83521],[-54.4321,-33.84505],[-54.43725,-33.8479],[-54.43398,-33.85061],[-54.43313,-33.85503],[-54.43622,-33.86002],[-54.43674,-33.86771],[-54.43966,-33.87555],[-54.4388,-33.87755],[-54.44411,-33.8804],[-54.44704,-33.88396],[-54.44566,-33.88781],[-54.44944,-33.89052],[-54.44687,-33.89522],[-54.46694,-33.90092],[-54.46917,-33.89964],[-54.47227,-33.90049],[-54.47623,-33.89792],[-54.47794,-33.9002],[-54.48138,-33.90099],[-54.48153,-33.90524],[-54.48508,-33.90902],[-54.48301,-33.91888],[-54.48635,-33.91866],[-54.48334,-33.9243],[-54.48549,-33.92754],[-54.48395,-33.92898],[-54.48618,-33.93895],[-54.48197,-33.95087],[-54.48409,-33.95193],[-54.4827,-33.95652],[-54.48744,-33.96159],[-54.48661,-33.96383],[-54.48172,-33.966],[-54.48357,-33.96759],[-54.48057,-33.96861],[-54.48413,-33.97449],[-54.48104,-33.97637],[-54.48401,-33.98022],[-54.48694,-33.97952],[-54.48432,-33.98572],[-54.48888,-33.99014],[-54.48745,-33.99418],[-54.48892,-33.99526],[-54.48593,-34.00147],[-54.48856,-34.00265],[-54.49322,-34.0144],[-54.48773,-34.02108],[-54.48327,-34.02194],[-54.47297,-34.02748],[-54.46872,-34.03523],[-54.46921,-34.0388],[-54.46763,-34.04039],[-54.46928,-34.04361],[-54.47325,-34.04563],[-54.47257,-34.05065],[-54.47502,-34.05329],[-54.47006,-34.05873],[-54.47431,-34.06105],[-54.47745,-34.06554],[-54.47608,-34.07109],[-54.47206,-34.07513],[-54.46797,-34.07572],[-54.46604,-34.07954],[-54.46391,-34.0802],[-54.46449,-34.08917],[-54.46861,-34.09175],[-54.47011,-34.10146],[-54.4729,-34.1022],[-54.47519,-34.10033],[-54.47376,-34.10388],[-54.47696,-34.1083],[-54.47674,-34.11215],[-54.48155,-34.11294],[-54.48344,-34.11579],[-54.47106,-34.12818],[-54.47125,-34.13099],[-54.48015,-34.13624],[-54.47848,-34.14059],[-54.47039,-34.14477],[-54.47072,-34.1482],[-54.46782,-34.15287],[-54.47026,-34.15691],[-54.48292,-34.15613],[-54.48484,-34.15892],[-54.48511,-34.16455],[-54.49073,-34.16674],[-54.49086,-34.16803],[-54.48687,-34.17321],[-54.48808,-34.17485],[-54.48515,-34.17986],[-54.48801,-34.18469],[-54.48555,-34.18723],[-54.4855,-34.18993],[-54.48945,-34.19519],[-54.48652,-34.20272],[-54.48773,-34.21758],[-54.48326,-34.23015],[-54.4849,-34.23443],[-54.4894,-34.23881],[-54.48343,-34.24796],[-54.48524,-34.26222],[-54.48344,-34.26715],[-54.48455,-34.27146],[-54.48202,-34.27522],[-54.48704,-34.28795],[-54.48489,-34.2919],[-54.48427,-34.29934],[-54.48504,-34.30544],[-54.48747,-34.30817],[-54.48434,-34.31296],[-54.48678,-34.32044],[-54.48372,-34.32556],[-54.48521,-34.32905],[-54.48489,-34.33736],[-54.48757,-34.33934],[-54.4856,-34.3441],[-54.48702,-34.35823],[-54.48965,-34.35983],[-54.48949,-34.36289],[-54.49351,-34.37049],[-54.49204,-34.37677],[-54.49581,-34.3779],[-54.49707,-34.38082],[-54.49751,-34.38433],[-54.49424,-34.38769],[-54.49451,-34.39016],[-54.49843,-34.39167],[-54.50408,-34.39804],[-54.50341,-34.40278],[-54.50514,-34.40498],[-54.50895,-34.40509],[-54.51265,-34.39584],[-54.51591,-34.39661],[-54.51915,-34.39383],[-54.51954,-34.39144],[-54.52271,-34.38967],[-54.52153,-34.38826],[-54.52318,-34.38493],[-54.52987,-34.38396],[-54.53363,-34.38673],[-54.53864,-34.38488],[-54.5459,-34.38728],[-54.55193,-34.38476],[-54.55231,-34.38257],[-54.55618,-34.38328],[-54.55716,-34.38376],[-54.54838,-34.39848],[-54.55154,-34.41007],[-54.56195,-34.41265],[-54.56288,-34.42024],[-54.5674,-34.42248],[-54.57534,-34.42221],[-54.57912,-34.42056],[-54.57813,-34.42296],[-54.57109,-34.42443],[-54.5688,-34.4282],[-54.56262,-34.43052],[-54.56431,-34.43529],[-54.56126,-34.43781],[-54.56279,-34.43882],[-54.56262,-34.44157],[-54.55607,-34.44251],[-54.55553,-34.44528],[-54.55782,-34.4481],[-54.55502,-34.45066],[-54.55524,-34.4524],[-54.55034,-34.4506],[-54.5477,-34.45159],[-54.55061,-34.45516],[-54.5488,-34.4549],[-54.5465,-34.46],[-54.54362,-34.46038],[-54.54012,-34.46406],[-54.53826,-34.46908],[-54.54133,-34.46865],[-54.54309,-34.47676],[-54.53849,-34.47501],[-54.53647,-34.47598],[-54.53599,-34.47922],[-54.53967,-34.48178],[-54.53691,-34.48284],[-54.53472,-34.48602],[-54.53905,-34.48854],[-54.53493,-34.49073],[-54.54066,-34.49289],[-54.54186,-34.49527],[-54.53798,-34.49867],[-54.53909,-34.50362],[-54.53562,-34.50854],[-54.53586,-34.5135],[-54.53066,-34.51606],[-54.52338,-34.51272],[-54.52168,-34.51595],[-54.51524,-34.51797],[-54.5139,-34.51996],[-54.5152,-34.52479],[-54.51199,-34.53065],[-54.50736,-34.53202],[-54.50468,-34.53506],[-54.50638,-34.53982],[-54.50247,-34.54752],[-54.50191,-34.55493],[-54.50365,-34.55893],[-54.51009,-34.55967],[-54.51275,-34.56555],[-54.51782,-34.56973],[-54.5169,-34.57502],[-54.51875,-34.5788],[-54.52712,-34.57977],[-54.53018,-34.58159],[-54.52982,-34.58514],[-54.53151,-34.58827],[-54.53388,-34.58864],[-54.53444,-34.59163],[-54.53014,-34.59506],[-54.53002,-34.59973],[-54.53465,-34.60116],[-54.53575,-34.60599],[-54.5393,-34.60842],[-54.53767,-34.6232],[-54.53195,-34.6273],[-54.53638,-34.6358],[-54.53461,-34.64078],[-54.53806,-34.6474],[-54.53937,-34.65566],[-54.54317,-34.65843],[-54.54201,-34.66226],[-54.53581,-34.66608],[-54.536,-34.67007],[-54.53261,-34.67501],[-54.53356,-34.67922],[-54.53684,-34.68229],[-54.53401,-34.68397],[-54.53364,-34.68606],[-54.5339,-34.68953],[-54.53577,-34.68988],[-54.53507,-34.70022],[-54.53797,-34.70723],[-54.53665,-34.70865],[-54.538,-34.70997],[-54.54001,-34.70866],[-54.54071,-34.71068],[-54.53618,-34.71509],[-54.53756,-34.72127],[-54.53593,-34.72719],[-54.52959,-34.73155],[-54.52778,-34.73492],[-54.52452,-34.75269],[-54.52635,-34.75716],[-54.53164,-34.75953],[-54.54096,-34.75533],[-54.54108,-34.75843],[-54.54422,-34.75899],[-54.54542,-34.75588],[-54.54423,-34.75242],[-54.55255,-34.76703],[-54.54796,-34.77718],[-54.54895,-34.78169],[-54.54731,-34.78721],[-54.55778,-34.79196],[-54.56378,-34.79799],[-54.56486,-34.79721],[-54.56217,-34.79344],[-54.56974,-34.79733],[-54.56613,-34.8018]]]}},{"type":"Feature","properties":{"shapeName":"Cerro Largo","shapeISO":"UY-CL","shapeID":"27058087B72518212949854","shapeGroup":"URY","shapeType":"ADM1"},"geometry":{"type":"Polygon","coordinates":[[[-54.66736,-32.10995],[-54.67546,-32.11343],[-54.67857,-32.11707],[-54.68208,-32.11629],[-54.68786,-32.11154],[-54.6907,-32.1131],[-54.68966,-32.11641],[-54.69848,-32.11709],[-54.70838,-32.10385],[-54.70843,-32.09957],[-54.71148,-32.0994],[-54.71388,-32.09665],[-54.72271,-32.09339],[-54.725,-32.09468],[-54.7272,-32.09074],[-54.73509,-32.09174],[-54.74024,-32.09503],[-54.74953,-32.09424],[-54.75768,-32.0971],[-54.76308,-32.10323],[-54.76403,-32.10974],[-54.75715,-32.10954],[-54.7544,-32.11363],[-54.76,-32.11975],[-54.76682,-32.12024],[-54.76779,-32.12525],[-54.77115,-32.12723],[-54.77191,-32.13087],[-54.77671,-32.13508],[-54.77629,-32.13735],[-54.77347,-32.1368],[-54.77254,-32.13851],[-54.77337,-32.15014],[-54.77524,-32.15183],[-54.78065,-32.1508],[-54.78593,-32.15174],[-54.78839,-32.14943],[-54.79279,-32.14875],[-54.80538,-32.15793],[-54.80652,-32.16372],[-54.80924,-32.16624],[-54.80741,-32.16837],[-54.81489,-32.17152],[-54.81457,-32.17601],[-54.81013,-32.1761],[-54.81281,-32.18096],[-54.80598,-32.18291],[-54.80472,-32.18542],[-54.80773,-32.19556],[-54.81151,-32.199],[-54.81007,-32.2055],[-54.80676,-32.20739],[-54.80825,-32.2115],[-54.80514,-32.21228],[-54.80438,-32.21061],[-54.8015,-32.20984],[-54.79621,-32.21064],[-54.79542,-32.21196],[-54.79811,-32.21409],[-54.79713,-32.21654],[-54.79285,-32.21377],[-54.79226,-32.21696],[-54.78941,-32.21765],[-54.78908,-32.21904],[-54.79147,-32.21982],[-54.79346,-32.21865],[-54.79603,-32.21988],[-54.79643,-32.22193],[-54.79299,-32.22317],[-54.79485,-32.22712],[-54.7973,-32.22581],[-54.79974,-32.22691],[-54.79947,-32.23213],[-54.81038,-32.23503],[-54.8112,-32.2399],[-54.81702,-32.24109],[-54.8159,-32.24528],[-54.81751,-32.24872],[-54.81163,-32.25056],[-54.8158,-32.25294],[-54.81734,-32.25823],[-54.8143,-32.26626],[-54.81633,-32.26742],[-54.81818,-32.26506],[-54.82865,-32.26936],[-54.82834,-32.27264],[-54.83087,-32.27526],[-54.83143,-32.28065],[-54.82958,-32.28393],[-54.83324,-32.29572],[-54.83735,-32.294],[-54.84027,-32.29546],[-54.84384,-32.29388],[-54.84553,-32.29537],[-54.84478,-32.30175],[-54.84167,-32.30549],[-54.84106,-32.31035],[-54.84467,-32.3151],[-54.8484,-32.32471],[-54.85827,-32.32878],[-54.86096,-32.3256],[-54.86329,-32.3256],[-54.86389,-32.32876],[-54.86836,-32.33239],[-54.87371,-32.32737],[-54.87801,-32.32824],[-54.8777,-32.32519],[-54.88091,-32.32797],[-54.88133,-32.33363],[-54.88971,-32.33334],[-54.89682,-32.33934],[-54.89666,-32.34062],[-54.89339,-32.34069],[-54.89157,-32.3426],[-54.90507,-32.34763],[-54.90538,-32.35057],[-54.90289,-32.35069],[-54.90192,-32.35235],[-54.9087,-32.36341],[-54.90571,-32.36566],[-54.92134,-32.37852],[-54.91686,-32.37973],[-54.9148,-32.38269],[-54.91105,-32.38063],[-54.91095,-32.38455],[-54.9217,-32.38863],[-54.92468,-32.38755],[-54.92313,-32.38416],[-54.9303,-32.38568],[-54.93204,-32.38801],[-54.93578,-32.38516],[-54.93797,-32.38625],[-54.93976,-32.38491],[-54.94029,-32.38634],[-54.93776,-32.38873],[-54.93994,-32.38936],[-54.94627,-32.38199],[-54.94814,-32.38661],[-54.95267,-32.38565],[-54.95566,-32.3879],[-54.95574,-32.39016],[-54.95864,-32.3899],[-54.95951,-32.39509],[-54.96394,-32.39998],[-54.96609,-32.4094],[-54.96848,-32.41179],[-54.96731,-32.41556],[-54.97925,-32.42034],[-54.9796,-32.42251],[-54.97685,-32.42524],[-54.97781,-32.42647],[-54.98331,-32.42389],[-54.9855,-32.42424],[-54.98442,-32.42845],[-54.98719,-32.43305],[-54.99333,-32.42956],[-54.99533,-32.43432],[-54.99396,-32.43722],[-54.99609,-32.43839],[-54.99679,-32.44214],[-55.00042,-32.44323],[-55.00617,-32.45297],[-55.01283,-32.45109],[-55.01403,-32.45189],[-55.0132,-32.45809],[-55.01731,-32.46143],[-55.01835,-32.46773],[-55.02251,-32.46779],[-55.0224,-32.46412],[-55.02696,-32.46057],[-55.03104,-32.46141],[-55.03782,-32.46668],[-55.04616,-32.48173],[-55.05382,-32.4852],[-55.05922,-32.48522],[-55.07024,-32.48282],[-55.07317,-32.48089],[-55.075,-32.48505],[-55.08005,-32.48734],[-55.08642,-32.48044],[-55.09278,-32.47815],[-55.09227,-32.47594],[-55.08826,-32.47505],[-55.08883,-32.47337],[-55.093,-32.4736],[-55.09539,-32.47622],[-55.10386,-32.47616],[-55.10753,-32.47907],[-55.11389,-32.48094],[-55.12341,-32.47534],[-55.12547,-32.47608],[-55.12679,-32.47968],[-55.132,-32.47879],[-55.13451,-32.47548],[-55.13939,-32.47785],[-55.14285,-32.47481],[-55.14728,-32.47823],[-55.14935,-32.47599],[-55.14779,-32.47144],[-55.14982,-32.469],[-55.15665,-32.46648],[-55.15698,-32.46236],[-55.16158,-32.4548],[-55.1639,-32.45446],[-55.16924,-32.45765],[-55.17356,-32.46447],[-55.18228,-32.46683],[-55.19074,-32.45361],[-55.19626,-32.45541],[-55.20607,-32.45261],[-55.21306,-32.45368],[-55.21752,-32.45172],[-55.22094,-32.44681],[-55.23327,-32.44498],[-55.2442,-32.44788],[-55.24428,-32.45298],[-55.23828,-32.45288],[-55.23713,-32.45404],[-55.23958,-32.45823],[-55.23943,-32.46258],[-55.24903,-32.46852],[-55.25369,-32.4754],[-55.2563,-32.47533],[-55.25592,-32.471],[-55.2615,-32.46565],[-55.27043,-32.46531],[-55.27866,-32.47518],[-55.28118,-32.47298],[-55.29444,-32.47014],[-55.29646,-32.47213],[-55.29608,-32.47714],[-55.29876,-32.48087],[-55.30147,-32.4817],[-55.29892,-32.48452],[-55.30169,-32.4859],[-55.30644,-32.48343],[-55.30948,-32.48353],[-55.31119,-32.48603],[-55.30884,-32.48786],[-55.3108,-32.48891],[-55.30575,-32.49256],[-55.30988,-32.49665],[-55.30998,-32.4999],[-55.31553,-32.50756],[-55.31448,-32.50948],[-55.3102,-32.50895],[-55.30762,-32.51135],[-55.30136,-32.51338],[-55.30191,-32.5151],[-55.3085,-32.5184],[-55.3083,-32.52082],[-55.30566,-32.52199],[-55.30558,-32.52631],[-55.30918,-32.53107],[-55.3062,-32.53289],[-55.30132,-32.55068],[-55.30265,-32.55251],[-55.29134,-32.55756],[-55.29302,-32.5607],[-55.29204,-32.56455],[-55.29409,-32.56787],[-55.30233,-32.57421],[-55.30333,-32.58299],[-55.30651,-32.5822],[-55.30917,-32.58363],[-55.31384,-32.58936],[-55.31258,-32.59162],[-55.31531,-32.60425],[-55.32228,-32.60736],[-55.321,-32.61249],[-55.32606,-32.61801],[-55.32282,-32.62219],[-55.32453,-32.624],[-55.32724,-32.62396],[-55.32988,-32.629],[-55.32974,-32.63425],[-55.33189,-32.63567],[-55.33116,-32.64062],[-55.33354,-32.64495],[-55.33328,-32.65164],[-55.33542,-32.65366],[-55.3332,-32.65488],[-55.33624,-32.65546],[-55.33424,-32.66229],[-55.33286,-32.66155],[-55.33181,-32.66338],[-55.3275,-32.66372],[-55.32853,-32.66701],[-55.3262,-32.67041],[-55.32712,-32.67128],[-55.32913,-32.66983],[-55.3306,-32.67134],[-55.33039,-32.67598],[-55.32853,-32.6785],[-55.33171,-32.68121],[-55.3327,-32.68954],[-55.33553,-32.69227],[-55.33575,-32.70216],[-55.32176,-32.71421],[-55.3189,-32.7183],[-55.3169,-32.72458],[-55.31924,-32.72416],[-55.32235,-32.73747],[-55.31656,-32.74759],[-55.31905,-32.75188],[-55.32304,-32.75478],[-55.34667,-32.74873],[-55.34766,-32.7505],[-55.34943,-32.75026],[-55.35052,-32.7582],[-55.35351,-32.75833],[-55.35324,-32.76274],[-55.34792,-32.77385],[-55.35186,-32.77833],[-55.35324,-32.78309],[-55.35221,-32.78757],[-55.345,-32.79132],[-55.34122,-32.79594],[-55.33538,-32.79377],[-55.32357,-32.80671],[-55.32612,-32.81686],[-55.33006,-32.82219],[-55.32817,-32.82623],[-55.32031,-32.83081],[-55.31737,-32.84282],[-55.31823,-32.85147],[-55.32114,-32.85897],[-55.32183,-32.87887],[-55.31981,-32.88379],[-55.32143,-32.88691],[-55.32096,-32.89156],[-55.31134,-32.90297],[-55.30294,-32.90338],[-55.29985,-32.90539],[-55.29315,-32.91447],[-55.29656,-32.9209],[-55.29573,-32.9247],[-55.29073,-32.92911],[-55.28303,-32.93061],[-55.27942,-32.93277],[-55.27479,-32.94387],[-55.26978,-32.94511],[-55.26383,-32.94071],[-55.26151,-32.94118],[-55.25725,-32.94438],[-55.25416,-32.95041],[-55.251,-32.95102],[-55.24423,-32.94819],[-55.23256,-32.95383],[-55.22037,-32.96878],[-55.21453,-32.97325],[-55.21265,-32.99355],[-55.20183,-32.99701],[-55.19273,-33.00363],[-55.19548,-33.01313],[-55.18824,-33.01754],[-55.18707,-33.02479],[-55.18552,-33.0258],[-55.17574,-33.02724],[-55.16836,-33.02522],[-55.16201,-33.0294],[-55.15879,-33.02764],[-55.15755,-33.02508],[-55.15945,-33.02262],[-55.15949,-33.01866],[-55.1663,-33.01846],[-55.16458,-33.0163],[-55.16716,-33.01184],[-55.16493,-33.00953],[-55.16029,-33.00925],[-55.15584,-33.011],[-55.15592,-33.01602],[-55.14811,-33.01374],[-55.12934,-33.02502],[-55.12141,-33.02688],[-55.1057,-33.02321],[-55.10321,-33.02155],[-55.10132,-33.01464],[-55.09626,-33.01356],[-55.09188,-33.00967],[-55.08467,-33.01025],[-55.0839,-33.00665],[-55.07884,-33.00471],[-55.07738,-33.00032],[-55.07463,-32.99845],[-55.05646,-33.00636],[-55.05092,-33.00683],[-55.04448,-33.00364],[-55.03933,-33.00641],[-55.03052,-33.00483],[-55.02612,-33.00563],[-55.01682,-33.00163],[-55.00584,-33.00177],[-55.01054,-32.99372],[-55.01486,-32.9942],[-55.02317,-32.98763],[-55.03237,-32.97464],[-55.03,-32.96964],[-55.02433,-32.9646],[-55.01918,-32.94992],[-55.01541,-32.94714],[-55.01232,-32.94159],[-55.00652,-32.93841],[-55.00762,-32.9336],[-54.98271,-32.9245],[-54.97677,-32.92071],[-54.97476,-32.91546],[-54.96153,-32.91086],[-54.90322,-32.91046],[-54.90116,-32.90651],[-54.89493,-32.90317],[-54.89142,-32.89701],[-54.87569,-32.88037],[-54.86253,-32.86829],[-54.85538,-32.8648],[-54.85885,-32.86065],[-54.85954,-32.85691],[-54.85508,-32.85148],[-54.84512,-32.84931],[-54.83591,-32.85089],[-54.82622,-32.84927],[-54.82018,-32.85007],[-54.80361,-32.84689],[-54.78378,-32.84916],[-54.7566,-32.83756],[-54.75328,-32.83907],[-54.74483,-32.83967],[-54.73969,-32.83651],[-54.73604,-32.82831],[-54.72878,-32.82174],[-54.72376,-32.81458],[-54.71212,-32.80565],[-54.68934,-32.79429],[-54.67792,-32.79796],[-54.67412,-32.80087],[-54.66683,-32.81151],[-54.65213,-32.82229],[-54.64142,-32.82348],[-54.63951,-32.82542],[-54.64165,-32.83181],[-54.63774,-32.83263],[-54.62417,-32.84691],[-54.61785,-32.83262],[-54.6094,-32.82827],[-54.59946,-32.82671],[-54.59128,-32.81846],[-54.58248,-32.81556],[-54.58059,-32.80936],[-54.57853,-32.8082],[-54.57709,-32.80087],[-54.55224,-32.79475],[-54.53104,-32.81056],[-54.5272,-32.80416],[-54.52821,-32.80029],[-54.51519,-32.7968],[-54.50881,-32.78916],[-54.50858,-32.78133],[-54.5052,-32.78085],[-54.48738,-32.78786],[-54.48231,-32.79413],[-54.45371,-32.78124],[-54.44944,-32.78165],[-54.43794,-32.77876],[-54.4376,-32.77285],[-54.43502,-32.76678],[-54.43725,-32.76318],[-54.43657,-32.76144],[-54.42455,-32.75264],[-54.40478,-32.74977],[-54.39202,-32.76764],[-54.38987,-32.76664],[-54.38421,-32.75928],[-54.38507,-32.75336],[-54.38318,-32.74686],[-54.38455,-32.73473],[-54.38181,-32.73141],[-54.3792,-32.72349],[-54.37511,-32.72029],[-54.3655,-32.71683],[-54.3588,-32.71639],[-54.35554,-32.71813],[-54.35039,-32.71654],[-54.3459,-32.71786],[-54.34161,-32.71699],[-54.33958,-32.71596],[-54.34058,-32.71165],[-54.33354,-32.71353],[-54.33494,-32.71654],[-54.33148,-32.71699],[-54.33031,-32.71914],[-54.32565,-32.71252],[-54.32258,-32.71091],[-54.31827,-32.71396],[-54.31466,-32.71353],[-54.31469,-32.71625],[-54.31054,-32.72277],[-54.30543,-32.7219],[-54.30355,-32.7256],[-54.30048,-32.72588],[-54.29565,-32.72133],[-54.29523,-32.72505],[-54.28689,-32.73082],[-54.28645,-32.73668],[-54.28109,-32.73433],[-54.27595,-32.73602],[-54.27049,-32.733],[-54.26495,-32.73249],[-54.25924,-32.73386],[-54.25345,-32.73191],[-54.24735,-32.73664],[-54.24,-32.73077],[-54.23663,-32.73086],[-54.235,-32.73173],[-54.23484,-32.73538],[-54.23055,-32.73465],[-54.22918,-32.73581],[-54.22969,-32.73797],[-54.22746,-32.74043],[-54.22356,-32.73918],[-54.21802,-32.7475],[-54.2148,-32.74809],[-54.21061,-32.74407],[-54.20412,-32.74548],[-54.20085,-32.74895],[-54.20248,-32.75517],[-54.19841,-32.75672],[-54.182,-32.75119],[-54.17097,-32.75187],[-54.16978,-32.75227],[-54.17133,-32.75804],[-54.16656,-32.75951],[-54.16154,-32.7574],[-54.15846,-32.75313],[-54.15511,-32.76129],[-54.15938,-32.77159],[-54.15443,-32.77395],[-54.15176,-32.7732],[-54.15083,-32.76894],[-54.14344,-32.76945],[-54.14463,-32.77441],[-54.14182,-32.77557],[-54.13217,-32.7615],[-54.12961,-32.76151],[-54.12858,-32.76237],[-54.13355,-32.76997],[-54.13253,-32.77161],[-54.12953,-32.77206],[-54.12347,-32.76986],[-54.12199,-32.77236],[-54.12434,-32.77555],[-54.13071,-32.77684],[-54.12761,-32.78247],[-54.11589,-32.78258],[-54.10481,-32.78565],[-54.10112,-32.79009],[-54.08927,-32.78893],[-54.0855,-32.79009],[-54.08276,-32.79655],[-54.07554,-32.79384],[-54.07365,-32.79441],[-54.06897,-32.8058],[-54.05985,-32.80367],[-54.04817,-32.81082],[-54.03813,-32.81242],[-54.03383,-32.81476],[-54.03033,-32.80805],[-54.04275,-32.80152],[-54.04106,-32.79522],[-54.04791,-32.79378],[-54.04655,-32.78547],[-54.04798,-32.78225],[-54.0445,-32.77987],[-54.04683,-32.77788],[-54.05323,-32.77653],[-54.05423,-32.76955],[-54.05076,-32.76507],[-54.05395,-32.76229],[-54.05243,-32.75769],[-54.04394,-32.75578],[-54.0365,-32.72989],[-54.02682,-32.71953],[-54.01923,-32.71772],[-54.00913,-32.71221],[-53.99746,-32.71596],[-53.99004,-32.7141],[-53.97771,-32.69834],[-53.96829,-32.70059],[-53.96759,-32.70192],[-53.96926,-32.70323],[-53.96656,-32.7043],[-53.96535,-32.70256],[-53.9514,-32.70423],[-53.94946,-32.70585],[-53.94289,-32.70682],[-53.93933,-32.70604],[-53.93823,-32.70802],[-53.94197,-32.71028],[-53.94198,-32.71289],[-53.92127,-32.72211],[-53.91833,-32.72468],[-53.91034,-32.72389],[-53.90879,-32.72695],[-53.90472,-32.72802],[-53.90294,-32.73501],[-53.89304,-32.73534],[-53.88951,-32.73892],[-53.88585,-32.74001],[-53.88538,-32.74188],[-53.88785,-32.74391],[-53.88891,-32.74839],[-53.88714,-32.75032],[-53.8813,-32.75151],[-53.87511,-32.76058],[-53.87095,-32.76321],[-53.85764,-32.76491],[-53.85351,-32.77083],[-53.85123,-32.77176],[-53.84702,-32.77086],[-53.84935,-32.76777],[-53.84512,-32.76831],[-53.84206,-32.77316],[-53.84236,-32.77612],[-53.83868,-32.7782],[-53.83201,-32.77648],[-53.83063,-32.77342],[-53.82677,-32.77247],[-53.82784,-32.7701],[-53.82062,-32.76691],[-53.81614,-32.76721],[-53.81307,-32.77112],[-53.81106,-32.76906],[-53.80349,-32.76855],[-53.80211,-32.77472],[-53.80022,-32.77602],[-53.79254,-32.77654],[-53.78943,-32.77524],[-53.7882,-32.77042],[-53.78102,-32.77252],[-53.7745,-32.76885],[-53.7656,-32.76697],[-53.76071,-32.76824],[-53.75849,-32.77106],[-53.75131,-32.77126],[-53.74645,-32.77306],[-53.74455,-32.76986],[-53.72986,-32.7694],[-53.727,-32.76675],[-53.72383,-32.76685],[-53.71392,-32.76198],[-53.71128,-32.75927],[-53.71363,-32.75624],[-53.7122,-32.75403],[-53.70731,-32.75642],[-53.70314,-32.7617],[-53.69113,-32.75475],[-53.68836,-32.75544],[-53.68531,-32.7539],[-53.68338,-32.74938],[-53.67444,-32.74822],[-53.67246,-32.74949],[-53.67349,-32.75257],[-53.66612,-32.75389],[-53.65979,-32.75104],[-53.65576,-32.75112],[-53.65576,-32.75271],[-53.65842,-32.75415],[-53.65272,-32.75563],[-53.65113,-32.7531],[-53.64783,-32.75489],[-53.64568,-32.75883],[-53.64297,-32.75657],[-53.63866,-32.75767],[-53.63701,-32.76154],[-53.62822,-32.76585],[-53.62255,-32.76101],[-53.62075,-32.76168],[-53.62148,-32.75874],[-53.61314,-32.75897],[-53.60968,-32.76303],[-53.60531,-32.76288],[-53.6077,-32.76655],[-53.60555,-32.76996],[-53.60196,-32.77098],[-53.598,-32.77042],[-53.59524,-32.76784],[-53.59681,-32.76476],[-53.59231,-32.76464],[-53.5887,-32.76204],[-53.57123,-32.7613],[-53.56499,-32.7542],[-53.56536,-32.75163],[-53.56022,-32.75315],[-53.55625,-32.7574],[-53.54624,-32.75585],[-53.54424,-32.7592],[-53.54676,-32.76073],[-53.54658,-32.76226],[-53.5433,-32.76369],[-53.54216,-32.7616],[-53.53675,-32.76194],[-53.53899,-32.76047],[-53.53544,-32.75741],[-53.52768,-32.75521],[-53.52918,-32.75275],[-53.52716,-32.75123],[-53.52288,-32.75295],[-53.51925,-32.75229],[-53.51534,-32.75538],[-53.51587,-32.75805],[-53.51063,-32.75848],[-53.5117,-32.76035],[-53.50943,-32.76145],[-53.50427,-32.76057],[-53.50678,-32.75674],[-53.49861,-32.7524],[-53.50031,-32.74879],[-53.49751,-32.74616],[-53.48446,-32.74883],[-53.4777,-32.76286],[-53.47296,-32.76511],[-53.46858,-32.76352],[-53.46487,-32.75883],[-53.47018,-32.75563],[-53.46961,-32.75277],[-53.46137,-32.75321],[-53.45472,-32.75035],[-53.45069,-32.75078],[-53.44831,-32.75283],[-53.44168,-32.75158],[-53.43575,-32.75454],[-53.42932,-32.75497],[-53.41481,-32.76017],[-53.40254,-32.76731],[-53.39378,-32.77561],[-53.38554,-32.77576],[-53.38323,-32.77951],[-53.384,-32.78398],[-53.37928,-32.78874],[-53.37061,-32.78745],[-53.36572,-32.78492],[-53.36391,-32.7772],[-53.35353,-32.76904],[-53.3531,-32.76313],[-53.34314,-32.75887],[-53.33791,-32.75937],[-53.33216,-32.76486],[-53.32108,-32.76493],[-53.30901,-32.77026],[-53.30164,-32.76064],[-53.29456,-32.75729],[-53.27864,-32.7532],[-53.25883,-32.75164],[-53.25357,-32.73606],[-53.22708,-32.72187],[-53.20882,-32.71674],[-53.19291,-32.7184],[-53.18414,-32.71622],[-53.18364,-32.7152],[-53.18583,-32.71429],[-53.19115,-32.71596],[-53.18903,-32.71212],[-53.18488,-32.71218],[-53.19045,-32.6976],[-53.19231,-32.68677],[-53.1896,-32.66381],[-53.18783,-32.65913],[-53.18226,-32.6531],[-53.18404,-32.64722],[-53.1907,-32.64241],[-53.20873,-32.64039],[-53.23551,-32.63099],[-53.2434,-32.62246],[-53.24718,-32.6067],[-53.2525,-32.60323],[-53.27087,-32.60482],[-53.2755,-32.60901],[-53.28064,-32.62073],[-53.29078,-32.62101],[-53.29439,-32.6187],[-53.30348,-32.60482],[-53.32134,-32.59571],[-53.33449,-32.58435],[-53.33784,-32.58468],[-53.34627,-32.59192],[-53.34986,-32.59256],[-53.355,-32.591],[-53.35807,-32.5879],[-53.36166,-32.57978],[-53.37016,-32.56974],[-53.37619,-32.57037],[-53.37864,-32.57208],[-53.38228,-32.58168],[-53.38635,-32.58653],[-53.38984,-32.5865],[-53.40099,-32.58144],[-53.40579,-32.57879],[-53.41644,-32.5688],[-53.41708,-32.5621],[-53.4202,-32.55906],[-53.42507,-32.55852],[-53.42706,-32.56578],[-53.4307,-32.56654],[-53.4326,-32.56506],[-53.43342,-32.55631],[-53.44267,-32.53859],[-53.44984,-32.52818],[-53.4584,-32.52102],[-53.45657,-32.51625],[-53.46103,-32.51014],[-53.46332,-32.50278],[-53.46178,-32.49813],[-53.46613,-32.49317],[-53.46261,-32.48764],[-53.46423,-32.48446],[-53.47094,-32.48069],[-53.48003,-32.48411],[-53.49955,-32.48104],[-53.50769,-32.48324],[-53.51228,-32.48846],[-53.51496,-32.48902],[-53.51756,-32.48716],[-53.51523,-32.48317],[-53.52032,-32.48106],[-53.52318,-32.48278],[-53.52207,-32.48618],[-53.52347,-32.48801],[-53.52766,-32.48854],[-53.53003,-32.48297],[-53.54354,-32.47907],[-53.54,-32.47514],[-53.54095,-32.47293],[-53.55224,-32.47423],[-53.55517,-32.47338],[-53.56228,-32.4662],[-53.56706,-32.45853],[-53.58321,-32.45192],[-53.58884,-32.43517],[-53.60018,-32.43063],[-53.60482,-32.42409],[-53.61503,-32.41657],[-53.6127,-32.40304],[-53.61438,-32.3984],[-53.62787,-32.38911],[-53.64521,-32.38385],[-53.64334,-32.36706],[-53.63382,-32.35593],[-53.63334,-32.35028],[-53.64446,-32.33418],[-53.64378,-32.32431],[-53.65536,-32.31937],[-53.65713,-32.31571],[-53.65538,-32.31155],[-53.64744,-32.31215],[-53.6428,-32.29699],[-53.64409,-32.2952],[-53.65564,-32.29062],[-53.65724,-32.28877],[-53.65571,-32.28034],[-53.65719,-32.27761],[-53.65877,-32.27563],[-53.66505,-32.27468],[-53.66733,-32.27007],[-53.67062,-32.26806],[-53.67779,-32.2586],[-53.67668,-32.25308],[-53.67953,-32.24182],[-53.6765,-32.23822],[-53.67804,-32.23251],[-53.68519,-32.21962],[-53.69411,-32.21169],[-53.69258,-32.20759],[-53.69368,-32.20516],[-53.69594,-32.20353],[-53.69883,-32.20388],[-53.70402,-32.20703],[-53.7115,-32.19847],[-53.71056,-32.19578],[-53.70433,-32.19292],[-53.70273,-32.18918],[-53.70538,-32.18682],[-53.7107,-32.1887],[-53.71412,-32.18768],[-53.71337,-32.1767],[-53.72357,-32.17347],[-53.72309,-32.16927],[-53.71913,-32.16424],[-53.71775,-32.1531],[-53.72324,-32.15094],[-53.73091,-32.15288],[-53.735,-32.15188],[-53.73483,-32.14998],[-53.72598,-32.14558],[-53.72574,-32.14055],[-53.74422,-32.11541],[-53.74074,-32.11268],[-53.73757,-32.10634],[-53.74046,-32.10371],[-53.73996,-32.10046],[-53.73834,-32.10023],[-53.73184,-32.10579],[-53.72708,-32.10089],[-53.72522,-32.09615],[-53.73539,-32.09259],[-53.74498,-32.09165],[-53.74663,-32.08921],[-53.74682,-32.07783],[-53.754,-32.0792],[-53.75703,-32.07616],[-53.765,-32.0793],[-53.76886,-32.07672],[-53.76975,-32.07306],[-53.77737,-32.0719],[-53.78117,-32.06973],[-53.78298,-32.0719],[-53.78823,-32.07089],[-53.79017,-32.07179],[-53.79134,-32.07069],[-53.78935,-32.06862],[-53.79147,-32.0677],[-53.80184,-32.07101],[-53.80689,-32.07021],[-53.81487,-32.06259],[-53.81487,-32.05911],[-53.82764,-32.05949],[-53.8309,-32.05576],[-53.83375,-32.05524],[-53.83675,-32.0506],[-53.83362,-32.04604],[-53.83452,-32.04251],[-53.83605,-32.04023],[-53.84258,-32.03973],[-53.84354,-32.0385],[-53.84086,-32.03419],[-53.83846,-32.03321],[-53.84702,-32.02946],[-53.8527,-32.02998],[-53.85132,-32.02651],[-53.854,-32.02172],[-53.85157,-32.01369],[-53.85427,-32.01048],[-53.85345,-32.006],[-53.84978,-32.00064],[-53.85345,-31.99989],[-53.85724,-31.99668],[-53.86066,-31.99733],[-53.86018,-31.99495],[-53.86343,-31.99611],[-53.86407,-31.99291],[-53.8708,-31.99546],[-53.87008,-31.99782],[-53.87198,-31.99913],[-53.87932,-31.99496],[-53.89125,-31.9956],[-53.89304,-31.99283],[-53.89163,-31.98908],[-53.89679,-31.98498],[-53.89655,-31.98115],[-53.89845,-31.97847],[-53.90256,-31.97905],[-53.90673,-31.97611],[-53.91324,-31.96568],[-53.91638,-31.96594],[-53.91747,-31.96416],[-53.9227,-31.96295],[-53.92596,-31.96352],[-53.92612,-31.96195],[-53.93204,-31.96318],[-53.93267,-31.96088],[-53.93635,-31.95854],[-53.94192,-31.95878],[-53.94815,-31.95431],[-53.95405,-31.95698],[-53.95768,-31.95494],[-53.96073,-31.95532],[-53.96189,-31.95193],[-53.96616,-31.94988],[-53.96826,-31.94321],[-53.97258,-31.93951],[-53.97109,-31.93507],[-53.9672,-31.93677],[-53.96672,-31.93337],[-53.96418,-31.93316],[-53.96462,-31.9301],[-53.96182,-31.93063],[-53.963,-31.923],[-53.96461,-31.92151],[-53.969,-31.92251],[-53.9696,-31.92103],[-53.96728,-31.92026],[-53.96972,-31.91765],[-53.9712,-31.91897],[-53.97622,-31.91744],[-53.97804,-31.91822],[-53.98116,-31.916],[-53.98416,-31.91753],[-53.98786,-31.91655],[-53.98983,-31.91753],[-53.99224,-31.91451],[-53.9942,-31.91543],[-53.99779,-31.91377],[-53.99986,-31.91526],[-54.00165,-31.91333],[-54.00432,-31.91459],[-54.0068,-31.9125],[-54.00681,-31.90809],[-54.01556,-31.90837],[-54.01654,-31.90634],[-54.01339,-31.90724],[-54.01216,-31.90511],[-54.01836,-31.904],[-54.01529,-31.90233],[-54.01579,-31.90138],[-54.02336,-31.90159],[-54.02342,-31.89822],[-54.02642,-31.89686],[-54.03216,-31.89869],[-54.03127,-31.89616],[-54.03278,-31.89543],[-54.03432,-31.89729],[-54.04052,-31.89691],[-54.04267,-31.90107],[-54.04528,-31.90367],[-54.04813,-31.9033],[-54.04894,-31.90561],[-54.05154,-31.90393],[-54.05376,-31.90527],[-54.05683,-31.90907],[-54.05576,-31.91116],[-54.05722,-31.91408],[-54.05879,-31.91331],[-54.06253,-31.91573],[-54.06279,-31.91899],[-54.06704,-31.92303],[-54.07005,-31.92245],[-54.07225,-31.91894],[-54.07414,-31.91892],[-54.08074,-31.92432],[-54.07974,-31.92846],[-54.08768,-31.93087],[-54.08667,-31.93502],[-54.08965,-31.9351],[-54.09159,-31.93027],[-54.09471,-31.93115],[-54.10128,-31.92711],[-54.10018,-31.92432],[-54.10737,-31.91788],[-54.10542,-31.91229],[-54.10852,-31.912],[-54.10835,-31.90962],[-54.11011,-31.90806],[-54.11555,-31.90683],[-54.11614,-31.9046],[-54.12086,-31.90338],[-54.12459,-31.89992],[-54.13298,-31.89598],[-54.13462,-31.89814],[-54.14044,-31.89487],[-54.1442,-31.88841],[-54.14239,-31.88592],[-54.14463,-31.88181],[-54.15411,-31.87839],[-54.15831,-31.87352],[-54.45641,-31.65171],[-54.45788,-31.65126],[-54.45725,-31.65419],[-54.45916,-31.65572],[-54.45772,-31.65698],[-54.45973,-31.65798],[-54.46005,-31.65368],[-54.46179,-31.65521],[-54.46588,-31.65473],[-54.46741,-31.65857],[-54.46461,-31.66065],[-54.46441,-31.66268],[-54.46723,-31.66291],[-54.46749,-31.6679],[-54.47425,-31.67329],[-54.46952,-31.67455],[-54.47213,-31.67872],[-54.46951,-31.67957],[-54.46938,-31.6832],[-54.47104,-31.68512],[-54.47445,-31.68583],[-54.47312,-31.6873],[-54.47607,-31.69045],[-54.47356,-31.69301],[-54.47149,-31.69015],[-54.4706,-31.69254],[-54.4778,-31.69755],[-54.47967,-31.69741],[-54.48292,-31.70238],[-54.48158,-31.70408],[-54.48194,-31.70952],[-54.47994,-31.71164],[-54.47993,-31.71704],[-54.47733,-31.71814],[-54.47932,-31.72204],[-54.47707,-31.72435],[-54.47222,-31.72433],[-54.47022,-31.72594],[-54.47986,-31.72774],[-54.47996,-31.72989],[-54.47825,-31.73079],[-54.48028,-31.73155],[-54.47981,-31.73651],[-54.48442,-31.73647],[-54.48647,-31.74358],[-54.48106,-31.74357],[-54.47024,-31.75025],[-54.47014,-31.75284],[-54.47403,-31.75597],[-54.47289,-31.7566],[-54.47445,-31.75838],[-54.47236,-31.75809],[-54.47639,-31.76116],[-54.47667,-31.76375],[-54.47444,-31.76757],[-54.47173,-31.76621],[-54.46699,-31.76717],[-54.46408,-31.76965],[-54.46595,-31.78344],[-54.46449,-31.78384],[-54.45883,-31.77951],[-54.45639,-31.78096],[-54.4584,-31.78733],[-54.45512,-31.78812],[-54.45749,-31.79123],[-54.45532,-31.7954],[-54.45811,-31.79517],[-54.45994,-31.79757],[-54.45819,-31.80057],[-54.45604,-31.7995],[-54.45505,-31.80405],[-54.45939,-31.80825],[-54.45861,-31.80998],[-54.46025,-31.81265],[-54.46491,-31.81356],[-54.4618,-31.81539],[-54.46284,-31.81764],[-54.45968,-31.81971],[-54.46258,-31.82149],[-54.46141,-31.82468],[-54.46335,-31.82507],[-54.46164,-31.82621],[-54.46182,-31.82836],[-54.45978,-31.82919],[-54.46547,-31.8313],[-54.46395,-31.83597],[-54.46087,-31.83577],[-54.46224,-31.83768],[-54.46501,-31.83779],[-54.46536,-31.84066],[-54.46779,-31.83883],[-54.46939,-31.84071],[-54.47245,-31.84016],[-54.47703,-31.84571],[-54.47922,-31.84417],[-54.48018,-31.84591],[-54.48195,-31.84524],[-54.48183,-31.84681],[-54.48381,-31.84697],[-54.4799,-31.85073],[-54.47493,-31.84819],[-54.47564,-31.85107],[-54.47302,-31.85213],[-54.47524,-31.85403],[-54.47611,-31.85215],[-54.47842,-31.85388],[-54.47975,-31.85313],[-54.48258,-31.85672],[-54.48026,-31.85914],[-54.48478,-31.85959],[-54.48348,-31.86381],[-54.48165,-31.86316],[-54.48224,-31.86658],[-54.489,-31.86972],[-54.49051,-31.86728],[-54.49158,-31.86897],[-54.49057,-31.8764],[-54.49342,-31.87904],[-54.49039,-31.87944],[-54.48943,-31.88204],[-54.49119,-31.88459],[-54.49707,-31.88606],[-54.49923,-31.88486],[-54.50338,-31.8854],[-54.50575,-31.88894],[-54.50661,-31.8869],[-54.50885,-31.88741],[-54.50914,-31.88958],[-54.5073,-31.89127],[-54.50843,-31.89375],[-54.50541,-31.89754],[-54.508,-31.89719],[-54.50949,-31.89493],[-54.51268,-31.89799],[-54.51172,-31.89916],[-54.50827,-31.89865],[-54.50688,-31.90154],[-54.50841,-31.90372],[-54.50712,-31.90621],[-54.50852,-31.91248],[-54.51065,-31.91333],[-54.51321,-31.91112],[-54.51571,-31.91138],[-54.51416,-31.91837],[-54.51176,-31.91954],[-54.51296,-31.9242],[-54.5109,-31.92595],[-54.51485,-31.9312],[-54.51434,-31.93411],[-54.51657,-31.93833],[-54.52275,-31.93877],[-54.52258,-31.94081],[-54.52429,-31.94125],[-54.52498,-31.94256],[-54.52086,-31.94358],[-54.52155,-31.94605],[-54.52584,-31.94562],[-54.52618,-31.94824],[-54.52446,-31.94984],[-54.52824,-31.95173],[-54.52601,-31.95654],[-54.53167,-31.96499],[-54.53511,-31.96644],[-54.53631,-31.96877],[-54.54026,-31.96892],[-54.54798,-31.97475],[-54.54695,-31.97693],[-54.54283,-31.97664],[-54.53871,-31.97926],[-54.53888,-31.98101],[-54.5442,-31.97955],[-54.54678,-31.98057],[-54.54695,-31.98232],[-54.54129,-31.98567],[-54.53905,-31.98465],[-54.53545,-31.9861],[-54.5339,-31.98843],[-54.53614,-31.99295],[-54.54026,-31.99396],[-54.53888,-31.99979],[-54.53425,-32.00183],[-54.5339,-32.00416],[-54.53167,-32.00386],[-54.53133,-32.00605],[-54.53596,-32.0059],[-54.53837,-32.00736],[-54.53751,-32.00925],[-54.5265,-32.01566],[-54.52927,-32.01827],[-54.52927,-32.02206],[-54.53202,-32.02172],[-54.53442,-32.02361],[-54.53545,-32.02128],[-54.53717,-32.02201],[-54.53683,-32.02361],[-54.54026,-32.0255],[-54.54043,-32.02798],[-54.54369,-32.0287],[-54.54592,-32.03176],[-54.54918,-32.03205],[-54.54918,-32.03481],[-54.55279,-32.03598],[-54.55639,-32.03947],[-54.5576,-32.04311],[-54.55365,-32.04369],[-54.55262,-32.04864],[-54.55451,-32.05198],[-54.55073,-32.0514],[-54.54884,-32.05315],[-54.55056,-32.05417],[-54.55107,-32.05853],[-54.54953,-32.05882],[-54.54798,-32.06391],[-54.54421,-32.06435],[-54.54645,-32.06643],[-54.55217,-32.06787],[-54.55154,-32.07166],[-54.56693,-32.08188],[-54.56897,-32.08178],[-54.56894,-32.07958],[-54.57443,-32.08081],[-54.57614,-32.08297],[-54.57479,-32.08639],[-54.57855,-32.0862],[-54.58506,-32.08864],[-54.58543,-32.09033],[-54.5897,-32.09035],[-54.59059,-32.09233],[-54.58772,-32.0954],[-54.58967,-32.09875],[-54.59719,-32.09938],[-54.60208,-32.10668],[-54.61391,-32.11037],[-54.6149,-32.10895],[-54.6117,-32.10703],[-54.6131,-32.10468],[-54.61516,-32.10576],[-54.61889,-32.1044],[-54.62303,-32.10768],[-54.62342,-32.10368],[-54.64118,-32.10106],[-54.65946,-32.10424],[-54.66202,-32.10529],[-54.66265,-32.10856],[-54.66736,-32.10995]]]}},{"type":"Feature","properties":{"shapeName":"Tacuarembó","shapeISO":"UY-TA","shapeID":"27058087B78128732832923","shapeGroup":"URY","shapeType":"ADM1"},"geometry":{"type":"Polygon","coordinates":[[[-56.30173,-31.73985],[-56.28674,-31.74087],[-56.28386,-31.73955],[-56.27343,-31.74314],[-56.27335,-31.74685],[-56.26888,-31.75006],[-56.26614,-31.76174],[-56.26906,-31.77502],[-56.26305,-31.77969],[-56.26202,-31.78261],[-56.26579,-31.78261],[-56.26888,-31.78903],[-56.26871,-31.79924],[-56.27491,-31.8133],[-56.27029,-31.81632],[-56.27475,-31.82608],[-56.27215,-31.83334],[-56.2673,-31.83651],[-56.26686,-31.84963],[-56.255,-31.854],[-56.24646,-31.86556],[-56.24904,-31.87107],[-56.24495,-31.87278],[-56.23853,-31.87942],[-56.24416,-31.89679],[-56.24149,-31.90094],[-56.24693,-31.90266],[-56.26222,-31.91318],[-56.26435,-31.92054],[-56.27056,-31.92139],[-56.27479,-31.92931],[-56.2837,-31.93701],[-56.28099,-31.94641],[-56.28228,-31.95949],[-56.29293,-31.97121],[-56.29604,-31.97813],[-56.29632,-31.98562],[-56.29814,-31.98748],[-56.29772,-31.99286],[-56.28924,-32.01703],[-56.29801,-32.04235],[-56.29934,-32.05184],[-56.30912,-32.05939],[-56.3133,-32.06963],[-56.30858,-32.08],[-56.30226,-32.0826],[-56.29301,-32.09014],[-56.28712,-32.09163],[-56.28657,-32.09508],[-56.29463,-32.1054],[-56.29583,-32.11151],[-56.29892,-32.11325],[-56.30269,-32.11907],[-56.3063,-32.12038],[-56.3051,-32.13419],[-56.31093,-32.14029],[-56.31025,-32.15148],[-56.30836,-32.15512],[-56.30956,-32.15846],[-56.31575,-32.16253],[-56.32176,-32.1605],[-56.32897,-32.16311],[-56.33378,-32.16834],[-56.33378,-32.17256],[-56.34185,-32.17968],[-56.34322,-32.18796],[-56.34717,-32.19246],[-56.34717,-32.1945],[-56.34374,-32.19726],[-56.34305,-32.2019],[-56.34665,-32.21628],[-56.35386,-32.22166],[-56.36485,-32.22601],[-56.36399,-32.23342],[-56.37172,-32.24242],[-56.38133,-32.24533],[-56.38355,-32.2491],[-56.38819,-32.25142],[-56.39831,-32.2626],[-56.40861,-32.26928],[-56.4172,-32.27218],[-56.44707,-32.30033],[-56.45273,-32.30164],[-56.45788,-32.30048],[-56.462,-32.3012],[-56.47041,-32.30933],[-56.47311,-32.32999],[-56.4917,-32.33443],[-56.49565,-32.34429],[-56.49942,-32.34501],[-56.50457,-32.34936],[-56.50604,-32.3562],[-56.51316,-32.36575],[-56.52037,-32.38184],[-56.52431,-32.38677],[-56.53084,-32.39112],[-56.53221,-32.39431],[-56.53393,-32.40706],[-56.53255,-32.42069],[-56.53702,-32.42909],[-56.5377,-32.4414],[-56.54251,-32.44952],[-56.54303,-32.45517],[-56.54983,-32.47257],[-56.55367,-32.47834],[-56.55017,-32.48488],[-56.55017,-32.49154],[-56.54639,-32.50312],[-56.55172,-32.52223],[-56.55051,-32.52744],[-56.5638,-32.5458],[-56.56665,-32.56665],[-56.57008,-32.57577],[-56.57691,-32.58235],[-56.58598,-32.58819],[-56.58894,-32.60555],[-56.59236,-32.60955],[-56.59389,-32.6153],[-56.59347,-32.62302],[-56.59715,-32.63115],[-56.59826,-32.64543],[-56.59429,-32.65413],[-56.59431,-32.6602],[-56.59662,-32.66166],[-56.60884,-32.66112],[-56.61769,-32.66498],[-56.62285,-32.67565],[-56.6395,-32.6862],[-56.64819,-32.69965],[-56.64877,-32.70397],[-56.6462,-32.71451],[-56.63892,-32.71886],[-56.63556,-32.72982],[-56.63617,-32.73893],[-56.63899,-32.7444],[-56.64053,-32.75321],[-56.63652,-32.76968],[-56.64877,-32.77631],[-56.66021,-32.77805],[-56.66484,-32.78007],[-56.6692,-32.78583],[-56.67789,-32.79032],[-56.68328,-32.79537],[-56.67881,-32.79926],[-56.65238,-32.81311],[-56.65049,-32.81802],[-56.66474,-32.83215],[-56.66542,-32.85134],[-56.65427,-32.86129],[-56.64757,-32.86417],[-56.64019,-32.86273],[-56.62663,-32.84283],[-56.62371,-32.8359],[-56.61721,-32.82968],[-56.60826,-32.82783],[-56.60277,-32.8248],[-56.59041,-32.80575],[-56.58423,-32.8046],[-56.56087,-32.80818],[-56.55764,-32.8103],[-56.55711,-32.81355],[-56.57117,-32.82409],[-56.5741,-32.83013],[-56.57324,-32.83691],[-56.56929,-32.8411],[-56.56277,-32.84268],[-56.55831,-32.84052],[-56.55556,-32.83677],[-56.55342,-32.82601],[-56.54389,-32.82177],[-56.54097,-32.81773],[-56.5391,-32.80827],[-56.53563,-32.80807],[-56.53119,-32.81701],[-56.52707,-32.81917],[-56.50046,-32.82249],[-56.49771,-32.82134],[-56.49599,-32.81758],[-56.49308,-32.8046],[-56.48885,-32.80195],[-56.48466,-32.80301],[-56.48175,-32.80806],[-56.48123,-32.81441],[-56.47797,-32.81816],[-56.46561,-32.82047],[-56.46269,-32.81859],[-56.45754,-32.81095],[-56.4518,-32.81228],[-56.44604,-32.81686],[-56.43935,-32.82537],[-56.43877,-32.82869],[-56.44295,-32.84081],[-56.44244,-32.85393],[-56.44074,-32.85744],[-56.43111,-32.86648],[-56.42664,-32.86604],[-56.41566,-32.85956],[-56.41446,-32.8571],[-56.41463,-32.84052],[-56.42133,-32.83026],[-56.42136,-32.8222],[-56.39097,-32.81763],[-56.35901,-32.8196],[-56.32759,-32.81773],[-56.3003,-32.80994],[-56.27964,-32.79735],[-56.27335,-32.79088],[-56.24245,-32.76924],[-56.22065,-32.76693],[-56.19713,-32.75033],[-56.18958,-32.73026],[-56.20661,-32.71242],[-56.20537,-32.70687],[-56.19134,-32.70576],[-56.18505,-32.70072],[-56.17982,-32.69234],[-56.13298,-32.67984],[-56.10188,-32.68227],[-56.07217,-32.69206],[-56.03277,-32.69045],[-56.00476,-32.68608],[-55.98166,-32.66217],[-55.95852,-32.64708],[-55.94445,-32.63534],[-55.93861,-32.6109],[-55.92488,-32.60223],[-55.89192,-32.60468],[-55.87132,-32.61611],[-55.86394,-32.62261],[-55.84454,-32.62796],[-55.82686,-32.62811],[-55.80935,-32.6216],[-55.80557,-32.61712],[-55.80643,-32.6122],[-55.8169,-32.5976],[-55.81501,-32.59369],[-55.80883,-32.59254],[-55.79682,-32.59991],[-55.78686,-32.60049],[-55.77965,-32.59659],[-55.7757,-32.59225],[-55.77536,-32.58314],[-55.77745,-32.57905],[-55.79441,-32.57185],[-55.79888,-32.56751],[-55.79857,-32.56374],[-55.79342,-32.56011],[-55.78896,-32.5593],[-55.76952,-32.56433],[-55.76575,-32.55912],[-55.76798,-32.53394],[-55.76523,-32.53018],[-55.75648,-32.52671],[-55.7524,-32.5205],[-55.75307,-32.51569],[-55.75479,-32.5143],[-55.77656,-32.51296],[-55.78085,-32.51021],[-55.78205,-32.50586],[-55.77719,-32.49892],[-55.73382,-32.50543],[-55.71579,-32.49399],[-55.7115,-32.49529],[-55.70858,-32.49935],[-55.71305,-32.51556],[-55.70996,-32.52323],[-55.68977,-32.53414],[-55.68376,-32.53589],[-55.67971,-32.53546],[-55.67688,-32.53284],[-55.6794,-32.51947],[-55.67854,-32.51571],[-55.67185,-32.50934],[-55.65228,-32.49631],[-55.65153,-32.48284],[-55.64964,-32.48072],[-55.64318,-32.47908],[-55.63855,-32.47908],[-55.63443,-32.48154],[-55.62104,-32.48385],[-55.60662,-32.48472],[-55.60215,-32.48009],[-55.55907,-32.49819],[-55.53037,-32.49303],[-55.51503,-32.50119],[-55.49877,-32.50529],[-55.48249,-32.50118],[-55.47753,-32.50137],[-55.47238,-32.4966],[-55.47326,-32.48886],[-55.48514,-32.48365],[-55.49057,-32.47982],[-55.49401,-32.4743],[-55.49384,-32.47024],[-55.48901,-32.4648],[-55.48725,-32.45902],[-55.48851,-32.45489],[-55.49264,-32.45024],[-55.49318,-32.44455],[-55.48579,-32.4356],[-55.48422,-32.42548],[-55.47469,-32.41196],[-55.46403,-32.41445],[-55.45484,-32.40973],[-55.44851,-32.41456],[-55.44516,-32.41207],[-55.43525,-32.40896],[-55.4315,-32.41136],[-55.43281,-32.41713],[-55.42807,-32.43229],[-55.43123,-32.43588],[-55.43449,-32.44425],[-55.43015,-32.44691],[-55.43051,-32.45062],[-55.42126,-32.46551],[-55.41763,-32.46816],[-55.414,-32.4761],[-55.40564,-32.47346],[-55.40296,-32.46863],[-55.39819,-32.46603],[-55.39476,-32.46952],[-55.39231,-32.46915],[-55.39067,-32.46488],[-55.38598,-32.46401],[-55.38499,-32.46108],[-55.38201,-32.45957],[-55.38009,-32.46377],[-55.37477,-32.46788],[-55.37814,-32.4727],[-55.37652,-32.47556],[-55.37289,-32.47527],[-55.37033,-32.47143],[-55.36214,-32.46738],[-55.35694,-32.47009],[-55.35447,-32.47836],[-55.35531,-32.48078],[-55.34933,-32.48435],[-55.34582,-32.48346],[-55.34414,-32.47873],[-55.33917,-32.47794],[-55.33486,-32.48068],[-55.32595,-32.48176],[-55.32603,-32.48542],[-55.32292,-32.48815],[-55.31583,-32.48759],[-55.3108,-32.48891],[-55.30884,-32.48786],[-55.31119,-32.48603],[-55.30948,-32.48353],[-55.30644,-32.48343],[-55.30169,-32.4859],[-55.29892,-32.48452],[-55.30147,-32.4817],[-55.29876,-32.48087],[-55.29608,-32.47714],[-55.29646,-32.47213],[-55.29444,-32.47014],[-55.28118,-32.47298],[-55.27866,-32.47518],[-55.27043,-32.46531],[-55.2615,-32.46565],[-55.25592,-32.471],[-55.2563,-32.47533],[-55.25369,-32.4754],[-55.24903,-32.46852],[-55.23943,-32.46258],[-55.23958,-32.45823],[-55.23713,-32.45404],[-55.23828,-32.45288],[-55.24428,-32.45298],[-55.2442,-32.44788],[-55.23327,-32.44498],[-55.22094,-32.44681],[-55.21752,-32.45172],[-55.21306,-32.45368],[-55.20607,-32.45261],[-55.19626,-32.45541],[-55.19074,-32.45361],[-55.18228,-32.46683],[-55.17356,-32.46447],[-55.16924,-32.45765],[-55.1639,-32.45446],[-55.16158,-32.4548],[-55.15698,-32.46236],[-55.15665,-32.46648],[-55.14982,-32.469],[-55.14779,-32.47144],[-55.14935,-32.47599],[-55.14728,-32.47823],[-55.14285,-32.47481],[-55.13939,-32.47785],[-55.13451,-32.47548],[-55.132,-32.47879],[-55.12679,-32.47968],[-55.12547,-32.47608],[-55.12341,-32.47534],[-55.11389,-32.48094],[-55.10753,-32.47907],[-55.10386,-32.47616],[-55.09539,-32.47622],[-55.093,-32.4736],[-55.08883,-32.47337],[-55.08826,-32.47505],[-55.09227,-32.47594],[-55.09278,-32.47815],[-55.08642,-32.48044],[-55.08005,-32.48734],[-55.075,-32.48505],[-55.07317,-32.48089],[-55.07024,-32.48282],[-55.05922,-32.48522],[-55.05382,-32.4852],[-55.04616,-32.48173],[-55.03782,-32.46668],[-55.03104,-32.46141],[-55.02696,-32.46057],[-55.0224,-32.46412],[-55.02251,-32.46779],[-55.01835,-32.46773],[-55.01731,-32.46143],[-55.0132,-32.45809],[-55.01403,-32.45189],[-55.01283,-32.45109],[-55.00617,-32.45297],[-55.00042,-32.44323],[-54.99679,-32.44214],[-54.99609,-32.43839],[-54.99396,-32.43722],[-54.99533,-32.43432],[-54.99333,-32.42956],[-54.98719,-32.43305],[-54.98442,-32.42845],[-54.9855,-32.42424],[-54.98331,-32.42389],[-54.97781,-32.42647],[-54.97685,-32.42524],[-54.9796,-32.42251],[-54.97925,-32.42034],[-54.96731,-32.41556],[-54.96848,-32.41179],[-54.96609,-32.4094],[-54.96394,-32.39998],[-54.95951,-32.39509],[-54.95864,-32.3899],[-54.95574,-32.39016],[-54.95566,-32.3879],[-54.95267,-32.38565],[-54.94814,-32.38661],[-54.94627,-32.38199],[-54.93994,-32.38936],[-54.93776,-32.38873],[-54.94029,-32.38634],[-54.93976,-32.38491],[-54.93797,-32.38625],[-54.93578,-32.38516],[-54.93204,-32.38801],[-54.9303,-32.38568],[-54.92313,-32.38416],[-54.92468,-32.38755],[-54.9217,-32.38863],[-54.91095,-32.38455],[-54.91105,-32.38063],[-54.9148,-32.38269],[-54.91686,-32.37973],[-54.92134,-32.37852],[-54.90571,-32.36566],[-54.9087,-32.36341],[-54.90192,-32.35235],[-54.90289,-32.35069],[-54.90538,-32.35057],[-54.90507,-32.34763],[-54.89157,-32.3426],[-54.89339,-32.34069],[-54.89666,-32.34062],[-54.89682,-32.33934],[-54.88971,-32.33334],[-54.88133,-32.33363],[-54.88091,-32.32797],[-54.8777,-32.32519],[-54.87801,-32.32824],[-54.87371,-32.32737],[-54.86836,-32.33239],[-54.86389,-32.32876],[-54.86329,-32.3256],[-54.86096,-32.3256],[-54.85827,-32.32878],[-54.8484,-32.32471],[-54.84467,-32.3151],[-54.84106,-32.31035],[-54.84167,-32.30549],[-54.84478,-32.30175],[-54.84553,-32.29537],[-54.84384,-32.29388],[-54.84027,-32.29546],[-54.83735,-32.294],[-54.83324,-32.29572],[-54.82958,-32.28393],[-54.83143,-32.28065],[-54.83087,-32.27526],[-54.82834,-32.27264],[-54.82865,-32.26936],[-54.81818,-32.26506],[-54.81633,-32.26742],[-54.8143,-32.26626],[-54.81734,-32.25823],[-54.8158,-32.25294],[-54.81163,-32.25056],[-54.81751,-32.24872],[-54.8159,-32.24528],[-54.81702,-32.24109],[-54.8112,-32.2399],[-54.81038,-32.23503],[-54.79947,-32.23213],[-54.79974,-32.22691],[-54.7973,-32.22581],[-54.79485,-32.22712],[-54.79299,-32.22317],[-54.79643,-32.22193],[-54.79603,-32.21988],[-54.79346,-32.21865],[-54.79147,-32.21982],[-54.78908,-32.21904],[-54.78941,-32.21765],[-54.79226,-32.21696],[-54.79285,-32.21377],[-54.79713,-32.21654],[-54.79811,-32.21409],[-54.79542,-32.21196],[-54.79621,-32.21064],[-54.8015,-32.20984],[-54.80438,-32.21061],[-54.80514,-32.21228],[-54.80825,-32.2115],[-54.80676,-32.20739],[-54.81007,-32.2055],[-54.81151,-32.199],[-54.80773,-32.19556],[-54.80472,-32.18542],[-54.80598,-32.18291],[-54.81281,-32.18096],[-54.81013,-32.1761],[-54.81457,-32.17601],[-54.81489,-32.17152],[-54.80741,-32.16837],[-54.80924,-32.16624],[-54.80652,-32.16372],[-54.80538,-32.15793],[-54.79279,-32.14875],[-54.78839,-32.14943],[-54.78593,-32.15174],[-54.78065,-32.1508],[-54.77524,-32.15183],[-54.77337,-32.15014],[-54.77254,-32.13851],[-54.77347,-32.1368],[-54.77629,-32.13735],[-54.77671,-32.13508],[-54.77191,-32.13087],[-54.77115,-32.12723],[-54.76779,-32.12525],[-54.76682,-32.12024],[-54.76,-32.11975],[-54.7544,-32.11363],[-54.75715,-32.10954],[-54.76403,-32.10974],[-54.76308,-32.10323],[-54.75768,-32.0971],[-54.74953,-32.09424],[-54.74024,-32.09503],[-54.73509,-32.09174],[-54.7272,-32.09074],[-54.725,-32.09468],[-54.72271,-32.09339],[-54.71388,-32.09665],[-54.71148,-32.0994],[-54.70843,-32.09957],[-54.70838,-32.10385],[-54.69848,-32.11709],[-54.68966,-32.11641],[-54.6907,-32.1131],[-54.68786,-32.11154],[-54.68208,-32.11629],[-54.67857,-32.11707],[-54.67546,-32.11343],[-54.66736,-32.10995],[-54.68997,-32.08134],[-54.70947,-32.06422],[-54.71151,-32.06],[-54.73664,-32.03093],[-54.75944,-32.00143],[-54.77509,-31.99163],[-54.80856,-31.93235],[-54.82555,-31.91138],[-54.84611,-31.87734],[-54.85912,-31.87417],[-54.86728,-31.87554],[-54.88867,-31.84908],[-54.89091,-31.83239],[-54.89559,-31.82951],[-54.90322,-31.82751],[-54.91657,-31.82795],[-54.91884,-31.82528],[-54.93363,-31.82545],[-54.95379,-31.8147],[-54.97096,-31.81339],[-54.97799,-31.81514],[-54.99276,-31.82331],[-55.01009,-31.82914],[-55.04151,-31.83075],[-55.05936,-31.8236],[-55.07174,-31.80983],[-55.082,-31.81097],[-55.09011,-31.80836],[-55.09791,-31.80948],[-55.12307,-31.80675],[-55.12875,-31.80667],[-55.13275,-31.80901],[-55.1524,-31.81199],[-55.15646,-31.81332],[-55.16068,-31.81789],[-55.16782,-31.82135],[-55.17512,-31.82242],[-55.18375,-31.82051],[-55.18518,-31.81272],[-55.19059,-31.81093],[-55.22525,-31.80844],[-55.24487,-31.81043],[-55.26141,-31.81011],[-55.26813,-31.8087],[-55.29893,-31.79463],[-55.32131,-31.79137],[-55.32781,-31.78849],[-55.33396,-31.78533],[-55.34158,-31.77506],[-55.35316,-31.77521],[-55.35564,-31.77639],[-55.36571,-31.77385],[-55.37138,-31.77684],[-55.38337,-31.77973],[-55.41607,-31.77794],[-55.41985,-31.78101],[-55.44989,-31.7883],[-55.5003,-31.78821],[-55.49932,-31.78553],[-55.50836,-31.79079],[-55.51156,-31.78781],[-55.51918,-31.78656],[-55.51892,-31.78479],[-55.52247,-31.78428],[-55.52455,-31.78156],[-55.52814,-31.78343],[-55.53068,-31.78165],[-55.53314,-31.78301],[-55.53534,-31.78148],[-55.53561,-31.77885],[-55.54866,-31.77928],[-55.55216,-31.77386],[-55.55659,-31.77332],[-55.55994,-31.77774],[-55.56193,-31.77679],[-55.5629,-31.77771],[-55.56565,-31.77449],[-55.56818,-31.77681],[-55.57313,-31.77773],[-55.57381,-31.77612],[-55.57179,-31.77444],[-55.5732,-31.77367],[-55.58042,-31.77637],[-55.57921,-31.7785],[-55.58202,-31.77923],[-55.58328,-31.78144],[-55.58485,-31.78105],[-55.58577,-31.78405],[-55.58902,-31.78504],[-55.58951,-31.78639],[-55.58734,-31.78803],[-55.59975,-31.79102],[-55.60457,-31.78859],[-55.6075,-31.79328],[-55.61251,-31.79726],[-55.61524,-31.79631],[-55.61826,-31.79763],[-55.61842,-31.79997],[-55.62897,-31.79749],[-55.63208,-31.79108],[-55.63546,-31.78804],[-55.63603,-31.7824],[-55.6381,-31.77961],[-55.63629,-31.77133],[-55.63405,-31.76991],[-55.63698,-31.7693],[-55.63546,-31.76526],[-55.63775,-31.76611],[-55.64196,-31.76321],[-55.63771,-31.76325],[-55.63904,-31.7615],[-55.63414,-31.75221],[-55.63542,-31.74995],[-55.63202,-31.74851],[-55.6325,-31.74333],[-55.63052,-31.74163],[-55.6332,-31.74227],[-55.63597,-31.73989],[-55.63413,-31.73596],[-55.63904,-31.73382],[-55.63854,-31.73128],[-55.64263,-31.73027],[-55.63981,-31.72871],[-55.64335,-31.72752],[-55.64353,-31.72586],[-55.64877,-31.72165],[-55.64897,-31.72352],[-55.65067,-31.72366],[-55.65218,-31.72002],[-55.65493,-31.7191],[-55.65668,-31.72034],[-55.65712,-31.71825],[-55.66024,-31.71864],[-55.66132,-31.71688],[-55.65695,-31.71135],[-55.65996,-31.71032],[-55.66161,-31.70764],[-55.66065,-31.70285],[-55.65901,-31.70291],[-55.66033,-31.70069],[-55.65682,-31.69976],[-55.65747,-31.69815],[-55.65596,-31.69799],[-55.6555,-31.69557],[-55.65678,-31.69403],[-55.65451,-31.69352],[-55.65517,-31.68812],[-55.65931,-31.68769],[-55.66029,-31.68627],[-55.659,-31.68422],[-55.65994,-31.68092],[-55.65747,-31.67729],[-55.6571,-31.67928],[-55.65471,-31.67879],[-55.6562,-31.6815],[-55.65115,-31.68052],[-55.65334,-31.67619],[-55.65089,-31.67265],[-55.65373,-31.66829],[-55.65597,-31.66938],[-55.65727,-31.66619],[-55.65429,-31.66444],[-55.65469,-31.6621],[-55.65281,-31.65975],[-55.64717,-31.65658],[-55.6453,-31.6514],[-55.64773,-31.65032],[-55.64788,-31.64558],[-55.64597,-31.64581],[-55.64592,-31.64361],[-55.6441,-31.64376],[-55.64442,-31.64121],[-55.63936,-31.63716],[-55.64301,-31.63554],[-55.64145,-31.62701],[-55.64691,-31.62565],[-55.64617,-31.62169],[-55.65286,-31.6204],[-55.65309,-31.62487],[-55.65555,-31.62517],[-55.65469,-31.62356],[-55.65631,-31.62321],[-55.65821,-31.62505],[-55.6597,-31.62287],[-55.66378,-31.6224],[-55.66979,-31.61801],[-55.66897,-31.61391],[-55.6655,-31.61406],[-55.66279,-31.61216],[-55.66333,-31.60662],[-55.65771,-31.59851],[-55.66012,-31.59899],[-55.66071,-31.59736],[-55.65546,-31.5924],[-55.65154,-31.59175],[-55.6537,-31.58583],[-55.65575,-31.58594],[-55.65763,-31.58244],[-55.66434,-31.57853],[-55.67168,-31.57034],[-55.67567,-31.56814],[-55.67999,-31.56849],[-55.68188,-31.57012],[-55.68374,-31.56891],[-55.68231,-31.56413],[-55.67257,-31.55394],[-55.67664,-31.55003],[-55.67558,-31.54347],[-55.67298,-31.53974],[-55.67416,-31.53723],[-55.68983,-31.52831],[-55.70073,-31.53347],[-55.71085,-31.53506],[-55.71446,-31.53731],[-55.72146,-31.53729],[-55.72364,-31.53571],[-55.72517,-31.53685],[-55.72834,-31.53053],[-55.73318,-31.533],[-55.73575,-31.53109],[-55.74016,-31.53086],[-55.74191,-31.52955],[-55.74053,-31.5288],[-55.74111,-31.52733],[-55.74978,-31.52136],[-55.75287,-31.50846],[-55.75682,-31.50749],[-55.76103,-31.50903],[-55.76757,-31.50586],[-55.77078,-31.50797],[-55.77625,-31.50687],[-55.77879,-31.50509],[-55.77868,-31.499],[-55.7832,-31.49626],[-55.78401,-31.49295],[-55.7883,-31.49305],[-55.79147,-31.48993],[-55.78886,-31.48806],[-55.79065,-31.48521],[-55.79005,-31.48255],[-55.79569,-31.47888],[-55.79706,-31.47932],[-55.79944,-31.47654],[-55.80251,-31.4786],[-55.80804,-31.47747],[-55.80774,-31.47181],[-55.8108,-31.47014],[-55.81159,-31.46358],[-55.81388,-31.46029],[-55.813,-31.45937],[-55.81571,-31.45908],[-55.81127,-31.45584],[-55.81313,-31.45101],[-55.81224,-31.45245],[-55.80996,-31.45167],[-55.80653,-31.44704],[-55.80775,-31.44508],[-55.80585,-31.44482],[-55.80909,-31.44142],[-55.80703,-31.43916],[-55.80913,-31.43797],[-55.80695,-31.43563],[-55.80888,-31.43384],[-55.80283,-31.43225],[-55.80423,-31.42899],[-55.80818,-31.42958],[-55.80985,-31.42766],[-55.80767,-31.4257],[-55.80721,-31.42041],[-55.80358,-31.41882],[-55.8052,-31.41466],[-55.80176,-31.41297],[-55.80421,-31.4017],[-55.80213,-31.3994],[-55.80324,-31.39799],[-55.80264,-31.39692],[-55.79945,-31.39727],[-55.80503,-31.3928],[-55.80585,-31.39014],[-55.80862,-31.38893],[-55.80875,-31.38487],[-55.8103,-31.38373],[-55.81432,-31.38426],[-55.81442,-31.38047],[-55.81786,-31.37789],[-55.81849,-31.37474],[-55.82168,-31.37331],[-55.81782,-31.37147],[-55.82257,-31.36727],[-55.82533,-31.35954],[-55.82682,-31.35909],[-55.82739,-31.36152],[-55.83591,-31.36415],[-55.846,-31.36338],[-55.85681,-31.3654],[-55.85885,-31.36517],[-55.864,-31.35792],[-55.86643,-31.35818],[-55.86763,-31.36024],[-55.87382,-31.3601],[-55.87899,-31.35528],[-55.89354,-31.35053],[-55.89515,-31.3489],[-55.89505,-31.34527],[-55.89643,-31.34498],[-55.90174,-31.35215],[-55.90634,-31.35208],[-55.91359,-31.34351],[-55.91771,-31.34366],[-55.9199,-31.34147],[-55.91885,-31.33984],[-55.92121,-31.3377],[-55.92085,-31.3345],[-55.92956,-31.33633],[-55.93792,-31.33458],[-55.94312,-31.32841],[-55.95028,-31.32519],[-55.94771,-31.32035],[-55.95166,-31.31258],[-55.95681,-31.31229],[-55.96213,-31.30862],[-55.97483,-31.3095],[-55.98015,-31.30349],[-55.9805,-31.30011],[-55.98771,-31.29791],[-55.99101,-31.29336],[-55.99904,-31.29014],[-56.00217,-31.28617],[-56.0147,-31.28001],[-56.01637,-31.27782],[-56.0226,-31.2759],[-56.02912,-31.26959],[-56.03577,-31.26873],[-56.03903,-31.26374],[-56.04594,-31.26167],[-56.04985,-31.25728],[-56.06204,-31.25347],[-56.06963,-31.24347],[-56.07718,-31.24215],[-56.08899,-31.23555],[-56.09534,-31.23996],[-56.10032,-31.23937],[-56.10444,-31.23599],[-56.10941,-31.23601],[-56.11405,-31.23144],[-56.11766,-31.23071],[-56.13138,-31.23453],[-56.1319,-31.23717],[-56.13567,-31.23689],[-56.14254,-31.24216],[-56.14374,-31.24641],[-56.15318,-31.24832],[-56.15678,-31.25066],[-56.17052,-31.24584],[-56.17481,-31.24643],[-56.17773,-31.24892],[-56.18065,-31.24876],[-56.18498,-31.24559],[-56.18195,-31.25011],[-56.18239,-31.25615],[-56.18039,-31.25906],[-56.16649,-31.26819],[-56.15405,-31.28044],[-56.15789,-31.2983],[-56.15383,-31.30139],[-56.15604,-31.30592],[-56.16325,-31.30736],[-56.17118,-31.31396],[-56.17631,-31.32134],[-56.18175,-31.32257],[-56.18659,-31.32609],[-56.18425,-31.33722],[-56.17898,-31.34983],[-56.19631,-31.37317],[-56.19572,-31.38596],[-56.20133,-31.38903],[-56.20467,-31.40277],[-56.21068,-31.40727],[-56.21223,-31.41098],[-56.21875,-31.41772],[-56.22888,-31.42514],[-56.24896,-31.43144],[-56.25386,-31.43032],[-56.2594,-31.43458],[-56.26596,-31.43466],[-56.26767,-31.43939],[-56.26218,-31.45063],[-56.25881,-31.45274],[-56.2845,-31.46922],[-56.30115,-31.48299],[-56.30991,-31.48493],[-56.31223,-31.48682],[-56.31505,-31.49898],[-56.32158,-31.50275],[-56.32347,-31.51966],[-56.32914,-31.53216],[-56.32888,-31.53634],[-56.32467,-31.54314],[-56.32506,-31.54699],[-56.33618,-31.55133],[-56.33497,-31.55396],[-56.33686,-31.56259],[-56.33875,-31.56435],[-56.34442,-31.5664],[-56.35197,-31.56683],[-56.35935,-31.57502],[-56.36278,-31.58146],[-56.35806,-31.58703],[-56.36261,-31.59428],[-56.36622,-31.59491],[-56.3656,-31.6032],[-56.36012,-31.60663],[-56.35922,-31.60959],[-56.35518,-31.6123],[-56.35115,-31.61876],[-56.33738,-31.62054],[-56.33955,-31.63278],[-56.33407,-31.63876],[-56.33844,-31.64887],[-56.33841,-31.65806],[-56.35,-31.67007],[-56.33643,-31.67771],[-56.33352,-31.68151],[-56.333,-31.68604],[-56.3239,-31.69072],[-56.31626,-31.6975],[-56.30888,-31.71911],[-56.30648,-31.73415],[-56.30511,-31.73751],[-56.30322,-31.73751],[-56.30173,-31.73985]]]}},{"type":"Feature","properties":{"shapeName":"Paysandú","shapeISO":"UY-PA","shapeID":"27058087B55907822213987","shapeGroup":"URY","shapeType":"ADM1"},"geometry":{"type":"Polygon","coordinates":[[[-58.03402,-31.50972],[-58.00331,-31.52979],[-58.00461,-31.54233],[-57.98615,-31.56444],[-57.98129,-31.57566],[-57.98055,-31.58363],[-57.98435,-31.59802],[-57.99466,-31.62084],[-58.00163,-31.64526],[-58.00805,-31.65959],[-58.00875,-31.66879],[-58.01286,-31.68418],[-58.03442,-31.71436],[-58.03937,-31.73622],[-58.03714,-31.75194],[-58.0388,-31.7576],[-58.05091,-31.77151],[-58.06757,-31.7995],[-58.08565,-31.81929],[-58.14449,-31.83377],[-58.16665,-31.84279],[-58.18784,-31.84949],[-58.19691,-31.85498],[-58.20683,-31.86879],[-58.1941,-31.91053],[-58.17068,-31.92753],[-58.16654,-31.93323],[-58.15682,-31.95387],[-58.15118,-31.98183],[-58.13852,-32.00104],[-58.1398,-32.01036],[-58.13778,-32.0244],[-58.14275,-32.05652],[-58.1499,-32.07242],[-58.15329,-32.07666],[-58.16395,-32.08387],[-58.16732,-32.08833],[-58.18195,-32.14258],[-58.18367,-32.15502],[-58.17402,-32.16966],[-58.14822,-32.19499],[-58.12456,-32.22365],[-58.10413,-32.24309],[-58.10008,-32.25518],[-58.09847,-32.2859],[-58.10028,-32.29836],[-58.10397,-32.30836],[-58.12335,-32.33827],[-58.1432,-32.34948],[-58.16803,-32.35764],[-58.18381,-32.37465],[-58.18516,-32.39331],[-58.19476,-32.41105],[-58.19666,-32.4318],[-58.20466,-32.4568],[-58.20374,-32.46345],[-58.19654,-32.47888],[-58.19615,-32.48611],[-58.18343,-32.48675],[-58.1812,-32.48544],[-58.17397,-32.47319],[-58.15801,-32.46622],[-58.15562,-32.47154],[-58.14839,-32.47343],[-58.14757,-32.46646],[-58.14132,-32.46439],[-58.13952,-32.45886],[-58.13579,-32.45782],[-58.13007,-32.46008],[-58.13098,-32.46487],[-58.13619,-32.46276],[-58.13876,-32.46399],[-58.13581,-32.46548],[-58.13577,-32.46883],[-58.13156,-32.47008],[-58.13091,-32.47367],[-58.12734,-32.47313],[-58.12165,-32.47575],[-58.11958,-32.47851],[-58.1137,-32.47414],[-58.11513,-32.4691],[-58.11255,-32.45876],[-58.11119,-32.45939],[-58.11146,-32.4633],[-58.10881,-32.46082],[-58.10903,-32.45814],[-58.10488,-32.45816],[-58.10544,-32.46106],[-58.1002,-32.46362],[-58.09541,-32.47413],[-58.09014,-32.47149],[-58.09007,-32.46883],[-58.08764,-32.46649],[-58.07695,-32.46549],[-58.07575,-32.46372],[-58.07367,-32.46655],[-58.07152,-32.46578],[-58.05962,-32.4721],[-58.0604,-32.47518],[-58.06311,-32.47526],[-58.06369,-32.47758],[-58.06172,-32.48207],[-58.05044,-32.4932],[-58.0493,-32.50644],[-58.04109,-32.51176],[-58.03165,-32.51307],[-58.031,-32.5156],[-58.03558,-32.51888],[-58.03371,-32.52116],[-58.02977,-32.52222],[-58.02395,-32.53282],[-58.01585,-32.53233],[-58.0134,-32.53361],[-58.0102,-32.53176],[-58.00579,-32.53644],[-57.99872,-32.53703],[-57.99713,-32.53857],[-57.99306,-32.54479],[-57.99411,-32.55189],[-57.99215,-32.5544],[-57.99929,-32.56305],[-57.99632,-32.56476],[-57.99263,-32.56424],[-57.98313,-32.57081],[-57.97625,-32.57157],[-57.97126,-32.57135],[-57.97,-32.56991],[-57.96529,-32.57031],[-57.96334,-32.57168],[-57.9646,-32.57337],[-57.96316,-32.57884],[-57.95854,-32.58085],[-57.94985,-32.58022],[-57.94502,-32.57746],[-57.94002,-32.57845],[-57.93818,-32.57698],[-57.93484,-32.58071],[-57.93252,-32.57961],[-57.93035,-32.58118],[-57.92634,-32.58029],[-57.9211,-32.58367],[-57.91933,-32.58103],[-57.91175,-32.577],[-57.90699,-32.57679],[-57.89949,-32.57868],[-57.89693,-32.58256],[-57.88942,-32.58389],[-57.87958,-32.57368],[-57.87709,-32.57613],[-57.87697,-32.57858],[-57.86928,-32.57781],[-57.85876,-32.56381],[-57.85628,-32.56407],[-57.85528,-32.56709],[-57.8518,-32.56932],[-57.84454,-32.56386],[-57.83581,-32.5629],[-57.83403,-32.56434],[-57.83437,-32.56808],[-57.83214,-32.57132],[-57.8262,-32.57615],[-57.81633,-32.57387],[-57.81113,-32.5704],[-57.80774,-32.57098],[-57.80575,-32.57466],[-57.81152,-32.57687],[-57.81225,-32.58119],[-57.80821,-32.58341],[-57.80276,-32.58305],[-57.79585,-32.58656],[-57.79334,-32.58537],[-57.78766,-32.58613],[-57.78613,-32.58714],[-57.78704,-32.5907],[-57.78545,-32.59383],[-57.78081,-32.59562],[-57.77674,-32.5919],[-57.77395,-32.59146],[-57.77957,-32.58846],[-57.77976,-32.58568],[-57.77708,-32.58302],[-57.77307,-32.581],[-57.76787,-32.58497],[-57.76425,-32.58506],[-57.75745,-32.57794],[-57.75938,-32.57123],[-57.76253,-32.57029],[-57.76339,-32.56788],[-57.76159,-32.56613],[-57.7553,-32.56492],[-57.75687,-32.56096],[-57.75521,-32.55543],[-57.75251,-32.55381],[-57.75279,-32.54702],[-57.74717,-32.54144],[-57.72929,-32.54012],[-57.72706,-32.54386],[-57.72513,-32.5443],[-57.7165,-32.54074],[-57.71185,-32.54386],[-57.707,-32.53897],[-57.70281,-32.53786],[-57.69621,-32.54146],[-57.69737,-32.54296],[-57.69453,-32.54455],[-57.68749,-32.54419],[-57.68189,-32.54146],[-57.6794,-32.53611],[-57.67728,-32.53636],[-57.67698,-32.5392],[-57.67492,-32.53884],[-57.66876,-32.53596],[-57.66125,-32.53511],[-57.65694,-32.53061],[-57.64838,-32.52764],[-57.63329,-32.53158],[-57.63205,-32.53408],[-57.62587,-32.53828],[-57.61058,-32.53304],[-57.61211,-32.52877],[-57.6034,-32.52752],[-57.60146,-32.52182],[-57.59782,-32.5198],[-57.59502,-32.52018],[-57.59188,-32.52598],[-57.58862,-32.52742],[-57.58364,-32.52207],[-57.58507,-32.5117],[-57.57268,-32.50713],[-57.56469,-32.49911],[-57.55446,-32.50166],[-57.54639,-32.50673],[-57.54347,-32.50687],[-57.53798,-32.49891],[-57.54032,-32.49334],[-57.5386,-32.48931],[-57.53151,-32.48738],[-57.52991,-32.48515],[-57.53248,-32.4795],[-57.52709,-32.47062],[-57.52746,-32.46855],[-57.53084,-32.46724],[-57.52755,-32.46052],[-57.51983,-32.46077],[-57.52088,-32.4572],[-57.51882,-32.45514],[-57.51113,-32.45999],[-57.5071,-32.45693],[-57.50098,-32.45854],[-57.50138,-32.455],[-57.49495,-32.4505],[-57.49082,-32.44946],[-57.489,-32.44268],[-57.48433,-32.43953],[-57.48192,-32.43573],[-57.47913,-32.43487],[-57.48303,-32.42451],[-57.47996,-32.4207],[-57.47259,-32.41943],[-57.4652,-32.42126],[-57.45922,-32.41853],[-57.45881,-32.41402],[-57.45035,-32.41212],[-57.44532,-32.4154],[-57.44136,-32.41476],[-57.4403,-32.41839],[-57.43358,-32.42028],[-57.43236,-32.42395],[-57.42217,-32.42519],[-57.41423,-32.43415],[-57.40856,-32.43351],[-57.40639,-32.42572],[-57.39946,-32.42135],[-57.38741,-32.42009],[-57.36837,-32.41338],[-57.36413,-32.41373],[-57.35012,-32.42051],[-57.32085,-32.4119],[-57.3163,-32.41795],[-57.31139,-32.41968],[-57.30586,-32.41644],[-57.29862,-32.4163],[-57.29295,-32.41911],[-57.28636,-32.43194],[-57.28517,-32.44091],[-57.28098,-32.44516],[-57.26941,-32.44211],[-57.26173,-32.44421],[-57.25839,-32.43829],[-57.25196,-32.43527],[-57.24501,-32.42581],[-57.22956,-32.42264],[-57.21299,-32.4073],[-57.20474,-32.40843],[-57.19915,-32.4013],[-57.20166,-32.39829],[-57.19941,-32.39149],[-57.1922,-32.38439],[-57.19194,-32.37424],[-57.18305,-32.37487],[-57.17494,-32.37266],[-57.16581,-32.37615],[-57.16225,-32.37588],[-57.14774,-32.3651],[-57.14279,-32.36469],[-57.13873,-32.36824],[-57.13035,-32.3714],[-57.12176,-32.36957],[-57.11473,-32.37152],[-57.1008,-32.36825],[-57.09005,-32.37621],[-57.08548,-32.37661],[-57.08182,-32.37509],[-57.07324,-32.36687],[-57.07188,-32.36162],[-57.05413,-32.35065],[-57.04677,-32.35049],[-57.03609,-32.34256],[-57.03168,-32.34471],[-57.02609,-32.35046],[-57.01984,-32.3533],[-57.01098,-32.35358],[-56.98716,-32.34554],[-56.98194,-32.34521],[-56.96051,-32.3543],[-56.94561,-32.37145],[-56.92979,-32.37843],[-56.91984,-32.38656],[-56.91149,-32.38688],[-56.87861,-32.39307],[-56.87488,-32.39297],[-56.85421,-32.3844],[-56.83837,-32.3826],[-56.83314,-32.38339],[-56.81388,-32.39343],[-56.80761,-32.39904],[-56.80021,-32.40162],[-56.79522,-32.40004],[-56.78715,-32.39327],[-56.7799,-32.39221],[-56.76822,-32.39446],[-56.73062,-32.39632],[-56.71685,-32.39559],[-56.69941,-32.38692],[-56.68396,-32.3946],[-56.67778,-32.39301],[-56.66886,-32.40127],[-56.67033,-32.40636],[-56.66656,-32.41317],[-56.66724,-32.41679],[-56.6656,-32.42171],[-56.65265,-32.42737],[-56.64973,-32.42737],[-56.64596,-32.43114],[-56.64723,-32.43359],[-56.64441,-32.43838],[-56.64012,-32.4394],[-56.63744,-32.44431],[-56.63538,-32.44561],[-56.6335,-32.44503],[-56.63205,-32.44997],[-56.61763,-32.45953],[-56.61248,-32.47213],[-56.60527,-32.47445],[-56.60191,-32.47226],[-56.59161,-32.47472],[-56.58382,-32.47358],[-56.57874,-32.47675],[-56.57513,-32.47646],[-56.5682,-32.4801],[-56.56758,-32.48428],[-56.55996,-32.48415],[-56.55814,-32.48761],[-56.55017,-32.49154],[-56.55017,-32.48488],[-56.55367,-32.47834],[-56.54983,-32.47257],[-56.54303,-32.45517],[-56.54251,-32.44952],[-56.5377,-32.4414],[-56.53702,-32.42909],[-56.53255,-32.42069],[-56.53393,-32.40706],[-56.53221,-32.39431],[-56.53084,-32.39112],[-56.52431,-32.38677],[-56.52037,-32.38184],[-56.51316,-32.36575],[-56.50604,-32.3562],[-56.50457,-32.34936],[-56.49942,-32.34501],[-56.49565,-32.34429],[-56.4917,-32.33443],[-56.47311,-32.32999],[-56.47041,-32.30933],[-56.462,-32.3012],[-56.45788,-32.30048],[-56.45273,-32.30164],[-56.44707,-32.30033],[-56.4172,-32.27218],[-56.40861,-32.26928],[-56.39831,-32.2626],[-56.38819,-32.25142],[-56.38355,-32.2491],[-56.38133,-32.24533],[-56.37172,-32.24242],[-56.36399,-32.23342],[-56.36485,-32.22601],[-56.35386,-32.22166],[-56.34665,-32.21628],[-56.34305,-32.2019],[-56.34374,-32.19726],[-56.34717,-32.1945],[-56.34717,-32.19246],[-56.34322,-32.18796],[-56.34185,-32.17968],[-56.33378,-32.17256],[-56.33378,-32.16834],[-56.32897,-32.16311],[-56.32176,-32.1605],[-56.31575,-32.16253],[-56.30956,-32.15846],[-56.30836,-32.15512],[-56.31025,-32.15148],[-56.31093,-32.14029],[-56.3051,-32.13419],[-56.3063,-32.12038],[-56.30269,-32.11907],[-56.29892,-32.11325],[-56.29583,-32.11151],[-56.29463,-32.1054],[-56.28657,-32.09508],[-56.28712,-32.09163],[-56.29301,-32.09014],[-56.30226,-32.0826],[-56.30858,-32.08],[-56.3133,-32.06963],[-56.30912,-32.05939],[-56.29934,-32.05184],[-56.29801,-32.04235],[-56.28924,-32.01703],[-56.29772,-31.99286],[-56.29814,-31.98748],[-56.29632,-31.98562],[-56.29604,-31.97813],[-56.29293,-31.97121],[-56.28228,-31.95949],[-56.28099,-31.94641],[-56.2837,-31.93701],[-56.27479,-31.92931],[-56.27056,-31.92139],[-56.26435,-31.92054],[-56.26222,-31.91318],[-56.24693,-31.90266],[-56.24149,-31.90094],[-56.24416,-31.89679],[-56.23853,-31.87942],[-56.24495,-31.87278],[-56.24904,-31.87107],[-56.24646,-31.86556],[-56.255,-31.854],[-56.26686,-31.84963],[-56.2673,-31.83651],[-56.27215,-31.83334],[-56.27475,-31.82608],[-56.27029,-31.81632],[-56.27491,-31.8133],[-56.26871,-31.79924],[-56.26888,-31.78903],[-56.26579,-31.78261],[-56.26202,-31.78261],[-56.26305,-31.77969],[-56.26906,-31.77502],[-56.26614,-31.76174],[-56.26888,-31.75006],[-56.27335,-31.74685],[-56.27343,-31.74314],[-56.28386,-31.73955],[-56.28674,-31.74087],[-56.30173,-31.73985],[-56.34258,-31.7487],[-56.35491,-31.75417],[-56.36063,-31.75908],[-56.37392,-31.764],[-56.38602,-31.76632],[-56.39187,-31.77029],[-56.39316,-31.77248],[-56.38793,-31.79358],[-56.38956,-31.79808],[-56.40398,-31.80771],[-56.41475,-31.82991],[-56.4222,-31.83039],[-56.43873,-31.83524],[-56.45325,-31.87129],[-56.47248,-31.87129],[-56.4778,-31.86254],[-56.5242,-31.8597],[-56.52795,-31.86259],[-56.53683,-31.86141],[-56.53832,-31.85961],[-56.53822,-31.85219],[-56.54054,-31.84833],[-56.54217,-31.84767],[-56.54629,-31.85073],[-56.55796,-31.8535],[-56.57667,-31.84373],[-56.58697,-31.83163],[-56.59358,-31.83155],[-56.61083,-31.84082],[-56.61701,-31.83936],[-56.62422,-31.84052],[-56.62611,-31.83673],[-56.6292,-31.83673],[-56.63238,-31.83871],[-56.64311,-31.83438],[-56.65392,-31.83367],[-56.66455,-31.82521],[-56.6697,-31.82575],[-56.67797,-31.83162],[-56.69263,-31.82719],[-56.69847,-31.82369],[-56.70559,-31.81471],[-56.71641,-31.81062],[-56.72267,-31.81056],[-56.72748,-31.80589],[-56.72791,-31.80216],[-56.73314,-31.79874],[-56.73958,-31.79895],[-56.75228,-31.81077],[-56.75366,-31.81062],[-56.76645,-31.79641],[-56.7746,-31.7918],[-56.77752,-31.78568],[-56.77941,-31.7848],[-56.79425,-31.78473],[-56.79477,-31.7859],[-56.79795,-31.78247],[-56.80258,-31.78436],[-56.80867,-31.784],[-56.82472,-31.77853],[-56.82781,-31.77955],[-56.83314,-31.77736],[-56.83794,-31.77809],[-56.84352,-31.7824],[-56.8606,-31.78422],[-56.86335,-31.78699],[-56.86816,-31.78772],[-56.87279,-31.79049],[-56.87974,-31.79101],[-56.89322,-31.80158],[-56.90086,-31.80472],[-56.91416,-31.8045],[-56.9188,-31.80275],[-56.93622,-31.80472],[-56.94489,-31.79793],[-56.9515,-31.79976],[-56.95665,-31.79655],[-56.96446,-31.79676],[-56.97373,-31.79399],[-56.98214,-31.78538],[-56.9866,-31.78378],[-56.99776,-31.78422],[-57.01776,-31.78182],[-57.049,-31.78999],[-57.07149,-31.78692],[-57.09664,-31.78582],[-57.11294,-31.77925],[-57.13423,-31.78407],[-57.15157,-31.78378],[-57.15861,-31.78057],[-57.16461,-31.78028],[-57.16873,-31.77765],[-57.1835,-31.76627],[-57.18762,-31.76028],[-57.1986,-31.76218],[-57.22178,-31.75955],[-57.23414,-31.74744],[-57.24976,-31.74744],[-57.25319,-31.74481],[-57.26186,-31.74445],[-57.28263,-31.73379],[-57.29885,-31.73313],[-57.31396,-31.72919],[-57.32563,-31.71649],[-57.3301,-31.70875],[-57.33834,-31.70305],[-57.3404,-31.69925],[-57.33911,-31.69816],[-57.34752,-31.68779],[-57.35001,-31.68611],[-57.35361,-31.68684],[-57.36134,-31.68552],[-57.36031,-31.68099],[-57.37241,-31.66559],[-57.37387,-31.66492],[-57.37619,-31.66676],[-57.38717,-31.66223],[-57.39318,-31.66267],[-57.4034,-31.66025],[-57.41241,-31.66296],[-57.41936,-31.66127],[-57.42803,-31.66194],[-57.44657,-31.65609],[-57.45206,-31.653],[-57.46395,-31.65117],[-57.47451,-31.6451],[-57.49116,-31.64047],[-57.49346,-31.6376],[-57.49512,-31.63812],[-57.50282,-31.63454],[-57.51738,-31.6221],[-57.52259,-31.62059],[-57.52708,-31.6159],[-57.53271,-31.61353],[-57.54201,-31.6045],[-57.54828,-31.60295],[-57.56733,-31.59309],[-57.57884,-31.5901],[-57.58517,-31.59228],[-57.591,-31.59075],[-57.5966,-31.5852],[-57.60119,-31.58372],[-57.61037,-31.58582],[-57.61559,-31.58431],[-57.62012,-31.58528],[-57.62459,-31.58299],[-57.62869,-31.58534],[-57.63299,-31.58499],[-57.63686,-31.58292],[-57.63651,-31.58],[-57.64592,-31.5691],[-57.65011,-31.57422],[-57.65606,-31.5782],[-57.65992,-31.5772],[-57.66379,-31.5714],[-57.66689,-31.57163],[-57.66979,-31.57495],[-57.67981,-31.58007],[-57.68129,-31.57722],[-57.69364,-31.5679],[-57.69683,-31.56819],[-57.70197,-31.57139],[-57.70895,-31.56815],[-57.71631,-31.57137],[-57.72062,-31.56917],[-57.72492,-31.57253],[-57.72976,-31.57034],[-57.7386,-31.57101],[-57.74493,-31.55766],[-57.74363,-31.55469],[-57.74666,-31.54129],[-57.75211,-31.53891],[-57.75578,-31.53449],[-57.75575,-31.52892],[-57.753,-31.52881],[-57.75335,-31.52688],[-57.76011,-31.52297],[-57.76388,-31.52403],[-57.77427,-31.51869],[-57.77593,-31.5148],[-57.77329,-31.5083],[-57.77644,-31.5022],[-57.78512,-31.49232],[-57.77999,-31.48149],[-57.78109,-31.47794],[-57.78457,-31.47522],[-57.78979,-31.47946],[-57.7997,-31.48118],[-57.8119,-31.47812],[-57.82547,-31.48062],[-57.8278,-31.47894],[-57.82944,-31.47417],[-57.8428,-31.4742],[-57.84643,-31.46584],[-57.85159,-31.46234],[-57.8537,-31.46231],[-57.85853,-31.467],[-57.87719,-31.46801],[-57.87984,-31.46528],[-57.87663,-31.46232],[-57.87651,-31.45746],[-57.88045,-31.45247],[-57.89008,-31.45324],[-57.89524,-31.45795],[-57.89835,-31.4589],[-57.90989,-31.4602],[-57.9165,-31.45806],[-57.92037,-31.45858],[-57.92177,-31.45939],[-57.92369,-31.46787],[-57.92661,-31.47077],[-57.93086,-31.47031],[-57.94399,-31.46465],[-57.94675,-31.46161],[-57.95743,-31.45972],[-57.95845,-31.4618],[-57.95234,-31.47031],[-57.95429,-31.48201],[-57.95326,-31.48525],[-57.94215,-31.49414],[-57.93173,-31.49575],[-57.93101,-31.49817],[-57.93378,-31.5015],[-57.96235,-31.5044],[-57.97763,-31.48437],[-57.99203,-31.4872],[-58.01986,-31.48671],[-58.02688,-31.4917],[-58.03005,-31.49613],[-58.03402,-31.50972]]]}},{"type":"Feature","properties":{"shapeName":"Río Negro","shapeISO":"UY-RN","shapeID":"27058087B51576366641273","shapeGroup":"URY","shapeType":"ADM1"},"geometry":{"type":"Polygon","coordinates":[[[-57.12788,-33.11902],[-57.12033,-33.11441],[-57.11998,-33.10924],[-57.12719,-33.08454],[-57.13149,-33.0782],[-57.14831,-33.07141],[-57.15785,-33.07103],[-57.1697,-33.07404],[-57.17801,-33.08091],[-57.18436,-33.08019],[-57.18813,-33.07372],[-57.19191,-33.05919],[-57.19946,-33.05199],[-57.20032,-33.04652],[-57.19534,-33.0435],[-57.18693,-33.04393],[-57.16221,-33.0389],[-57.13904,-33.02436],[-57.12666,-33.01918],[-57.11857,-33.01806],[-57.11792,-33.01388],[-57.12826,-33.00808],[-57.12911,-33.00475],[-57.12704,-33.00148],[-57.11882,-32.99754],[-57.07775,-32.99096],[-57.06316,-32.99586],[-57.04909,-33.00939],[-57.04274,-33.01213],[-57.03398,-33.01198],[-57.02299,-33.01846],[-57.00789,-33.02148],[-57.00377,-33.01875],[-56.99948,-33.01861],[-56.99158,-33.02494],[-56.97853,-33.03141],[-56.97081,-33.03156],[-56.96617,-33.02825],[-56.9648,-33.02177],[-56.96583,-32.99572],[-56.96961,-32.99255],[-56.98643,-32.99125],[-56.99416,-32.98665],[-56.99879,-32.98247],[-57.00119,-32.97613],[-56.99862,-32.97066],[-56.98712,-32.96764],[-56.97218,-32.96908],[-56.94231,-32.98002],[-56.93785,-32.97988],[-56.93476,-32.97801],[-56.93476,-32.97441],[-56.93837,-32.97066],[-56.94489,-32.96778],[-56.9545,-32.96792],[-56.95691,-32.96188],[-56.94486,-32.93763],[-56.9406,-32.93436],[-56.93631,-32.93393],[-56.92875,-32.94185],[-56.92206,-32.94632],[-56.91622,-32.94762],[-56.91244,-32.95136],[-56.90798,-32.97325],[-56.903,-32.97397],[-56.88309,-32.96821],[-56.86747,-32.9662],[-56.86524,-32.96202],[-56.86782,-32.95981],[-56.88395,-32.95683],[-56.89442,-32.94401],[-56.89476,-32.93854],[-56.8891,-32.93119],[-56.87846,-32.92946],[-56.87331,-32.92615],[-56.86278,-32.90913],[-56.85185,-32.9054],[-56.84876,-32.90511],[-56.82404,-32.92255],[-56.81683,-32.91909],[-56.8134,-32.91534],[-56.81357,-32.91044],[-56.8158,-32.9077],[-56.83262,-32.89819],[-56.83558,-32.8947],[-56.83588,-32.88925],[-56.83331,-32.8819],[-56.82747,-32.87259],[-56.82507,-32.87066],[-56.81666,-32.86907],[-56.81134,-32.86994],[-56.80121,-32.87599],[-56.79486,-32.87426],[-56.7928,-32.87095],[-56.79486,-32.86749],[-56.80739,-32.86215],[-56.81031,-32.85912],[-56.80722,-32.85581],[-56.80035,-32.85566],[-56.79434,-32.85263],[-56.79245,-32.8411],[-56.78833,-32.83634],[-56.78267,-32.83403],[-56.77769,-32.83533],[-56.77546,-32.84384],[-56.77134,-32.8486],[-56.76173,-32.85307],[-56.75314,-32.85263],[-56.74662,-32.84989],[-56.73529,-32.84961],[-56.73443,-32.84672],[-56.74151,-32.83574],[-56.73649,-32.83013],[-56.72997,-32.82956],[-56.7116,-32.84196],[-56.69512,-32.84614],[-56.69323,-32.83908],[-56.69529,-32.83504],[-56.70216,-32.82999],[-56.70439,-32.82509],[-56.69341,-32.80171],[-56.68894,-32.79565],[-56.68328,-32.79537],[-56.67789,-32.79032],[-56.6692,-32.78583],[-56.66484,-32.78007],[-56.66021,-32.77805],[-56.64877,-32.77631],[-56.63652,-32.76968],[-56.64053,-32.75321],[-56.63899,-32.7444],[-56.63617,-32.73893],[-56.63556,-32.72982],[-56.63892,-32.71886],[-56.6462,-32.71451],[-56.64877,-32.70397],[-56.64819,-32.69965],[-56.6395,-32.6862],[-56.62285,-32.67565],[-56.61769,-32.66498],[-56.60884,-32.66112],[-56.59662,-32.66166],[-56.59431,-32.6602],[-56.59429,-32.65413],[-56.59826,-32.64543],[-56.59715,-32.63115],[-56.59347,-32.62302],[-56.59389,-32.6153],[-56.59236,-32.60955],[-56.58894,-32.60555],[-56.58598,-32.58819],[-56.57691,-32.58235],[-56.57008,-32.57577],[-56.56665,-32.56665],[-56.5638,-32.5458],[-56.55051,-32.52744],[-56.55172,-32.52223],[-56.54639,-32.50312],[-56.55017,-32.49154],[-56.55814,-32.48761],[-56.55996,-32.48415],[-56.56758,-32.48428],[-56.5682,-32.4801],[-56.57513,-32.47646],[-56.57874,-32.47675],[-56.58382,-32.47358],[-56.59161,-32.47472],[-56.60191,-32.47226],[-56.60527,-32.47445],[-56.61248,-32.47213],[-56.61763,-32.45953],[-56.63205,-32.44997],[-56.6335,-32.44503],[-56.63538,-32.44561],[-56.63744,-32.44431],[-56.64012,-32.4394],[-56.64441,-32.43838],[-56.64723,-32.43359],[-56.64596,-32.43114],[-56.64973,-32.42737],[-56.65265,-32.42737],[-56.6656,-32.42171],[-56.66724,-32.41679],[-56.66656,-32.41317],[-56.67033,-32.40636],[-56.66886,-32.40127],[-56.67778,-32.39301],[-56.68396,-32.3946],[-56.69941,-32.38692],[-56.71685,-32.39559],[-56.73062,-32.39632],[-56.76822,-32.39446],[-56.7799,-32.39221],[-56.78715,-32.39327],[-56.79522,-32.40004],[-56.80021,-32.40162],[-56.80761,-32.39904],[-56.81388,-32.39343],[-56.83314,-32.38339],[-56.83837,-32.3826],[-56.85421,-32.3844],[-56.87488,-32.39297],[-56.87861,-32.39307],[-56.91149,-32.38688],[-56.91984,-32.38656],[-56.92979,-32.37843],[-56.94561,-32.37145],[-56.96051,-32.3543],[-56.98194,-32.34521],[-56.98716,-32.34554],[-57.01098,-32.35358],[-57.01984,-32.3533],[-57.02609,-32.35046],[-57.03168,-32.34471],[-57.03609,-32.34256],[-57.04677,-32.35049],[-57.05413,-32.35065],[-57.07188,-32.36162],[-57.07324,-32.36687],[-57.08182,-32.37509],[-57.08548,-32.37661],[-57.09005,-32.37621],[-57.1008,-32.36825],[-57.11473,-32.37152],[-57.12176,-32.36957],[-57.13035,-32.3714],[-57.13873,-32.36824],[-57.14279,-32.36469],[-57.14774,-32.3651],[-57.16225,-32.37588],[-57.16581,-32.37615],[-57.17494,-32.37266],[-57.18305,-32.37487],[-57.19194,-32.37424],[-57.1922,-32.38439],[-57.19941,-32.39149],[-57.20166,-32.39829],[-57.19915,-32.4013],[-57.20474,-32.40843],[-57.21299,-32.4073],[-57.22956,-32.42264],[-57.24501,-32.42581],[-57.25196,-32.43527],[-57.25839,-32.43829],[-57.26173,-32.44421],[-57.26941,-32.44211],[-57.28098,-32.44516],[-57.28517,-32.44091],[-57.28636,-32.43194],[-57.29295,-32.41911],[-57.29862,-32.4163],[-57.30586,-32.41644],[-57.31139,-32.41968],[-57.3163,-32.41795],[-57.32085,-32.4119],[-57.35012,-32.42051],[-57.36413,-32.41373],[-57.36837,-32.41338],[-57.38741,-32.42009],[-57.39946,-32.42135],[-57.40639,-32.42572],[-57.40856,-32.43351],[-57.41423,-32.43415],[-57.42217,-32.42519],[-57.43236,-32.42395],[-57.43358,-32.42028],[-57.4403,-32.41839],[-57.44136,-32.41476],[-57.44532,-32.4154],[-57.45035,-32.41212],[-57.45881,-32.41402],[-57.45922,-32.41853],[-57.4652,-32.42126],[-57.47259,-32.41943],[-57.47996,-32.4207],[-57.48303,-32.42451],[-57.47913,-32.43487],[-57.48192,-32.43573],[-57.48433,-32.43953],[-57.489,-32.44268],[-57.49082,-32.44946],[-57.49495,-32.4505],[-57.50138,-32.455],[-57.50098,-32.45854],[-57.5071,-32.45693],[-57.51113,-32.45999],[-57.51882,-32.45514],[-57.52088,-32.4572],[-57.51983,-32.46077],[-57.52755,-32.46052],[-57.53084,-32.46724],[-57.52746,-32.46855],[-57.52709,-32.47062],[-57.53248,-32.4795],[-57.52991,-32.48515],[-57.53151,-32.48738],[-57.5386,-32.48931],[-57.54032,-32.49334],[-57.53798,-32.49891],[-57.54347,-32.50687],[-57.54639,-32.50673],[-57.55446,-32.50166],[-57.56469,-32.49911],[-57.57268,-32.50713],[-57.58507,-32.5117],[-57.58364,-32.52207],[-57.58862,-32.52742],[-57.59188,-32.52598],[-57.59502,-32.52018],[-57.59782,-32.5198],[-57.60146,-32.52182],[-57.6034,-32.52752],[-57.61211,-32.52877],[-57.61058,-32.53304],[-57.62587,-32.53828],[-57.63205,-32.53408],[-57.63329,-32.53158],[-57.64838,-32.52764],[-57.65694,-32.53061],[-57.66125,-32.53511],[-57.66876,-32.53596],[-57.67492,-32.53884],[-57.67698,-32.5392],[-57.67728,-32.53636],[-57.6794,-32.53611],[-57.68189,-32.54146],[-57.68749,-32.54419],[-57.69453,-32.54455],[-57.69737,-32.54296],[-57.69621,-32.54146],[-57.70281,-32.53786],[-57.707,-32.53897],[-57.71185,-32.54386],[-57.7165,-32.54074],[-57.72513,-32.5443],[-57.72706,-32.54386],[-57.72929,-32.54012],[-57.74717,-32.54144],[-57.75279,-32.54702],[-57.75251,-32.55381],[-57.75521,-32.55543],[-57.75687,-32.56096],[-57.7553,-32.56492],[-57.76159,-32.56613],[-57.76339,-32.56788],[-57.76253,-32.57029],[-57.75938,-32.57123],[-57.75745,-32.57794],[-57.76425,-32.58506],[-57.76787,-32.58497],[-57.77307,-32.581],[-57.77708,-32.58302],[-57.77976,-32.58568],[-57.77957,-32.58846],[-57.77395,-32.59146],[-57.77674,-32.5919],[-57.78081,-32.59562],[-57.78545,-32.59383],[-57.78704,-32.5907],[-57.78613,-32.58714],[-57.78766,-32.58613],[-57.79334,-32.58537],[-57.79585,-32.58656],[-57.80276,-32.58305],[-57.80821,-32.58341],[-57.81225,-32.58119],[-57.81152,-32.57687],[-57.80575,-32.57466],[-57.80774,-32.57098],[-57.81113,-32.5704],[-57.81633,-32.57387],[-57.8262,-32.57615],[-57.83214,-32.57132],[-57.83437,-32.56808],[-57.83403,-32.56434],[-57.83581,-32.5629],[-57.84454,-32.56386],[-57.8518,-32.56932],[-57.85528,-32.56709],[-57.85628,-32.56407],[-57.85876,-32.56381],[-57.86928,-32.57781],[-57.87697,-32.57858],[-57.87709,-32.57613],[-57.87958,-32.57368],[-57.88942,-32.58389],[-57.89693,-32.58256],[-57.89949,-32.57868],[-57.90699,-32.57679],[-57.91175,-32.577],[-57.91933,-32.58103],[-57.9211,-32.58367],[-57.92634,-32.58029],[-57.93035,-32.58118],[-57.93252,-32.57961],[-57.93484,-32.58071],[-57.93818,-32.57698],[-57.94002,-32.57845],[-57.94502,-32.57746],[-57.94985,-32.58022],[-57.95854,-32.58085],[-57.96316,-32.57884],[-57.9646,-32.57337],[-57.96334,-32.57168],[-57.96529,-32.57031],[-57.97,-32.56991],[-57.97126,-32.57135],[-57.97625,-32.57157],[-57.98313,-32.57081],[-57.99263,-32.56424],[-57.99632,-32.56476],[-57.99929,-32.56305],[-57.99215,-32.5544],[-57.99411,-32.55189],[-57.99306,-32.54479],[-57.99713,-32.53857],[-57.99872,-32.53703],[-58.00579,-32.53644],[-58.0102,-32.53176],[-58.0134,-32.53361],[-58.01585,-32.53233],[-58.02395,-32.53282],[-58.02977,-32.52222],[-58.03371,-32.52116],[-58.03558,-32.51888],[-58.031,-32.5156],[-58.03165,-32.51307],[-58.04109,-32.51176],[-58.0493,-32.50644],[-58.05044,-32.4932],[-58.06172,-32.48207],[-58.06369,-32.47758],[-58.06311,-32.47526],[-58.0604,-32.47518],[-58.05962,-32.4721],[-58.07152,-32.46578],[-58.07367,-32.46655],[-58.07575,-32.46372],[-58.07695,-32.46549],[-58.08764,-32.46649],[-58.09007,-32.46883],[-58.09014,-32.47149],[-58.09541,-32.47413],[-58.1002,-32.46362],[-58.10544,-32.46106],[-58.10488,-32.45816],[-58.10903,-32.45814],[-58.10881,-32.46082],[-58.11146,-32.4633],[-58.11119,-32.45939],[-58.11255,-32.45876],[-58.11513,-32.4691],[-58.1137,-32.47414],[-58.11958,-32.47851],[-58.12165,-32.47575],[-58.12734,-32.47313],[-58.13091,-32.47367],[-58.13156,-32.47008],[-58.13577,-32.46883],[-58.13581,-32.46548],[-58.13876,-32.46399],[-58.13619,-32.46276],[-58.13098,-32.46487],[-58.13007,-32.46008],[-58.13579,-32.45782],[-58.13952,-32.45886],[-58.14132,-32.46439],[-58.14757,-32.46646],[-58.14839,-32.47343],[-58.15562,-32.47154],[-58.15801,-32.46622],[-58.17397,-32.47319],[-58.1812,-32.48544],[-58.18343,-32.48675],[-58.19615,-32.48611],[-58.19417,-32.49626],[-58.18688,-32.51587],[-58.1885,-32.52252],[-58.18768,-32.52976],[-58.18399,-32.53532],[-58.17134,-32.54715],[-58.16054,-32.56854],[-58.16096,-32.59153],[-58.15061,-32.62456],[-58.14968,-32.62921],[-58.1517,-32.63968],[-58.14506,-32.66841],[-58.14479,-32.67735],[-58.14846,-32.69593],[-58.15041,-32.72702],[-58.14938,-32.7338],[-58.14568,-32.7462],[-58.13945,-32.75424],[-58.13371,-32.78374],[-58.12322,-32.80276],[-58.11932,-32.81523],[-58.12444,-32.83267],[-58.12228,-32.86057],[-58.11562,-32.87828],[-58.11713,-32.89867],[-58.11634,-32.91439],[-58.11151,-32.92786],[-58.10512,-32.93759],[-58.09731,-32.94706],[-58.08963,-32.95286],[-58.08709,-32.95725],[-58.08854,-32.9689],[-58.08438,-32.99397],[-58.08468,-33.00075],[-58.08993,-33.00921],[-58.10378,-33.02142],[-58.12791,-33.03449],[-58.14222,-33.04009],[-58.16953,-33.06995],[-58.17806,-33.07511],[-58.25691,-33.09986],[-58.2757,-33.10235],[-58.30293,-33.10178],[-58.31343,-33.103],[-58.35698,-33.11588],[-58.3694,-33.12441],[-58.38563,-33.15347],[-58.39961,-33.16952],[-58.40444,-33.17738],[-58.40579,-33.20372],[-58.41004,-33.23221],[-58.39636,-33.25586],[-58.39045,-33.27617],[-58.3952,-33.28908],[-58.3971,-33.31048],[-58.4058,-33.32618],[-58.43141,-33.35894],[-58.43136,-33.41081],[-58.44274,-33.4414],[-58.43048,-33.43346],[-58.41977,-33.43049],[-58.41465,-33.42672],[-58.38393,-33.38975],[-58.37208,-33.38746],[-58.35832,-33.38692],[-58.34187,-33.38144],[-58.33277,-33.38187],[-58.30822,-33.379],[-58.28986,-33.36782],[-58.27492,-33.35492],[-58.27423,-33.33656],[-58.26239,-33.32035],[-58.25969,-33.31769],[-58.24866,-33.31576],[-58.23441,-33.30759],[-58.226,-33.29783],[-58.2145,-33.29295],[-58.20265,-33.29496],[-58.19149,-33.30041],[-58.18068,-33.30185],[-58.15115,-33.31203],[-58.14068,-33.31074],[-58.12918,-33.30515],[-58.11304,-33.29367],[-58.11133,-33.28822],[-58.1127,-33.28305],[-58.12884,-33.26597],[-58.13399,-33.25679],[-58.13639,-33.24387],[-58.13244,-33.23396],[-58.12008,-33.22778],[-58.10446,-33.22664],[-58.0691,-33.23195],[-58.05949,-33.23798],[-58.04919,-33.24171],[-58.01297,-33.24114],[-58.01039,-33.23697],[-58.0152,-33.2219],[-58.02443,-33.21565],[-58.02685,-33.2051],[-58.03083,-33.19778],[-58.03133,-33.18053],[-58.04026,-33.16832],[-58.04232,-33.1561],[-58.05246,-33.14401],[-58.05468,-33.1367],[-58.05402,-33.13186],[-58.04791,-33.11879],[-58.04449,-33.11599],[-58.0346,-33.11585],[-58.01503,-33.12577],[-58.00404,-33.12764],[-57.98739,-33.12807],[-57.98104,-33.13095],[-57.97812,-33.13569],[-57.96926,-33.13817],[-57.96645,-33.13857],[-57.95597,-33.13555],[-57.94962,-33.1308],[-57.94516,-33.12434],[-57.94293,-33.11197],[-57.94516,-33.08896],[-57.95455,-33.08596],[-57.95752,-33.08191],[-57.95817,-33.07873],[-57.95446,-33.0716],[-57.94974,-33.06669],[-57.93177,-33.05602],[-57.90997,-33.05602],[-57.90087,-33.05429],[-57.87687,-33.04096],[-57.87289,-33.03573],[-57.87515,-33.02278],[-57.87375,-33.02076],[-57.86874,-33.01885],[-57.86208,-33.01884],[-57.84989,-33.02479],[-57.82706,-33.02998],[-57.81075,-33.04062],[-57.79753,-33.05401],[-57.79066,-33.05631],[-57.7801,-33.05584],[-57.7632,-33.04077],[-57.75513,-33.03861],[-57.74585,-33.03885],[-57.7359,-33.04221],[-57.72578,-33.05559],[-57.70569,-33.06077],[-57.67634,-33.06249],[-57.66827,-33.06566],[-57.65454,-33.08004],[-57.6352,-33.08264],[-57.62831,-33.08122],[-57.62351,-33.07791],[-57.61977,-33.07136],[-57.62241,-33.0419],[-57.61969,-33.04005],[-57.60179,-33.03539],[-57.58913,-33.0281],[-57.57761,-33.02606],[-57.5741,-33.02371],[-57.55154,-33.01789],[-57.54622,-33.01414],[-57.53935,-33.0045],[-57.53007,-33.00012],[-57.52476,-33.00306],[-57.50974,-33.01849],[-57.50639,-33.01976],[-57.50266,-33.02055],[-57.48906,-33.01688],[-57.48202,-33.01688],[-57.45953,-33.02422],[-57.45421,-33.03631],[-57.45191,-33.05457],[-57.44223,-33.07186],[-57.43865,-33.08665],[-57.43152,-33.09204],[-57.411,-33.09094],[-57.40657,-33.08254],[-57.40357,-33.07141],[-57.39876,-33.06624],[-57.38108,-33.06624],[-57.36185,-33.06897],[-57.3452,-33.07328],[-57.32529,-33.0845],[-57.30606,-33.09169],[-57.27791,-33.11657],[-57.27499,-33.12707],[-57.27087,-33.1321],[-57.26023,-33.12836],[-57.25354,-33.11973],[-57.24118,-33.11787],[-57.23483,-33.1252],[-57.22641,-33.13972],[-57.22058,-33.1413],[-57.19775,-33.13052],[-57.18401,-33.1275],[-57.17818,-33.12002],[-57.16736,-33.11398],[-57.15861,-33.11499],[-57.1423,-33.12002],[-57.12788,-33.11902]]]}}]}