{"type":"FeatureCollection","crs":{"type":"name","properties":{"name":"urn:ogc:def:crs:OGC:1.3:CRS84"}},"features":[{"type":"Feature","properties":{"shapeName":"Uruguay","shapeISO":"URY","shapeID":"38943091B55852499818945","shapeGroup":"URY","shapeType":"ADM0"},"geometry":{"type":"Polygon","coordinates":[[[-57.06181,-30.08964],[-57.06123,-30.08918],[-57.06111,-30.0887],[-57.06128,-30.0881],[-57.06178,-30.08755],[-57.06488,-30.08582],[-57.06583,-30.08548],[-57.06691,-30.0854],[-57.07045,-30.08631],[-57.07113,-30.08671],[-57.07224,-30.08828],[-57.07308,-30.08945],[-57.07369,-30.08997],[-57.07465,-30.09032],[-57.07646,-30.09075],[-57.07807,-30.09136],[-57.08017,-30.09291],[-57.08214,-30.09459],[-57.0831,-30.09585],[-57.08332,-30.0972],[-57.08374,-30.09793],[-57.08436,-30.09858],[-57.08592,-30.09984],[-57.08679,-30.10055],[-57.08695,-30.10088],[-57.08725,-30.10168],[-57.0873,-30.10252],[-57.08715,-30.10329],[-57.08714,-30.1041],[-57.08705,-30.10514],[-57.08719,-30.10592],[-57.08776,-30.10669],[-57.08835,-30.10745],[-57.08949,-30.10804],[-57.09009,-30.10835],[-57.09088,-30.10886],[-57.09156,-30.10947],[-57.09198,-30.11017],[-57.09219,-30.11129],[-57.09212,-30.11212],[-57.09192,-30.11266],[-57.09154,-30.11299],[-57.09055,-30.11331],[-57.08964,-30.11331],[-57.0885,-30.11296],[-57.08769,-30.11239],[-57.08749,-30.11189],[-57.08747,-30.11108],[-57.08732,-30.11073],[-57.08695,-30.11057],[-57.08623,-30.11059],[-57.0856,-30.1107],[-57.08513,-30.11098],[-57.08465,-30.11164],[-57.08443,-30.11274],[-57.08458,-30.11388],[-57.08551,-30.11587],[-57.08662,-30.11746],[-57.08741,-30.11851],[-57.0884,-30.11942],[-57.08926,-30.12012],[-57.08992,-30.12049],[-57.0907,-30.12109],[-57.09149,-30.12142],[-57.09231,-30.12159],[-57.09347,-30.12149],[-57.09428,-30.12144],[-57.09489,-30.12122],[-57.09519,-30.12108],[-57.0954,-30.12084],[-57.09548,-30.12054],[-57.09547,-30.12007],[-57.09516,-30.11938],[-57.09496,-30.11863],[-57.09489,-30.11706],[-57.09498,-30.11565],[-57.09508,-30.11516],[-57.09537,-30.11476],[-57.09583,-30.11455],[-57.09632,-30.11443],[-57.09907,-30.11428],[-57.10031,-30.11451],[-57.10105,-30.11485],[-57.10195,-30.11506],[-57.10352,-30.11512],[-57.10527,-30.11494],[-57.10575,-30.11496],[-57.10613,-30.11514],[-57.10657,-30.11545],[-57.10731,-30.1163],[-57.10768,-30.11647],[-57.10814,-30.11652],[-57.10869,-30.11637],[-57.10935,-30.11578],[-57.11015,-30.11527],[-57.11137,-30.11482],[-57.11303,-30.11449],[-57.11477,-30.11368],[-57.11518,-30.11363],[-57.11557,-30.11363],[-57.11573,-30.11371],[-57.11612,-30.11403],[-57.11642,-30.11459],[-57.11653,-30.11526],[-57.11637,-30.11681],[-57.11635,-30.11844],[-57.11653,-30.11978],[-57.11649,-30.12036],[-57.11627,-30.12086],[-57.11541,-30.12189],[-57.1148,-30.12286],[-57.11454,-30.12376],[-57.11446,-30.12474],[-57.11461,-30.12612],[-57.1145,-30.12655],[-57.1142,-30.12689],[-57.11304,-30.12772],[-57.11204,-30.12825],[-57.11105,-30.12857],[-57.11068,-30.12866],[-57.11025,-30.12865],[-57.10993,-30.12852],[-57.10955,-30.12819],[-57.10894,-30.1275],[-57.10866,-30.12697],[-57.10845,-30.12598],[-57.1081,-30.12545],[-57.10767,-30.1252],[-57.10721,-30.12509],[-57.10648,-30.12497],[-57.10592,-30.12501],[-57.10538,-30.12518],[-57.10501,-30.12536],[-57.10465,-30.12573],[-57.10454,-30.12601],[-57.10446,-30.12644],[-57.10454,-30.12689],[-57.10476,-30.12766],[-57.10479,-30.12846],[-57.10486,-30.12894],[-57.10512,-30.12947],[-57.10675,-30.13173],[-57.10706,-30.1323],[-57.10715,-30.1328],[-57.1071,-30.13317],[-57.10688,-30.13364],[-57.10643,-30.13402],[-57.10577,-30.13493],[-57.10587,-30.13526],[-57.10623,-30.1357],[-57.10859,-30.13748],[-57.10916,-30.13825],[-57.10999,-30.14016],[-57.11119,-30.14276],[-57.11298,-30.14412],[-57.11398,-30.14464],[-57.11562,-30.14517],[-57.11663,-30.14553],[-57.11755,-30.14554],[-57.11867,-30.14535],[-57.1194,-30.14511],[-57.11992,-30.14479],[-57.12045,-30.1443],[-57.12081,-30.14353],[-57.12148,-30.14213],[-57.12192,-30.14178],[-57.12241,-30.14127],[-57.12291,-30.14093],[-57.12369,-30.14069],[-57.12535,-30.14056],[-57.12749,-30.14058],[-57.12843,-30.14072],[-57.12915,-30.141],[-57.12957,-30.14136],[-57.1298,-30.14173],[-57.12992,-30.14228],[-57.12972,-30.1438],[-57.12994,-30.14474],[-57.1303,-30.14559],[-57.13121,-30.14677],[-57.13197,-30.14796],[-57.1322,-30.14894],[-57.13286,-30.15028],[-57.13301,-30.15078],[-57.13298,-30.15108],[-57.13274,-30.15159],[-57.13295,-30.15239],[-57.13376,-30.15395],[-57.13493,-30.1567],[-57.13505,-30.15714],[-57.13501,-30.15758],[-57.13512,-30.15794],[-57.13538,-30.15827],[-57.13599,-30.15874],[-57.13668,-30.15898],[-57.13803,-30.16034],[-57.13951,-30.16256],[-57.1404,-30.16362],[-57.14156,-30.16447],[-57.14377,-30.16566],[-57.14424,-30.16622],[-57.14463,-30.16703],[-57.14475,-30.16763],[-57.14475,-30.16841],[-57.14464,-30.16938],[-57.14431,-30.17008],[-57.14419,-30.17076],[-57.14428,-30.17154],[-57.14457,-30.17201],[-57.14501,-30.17239],[-57.14506,-30.17277],[-57.14519,-30.17303],[-57.14563,-30.17335],[-57.14682,-30.1744],[-57.1483,-30.17609],[-57.15013,-30.17845],[-57.15404,-30.1822],[-57.15463,-30.18261],[-57.15532,-30.18325],[-57.15624,-30.1838],[-57.15709,-30.18415],[-57.15749,-30.18418],[-57.15775,-30.18429],[-57.15821,-30.18482],[-57.15865,-30.18529],[-57.15888,-30.18577],[-57.15886,-30.1864],[-57.15871,-30.18686],[-57.15845,-30.18722],[-57.15836,-30.18762],[-57.1581,-30.18993],[-57.15816,-30.19111],[-57.1584,-30.1919],[-57.15935,-30.19324],[-57.15988,-30.19368],[-57.16217,-30.19537],[-57.16322,-30.19586],[-57.16473,-30.1962],[-57.16584,-30.19624],[-57.16663,-30.19642],[-57.1672,-30.19678],[-57.16768,-30.19742],[-57.16798,-30.19809],[-57.16801,-30.1989],[-57.16809,-30.20035],[-57.16794,-30.20175],[-57.16707,-30.20386],[-57.16685,-30.20453],[-57.16683,-30.20517],[-57.16711,-30.20578],[-57.16771,-30.2064],[-57.16802,-30.20702],[-57.16819,-30.20792],[-57.16819,-30.20853],[-57.16809,-30.20881],[-57.16737,-30.20951],[-57.16673,-30.21032],[-57.16472,-30.21198],[-57.16435,-30.21253],[-57.16421,-30.2131],[-57.1644,-30.214],[-57.16486,-30.21482],[-57.16528,-30.21526],[-57.16653,-30.21607],[-57.16731,-30.21632],[-57.16778,-30.21685],[-57.16784,-30.21712],[-57.16774,-30.21751],[-57.16745,-30.21788],[-57.16708,-30.21813],[-57.16666,-30.21829],[-57.16599,-30.21832],[-57.16546,-30.21822],[-57.16509,-30.21826],[-57.1645,-30.21844],[-57.16378,-30.21837],[-57.16302,-30.21841],[-57.16264,-30.21862],[-57.16241,-30.21887],[-57.16234,-30.2192],[-57.16237,-30.21964],[-57.16273,-30.2205],[-57.1643,-30.22187],[-57.16524,-30.2225],[-57.16543,-30.2227],[-57.16559,-30.22306],[-57.16556,-30.22328],[-57.16547,-30.22359],[-57.16476,-30.22516],[-57.16357,-30.2271],[-57.1625,-30.22795],[-57.15874,-30.22962],[-57.15711,-30.23085],[-57.15613,-30.23168],[-57.15527,-30.23253],[-57.15504,-30.23285],[-57.15498,-30.23317],[-57.15504,-30.23386],[-57.15532,-30.2345],[-57.15625,-30.23559],[-57.15721,-30.23665],[-57.15966,-30.24049],[-57.16014,-30.2411],[-57.16104,-30.2419],[-57.16262,-30.24277],[-57.16302,-30.24301],[-57.16344,-30.24302],[-57.16384,-30.24297],[-57.16425,-30.24281],[-57.16525,-30.24189],[-57.16579,-30.24159],[-57.16622,-30.24145],[-57.16677,-30.24139],[-57.1672,-30.24153],[-57.16795,-30.24229],[-57.16851,-30.24294],[-57.16872,-30.24345],[-57.16881,-30.24394],[-57.1687,-30.24462],[-57.16843,-30.24519],[-57.16716,-30.24676],[-57.16701,-30.2471],[-57.16696,-30.24763],[-57.16706,-30.24812],[-57.16735,-30.2486],[-57.16763,-30.24886],[-57.1681,-30.24905],[-57.16832,-30.24941],[-57.16874,-30.24961],[-57.16903,-30.2499],[-57.16945,-30.25008],[-57.1701,-30.25014],[-57.17042,-30.2503],[-57.17089,-30.25063],[-57.17177,-30.2508],[-57.17373,-30.251],[-57.17518,-30.251],[-57.17616,-30.25108],[-57.17733,-30.25157],[-57.17965,-30.25353],[-57.18091,-30.25434],[-57.18332,-30.25534],[-57.18427,-30.25586],[-57.18489,-30.25643],[-57.18518,-30.2573],[-57.18558,-30.25808],[-57.18628,-30.25872],[-57.18828,-30.2598],[-57.18951,-30.26038],[-57.19187,-30.26206],[-57.19514,-30.26397],[-57.19612,-30.2649],[-57.19656,-30.26571],[-57.19685,-30.26665],[-57.19718,-30.26828],[-57.1974,-30.27052],[-57.19809,-30.27306],[-57.19965,-30.27702],[-57.20149,-30.27932],[-57.20239,-30.28061],[-57.2025,-30.28139],[-57.20217,-30.28203],[-57.20196,-30.28273],[-57.2022,-30.28386],[-57.203,-30.28491],[-57.20364,-30.28542],[-57.20454,-30.2855],[-57.20543,-30.28538],[-57.20673,-30.285],[-57.20773,-30.28486],[-57.20901,-30.28487],[-57.20968,-30.28503],[-57.21023,-30.28533],[-57.21217,-30.2867],[-57.21441,-30.28796],[-57.21696,-30.28874],[-57.22081,-30.28928],[-57.22261,-30.28938],[-57.22672,-30.28911],[-57.23448,-30.28887],[-57.23903,-30.28923],[-57.24261,-30.28929],[-57.24579,-30.28971],[-57.24699,-30.28986],[-57.24793,-30.28981],[-57.2488,-30.28958],[-57.24954,-30.28931],[-57.25024,-30.2889],[-57.25075,-30.28842],[-57.25094,-30.28802],[-57.25117,-30.28772],[-57.25147,-30.28754],[-57.25194,-30.2872],[-57.25233,-30.28678],[-57.25268,-30.28645],[-57.25298,-30.28588],[-57.2541,-30.28446],[-57.25469,-30.28333],[-57.25496,-30.28243],[-57.25513,-30.28158],[-57.25492,-30.28064],[-57.25425,-30.27913],[-57.25255,-30.27556],[-57.25245,-30.2749],[-57.25267,-30.27385],[-57.2532,-30.27281],[-57.25385,-30.27195],[-57.25586,-30.27004],[-57.25632,-30.26921],[-57.25673,-30.26872],[-57.2574,-30.26787],[-57.25796,-30.26728],[-57.25851,-30.26712],[-57.25978,-30.26715],[-57.2608,-30.26728],[-57.26212,-30.26761],[-57.26278,-30.2679],[-57.26319,-30.26821],[-57.26419,-30.26914],[-57.26566,-30.2703],[-57.267,-30.27095],[-57.26799,-30.27141],[-57.26835,-30.27175],[-57.26862,-30.27227],[-57.26909,-30.27429],[-57.26999,-30.27834],[-57.27005,-30.27895],[-57.26989,-30.27974],[-57.26873,-30.28217],[-57.26857,-30.28257],[-57.26859,-30.28317],[-57.26885,-30.28372],[-57.26939,-30.28437],[-57.26996,-30.28516],[-57.27047,-30.2855],[-57.27244,-30.28637],[-57.27321,-30.2866],[-57.27393,-30.28676],[-57.27447,-30.28706],[-57.27494,-30.28747],[-57.27537,-30.28828],[-57.27613,-30.28952],[-57.27659,-30.29075],[-57.27713,-30.2918],[-57.27797,-30.29258],[-57.27895,-30.2934],[-57.28,-30.294],[-57.28128,-30.29432],[-57.28301,-30.29432],[-57.284,-30.294],[-57.2863,-30.29249],[-57.28784,-30.29115],[-57.28951,-30.29002],[-57.29096,-30.28885],[-57.29201,-30.28765],[-57.295,-30.284],[-57.29901,-30.27773],[-57.30101,-30.27364],[-57.30198,-30.27036],[-57.30228,-30.26951],[-57.30273,-30.26866],[-57.30363,-30.26717],[-57.30571,-30.26396],[-57.31017,-30.25903],[-57.31079,-30.25858],[-57.31167,-30.25814],[-57.3127,-30.2579],[-57.3135,-30.25782],[-57.31431,-30.25789],[-57.31504,-30.25808],[-57.31573,-30.25843],[-57.31619,-30.2589],[-57.31645,-30.2593],[-57.31699,-30.2602],[-57.31721,-30.261],[-57.31766,-30.26339],[-57.31887,-30.26819],[-57.31933,-30.26922],[-57.31966,-30.26971],[-57.321,-30.271],[-57.32199,-30.27151],[-57.32283,-30.27174],[-57.32466,-30.272],[-57.3268,-30.27203],[-57.32858,-30.27258],[-57.33183,-30.27345],[-57.33594,-30.27533],[-57.3398,-30.27666],[-57.3417,-30.27726],[-57.34361,-30.27812],[-57.34656,-30.27977],[-57.34797,-30.28071],[-57.34962,-30.28227],[-57.35114,-30.28395],[-57.35201,-30.28462],[-57.353,-30.285],[-57.35372,-30.28504],[-57.35436,-30.28494],[-57.35512,-30.28466],[-57.35571,-30.28426],[-57.35655,-30.2836],[-57.35763,-30.28251],[-57.3579,-30.28216],[-57.35806,-30.28168],[-57.35826,-30.28073],[-57.35828,-30.27994],[-57.35821,-30.27916],[-57.3579,-30.278],[-57.3576,-30.27618],[-57.35761,-30.27537],[-57.35782,-30.27452],[-57.35813,-30.27372],[-57.35847,-30.27311],[-57.35888,-30.2728],[-57.36046,-30.27207],[-57.361,-30.27178],[-57.36261,-30.2713],[-57.36337,-30.27122],[-57.36456,-30.27125],[-57.36524,-30.27131],[-57.3659,-30.27147],[-57.36853,-30.27249],[-57.37265,-30.27485],[-57.37374,-30.27573],[-57.37624,-30.27798],[-57.37633,-30.27805],[-57.37662,-30.27829],[-57.37709,-30.27842],[-57.37756,-30.27847],[-57.37817,-30.27886],[-57.37981,-30.28068],[-57.38025,-30.28143],[-57.3815,-30.28407],[-57.38264,-30.28602],[-57.38432,-30.28853],[-57.38652,-30.29142],[-57.38722,-30.2931],[-57.38922,-30.29593],[-57.3896,-30.29689],[-57.38972,-30.29786],[-57.3898,-30.29883],[-57.3897,-30.30016],[-57.38941,-30.30206],[-57.38948,-30.30245],[-57.38964,-30.30284],[-57.39013,-30.30372],[-57.39116,-30.30442],[-57.39229,-30.30474],[-57.39576,-30.30469],[-57.39766,-30.3045],[-57.39953,-30.30376],[-57.40094,-30.30265],[-57.40207,-30.3016],[-57.4031,-30.30113],[-57.40464,-30.30078],[-57.40733,-30.30068],[-57.40921,-30.30027],[-57.41079,-30.30014],[-57.41197,-30.30026],[-57.41279,-30.30047],[-57.41509,-30.30167],[-57.41527,-30.30174],[-57.41615,-30.30207],[-57.41788,-30.30263],[-57.4187,-30.30276],[-57.4194,-30.30264],[-57.41983,-30.30246],[-57.42025,-30.30215],[-57.42135,-30.3006],[-57.4217,-30.29998],[-57.42187,-30.29927],[-57.42178,-30.29766],[-57.42168,-30.29673],[-57.42126,-30.29557],[-57.4213,-30.29413],[-57.42165,-30.29282],[-57.42175,-30.29196],[-57.42166,-30.2909],[-57.42103,-30.28875],[-57.41976,-30.28586],[-57.41916,-30.28496],[-57.41834,-30.28414],[-57.41709,-30.28336],[-57.41595,-30.28259],[-57.4153,-30.28198],[-57.41485,-30.28147],[-57.41474,-30.28097],[-57.41475,-30.28042],[-57.41482,-30.28],[-57.41505,-30.27951],[-57.41562,-30.27887],[-57.41632,-30.27834],[-57.41725,-30.27788],[-57.41837,-30.27747],[-57.42486,-30.27638],[-57.42821,-30.27514],[-57.42917,-30.27487],[-57.4303,-30.27479],[-57.43736,-30.27578],[-57.4455,-30.27553],[-57.45012,-30.27612],[-57.45159,-30.27614],[-57.45289,-30.27574],[-57.45473,-30.27484],[-57.45652,-30.27353],[-57.45778,-30.27176],[-57.4596,-30.26893],[-57.46049,-30.2679],[-57.46137,-30.26724],[-57.46258,-30.26665],[-57.46397,-30.26626],[-57.46485,-30.26605],[-57.46635,-30.26591],[-57.46843,-30.2658],[-57.47054,-30.26608],[-57.47286,-30.26631],[-57.47522,-30.26641],[-57.47961,-30.26661],[-57.48366,-30.26665],[-57.48556,-30.26691],[-57.4873,-30.26747],[-57.48833,-30.26792],[-57.48924,-30.26856],[-57.48999,-30.2693],[-57.49059,-30.27018],[-57.49126,-30.27219],[-57.49265,-30.27489],[-57.49472,-30.27815],[-57.49572,-30.2804],[-57.4966,-30.28476],[-57.49763,-30.28737],[-57.49895,-30.28841],[-57.50074,-30.28919],[-57.50213,-30.28902],[-57.50366,-30.28821],[-57.50587,-30.28678],[-57.50911,-30.28569],[-57.51235,-30.28518],[-57.52307,-30.28588],[-57.52431,-30.28569],[-57.52573,-30.28499],[-57.52811,-30.28313],[-57.53148,-30.28143],[-57.53686,-30.27929],[-57.54168,-30.2771],[-57.54886,-30.27409],[-57.54975,-30.27372],[-57.55089,-30.27279],[-57.55306,-30.2679],[-57.55504,-30.26509],[-57.55661,-30.26398],[-57.55816,-30.26336],[-57.56407,-30.26097],[-57.56649,-30.25899],[-57.56747,-30.25673],[-57.56774,-30.2536],[-57.56756,-30.25174],[-57.56493,-30.24775],[-57.56336,-30.24213],[-57.56046,-30.23802],[-57.5576,-30.23448],[-57.55561,-30.22989],[-57.55555,-30.22665],[-57.55591,-30.2236],[-57.55715,-30.22135],[-57.55848,-30.2163],[-57.55947,-30.21298],[-57.55982,-30.21257],[-57.56011,-30.21227],[-57.56087,-30.21134],[-57.56664,-30.20758],[-57.58927,-30.19822],[-57.60722,-30.1901],[-57.61024,-30.18964],[-57.61568,-30.18941],[-57.62274,-30.18724],[-57.62715,-30.18695],[-57.63207,-30.18739],[-57.63684,-30.18881],[-57.64744,-30.19483],[-57.64918,-30.1989],[-57.64923,-30.20184],[-57.64838,-30.20457],[-57.64731,-30.20756],[-57.64511,-30.21154],[-57.64318,-30.21419],[-57.64138,-30.21697],[-57.63935,-30.21926],[-57.63775,-30.22102],[-57.63624,-30.2228],[-57.6342,-30.22515],[-57.63222,-30.22722],[-57.63033,-30.22925],[-57.62818,-30.23219],[-57.62586,-30.23516],[-57.62337,-30.23809],[-57.62002,-30.24166],[-57.61796,-30.24509],[-57.61556,-30.25248],[-57.61683,-30.2584],[-57.61775,-30.26188],[-57.61818,-30.2635],[-57.61999,-30.2676],[-57.62297,-30.27505],[-57.62542,-30.28169],[-57.62838,-30.28883],[-57.6295,-30.2938],[-57.62982,-30.2994],[-57.63075,-30.30489],[-57.63395,-30.31599],[-57.63409,-30.31646],[-57.63503,-30.32134],[-57.63564,-30.32674],[-57.63588,-30.32777],[-57.63687,-30.33197],[-57.63944,-30.33613],[-57.64163,-30.34102],[-57.64776,-30.34901],[-57.65232,-30.35362],[-57.65561,-30.35626],[-57.6621,-30.36134],[-57.66454,-30.3636],[-57.66894,-30.36712],[-57.67284,-30.36979],[-57.67386,-30.37048],[-57.6781,-30.37276],[-57.68239,-30.37554],[-57.69134,-30.38252],[-57.69681,-30.38572],[-57.70289,-30.38958],[-57.70671,-30.39286],[-57.71179,-30.3953],[-57.71703,-30.3985],[-57.7218,-30.40085],[-57.72378,-30.40183],[-57.74119,-30.40904],[-57.74886,-30.4127],[-57.75666,-30.41641],[-57.76287,-30.41877],[-57.76447,-30.41938],[-57.76862,-30.42128],[-57.77263,-30.42364],[-57.77683,-30.42742],[-57.78019,-30.43283],[-57.78695,-30.4407],[-57.79186,-30.44581],[-57.7931,-30.44665],[-57.79884,-30.45054],[-57.80285,-30.45258],[-57.80911,-30.4549],[-57.81289,-30.45678],[-57.82524,-30.46158],[-57.83677,-30.46653],[-57.84363,-30.46979],[-57.84804,-30.47125],[-57.8539,-30.47459],[-57.85924,-30.47701],[-57.86404,-30.48186],[-57.8722,-30.48914],[-57.88031,-30.49643],[-57.88329,-30.49883],[-57.88562,-30.50099],[-57.88699,-30.50316],[-57.889,-30.50555],[-57.89139,-30.51025],[-57.89224,-30.513],[-57.89245,-30.51452],[-57.89282,-30.51714],[-57.89274,-30.52049],[-57.89132,-30.52584],[-57.8897,-30.53172],[-57.8884,-30.53967],[-57.88655,-30.54576],[-57.88652,-30.54877],[-57.88571,-30.55486],[-57.88536,-30.56065],[-57.88536,-30.56314],[-57.88624,-30.56725],[-57.88736,-30.57263],[-57.88848,-30.57421],[-57.88775,-30.57944],[-57.88705,-30.58194],[-57.88523,-30.58582],[-57.88219,-30.5886],[-57.87809,-30.59242],[-57.86994,-30.59618],[-57.85961,-30.60221],[-57.85237,-30.60696],[-57.8471,-30.6126],[-57.84483,-30.61727],[-57.84325,-30.62134],[-57.84096,-30.62926],[-57.83892,-30.63799],[-57.8374,-30.64991],[-57.83641,-30.65358],[-57.83527,-30.6584],[-57.83461,-30.66124],[-57.83358,-30.66666],[-57.83104,-30.67115],[-57.82715,-30.67449],[-57.81638,-30.68213],[-57.8137,-30.68677],[-57.81165,-30.69093],[-57.80935,-30.69441],[-57.80657,-30.70156],[-57.80547,-30.70456],[-57.80488,-30.70615],[-57.80376,-30.7092],[-57.80518,-30.71584],[-57.80605,-30.71984],[-57.80668,-30.72206],[-57.80878,-30.72753],[-57.80984,-30.73082],[-57.81041,-30.73568],[-57.81009,-30.74379],[-57.80971,-30.74615],[-57.80815,-30.75449],[-57.80634,-30.76048],[-57.80532,-30.76352],[-57.80418,-30.76743],[-57.80298,-30.7712],[-57.80201,-30.77461],[-57.80134,-30.7784],[-57.80152,-30.78428],[-57.80147,-30.78863],[-57.80139,-30.79392],[-57.80138,-30.80062],[-57.80153,-30.80631],[-57.80177,-30.81368],[-57.80197,-30.81876],[-57.80284,-30.82631],[-57.80312,-30.82907],[-57.80336,-30.83147],[-57.80402,-30.83655],[-57.80456,-30.846],[-57.80487,-30.85176],[-57.80518,-30.85843],[-57.80538,-30.86472],[-57.80555,-30.87179],[-57.80568,-30.87811],[-57.80576,-30.88352],[-57.80614,-30.88928],[-57.80649,-30.89364],[-57.80668,-30.89691],[-57.80689,-30.89941],[-57.80716,-30.90246],[-57.80855,-30.9086],[-57.8096,-30.91332],[-57.81277,-30.91791],[-57.81552,-30.92206],[-57.81977,-30.92408],[-57.82268,-30.92546],[-57.83253,-30.92546],[-57.83992,-30.92463],[-57.84776,-30.92378],[-57.84873,-30.92367],[-57.85829,-30.92267],[-57.86513,-30.92185],[-57.87116,-30.92114],[-57.87421,-30.92082],[-57.87945,-30.92173],[-57.88391,-30.92257],[-57.88859,-30.9235],[-57.89286,-30.92635],[-57.89762,-30.92965],[-57.9011,-30.93209],[-57.90515,-30.94138],[-57.90709,-30.94523],[-57.90715,-30.95323],[-57.90523,-30.95753],[-57.90313,-30.96235],[-57.89533,-30.97187],[-57.89238,-30.97391],[-57.88769,-30.97722],[-57.88539,-30.97985],[-57.88127,-30.9843],[-57.87854,-30.9886],[-57.87779,-30.98971],[-57.87546,-30.99316],[-57.87498,-30.99437],[-57.87358,-30.99731],[-57.8728,-30.99893],[-57.87124,-31.00268],[-57.86925,-31.0093],[-57.86629,-31.01935],[-57.86554,-31.02317],[-57.86497,-31.02575],[-57.86472,-31.03115],[-57.86488,-31.03777],[-57.86495,-31.04025],[-57.86536,-31.04252],[-57.86601,-31.04807],[-57.86739,-31.05476],[-57.86774,-31.05643],[-57.86969,-31.06393],[-57.8717,-31.07031],[-57.87447,-31.07771],[-57.87597,-31.08157],[-57.87777,-31.08517],[-57.87921,-31.08817],[-57.88322,-31.09325],[-57.88811,-31.09768],[-57.89237,-31.10074],[-57.89801,-31.10457],[-57.90297,-31.10879],[-57.90674,-31.11369],[-57.90762,-31.11625],[-57.90828,-31.11846],[-57.90977,-31.1248],[-57.91133,-31.13128],[-57.91213,-31.13614],[-57.91295,-31.14194],[-57.91308,-31.14613],[-57.9131,-31.15132],[-57.91283,-31.15669],[-57.91252,-31.16227],[-57.91229,-31.1679],[-57.91198,-31.17369],[-57.91168,-31.1784],[-57.91102,-31.18393],[-57.91005,-31.18933],[-57.90872,-31.19552],[-57.90784,-31.19996],[-57.90715,-31.20451],[-57.9072,-31.2089],[-57.90792,-31.21258],[-57.90872,-31.21481],[-57.9104,-31.219],[-57.91254,-31.22328],[-57.91525,-31.22824],[-57.91747,-31.23211],[-57.91934,-31.23527],[-57.92156,-31.23925],[-57.92366,-31.24274],[-57.92647,-31.24728],[-57.92908,-31.2516],[-57.9309,-31.2555],[-57.93212,-31.25949],[-57.93369,-31.26436],[-57.93459,-31.26731],[-57.93723,-31.27235],[-57.93855,-31.27479],[-57.93919,-31.27611],[-57.9425,-31.27965],[-57.94558,-31.28268],[-57.94778,-31.28502],[-57.94926,-31.28649],[-57.95049,-31.28799],[-57.95127,-31.28907],[-57.95347,-31.29232],[-57.95457,-31.29402],[-57.9562,-31.29609],[-57.95743,-31.29738],[-57.96131,-31.30098],[-57.96478,-31.30392],[-57.97025,-31.30844],[-57.97523,-31.31277],[-57.97853,-31.31594],[-57.97985,-31.31734],[-57.98112,-31.31915],[-57.98146,-31.32003],[-57.98157,-31.32092],[-57.98172,-31.3261],[-57.98162,-31.33015],[-57.98163,-31.33446],[-57.98195,-31.33588],[-57.98252,-31.33734],[-57.98339,-31.339],[-57.98457,-31.34149],[-57.98568,-31.34351],[-57.98631,-31.34465],[-57.98723,-31.34627],[-57.9906,-31.35064],[-57.99239,-31.35287],[-57.99336,-31.35445],[-57.99488,-31.35689],[-57.99637,-31.35961],[-57.99681,-31.36101],[-57.99664,-31.3626],[-57.99592,-31.36362],[-57.99486,-31.36429],[-57.9922,-31.36447],[-57.99139,-31.3648],[-57.99076,-31.36553],[-57.98939,-31.36801],[-57.98744,-31.37181],[-57.98547,-31.37349],[-57.98469,-31.37414],[-57.98224,-31.37618],[-57.9801,-31.37817],[-57.97949,-31.37887],[-57.97896,-31.37971],[-57.97858,-31.3805],[-57.97825,-31.38172],[-57.97847,-31.3829],[-57.97866,-31.38397],[-57.97924,-31.3858],[-57.98032,-31.38768],[-57.98202,-31.38963],[-57.98582,-31.39272],[-57.98806,-31.39425],[-57.99155,-31.39697],[-57.99302,-31.39814],[-57.99548,-31.40009],[-57.99727,-31.40134],[-57.99907,-31.40267],[-58.00071,-31.4038],[-58.00221,-31.40482],[-58.00474,-31.40654],[-58.0094,-31.40966],[-58.01782,-31.41472],[-58.02554,-31.41782],[-58.02799,-31.4188],[-58.03066,-31.41985],[-58.03546,-31.42187],[-58.04035,-31.42455],[-58.04373,-31.42624],[-58.04756,-31.42831],[-58.05197,-31.43068],[-58.05852,-31.43449],[-58.06315,-31.43781],[-58.06906,-31.44313],[-58.07415,-31.44737],[-58.07653,-31.44944],[-58.079,-31.45155],[-58.08032,-31.45285],[-58.08141,-31.45457],[-58.08202,-31.45647],[-58.08262,-31.45912],[-58.08299,-31.46214],[-58.08327,-31.46589],[-58.08336,-31.4674],[-58.08328,-31.47025],[-58.08325,-31.47218],[-58.08294,-31.47464],[-58.08262,-31.47757],[-58.08194,-31.48056],[-58.08131,-31.48259],[-58.08057,-31.48484],[-58.07923,-31.48727],[-58.0768,-31.49031],[-58.07331,-31.49328],[-58.06864,-31.49619],[-58.06487,-31.49822],[-58.06108,-31.49973],[-58.05636,-31.50157],[-58.05165,-31.50318],[-58.0448,-31.50513],[-58.0394,-31.50725],[-58.03402,-31.50972],[-58.02979,-31.51174],[-58.02781,-31.51267],[-58.01414,-31.52202],[-58.01221,-31.52338],[-58.01036,-31.52461],[-58.00823,-31.52603],[-58.00695,-31.52684],[-58.00583,-31.52759],[-58.00401,-31.52895],[-58.00373,-31.52938],[-58.00331,-31.52979],[-58.00302,-31.53042],[-58.00294,-31.53094],[-58.00294,-31.5315],[-58.00302,-31.53312],[-58.00304,-31.53515],[-58.00319,-31.53629],[-58.0034,-31.53717],[-58.00394,-31.53886],[-58.00436,-31.54033],[-58.00471,-31.54168],[-58.00468,-31.542],[-58.00461,-31.54233],[-58.00371,-31.5438],[-58.00317,-31.54444],[-58.00262,-31.54501],[-58.00211,-31.54549],[-57.99962,-31.54815],[-57.99693,-31.55104],[-57.9938,-31.5541],[-57.99151,-31.55655],[-57.98813,-31.56122],[-57.98615,-31.56444],[-57.98456,-31.56794],[-57.9836,-31.57009],[-57.98223,-31.5728],[-57.98129,-31.57566],[-57.98063,-31.5784],[-57.98056,-31.5799],[-57.98055,-31.58363],[-57.98082,-31.58691],[-57.98105,-31.58794],[-57.98193,-31.59085],[-57.98342,-31.59525],[-57.98435,-31.59802],[-57.98585,-31.60202],[-57.98724,-31.60532],[-57.98835,-31.60762],[-57.98995,-31.61084],[-57.99123,-31.61338],[-57.993,-31.61704],[-57.99466,-31.62084],[-57.9962,-31.6257],[-57.99705,-31.62855],[-57.99761,-31.63046],[-57.99882,-31.63489],[-58.00049,-31.64086],[-58.00163,-31.64526],[-58.0023,-31.64691],[-58.00411,-31.65107],[-58.00588,-31.65429],[-58.00738,-31.65773],[-58.00805,-31.65959],[-58.00832,-31.6612],[-58.00868,-31.66485],[-58.00875,-31.66879],[-58.00937,-31.67193],[-58.01118,-31.67783],[-58.01286,-31.68418],[-58.01392,-31.68599],[-58.01642,-31.68885],[-58.0189,-31.69189],[-58.02085,-31.69503],[-58.02231,-31.69727],[-58.02544,-31.70157],[-58.02858,-31.70584],[-58.03141,-31.70978],[-58.03347,-31.71244],[-58.03442,-31.71436],[-58.03523,-31.7168],[-58.0358,-31.71953],[-58.03738,-31.72634],[-58.03804,-31.72917],[-58.03869,-31.73237],[-58.03917,-31.73425],[-58.03937,-31.73622],[-58.039,-31.74012],[-58.03853,-31.74263],[-58.03778,-31.74623],[-58.03714,-31.75194],[-58.03764,-31.75476],[-58.0388,-31.7576],[-58.04065,-31.76028],[-58.04212,-31.76222],[-58.04501,-31.76534],[-58.04833,-31.76851],[-58.05091,-31.77151],[-58.0528,-31.77435],[-58.0544,-31.77736],[-58.05546,-31.77916],[-58.05718,-31.78205],[-58.05832,-31.78401],[-58.05972,-31.78644],[-58.06109,-31.78848],[-58.06253,-31.79121],[-58.0642,-31.7944],[-58.0663,-31.79766],[-58.06757,-31.7995],[-58.06882,-31.80106],[-58.07195,-31.80462],[-58.0735,-31.80656],[-58.07574,-31.8092],[-58.07837,-31.81241],[-58.08063,-31.81485],[-58.08298,-31.81726],[-58.08565,-31.81929],[-58.08903,-31.82058],[-58.09274,-31.8218],[-58.09986,-31.8233],[-58.10706,-31.8243],[-58.11473,-31.82617],[-58.12093,-31.82732],[-58.12528,-31.8284],[-58.13151,-31.83017],[-58.13836,-31.83208],[-58.14449,-31.83377],[-58.15049,-31.83563],[-58.15625,-31.8376],[-58.15944,-31.8393],[-58.16214,-31.84103],[-58.16665,-31.84279],[-58.17138,-31.84431],[-58.17693,-31.84604],[-58.18784,-31.84949],[-58.19385,-31.85248],[-58.19691,-31.85498],[-58.19982,-31.85832],[-58.20434,-31.86392],[-58.20508,-31.86511],[-58.20601,-31.8666],[-58.20653,-31.86773],[-58.20683,-31.86879],[-58.20696,-31.8698],[-58.20677,-31.87108],[-58.20628,-31.87266],[-58.2039,-31.8775],[-58.2034,-31.87989],[-58.20304,-31.88167],[-58.20237,-31.88335],[-58.20004,-31.89166],[-58.19872,-31.897],[-58.19809,-31.89963],[-58.19744,-31.90141],[-58.19623,-31.9047],[-58.19496,-31.90811],[-58.1941,-31.91053],[-58.19011,-31.91234],[-58.18623,-31.91647],[-58.18551,-31.91705],[-58.182,-31.91988],[-58.17842,-31.92287],[-58.17545,-31.92482],[-58.17068,-31.92753],[-58.16941,-31.92882],[-58.16654,-31.93323],[-58.16353,-31.93814],[-58.16189,-31.94353],[-58.15871,-31.94963],[-58.15682,-31.95387],[-58.15604,-31.95696],[-58.15544,-31.9603],[-58.1551,-31.96421],[-58.1548,-31.96793],[-58.15418,-31.97165],[-58.15288,-31.97689],[-58.15118,-31.98183],[-58.15022,-31.98345],[-58.14826,-31.98648],[-58.14673,-31.98923],[-58.1444,-31.99234],[-58.14022,-31.99741],[-58.13929,-31.99915],[-58.13852,-32.00104],[-58.13833,-32.00387],[-58.13933,-32.00679],[-58.1398,-32.01036],[-58.13889,-32.0158],[-58.13815,-32.01949],[-58.13787,-32.02197],[-58.13778,-32.0244],[-58.13829,-32.03074],[-58.1394,-32.03736],[-58.14087,-32.04547],[-58.14194,-32.05293],[-58.14275,-32.05652],[-58.1439,-32.06025],[-58.14721,-32.06753],[-58.1499,-32.07242],[-58.15329,-32.07666],[-58.15761,-32.07971],[-58.16212,-32.08254],[-58.16395,-32.08387],[-58.16513,-32.08502],[-58.16646,-32.08657],[-58.1667,-32.08706],[-58.16732,-32.08833],[-58.16848,-32.09153],[-58.16964,-32.09641],[-58.17129,-32.10368],[-58.17256,-32.10884],[-58.17424,-32.11443],[-58.17593,-32.12084],[-58.17728,-32.12561],[-58.17933,-32.13277],[-58.18057,-32.13766],[-58.18195,-32.14258],[-58.18315,-32.14759],[-58.18374,-32.15069],[-58.1839,-32.15261],[-58.18367,-32.15502],[-58.18276,-32.15765],[-58.1815,-32.16012],[-58.17859,-32.16435],[-58.17601,-32.16739],[-58.17402,-32.16966],[-58.17002,-32.17383],[-58.16614,-32.17759],[-58.1617,-32.18208],[-58.15453,-32.18889],[-58.14822,-32.19499],[-58.14371,-32.20011],[-58.14294,-32.20098],[-58.13945,-32.20522],[-58.13705,-32.20823],[-58.13268,-32.21333],[-58.12836,-32.21859],[-58.12456,-32.22365],[-58.12218,-32.22569],[-58.11728,-32.22963],[-58.11476,-32.23197],[-58.11385,-32.23281],[-58.10957,-32.23684],[-58.10645,-32.24002],[-58.10535,-32.24134],[-58.10439,-32.24272],[-58.10413,-32.24309],[-58.10264,-32.24578],[-58.10158,-32.24903],[-58.10068,-32.25237],[-58.10008,-32.25518],[-58.0998,-32.25936],[-58.09937,-32.26468],[-58.09918,-32.26811],[-58.09906,-32.27024],[-58.09899,-32.27199],[-58.09876,-32.27687],[-58.09847,-32.2859],[-58.10028,-32.29836],[-58.10165,-32.30288],[-58.10397,-32.30836],[-58.10982,-32.3172],[-58.11435,-32.32381],[-58.11726,-32.32842],[-58.11863,-32.33066],[-58.12123,-32.33462],[-58.12335,-32.33827],[-58.12637,-32.3406],[-58.12855,-32.3417],[-58.13532,-32.34512],[-58.1432,-32.34948],[-58.148,-32.35114],[-58.15023,-32.352],[-58.16324,-32.35577],[-58.16629,-32.35691],[-58.16803,-32.35764],[-58.1696,-32.35865],[-58.17418,-32.36313],[-58.18229,-32.3722],[-58.18381,-32.37465],[-58.1845,-32.3774],[-58.18474,-32.37978],[-58.18442,-32.38422],[-58.18432,-32.38892],[-58.18475,-32.39113],[-58.18516,-32.39331],[-58.18626,-32.39634],[-58.18969,-32.40166],[-58.19099,-32.40344],[-58.19291,-32.40661],[-58.19476,-32.41105],[-58.19577,-32.41587],[-58.19626,-32.42276],[-58.19616,-32.42622],[-58.19666,-32.4318],[-58.19798,-32.43747],[-58.2008,-32.44444],[-58.20396,-32.4533],[-58.20466,-32.4568],[-58.20464,-32.46055],[-58.20374,-32.46345],[-58.20149,-32.46768],[-58.20007,-32.47098],[-58.19819,-32.47421],[-58.19654,-32.47888],[-58.19615,-32.48611],[-58.19556,-32.49177],[-58.19417,-32.49626],[-58.19049,-32.50512],[-58.18907,-32.50955],[-58.18811,-32.51148],[-58.18748,-32.51341],[-58.18688,-32.51587],[-58.18715,-32.51812],[-58.1885,-32.52252],[-58.18847,-32.52528],[-58.18814,-32.52806],[-58.18768,-32.52976],[-58.18643,-32.5322],[-58.18399,-32.53532],[-58.17946,-32.53983],[-58.1749,-32.54347],[-58.17134,-32.54715],[-58.16828,-32.55214],[-58.16612,-32.55628],[-58.16152,-32.56548],[-58.16054,-32.56854],[-58.16015,-32.57222],[-58.16028,-32.57679],[-58.1609,-32.58191],[-58.1612,-32.58582],[-58.16114,-32.58868],[-58.16108,-32.58962],[-58.16096,-32.59153],[-58.16052,-32.59393],[-58.15998,-32.5959],[-58.15752,-32.60232],[-58.15744,-32.60253],[-58.15725,-32.60302],[-58.15287,-32.61416],[-58.15124,-32.62169],[-58.15061,-32.62456],[-58.14968,-32.62921],[-58.15015,-32.6303],[-58.15089,-32.63174],[-58.15178,-32.63652],[-58.1517,-32.63968],[-58.15115,-32.64398],[-58.14977,-32.65033],[-58.14789,-32.65557],[-58.14714,-32.6589],[-58.14562,-32.66468],[-58.14506,-32.66841],[-58.14502,-32.67231],[-58.14479,-32.67735],[-58.14527,-32.68088],[-58.14713,-32.68733],[-58.14731,-32.68849],[-58.14846,-32.69593],[-58.14892,-32.70363],[-58.14907,-32.70703],[-58.14949,-32.71377],[-58.15041,-32.72702],[-58.14938,-32.7338],[-58.14809,-32.73737],[-58.14639,-32.74325],[-58.14627,-32.74454],[-58.14568,-32.7462],[-58.14454,-32.74791],[-58.14198,-32.75089],[-58.13997,-32.75309],[-58.13945,-32.75424],[-58.13812,-32.76126],[-58.13698,-32.76746],[-58.13478,-32.77931],[-58.13371,-32.78374],[-58.13213,-32.78748],[-58.12936,-32.79275],[-58.12322,-32.80276],[-58.12168,-32.80667],[-58.12007,-32.81168],[-58.11932,-32.81523],[-58.11923,-32.81783],[-58.11997,-32.82065],[-58.12161,-32.82442],[-58.12214,-32.82565],[-58.12421,-32.83043],[-58.12444,-32.83267],[-58.12399,-32.84097],[-58.12338,-32.85143],[-58.12228,-32.86057],[-58.12056,-32.86717],[-58.11816,-32.87193],[-58.11562,-32.87828],[-58.11538,-32.885],[-58.1157,-32.88803],[-58.11646,-32.89334],[-58.11681,-32.89609],[-58.11713,-32.89867],[-58.11729,-32.90678],[-58.11634,-32.91439],[-58.11451,-32.92116],[-58.11325,-32.92398],[-58.11151,-32.92786],[-58.10926,-32.93153],[-58.10512,-32.93759],[-58.10252,-32.94117],[-58.10027,-32.94371],[-58.09731,-32.94706],[-58.08963,-32.95286],[-58.08829,-32.95466],[-58.08709,-32.95725],[-58.08693,-32.95931],[-58.08802,-32.96359],[-58.08851,-32.96598],[-58.08854,-32.9689],[-58.08831,-32.97159],[-58.08786,-32.97564],[-58.08718,-32.97968],[-58.08594,-32.98437],[-58.08505,-32.98932],[-58.08438,-32.99397],[-58.0841,-32.99782],[-58.08468,-33.00075],[-58.08568,-33.00338],[-58.08823,-33.00719],[-58.08907,-33.00821],[-58.08993,-33.00921],[-58.09333,-33.01267],[-58.09736,-33.01647],[-58.10378,-33.02142],[-58.10903,-33.02494],[-58.1143,-33.02762],[-58.11733,-33.02884],[-58.12342,-33.03127],[-58.12791,-33.03449],[-58.13242,-33.03641],[-58.13533,-33.03705],[-58.13657,-33.03734],[-58.13809,-33.03769],[-58.14022,-33.03885],[-58.14222,-33.04009],[-58.14535,-33.04353],[-58.14774,-33.04621],[-58.14945,-33.04816],[-58.15222,-33.05121],[-58.15731,-33.05669],[-58.16082,-33.06051],[-58.16319,-33.06318],[-58.16953,-33.06995],[-58.17117,-33.0715],[-58.17376,-33.07316],[-58.17806,-33.07511],[-58.18835,-33.07819],[-58.19005,-33.07887],[-58.19543,-33.08064],[-58.19887,-33.08215],[-58.20302,-33.08365],[-58.21212,-33.08519],[-58.21946,-33.0879],[-58.22906,-33.0916],[-58.24217,-33.09563],[-58.25003,-33.09813],[-58.25087,-33.09839],[-58.25691,-33.09986],[-58.26795,-33.10176],[-58.26977,-33.10189],[-58.2757,-33.10235],[-58.28387,-33.10234],[-58.29133,-33.10212],[-58.29814,-33.1018],[-58.30293,-33.10178],[-58.30864,-33.10226],[-58.31343,-33.103],[-58.31854,-33.10453],[-58.32484,-33.10628],[-58.33112,-33.10803],[-58.33462,-33.10898],[-58.34415,-33.11173],[-58.34882,-33.11298],[-58.35287,-33.1144],[-58.35698,-33.11588],[-58.36039,-33.11755],[-58.3639,-33.11947],[-58.36693,-33.12177],[-58.36853,-33.12345],[-58.3694,-33.12441],[-58.37129,-33.12729],[-58.37434,-33.13305],[-58.37788,-33.13957],[-58.3817,-33.14645],[-58.38426,-33.15139],[-58.38563,-33.15347],[-58.39263,-33.16174],[-58.39961,-33.16952],[-58.4024,-33.17322],[-58.40382,-33.17554],[-58.40444,-33.17738],[-58.40471,-33.18284],[-58.40511,-33.19104],[-58.40523,-33.19293],[-58.40557,-33.19867],[-58.40579,-33.20372],[-58.40635,-33.20847],[-58.40793,-33.21779],[-58.40948,-33.22669],[-58.41002,-33.22884],[-58.41013,-33.23051],[-58.41004,-33.23221],[-58.40972,-33.2339],[-58.40915,-33.23569],[-58.40745,-33.23868],[-58.40359,-33.24403],[-58.39763,-33.25333],[-58.39636,-33.25586],[-58.39128,-33.27148],[-58.39039,-33.2748],[-58.39045,-33.27617],[-58.39097,-33.27879],[-58.39254,-33.28188],[-58.3952,-33.28908],[-58.39594,-33.29738],[-58.39671,-33.30869],[-58.3971,-33.31048],[-58.39899,-33.31428],[-58.4058,-33.32618],[-58.40738,-33.3283],[-58.41197,-33.3344],[-58.41955,-33.3439],[-58.42489,-33.35062],[-58.42885,-33.35564],[-58.43141,-33.35894],[-58.43196,-33.36123],[-58.43213,-33.36353],[-58.43197,-33.37005],[-58.43186,-33.37456],[-58.4316,-33.38488],[-58.43156,-33.3976],[-58.43095,-33.40766],[-58.43136,-33.41081],[-58.43208,-33.41325],[-58.44274,-33.4414],[-58.44329,-33.44636],[-58.44264,-33.45167],[-58.43982,-33.46376],[-58.43651,-33.47889],[-58.43388,-33.49068],[-58.43372,-33.49536],[-58.43676,-33.50771],[-58.44215,-33.53056],[-58.44405,-33.53666],[-58.44533,-33.53877],[-58.44766,-33.54095],[-58.45188,-33.54385],[-58.46673,-33.55399],[-58.47543,-33.55983],[-58.47962,-33.56295],[-58.48288,-33.56623],[-58.48455,-33.5684],[-58.49105,-33.5756],[-58.49375,-33.57857],[-58.49484,-33.58183],[-58.49477,-33.58373],[-58.49389,-33.58725],[-58.48665,-33.60642],[-58.4813,-33.62563],[-58.47654,-33.64418],[-58.47602,-33.64623],[-58.47513,-33.64822],[-58.47393,-33.6502],[-58.46785,-33.65812],[-58.44954,-33.68225],[-58.44792,-33.68419],[-58.4469,-33.68618],[-58.43804,-33.70903],[-58.43509,-33.71664],[-58.43416,-33.7207],[-58.43428,-33.72502],[-58.43462,-33.7302],[-58.43658,-33.7457],[-58.43765,-33.75285],[-58.43781,-33.75917],[-58.43739,-33.766],[-58.43667,-33.77721],[-58.43584,-33.79201],[-58.43508,-33.80407],[-58.43491,-33.80703],[-58.43448,-33.81432],[-58.43434,-33.81672],[-58.43413,-33.82003],[-58.43401,-33.82556],[-58.43358,-33.82864],[-58.43329,-33.83106],[-58.43304,-33.83332],[-58.4326,-33.83675],[-58.43229,-33.83931],[-58.432,-33.84142],[-58.43114,-33.84863],[-58.42885,-33.86593],[-58.42857,-33.86789],[-58.42647,-33.88234],[-58.42636,-33.8842],[-58.42642,-33.88652],[-58.42667,-33.89017],[-58.42664,-33.89218],[-58.42563,-33.8966],[-58.42475,-33.90057],[-58.42423,-33.90392],[-58.42386,-33.90506],[-58.42342,-33.90668],[-58.42343,-33.9089],[-58.42369,-33.91114],[-58.42369,-33.91367],[-58.42285,-33.91628],[-58.41544,-33.91623],[-58.41533,-33.91638],[-58.41463,-33.91701],[-58.41381,-33.91746],[-58.4137,-33.9176],[-58.41298,-33.91801],[-58.41154,-33.9183],[-58.41028,-33.91846],[-58.40976,-33.91898],[-58.40906,-33.9192],[-58.40852,-33.91973],[-58.40844,-33.91988],[-58.40856,-33.9201],[-58.4087,-33.92025],[-58.40847,-33.92041],[-58.4085,-33.92052],[-58.40767,-33.92107],[-58.40629,-33.92144],[-58.40599,-33.92167],[-58.40597,-33.92185],[-58.4055,-33.92209],[-58.40529,-33.92238],[-58.40528,-33.92263],[-58.40506,-33.92296],[-58.4043,-33.92377],[-58.40425,-33.92414],[-58.40429,-33.92458],[-58.40399,-33.92474],[-58.40365,-33.92493],[-58.40303,-33.92518],[-58.40229,-33.92561],[-58.40181,-33.92593],[-58.40121,-33.92675],[-58.40058,-33.92692],[-58.39995,-33.9272],[-58.39937,-33.9278],[-58.39876,-33.92813],[-58.39846,-33.92797],[-58.39836,-33.92817],[-58.39785,-33.92844],[-58.39754,-33.92859],[-58.39739,-33.9285],[-58.39719,-33.92901],[-58.39678,-33.92905],[-58.39661,-33.92941],[-58.39608,-33.92959],[-58.39584,-33.92991],[-58.39542,-33.92995],[-58.39511,-33.93023],[-58.3947,-33.93031],[-58.39464,-33.93104],[-58.394,-33.93126],[-58.39376,-33.93145],[-58.39371,-33.93183],[-58.39337,-33.93263],[-58.39207,-33.93379],[-58.39133,-33.93436],[-58.39128,-33.93469],[-58.39084,-33.93485],[-58.39086,-33.93518],[-58.39025,-33.93561],[-58.38974,-33.93601],[-58.38873,-33.93691],[-58.38802,-33.93736],[-58.38782,-33.93795],[-58.38732,-33.93849],[-58.38673,-33.93884],[-58.38638,-33.93978],[-58.38651,-33.9403],[-58.38511,-33.94209],[-58.38477,-33.94241],[-58.3844,-33.94281],[-58.38398,-33.9432],[-58.38329,-33.94365],[-58.38177,-33.94411],[-58.37988,-33.94493],[-58.37824,-33.94531],[-58.37741,-33.94534],[-58.37673,-33.94511],[-58.37614,-33.94527],[-58.37588,-33.94538],[-58.3752,-33.94548],[-58.37457,-33.94533],[-58.37408,-33.94524],[-58.37339,-33.94542],[-58.37315,-33.94582],[-58.37317,-33.94606],[-58.37291,-33.94619],[-58.37249,-33.94602],[-58.37202,-33.94594],[-58.37143,-33.94592],[-58.37072,-33.94618],[-58.37008,-33.94663],[-58.36963,-33.94674],[-58.36896,-33.94686],[-58.36908,-33.94718],[-58.36993,-33.94741],[-58.37063,-33.9478],[-58.37089,-33.94815],[-58.37078,-33.9486],[-58.37039,-33.94891],[-58.37019,-33.94928],[-58.37033,-33.9496],[-58.36992,-33.95009],[-58.36991,-33.95101],[-58.36916,-33.95113],[-58.3688,-33.95172],[-58.36804,-33.95162],[-58.36732,-33.95193],[-58.36697,-33.95184],[-58.36672,-33.95213],[-58.36646,-33.95207],[-58.36521,-33.95143],[-58.36514,-33.95104],[-58.36501,-33.95093],[-58.3649,-33.95055],[-58.36463,-33.95062],[-58.36454,-33.95035],[-58.3641,-33.95039],[-58.36373,-33.95052],[-58.36334,-33.9506],[-58.36209,-33.95068],[-58.36171,-33.95077],[-58.3614,-33.95097],[-58.36111,-33.95111],[-58.36095,-33.95132],[-58.36061,-33.95143],[-58.36023,-33.95197],[-58.35989,-33.95256],[-58.35985,-33.95297],[-58.35893,-33.95344],[-58.35885,-33.9536],[-58.35892,-33.95382],[-58.35881,-33.954],[-58.35914,-33.95416],[-58.35941,-33.95462],[-58.35952,-33.95486],[-58.35982,-33.95484],[-58.36008,-33.95503],[-58.36021,-33.95539],[-58.35929,-33.95587],[-58.35832,-33.95757],[-58.3577,-33.95795],[-58.35703,-33.95817],[-58.35492,-33.95823],[-58.34886,-33.96075],[-58.3478,-33.96153],[-58.34669,-33.9616],[-58.34626,-33.96206],[-58.34598,-33.96216],[-58.3432,-33.96312],[-58.34174,-33.96483],[-58.3407,-33.96483],[-58.33969,-33.96537],[-58.33829,-33.96546],[-58.33744,-33.96613],[-58.33666,-33.96622],[-58.33655,-33.9663],[-58.33635,-33.96645],[-58.33588,-33.96642],[-58.3356,-33.96657],[-58.33317,-33.96673],[-58.33078,-33.96715],[-58.32899,-33.96771],[-58.3285,-33.96904],[-58.32775,-33.97001],[-58.32741,-33.97073],[-58.32698,-33.97152],[-58.32665,-33.97215],[-58.32518,-33.97462],[-58.32458,-33.97523],[-58.32385,-33.97633],[-58.32365,-33.97744],[-58.32234,-33.97864],[-58.32194,-33.97854],[-58.32154,-33.97903],[-58.32044,-33.97985],[-58.32021,-33.98073],[-58.31936,-33.98076],[-58.31918,-33.98152],[-58.31852,-33.9815],[-58.31842,-33.98189],[-58.31801,-33.98203],[-58.31764,-33.98175],[-58.31768,-33.98223],[-58.31728,-33.98242],[-58.31703,-33.98321],[-58.31635,-33.98437],[-58.31639,-33.98474],[-58.31575,-33.9854],[-58.31488,-33.9855],[-58.31436,-33.98644],[-58.31376,-33.9865],[-58.31387,-33.98708],[-58.31335,-33.9881],[-58.31287,-33.98804],[-58.31292,-33.98834],[-58.31237,-33.98873],[-58.31165,-33.98913],[-58.31124,-33.98946],[-58.31114,-33.98976],[-58.31069,-33.98989],[-58.31038,-33.99022],[-58.30983,-33.9906],[-58.3097,-33.99149],[-58.30925,-33.99182],[-58.30853,-33.99181],[-58.30837,-33.9922],[-58.30797,-33.99244],[-58.3079,-33.99383],[-58.30751,-33.99407],[-58.30748,-33.99441],[-58.30742,-33.99465],[-58.30713,-33.9949],[-58.30687,-33.99502],[-58.3066,-33.99493],[-58.30641,-33.99512],[-58.30627,-33.99528],[-58.30622,-33.99546],[-58.30629,-33.9955],[-58.30652,-33.9959],[-58.3063,-33.99618],[-58.30654,-33.99638],[-58.30637,-33.99703],[-58.30612,-33.9972],[-58.30611,-33.99773],[-58.30591,-33.99779],[-58.30578,-33.99799],[-58.3058,-33.99847],[-58.30565,-33.99858],[-58.30553,-33.99875],[-58.30534,-33.99881],[-58.30526,-33.99902],[-58.3051,-33.99897],[-58.30501,-33.99912],[-58.30503,-33.99938],[-58.30486,-33.99956],[-58.30447,-33.99961],[-58.30419,-33.99985],[-58.30435,-33.99994],[-58.30459,-34.00003],[-58.30482,-34.00018],[-58.30498,-34.00029],[-58.30478,-34.00045],[-58.3044,-34.00036],[-58.30407,-34.00034],[-58.30373,-34.00047],[-58.30347,-34.00085],[-58.30324,-34.00113],[-58.30295,-34.00121],[-58.30226,-34.00149],[-58.30139,-34.0023],[-58.30092,-34.00235],[-58.30071,-34.00207],[-58.30053,-34.00232],[-58.30044,-34.00252],[-58.30031,-34.00265],[-58.30025,-34.00272],[-58.30059,-34.0032],[-58.3011,-34.00339],[-58.30095,-34.00418],[-58.30061,-34.00459],[-58.29989,-34.00424],[-58.29979,-34.00409],[-58.29934,-34.00453],[-58.2989,-34.00484],[-58.29836,-34.00585],[-58.29908,-34.00675],[-58.29959,-34.00698],[-58.30018,-34.00729],[-58.30011,-34.0073],[-58.30004,-34.00731],[-58.29991,-34.00732],[-58.29931,-34.00737],[-58.29849,-34.00762],[-58.29758,-34.00806],[-58.29714,-34.00847],[-58.29726,-34.00853],[-58.2968,-34.00884],[-58.29654,-34.00902],[-58.29648,-34.00915],[-58.29648,-34.00925],[-58.29662,-34.00939],[-58.29631,-34.00957],[-58.29626,-34.00965],[-58.2963,-34.00981],[-58.2958,-34.01008],[-58.29542,-34.01058],[-58.29549,-34.01067],[-58.29518,-34.01094],[-58.29499,-34.01119],[-58.29507,-34.01125],[-58.2946,-34.01155],[-58.29425,-34.01189],[-58.29398,-34.01228],[-58.29404,-34.0125],[-58.29386,-34.01272],[-58.29358,-34.01297],[-58.29261,-34.01402],[-58.29245,-34.01421],[-58.29237,-34.01434],[-58.29236,-34.01446],[-58.29249,-34.01456],[-58.2926,-34.01466],[-58.29256,-34.01477],[-58.29255,-34.01485],[-58.2926,-34.0149],[-58.29243,-34.01499],[-58.29233,-34.01507],[-58.29229,-34.01519],[-58.29232,-34.0154],[-58.29228,-34.01565],[-58.29224,-34.01586],[-58.29214,-34.016],[-58.29196,-34.01628],[-58.29185,-34.01651],[-58.29194,-34.01668],[-58.29214,-34.01689],[-58.2918,-34.01768],[-58.29164,-34.01886],[-58.29153,-34.01912],[-58.29131,-34.01909],[-58.2912,-34.01924],[-58.29141,-34.01948],[-58.29082,-34.02081],[-58.29064,-34.02224],[-58.29028,-34.02266],[-58.29028,-34.02305],[-58.29051,-34.02342],[-58.29052,-34.0236],[-58.29062,-34.02385],[-58.29084,-34.02424],[-58.29115,-34.0245],[-58.29127,-34.02519],[-58.29147,-34.02544],[-58.2915,-34.02548],[-58.29152,-34.0255],[-58.29163,-34.02564],[-58.29206,-34.02657],[-58.29207,-34.0266],[-58.29096,-34.02643],[-58.2908,-34.02675],[-58.29018,-34.02696],[-58.28954,-34.02707],[-58.28889,-34.02712],[-58.28821,-34.02711],[-58.28795,-34.02723],[-58.28777,-34.02742],[-58.28747,-34.0275],[-58.28723,-34.02764],[-58.2868,-34.02771],[-58.28616,-34.02797],[-58.28581,-34.02797],[-58.28548,-34.02802],[-58.28465,-34.02851],[-58.28347,-34.02915],[-58.28281,-34.02956],[-58.28234,-34.0299],[-58.28084,-34.03058],[-58.28045,-34.03065],[-58.28017,-34.03092],[-58.27989,-34.03117],[-58.27975,-34.03141],[-58.27929,-34.03169],[-58.27914,-34.03191],[-58.2786,-34.03227],[-58.2782,-34.03225],[-58.27744,-34.03268],[-58.2769,-34.03369],[-58.27585,-34.03398],[-58.27543,-34.03443],[-58.27381,-34.03518],[-58.27344,-34.03529],[-58.27317,-34.03545],[-58.27274,-34.03686],[-58.27119,-34.03765],[-58.2709,-34.03892],[-58.26968,-34.03882],[-58.26876,-34.03921],[-58.26755,-34.04077],[-58.26693,-34.04077],[-58.26694,-34.04129],[-58.26447,-34.04183],[-58.2628,-34.04358],[-58.26204,-34.04449],[-58.26154,-34.04491],[-58.26011,-34.04667],[-58.26001,-34.04706],[-58.25947,-34.04729],[-58.25934,-34.04763],[-58.2587,-34.0478],[-58.25861,-34.04824],[-58.25786,-34.04842],[-58.25687,-34.04893],[-58.25675,-34.04918],[-58.25647,-34.04949],[-58.25623,-34.04975],[-58.25592,-34.04985],[-58.25585,-34.05005],[-58.25507,-34.05055],[-58.25288,-34.05329],[-58.25247,-34.05374],[-58.25168,-34.05455],[-58.25109,-34.05471],[-58.25124,-34.05517],[-58.25122,-34.0555],[-58.25109,-34.05584],[-58.25079,-34.05595],[-58.25048,-34.05598],[-58.24986,-34.0556],[-58.24986,-34.0561],[-58.24925,-34.05612],[-58.24833,-34.05741],[-58.24767,-34.05778],[-58.24758,-34.05845],[-58.24685,-34.05953],[-58.24659,-34.05982],[-58.24623,-34.06056],[-58.24498,-34.06079],[-58.24469,-34.06207],[-58.24317,-34.06261],[-58.24288,-34.06415],[-58.24195,-34.06416],[-58.24196,-34.06467],[-58.24119,-34.06476],[-58.24098,-34.06506],[-58.24106,-34.06525],[-58.24045,-34.067],[-58.23892,-34.06779],[-58.23892,-34.0683],[-58.23831,-34.06831],[-58.2386,-34.06928],[-58.23819,-34.06949],[-58.23773,-34.06958],[-58.23693,-34.06985],[-58.23659,-34.07058],[-58.23657,-34.07115],[-58.23632,-34.07174],[-58.23614,-34.07169],[-58.23572,-34.07221],[-58.23529,-34.07297],[-58.23435,-34.07272],[-58.23435,-34.07323],[-58.23375,-34.07324],[-58.23346,-34.07503],[-58.23223,-34.07505],[-58.23115,-34.07838],[-58.23077,-34.07894],[-58.23045,-34.07945],[-58.23043,-34.08019],[-58.23031,-34.08061],[-58.22998,-34.08105],[-58.22968,-34.08122],[-58.22966,-34.08149],[-58.22956,-34.08183],[-58.22929,-34.08211],[-58.22935,-34.08296],[-58.22868,-34.08369],[-58.22785,-34.08454],[-58.22734,-34.08503],[-58.22693,-34.0854],[-58.22682,-34.08564],[-58.22658,-34.08567],[-58.22666,-34.08586],[-58.22685,-34.08605],[-58.22664,-34.08651],[-58.22611,-34.08695],[-58.22542,-34.0877],[-58.22351,-34.09159],[-58.22289,-34.09159],[-58.22186,-34.0952],[-58.22035,-34.09727],[-58.21976,-34.09934],[-58.2197,-34.10013],[-58.22046,-34.10059],[-58.22009,-34.10205],[-58.21967,-34.10422],[-58.21945,-34.10503],[-58.21939,-34.10615],[-58.21888,-34.10717],[-58.21851,-34.10928],[-58.21879,-34.11131],[-58.21923,-34.11145],[-58.21938,-34.11137],[-58.21952,-34.11137],[-58.21966,-34.11151],[-58.21987,-34.11175],[-58.21991,-34.11229],[-58.22002,-34.11274],[-58.21997,-34.11319],[-58.21977,-34.11336],[-58.21977,-34.11352],[-58.21982,-34.11374],[-58.21968,-34.11415],[-58.21973,-34.11462],[-58.21975,-34.1148],[-58.21898,-34.11516],[-58.21831,-34.1156],[-58.21707,-34.11658],[-58.21625,-34.11762],[-58.2151,-34.11943],[-58.21467,-34.12095],[-58.21449,-34.12169],[-58.21439,-34.12246],[-58.21426,-34.12288],[-58.21408,-34.1233],[-58.21409,-34.12377],[-58.21433,-34.12459],[-58.21432,-34.1261],[-58.21439,-34.12636],[-58.21449,-34.12659],[-58.21474,-34.1268],[-58.21487,-34.12715],[-58.21506,-34.1276],[-58.21509,-34.12819],[-58.21507,-34.12858],[-58.21493,-34.12894],[-58.21465,-34.12939],[-58.21457,-34.1299],[-58.21456,-34.1304],[-58.21455,-34.13108],[-58.21469,-34.13157],[-58.21496,-34.13224],[-58.21481,-34.13277],[-58.21487,-34.13327],[-58.21545,-34.13342],[-58.21567,-34.13393],[-58.21617,-34.13429],[-58.21648,-34.13459],[-58.21691,-34.13498],[-58.21784,-34.13613],[-58.2182,-34.13621],[-58.2177,-34.13919],[-58.21832,-34.13919],[-58.21833,-34.1397],[-58.21895,-34.13982],[-58.21978,-34.14092],[-58.22006,-34.14107],[-58.22028,-34.14135],[-58.22049,-34.14149],[-58.22064,-34.14168],[-58.22094,-34.14189],[-58.22104,-34.14222],[-58.22142,-34.14228],[-58.22157,-34.14234],[-58.22149,-34.14252],[-58.22147,-34.14267],[-58.22115,-34.143],[-58.22095,-34.14313],[-58.2209,-34.14352],[-58.22069,-34.14343],[-58.22026,-34.14394],[-58.21995,-34.14425],[-58.2197,-34.14479],[-58.21952,-34.14558],[-58.21979,-34.14605],[-58.21973,-34.14643],[-58.22017,-34.1469],[-58.2205,-34.14719],[-58.22094,-34.14751],[-58.22116,-34.14783],[-58.22176,-34.14824],[-58.22184,-34.14881],[-58.2224,-34.14905],[-58.22275,-34.14935],[-58.22292,-34.14957],[-58.22293,-34.14972],[-58.22335,-34.14993],[-58.22371,-34.15012],[-58.22371,-34.15025],[-58.22364,-34.15034],[-58.22341,-34.15023],[-58.22322,-34.15008],[-58.2229,-34.15004],[-58.22267,-34.15021],[-58.22236,-34.15032],[-58.22147,-34.15044],[-58.22116,-34.15056],[-58.22117,-34.15084],[-58.22057,-34.15098],[-58.22016,-34.15086],[-58.21963,-34.151],[-58.2188,-34.15129],[-58.21841,-34.1517],[-58.21842,-34.15194],[-58.21777,-34.15236],[-58.21711,-34.15313],[-58.21658,-34.15378],[-58.21587,-34.15481],[-58.21366,-34.15798],[-58.21168,-34.16084],[-58.21083,-34.16174],[-58.21059,-34.16284],[-58.21066,-34.16303],[-58.21058,-34.16333],[-58.2103,-34.16388],[-58.21033,-34.1641],[-58.21017,-34.16441],[-58.21022,-34.16458],[-58.20996,-34.16487],[-58.21001,-34.16507],[-58.20997,-34.16527],[-58.20981,-34.16529],[-58.20943,-34.16508],[-58.20906,-34.16492],[-58.20843,-34.16478],[-58.20778,-34.16481],[-58.20751,-34.16493],[-58.20737,-34.16479],[-58.20708,-34.16472],[-58.20682,-34.1648],[-58.20655,-34.16473],[-58.20614,-34.16477],[-58.20561,-34.16475],[-58.20504,-34.16468],[-58.20481,-34.16481],[-58.20448,-34.16487],[-58.20399,-34.16491],[-58.20355,-34.16507],[-58.2032,-34.16505],[-58.20284,-34.16487],[-58.20249,-34.16456],[-58.20186,-34.16452],[-58.20155,-34.16475],[-58.2011,-34.16468],[-58.20079,-34.16451],[-58.2003,-34.16453],[-58.19976,-34.16436],[-58.19939,-34.16466],[-58.19903,-34.16468],[-58.19855,-34.16451],[-58.19838,-34.16428],[-58.19807,-34.16412],[-58.19779,-34.16387],[-58.19533,-34.1637],[-58.19351,-34.16351],[-58.19244,-34.16345],[-58.19146,-34.16348],[-58.19077,-34.16396],[-58.19029,-34.16378],[-58.18963,-34.16374],[-58.18814,-34.16361],[-58.18618,-34.16371],[-58.18424,-34.16407],[-58.18266,-34.16452],[-58.18138,-34.16456],[-58.18065,-34.16423],[-58.18038,-34.16395],[-58.17997,-34.16393],[-58.17981,-34.16427],[-58.17923,-34.16431],[-58.17901,-34.16411],[-58.17796,-34.16453],[-58.17758,-34.1649],[-58.1759,-34.16512],[-58.17533,-34.16534],[-58.17507,-34.16569],[-58.17459,-34.16543],[-58.17262,-34.16552],[-58.17092,-34.16565],[-58.16964,-34.16535],[-58.1687,-34.1658],[-58.16737,-34.16593],[-58.16688,-34.16591],[-58.16636,-34.16571],[-58.16576,-34.16584],[-58.16536,-34.16606],[-58.16468,-34.16609],[-58.16165,-34.16603],[-58.15953,-34.16585],[-58.15842,-34.16579],[-58.15747,-34.16586],[-58.15676,-34.16581],[-58.15612,-34.16611],[-58.15561,-34.1661],[-58.15316,-34.1661],[-58.15224,-34.16553],[-58.15144,-34.16524],[-58.15123,-34.16567],[-58.15096,-34.16623],[-58.15071,-34.16631],[-58.1503,-34.16629],[-58.14976,-34.16619],[-58.14937,-34.16636],[-58.14877,-34.16627],[-58.1481,-34.16648],[-58.14774,-34.16679],[-58.14693,-34.1671],[-58.14633,-34.16718],[-58.14574,-34.16713],[-58.14548,-34.16702],[-58.14509,-34.16704],[-58.14484,-34.16693],[-58.14448,-34.16688],[-58.14388,-34.167],[-58.14312,-34.16712],[-58.14254,-34.16737],[-58.14195,-34.16753],[-58.14151,-34.16745],[-58.14123,-34.16763],[-58.14078,-34.16759],[-58.1405,-34.16767],[-58.14016,-34.16768],[-58.14002,-34.1679],[-58.1396,-34.16777],[-58.1393,-34.16781],[-58.1388,-34.16797],[-58.13804,-34.16793],[-58.13764,-34.16794],[-58.13722,-34.1679],[-58.13672,-34.16836],[-58.13583,-34.16842],[-58.1352,-34.1687],[-58.13465,-34.16903],[-58.13002,-34.16972],[-58.12784,-34.16953],[-58.12693,-34.16975],[-58.12461,-34.1701],[-58.12215,-34.1707],[-58.11705,-34.17138],[-58.11614,-34.17215],[-58.11454,-34.1725],[-58.11305,-34.17283],[-58.11042,-34.1732],[-58.10936,-34.17389],[-58.10786,-34.17431],[-58.10664,-34.1742],[-58.10581,-34.17416],[-58.10568,-34.17427],[-58.10557,-34.17436],[-58.10521,-34.17443],[-58.10473,-34.17496],[-58.10434,-34.17556],[-58.1035,-34.17561],[-58.10259,-34.17613],[-58.10159,-34.17624],[-58.10116,-34.1765],[-58.09996,-34.17688],[-58.09929,-34.17716],[-58.09828,-34.17797],[-58.09761,-34.17832],[-58.09653,-34.17843],[-58.09548,-34.17866],[-58.09451,-34.17913],[-58.09376,-34.17963],[-58.09286,-34.18004],[-58.09212,-34.18047],[-58.09102,-34.18072],[-58.09063,-34.18109],[-58.09006,-34.18136],[-58.08926,-34.18178],[-58.08797,-34.18231],[-58.08714,-34.18296],[-58.08611,-34.1834],[-58.08513,-34.18372],[-58.08441,-34.18421],[-58.08389,-34.18441],[-58.08334,-34.18477],[-58.08275,-34.1851],[-58.0816,-34.18573],[-58.07941,-34.18669],[-58.07767,-34.18798],[-58.07655,-34.18902],[-58.07545,-34.18984],[-58.07445,-34.19083],[-58.07431,-34.19103],[-58.07417,-34.19122],[-58.07377,-34.19168],[-58.07364,-34.19234],[-58.07325,-34.19293],[-58.07297,-34.19327],[-58.0733,-34.19363],[-58.07363,-34.19399],[-58.07394,-34.19413],[-58.07408,-34.1944],[-58.07388,-34.19523],[-58.07269,-34.19748],[-58.07166,-34.19945],[-58.07087,-34.20115],[-58.0705,-34.2022],[-58.07054,-34.203],[-58.07014,-34.20318],[-58.07005,-34.20343],[-58.07004,-34.2037],[-58.07008,-34.20398],[-58.07026,-34.20436],[-58.07072,-34.20464],[-58.07094,-34.20505],[-58.07141,-34.20533],[-58.0723,-34.20574],[-58.07249,-34.20585],[-58.07272,-34.20587],[-58.07333,-34.20569],[-58.0742,-34.20536],[-58.07423,-34.20563],[-58.07465,-34.20602],[-58.07513,-34.20606],[-58.07517,-34.20622],[-58.07517,-34.20626],[-58.07519,-34.20633],[-58.0738,-34.20631],[-58.07343,-34.20665],[-58.07311,-34.20703],[-58.07302,-34.20727],[-58.07322,-34.20762],[-58.07311,-34.20762],[-58.0725,-34.20763],[-58.07195,-34.20749],[-58.07147,-34.20725],[-58.07105,-34.20741],[-58.07052,-34.2075],[-58.06996,-34.20738],[-58.06892,-34.20756],[-58.06856,-34.20781],[-58.06822,-34.20803],[-58.06789,-34.20826],[-58.06745,-34.20843],[-58.06715,-34.20869],[-58.06703,-34.20888],[-58.06697,-34.20912],[-58.06689,-34.20937],[-58.06658,-34.20973],[-58.06612,-34.2101],[-58.06573,-34.21042],[-58.06527,-34.2107],[-58.06496,-34.21117],[-58.06473,-34.21185],[-58.0643,-34.21226],[-58.06402,-34.2128],[-58.06271,-34.2144],[-58.06223,-34.21791],[-58.06195,-34.21892],[-58.06173,-34.21953],[-58.0619,-34.2201],[-58.06157,-34.22099],[-58.06166,-34.22169],[-58.06199,-34.22212],[-58.06259,-34.22281],[-58.0628,-34.22324],[-58.06323,-34.22359],[-58.06322,-34.22391],[-58.06325,-34.22411],[-58.06369,-34.22465],[-58.06433,-34.22505],[-58.06498,-34.22525],[-58.06588,-34.22586],[-58.06578,-34.22731],[-58.06567,-34.2285],[-58.06544,-34.22917],[-58.06551,-34.22957],[-58.06524,-34.22986],[-58.06462,-34.2299],[-58.06417,-34.22966],[-58.06363,-34.22973],[-58.06319,-34.22979],[-58.06284,-34.22999],[-58.06229,-34.23038],[-58.06178,-34.2313],[-58.06156,-34.23368],[-58.06063,-34.23382],[-58.05776,-34.23353],[-58.05418,-34.23312],[-58.0501,-34.23314],[-58.04863,-34.23317],[-58.04833,-34.23353],[-58.04796,-34.23346],[-58.04768,-34.23361],[-58.04748,-34.23345],[-58.04722,-34.23344],[-58.04645,-34.23384],[-58.04555,-34.23351],[-58.04445,-34.23437],[-58.04368,-34.23443],[-58.04362,-34.23486],[-58.04307,-34.23515],[-58.04267,-34.23518],[-58.04239,-34.23565],[-58.04221,-34.23565],[-58.04196,-34.23548],[-58.04171,-34.23555],[-58.04145,-34.2355],[-58.04116,-34.23553],[-58.04023,-34.23605],[-58.03945,-34.23638],[-58.03863,-34.23694],[-58.03727,-34.23743],[-58.03641,-34.23819],[-58.03563,-34.23876],[-58.03469,-34.23953],[-58.03429,-34.24025],[-58.03393,-34.24065],[-58.03375,-34.2406],[-58.03338,-34.2411],[-58.03344,-34.2414],[-58.03321,-34.24197],[-58.03327,-34.2423],[-58.03309,-34.24293],[-58.03298,-34.24393],[-58.03308,-34.24482],[-58.03317,-34.24537],[-58.03309,-34.2462],[-58.03143,-34.24626],[-58.03033,-34.24649],[-58.03024,-34.24688],[-58.02985,-34.2467],[-58.02941,-34.24674],[-58.02884,-34.24707],[-58.02861,-34.24746],[-58.02835,-34.24766],[-58.0279,-34.24771],[-58.02747,-34.24765],[-58.02705,-34.24777],[-58.02685,-34.24801],[-58.02636,-34.24796],[-58.02472,-34.24808],[-58.02356,-34.24813],[-58.02245,-34.24825],[-58.02179,-34.24841],[-58.02142,-34.24846],[-58.02123,-34.24866],[-58.0206,-34.24869],[-58.02019,-34.24881],[-58.01995,-34.249],[-58.01971,-34.24905],[-58.01969,-34.24897],[-58.01958,-34.24894],[-58.0192,-34.24898],[-58.01891,-34.24913],[-58.01884,-34.24933],[-58.01893,-34.24932],[-58.0188,-34.24968],[-58.01861,-34.24972],[-58.01848,-34.24986],[-58.01843,-34.2501],[-58.01837,-34.25037],[-58.01757,-34.25067],[-58.01657,-34.25095],[-58.01292,-34.25204],[-58.01251,-34.25227],[-58.01205,-34.25235],[-58.00944,-34.25304],[-58.00919,-34.25326],[-58.00866,-34.25355],[-58.00801,-34.25378],[-58.00715,-34.2545],[-58.00663,-34.25476],[-58.00611,-34.25497],[-58.00588,-34.25519],[-58.00553,-34.25534],[-58.00519,-34.25549],[-58.00433,-34.25595],[-58.0035,-34.25659],[-58.00295,-34.25694],[-58.00264,-34.25772],[-58.00312,-34.25813],[-58.00306,-34.25859],[-58.00213,-34.25873],[-58.00148,-34.2584],[-58.0009,-34.25869],[-58.00058,-34.25887],[-58.00054,-34.2592],[-58.00008,-34.25954],[-57.99957,-34.2601],[-57.9995,-34.26041],[-57.99895,-34.26051],[-57.99628,-34.26147],[-57.99628,-34.26231],[-57.99651,-34.26302],[-57.99663,-34.2644],[-57.99623,-34.26476],[-57.99574,-34.26515],[-57.99503,-34.26536],[-57.99478,-34.26557],[-57.99463,-34.26586],[-57.9948,-34.2674],[-57.99541,-34.26738],[-57.99543,-34.26791],[-57.99311,-34.26796],[-57.99233,-34.26792],[-57.99172,-34.26819],[-57.9913,-34.26875],[-57.99054,-34.26886],[-57.99,-34.26924],[-57.98978,-34.26964],[-57.98989,-34.27031],[-57.98912,-34.27014],[-57.98834,-34.27028],[-57.98803,-34.26969],[-57.98711,-34.26947],[-57.98467,-34.27416],[-57.98498,-34.27472],[-57.9853,-34.27531],[-57.98731,-34.27543],[-57.98718,-34.27697],[-57.98596,-34.27775],[-57.98533,-34.27775],[-57.98502,-34.27912],[-57.98455,-34.27986],[-57.9839,-34.28025],[-57.98325,-34.28058],[-57.9829,-34.28112],[-57.98243,-34.28132],[-57.98188,-34.28174],[-57.98131,-34.28208],[-57.98064,-34.2828],[-57.97754,-34.28459],[-57.97644,-34.28605],[-57.97585,-34.28638],[-57.97527,-34.28681],[-57.97459,-34.28747],[-57.97398,-34.28781],[-57.97333,-34.28856],[-57.97246,-34.28942],[-57.97125,-34.2902],[-57.97093,-34.29149],[-57.96991,-34.29193],[-57.96925,-34.29279],[-57.96726,-34.29486],[-57.96607,-34.29589],[-57.96497,-34.29661],[-57.9645,-34.29771],[-57.96344,-34.29851],[-57.96265,-34.29864],[-57.96173,-34.29953],[-57.96136,-34.29972],[-57.96077,-34.30014],[-57.95989,-34.30066],[-57.95904,-34.30143],[-57.95866,-34.30174],[-57.95836,-34.302],[-57.95755,-34.30229],[-57.9567,-34.30304],[-57.95618,-34.30398],[-57.95559,-34.30464],[-57.95521,-34.30519],[-57.9545,-34.30575],[-57.95361,-34.3071],[-57.95285,-34.30812],[-57.94782,-34.3148],[-57.94742,-34.31738],[-57.94675,-34.31785],[-57.946,-34.31895],[-57.94493,-34.32022],[-57.94378,-34.32071],[-57.94358,-34.32118],[-57.94355,-34.3212],[-57.94297,-34.32265],[-57.94282,-34.3238],[-57.94292,-34.32422],[-57.942,-34.32541],[-57.94134,-34.32622],[-57.93929,-34.32798],[-57.93873,-34.32916],[-57.93638,-34.33083],[-57.93585,-34.33149],[-57.93562,-34.33178],[-57.93483,-34.33225],[-57.93392,-34.33264],[-57.93353,-34.33333],[-57.93363,-34.33419],[-57.9334,-34.33432],[-57.93362,-34.3346],[-57.93373,-34.33455],[-57.93414,-34.33465],[-57.93334,-34.33625],[-57.92659,-34.34055],[-57.926,-34.34087],[-57.92546,-34.3412],[-57.92512,-34.3416],[-57.92457,-34.34206],[-57.92411,-34.34248],[-57.92314,-34.34304],[-57.92246,-34.34359],[-57.92188,-34.34405],[-57.92149,-34.34481],[-57.92032,-34.34562],[-57.92012,-34.34611],[-57.91944,-34.34658],[-57.91875,-34.34767],[-57.9163,-34.35051],[-57.91631,-34.35103],[-57.91403,-34.35489],[-57.91342,-34.35538],[-57.9131,-34.35593],[-57.91251,-34.35636],[-57.91205,-34.35687],[-57.91088,-34.35813],[-57.91043,-34.35894],[-57.91014,-34.35967],[-57.90961,-34.36021],[-57.90893,-34.36061],[-57.90759,-34.36214],[-57.90713,-34.36255],[-57.90652,-34.36343],[-57.90574,-34.36408],[-57.90495,-34.36489],[-57.9045,-34.36551],[-57.90421,-34.36586],[-57.90402,-34.36629],[-57.90395,-34.36661],[-57.90393,-34.36731],[-57.90345,-34.36753],[-57.90332,-34.36783],[-57.9027,-34.36835],[-57.90209,-34.36912],[-57.90133,-34.37067],[-57.9004,-34.37176],[-57.8997,-34.37277],[-57.89944,-34.37329],[-57.89948,-34.37366],[-57.89896,-34.37417],[-57.89846,-34.37507],[-57.89833,-34.3756],[-57.89722,-34.37791],[-57.89675,-34.37888],[-57.89666,-34.37973],[-57.89664,-34.38061],[-57.89679,-34.38151],[-57.89651,-34.38247],[-57.89682,-34.38381],[-57.8967,-34.38547],[-57.89633,-34.38619],[-57.89625,-34.38697],[-57.8956,-34.38851],[-57.8954,-34.38988],[-57.89458,-34.39161],[-57.89463,-34.39358],[-57.89385,-34.39591],[-57.89365,-34.39625],[-57.89413,-34.39669],[-57.89368,-34.39794],[-57.89394,-34.39927],[-57.89371,-34.40246],[-57.89442,-34.40527],[-57.8939,-34.41033],[-57.89364,-34.4123],[-57.89389,-34.41376],[-57.89286,-34.41575],[-57.8928,-34.41595],[-57.89283,-34.41622],[-57.89315,-34.4175],[-57.89392,-34.42077],[-57.89374,-34.42118],[-57.89402,-34.42198],[-57.89384,-34.42275],[-57.89421,-34.42332],[-57.89431,-34.42375],[-57.89459,-34.42423],[-57.89498,-34.42503],[-57.89508,-34.4256],[-57.89496,-34.42605],[-57.89464,-34.42649],[-57.89421,-34.42678],[-57.89363,-34.42704],[-57.88993,-34.43103],[-57.8893,-34.43163],[-57.88849,-34.4326],[-57.88794,-34.43302],[-57.8874,-34.43366],[-57.88717,-34.43418],[-57.88617,-34.43544],[-57.88605,-34.43582],[-57.88558,-34.43624],[-57.8854,-34.43655],[-57.88513,-34.43675],[-57.88475,-34.43697],[-57.88357,-34.43757],[-57.88291,-34.43816],[-57.88198,-34.43794],[-57.88053,-34.43797],[-57.87975,-34.43822],[-57.8794,-34.43831],[-57.87925,-34.43847],[-57.87922,-34.43862],[-57.87924,-34.43879],[-57.87911,-34.43891],[-57.8789,-34.439],[-57.87852,-34.4391],[-57.878,-34.43927],[-57.87747,-34.43929],[-57.87684,-34.43941],[-57.87652,-34.43976],[-57.8759,-34.43992],[-57.87514,-34.44017],[-57.87357,-34.44036],[-57.87283,-34.44047],[-57.87215,-34.44067],[-57.87198,-34.44082],[-57.87191,-34.44101],[-57.87193,-34.44126],[-57.87145,-34.4414],[-57.87121,-34.44152],[-57.87116,-34.44163],[-57.87093,-34.44167],[-57.87008,-34.4418],[-57.86985,-34.44187],[-57.86964,-34.442],[-57.86933,-34.44215],[-57.86621,-34.44274],[-57.8657,-34.44272],[-57.86551,-34.44271],[-57.86418,-34.44294],[-57.86306,-34.44321],[-57.86224,-34.44349],[-57.86165,-34.44374],[-57.8613,-34.44395],[-57.86107,-34.44418],[-57.86024,-34.44455],[-57.85947,-34.44499],[-57.85894,-34.44532],[-57.85861,-34.4456],[-57.85846,-34.44569],[-57.85754,-34.44603],[-57.85728,-34.4462],[-57.8572,-34.44646],[-57.85701,-34.44655],[-57.85661,-34.44674],[-57.85604,-34.44699],[-57.85521,-34.44739],[-57.85404,-34.44813],[-57.85339,-34.44835],[-57.85258,-34.44877],[-57.85177,-34.44924],[-57.85141,-34.44959],[-57.85136,-34.44969],[-57.85137,-34.44978],[-57.85135,-34.44985],[-57.85136,-34.44991],[-57.85143,-34.44993],[-57.85146,-34.44999],[-57.85098,-34.45027],[-57.8507,-34.45044],[-57.85055,-34.45052],[-57.85038,-34.45063],[-57.85024,-34.45073],[-57.85015,-34.45084],[-57.85022,-34.45088],[-57.84948,-34.45144],[-57.8496,-34.45151],[-57.84939,-34.45164],[-57.84917,-34.45182],[-57.84878,-34.4522],[-57.8489,-34.45226],[-57.84852,-34.4526],[-57.84839,-34.45279],[-57.84846,-34.45302],[-57.84816,-34.45287],[-57.84764,-34.45346],[-57.84772,-34.4535],[-57.84727,-34.45398],[-57.84733,-34.45402],[-57.84688,-34.45453],[-57.84701,-34.45459],[-57.84629,-34.45544],[-57.84586,-34.45595],[-57.84609,-34.45606],[-57.84555,-34.45679],[-57.84535,-34.45738],[-57.8455,-34.45743],[-57.84467,-34.45876],[-57.8443,-34.45954],[-57.844,-34.46039],[-57.84422,-34.46045],[-57.844,-34.46123],[-57.84406,-34.46135],[-57.84414,-34.46136],[-57.84427,-34.46151],[-57.8445,-34.46173],[-57.84444,-34.46233],[-57.84459,-34.46285],[-57.84494,-34.4632],[-57.84501,-34.46374],[-57.84517,-34.46407],[-57.84548,-34.46481],[-57.8456,-34.46502],[-57.84559,-34.46515],[-57.84573,-34.46523],[-57.84579,-34.46534],[-57.8461,-34.46542],[-57.84623,-34.46558],[-57.84648,-34.46565],[-57.84673,-34.46579],[-57.84686,-34.46641],[-57.84726,-34.46656],[-57.84726,-34.4666],[-57.84728,-34.46745],[-57.84728,-34.46752],[-57.84728,-34.46758],[-57.84728,-34.46762],[-57.8472,-34.46762],[-57.84721,-34.4677],[-57.84744,-34.46807],[-57.84762,-34.46827],[-57.84784,-34.4685],[-57.84792,-34.46858],[-57.84821,-34.46864],[-57.84848,-34.46866],[-57.84865,-34.4687],[-57.84903,-34.46871],[-57.84957,-34.46872],[-57.84965,-34.46867],[-57.85086,-34.4687],[-57.85085,-34.46918],[-57.85106,-34.4692],[-57.85106,-34.46909],[-57.85114,-34.46909],[-57.85114,-34.46919],[-57.85119,-34.46922],[-57.85164,-34.46933],[-57.85172,-34.46931],[-57.8519,-34.46851],[-57.85199,-34.46852],[-57.85181,-34.46934],[-57.85231,-34.4694],[-57.85232,-34.46937],[-57.85239,-34.46938],[-57.85235,-34.46955],[-57.85253,-34.46956],[-57.8525,-34.46946],[-57.85255,-34.4694],[-57.85266,-34.46937],[-57.8528,-34.4694],[-57.85286,-34.46951],[-57.85292,-34.46952],[-57.85292,-34.46963],[-57.85308,-34.46971],[-57.85309,-34.46968],[-57.85315,-34.4697],[-57.85326,-34.46949],[-57.85341,-34.46956],[-57.85343,-34.46952],[-57.85349,-34.46952],[-57.85353,-34.46943],[-57.85348,-34.46942],[-57.85379,-34.46881],[-57.85379,-34.4677],[-57.85395,-34.46771],[-57.85394,-34.46873],[-57.85393,-34.46882],[-57.85342,-34.46983],[-57.85332,-34.47004],[-57.85344,-34.47008],[-57.85363,-34.47015],[-57.85355,-34.47029],[-57.85386,-34.47032],[-57.85389,-34.47053],[-57.85383,-34.47059],[-57.8537,-34.47061],[-57.85375,-34.47066],[-57.85366,-34.47071],[-57.85371,-34.47078],[-57.85364,-34.47084],[-57.85347,-34.47085],[-57.85336,-34.47092],[-57.85332,-34.47104],[-57.85328,-34.4712],[-57.85328,-34.47128],[-57.85323,-34.47143],[-57.85316,-34.4715],[-57.85317,-34.47167],[-57.85332,-34.47174],[-57.85343,-34.4718],[-57.85348,-34.4719],[-57.85405,-34.47215],[-57.85407,-34.47226],[-57.85417,-34.47227],[-57.85422,-34.47234],[-57.85416,-34.47239],[-57.85425,-34.47251],[-57.85415,-34.47255],[-57.85427,-34.47275],[-57.85423,-34.47295],[-57.85432,-34.47312],[-57.85411,-34.4733],[-57.85405,-34.4732],[-57.85393,-34.47332],[-57.85373,-34.47342],[-57.85352,-34.47347],[-57.8529,-34.47357],[-57.85275,-34.47369],[-57.85253,-34.47366],[-57.85205,-34.47362],[-57.85176,-34.47365],[-57.85153,-34.47372],[-57.85128,-34.47368],[-57.85122,-34.47356],[-57.85111,-34.47355],[-57.85073,-34.47373],[-57.85063,-34.47384],[-57.8503,-34.47395],[-57.85002,-34.47385],[-57.84955,-34.47396],[-57.84952,-34.47377],[-57.84858,-34.47362],[-57.84841,-34.4737],[-57.84835,-34.47384],[-57.84792,-34.47394],[-57.84762,-34.47407],[-57.8475,-34.474],[-57.84743,-34.4739],[-57.84735,-34.47392],[-57.84724,-34.47399],[-57.8463,-34.47408],[-57.84611,-34.47405],[-57.84611,-34.47392],[-57.84565,-34.47397],[-57.84556,-34.47406],[-57.84538,-34.47407],[-57.84537,-34.47417],[-57.84522,-34.47417],[-57.84506,-34.47418],[-57.84492,-34.47427],[-57.84485,-34.47478],[-57.8449,-34.47485],[-57.84486,-34.4753],[-57.84489,-34.47546],[-57.84483,-34.47592],[-57.84478,-34.47595],[-57.84467,-34.47594],[-57.84464,-34.47589],[-57.84453,-34.47589],[-57.84466,-34.47487],[-57.8445,-34.47485],[-57.8445,-34.47491],[-57.84446,-34.47491],[-57.84446,-34.47485],[-57.84418,-34.47486],[-57.84279,-34.47491],[-57.84259,-34.47496],[-57.84282,-34.47545],[-57.84271,-34.47548],[-57.84307,-34.47618],[-57.84288,-34.47623],[-57.84253,-34.47551],[-57.84235,-34.47514],[-57.84187,-34.4742],[-57.84157,-34.47387],[-57.84144,-34.47381],[-57.8413,-34.4737],[-57.84114,-34.47359],[-57.84095,-34.47344],[-57.84072,-34.47327],[-57.84022,-34.473],[-57.83907,-34.47265],[-57.83891,-34.47267],[-57.83898,-34.47277],[-57.83881,-34.47282],[-57.8387,-34.473],[-57.83837,-34.47308],[-57.83831,-34.47318],[-57.83795,-34.47327],[-57.83774,-34.47342],[-57.8376,-34.47338],[-57.83749,-34.47349],[-57.83734,-34.47348],[-57.83727,-34.47375],[-57.8371,-34.47378],[-57.8367,-34.47373],[-57.83608,-34.47343],[-57.83512,-34.47314],[-57.83461,-34.4731],[-57.83362,-34.47331],[-57.83293,-34.4732],[-57.83271,-34.47308],[-57.83256,-34.473],[-57.83211,-34.47292],[-57.83155,-34.47289],[-57.83058,-34.47292],[-57.83038,-34.47297],[-57.83018,-34.47306],[-57.83005,-34.47318],[-57.82994,-34.47331],[-57.8299,-34.47366],[-57.82975,-34.47429],[-57.8295,-34.47459],[-57.82925,-34.47476],[-57.82892,-34.47492],[-57.82842,-34.4749],[-57.82797,-34.47507],[-57.82732,-34.47488],[-57.8267,-34.47494],[-57.82629,-34.47487],[-57.82535,-34.47497],[-57.82502,-34.47495],[-57.82478,-34.47479],[-57.8244,-34.47453],[-57.82421,-34.47439],[-57.82393,-34.47435],[-57.8239,-34.47436],[-57.82369,-34.47441],[-57.82343,-34.47485],[-57.82215,-34.4746],[-57.82216,-34.47446],[-57.82219,-34.47402],[-57.82151,-34.47354],[-57.82082,-34.47314],[-57.81977,-34.4727],[-57.81861,-34.47223],[-57.81736,-34.47177],[-57.81727,-34.47175],[-57.8164,-34.47156],[-57.81625,-34.47147],[-57.81591,-34.47148],[-57.81558,-34.47153],[-57.81548,-34.47162],[-57.81552,-34.47174],[-57.81556,-34.4718],[-57.81565,-34.47185],[-57.81568,-34.47202],[-57.81561,-34.47212],[-57.81547,-34.4722],[-57.815,-34.4723],[-57.81453,-34.47238],[-57.81437,-34.47235],[-57.81423,-34.47236],[-57.8141,-34.47224],[-57.81409,-34.47211],[-57.81319,-34.47194],[-57.8131,-34.47215],[-57.81291,-34.4722],[-57.81272,-34.47212],[-57.81256,-34.47197],[-57.81216,-34.4719],[-57.81179,-34.4721],[-57.81061,-34.47207],[-57.81031,-34.47196],[-57.80978,-34.47208],[-57.80949,-34.47218],[-57.80921,-34.47232],[-57.8091,-34.47253],[-57.80903,-34.47272],[-57.80916,-34.47279],[-57.80898,-34.47289],[-57.80869,-34.473],[-57.80812,-34.47289],[-57.80718,-34.47265],[-57.80662,-34.47285],[-57.80627,-34.47274],[-57.80594,-34.4725],[-57.80595,-34.47205],[-57.80541,-34.47177],[-57.80462,-34.47188],[-57.80429,-34.4722],[-57.8036,-34.47206],[-57.8036,-34.47168],[-57.80336,-34.47136],[-57.80306,-34.47119],[-57.80259,-34.47125],[-57.80233,-34.47134],[-57.80196,-34.4714],[-57.80167,-34.47119],[-57.80164,-34.47078],[-57.80141,-34.47046],[-57.80082,-34.47003],[-57.79952,-34.4695],[-57.79894,-34.46924],[-57.79837,-34.46944],[-57.79828,-34.46906],[-57.79801,-34.46919],[-57.79776,-34.46912],[-57.79775,-34.46884],[-57.79684,-34.4685],[-57.79583,-34.46816],[-57.79379,-34.46767],[-57.79054,-34.46703],[-57.79024,-34.46678],[-57.78925,-34.46658],[-57.78781,-34.46661],[-57.78628,-34.46666],[-57.78622,-34.46666],[-57.7847,-34.46652],[-57.78375,-34.46677],[-57.78145,-34.46757],[-57.7806,-34.46812],[-57.77989,-34.46881],[-57.77923,-34.46941],[-57.77912,-34.46956],[-57.77911,-34.46978],[-57.77899,-34.46995],[-57.77894,-34.47021],[-57.77857,-34.47068],[-57.77862,-34.4709],[-57.77865,-34.47122],[-57.77882,-34.47134],[-57.77896,-34.47148],[-57.77909,-34.47173],[-57.7792,-34.47183],[-57.77914,-34.47221],[-57.77896,-34.47248],[-57.77877,-34.47253],[-57.77857,-34.47251],[-57.77855,-34.47228],[-57.77832,-34.47211],[-57.77776,-34.47256],[-57.77735,-34.47261],[-57.77691,-34.47241],[-57.77678,-34.47252],[-57.77653,-34.47227],[-57.77595,-34.472],[-57.77532,-34.47176],[-57.7752,-34.47178],[-57.77511,-34.47184],[-57.77504,-34.47192],[-57.77472,-34.47192],[-57.77457,-34.47189],[-57.77438,-34.47199],[-57.77426,-34.47197],[-57.77415,-34.47192],[-57.77405,-34.47181],[-57.77388,-34.47183],[-57.77372,-34.47193],[-57.77343,-34.47195],[-57.77333,-34.47184],[-57.77301,-34.47172],[-57.77283,-34.47163],[-57.77265,-34.47163],[-57.77241,-34.47157],[-57.77222,-34.47168],[-57.77204,-34.47165],[-57.77197,-34.47153],[-57.77178,-34.47156],[-57.77183,-34.47132],[-57.7717,-34.47112],[-57.77142,-34.47102],[-57.77141,-34.47093],[-57.77145,-34.47081],[-57.7714,-34.47058],[-57.77136,-34.47044],[-57.7714,-34.4703],[-57.77139,-34.4702],[-57.77122,-34.47007],[-57.77066,-34.46977],[-57.77015,-34.46959],[-57.76988,-34.46962],[-57.76974,-34.46974],[-57.76945,-34.47001],[-57.76923,-34.4701],[-57.76904,-34.47012],[-57.7689,-34.47],[-57.76887,-34.46988],[-57.76887,-34.46977],[-57.76881,-34.46967],[-57.76868,-34.46962],[-57.76854,-34.46965],[-57.76844,-34.46971],[-57.76838,-34.46981],[-57.76824,-34.46978],[-57.76806,-34.46967],[-57.76783,-34.4696],[-57.76763,-34.46966],[-57.76744,-34.46978],[-57.76636,-34.46948],[-57.76603,-34.46939],[-57.7655,-34.46945],[-57.7651,-34.46975],[-57.76488,-34.4697],[-57.76458,-34.46979],[-57.76431,-34.4697],[-57.76424,-34.46961],[-57.76429,-34.46955],[-57.76415,-34.46953],[-57.76395,-34.46945],[-57.76376,-34.46916],[-57.76334,-34.46911],[-57.76316,-34.46916],[-57.76293,-34.46888],[-57.7628,-34.4684],[-57.76244,-34.46832],[-57.76205,-34.4683],[-57.76185,-34.46832],[-57.76167,-34.46837],[-57.76151,-34.46837],[-57.76132,-34.46842],[-57.76129,-34.46847],[-57.76133,-34.46851],[-57.76131,-34.46859],[-57.76124,-34.46864],[-57.76117,-34.46862],[-57.7611,-34.46865],[-57.76107,-34.46861],[-57.76101,-34.46859],[-57.76084,-34.46857],[-57.76078,-34.46852],[-57.76059,-34.46853],[-57.76052,-34.46857],[-57.76053,-34.46865],[-57.76062,-34.4687],[-57.76067,-34.46879],[-57.76055,-34.46891],[-57.76067,-34.46897],[-57.76068,-34.46902],[-57.76054,-34.46903],[-57.76041,-34.46899],[-57.76037,-34.4689],[-57.76034,-34.46883],[-57.7599,-34.46879],[-57.7599,-34.46867],[-57.75971,-34.46862],[-57.75974,-34.46856],[-57.75987,-34.46857],[-57.75984,-34.46851],[-57.75975,-34.46843],[-57.75986,-34.46839],[-57.75985,-34.46825],[-57.76014,-34.46809],[-57.76033,-34.46784],[-57.76036,-34.46757],[-57.76008,-34.46673],[-57.75941,-34.46585],[-57.75703,-34.46414],[-57.75515,-34.46303],[-57.75333,-34.46211],[-57.75228,-34.46162],[-57.74896,-34.46005],[-57.74579,-34.45878],[-57.74286,-34.45772],[-57.73648,-34.45612],[-57.73568,-34.45611],[-57.73495,-34.45614],[-57.73344,-34.45655],[-57.73333,-34.45657],[-57.73313,-34.4566],[-57.73294,-34.45663],[-57.73281,-34.45664],[-57.73163,-34.45647],[-57.73102,-34.45638],[-57.73043,-34.45637],[-57.72957,-34.45643],[-57.7287,-34.45656],[-57.72717,-34.45706],[-57.72654,-34.45747],[-57.72653,-34.45773],[-57.72629,-34.45789],[-57.72621,-34.4581],[-57.72576,-34.45832],[-57.7253,-34.45879],[-57.72512,-34.45878],[-57.72506,-34.45903],[-57.72478,-34.4595],[-57.72437,-34.45945],[-57.72434,-34.45949],[-57.72432,-34.45949],[-57.72417,-34.45982],[-57.72431,-34.46043],[-57.72487,-34.46089],[-57.72502,-34.46103],[-57.72516,-34.46103],[-57.72523,-34.46123],[-57.72548,-34.46146],[-57.72559,-34.46165],[-57.72558,-34.46171],[-57.72577,-34.46185],[-57.72571,-34.46194],[-57.72557,-34.46187],[-57.72545,-34.46194],[-57.72534,-34.46191],[-57.7252,-34.46199],[-57.72515,-34.46207],[-57.72514,-34.46216],[-57.72507,-34.46224],[-57.72511,-34.46233],[-57.72512,-34.4624],[-57.72502,-34.46242],[-57.72496,-34.46246],[-57.72503,-34.46254],[-57.72504,-34.46257],[-57.72492,-34.46255],[-57.72489,-34.46257],[-57.72499,-34.46263],[-57.725,-34.46268],[-57.7248,-34.46268],[-57.72463,-34.46265],[-57.72468,-34.46272],[-57.72463,-34.46277],[-57.72452,-34.46278],[-57.72415,-34.46286],[-57.72365,-34.46278],[-57.72309,-34.46262],[-57.72301,-34.46231],[-57.72296,-34.46207],[-57.72236,-34.46182],[-57.72212,-34.46198],[-57.72168,-34.46217],[-57.72142,-34.46228],[-57.7212,-34.46232],[-57.72109,-34.46222],[-57.72094,-34.46218],[-57.72069,-34.46224],[-57.72058,-34.46205],[-57.72047,-34.46197],[-57.72034,-34.46194],[-57.71985,-34.46204],[-57.71957,-34.46196],[-57.71948,-34.46178],[-57.71928,-34.46165],[-57.71891,-34.46161],[-57.71872,-34.46136],[-57.71853,-34.46123],[-57.71829,-34.46114],[-57.71814,-34.46101],[-57.71779,-34.4609],[-57.71765,-34.46067],[-57.71745,-34.46053],[-57.71704,-34.46047],[-57.71589,-34.45951],[-57.71453,-34.45873],[-57.70506,-34.45497],[-57.70437,-34.45475],[-57.70382,-34.45459],[-57.69953,-34.45338],[-57.69745,-34.45293],[-57.69334,-34.4518],[-57.68899,-34.44997],[-57.68132,-34.44702],[-57.67882,-34.44649],[-57.67637,-34.44646],[-57.67494,-34.44671],[-57.67505,-34.44686],[-57.67505,-34.44702],[-57.67485,-34.44717],[-57.6746,-34.44722],[-57.67444,-34.44728],[-57.67435,-34.44725],[-57.67421,-34.44714],[-57.67399,-34.44718],[-57.67382,-34.44726],[-57.67382,-34.4474],[-57.67368,-34.44745],[-57.67359,-34.44743],[-57.67339,-34.44745],[-57.67274,-34.44796],[-57.67232,-34.4482],[-57.67197,-34.44831],[-57.67166,-34.44829],[-57.6714,-34.44823],[-57.67144,-34.44802],[-57.67116,-34.44795],[-57.67073,-34.44795],[-57.67034,-34.44806],[-57.67016,-34.44822],[-57.67024,-34.44866],[-57.66989,-34.44869],[-57.66969,-34.44872],[-57.66948,-34.44866],[-57.6694,-34.44854],[-57.66936,-34.44844],[-57.66936,-34.44825],[-57.66923,-34.44819],[-57.66907,-34.44817],[-57.6689,-34.44819],[-57.66887,-34.44839],[-57.66881,-34.44857],[-57.66893,-34.44873],[-57.66891,-34.44884],[-57.66872,-34.44876],[-57.66861,-34.44854],[-57.66853,-34.44845],[-57.66847,-34.4485],[-57.66831,-34.44841],[-57.66827,-34.44833],[-57.66827,-34.44823],[-57.66837,-34.44819],[-57.66866,-34.44816],[-57.66862,-34.44776],[-57.6683,-34.44744],[-57.66782,-34.44722],[-57.66729,-34.44713],[-57.66677,-34.4468],[-57.66643,-34.44685],[-57.66644,-34.44699],[-57.66634,-34.44707],[-57.66622,-34.44704],[-57.66615,-34.44693],[-57.66518,-34.4462],[-57.66408,-34.44552],[-57.66378,-34.44556],[-57.66365,-34.44554],[-57.66305,-34.44519],[-57.65922,-34.44307],[-57.6555,-34.44065],[-57.65321,-34.4397],[-57.65055,-34.43913],[-57.65025,-34.43941],[-57.64982,-34.43954],[-57.64946,-34.43958],[-57.64892,-34.43954],[-57.64816,-34.43965],[-57.64746,-34.43968],[-57.64708,-34.43942],[-57.64651,-34.4394],[-57.64612,-34.43934],[-57.64619,-34.43917],[-57.64613,-34.439],[-57.64587,-34.43888],[-57.64563,-34.43888],[-57.64518,-34.43901],[-57.64501,-34.43895],[-57.64497,-34.43879],[-57.64484,-34.43867],[-57.64455,-34.4386],[-57.64407,-34.43862],[-57.64381,-34.43865],[-57.64268,-34.43874],[-57.64258,-34.43855],[-57.64269,-34.43841],[-57.64269,-34.43827],[-57.64199,-34.43789],[-57.64119,-34.43749],[-57.6402,-34.43742],[-57.63925,-34.43753],[-57.63859,-34.43738],[-57.63792,-34.43723],[-57.63628,-34.43658],[-57.63355,-34.4353],[-57.6301,-34.43416],[-57.62701,-34.43268],[-57.62287,-34.43119],[-57.61811,-34.42943],[-57.61471,-34.42848],[-57.61189,-34.42775],[-57.60899,-34.42713],[-57.60459,-34.42636],[-57.60372,-34.42621],[-57.60044,-34.42573],[-57.59868,-34.42559],[-57.59694,-34.42542],[-57.59532,-34.42526],[-57.59326,-34.42519],[-57.59129,-34.42512],[-57.58955,-34.42513],[-57.5873,-34.42518],[-57.58479,-34.42538],[-57.5836,-34.4252],[-57.58288,-34.4249],[-57.58269,-34.42494],[-57.5821,-34.42507],[-57.58137,-34.42555],[-57.58105,-34.42573],[-57.57974,-34.42647],[-57.5792,-34.42655],[-57.57825,-34.42676],[-57.5773,-34.427],[-57.57673,-34.42737],[-57.57631,-34.42749],[-57.57558,-34.42769],[-57.57488,-34.42804],[-57.57418,-34.42806],[-57.57199,-34.4285],[-57.57139,-34.42894],[-57.57043,-34.42929],[-57.56899,-34.42998],[-57.56794,-34.43041],[-57.56685,-34.43105],[-57.566,-34.43155],[-57.56506,-34.43211],[-57.56427,-34.43251],[-57.56307,-34.43321],[-57.56215,-34.43392],[-57.56113,-34.43494],[-57.56016,-34.43619],[-57.55912,-34.43799],[-57.55726,-34.438],[-57.55726,-34.43876],[-57.55664,-34.43878],[-57.55526,-34.44058],[-57.55544,-34.44495],[-57.5539,-34.44598],[-57.55384,-34.44559],[-57.55322,-34.44553],[-57.55264,-34.44561],[-57.55258,-34.44562],[-57.55115,-34.44616],[-57.55081,-34.44805],[-57.5505,-34.44806],[-57.55018,-34.44729],[-57.5477,-34.44704],[-57.54739,-34.44781],[-57.54677,-34.44756],[-57.5457,-34.4491],[-57.54617,-34.44987],[-57.54462,-34.4504],[-57.54494,-34.45142],[-57.54339,-34.45169],[-57.54339,-34.45271],[-57.54277,-34.45272],[-57.54278,-34.45323],[-57.54086,-34.45316],[-57.54101,-34.45304],[-57.54061,-34.45302],[-57.54029,-34.45311],[-57.54023,-34.45331],[-57.53946,-34.45383],[-57.53906,-34.45428],[-57.5372,-34.45531],[-57.5372,-34.45454],[-57.53472,-34.45392],[-57.53347,-34.45404],[-57.53316,-34.45302],[-57.53254,-34.45302],[-57.53315,-34.45225],[-57.53252,-34.45225],[-57.53222,-34.45148],[-57.5316,-34.45148],[-57.53097,-34.45046],[-57.52723,-34.44866],[-57.52723,-34.44816],[-57.52312,-34.44633],[-57.51544,-34.44292],[-57.50235,-34.43761],[-57.48783,-34.43204],[-57.48051,-34.42973],[-57.47601,-34.42848],[-57.47272,-34.42803],[-57.46883,-34.42731],[-57.46689,-34.42721],[-57.4652,-34.42734],[-57.46216,-34.42732],[-57.45968,-34.42744],[-57.45669,-34.42798],[-57.45636,-34.42824],[-57.45663,-34.42842],[-57.4561,-34.42864],[-57.45528,-34.42869],[-57.45479,-34.42875],[-57.45453,-34.42892],[-57.45337,-34.42974],[-57.45295,-34.43014],[-57.45288,-34.43033],[-57.4528,-34.43055],[-57.45275,-34.43069],[-57.45194,-34.43028],[-57.45133,-34.43018],[-57.45074,-34.43043],[-57.45059,-34.43061],[-57.44966,-34.43088],[-57.4496,-34.43116],[-57.44822,-34.43166],[-57.44742,-34.43203],[-57.44707,-34.43229],[-57.44665,-34.43238],[-57.4457,-34.43283],[-57.44479,-34.43375],[-57.44443,-34.43464],[-57.44429,-34.43503],[-57.44424,-34.4358],[-57.44364,-34.43724],[-57.44335,-34.43779],[-57.4433,-34.43788],[-57.44313,-34.43821],[-57.44329,-34.43826],[-57.44304,-34.43887],[-57.44274,-34.43951],[-57.4431,-34.43995],[-57.44314,-34.43993],[-57.44345,-34.44033],[-57.44373,-34.44067],[-57.44372,-34.44073],[-57.44391,-34.44094],[-57.44413,-34.44078],[-57.44422,-34.44088],[-57.44503,-34.4404],[-57.4451,-34.44048],[-57.44503,-34.44052],[-57.44553,-34.44121],[-57.44561,-34.44133],[-57.44467,-34.44142],[-57.44371,-34.44161],[-57.44375,-34.44192],[-57.4436,-34.44203],[-57.4436,-34.44211],[-57.44304,-34.44231],[-57.4425,-34.44233],[-57.44184,-34.44249],[-57.44116,-34.44254],[-57.44062,-34.4425],[-57.44045,-34.44244],[-57.44033,-34.44233],[-57.44023,-34.44152],[-57.43944,-34.44129],[-57.43845,-34.44101],[-57.43657,-34.44072],[-57.43478,-34.44007],[-57.43275,-34.43958],[-57.43181,-34.43956],[-57.43131,-34.43966],[-57.43097,-34.43977],[-57.43081,-34.43982],[-57.43026,-34.43877],[-57.43012,-34.43873],[-57.42884,-34.43829],[-57.42388,-34.43597],[-57.41973,-34.43412],[-57.41384,-34.43211],[-57.40762,-34.43024],[-57.40154,-34.4287],[-57.3954,-34.42757],[-57.38934,-34.42702],[-57.38439,-34.42721],[-57.38028,-34.42793],[-57.37822,-34.42815],[-57.37645,-34.42829],[-57.37579,-34.42848],[-57.37451,-34.42848],[-57.37354,-34.42893],[-57.36673,-34.42912],[-57.36353,-34.4291],[-57.362,-34.42913],[-57.36047,-34.42931],[-57.35956,-34.42929],[-57.35864,-34.42935],[-57.3574,-34.42958],[-57.3564,-34.42982],[-57.35584,-34.42992],[-57.35527,-34.43002],[-57.35504,-34.4303],[-57.35524,-34.43049],[-57.35507,-34.43084],[-57.35458,-34.43088],[-57.35437,-34.43072],[-57.35359,-34.43115],[-57.35348,-34.43161],[-57.35312,-34.43162],[-57.3528,-34.43157],[-57.3525,-34.43145],[-57.35187,-34.43172],[-57.35185,-34.43194],[-57.35156,-34.43208],[-57.35089,-34.4322],[-57.35064,-34.4324],[-57.35063,-34.4326],[-57.35078,-34.43325],[-57.35096,-34.43401],[-57.35131,-34.43464],[-57.35158,-34.43474],[-57.35156,-34.43498],[-57.35126,-34.43504],[-57.35086,-34.43515],[-57.35088,-34.43543],[-57.35163,-34.43566],[-57.35228,-34.43593],[-57.35184,-34.43616],[-57.35168,-34.43631],[-57.35187,-34.43682],[-57.35206,-34.43743],[-57.35159,-34.43825],[-57.3505,-34.43818],[-57.34941,-34.43826],[-57.34912,-34.43838],[-57.34911,-34.43876],[-57.34907,-34.43914],[-57.34804,-34.43966],[-57.34812,-34.44021],[-57.34759,-34.44009],[-57.34757,-34.43976],[-57.347,-34.43985],[-57.34712,-34.44013],[-57.34603,-34.44077],[-57.34408,-34.44107],[-57.34323,-34.441],[-57.34192,-34.44135],[-57.33768,-34.44125],[-57.33658,-34.44156],[-57.33608,-34.44171],[-57.33571,-34.44155],[-57.33515,-34.44132],[-57.33278,-34.44132],[-57.33237,-34.44165],[-57.32704,-34.44233],[-57.32423,-34.44259],[-57.32335,-34.44262],[-57.32202,-34.44248],[-57.31915,-34.44155],[-57.30569,-34.43863],[-57.30001,-34.43775],[-57.29576,-34.43709],[-57.29324,-34.4368],[-57.28976,-34.43638],[-57.28593,-34.43593],[-57.27458,-34.43559],[-57.27033,-34.43546],[-57.26783,-34.43574],[-57.26017,-34.43593],[-57.25628,-34.43612],[-57.25346,-34.43626],[-57.25248,-34.43631],[-57.25108,-34.43635],[-57.25009,-34.43637],[-57.24873,-34.43645],[-57.24785,-34.43647],[-57.24628,-34.43667],[-57.24487,-34.43671],[-57.24279,-34.43677],[-57.24081,-34.43678],[-57.23698,-34.43702],[-57.23499,-34.43733],[-57.2343,-34.43739],[-57.2272,-34.43755],[-57.21639,-34.4376],[-57.21242,-34.43804],[-57.20817,-34.43845],[-57.20434,-34.43905],[-57.20121,-34.43982],[-57.19804,-34.4404],[-57.19651,-34.4406],[-57.19612,-34.44094],[-57.19571,-34.44142],[-57.19367,-34.44112],[-57.193,-34.44121],[-57.19244,-34.44129],[-57.19216,-34.44133],[-57.19149,-34.44142],[-57.18063,-34.44351],[-57.17921,-34.44342],[-57.17666,-34.44381],[-57.17498,-34.44407],[-57.17344,-34.44441],[-57.17174,-34.44456],[-57.17055,-34.44467],[-57.16942,-34.44496],[-57.1682,-34.44507],[-57.16657,-34.44535],[-57.16565,-34.44539],[-57.16473,-34.44559],[-57.16344,-34.44561],[-57.15576,-34.44612],[-57.15492,-34.44637],[-57.15354,-34.44655],[-57.15298,-34.44662],[-57.15253,-34.44663],[-57.15213,-34.44674],[-57.15194,-34.44678],[-57.15261,-34.44885],[-57.14858,-34.44819],[-57.14589,-34.44793],[-57.14511,-34.44794],[-57.14276,-34.44798],[-57.13829,-34.4487],[-57.13396,-34.44988],[-57.13058,-34.45151],[-57.12927,-34.45245],[-57.12775,-34.45323],[-57.12671,-34.45384],[-57.1256,-34.45462],[-57.12515,-34.45489],[-57.12368,-34.45555],[-57.122,-34.45653],[-57.11849,-34.45819],[-57.11756,-34.45863],[-57.11662,-34.45907],[-57.11603,-34.45939],[-57.11486,-34.45981],[-57.11461,-34.46004],[-57.11351,-34.46066],[-57.11306,-34.46107],[-57.11159,-34.46218],[-57.11036,-34.46312],[-57.10988,-34.46293],[-57.10954,-34.46267],[-57.10935,-34.4624],[-57.10902,-34.46206],[-57.10838,-34.4617],[-57.1078,-34.46175],[-57.10777,-34.46184],[-57.10822,-34.46219],[-57.10836,-34.46255],[-57.10878,-34.46266],[-57.10941,-34.46308],[-57.10986,-34.46308],[-57.10999,-34.46325],[-57.11002,-34.46358],[-57.10978,-34.46391],[-57.10987,-34.4642],[-57.10551,-34.46641],[-57.10419,-34.46744],[-57.1034,-34.46803],[-57.10283,-34.46853],[-57.1024,-34.46883],[-57.10221,-34.46904],[-57.10051,-34.47017],[-57.09942,-34.4711],[-57.0987,-34.47155],[-57.09787,-34.47213],[-57.09633,-34.47334],[-57.08965,-34.47959],[-57.08963,-34.47973],[-57.0895,-34.48062],[-57.08924,-34.48129],[-57.08835,-34.4824],[-57.08725,-34.48345],[-57.08673,-34.48398],[-57.08608,-34.48461],[-57.08571,-34.48494],[-57.0855,-34.48514],[-57.08512,-34.48553],[-57.08352,-34.48737],[-57.0832,-34.48863],[-57.08249,-34.48983],[-57.08211,-34.49083],[-57.08203,-34.4916],[-57.08097,-34.49281],[-57.08052,-34.49368],[-57.08056,-34.49428],[-57.07986,-34.49543],[-57.07983,-34.4959],[-57.07819,-34.49785],[-57.07775,-34.49839],[-57.07641,-34.49954],[-57.07546,-34.50043],[-57.0743,-34.50151],[-57.07302,-34.50297],[-57.07191,-34.50457],[-57.0713,-34.506],[-57.07003,-34.50742],[-57.07006,-34.50759],[-57.07009,-34.50775],[-57.07015,-34.50812],[-57.07014,-34.50858],[-57.06982,-34.5091],[-57.0694,-34.50973],[-57.06808,-34.51166],[-57.06745,-34.51354],[-57.06646,-34.51505],[-57.06598,-34.51599],[-57.06577,-34.51669],[-57.06552,-34.51809],[-57.06538,-34.51952],[-57.06441,-34.52153],[-57.06362,-34.5227],[-57.0629,-34.52364],[-57.06148,-34.52508],[-57.06062,-34.52577],[-57.06005,-34.52639],[-57.05957,-34.52685],[-57.05912,-34.52716],[-57.05868,-34.52754],[-57.05818,-34.52793],[-57.05487,-34.53016],[-57.05322,-34.53102],[-57.05242,-34.53166],[-57.05083,-34.53249],[-57.04697,-34.53482],[-57.04539,-34.53538],[-57.04373,-34.53596],[-57.04259,-34.53648],[-57.0409,-34.53722],[-57.03925,-34.53821],[-57.0377,-34.53931],[-57.03672,-34.53975],[-57.03583,-34.54002],[-57.03339,-34.54126],[-57.03241,-34.54182],[-57.02838,-34.54349],[-57.02759,-34.54377],[-57.02688,-34.54412],[-57.02616,-34.54429],[-57.02548,-34.54462],[-57.02498,-34.54478],[-57.02463,-34.54497],[-57.02421,-34.54514],[-57.02372,-34.54542],[-57.02179,-34.54638],[-57.0203,-34.54722],[-57.01803,-34.54795],[-57.01689,-34.5485],[-57.01539,-34.54952],[-57.01378,-34.55005],[-57.01275,-34.55073],[-57.0116,-34.55133],[-57.01058,-34.55182],[-57.00974,-34.55236],[-57.00885,-34.55296],[-57.00836,-34.5533],[-57.00757,-34.55379],[-57.00716,-34.55416],[-57.00685,-34.55436],[-57.00663,-34.55468],[-57.00523,-34.5551],[-57.00404,-34.55579],[-57.00415,-34.55647],[-57.00291,-34.55673],[-57.00104,-34.55454],[-56.99918,-34.55468],[-56.99856,-34.55544],[-57.00073,-34.55506],[-57.00104,-34.5557],[-57.00166,-34.5557],[-57.00185,-34.55616],[-57.00269,-34.55711],[-57.00364,-34.5572],[-57.00336,-34.55789],[-57.00236,-34.55845],[-57.00166,-34.55879],[-57.00029,-34.55919],[-56.9998,-34.55956],[-56.99839,-34.56028],[-56.99794,-34.56058],[-56.99687,-34.56128],[-56.99638,-34.56161],[-56.99533,-34.56214],[-56.99452,-34.56264],[-56.99204,-34.56405],[-56.99172,-34.56438],[-56.9911,-34.56485],[-56.99034,-34.56551],[-56.98974,-34.5661],[-56.98914,-34.56653],[-56.98768,-34.56752],[-56.9866,-34.56816],[-56.98613,-34.56855],[-56.98529,-34.56901],[-56.98458,-34.56958],[-56.98376,-34.57022],[-56.98272,-34.57112],[-56.98265,-34.57141],[-56.98231,-34.57182],[-56.98178,-34.57241],[-56.98159,-34.57255],[-56.98116,-34.57292],[-56.98045,-34.57364],[-56.9796,-34.57446],[-56.97892,-34.57495],[-56.97774,-34.57575],[-56.9759,-34.57735],[-56.97245,-34.58037],[-56.97096,-34.58151],[-56.96997,-34.58243],[-56.9699,-34.58265],[-56.96935,-34.58294],[-56.96754,-34.58466],[-56.96282,-34.58885],[-56.96162,-34.58992],[-56.9596,-34.59176],[-56.95898,-34.59226],[-56.95845,-34.59255],[-56.95824,-34.59284],[-56.95803,-34.5931],[-56.95774,-34.59339],[-56.95701,-34.59386],[-56.95636,-34.59443],[-56.95618,-34.59526],[-56.95549,-34.59635],[-56.95485,-34.59757],[-56.95421,-34.59784],[-56.95382,-34.59804],[-56.95287,-34.59836],[-56.95008,-34.59995],[-56.94893,-34.60064],[-56.94813,-34.60107],[-56.94767,-34.60148],[-56.94788,-34.60169],[-56.94774,-34.60207],[-56.94672,-34.60248],[-56.9464,-34.60292],[-56.94568,-34.6034],[-56.9454,-34.60375],[-56.94488,-34.60384],[-56.94389,-34.60433],[-56.94322,-34.60489],[-56.94325,-34.60536],[-56.94292,-34.60581],[-56.94171,-34.60642],[-56.94042,-34.60746],[-56.93845,-34.60834],[-56.93624,-34.60963],[-56.93565,-34.61038],[-56.93504,-34.61082],[-56.93448,-34.61109],[-56.93378,-34.61169],[-56.9332,-34.61202],[-56.93225,-34.61237],[-56.93103,-34.61301],[-56.92933,-34.6137],[-56.92842,-34.61473],[-56.92737,-34.61531],[-56.9265,-34.61596],[-56.9255,-34.61633],[-56.9247,-34.61717],[-56.92322,-34.61805],[-56.92208,-34.6189],[-56.92167,-34.6193],[-56.92139,-34.61953],[-56.92088,-34.61981],[-56.92032,-34.62026],[-56.91996,-34.62062],[-56.91944,-34.62081],[-56.91897,-34.62096],[-56.91871,-34.6212],[-56.91834,-34.62198],[-56.91717,-34.62304],[-56.91613,-34.62382],[-56.91523,-34.62429],[-56.91481,-34.62486],[-56.91399,-34.62532],[-56.91214,-34.62663],[-56.9105,-34.62761],[-56.90916,-34.62877],[-56.90792,-34.63179],[-56.90621,-34.63431],[-56.90586,-34.63514],[-56.90511,-34.63661],[-56.90247,-34.6397],[-56.90122,-34.64022],[-56.89939,-34.64725],[-56.89861,-34.65127],[-56.8967,-34.65384],[-56.89639,-34.65409],[-56.89498,-34.65563],[-56.89279,-34.65668],[-56.89157,-34.65717],[-56.89064,-34.65755],[-56.89001,-34.65794],[-56.88872,-34.6583],[-56.88814,-34.65871],[-56.8859,-34.6597],[-56.88471,-34.66025],[-56.88234,-34.66087],[-56.88129,-34.66128],[-56.87623,-34.6623],[-56.87413,-34.66307],[-56.87077,-34.66388],[-56.86884,-34.6646],[-56.85821,-34.66766],[-56.84446,-34.67214],[-56.84239,-34.67306],[-56.84028,-34.67375],[-56.84003,-34.67409],[-56.83927,-34.67511],[-56.83068,-34.67843],[-56.82962,-34.6789],[-56.8291,-34.67911],[-56.82851,-34.67946],[-56.82806,-34.67972],[-56.82746,-34.68005],[-56.8269,-34.68051],[-56.82651,-34.68082],[-56.82619,-34.68126],[-56.82541,-34.6821],[-56.82447,-34.68316],[-56.82409,-34.68416],[-56.82355,-34.6846],[-56.82313,-34.68508],[-56.82287,-34.68569],[-56.82214,-34.68651],[-56.8218,-34.687],[-56.82192,-34.6875],[-56.8216,-34.6878],[-56.82133,-34.68802],[-56.82108,-34.68823],[-56.82084,-34.68834],[-56.82064,-34.68837],[-56.82029,-34.68849],[-56.81993,-34.68857],[-56.81924,-34.6888],[-56.81604,-34.68935],[-56.81412,-34.68943],[-56.81294,-34.68957],[-56.80805,-34.69015],[-56.79444,-34.69245],[-56.79299,-34.69296],[-56.7888,-34.69396],[-56.78084,-34.69498],[-56.77031,-34.69566],[-56.76797,-34.69581],[-56.76717,-34.69591],[-56.76628,-34.69599],[-56.76525,-34.6961],[-56.76477,-34.69616],[-56.76427,-34.69624],[-56.76393,-34.69632],[-56.74933,-34.6985],[-56.73457,-34.70054],[-56.73217,-34.70088],[-56.73186,-34.70088],[-56.73113,-34.70104],[-56.72808,-34.70159],[-56.72377,-34.7024],[-56.72096,-34.70291],[-56.71723,-34.7038],[-56.71255,-34.70493],[-56.70016,-34.70771],[-56.69982,-34.70791],[-56.69969,-34.70799],[-56.69962,-34.70803],[-56.6992,-34.70828],[-56.69831,-34.70848],[-56.69667,-34.7085],[-56.68803,-34.709],[-56.68515,-34.7095],[-56.68258,-34.7101],[-56.67851,-34.71096],[-56.67581,-34.71153],[-56.67161,-34.71252],[-56.66158,-34.71535],[-56.65743,-34.71662],[-56.65198,-34.71786],[-56.6484,-34.71891],[-56.64387,-34.72013],[-56.64153,-34.7212],[-56.6328,-34.72426],[-56.63031,-34.72504],[-56.62391,-34.72758],[-56.62097,-34.72927],[-56.61834,-34.73091],[-56.61549,-34.73233],[-56.61109,-34.73446],[-56.60255,-34.73814],[-56.60129,-34.73881],[-56.60049,-34.73907],[-56.59942,-34.73958],[-56.59857,-34.73989],[-56.59173,-34.74296],[-56.59119,-34.74298],[-56.59073,-34.74329],[-56.58995,-34.74367],[-56.58919,-34.74381],[-56.58663,-34.74478],[-56.58463,-34.74541],[-56.58345,-34.74596],[-56.58289,-34.74622],[-56.58227,-34.74643],[-56.5816,-34.74687],[-56.58096,-34.74709],[-56.58032,-34.74769],[-56.579,-34.74824],[-56.57841,-34.74849],[-56.57661,-34.74955],[-56.57524,-34.75033],[-56.57443,-34.75079],[-56.57352,-34.75131],[-56.57232,-34.752],[-56.57054,-34.75311],[-56.56914,-34.75412],[-56.56887,-34.75442],[-56.56852,-34.75463],[-56.56317,-34.7578],[-56.56071,-34.75895],[-56.55934,-34.75943],[-56.5579,-34.75961],[-56.55587,-34.7597],[-56.55386,-34.75959],[-56.55168,-34.7591],[-56.54954,-34.75851],[-56.54745,-34.75781],[-56.54182,-34.75615],[-56.5411,-34.75593],[-56.54054,-34.75582],[-56.53491,-34.75444],[-56.52908,-34.7532],[-56.52267,-34.75224],[-56.51798,-34.75158],[-56.50321,-34.75025],[-56.49035,-34.75005],[-56.48501,-34.75028],[-56.47994,-34.75049],[-56.4752,-34.75082],[-56.47168,-34.75124],[-56.4657,-34.75201],[-56.4623,-34.75245],[-56.46153,-34.75216],[-56.4607,-34.75204],[-56.45991,-34.752],[-56.45939,-34.75175],[-56.4588,-34.75172],[-56.4583,-34.75188],[-56.45797,-34.75154],[-56.45738,-34.75151],[-56.45691,-34.75165],[-56.4565,-34.75172],[-56.45588,-34.75154],[-56.45408,-34.75178],[-56.45271,-34.75214],[-56.45008,-34.75269],[-56.44895,-34.75292],[-56.44764,-34.75333],[-56.44657,-34.75371],[-56.44571,-34.75405],[-56.44464,-34.75444],[-56.44329,-34.755],[-56.4421,-34.75547],[-56.43899,-34.75677],[-56.43584,-34.7582],[-56.43281,-34.75967],[-56.43211,-34.76001],[-56.43139,-34.76038],[-56.42961,-34.76141],[-56.42946,-34.76155],[-56.42914,-34.76185],[-56.4278,-34.7626],[-56.42725,-34.7627],[-56.42707,-34.76313],[-56.42634,-34.76326],[-56.42572,-34.76356],[-56.42521,-34.76381],[-56.42478,-34.76409],[-56.42365,-34.76483],[-56.42335,-34.76513],[-56.42302,-34.76534],[-56.42226,-34.76583],[-56.42177,-34.76611],[-56.42066,-34.76663],[-56.41958,-34.76712],[-56.41789,-34.76797],[-56.41677,-34.76839],[-56.41594,-34.76876],[-56.4149,-34.76967],[-56.41385,-34.76999],[-56.41302,-34.76992],[-56.41217,-34.77026],[-56.41146,-34.77094],[-56.41021,-34.77106],[-56.4099,-34.7708],[-56.40887,-34.77115],[-56.40856,-34.7714],[-56.408,-34.77144],[-56.40742,-34.7713],[-56.40648,-34.77091],[-56.40648,-34.7704],[-56.40586,-34.77014],[-56.40585,-34.77117],[-56.40461,-34.77116],[-56.40429,-34.77219],[-56.40335,-34.77218],[-56.40382,-34.77167],[-56.40398,-34.77116],[-56.40242,-34.77141],[-56.40242,-34.77191],[-56.40174,-34.77212],[-56.40097,-34.77192],[-56.39999,-34.77199],[-56.39946,-34.7723],[-56.39769,-34.7728],[-56.39309,-34.77394],[-56.39181,-34.7747],[-56.39077,-34.77516],[-56.39024,-34.77536],[-56.38994,-34.77575],[-56.38964,-34.776],[-56.38849,-34.7758],[-56.38838,-34.77636],[-56.38796,-34.77661],[-56.38744,-34.77647],[-56.38745,-34.77545],[-56.38651,-34.77544],[-56.38682,-34.77596],[-56.38401,-34.7762],[-56.38401,-34.77671],[-56.38308,-34.7762],[-56.38276,-34.77696],[-56.38121,-34.77747],[-56.38121,-34.77799],[-56.38057,-34.77798],[-56.37805,-34.78259],[-56.37618,-34.78259],[-56.37617,-34.7831],[-56.37555,-34.78335],[-56.37555,-34.78283],[-56.3715,-34.78295],[-56.36777,-34.78241],[-56.3659,-34.78202],[-56.3659,-34.78253],[-56.36559,-34.78253],[-56.36559,-34.78202],[-56.36434,-34.78227],[-56.36435,-34.78175],[-56.363,-34.78121],[-56.36179,-34.78126],[-56.36091,-34.78176],[-56.35995,-34.782],[-56.35927,-34.78181],[-56.35859,-34.78202],[-56.35731,-34.78205],[-56.35693,-34.78221],[-56.35662,-34.78224],[-56.35643,-34.78188],[-56.35593,-34.78408],[-56.3555,-34.78605],[-56.35542,-34.78653],[-56.35575,-34.78699],[-56.35581,-34.78705],[-56.35582,-34.78707],[-56.35583,-34.78713],[-56.35585,-34.78719],[-56.35588,-34.78725],[-56.3559,-34.78729],[-56.35592,-34.78733],[-56.35594,-34.78736],[-56.35598,-34.78741],[-56.35601,-34.78744],[-56.35605,-34.78749],[-56.35609,-34.78755],[-56.35613,-34.78763],[-56.35615,-34.7877],[-56.35616,-34.78778],[-56.35617,-34.78785],[-56.35618,-34.78791],[-56.3562,-34.78798],[-56.35619,-34.78804],[-56.35619,-34.7881],[-56.3562,-34.78815],[-56.35619,-34.7882],[-56.35617,-34.78825],[-56.35611,-34.7883],[-56.35604,-34.78835],[-56.35567,-34.78859],[-56.3554,-34.78874],[-56.35523,-34.78885],[-56.35519,-34.78888],[-56.35515,-34.7889],[-56.35508,-34.78892],[-56.35501,-34.78895],[-56.35496,-34.789],[-56.35491,-34.78905],[-56.35487,-34.78913],[-56.35485,-34.78922],[-56.35484,-34.7893],[-56.3548,-34.78936],[-56.35476,-34.78945],[-56.35475,-34.78956],[-56.35475,-34.78967],[-56.35476,-34.78977],[-56.35474,-34.79003],[-56.35482,-34.79026],[-56.35483,-34.79034],[-56.35484,-34.79056],[-56.35485,-34.79063],[-56.35484,-34.7907],[-56.35484,-34.79079],[-56.35484,-34.79087],[-56.35484,-34.79093],[-56.35484,-34.791],[-56.35486,-34.79107],[-56.35488,-34.79117],[-56.35491,-34.79123],[-56.35494,-34.79129],[-56.35498,-34.79137],[-56.35502,-34.79143],[-56.35507,-34.79147],[-56.35512,-34.79149],[-56.35516,-34.79153],[-56.35519,-34.79156],[-56.35524,-34.79159],[-56.35535,-34.79164],[-56.3554,-34.79165],[-56.35545,-34.79167],[-56.35551,-34.79169],[-56.35556,-34.79171],[-56.35562,-34.79173],[-56.35567,-34.79173],[-56.35573,-34.79173],[-56.35579,-34.79174],[-56.35584,-34.79176],[-56.35589,-34.79176],[-56.35593,-34.79175],[-56.35598,-34.79173],[-56.35604,-34.79169],[-56.3561,-34.79166],[-56.35615,-34.79163],[-56.35617,-34.79162],[-56.35618,-34.79163],[-56.35621,-34.79165],[-56.35623,-34.79168],[-56.35624,-34.79172],[-56.35627,-34.79177],[-56.35629,-34.79182],[-56.35635,-34.79185],[-56.35639,-34.79188],[-56.35644,-34.79191],[-56.3565,-34.79195],[-56.35656,-34.79197],[-56.35682,-34.79205],[-56.35695,-34.79211],[-56.35702,-34.79214],[-56.35708,-34.79219],[-56.35711,-34.79223],[-56.35718,-34.79225],[-56.35722,-34.79226],[-56.35726,-34.7923],[-56.35728,-34.79234],[-56.35731,-34.79237],[-56.35734,-34.79241],[-56.35735,-34.79245],[-56.35737,-34.79247],[-56.35739,-34.7925],[-56.35742,-34.79252],[-56.35744,-34.79253],[-56.35747,-34.7926],[-56.35749,-34.79262],[-56.35752,-34.79264],[-56.35754,-34.79267],[-56.35756,-34.79269],[-56.35757,-34.79272],[-56.35759,-34.79274],[-56.35761,-34.79277],[-56.35764,-34.79278],[-56.35765,-34.79281],[-56.35765,-34.79284],[-56.35762,-34.79287],[-56.3576,-34.7929],[-56.35762,-34.79292],[-56.35765,-34.79294],[-56.35768,-34.79295],[-56.35771,-34.79296],[-56.35773,-34.79296],[-56.35774,-34.79304],[-56.35775,-34.79307],[-56.35779,-34.79312],[-56.35781,-34.79314],[-56.35783,-34.79317],[-56.35785,-34.7932],[-56.35788,-34.79322],[-56.3579,-34.79325],[-56.35792,-34.79327],[-56.35793,-34.7933],[-56.35795,-34.79332],[-56.35795,-34.79335],[-56.35792,-34.79338],[-56.35788,-34.7934],[-56.35783,-34.79341],[-56.35779,-34.79344],[-56.35773,-34.79346],[-56.35768,-34.79347],[-56.35763,-34.79348],[-56.35758,-34.79348],[-56.35754,-34.79347],[-56.35747,-34.79347],[-56.35741,-34.79346],[-56.35736,-34.79345],[-56.35726,-34.79342],[-56.35718,-34.7934],[-56.35708,-34.7934],[-56.35701,-34.79342],[-56.35687,-34.79345],[-56.35673,-34.79355],[-56.35656,-34.79356],[-56.35646,-34.79365],[-56.35644,-34.79375],[-56.35649,-34.79384],[-56.3566,-34.79391],[-56.35673,-34.79398],[-56.35681,-34.79401],[-56.35686,-34.79403],[-56.35682,-34.79407],[-56.35678,-34.79407],[-56.35676,-34.79409],[-56.35676,-34.79412],[-56.35676,-34.79417],[-56.35675,-34.7942],[-56.35674,-34.79421],[-56.35674,-34.79423],[-56.35674,-34.79425],[-56.35669,-34.79428],[-56.35665,-34.79431],[-56.35665,-34.79434],[-56.35713,-34.79453],[-56.35779,-34.79467],[-56.35885,-34.79483],[-56.35931,-34.79493],[-56.35959,-34.79497],[-56.35985,-34.79498],[-56.35998,-34.79496],[-56.36016,-34.79495],[-56.36034,-34.79499],[-56.36051,-34.79512],[-56.36083,-34.79534],[-56.36093,-34.7954],[-56.36096,-34.79542],[-56.36088,-34.79548],[-56.36086,-34.7956],[-56.36092,-34.79566],[-56.36096,-34.79578],[-56.36097,-34.79589],[-56.36102,-34.7961],[-56.36105,-34.79621],[-56.36114,-34.79637],[-56.36122,-34.79654],[-56.36123,-34.79663],[-56.36125,-34.79671],[-56.36176,-34.79703],[-56.36197,-34.7976],[-56.36227,-34.798],[-56.36235,-34.79837],[-56.36262,-34.79844],[-56.36307,-34.79888],[-56.36422,-34.79884],[-56.36764,-34.79937],[-56.37658,-34.79843],[-56.37731,-34.79801],[-56.378,-34.79782],[-56.37856,-34.79789],[-56.38123,-34.79822],[-56.38312,-34.79823],[-56.3851,-34.79792],[-56.38791,-34.79768],[-56.38883,-34.79801],[-56.38961,-34.79852],[-56.38894,-34.79864],[-56.38901,-34.79928],[-56.3896,-34.80064],[-56.39286,-34.80233],[-56.39422,-34.80353],[-56.39633,-34.80453],[-56.39686,-34.80493],[-56.39752,-34.80518],[-56.39802,-34.80541],[-56.39895,-34.80531],[-56.39971,-34.80551],[-56.40031,-34.80545],[-56.40115,-34.80554],[-56.40077,-34.80569],[-56.40066,-34.80585],[-56.40079,-34.80595],[-56.40096,-34.80604],[-56.40134,-34.8061],[-56.40144,-34.80624],[-56.40183,-34.80634],[-56.40214,-34.80644],[-56.40227,-34.80649],[-56.40239,-34.80663],[-56.40262,-34.80678],[-56.40299,-34.80674],[-56.40335,-34.80688],[-56.40347,-34.80712],[-56.40382,-34.80752],[-56.40388,-34.80777],[-56.40409,-34.80796],[-56.40442,-34.80804],[-56.40501,-34.80795],[-56.40518,-34.80803],[-56.4055,-34.80795],[-56.40569,-34.80807],[-56.40548,-34.80836],[-56.40476,-34.80881],[-56.4046,-34.80892],[-56.40449,-34.80919],[-56.40433,-34.80964],[-56.40436,-34.81011],[-56.40448,-34.81025],[-56.40467,-34.81037],[-56.40506,-34.81041],[-56.40543,-34.81053],[-56.40557,-34.8107],[-56.40559,-34.81092],[-56.40574,-34.81116],[-56.40611,-34.81134],[-56.40659,-34.81146],[-56.40686,-34.81172],[-56.40666,-34.8121],[-56.40676,-34.81244],[-56.40657,-34.81279],[-56.40674,-34.81309],[-56.40711,-34.8134],[-56.40707,-34.81366],[-56.40697,-34.81387],[-56.407,-34.81404],[-56.40736,-34.8141],[-56.40737,-34.81419],[-56.40701,-34.81442],[-56.40711,-34.81454],[-56.40752,-34.8144],[-56.40794,-34.81462],[-56.40802,-34.81483],[-56.40831,-34.81485],[-56.40842,-34.81497],[-56.4081,-34.81508],[-56.40806,-34.8152],[-56.40811,-34.81532],[-56.40833,-34.81547],[-56.40867,-34.81548],[-56.41,-34.81482],[-56.41004,-34.81497],[-56.40874,-34.8157],[-56.40894,-34.81582],[-56.40871,-34.81604],[-56.40894,-34.81614],[-56.40871,-34.81644],[-56.40918,-34.81656],[-56.40903,-34.81682],[-56.40941,-34.8168],[-56.40949,-34.81699],[-56.40971,-34.81702],[-56.40996,-34.81693],[-56.41018,-34.81712],[-56.41036,-34.8172],[-56.41059,-34.81722],[-56.41119,-34.81714],[-56.41148,-34.81731],[-56.41165,-34.81726],[-56.41175,-34.81726],[-56.41178,-34.81729],[-56.41187,-34.81724],[-56.41194,-34.81719],[-56.41202,-34.81715],[-56.41212,-34.81715],[-56.41212,-34.8172],[-56.41213,-34.81729],[-56.41227,-34.81738],[-56.41237,-34.81738],[-56.41249,-34.81735],[-56.4126,-34.81731],[-56.41266,-34.81733],[-56.41274,-34.81737],[-56.4128,-34.81735],[-56.41289,-34.81735],[-56.41296,-34.81738],[-56.41305,-34.81741],[-56.41339,-34.8174],[-56.41352,-34.81739],[-56.4136,-34.81742],[-56.41362,-34.81751],[-56.41367,-34.81757],[-56.41368,-34.8176],[-56.41365,-34.81764],[-56.41369,-34.81765],[-56.41382,-34.81766],[-56.41385,-34.81771],[-56.41387,-34.81779],[-56.41395,-34.81782],[-56.41402,-34.81784],[-56.41402,-34.8179],[-56.41403,-34.81806],[-56.41403,-34.81815],[-56.41395,-34.81821],[-56.4139,-34.81832],[-56.41389,-34.8184],[-56.41391,-34.8185],[-56.41395,-34.81856],[-56.41403,-34.81861],[-56.4141,-34.81866],[-56.41418,-34.81872],[-56.41424,-34.81878],[-56.41431,-34.81882],[-56.4144,-34.8188],[-56.41451,-34.8188],[-56.41459,-34.81879],[-56.41467,-34.81879],[-56.41469,-34.81884],[-56.41471,-34.81888],[-56.41482,-34.81899],[-56.41492,-34.81906],[-56.41489,-34.8191],[-56.41487,-34.81915],[-56.41495,-34.81921],[-56.41503,-34.81921],[-56.41522,-34.81911],[-56.41532,-34.81903],[-56.41541,-34.81897],[-56.41548,-34.819],[-56.41556,-34.81904],[-56.41568,-34.81903],[-56.41576,-34.81903],[-56.41586,-34.81906],[-56.41601,-34.81909],[-56.41607,-34.8191],[-56.41609,-34.81916],[-56.41605,-34.81917],[-56.41602,-34.8192],[-56.41602,-34.81924],[-56.41605,-34.81926],[-56.41613,-34.81934],[-56.4162,-34.81932],[-56.41624,-34.81934],[-56.41627,-34.81938],[-56.4163,-34.81942],[-56.41634,-34.81943],[-56.41639,-34.81945],[-56.41645,-34.81949],[-56.41652,-34.81952],[-56.41661,-34.81952],[-56.41669,-34.81952],[-56.41672,-34.81956],[-56.41673,-34.81961],[-56.41669,-34.81964],[-56.41666,-34.81966],[-56.41661,-34.81971],[-56.41654,-34.81971],[-56.41645,-34.81968],[-56.41638,-34.81965],[-56.41628,-34.81963],[-56.41619,-34.81966],[-56.41614,-34.8197],[-56.41614,-34.81975],[-56.41615,-34.81979],[-56.41618,-34.81984],[-56.41624,-34.81987],[-56.41634,-34.81986],[-56.41643,-34.81985],[-56.41651,-34.81983],[-56.41662,-34.81981],[-56.41673,-34.81978],[-56.41688,-34.81977],[-56.417,-34.81977],[-56.41704,-34.81984],[-56.41707,-34.81987],[-56.41723,-34.81991],[-56.4173,-34.81995],[-56.41738,-34.81997],[-56.41745,-34.81996],[-56.41751,-34.82],[-56.41752,-34.82005],[-56.41745,-34.82015],[-56.41738,-34.82021],[-56.41737,-34.82034],[-56.41741,-34.82042],[-56.41745,-34.82045],[-56.41743,-34.82051],[-56.41735,-34.82059],[-56.41727,-34.82065],[-56.4172,-34.82069],[-56.41714,-34.82073],[-56.4171,-34.82083],[-56.41716,-34.82087],[-56.41723,-34.82089],[-56.4173,-34.82093],[-56.41736,-34.82101],[-56.41744,-34.82104],[-56.41752,-34.82109],[-56.41759,-34.82113],[-56.41762,-34.82118],[-56.41765,-34.82124],[-56.41768,-34.82133],[-56.4177,-34.8214],[-56.41761,-34.82146],[-56.41755,-34.82151],[-56.41755,-34.82155],[-56.41765,-34.82162],[-56.41774,-34.82162],[-56.41779,-34.82167],[-56.41786,-34.82166],[-56.41793,-34.82168],[-56.41796,-34.82171],[-56.41797,-34.82176],[-56.41803,-34.82182],[-56.41805,-34.82187],[-56.41798,-34.8219],[-56.41794,-34.82194],[-56.41796,-34.822],[-56.41799,-34.82205],[-56.418,-34.82209],[-56.41808,-34.82209],[-56.41811,-34.82205],[-56.41817,-34.82205],[-56.41819,-34.8221],[-56.41828,-34.8222],[-56.41834,-34.82224],[-56.41839,-34.82225],[-56.41851,-34.82225],[-56.41851,-34.82232],[-56.41852,-34.82239],[-56.41856,-34.82245],[-56.41868,-34.8225],[-56.41886,-34.82252],[-56.41894,-34.8225],[-56.41904,-34.82249],[-56.41917,-34.82247],[-56.41938,-34.82239],[-56.41945,-34.82234],[-56.41955,-34.82227],[-56.41974,-34.82221],[-56.41998,-34.82216],[-56.42014,-34.82214],[-56.42025,-34.82214],[-56.42035,-34.82216],[-56.42044,-34.82217],[-56.42052,-34.82219],[-56.42058,-34.82222],[-56.42058,-34.82229],[-56.42059,-34.82233],[-56.42067,-34.82237],[-56.42076,-34.82235],[-56.42089,-34.82234],[-56.42096,-34.82236],[-56.4211,-34.82235],[-56.42132,-34.82238],[-56.42165,-34.82251],[-56.42193,-34.82267],[-56.42218,-34.82286],[-56.4224,-34.82321],[-56.42254,-34.82327],[-56.42264,-34.82331],[-56.42273,-34.82335],[-56.42285,-34.82343],[-56.42297,-34.82349],[-56.42301,-34.82346],[-56.42308,-34.82342],[-56.42314,-34.82346],[-56.42316,-34.82353],[-56.42322,-34.82365],[-56.42331,-34.82367],[-56.42342,-34.82363],[-56.4235,-34.82363],[-56.42352,-34.8237],[-56.42352,-34.82378],[-56.42357,-34.82384],[-56.42367,-34.82385],[-56.42369,-34.82388],[-56.4237,-34.82395],[-56.42371,-34.82402],[-56.42379,-34.82416],[-56.42385,-34.82422],[-56.42403,-34.82437],[-56.42418,-34.82447],[-56.42421,-34.82451],[-56.42427,-34.82459],[-56.42433,-34.82467],[-56.42441,-34.82472],[-56.4245,-34.82476],[-56.42462,-34.82481],[-56.4247,-34.82486],[-56.42477,-34.82495],[-56.42484,-34.82501],[-56.42492,-34.82506],[-56.42497,-34.82516],[-56.42505,-34.82525],[-56.42515,-34.82529],[-56.42522,-34.82537],[-56.42539,-34.82549],[-56.4255,-34.82551],[-56.42559,-34.82554],[-56.42571,-34.82572],[-56.42579,-34.82582],[-56.4259,-34.82595],[-56.426,-34.82607],[-56.42616,-34.82623],[-56.42685,-34.82694],[-56.42699,-34.82692],[-56.42702,-34.82692],[-56.42713,-34.82692],[-56.42724,-34.82696],[-56.42728,-34.82702],[-56.42754,-34.82706],[-56.42771,-34.82705],[-56.42787,-34.82703],[-56.428,-34.827],[-56.42814,-34.82701],[-56.42827,-34.82703],[-56.42841,-34.82707],[-56.42844,-34.82712],[-56.4285,-34.82718],[-56.42866,-34.82724],[-56.4288,-34.82727],[-56.42886,-34.82731],[-56.42901,-34.82737],[-56.42914,-34.82741],[-56.42934,-34.82744],[-56.42958,-34.82741],[-56.42975,-34.82739],[-56.42994,-34.8274],[-56.43008,-34.82743],[-56.4302,-34.82747],[-56.43036,-34.82751],[-56.43056,-34.82753],[-56.43072,-34.82756],[-56.43083,-34.82764],[-56.43101,-34.82775],[-56.43116,-34.82785],[-56.43133,-34.82798],[-56.4314,-34.82811],[-56.43138,-34.82822],[-56.43121,-34.82828],[-56.43102,-34.82832],[-56.4309,-34.8284],[-56.43089,-34.82849],[-56.4309,-34.82863],[-56.4309,-34.82871],[-56.43097,-34.8288],[-56.43103,-34.8289],[-56.43102,-34.829],[-56.43094,-34.8291],[-56.43092,-34.82917],[-56.43093,-34.82919],[-56.43098,-34.82927],[-56.43107,-34.82937],[-56.43104,-34.82946],[-56.43102,-34.82956],[-56.43109,-34.82966],[-56.43117,-34.82984],[-56.43113,-34.82992],[-56.43102,-34.83005],[-56.43096,-34.83016],[-56.43085,-34.83039],[-56.43076,-34.83061],[-56.4307,-34.83072],[-56.43064,-34.83076],[-56.4304,-34.8308],[-56.43021,-34.83082],[-56.43004,-34.83082],[-56.42987,-34.83081],[-56.42966,-34.83081],[-56.42955,-34.8308],[-56.42941,-34.8308],[-56.42925,-34.83083],[-56.42918,-34.83086],[-56.42914,-34.8309],[-56.42913,-34.83096],[-56.42915,-34.83102],[-56.42925,-34.83106],[-56.42932,-34.83112],[-56.42937,-34.83121],[-56.42956,-34.83136],[-56.42975,-34.83141],[-56.42987,-34.83151],[-56.42986,-34.83165],[-56.42992,-34.83191],[-56.42991,-34.83199],[-56.42978,-34.83213],[-56.42956,-34.83221],[-56.42941,-34.83226],[-56.42936,-34.83233],[-56.42941,-34.8325],[-56.42947,-34.83262],[-56.42949,-34.83277],[-56.42944,-34.8329],[-56.42934,-34.83297],[-56.42919,-34.83306],[-56.42894,-34.83314],[-56.42892,-34.8332],[-56.42887,-34.83331],[-56.42882,-34.83351],[-56.42883,-34.83371],[-56.42889,-34.83383],[-56.42906,-34.83395],[-56.42924,-34.83402],[-56.42929,-34.83411],[-56.42929,-34.83424],[-56.42929,-34.83436],[-56.42924,-34.83446],[-56.4292,-34.83451],[-56.42916,-34.83456],[-56.4291,-34.83467],[-56.42911,-34.83474],[-56.42903,-34.83478],[-56.42886,-34.83479],[-56.42858,-34.83481],[-56.42856,-34.83489],[-56.42851,-34.83493],[-56.42823,-34.83488],[-56.42811,-34.83486],[-56.42805,-34.83488],[-56.42798,-34.83495],[-56.42788,-34.835],[-56.42782,-34.83503],[-56.42776,-34.83504],[-56.42767,-34.83502],[-56.42758,-34.83502],[-56.42749,-34.83507],[-56.42742,-34.8351],[-56.42729,-34.83515],[-56.42713,-34.83523],[-56.42695,-34.83527],[-56.42668,-34.83527],[-56.42632,-34.83527],[-56.42607,-34.83525],[-56.42591,-34.83526],[-56.42592,-34.83558],[-56.42596,-34.83574],[-56.42597,-34.83589],[-56.42597,-34.836],[-56.42594,-34.8361],[-56.42587,-34.83623],[-56.4258,-34.83634],[-56.42572,-34.83644],[-56.42563,-34.8365],[-56.42552,-34.83655],[-56.42552,-34.83663],[-56.42554,-34.83669],[-56.4255,-34.83675],[-56.42543,-34.83692],[-56.42527,-34.83705],[-56.42513,-34.83712],[-56.42494,-34.83734],[-56.42483,-34.83759],[-56.42484,-34.83771],[-56.42477,-34.83774],[-56.42448,-34.83776],[-56.42427,-34.83788],[-56.42396,-34.83791],[-56.42372,-34.8379],[-56.42348,-34.8379],[-56.42317,-34.83792],[-56.42294,-34.83792],[-56.42265,-34.83786],[-56.42247,-34.83785],[-56.42228,-34.83784],[-56.42196,-34.83782],[-56.42177,-34.83784],[-56.42147,-34.83788],[-56.42129,-34.83792],[-56.42077,-34.8381],[-56.42059,-34.83818],[-56.42039,-34.83823],[-56.4203,-34.83828],[-56.42022,-34.83842],[-56.42011,-34.8385],[-56.41996,-34.8387],[-56.41996,-34.83892],[-56.41994,-34.83895],[-56.41976,-34.83896],[-56.41964,-34.83897],[-56.41947,-34.83904],[-56.41942,-34.83909],[-56.41942,-34.83919],[-56.41937,-34.83941],[-56.41908,-34.83955],[-56.41878,-34.83971],[-56.41852,-34.83977],[-56.418,-34.83983],[-56.41772,-34.83989],[-56.41744,-34.83992],[-56.41725,-34.83995],[-56.41685,-34.84001],[-56.41673,-34.84004],[-56.41665,-34.84005],[-56.41666,-34.84013],[-56.41657,-34.84017],[-56.41641,-34.84018],[-56.41629,-34.84016],[-56.41617,-34.84012],[-56.416,-34.84004],[-56.41581,-34.83998],[-56.41543,-34.83988],[-56.41492,-34.83973],[-56.41475,-34.83973],[-56.41465,-34.83976],[-56.41461,-34.8398],[-56.41455,-34.83991],[-56.41439,-34.8399],[-56.41429,-34.83987],[-56.41417,-34.83985],[-56.41404,-34.8399],[-56.41416,-34.83998],[-56.41429,-34.84011],[-56.41426,-34.84011],[-56.41407,-34.84004],[-56.41385,-34.83998],[-56.41364,-34.83991],[-56.41345,-34.83985],[-56.41327,-34.83977],[-56.41315,-34.83972],[-56.41304,-34.83965],[-56.41286,-34.8397],[-56.41283,-34.83972],[-56.41278,-34.83976],[-56.41272,-34.83981],[-56.41272,-34.83989],[-56.4128,-34.84005],[-56.4128,-34.84016],[-56.41274,-34.84017],[-56.41263,-34.84023],[-56.41252,-34.84028],[-56.41239,-34.84037],[-56.41232,-34.84047],[-56.41223,-34.84055],[-56.41212,-34.8406],[-56.412,-34.84064],[-56.41166,-34.84061],[-56.41149,-34.84061],[-56.41131,-34.84062],[-56.4112,-34.84065],[-56.41127,-34.84073],[-56.41145,-34.84088],[-56.41157,-34.84098],[-56.41146,-34.84099],[-56.41135,-34.841],[-56.41118,-34.84105],[-56.41115,-34.84111],[-56.41128,-34.84119],[-56.41136,-34.84126],[-56.4113,-34.84129],[-56.4112,-34.84133],[-56.41109,-34.84133],[-56.41099,-34.84131],[-56.41084,-34.84124],[-56.41061,-34.8412],[-56.4105,-34.84115],[-56.41038,-34.8412],[-56.41037,-34.84127],[-56.4104,-34.84137],[-56.41016,-34.84143],[-56.41002,-34.84136],[-56.40991,-34.84134],[-56.40974,-34.8413],[-56.4096,-34.84129],[-56.4094,-34.84131],[-56.40924,-34.84134],[-56.40928,-34.84141],[-56.40937,-34.84148],[-56.40927,-34.84159],[-56.40914,-34.84153],[-56.409,-34.84147],[-56.40893,-34.84148],[-56.40884,-34.84152],[-56.40875,-34.84157],[-56.40864,-34.84158],[-56.40845,-34.84154],[-56.40832,-34.84155],[-56.40816,-34.84164],[-56.40802,-34.84173],[-56.40796,-34.84184],[-56.40782,-34.84192],[-56.40761,-34.84195],[-56.40761,-34.84191],[-56.40754,-34.84188],[-56.40737,-34.8419],[-56.4072,-34.84197],[-56.40717,-34.84197],[-56.40717,-34.84199],[-56.40717,-34.842],[-56.40716,-34.84202],[-56.40716,-34.84205],[-56.40684,-34.84201],[-56.40517,-34.84214],[-56.40428,-34.84187],[-56.40394,-34.84202],[-56.4037,-34.84208],[-56.40336,-34.84212],[-56.40288,-34.84202],[-56.40278,-34.84211],[-56.40241,-34.84202],[-56.40231,-34.84207],[-56.40226,-34.84208],[-56.40215,-34.84216],[-56.40209,-34.8422],[-56.40196,-34.84222],[-56.40181,-34.84223],[-56.40169,-34.84221],[-56.40157,-34.84214],[-56.40146,-34.84211],[-56.40132,-34.84212],[-56.40118,-34.84215],[-56.40103,-34.84221],[-56.40089,-34.84225],[-56.40073,-34.84231],[-56.4006,-34.84235],[-56.40043,-34.84242],[-56.40028,-34.84249],[-56.40017,-34.84255],[-56.40005,-34.84264],[-56.39979,-34.84287],[-56.39968,-34.84298],[-56.3995,-34.84331],[-56.39935,-34.8436],[-56.39953,-34.84381],[-56.39934,-34.84397],[-56.39885,-34.84398],[-56.39789,-34.84361],[-56.39698,-34.84352],[-56.39669,-34.84352],[-56.39657,-34.84352],[-56.39639,-34.84353],[-56.39625,-34.84354],[-56.39615,-34.84358],[-56.39617,-34.84363],[-56.39621,-34.84366],[-56.39622,-34.84369],[-56.3962,-34.8437],[-56.39613,-34.84368],[-56.39605,-34.84364],[-56.39589,-34.84364],[-56.3957,-34.84367],[-56.39542,-34.8437],[-56.39519,-34.84377],[-56.39491,-34.84385],[-56.3946,-34.84394],[-56.3944,-34.84403],[-56.39415,-34.84419],[-56.39388,-34.84434],[-56.39362,-34.84447],[-56.39242,-34.84481],[-56.39135,-34.845],[-56.3906,-34.84521],[-56.38986,-34.84571],[-56.38936,-34.84605],[-56.38912,-34.8464],[-56.38904,-34.84661],[-56.38906,-34.84704],[-56.38928,-34.84816],[-56.38891,-34.84933],[-56.38828,-34.85012],[-56.38733,-34.85031],[-56.38695,-34.85053],[-56.38683,-34.85082],[-56.38628,-34.85098],[-56.38589,-34.85135],[-56.3856,-34.85181],[-56.38496,-34.85169],[-56.38458,-34.85195],[-56.38412,-34.85204],[-56.38371,-34.85198],[-56.38353,-34.85195],[-56.38337,-34.85179],[-56.38323,-34.85172],[-56.38312,-34.85153],[-56.38293,-34.85147],[-56.38262,-34.85146],[-56.38234,-34.8515],[-56.38207,-34.85156],[-56.38175,-34.8517],[-56.3814,-34.8519],[-56.38111,-34.85214],[-56.3809,-34.8524],[-56.38071,-34.85265],[-56.38057,-34.85286],[-56.38061,-34.85299],[-56.38065,-34.85308],[-56.38078,-34.85314],[-56.38097,-34.85366],[-56.38132,-34.85412],[-56.38122,-34.85461],[-56.38153,-34.85515],[-56.38133,-34.85603],[-56.38097,-34.85623],[-56.38076,-34.85715],[-56.38035,-34.85721],[-56.38019,-34.8574],[-56.37985,-34.85751],[-56.37945,-34.85786],[-56.37896,-34.85783],[-56.37816,-34.85768],[-56.3772,-34.85769],[-56.37674,-34.85788],[-56.37645,-34.85817],[-56.37614,-34.85835],[-56.37599,-34.85847],[-56.37592,-34.85867],[-56.3759,-34.85876],[-56.37591,-34.85885],[-56.37606,-34.85897],[-56.376,-34.85909],[-56.37605,-34.85927],[-56.37637,-34.85938],[-56.37703,-34.85994],[-56.37697,-34.86048],[-56.37624,-34.86096],[-56.3756,-34.86125],[-56.37466,-34.86148],[-56.3744,-34.86189],[-56.37383,-34.86218],[-56.37236,-34.86219],[-56.36986,-34.86245],[-56.3671,-34.86296],[-56.36662,-34.86353],[-56.36668,-34.86401],[-56.36734,-34.86426],[-56.36776,-34.86478],[-56.36745,-34.86525],[-56.36671,-34.86528],[-56.366,-34.8651],[-56.36529,-34.86543],[-56.36486,-34.86602],[-56.36417,-34.86616],[-56.36339,-34.86604],[-56.36324,-34.86575],[-56.36301,-34.86549],[-56.36253,-34.86532],[-56.36204,-34.86532],[-56.36172,-34.86549],[-56.36158,-34.86603],[-56.36109,-34.86644],[-56.36036,-34.86665],[-56.35968,-34.86679],[-56.35873,-34.86692],[-56.35798,-34.86682],[-56.35738,-34.86668],[-56.35686,-34.86644],[-56.35653,-34.86614],[-56.35631,-34.86599],[-56.35611,-34.86598],[-56.35593,-34.86597],[-56.35562,-34.86608],[-56.35533,-34.86631],[-56.35492,-34.86663],[-56.35465,-34.86699],[-56.35451,-34.8672],[-56.35447,-34.86728],[-56.35435,-34.86753],[-56.35465,-34.86757],[-56.35492,-34.86761],[-56.35502,-34.86772],[-56.35525,-34.86794],[-56.35538,-34.86819],[-56.3556,-34.86828],[-56.35569,-34.86844],[-56.35576,-34.86878],[-56.35547,-34.86886],[-56.35557,-34.86897],[-56.35567,-34.86902],[-56.35566,-34.86913],[-56.35539,-34.86939],[-56.35523,-34.86959],[-56.35502,-34.86967],[-56.3549,-34.86959],[-56.35485,-34.86948],[-56.35474,-34.8693],[-56.35466,-34.86918],[-56.35455,-34.86913],[-56.35449,-34.86896],[-56.35442,-34.86889],[-56.3543,-34.8688],[-56.35423,-34.86878],[-56.35415,-34.86883],[-56.35398,-34.86886],[-56.35381,-34.8688],[-56.35377,-34.86904],[-56.35228,-34.8708],[-56.35205,-34.87071],[-56.3519,-34.87063],[-56.35199,-34.87051],[-56.35216,-34.87053],[-56.35236,-34.87044],[-56.35361,-34.86902],[-56.35366,-34.86885],[-56.35358,-34.86873],[-56.35339,-34.86858],[-56.35297,-34.86855],[-56.35269,-34.86915],[-56.35243,-34.8691],[-56.35241,-34.86883],[-56.35262,-34.86819],[-56.3523,-34.86813],[-56.35202,-34.86897],[-56.35172,-34.86901],[-56.35218,-34.86748],[-56.35176,-34.86673],[-56.3517,-34.86652],[-56.35146,-34.8664],[-56.35114,-34.86645],[-56.3509,-34.8667],[-56.35073,-34.86698],[-56.35064,-34.86739],[-56.35038,-34.86762],[-56.35009,-34.86783],[-56.35041,-34.86802],[-56.34964,-34.86834],[-56.34903,-34.86828],[-56.34861,-34.86816],[-56.34837,-34.86835],[-56.34846,-34.8687],[-56.34831,-34.8692],[-56.34797,-34.86973],[-56.34737,-34.86983],[-56.34697,-34.86971],[-56.3467,-34.86997],[-56.34619,-34.87023],[-56.34666,-34.87035],[-56.34651,-34.87068],[-56.3458,-34.87075],[-56.34524,-34.87058],[-56.34498,-34.87075],[-56.34455,-34.87079],[-56.34443,-34.87056],[-56.34412,-34.8704],[-56.34337,-34.87005],[-56.34301,-34.86982],[-56.34256,-34.86984],[-56.34227,-34.8701],[-56.34176,-34.8701],[-56.34152,-34.87024],[-56.34133,-34.87024],[-56.34113,-34.87023],[-56.34062,-34.8704],[-56.34006,-34.87073],[-56.33982,-34.87106],[-56.33986,-34.87118],[-56.34,-34.87163],[-56.34031,-34.87201],[-56.33975,-34.87232],[-56.33939,-34.87196],[-56.33913,-34.87209],[-56.3391,-34.87241],[-56.33913,-34.87281],[-56.33889,-34.87284],[-56.33876,-34.87276],[-56.33859,-34.87283],[-56.33846,-34.87292],[-56.33849,-34.873],[-56.33848,-34.87306],[-56.33831,-34.87316],[-56.33811,-34.87314],[-56.33765,-34.87307],[-56.33743,-34.87315],[-56.33727,-34.87324],[-56.33727,-34.87337],[-56.33727,-34.87362],[-56.33711,-34.8738],[-56.33692,-34.87395],[-56.33678,-34.87408],[-56.3365,-34.87422],[-56.33605,-34.87456],[-56.33535,-34.87513],[-56.33512,-34.8754],[-56.33488,-34.87582],[-56.33498,-34.8762],[-56.33474,-34.8764],[-56.33491,-34.87666],[-56.33463,-34.87689],[-56.33448,-34.87711],[-56.33461,-34.87733],[-56.33448,-34.87754],[-56.33427,-34.87789],[-56.33429,-34.87823],[-56.33413,-34.87874],[-56.33288,-34.87976],[-56.33271,-34.88079],[-56.33177,-34.88104],[-56.33177,-34.88206],[-56.33239,-34.88207],[-56.33175,-34.88361],[-56.33258,-34.88402],[-56.33309,-34.88455],[-56.33342,-34.88504],[-56.3336,-34.88619],[-56.33209,-34.88685],[-56.3314,-34.88746],[-56.33098,-34.88787],[-56.33104,-34.88912],[-56.33169,-34.89029],[-56.33078,-34.89063],[-56.32803,-34.89052],[-56.32549,-34.89143],[-56.32471,-34.89197],[-56.32439,-34.89227],[-56.32451,-34.89269],[-56.32419,-34.89333],[-56.3224,-34.89391],[-56.32135,-34.894],[-56.32019,-34.89469],[-56.31939,-34.89532],[-56.31918,-34.89613],[-56.31777,-34.89706],[-56.31641,-34.89752],[-56.31556,-34.89945],[-56.3148,-34.90108],[-56.31466,-34.90112],[-56.3146,-34.90118],[-56.31439,-34.90113],[-56.31429,-34.90118],[-56.31431,-34.90131],[-56.31422,-34.90139],[-56.31414,-34.90141],[-56.31403,-34.90147],[-56.31395,-34.90152],[-56.3139,-34.90159],[-56.31388,-34.90167],[-56.31386,-34.90176],[-56.31386,-34.90192],[-56.31394,-34.9021],[-56.31412,-34.90217],[-56.31436,-34.9021],[-56.31451,-34.90208],[-56.31466,-34.90208],[-56.31483,-34.90214],[-56.31494,-34.90222],[-56.31502,-34.90242],[-56.31517,-34.90247],[-56.31524,-34.90271],[-56.31538,-34.90291],[-56.3154,-34.90318],[-56.31558,-34.90363],[-56.3156,-34.90402],[-56.31569,-34.90427],[-56.31594,-34.90451],[-56.31573,-34.90483],[-56.31554,-34.90471],[-56.31545,-34.90485],[-56.31509,-34.90473],[-56.31473,-34.90466],[-56.31457,-34.90479],[-56.31416,-34.90475],[-56.3137,-34.90472],[-56.31347,-34.90487],[-56.31318,-34.90478],[-56.31295,-34.90501],[-56.31279,-34.90503],[-56.31279,-34.90513],[-56.31263,-34.90514],[-56.31257,-34.90529],[-56.3124,-34.90531],[-56.31236,-34.90538],[-56.31238,-34.90546],[-56.3122,-34.90546],[-56.3121,-34.90552],[-56.31201,-34.90561],[-56.31194,-34.90552],[-56.31198,-34.90544],[-56.31179,-34.9054],[-56.3115,-34.9053],[-56.31113,-34.90532],[-56.31101,-34.90517],[-56.31107,-34.90512],[-56.31118,-34.90517],[-56.31135,-34.90513],[-56.31134,-34.90498],[-56.31123,-34.9046],[-56.31109,-34.90424],[-56.31105,-34.90412],[-56.31119,-34.90398],[-56.31114,-34.90383],[-56.311,-34.90387],[-56.31078,-34.90351],[-56.31069,-34.90323],[-56.31058,-34.90324],[-56.31056,-34.90345],[-56.31048,-34.90362],[-56.31038,-34.90364],[-56.31032,-34.90353],[-56.31023,-34.90359],[-56.31013,-34.90359],[-56.3101,-34.90366],[-56.31003,-34.90371],[-56.30982,-34.90374],[-56.30952,-34.90371],[-56.30918,-34.90357],[-56.30909,-34.9033],[-56.30895,-34.90315],[-56.30877,-34.90302],[-56.30872,-34.90281],[-56.30853,-34.90255],[-56.30844,-34.90237],[-56.30873,-34.90221],[-56.30869,-34.90199],[-56.30874,-34.90193],[-56.30892,-34.90189],[-56.30908,-34.90163],[-56.30988,-34.90135],[-56.30992,-34.90144],[-56.31028,-34.90143],[-56.31037,-34.90127],[-56.31043,-34.90125],[-56.31046,-34.90126],[-56.31098,-34.90116],[-56.3114,-34.90105],[-56.31143,-34.901],[-56.31145,-34.9009],[-56.31147,-34.90078],[-56.31146,-34.90066],[-56.31144,-34.90059],[-56.31142,-34.90056],[-56.31141,-34.9005],[-56.3114,-34.90046],[-56.31139,-34.90042],[-56.31135,-34.90033],[-56.3113,-34.90025],[-56.31097,-34.89993],[-56.31078,-34.89995],[-56.31062,-34.89979],[-56.31052,-34.89982],[-56.31028,-34.89968],[-56.31032,-34.89949],[-56.31006,-34.89933],[-56.31009,-34.89918],[-56.31018,-34.89917],[-56.31031,-34.89906],[-56.31029,-34.89887],[-56.31023,-34.89875],[-56.3102,-34.89856],[-56.31001,-34.89827],[-56.30965,-34.89801],[-56.30962,-34.89789],[-56.30955,-34.89784],[-56.30954,-34.89778],[-56.30964,-34.89781],[-56.30967,-34.89773],[-56.30963,-34.89767],[-56.30955,-34.8976],[-56.30964,-34.89756],[-56.30958,-34.8975],[-56.30957,-34.89745],[-56.30968,-34.89742],[-56.30967,-34.89733],[-56.30967,-34.89731],[-56.30962,-34.89722],[-56.3095,-34.89711],[-56.30937,-34.89703],[-56.30919,-34.89697],[-56.30898,-34.8969],[-56.30877,-34.89686],[-56.30851,-34.89684],[-56.30829,-34.89683],[-56.3081,-34.89686],[-56.30791,-34.89694],[-56.30788,-34.8971],[-56.30769,-34.89698],[-56.30768,-34.89713],[-56.30754,-34.89715],[-56.30758,-34.89727],[-56.30744,-34.89729],[-56.30751,-34.89738],[-56.30745,-34.89752],[-56.30731,-34.89751],[-56.30711,-34.89737],[-56.30695,-34.89739],[-56.30668,-34.89726],[-56.30612,-34.89685],[-56.30595,-34.89669],[-56.30592,-34.89649],[-56.30591,-34.89628],[-56.3059,-34.89621],[-56.30589,-34.89615],[-56.30574,-34.89604],[-56.30556,-34.8959],[-56.30532,-34.89565],[-56.30509,-34.89547],[-56.30483,-34.89531],[-56.30454,-34.89513],[-56.3042,-34.89495],[-56.30393,-34.89471],[-56.30363,-34.89453],[-56.30325,-34.89438],[-56.30294,-34.89421],[-56.30266,-34.89408],[-56.30236,-34.89393],[-56.30205,-34.89379],[-56.30172,-34.89365],[-56.30144,-34.89358],[-56.30116,-34.89351],[-56.30089,-34.89349],[-56.30072,-34.89349],[-56.30051,-34.89343],[-56.30037,-34.89342],[-56.30015,-34.89345],[-56.30005,-34.89345],[-56.29991,-34.89346],[-56.29981,-34.89342],[-56.29971,-34.89341],[-56.29962,-34.89338],[-56.29947,-34.89333],[-56.29939,-34.89335],[-56.29919,-34.89339],[-56.29901,-34.89344],[-56.29867,-34.89348],[-56.2983,-34.89358],[-56.29808,-34.89364],[-56.29791,-34.89362],[-56.29778,-34.89358],[-56.29766,-34.89348],[-56.29748,-34.89346],[-56.29736,-34.89341],[-56.29727,-34.89332],[-56.29717,-34.89323],[-56.29702,-34.89319],[-56.29689,-34.89316],[-56.29666,-34.89315],[-56.2964,-34.89317],[-56.29618,-34.89323],[-56.296,-34.89325],[-56.29577,-34.89327],[-56.29544,-34.89338],[-56.29523,-34.89344],[-56.2944,-34.89439],[-56.29367,-34.89479],[-56.29324,-34.89497],[-56.29321,-34.89522],[-56.29324,-34.89562],[-56.29293,-34.896],[-56.29235,-34.89603],[-56.29153,-34.89577],[-56.29119,-34.8956],[-56.29118,-34.89553],[-56.29117,-34.89516],[-56.29114,-34.89508],[-56.29108,-34.89491],[-56.29101,-34.89476],[-56.29087,-34.89458],[-56.29064,-34.89432],[-56.29049,-34.89428],[-56.29029,-34.89428],[-56.29001,-34.89429],[-56.28995,-34.8943],[-56.28989,-34.89435],[-56.28983,-34.8945],[-56.2897,-34.89473],[-56.28948,-34.89488],[-56.28956,-34.89496],[-56.28947,-34.89503],[-56.28934,-34.89495],[-56.28929,-34.895],[-56.28933,-34.89507],[-56.28923,-34.89511],[-56.2891,-34.89505],[-56.28893,-34.89532],[-56.28905,-34.89548],[-56.28907,-34.89556],[-56.28898,-34.89561],[-56.28896,-34.89566],[-56.28903,-34.89569],[-56.289,-34.89583],[-56.2888,-34.89588],[-56.28866,-34.8959],[-56.28848,-34.89594],[-56.28837,-34.89603],[-56.28825,-34.89618],[-56.28811,-34.89615],[-56.28804,-34.89614],[-56.28798,-34.89619],[-56.28792,-34.89635],[-56.28786,-34.89655],[-56.28771,-34.89655],[-56.28762,-34.89663],[-56.2875,-34.89673],[-56.28758,-34.89687],[-56.28751,-34.89705],[-56.28759,-34.89725],[-56.28802,-34.89757],[-56.2883,-34.89758],[-56.28846,-34.8977],[-56.28868,-34.89766],[-56.2888,-34.89771],[-56.28886,-34.89798],[-56.28934,-34.89824],[-56.2895,-34.89836],[-56.28948,-34.8986],[-56.2896,-34.89879],[-56.28968,-34.89894],[-56.28967,-34.89913],[-56.28969,-34.89923],[-56.28946,-34.89936],[-56.28931,-34.8995],[-56.28917,-34.89968],[-56.28895,-34.89967],[-56.28868,-34.89974],[-56.28836,-34.89985],[-56.28762,-34.89991],[-56.28749,-34.8998],[-56.28719,-34.89998],[-56.28705,-34.8999],[-56.28658,-34.90007],[-56.28622,-34.9001],[-56.2858,-34.90004],[-56.28533,-34.89991],[-56.28508,-34.90008],[-56.28482,-34.90018],[-56.28451,-34.90008],[-56.28428,-34.89985],[-56.28442,-34.89958],[-56.28467,-34.89946],[-56.28501,-34.8993],[-56.28499,-34.89919],[-56.28472,-34.8991],[-56.28492,-34.89897],[-56.2851,-34.899],[-56.28545,-34.89857],[-56.28566,-34.89834],[-56.28586,-34.89819],[-56.28598,-34.89802],[-56.28598,-34.89791],[-56.28589,-34.89781],[-56.28572,-34.8976],[-56.28568,-34.89742],[-56.28574,-34.89736],[-56.28586,-34.89707],[-56.28602,-34.89682],[-56.28606,-34.89665],[-56.28599,-34.89654],[-56.2858,-34.89656],[-56.28561,-34.8965],[-56.28506,-34.89647],[-56.28477,-34.89641],[-56.28458,-34.89634],[-56.28449,-34.89639],[-56.28407,-34.89618],[-56.28398,-34.89612],[-56.28389,-34.89615],[-56.28393,-34.8963],[-56.28383,-34.89632],[-56.28358,-34.89607],[-56.28349,-34.89585],[-56.2836,-34.89561],[-56.28373,-34.8954],[-56.28375,-34.89516],[-56.28367,-34.89505],[-56.28342,-34.89488],[-56.28319,-34.89477],[-56.28281,-34.89473],[-56.28254,-34.89477],[-56.2823,-34.89486],[-56.28218,-34.89486],[-56.28209,-34.89482],[-56.28205,-34.89475],[-56.28202,-34.89467],[-56.28192,-34.89463],[-56.28178,-34.89461],[-56.28163,-34.8946],[-56.2815,-34.8946],[-56.28145,-34.89463],[-56.28145,-34.89467],[-56.28154,-34.89472],[-56.28162,-34.89476],[-56.28161,-34.89481],[-56.28158,-34.89481],[-56.28091,-34.89487],[-56.28034,-34.89499],[-56.28001,-34.89572],[-56.27945,-34.8961],[-56.27917,-34.89615],[-56.27898,-34.89618],[-56.27887,-34.89619],[-56.2787,-34.89612],[-56.27864,-34.89606],[-56.27859,-34.89602],[-56.27849,-34.89604],[-56.27842,-34.89616],[-56.27838,-34.8963],[-56.27826,-34.89643],[-56.27793,-34.89665],[-56.27772,-34.89681],[-56.27757,-34.89693],[-56.27734,-34.89702],[-56.27719,-34.89723],[-56.27712,-34.8974],[-56.27716,-34.89757],[-56.27725,-34.89782],[-56.2772,-34.89794],[-56.27708,-34.89797],[-56.27703,-34.89804],[-56.27701,-34.89819],[-56.27704,-34.8983],[-56.27749,-34.89873],[-56.27771,-34.89896],[-56.27832,-34.89965],[-56.27907,-34.89917],[-56.27913,-34.89924],[-56.27804,-34.90004],[-56.27796,-34.90026],[-56.27786,-34.90055],[-56.27748,-34.90077],[-56.27748,-34.90095],[-56.27725,-34.90125],[-56.27677,-34.90143],[-56.27636,-34.90143],[-56.27619,-34.90176],[-56.27582,-34.90216],[-56.27522,-34.90197],[-56.27422,-34.90168],[-56.27416,-34.90102],[-56.27417,-34.90055],[-56.27385,-34.90004],[-56.27338,-34.89967],[-56.27314,-34.89893],[-56.27289,-34.89866],[-56.27268,-34.89843],[-56.27206,-34.89804],[-56.27061,-34.89806],[-56.26961,-34.89839],[-56.26891,-34.89876],[-56.26831,-34.89933],[-56.26814,-34.89969],[-56.26889,-34.89993],[-56.26919,-34.9003],[-56.26901,-34.90096],[-56.26832,-34.90128],[-56.26761,-34.90175],[-56.2666,-34.90205],[-56.26509,-34.90254],[-56.2638,-34.90245],[-56.26286,-34.90257],[-56.26232,-34.90282],[-56.26161,-34.90294],[-56.26133,-34.90326],[-56.26083,-34.90366],[-56.26029,-34.90368],[-56.26001,-34.90416],[-56.25998,-34.90451],[-56.26006,-34.90466],[-56.26013,-34.90469],[-56.26023,-34.90472],[-56.2604,-34.9047],[-56.26045,-34.90473],[-56.26049,-34.90478],[-56.2606,-34.90477],[-56.26074,-34.90478],[-56.26066,-34.90602],[-56.25888,-34.90625],[-56.25756,-34.90578],[-56.25637,-34.90615],[-56.2563,-34.906],[-56.25642,-34.90596],[-56.25645,-34.90602],[-56.25742,-34.90571],[-56.25734,-34.90567],[-56.25742,-34.90562],[-56.25739,-34.90552],[-56.25724,-34.90553],[-56.25705,-34.90554],[-56.25691,-34.90559],[-56.25679,-34.90549],[-56.25673,-34.90537],[-56.25667,-34.90507],[-56.25567,-34.90493],[-56.25568,-34.90484],[-56.25639,-34.90492],[-56.25654,-34.90482],[-56.25658,-34.90469],[-56.25661,-34.90449],[-56.2566,-34.90444],[-56.25656,-34.90441],[-56.25621,-34.90436],[-56.2562,-34.9043],[-56.25641,-34.90433],[-56.25659,-34.90436],[-56.2567,-34.90436],[-56.25681,-34.90429],[-56.25691,-34.90424],[-56.25705,-34.9037],[-56.25701,-34.90365],[-56.25658,-34.90361],[-56.25621,-34.90332],[-56.25629,-34.90326],[-56.25662,-34.90351],[-56.25734,-34.90359],[-56.25755,-34.9036],[-56.25777,-34.90302],[-56.25773,-34.903],[-56.2575,-34.90303],[-56.25703,-34.90313],[-56.25701,-34.90307],[-56.25751,-34.90296],[-56.25757,-34.90287],[-56.25741,-34.90281],[-56.25725,-34.90282],[-56.25725,-34.90276],[-56.25733,-34.90275],[-56.2574,-34.90276],[-56.25747,-34.90267],[-56.25724,-34.90257],[-56.25796,-34.9016],[-56.25808,-34.90145],[-56.25809,-34.90134],[-56.25812,-34.90121],[-56.25817,-34.90111],[-56.25816,-34.901],[-56.25818,-34.90093],[-56.25818,-34.90079],[-56.25815,-34.90068],[-56.2581,-34.90054],[-56.25808,-34.90042],[-56.2581,-34.90033],[-56.25823,-34.90021],[-56.25838,-34.90017],[-56.25848,-34.90017],[-56.25852,-34.90013],[-56.25852,-34.90007],[-56.2585,-34.89997],[-56.25844,-34.89987],[-56.25839,-34.89978],[-56.25832,-34.89963],[-56.25823,-34.89952],[-56.25802,-34.89939],[-56.25793,-34.89938],[-56.25777,-34.89943],[-56.25762,-34.89947],[-56.25759,-34.89948],[-56.25757,-34.89948],[-56.25755,-34.89948],[-56.25752,-34.89947],[-56.25749,-34.89946],[-56.25746,-34.89946],[-56.25744,-34.89946],[-56.25743,-34.89946],[-56.25739,-34.89949],[-56.25737,-34.89948],[-56.25735,-34.89947],[-56.25733,-34.89946],[-56.25734,-34.89945],[-56.25737,-34.89943],[-56.2574,-34.89941],[-56.25741,-34.8994],[-56.2574,-34.89939],[-56.25736,-34.89939],[-56.25732,-34.89937],[-56.25727,-34.89938],[-56.25724,-34.89938],[-56.25719,-34.89937],[-56.25718,-34.89935],[-56.25715,-34.89932],[-56.25708,-34.89931],[-56.25705,-34.89931],[-56.25703,-34.89933],[-56.25702,-34.89934],[-56.257,-34.89934],[-56.25698,-34.89936],[-56.25696,-34.89935],[-56.25693,-34.89935],[-56.25691,-34.89934],[-56.25686,-34.89933],[-56.25683,-34.89934],[-56.2568,-34.89935],[-56.25677,-34.89935],[-56.25676,-34.89935],[-56.25674,-34.89935],[-56.25668,-34.89935],[-56.25666,-34.89935],[-56.25663,-34.89937],[-56.25662,-34.89936],[-56.25659,-34.89936],[-56.25655,-34.89936],[-56.25651,-34.89936],[-56.2565,-34.89937],[-56.25648,-34.89937],[-56.25646,-34.89937],[-56.25643,-34.89937],[-56.25641,-34.89939],[-56.25638,-34.89937],[-56.25637,-34.89936],[-56.25637,-34.89934],[-56.2564,-34.89933],[-56.25641,-34.89932],[-56.2564,-34.89927],[-56.25648,-34.89923],[-56.25657,-34.89918],[-56.25661,-34.89915],[-56.25661,-34.89913],[-56.25656,-34.89914],[-56.25649,-34.89914],[-56.25645,-34.89915],[-56.25638,-34.89917],[-56.25633,-34.89918],[-56.2563,-34.8992],[-56.2563,-34.89922],[-56.25629,-34.89924],[-56.25628,-34.89926],[-56.25629,-34.89928],[-56.2563,-34.89932],[-56.2563,-34.89934],[-56.2563,-34.89936],[-56.25622,-34.89938],[-56.25617,-34.89939],[-56.25615,-34.89938],[-56.2561,-34.89937],[-56.25606,-34.89938],[-56.25605,-34.89939],[-56.25607,-34.89941],[-56.25611,-34.89943],[-56.25612,-34.89945],[-56.2561,-34.89947],[-56.25605,-34.89949],[-56.25604,-34.89951],[-56.25603,-34.89952],[-56.25603,-34.89954],[-56.25602,-34.89955],[-56.25599,-34.89956],[-56.25593,-34.89954],[-56.25586,-34.89949],[-56.25586,-34.89948],[-56.25584,-34.89947],[-56.25584,-34.89944],[-56.25587,-34.89943],[-56.2559,-34.89943],[-56.25596,-34.89941],[-56.256,-34.8994],[-56.25602,-34.89938],[-56.256,-34.89937],[-56.25596,-34.89937],[-56.25587,-34.89938],[-56.25579,-34.8994],[-56.25573,-34.89943],[-56.25568,-34.89943],[-56.25562,-34.89939],[-56.25558,-34.89934],[-56.25557,-34.8993],[-56.25562,-34.89927],[-56.25565,-34.89925],[-56.2557,-34.89924],[-56.25574,-34.89924],[-56.25576,-34.89923],[-56.25573,-34.8992],[-56.25571,-34.89917],[-56.25573,-34.89914],[-56.25577,-34.89914],[-56.2558,-34.89913],[-56.25584,-34.89911],[-56.25587,-34.89908],[-56.25584,-34.89906],[-56.25578,-34.89906],[-56.25573,-34.89908],[-56.25568,-34.8991],[-56.25564,-34.89914],[-56.2556,-34.89916],[-56.25556,-34.8992],[-56.25552,-34.89921],[-56.25549,-34.89922],[-56.25543,-34.89924],[-56.25536,-34.89925],[-56.25528,-34.89923],[-56.25519,-34.89921],[-56.2551,-34.89915],[-56.25508,-34.89911],[-56.25505,-34.89904],[-56.25508,-34.89895],[-56.25513,-34.89895],[-56.25518,-34.89895],[-56.25528,-34.89893],[-56.2553,-34.89891],[-56.25533,-34.8989],[-56.25535,-34.8989],[-56.25537,-34.89887],[-56.25538,-34.89885],[-56.25537,-34.89885],[-56.25535,-34.89886],[-56.25531,-34.89885],[-56.25528,-34.89883],[-56.25523,-34.89884],[-56.25515,-34.89882],[-56.25513,-34.8988],[-56.25512,-34.89877],[-56.25516,-34.89874],[-56.25523,-34.89874],[-56.25527,-34.89873],[-56.25524,-34.89872],[-56.25519,-34.89872],[-56.25514,-34.89872],[-56.25515,-34.89867],[-56.25517,-34.89861],[-56.2552,-34.89858],[-56.25523,-34.89858],[-56.25528,-34.89858],[-56.25529,-34.8986],[-56.25532,-34.89861],[-56.25535,-34.89862],[-56.25539,-34.89863],[-56.25542,-34.89863],[-56.25543,-34.89861],[-56.25543,-34.89859],[-56.25542,-34.89856],[-56.2554,-34.89856],[-56.25535,-34.89854],[-56.25532,-34.89852],[-56.25529,-34.89849],[-56.25524,-34.89848],[-56.25519,-34.89846],[-56.25513,-34.89842],[-56.25509,-34.89839],[-56.25511,-34.89835],[-56.25514,-34.89832],[-56.25521,-34.89828],[-56.25527,-34.89825],[-56.25533,-34.89823],[-56.25538,-34.8982],[-56.25544,-34.89818],[-56.2555,-34.89816],[-56.25556,-34.89813],[-56.25561,-34.89808],[-56.25559,-34.89804],[-56.25555,-34.89802],[-56.25549,-34.89803],[-56.25544,-34.89804],[-56.25538,-34.89806],[-56.25532,-34.89806],[-56.25524,-34.89805],[-56.25517,-34.89806],[-56.25512,-34.8981],[-56.25506,-34.89812],[-56.255,-34.89811],[-56.25496,-34.89813],[-56.25489,-34.89813],[-56.25486,-34.89806],[-56.25492,-34.898],[-56.25493,-34.898],[-56.25492,-34.89792],[-56.25489,-34.89792],[-56.25483,-34.89793],[-56.25478,-34.89792],[-56.25476,-34.89788],[-56.25479,-34.89784],[-56.25481,-34.89782],[-56.2548,-34.89779],[-56.25478,-34.89779],[-56.25475,-34.89779],[-56.25473,-34.89781],[-56.25471,-34.89783],[-56.2547,-34.89783],[-56.25467,-34.89782],[-56.25464,-34.89781],[-56.25462,-34.89781],[-56.25459,-34.8978],[-56.25457,-34.89778],[-56.25458,-34.89775],[-56.2546,-34.89772],[-56.25464,-34.8977],[-56.25466,-34.89768],[-56.25462,-34.89766],[-56.25458,-34.89767],[-56.25455,-34.89766],[-56.25451,-34.89763],[-56.2545,-34.89763],[-56.25441,-34.89738],[-56.25431,-34.89724],[-56.25404,-34.89706],[-56.25341,-34.89683],[-56.25279,-34.89668],[-56.25076,-34.89624],[-56.24971,-34.89594],[-56.24947,-34.89594],[-56.24937,-34.89599],[-56.24938,-34.89606],[-56.24934,-34.89612],[-56.24924,-34.89617],[-56.24911,-34.89616],[-56.24893,-34.89618],[-56.24888,-34.89609],[-56.24878,-34.89603],[-56.2487,-34.89602],[-56.24861,-34.89607],[-56.24856,-34.89611],[-56.24845,-34.89611],[-56.24837,-34.89612],[-56.24814,-34.89605],[-56.24788,-34.89599],[-56.24781,-34.89595],[-56.24778,-34.89589],[-56.24769,-34.89587],[-56.2476,-34.8959],[-56.24749,-34.89591],[-56.24746,-34.89599],[-56.24763,-34.89612],[-56.24774,-34.89614],[-56.24775,-34.89617],[-56.24773,-34.89622],[-56.24766,-34.89627],[-56.24751,-34.89617],[-56.2473,-34.8962],[-56.24714,-34.89622],[-56.24695,-34.8962],[-56.24669,-34.89616],[-56.24626,-34.89602],[-56.24592,-34.89578],[-56.2456,-34.89567],[-56.24537,-34.89565],[-56.24519,-34.89573],[-56.24511,-34.89591],[-56.24501,-34.89609],[-56.24493,-34.89611],[-56.24486,-34.89612],[-56.24472,-34.89608],[-56.24491,-34.89564],[-56.2446,-34.89534],[-56.24436,-34.89451],[-56.24437,-34.89434],[-56.2443,-34.8943],[-56.24431,-34.89421],[-56.24451,-34.89418],[-56.24467,-34.89338],[-56.24447,-34.89235],[-56.24462,-34.89208],[-56.24449,-34.89198],[-56.24468,-34.89167],[-56.24492,-34.89157],[-56.24499,-34.89132],[-56.24485,-34.89113],[-56.24485,-34.89071],[-56.24473,-34.89059],[-56.2448,-34.89018],[-56.24465,-34.89013],[-56.24465,-34.89009],[-56.24448,-34.89],[-56.24433,-34.88988],[-56.24419,-34.88982],[-56.24419,-34.88979],[-56.24437,-34.88942],[-56.24435,-34.88923],[-56.24441,-34.88917],[-56.24448,-34.88913],[-56.24461,-34.88913],[-56.24469,-34.88901],[-56.24474,-34.88894],[-56.24478,-34.8889],[-56.24481,-34.88886],[-56.24484,-34.88862],[-56.24483,-34.8885],[-56.24478,-34.88841],[-56.24475,-34.88826],[-56.24485,-34.88816],[-56.24494,-34.88783],[-56.24459,-34.88778],[-56.24459,-34.88776],[-56.24459,-34.88773],[-56.2446,-34.88771],[-56.24468,-34.88773],[-56.24471,-34.8877],[-56.24471,-34.88763],[-56.24479,-34.88763],[-56.245,-34.88725],[-56.24494,-34.8872],[-56.24494,-34.88718],[-56.24495,-34.88717],[-56.24502,-34.88715],[-56.24495,-34.88689],[-56.24442,-34.88674],[-56.24442,-34.88671],[-56.24456,-34.88669],[-56.24473,-34.88667],[-56.2448,-34.88664],[-56.24494,-34.88664],[-56.24504,-34.8866],[-56.24512,-34.88652],[-56.24522,-34.88637],[-56.24533,-34.88605],[-56.24511,-34.88602],[-56.24522,-34.88558],[-56.24518,-34.88517],[-56.24504,-34.8848],[-56.24506,-34.88461],[-56.24505,-34.88453],[-56.24498,-34.88448],[-56.24489,-34.88444],[-56.24457,-34.88435],[-56.24455,-34.88422],[-56.24475,-34.88424],[-56.2447,-34.8841],[-56.2446,-34.884],[-56.24439,-34.88388],[-56.24423,-34.88343],[-56.24374,-34.88336],[-56.24372,-34.88331],[-56.24376,-34.88326],[-56.24398,-34.88327],[-56.24398,-34.88307],[-56.24392,-34.88296],[-56.24381,-34.88288],[-56.24384,-34.88277],[-56.24401,-34.88273],[-56.24411,-34.88259],[-56.24415,-34.88238],[-56.24408,-34.88234],[-56.24416,-34.88227],[-56.24425,-34.88225],[-56.24432,-34.88225],[-56.24441,-34.88219],[-56.24449,-34.88217],[-56.24499,-34.88224],[-56.24519,-34.88221],[-56.24543,-34.88228],[-56.24558,-34.88226],[-56.24574,-34.8823],[-56.24597,-34.88228],[-56.24608,-34.88218],[-56.24626,-34.88213],[-56.24649,-34.88201],[-56.24669,-34.88188],[-56.24682,-34.88136],[-56.2473,-34.88108],[-56.24734,-34.88059],[-56.24738,-34.87995],[-56.24747,-34.87932],[-56.24759,-34.87875],[-56.24747,-34.87833],[-56.24725,-34.87784],[-56.24678,-34.87735],[-56.24627,-34.87724],[-56.24555,-34.87722],[-56.24536,-34.87707],[-56.24511,-34.87706],[-56.24498,-34.87687],[-56.24476,-34.87685],[-56.24464,-34.87669],[-56.24459,-34.87629],[-56.24443,-34.87621],[-56.24434,-34.87617],[-56.2442,-34.87609],[-56.24383,-34.87613],[-56.24369,-34.87609],[-56.24334,-34.87611],[-56.24319,-34.8762],[-56.24301,-34.87639],[-56.24268,-34.8764],[-56.24201,-34.8764],[-56.24196,-34.8764],[-56.24114,-34.87637],[-56.24081,-34.87636],[-56.24043,-34.87626],[-56.24009,-34.8763],[-56.23962,-34.87644],[-56.23922,-34.87661],[-56.23881,-34.87667],[-56.2381,-34.87692],[-56.23807,-34.87696],[-56.23799,-34.87699],[-56.23798,-34.87707],[-56.23794,-34.87738],[-56.23794,-34.8774],[-56.23716,-34.87789],[-56.23643,-34.87904],[-56.23622,-34.87933],[-56.23594,-34.87955],[-56.2337,-34.88034],[-56.23349,-34.87996],[-56.23346,-34.8799],[-56.2328,-34.87869],[-56.23182,-34.87903],[-56.23172,-34.87924],[-56.2318,-34.87937],[-56.23085,-34.87973],[-56.23078,-34.8796],[-56.23054,-34.87952],[-56.22987,-34.87977],[-56.22874,-34.87773],[-56.22827,-34.87791],[-56.22804,-34.87777],[-56.22734,-34.87632],[-56.22719,-34.87603],[-56.22709,-34.87581],[-56.22726,-34.87547],[-56.2273,-34.87524],[-56.22706,-34.87474],[-56.22665,-34.8741],[-56.22647,-34.8737],[-56.22629,-34.87328],[-56.22609,-34.873],[-56.22588,-34.87276],[-56.22566,-34.87277],[-56.22545,-34.87278],[-56.2254,-34.8728],[-56.22526,-34.87281],[-56.22504,-34.87288],[-56.2207,-34.87335],[-56.22046,-34.87349],[-56.22051,-34.87383],[-56.21896,-34.87399],[-56.21889,-34.87428],[-56.21882,-34.8743],[-56.21876,-34.8749],[-56.21914,-34.87535],[-56.21927,-34.87583],[-56.21924,-34.87603],[-56.21904,-34.87632],[-56.21938,-34.87733],[-56.21871,-34.87752],[-56.21795,-34.87551],[-56.21798,-34.87448],[-56.21787,-34.87387],[-56.2174,-34.87361],[-56.21548,-34.87391],[-56.21408,-34.87461],[-56.21214,-34.87519],[-56.2112,-34.87578],[-56.21094,-34.87621],[-56.21093,-34.87648],[-56.2107,-34.87663],[-56.21039,-34.87672],[-56.20914,-34.87742],[-56.20703,-34.87868],[-56.20614,-34.87917],[-56.20502,-34.87988],[-56.20386,-34.88078],[-56.20289,-34.88153],[-56.2023,-34.88195],[-56.20176,-34.88246],[-56.20165,-34.88287],[-56.20196,-34.8831],[-56.20212,-34.88326],[-56.20217,-34.88346],[-56.20206,-34.88364],[-56.20189,-34.88373],[-56.20167,-34.88373],[-56.20143,-34.88361],[-56.2004,-34.88291],[-56.20011,-34.88284],[-56.19995,-34.88286],[-56.19982,-34.88293],[-56.19926,-34.88347],[-56.19876,-34.884],[-56.1986,-34.88429],[-56.1985,-34.88458],[-56.19836,-34.88587],[-56.19852,-34.88583],[-56.19862,-34.88577],[-56.19872,-34.88578],[-56.19878,-34.88563],[-56.19884,-34.88565],[-56.19879,-34.88579],[-56.1989,-34.88587],[-56.19896,-34.88596],[-56.19901,-34.8861],[-56.19897,-34.8862],[-56.19889,-34.88629],[-56.19867,-34.88646],[-56.19851,-34.88658],[-56.19847,-34.8872],[-56.19838,-34.88741],[-56.19838,-34.8876],[-56.19851,-34.88769],[-56.19892,-34.88774],[-56.19965,-34.8878],[-56.20099,-34.88789],[-56.20194,-34.88793],[-56.20236,-34.88786],[-56.20256,-34.88802],[-56.20292,-34.88812],[-56.20321,-34.88834],[-56.20369,-34.88842],[-56.20393,-34.88856],[-56.20384,-34.88902],[-56.20349,-34.88982],[-56.20315,-34.89043],[-56.20269,-34.89109],[-56.20236,-34.89112],[-56.20212,-34.89118],[-56.2021,-34.89129],[-56.20189,-34.89136],[-56.20102,-34.89131],[-56.20078,-34.89127],[-56.20063,-34.89142],[-56.20055,-34.89165],[-56.2005,-34.89188],[-56.20061,-34.89199],[-56.20085,-34.89207],[-56.20096,-34.89219],[-56.20107,-34.89238],[-56.20103,-34.89268],[-56.20168,-34.8929],[-56.20167,-34.89302],[-56.1977,-34.89163],[-56.19752,-34.89345],[-56.19864,-34.89383],[-56.19857,-34.89397],[-56.1981,-34.89381],[-56.19781,-34.89432],[-56.19839,-34.89454],[-56.19743,-34.89628],[-56.19834,-34.8966],[-56.19827,-34.89674],[-56.19725,-34.89639],[-56.19717,-34.89678],[-56.19776,-34.897],[-56.19849,-34.89725],[-56.1989,-34.89653],[-56.19914,-34.89644],[-56.19923,-34.89647],[-56.19846,-34.89815],[-56.19797,-34.89913],[-56.19833,-34.89928],[-56.19832,-34.89929],[-56.19852,-34.89942],[-56.20037,-34.90006],[-56.20058,-34.89962],[-56.20263,-34.90023],[-56.20461,-34.90084],[-56.20747,-34.89904],[-56.20897,-34.89955],[-56.20898,-34.89967],[-56.20644,-34.90128],[-56.20646,-34.90143],[-56.21155,-34.90295],[-56.21419,-34.90126],[-56.2147,-34.9014],[-56.21411,-34.90262],[-56.21384,-34.9032],[-56.21315,-34.90463],[-56.21405,-34.90491],[-56.21524,-34.90414],[-56.21563,-34.90387],[-56.21703,-34.90298],[-56.21712,-34.90296],[-56.21971,-34.90431],[-56.223,-34.90596],[-56.22185,-34.9075],[-56.22051,-34.90684],[-56.21721,-34.90774],[-56.2169,-34.90824],[-56.21674,-34.90858],[-56.2175,-34.90867],[-56.21776,-34.90882],[-56.21799,-34.90896],[-56.21813,-34.90915],[-56.2181,-34.90957],[-56.21798,-34.90989],[-56.21793,-34.91004],[-56.21785,-34.91025],[-56.21766,-34.91071],[-56.21757,-34.91092],[-56.21748,-34.91112],[-56.21738,-34.91135],[-56.21728,-34.91153],[-56.22269,-34.91332],[-56.22271,-34.91329],[-56.22277,-34.9133],[-56.22285,-34.91327],[-56.22295,-34.9133],[-56.22297,-34.91333],[-56.22299,-34.91336],[-56.22299,-34.91341],[-56.22297,-34.91345],[-56.22292,-34.91348],[-56.22285,-34.91349],[-56.21693,-34.91157],[-56.21481,-34.91089],[-56.21475,-34.91095],[-56.21466,-34.91102],[-56.2144,-34.91109],[-56.21438,-34.91113],[-56.21399,-34.911],[-56.21365,-34.91089],[-56.21353,-34.91086],[-56.21339,-34.91089],[-56.21316,-34.91107],[-56.2129,-34.91125],[-56.21261,-34.91142],[-56.21231,-34.91157],[-56.21198,-34.91169],[-56.21157,-34.91182],[-56.2111,-34.91193],[-56.2107,-34.91198],[-56.2103,-34.912],[-56.20936,-34.91204],[-56.2091,-34.91189],[-56.20883,-34.91183],[-56.20857,-34.91175],[-56.20782,-34.91148],[-56.20746,-34.91153],[-56.20707,-34.91143],[-56.20674,-34.91143],[-56.20643,-34.91135],[-56.20621,-34.91115],[-56.20609,-34.91104],[-56.20602,-34.91087],[-56.20532,-34.91069],[-56.20472,-34.91054],[-56.20447,-34.91049],[-56.20414,-34.91044],[-56.20414,-34.91049],[-56.20412,-34.91049],[-56.2041,-34.91052],[-56.20406,-34.91053],[-56.20406,-34.91054],[-56.20379,-34.91054],[-56.20379,-34.91058],[-56.20373,-34.91058],[-56.20371,-34.91063],[-56.20366,-34.91067],[-56.20358,-34.91068],[-56.20351,-34.91066],[-56.20346,-34.91063],[-56.20345,-34.91057],[-56.20338,-34.91056],[-56.20338,-34.91052],[-56.20314,-34.91051],[-56.20314,-34.91049],[-56.2031,-34.91048],[-56.20309,-34.91047],[-56.20308,-34.91043],[-56.20304,-34.91043],[-56.20304,-34.91041],[-56.20281,-34.91041],[-56.20259,-34.91043],[-56.20222,-34.91049],[-56.20185,-34.91056],[-56.20068,-34.91084],[-56.20024,-34.91096],[-56.20009,-34.91104],[-56.20003,-34.91121],[-56.19993,-34.91202],[-56.19988,-34.9121],[-56.19981,-34.91215],[-56.19973,-34.91218],[-56.19964,-34.91218],[-56.19964,-34.91223],[-56.19963,-34.91229],[-56.19968,-34.91229],[-56.19968,-34.91233],[-56.19949,-34.91232],[-56.19945,-34.91235],[-56.19944,-34.91248],[-56.1996,-34.91249],[-56.19968,-34.91251],[-56.19971,-34.91254],[-56.1997,-34.91257],[-56.19968,-34.91258],[-56.19959,-34.91255],[-56.19949,-34.91253],[-56.19915,-34.91252],[-56.19905,-34.9126],[-56.1989,-34.91266],[-56.19871,-34.91266],[-56.19849,-34.91272],[-56.19808,-34.91275],[-56.1974,-34.91275],[-56.1964,-34.9127],[-56.19529,-34.91264],[-56.195,-34.91263],[-56.19461,-34.91263],[-56.1944,-34.91266],[-56.1942,-34.9127],[-56.19353,-34.91285],[-56.19282,-34.91306],[-56.19237,-34.91322],[-56.19193,-34.9134],[-56.19215,-34.91359],[-56.1921,-34.91362],[-56.19187,-34.91342],[-56.19139,-34.91365],[-56.19025,-34.9142],[-56.18945,-34.91462],[-56.18883,-34.91495],[-56.18834,-34.9152],[-56.18783,-34.9154],[-56.18727,-34.91559],[-56.18657,-34.91574],[-56.18591,-34.91581],[-56.18591,-34.91587],[-56.18591,-34.91588],[-56.18589,-34.9159],[-56.18587,-34.9159],[-56.18584,-34.91591],[-56.1858,-34.91591],[-56.1858,-34.91592],[-56.18579,-34.91594],[-56.18578,-34.91595],[-56.18576,-34.91597],[-56.18557,-34.91597],[-56.18557,-34.91601],[-56.18555,-34.91601],[-56.18548,-34.91602],[-56.18541,-34.91604],[-56.18534,-34.91606],[-56.18526,-34.91608],[-56.1852,-34.91609],[-56.18513,-34.91609],[-56.18505,-34.91608],[-56.18499,-34.91607],[-56.18491,-34.91604],[-56.18484,-34.91602],[-56.18478,-34.916],[-56.18472,-34.91599],[-56.18469,-34.91599],[-56.1847,-34.91596],[-56.18451,-34.91593],[-56.18449,-34.91592],[-56.18448,-34.91591],[-56.18447,-34.9159],[-56.18447,-34.91588],[-56.18444,-34.91588],[-56.18441,-34.91588],[-56.18439,-34.91587],[-56.18438,-34.91585],[-56.18437,-34.91584],[-56.18437,-34.91582],[-56.18437,-34.91577],[-56.18386,-34.91571],[-56.18299,-34.9155],[-56.18297,-34.91553],[-56.18245,-34.9154],[-56.18244,-34.91543],[-56.18222,-34.91537],[-56.18222,-34.91534],[-56.18116,-34.91513],[-56.18117,-34.91509],[-56.18046,-34.91497],[-56.17976,-34.91485],[-56.17974,-34.91491],[-56.17964,-34.91489],[-56.17962,-34.91495],[-56.17935,-34.91492],[-56.17933,-34.91493],[-56.17928,-34.91493],[-56.17923,-34.91495],[-56.17919,-34.91498],[-56.17918,-34.91503],[-56.17912,-34.91503],[-56.1791,-34.91508],[-56.17905,-34.91512],[-56.17891,-34.91514],[-56.17874,-34.91514],[-56.17857,-34.91508],[-56.1785,-34.91504],[-56.17848,-34.915],[-56.17848,-34.91495],[-56.17842,-34.91495],[-56.17842,-34.91489],[-56.17838,-34.91485],[-56.17833,-34.91482],[-56.17827,-34.91482],[-56.17828,-34.91468],[-56.17768,-34.91463],[-56.17768,-34.91467],[-56.17715,-34.91463],[-56.17662,-34.9146],[-56.17605,-34.91458],[-56.1755,-34.91458],[-56.1755,-34.91454],[-56.17482,-34.91454],[-56.17388,-34.91457],[-56.17388,-34.91466],[-56.17381,-34.91466],[-56.17375,-34.91469],[-56.17372,-34.91474],[-56.17372,-34.9148],[-56.17362,-34.9148],[-56.17359,-34.91495],[-56.17353,-34.91503],[-56.17345,-34.91509],[-56.17332,-34.91514],[-56.17319,-34.91517],[-56.17307,-34.91519],[-56.17295,-34.9152],[-56.17284,-34.91519],[-56.17273,-34.91518],[-56.17261,-34.91515],[-56.1725,-34.91511],[-56.17242,-34.91504],[-56.17236,-34.91495],[-56.17235,-34.91488],[-56.17225,-34.91489],[-56.17219,-34.91489],[-56.17215,-34.91489],[-56.17212,-34.91487],[-56.17206,-34.91486],[-56.17196,-34.91486],[-56.17192,-34.91482],[-56.17187,-34.91479],[-56.17166,-34.91478],[-56.17153,-34.91482],[-56.17139,-34.91491],[-56.17127,-34.91499],[-56.17109,-34.91516],[-56.17059,-34.91579],[-56.17043,-34.91606],[-56.17028,-34.91636],[-56.17017,-34.91662],[-56.17011,-34.9169],[-56.17004,-34.91716],[-56.17003,-34.91745],[-56.17001,-34.91771],[-56.17004,-34.918],[-56.17006,-34.91813],[-56.17012,-34.91826],[-56.1702,-34.9184],[-56.17031,-34.91851],[-56.17057,-34.91864],[-56.1707,-34.91837],[-56.17072,-34.91829],[-56.17075,-34.91829],[-56.17073,-34.91837],[-56.17057,-34.91871],[-56.17117,-34.91903],[-56.17114,-34.91906],[-56.1712,-34.9191],[-56.17123,-34.91915],[-56.17123,-34.91929],[-56.17122,-34.91935],[-56.17146,-34.91931],[-56.17199,-34.91944],[-56.17211,-34.91957],[-56.1723,-34.91967],[-56.17234,-34.91995],[-56.17242,-34.91996],[-56.17214,-34.92068],[-56.1717,-34.921],[-56.17171,-34.92104],[-56.17159,-34.92112],[-56.17148,-34.92111],[-56.17131,-34.92132],[-56.17122,-34.92134],[-56.17111,-34.92143],[-56.17112,-34.9216],[-56.17114,-34.92178],[-56.17116,-34.92178],[-56.17119,-34.92189],[-56.17116,-34.92189],[-56.17131,-34.92274],[-56.17161,-34.92281],[-56.17182,-34.92294],[-56.17183,-34.92317],[-56.17198,-34.92331],[-56.17201,-34.92349],[-56.1718,-34.92355],[-56.17175,-34.92362],[-56.17176,-34.92368],[-56.17178,-34.92373],[-56.17186,-34.92381],[-56.17198,-34.92402],[-56.17197,-34.92413],[-56.17213,-34.92437],[-56.17191,-34.92459],[-56.17193,-34.92466],[-56.17186,-34.92491],[-56.17175,-34.92491],[-56.17156,-34.92505],[-56.17141,-34.92513],[-56.17127,-34.92513],[-56.17118,-34.92518],[-56.1709,-34.92527],[-56.17078,-34.92536],[-56.17068,-34.92538],[-56.1703,-34.92532],[-56.16986,-34.92552],[-56.16947,-34.92546],[-56.16916,-34.92557],[-56.16881,-34.92572],[-56.16829,-34.92585],[-56.16802,-34.92599],[-56.1678,-34.92616],[-56.16741,-34.92627],[-56.16685,-34.92658],[-56.16623,-34.92678],[-56.1658,-34.92709],[-56.1656,-34.92743],[-56.1653,-34.92767],[-56.16476,-34.92781],[-56.16441,-34.92799],[-56.16432,-34.92812],[-56.16431,-34.9283],[-56.16402,-34.92856],[-56.16346,-34.92888],[-56.1628,-34.92895],[-56.16224,-34.92911],[-56.1617,-34.92944],[-56.16167,-34.92946],[-56.16168,-34.92956],[-56.16163,-34.92965],[-56.16157,-34.92976],[-56.16143,-34.92985],[-56.16134,-34.92988],[-56.16134,-34.92999],[-56.16135,-34.93009],[-56.16145,-34.93009],[-56.16166,-34.93016],[-56.16174,-34.93023],[-56.16171,-34.93032],[-56.16158,-34.93047],[-56.1615,-34.93053],[-56.16133,-34.93053],[-56.16116,-34.93041],[-56.16094,-34.93007],[-56.16079,-34.93024],[-56.16066,-34.93016],[-56.16067,-34.93021],[-56.16064,-34.93025],[-56.16062,-34.93027],[-56.16057,-34.9303],[-56.16116,-34.93059],[-56.16124,-34.93061],[-56.16131,-34.9307],[-56.16138,-34.93077],[-56.16135,-34.93084],[-56.16107,-34.93086],[-56.16099,-34.93075],[-56.16085,-34.93071],[-56.16063,-34.93076],[-56.16061,-34.93084],[-56.16034,-34.93114],[-56.16031,-34.93142],[-56.16038,-34.93151],[-56.16035,-34.93162],[-56.16029,-34.93202],[-56.16014,-34.93209],[-56.16011,-34.9322],[-56.16029,-34.93259],[-56.16087,-34.93286],[-56.16143,-34.93299],[-56.16168,-34.93291],[-56.16189,-34.93255],[-56.16189,-34.93247],[-56.16202,-34.93247],[-56.16202,-34.93254],[-56.16212,-34.93255],[-56.16224,-34.93261],[-56.16228,-34.93266],[-56.16242,-34.93267],[-56.16243,-34.93274],[-56.16229,-34.93274],[-56.16222,-34.93283],[-56.16225,-34.93298],[-56.16228,-34.9331],[-56.16224,-34.93316],[-56.16224,-34.93328],[-56.16249,-34.93327],[-56.16249,-34.93332],[-56.16286,-34.93332],[-56.16299,-34.93337],[-56.16306,-34.93338],[-56.16319,-34.93337],[-56.16329,-34.93334],[-56.16336,-34.9333],[-56.16349,-34.93315],[-56.16353,-34.93304],[-56.16359,-34.93295],[-56.16363,-34.93282],[-56.16367,-34.93271],[-56.16367,-34.93262],[-56.16373,-34.93249],[-56.16371,-34.93237],[-56.16367,-34.93228],[-56.16371,-34.93224],[-56.16379,-34.93221],[-56.16387,-34.93225],[-56.16394,-34.93232],[-56.16391,-34.93244],[-56.1639,-34.93261],[-56.16385,-34.93271],[-56.16386,-34.9328],[-56.1638,-34.93289],[-56.16379,-34.93295],[-56.16375,-34.93298],[-56.16377,-34.93307],[-56.1637,-34.93314],[-56.16369,-34.9332],[-56.16371,-34.93333],[-56.16362,-34.93342],[-56.16352,-34.93349],[-56.16289,-34.93356],[-56.16255,-34.93358],[-56.16231,-34.93358],[-56.1622,-34.93356],[-56.16202,-34.93366],[-56.16194,-34.93378],[-56.1619,-34.93391],[-56.16175,-34.93405],[-56.16167,-34.93426],[-56.16163,-34.93445],[-56.16136,-34.93456],[-56.16111,-34.93491],[-56.16117,-34.93495],[-56.16116,-34.93498],[-56.1611,-34.935],[-56.16104,-34.93502],[-56.16094,-34.93521],[-56.16094,-34.93532],[-56.16098,-34.93539],[-56.16104,-34.93544],[-56.16118,-34.93545],[-56.16125,-34.93548],[-56.16135,-34.93553],[-56.1613,-34.93556],[-56.16119,-34.93554],[-56.16111,-34.93557],[-56.16106,-34.93553],[-56.16095,-34.93562],[-56.16083,-34.93565],[-56.16072,-34.93572],[-56.16065,-34.93583],[-56.16055,-34.93587],[-56.16051,-34.93595],[-56.16044,-34.93632],[-56.16045,-34.93668],[-56.16044,-34.93727],[-56.16056,-34.93776],[-56.16056,-34.93801],[-56.16047,-34.93806],[-56.1604,-34.93804],[-56.16032,-34.93799],[-56.16027,-34.9378],[-56.16005,-34.9378],[-56.16002,-34.93786],[-56.15994,-34.93791],[-56.15983,-34.93782],[-56.15983,-34.93684],[-56.15981,-34.93571],[-56.15971,-34.93542],[-56.1595,-34.93511],[-56.15922,-34.93474],[-56.15904,-34.93449],[-56.15903,-34.93433],[-56.15872,-34.93357],[-56.15871,-34.93347],[-56.15869,-34.93344],[-56.15874,-34.93288],[-56.1587,-34.93281],[-56.15884,-34.93272],[-56.15891,-34.93238],[-56.15892,-34.93209],[-56.15886,-34.93168],[-56.15876,-34.93151],[-56.15866,-34.93146],[-56.15855,-34.93145],[-56.15861,-34.9313],[-56.15856,-34.93123],[-56.15858,-34.93117],[-56.15857,-34.93112],[-56.15852,-34.93108],[-56.15853,-34.93099],[-56.15849,-34.93087],[-56.15843,-34.93083],[-56.15848,-34.93076],[-56.15838,-34.93075],[-56.15838,-34.93063],[-56.15843,-34.93051],[-56.1585,-34.93032],[-56.15849,-34.93023],[-56.15854,-34.93012],[-56.15849,-34.92999],[-56.15839,-34.92999],[-56.15835,-34.92986],[-56.1584,-34.92975],[-56.15829,-34.92965],[-56.15841,-34.92949],[-56.15828,-34.92937],[-56.15822,-34.92924],[-56.15837,-34.92919],[-56.15841,-34.92909],[-56.15847,-34.92907],[-56.15839,-34.92887],[-56.15814,-34.92874],[-56.15809,-34.92865],[-56.15805,-34.92857],[-56.15796,-34.9285],[-56.15774,-34.92847],[-56.15783,-34.92839],[-56.15789,-34.92817],[-56.15799,-34.92805],[-56.15792,-34.92788],[-56.15778,-34.9277],[-56.15763,-34.92762],[-56.15751,-34.92756],[-56.15735,-34.9274],[-56.15719,-34.9273],[-56.15691,-34.92725],[-56.15674,-34.92728],[-56.15652,-34.92731],[-56.15638,-34.92726],[-56.15613,-34.927],[-56.15576,-34.92675],[-56.15538,-34.92649],[-56.15364,-34.92574],[-56.1533,-34.92538],[-56.15326,-34.92517],[-56.15318,-34.92507],[-56.15293,-34.925],[-56.15273,-34.92502],[-56.15245,-34.92509],[-56.1522,-34.92501],[-56.15191,-34.92489],[-56.15175,-34.92481],[-56.15152,-34.9248],[-56.15118,-34.92484],[-56.15105,-34.92475],[-56.15098,-34.92464],[-56.15116,-34.92458],[-56.15119,-34.92446],[-56.15136,-34.92444],[-56.15143,-34.92437],[-56.15151,-34.92403],[-56.15134,-34.92392],[-56.15143,-34.92374],[-56.15156,-34.92378],[-56.15162,-34.92374],[-56.1517,-34.92355],[-56.15153,-34.92337],[-56.15165,-34.92327],[-56.1516,-34.92315],[-56.15151,-34.92305],[-56.15105,-34.92268],[-56.15087,-34.92255],[-56.15073,-34.92246],[-56.15027,-34.92227],[-56.14986,-34.92225],[-56.14963,-34.92224],[-56.14955,-34.92215],[-56.14987,-34.92208],[-56.14988,-34.92204],[-56.14987,-34.92198],[-56.14983,-34.92193],[-56.14977,-34.92192],[-56.14964,-34.9219],[-56.14952,-34.92191],[-56.14949,-34.92184],[-56.14942,-34.92179],[-56.14939,-34.92171],[-56.14929,-34.92171],[-56.14916,-34.92168],[-56.14912,-34.92158],[-56.14913,-34.92148],[-56.14906,-34.9215],[-56.14897,-34.92152],[-56.14887,-34.92148],[-56.14877,-34.92157],[-56.14743,-34.92061],[-56.14732,-34.92069],[-56.14721,-34.92064],[-56.14693,-34.92061],[-56.14647,-34.92037],[-56.14588,-34.92017],[-56.14568,-34.91998],[-56.14563,-34.91989],[-56.14555,-34.91983],[-56.1455,-34.91967],[-56.14551,-34.91941],[-56.14554,-34.91931],[-56.14555,-34.9191],[-56.14562,-34.91896],[-56.14572,-34.91892],[-56.14581,-34.91892],[-56.1461,-34.91894],[-56.14625,-34.91892],[-56.14632,-34.91898],[-56.14646,-34.919],[-56.14655,-34.91908],[-56.1466,-34.919],[-56.14671,-34.91896],[-56.14682,-34.91895],[-56.1469,-34.919],[-56.14694,-34.91909],[-56.14712,-34.91904],[-56.14723,-34.91903],[-56.14742,-34.91908],[-56.14748,-34.91908],[-56.14758,-34.91922],[-56.1477,-34.91921],[-56.14781,-34.91917],[-56.1479,-34.9191],[-56.14818,-34.91864],[-56.14832,-34.91822],[-56.1484,-34.91778],[-56.14841,-34.91733],[-56.14836,-34.91687],[-56.14824,-34.9163],[-56.14804,-34.91576],[-56.14782,-34.91532],[-56.14755,-34.91485],[-56.14724,-34.91445],[-56.14682,-34.91392],[-56.14641,-34.91351],[-56.14591,-34.91301],[-56.14543,-34.91261],[-56.14484,-34.91214],[-56.14394,-34.91151],[-56.14358,-34.91132],[-56.14307,-34.91102],[-56.14249,-34.91076],[-56.14198,-34.9106],[-56.14165,-34.91051],[-56.14136,-34.91045],[-56.14107,-34.91042],[-56.14074,-34.9104],[-56.14053,-34.91039],[-56.14034,-34.91041],[-56.14019,-34.91046],[-56.14016,-34.91049],[-56.14,-34.91048],[-56.13987,-34.91057],[-56.1398,-34.91067],[-56.1398,-34.91077],[-56.1397,-34.91089],[-56.13966,-34.91101],[-56.13948,-34.91139],[-56.13941,-34.9116],[-56.13921,-34.91177],[-56.13897,-34.91191],[-56.13866,-34.91203],[-56.1383,-34.91211],[-56.13798,-34.91211],[-56.13765,-34.91207],[-56.13702,-34.91175],[-56.13658,-34.91156],[-56.13586,-34.91142],[-56.13557,-34.91144],[-56.13539,-34.91151],[-56.13513,-34.91145],[-56.13485,-34.91147],[-56.13452,-34.91149],[-56.13421,-34.91158],[-56.13393,-34.91169],[-56.13381,-34.91175],[-56.13375,-34.91184],[-56.13288,-34.9122],[-56.13227,-34.91217],[-56.13185,-34.91215],[-56.13181,-34.91206],[-56.13171,-34.91178],[-56.13155,-34.91166],[-56.13014,-34.91124],[-56.12984,-34.91002],[-56.12772,-34.90919],[-56.12768,-34.90916],[-56.12766,-34.90912],[-56.12768,-34.90905],[-56.12777,-34.90903],[-56.12784,-34.90905],[-56.12791,-34.90911],[-56.12821,-34.90923],[-56.12827,-34.90913],[-56.12867,-34.90929],[-56.12862,-34.90939],[-56.12967,-34.9098],[-56.12984,-34.90988],[-56.13008,-34.90954],[-56.1315,-34.90958],[-56.1315,-34.90968],[-56.13175,-34.90968],[-56.1318,-34.90974],[-56.13197,-34.90977],[-56.13205,-34.90987],[-56.13226,-34.90978],[-56.13237,-34.90964],[-56.13233,-34.90949],[-56.13213,-34.90944],[-56.13214,-34.90932],[-56.13228,-34.90913],[-56.13243,-34.90917],[-56.13282,-34.90909],[-56.13301,-34.90905],[-56.13313,-34.90889],[-56.13313,-34.90857],[-56.1331,-34.90842],[-56.13296,-34.90841],[-56.13278,-34.90835],[-56.13274,-34.90808],[-56.13267,-34.90779],[-56.13259,-34.90747],[-56.13244,-34.90733],[-56.13244,-34.90726],[-56.13254,-34.90712],[-56.13257,-34.90707],[-56.13257,-34.907],[-56.13249,-34.90688],[-56.13232,-34.90683],[-56.13207,-34.90621],[-56.13196,-34.90609],[-56.13189,-34.90592],[-56.13188,-34.90563],[-56.13175,-34.90548],[-56.13158,-34.90531],[-56.13141,-34.90515],[-56.13126,-34.90508],[-56.13092,-34.90498],[-56.13084,-34.90504],[-56.13078,-34.90507],[-56.13053,-34.90517],[-56.1304,-34.90521],[-56.12993,-34.9053],[-56.12979,-34.90539],[-56.12885,-34.90584],[-56.12802,-34.90601],[-56.12728,-34.90604],[-56.12653,-34.90595],[-56.12582,-34.90584],[-56.12521,-34.90564],[-56.12467,-34.90533],[-56.12389,-34.90486],[-56.12329,-34.90443],[-56.123,-34.904],[-56.12283,-34.90362],[-56.12283,-34.90337],[-56.12275,-34.90318],[-56.12292,-34.90291],[-56.123,-34.90276],[-56.12317,-34.90246],[-56.12319,-34.90241],[-56.12323,-34.90199],[-56.12294,-34.90139],[-56.12229,-34.90073],[-56.12161,-34.90018],[-56.12102,-34.8997],[-56.12019,-34.89923],[-56.11921,-34.89866],[-56.11838,-34.89838],[-56.11767,-34.89815],[-56.11682,-34.89804],[-56.11601,-34.89794],[-56.11586,-34.89801],[-56.11559,-34.89813],[-56.11549,-34.89805],[-56.11537,-34.89801],[-56.11506,-34.89806],[-56.11484,-34.89814],[-56.11458,-34.89832],[-56.11438,-34.89847],[-56.1143,-34.89847],[-56.11415,-34.89832],[-56.11393,-34.89824],[-56.1138,-34.89833],[-56.11369,-34.89842],[-56.11375,-34.89852],[-56.11356,-34.89853],[-56.11348,-34.89845],[-56.11357,-34.89832],[-56.11348,-34.89819],[-56.1133,-34.89782],[-56.11314,-34.89787],[-56.11301,-34.89791],[-56.113,-34.89801],[-56.1128,-34.89777],[-56.11223,-34.89762],[-56.11161,-34.89747],[-56.11074,-34.89736],[-56.11069,-34.89736],[-56.10983,-34.89731],[-56.10874,-34.89726],[-56.10765,-34.89727],[-56.10669,-34.89726],[-56.10586,-34.89722],[-56.10475,-34.89727],[-56.10404,-34.89734],[-56.10336,-34.89747],[-56.10266,-34.89768],[-56.10215,-34.89792],[-56.10188,-34.89805],[-56.10158,-34.89822],[-56.10122,-34.89854],[-56.10098,-34.89894],[-56.10113,-34.89911],[-56.1013,-34.89909],[-56.10138,-34.89938],[-56.10135,-34.89948],[-56.10128,-34.89956],[-56.10115,-34.89966],[-56.10118,-34.89977],[-56.101,-34.89975],[-56.10078,-34.89968],[-56.10058,-34.89965],[-56.10041,-34.89955],[-56.10034,-34.89949],[-56.10019,-34.8993],[-56.10015,-34.89917],[-56.10002,-34.89901],[-56.10014,-34.89878],[-56.10007,-34.89854],[-56.1,-34.89825],[-56.09984,-34.89801],[-56.09953,-34.89781],[-56.09916,-34.89762],[-56.09883,-34.89746],[-56.09804,-34.89717],[-56.09775,-34.89706],[-56.09748,-34.89698],[-56.09719,-34.89709],[-56.09674,-34.89715],[-56.09607,-34.89719],[-56.09543,-34.89699],[-56.09523,-34.89692],[-56.09504,-34.89672],[-56.0943,-34.8964],[-56.09307,-34.89605],[-56.09204,-34.89575],[-56.09111,-34.89557],[-56.09106,-34.89556],[-56.09051,-34.89556],[-56.08999,-34.89569],[-56.0893,-34.89578],[-56.08881,-34.89583],[-56.08855,-34.89576],[-56.08836,-34.89565],[-56.08804,-34.89566],[-56.08767,-34.8958],[-56.08699,-34.89579],[-56.08606,-34.89574],[-56.08578,-34.89573],[-56.08533,-34.89589],[-56.08509,-34.89609],[-56.08484,-34.8963],[-56.08478,-34.89634],[-56.0845,-34.89656],[-56.08378,-34.89698],[-56.08351,-34.8974],[-56.08329,-34.89781],[-56.08305,-34.89825],[-56.0828,-34.89869],[-56.08269,-34.8993],[-56.08245,-34.89982],[-56.08237,-34.90026],[-56.0823,-34.90039],[-56.08217,-34.90048],[-56.0821,-34.90045],[-56.08199,-34.90035],[-56.08189,-34.90027],[-56.08191,-34.90016],[-56.08182,-34.90013],[-56.08171,-34.90019],[-56.08155,-34.90028],[-56.08142,-34.90025],[-56.08124,-34.90024],[-56.08105,-34.90034],[-56.08084,-34.90038],[-56.08064,-34.90034],[-56.08052,-34.90028],[-56.08047,-34.90013],[-56.08049,-34.89999],[-56.08024,-34.89971],[-56.08003,-34.89956],[-56.07987,-34.89944],[-56.07918,-34.89907],[-56.07849,-34.89865],[-56.07826,-34.89847],[-56.07789,-34.89818],[-56.07742,-34.89799],[-56.07679,-34.89788],[-56.07586,-34.8978],[-56.0748,-34.89789],[-56.07398,-34.89811],[-56.07331,-34.89832],[-56.07273,-34.89861],[-56.07239,-34.89899],[-56.07227,-34.89935],[-56.07224,-34.89946],[-56.07205,-34.89951],[-56.07199,-34.89953],[-56.07206,-34.89961],[-56.07208,-34.8997],[-56.07207,-34.89977],[-56.07196,-34.89984],[-56.0719,-34.89988],[-56.07181,-34.89993],[-56.07171,-34.89995],[-56.07167,-34.89994],[-56.07164,-34.89993],[-56.07155,-34.89992],[-56.07143,-34.89989],[-56.07138,-34.89981],[-56.07137,-34.89976],[-56.07132,-34.89972],[-56.06984,-34.89957],[-56.06976,-34.89933],[-56.06949,-34.89915],[-56.06916,-34.89908],[-56.06911,-34.89907],[-56.06875,-34.89908],[-56.06837,-34.89915],[-56.06805,-34.89933],[-56.0678,-34.89959],[-56.06782,-34.89973],[-56.06769,-34.89979],[-56.06754,-34.89977],[-56.06741,-34.89986],[-56.06716,-34.89982],[-56.06716,-34.89969],[-56.06699,-34.8996],[-56.06652,-34.89963],[-56.06655,-34.89975],[-56.06641,-34.89984],[-56.06627,-34.89987],[-56.06624,-34.89976],[-56.06642,-34.89964],[-56.06638,-34.8996],[-56.06614,-34.89957],[-56.06607,-34.89958],[-56.06608,-34.89988],[-56.06597,-34.89988],[-56.06594,-34.89966],[-56.06584,-34.89962],[-56.06558,-34.89965],[-56.06504,-34.8997],[-56.06463,-34.89966],[-56.0644,-34.89934],[-56.06431,-34.89928],[-56.06417,-34.89926],[-56.06399,-34.89924],[-56.06348,-34.89911],[-56.06321,-34.89895],[-56.06311,-34.8988],[-56.06283,-34.89872],[-56.0627,-34.89881],[-56.06257,-34.89861],[-56.06226,-34.89827],[-56.06183,-34.89782],[-56.06149,-34.89742],[-56.06123,-34.89713],[-56.06089,-34.89679],[-56.06047,-34.89642],[-56.06005,-34.89606],[-56.05946,-34.8956],[-56.05875,-34.89509],[-56.0578,-34.89442],[-56.05685,-34.89377],[-56.05527,-34.89271],[-56.05322,-34.89164],[-56.05187,-34.89094],[-56.0515,-34.89077],[-56.05032,-34.89024],[-56.04887,-34.88963],[-56.04737,-34.88898],[-56.0457,-34.88828],[-56.04373,-34.88725],[-56.04252,-34.88668],[-56.04074,-34.88588],[-56.03938,-34.88528],[-56.03832,-34.88482],[-56.03734,-34.88437],[-56.03645,-34.88404],[-56.03543,-34.88367],[-56.03405,-34.88297],[-56.03263,-34.88225],[-56.03143,-34.88173],[-56.03023,-34.88118],[-56.02976,-34.88098],[-56.02924,-34.88075],[-56.02866,-34.88054],[-56.02814,-34.88033],[-56.02782,-34.88015],[-56.02749,-34.87994],[-56.02715,-34.87985],[-56.0266,-34.87968],[-56.02607,-34.8795],[-56.02557,-34.87938],[-56.02517,-34.87923],[-56.02479,-34.87907],[-56.02442,-34.87895],[-56.02421,-34.87881],[-56.02404,-34.8787],[-56.02309,-34.87815],[-56.02264,-34.87786],[-56.0225,-34.87778],[-56.02235,-34.87768],[-56.02173,-34.87728],[-56.01846,-34.87544],[-56.01632,-34.87417],[-56.01482,-34.87327],[-56.01272,-34.87209],[-56.01247,-34.87202],[-56.01226,-34.87188],[-56.01189,-34.87163],[-56.0116,-34.87147],[-56.01131,-34.87136],[-56.01088,-34.87103],[-56.01058,-34.87089],[-56.01043,-34.87081],[-56.01027,-34.8707],[-56.0101,-34.87061],[-56.00975,-34.87043],[-56.00961,-34.87034],[-56.00947,-34.8702],[-56.00926,-34.87008],[-56.00904,-34.86999],[-56.00889,-34.86989],[-56.00865,-34.86978],[-56.00845,-34.86963],[-56.00821,-34.86949],[-56.00777,-34.86927],[-56.00755,-34.86911],[-56.00733,-34.86903],[-56.00711,-34.86891],[-56.00677,-34.86868],[-56.00637,-34.86846],[-56.00594,-34.86821],[-56.00581,-34.86817],[-56.00565,-34.86808],[-56.00475,-34.86752],[-56.00413,-34.86714],[-56.00368,-34.86689],[-56.00317,-34.8666],[-56.0027,-34.86621],[-56.00205,-34.86582],[-56.00164,-34.86554],[-56.00097,-34.86514],[-55.99994,-34.86453],[-55.99922,-34.86403],[-55.9986,-34.86362],[-55.99714,-34.86279],[-55.99311,-34.86039],[-55.99249,-34.85992],[-55.98989,-34.85851],[-55.98823,-34.85737],[-55.98674,-34.8566],[-55.98402,-34.855],[-55.98212,-34.85388],[-55.98059,-34.85298],[-55.97985,-34.8525],[-55.97837,-34.85152],[-55.97607,-34.85002],[-55.97513,-34.84946],[-55.97422,-34.84896],[-55.97217,-34.84764],[-55.9719,-34.84736],[-55.9707,-34.84662],[-55.96998,-34.84631],[-55.96941,-34.84589],[-55.96886,-34.84557],[-55.96835,-34.84529],[-55.96786,-34.845],[-55.96693,-34.84446],[-55.96593,-34.84393],[-55.96572,-34.84382],[-55.96501,-34.84345],[-55.96432,-34.84317],[-55.96354,-34.84291],[-55.96266,-34.84263],[-55.9618,-34.84232],[-55.96106,-34.84225],[-55.96031,-34.84197],[-55.9596,-34.84161],[-55.95929,-34.84137],[-55.95916,-34.84124],[-55.95899,-34.84117],[-55.95878,-34.84097],[-55.9584,-34.84059],[-55.95809,-34.84033],[-55.95763,-34.83997],[-55.95755,-34.83975],[-55.95729,-34.83961],[-55.95695,-34.83935],[-55.9566,-34.83908],[-55.95606,-34.83864],[-55.95548,-34.83818],[-55.95493,-34.83787],[-55.95467,-34.83768],[-55.95432,-34.83744],[-55.95382,-34.83723],[-55.95317,-34.83688],[-55.95239,-34.83663],[-55.95199,-34.83645],[-55.95144,-34.83632],[-55.95086,-34.83624],[-55.95032,-34.8362],[-55.94989,-34.8362],[-55.94927,-34.83623],[-55.94878,-34.83617],[-55.94822,-34.836],[-55.94784,-34.83575],[-55.94738,-34.83538],[-55.94703,-34.83506],[-55.94663,-34.83477],[-55.94596,-34.83422],[-55.94542,-34.83387],[-55.94499,-34.83372],[-55.94483,-34.83349],[-55.94462,-34.8333],[-55.94443,-34.83324],[-55.94435,-34.83311],[-55.944,-34.83294],[-55.94347,-34.83256],[-55.94306,-34.8322],[-55.94245,-34.83181],[-55.94159,-34.83131],[-55.9414,-34.8312],[-55.94103,-34.83094],[-55.94069,-34.83065],[-55.94045,-34.83058],[-55.94019,-34.83038],[-55.94006,-34.83026],[-55.93924,-34.82974],[-55.93822,-34.82905],[-55.93694,-34.82829],[-55.93585,-34.82762],[-55.93244,-34.82575],[-55.92987,-34.82432],[-55.91972,-34.81868],[-55.91693,-34.81724],[-55.91397,-34.81566],[-55.91032,-34.81386],[-55.90493,-34.81106],[-55.90068,-34.80907],[-55.8973,-34.80739],[-55.89143,-34.80461],[-55.88699,-34.80264],[-55.88402,-34.80137],[-55.88271,-34.8008],[-55.88178,-34.80044],[-55.88032,-34.79983],[-55.87871,-34.79925],[-55.87663,-34.79857],[-55.8751,-34.79806],[-55.8734,-34.79755],[-55.87159,-34.79718],[-55.86997,-34.79673],[-55.86838,-34.79635],[-55.86769,-34.79615],[-55.86691,-34.79603],[-55.8655,-34.79597],[-55.86496,-34.79585],[-55.86454,-34.79584],[-55.86366,-34.79603],[-55.86217,-34.79624],[-55.861,-34.79641],[-55.86059,-34.79647],[-55.86026,-34.7964],[-55.85995,-34.79641],[-55.85955,-34.79639],[-55.85907,-34.79614],[-55.85826,-34.79598],[-55.85739,-34.79576],[-55.85559,-34.79509],[-55.85411,-34.7944],[-55.85321,-34.79387],[-55.85213,-34.79337],[-55.85047,-34.7926],[-55.84789,-34.7914],[-55.84634,-34.79068],[-55.84517,-34.79018],[-55.84421,-34.78978],[-55.84213,-34.7889],[-55.84018,-34.78808],[-55.83712,-34.78683],[-55.83394,-34.78554],[-55.83297,-34.78523],[-55.83077,-34.78433],[-55.82928,-34.78373],[-55.82726,-34.78301],[-55.82339,-34.7815],[-55.82108,-34.78069],[-55.81954,-34.78021],[-55.81908,-34.78003],[-55.81864,-34.77992],[-55.81794,-34.7797],[-55.81755,-34.77956],[-55.81708,-34.77938],[-55.81641,-34.77913],[-55.81594,-34.77907],[-55.81543,-34.77888],[-55.81506,-34.77876],[-55.81458,-34.77858],[-55.81386,-34.7784],[-55.8133,-34.77815],[-55.81269,-34.77796],[-55.81196,-34.77769],[-55.8113,-34.77745],[-55.81043,-34.77725],[-55.80976,-34.77704],[-55.80898,-34.77674],[-55.8082,-34.77652],[-55.80767,-34.77635],[-55.80689,-34.7761],[-55.80599,-34.77586],[-55.80512,-34.77564],[-55.80413,-34.77537],[-55.80298,-34.77502],[-55.80192,-34.77468],[-55.80073,-34.77437],[-55.79996,-34.77419],[-55.79916,-34.77397],[-55.79812,-34.77373],[-55.7971,-34.7735],[-55.7964,-34.77332],[-55.79566,-34.7731],[-55.79501,-34.77294],[-55.79433,-34.77281],[-55.79356,-34.7726],[-55.79296,-34.77247],[-55.79268,-34.77244],[-55.7918,-34.77224],[-55.79109,-34.77208],[-55.79041,-34.77196],[-55.78967,-34.77182],[-55.78886,-34.77165],[-55.78815,-34.77153],[-55.78763,-34.77148],[-55.78697,-34.77142],[-55.78636,-34.77132],[-55.78578,-34.77126],[-55.78523,-34.77121],[-55.78464,-34.77114],[-55.78408,-34.7711],[-55.78342,-34.77111],[-55.78299,-34.7711],[-55.78255,-34.77108],[-55.78218,-34.77115],[-55.78176,-34.77127],[-55.78131,-34.77124],[-55.78041,-34.77126],[-55.78022,-34.7715],[-55.77926,-34.77151],[-55.77874,-34.77148],[-55.77827,-34.77155],[-55.77818,-34.77173],[-55.7772,-34.77166],[-55.77643,-34.77171],[-55.77624,-34.77185],[-55.77566,-34.77186],[-55.77472,-34.77188],[-55.77422,-34.77196],[-55.77347,-34.7722],[-55.77314,-34.77223],[-55.77248,-34.77233],[-55.77201,-34.77244],[-55.77166,-34.77255],[-55.77149,-34.77274],[-55.77129,-34.7729],[-55.77024,-34.7732],[-55.76983,-34.77335],[-55.76951,-34.77344],[-55.76905,-34.77369],[-55.76882,-34.77381],[-55.76845,-34.77395],[-55.76748,-34.7743],[-55.76706,-34.77446],[-55.76681,-34.77455],[-55.76643,-34.77479],[-55.76602,-34.77498],[-55.76574,-34.77516],[-55.76539,-34.77534],[-55.76511,-34.77551],[-55.76491,-34.77571],[-55.76463,-34.77587],[-55.76433,-34.77612],[-55.7641,-34.7763],[-55.76381,-34.77671],[-55.76369,-34.77704],[-55.7637,-34.77742],[-55.76366,-34.77787],[-55.76366,-34.77817],[-55.76368,-34.77846],[-55.76365,-34.77876],[-55.76361,-34.77906],[-55.76353,-34.77932],[-55.76348,-34.77968],[-55.76302,-34.78031],[-55.76302,-34.78068],[-55.76283,-34.78093],[-55.76257,-34.78121],[-55.7626,-34.78136],[-55.7622,-34.78166],[-55.76174,-34.78185],[-55.76114,-34.78195],[-55.76033,-34.78167],[-55.75919,-34.78134],[-55.75802,-34.78095],[-55.75683,-34.78063],[-55.75541,-34.78041],[-55.75459,-34.78048],[-55.75417,-34.78068],[-55.75393,-34.78093],[-55.75336,-34.78094],[-55.75303,-34.78094],[-55.75253,-34.78111],[-55.75212,-34.7813],[-55.75194,-34.78109],[-55.75146,-34.78088],[-55.75062,-34.78063],[-55.74954,-34.78015],[-55.74893,-34.77998],[-55.74761,-34.77944],[-55.74707,-34.77921],[-55.74595,-34.77877],[-55.74467,-34.77832],[-55.74303,-34.7778],[-55.7425,-34.77765],[-55.74129,-34.77719],[-55.74021,-34.77685],[-55.73975,-34.77669],[-55.7386,-34.77627],[-55.73726,-34.77577],[-55.73531,-34.77511],[-55.73383,-34.77445],[-55.73253,-34.77405],[-55.7311,-34.77348],[-55.73014,-34.77319],[-55.72816,-34.77243],[-55.72762,-34.77222],[-55.72713,-34.77198],[-55.72674,-34.77186],[-55.72637,-34.77174],[-55.72605,-34.7716],[-55.72568,-34.77144],[-55.72541,-34.77133],[-55.72511,-34.77119],[-55.72482,-34.7711],[-55.72461,-34.77105],[-55.72434,-34.77091],[-55.7241,-34.77075],[-55.72368,-34.77062],[-55.72331,-34.7705],[-55.7229,-34.77037],[-55.72246,-34.7702],[-55.72211,-34.77],[-55.72155,-34.76986],[-55.72096,-34.76968],[-55.72043,-34.76953],[-55.71968,-34.76929],[-55.71891,-34.76906],[-55.71833,-34.76889],[-55.7177,-34.76864],[-55.71726,-34.76847],[-55.7169,-34.76834],[-55.71662,-34.76827],[-55.71609,-34.76812],[-55.71548,-34.76799],[-55.71499,-34.76803],[-55.71386,-34.76779],[-55.71255,-34.7674],[-55.71043,-34.76681],[-55.70975,-34.76678],[-55.70925,-34.76672],[-55.70861,-34.76661],[-55.70803,-34.76652],[-55.70753,-34.76637],[-55.70697,-34.76625],[-55.70663,-34.76625],[-55.70627,-34.76616],[-55.70567,-34.76612],[-55.70468,-34.76582],[-55.70389,-34.76554],[-55.70344,-34.76538],[-55.70206,-34.76485],[-55.70052,-34.76455],[-55.69991,-34.76423],[-55.69934,-34.76398],[-55.69883,-34.76386],[-55.69841,-34.76374],[-55.69803,-34.76358],[-55.69703,-34.76332],[-55.69622,-34.76331],[-55.69523,-34.76303],[-55.69451,-34.7629],[-55.69374,-34.7628],[-55.6932,-34.76268],[-55.69248,-34.76259],[-55.69127,-34.76241],[-55.6904,-34.76238],[-55.69001,-34.7623],[-55.6893,-34.76224],[-55.68886,-34.76224],[-55.68841,-34.76218],[-55.68802,-34.76206],[-55.68747,-34.76194],[-55.68717,-34.76194],[-55.68679,-34.76196],[-55.68648,-34.76189],[-55.68607,-34.76191],[-55.68575,-34.76191],[-55.68524,-34.76178],[-55.68478,-34.76177],[-55.68448,-34.76185],[-55.68447,-34.76212],[-55.68366,-34.76202],[-55.68314,-34.76198],[-55.68271,-34.76197],[-55.6826,-34.76202],[-55.68232,-34.76208],[-55.68217,-34.7621],[-55.68217,-34.76211],[-55.68206,-34.76213],[-55.68211,-34.76238],[-55.68155,-34.76232],[-55.68104,-34.76227],[-55.68057,-34.76224],[-55.68041,-34.76224],[-55.68043,-34.76242],[-55.67986,-34.76245],[-55.67943,-34.76248],[-55.67918,-34.76251],[-55.67901,-34.76252],[-55.67873,-34.76258],[-55.67859,-34.76265],[-55.67808,-34.76267],[-55.67751,-34.76264],[-55.67704,-34.76263],[-55.67647,-34.76266],[-55.67574,-34.76268],[-55.67523,-34.76272],[-55.67484,-34.76277],[-55.67477,-34.76277],[-55.67476,-34.76278],[-55.67461,-34.76281],[-55.67464,-34.76292],[-55.67416,-34.76303],[-55.67351,-34.7631],[-55.67273,-34.7632],[-55.67199,-34.76342],[-55.67162,-34.76363],[-55.67124,-34.76384],[-55.67095,-34.76397],[-55.67073,-34.76408],[-55.67031,-34.76422],[-55.67008,-34.76432],[-55.67017,-34.76445],[-55.67006,-34.76455],[-55.66919,-34.76492],[-55.66887,-34.76515],[-55.66824,-34.7654],[-55.66756,-34.76558],[-55.6668,-34.76579],[-55.66553,-34.76627],[-55.66449,-34.76663],[-55.66417,-34.76682],[-55.6632,-34.76725],[-55.66284,-34.76755],[-55.66256,-34.76779],[-55.66234,-34.76788],[-55.66188,-34.76814],[-55.66154,-34.76835],[-55.66096,-34.76865],[-55.6605,-34.76894],[-55.66009,-34.76929],[-55.6596,-34.77002],[-55.65905,-34.77059],[-55.65849,-34.77124],[-55.65835,-34.77174],[-55.65835,-34.7728],[-55.65832,-34.77348],[-55.6581,-34.774],[-55.65778,-34.77437],[-55.65727,-34.77469],[-55.657,-34.77487],[-55.65683,-34.77502],[-55.65659,-34.77541],[-55.65638,-34.77566],[-55.65595,-34.77581],[-55.65559,-34.77592],[-55.65518,-34.77612],[-55.65451,-34.77648],[-55.65384,-34.77677],[-55.65301,-34.77732],[-55.65248,-34.77772],[-55.65184,-34.77832],[-55.6516,-34.77868],[-55.65136,-34.77891],[-55.65105,-34.77934],[-55.65058,-34.77958],[-55.65003,-34.7797],[-55.64969,-34.77968],[-55.64924,-34.77958],[-55.64868,-34.77951],[-55.64851,-34.77946],[-55.64819,-34.77929],[-55.64803,-34.7792],[-55.6468,-34.77867],[-55.6452,-34.77805],[-55.64362,-34.77753],[-55.64281,-34.77729],[-55.64227,-34.77713],[-55.64129,-34.77683],[-55.64038,-34.7766],[-55.63873,-34.77612],[-55.63738,-34.77578],[-55.6367,-34.77568],[-55.63626,-34.77551],[-55.63584,-34.77538],[-55.63514,-34.77527],[-55.63465,-34.77517],[-55.63364,-34.77498],[-55.63174,-34.77445],[-55.63038,-34.77423],[-55.62939,-34.77412],[-55.62873,-34.774],[-55.62685,-34.77356],[-55.62605,-34.77344],[-55.62553,-34.77328],[-55.62514,-34.77325],[-55.62446,-34.77322],[-55.62397,-34.77314],[-55.62332,-34.77303],[-55.62254,-34.77294],[-55.62112,-34.77284],[-55.61998,-34.7726],[-55.61922,-34.77248],[-55.61877,-34.77235],[-55.6183,-34.77237],[-55.61648,-34.77231],[-55.61549,-34.77224],[-55.61494,-34.77218],[-55.6142,-34.77212],[-55.61383,-34.77206],[-55.61353,-34.77202],[-55.61256,-34.77191],[-55.61176,-34.77188],[-55.61129,-34.77188],[-55.61066,-34.77181],[-55.60977,-34.7718],[-55.60926,-34.7718],[-55.60846,-34.7718],[-55.60772,-34.7718],[-55.6072,-34.77176],[-55.60662,-34.77172],[-55.60589,-34.77168],[-55.60493,-34.77174],[-55.60436,-34.77178],[-55.60385,-34.77187],[-55.6034,-34.77191],[-55.60306,-34.77195],[-55.60239,-34.77199],[-55.60197,-34.77199],[-55.6014,-34.77202],[-55.60125,-34.77202],[-55.60041,-34.77218],[-55.59972,-34.77227],[-55.59902,-34.77237],[-55.5985,-34.77245],[-55.59757,-34.77262],[-55.59692,-34.77275],[-55.59611,-34.77312],[-55.5957,-34.77327],[-55.59551,-34.77332],[-55.59444,-34.77372],[-55.59331,-34.77405],[-55.59229,-34.77443],[-55.5908,-34.77507],[-55.58975,-34.77555],[-55.58863,-34.77599],[-55.58748,-34.77646],[-55.58643,-34.77687],[-55.58547,-34.77722],[-55.58479,-34.77755],[-55.5845,-34.77769],[-55.58426,-34.7778],[-55.5834,-34.77815],[-55.58225,-34.77887],[-55.58155,-34.77927],[-55.58098,-34.77962],[-55.58043,-34.78038],[-55.58041,-34.78075],[-55.58038,-34.78118],[-55.58033,-34.78163],[-55.57999,-34.78192],[-55.57958,-34.78213],[-55.5792,-34.78232],[-55.57853,-34.78262],[-55.57774,-34.7829],[-55.57723,-34.78298],[-55.57615,-34.78312],[-55.57541,-34.78325],[-55.57469,-34.78339],[-55.57406,-34.78363],[-55.57309,-34.78377],[-55.57224,-34.78384],[-55.57155,-34.7839],[-55.57089,-34.7839],[-55.57035,-34.78399],[-55.56973,-34.78409],[-55.56902,-34.78426],[-55.56837,-34.78423],[-55.56785,-34.78421],[-55.56719,-34.78428],[-55.56666,-34.78427],[-55.56493,-34.78436],[-55.5648,-34.78437],[-55.56471,-34.78439],[-55.56457,-34.7844],[-55.56432,-34.78445],[-55.56419,-34.78446],[-55.5638,-34.78455],[-55.56336,-34.7846],[-55.56295,-34.78465],[-55.56257,-34.78474],[-55.56227,-34.78484],[-55.56196,-34.78499],[-55.56143,-34.78512],[-55.56066,-34.78538],[-55.56006,-34.78559],[-55.55969,-34.78573],[-55.55945,-34.78593],[-55.55923,-34.78618],[-55.55914,-34.78654],[-55.55917,-34.78671],[-55.55905,-34.78696],[-55.55885,-34.7872],[-55.55826,-34.78751],[-55.55771,-34.78775],[-55.55713,-34.78788],[-55.55661,-34.78809],[-55.55618,-34.78831],[-55.5559,-34.78847],[-55.55558,-34.78883],[-55.55547,-34.78913],[-55.55532,-34.78946],[-55.55516,-34.78972],[-55.55497,-34.7899],[-55.55472,-34.78997],[-55.55432,-34.78995],[-55.55398,-34.78989],[-55.55343,-34.78987],[-55.55264,-34.78976],[-55.55207,-34.78969],[-55.55126,-34.7896],[-55.55057,-34.78951],[-55.54947,-34.78947],[-55.54842,-34.78942],[-55.54823,-34.78941],[-55.54736,-34.7895],[-55.54666,-34.78957],[-55.5462,-34.78969],[-55.54586,-34.78978],[-55.54554,-34.79004],[-55.54524,-34.79028],[-55.54493,-34.79038],[-55.54439,-34.79046],[-55.54423,-34.79052],[-55.54399,-34.79069],[-55.54393,-34.79077],[-55.54343,-34.79095],[-55.54219,-34.79115],[-55.54121,-34.79149],[-55.54034,-34.79186],[-55.53921,-34.79217],[-55.53847,-34.79242],[-55.5376,-34.79291],[-55.53697,-34.79313],[-55.53669,-34.79353],[-55.536,-34.79392],[-55.5354,-34.79452],[-55.5351,-34.79509],[-55.53493,-34.79565],[-55.53465,-34.79624],[-55.53409,-34.79654],[-55.53316,-34.7966],[-55.53182,-34.79623],[-55.53072,-34.7961],[-55.53021,-34.79607],[-55.52983,-34.79599],[-55.52946,-34.796],[-55.52907,-34.79628],[-55.52893,-34.79638],[-55.52865,-34.79656],[-55.52852,-34.79684],[-55.52859,-34.79703],[-55.52847,-34.79722],[-55.52837,-34.79739],[-55.52838,-34.79753],[-55.52835,-34.79769],[-55.52822,-34.79778],[-55.52802,-34.79778],[-55.52781,-34.79775],[-55.52762,-34.79767],[-55.52745,-34.79764],[-55.52724,-34.7976],[-55.52709,-34.7976],[-55.5269,-34.79759],[-55.52675,-34.79759],[-55.52658,-34.79751],[-55.52637,-34.79749],[-55.52615,-34.79744],[-55.52596,-34.79734],[-55.52576,-34.79728],[-55.5256,-34.7973],[-55.52544,-34.7973],[-55.52529,-34.79723],[-55.52509,-34.79717],[-55.5249,-34.79709],[-55.52474,-34.79706],[-55.52453,-34.79708],[-55.52437,-34.79699],[-55.52411,-34.79696],[-55.52372,-34.79688],[-55.52351,-34.7969],[-55.52335,-34.79686],[-55.5232,-34.79677],[-55.52298,-34.79676],[-55.52273,-34.79671],[-55.52259,-34.79669],[-55.52246,-34.79663],[-55.52227,-34.79653],[-55.52207,-34.79652],[-55.52186,-34.79644],[-55.52166,-34.79637],[-55.52142,-34.79638],[-55.52082,-34.79619],[-55.52008,-34.79601],[-55.52003,-34.796],[-55.51925,-34.79585],[-55.51848,-34.79573],[-55.51837,-34.79564],[-55.51822,-34.79569],[-55.51804,-34.79562],[-55.51767,-34.79555],[-55.51733,-34.79549],[-55.51708,-34.79552],[-55.5167,-34.79545],[-55.51643,-34.79538],[-55.51593,-34.79528],[-55.51535,-34.79518],[-55.5148,-34.79507],[-55.51433,-34.79502],[-55.51383,-34.79497],[-55.51331,-34.79486],[-55.51291,-34.79486],[-55.5125,-34.79478],[-55.51211,-34.79471],[-55.51166,-34.79468],[-55.51129,-34.79464],[-55.51086,-34.79464],[-55.51055,-34.7946],[-55.51007,-34.79455],[-55.50988,-34.79449],[-55.50949,-34.79448],[-55.50921,-34.7944],[-55.50903,-34.79445],[-55.50862,-34.79439],[-55.50836,-34.79439],[-55.50819,-34.79431],[-55.50814,-34.79431],[-55.50756,-34.79432],[-55.50722,-34.79429],[-55.50684,-34.79431],[-55.50644,-34.79431],[-55.50605,-34.79434],[-55.50568,-34.79433],[-55.50537,-34.79433],[-55.50506,-34.7943],[-55.50481,-34.79432],[-55.50467,-34.79433],[-55.50429,-34.79431],[-55.50394,-34.79432],[-55.5036,-34.79429],[-55.50334,-34.79435],[-55.503,-34.79435],[-55.50249,-34.79448],[-55.5021,-34.79451],[-55.50161,-34.79466],[-55.50117,-34.7948],[-55.50086,-34.79482],[-55.50026,-34.7951],[-55.49944,-34.79554],[-55.49879,-34.79586],[-55.49815,-34.7963],[-55.49805,-34.79636],[-55.49786,-34.79653],[-55.49764,-34.79678],[-55.49744,-34.7972],[-55.49738,-34.7975],[-55.49738,-34.79776],[-55.49757,-34.79792],[-55.49766,-34.79811],[-55.49763,-34.79822],[-55.4976,-34.79828],[-55.49744,-34.79843],[-55.49717,-34.79849],[-55.49692,-34.79859],[-55.49661,-34.79868],[-55.49635,-34.79857],[-55.49608,-34.79856],[-55.4958,-34.79847],[-55.49559,-34.79847],[-55.49534,-34.79844],[-55.49511,-34.79844],[-55.49489,-34.7985],[-55.4947,-34.79851],[-55.49437,-34.79866],[-55.49419,-34.79878],[-55.4939,-34.79885],[-55.49351,-34.79878],[-55.49325,-34.79885],[-55.49304,-34.79888],[-55.49259,-34.79884],[-55.49229,-34.7988],[-55.49198,-34.79872],[-55.49165,-34.79859],[-55.49141,-34.7986],[-55.49102,-34.79849],[-55.49062,-34.7984],[-55.4901,-34.79831],[-55.48956,-34.79826],[-55.48921,-34.79826],[-55.48871,-34.79812],[-55.4883,-34.79807],[-55.4879,-34.79802],[-55.48753,-34.79793],[-55.48687,-34.79784],[-55.48638,-34.79772],[-55.4858,-34.79765],[-55.48512,-34.79755],[-55.48217,-34.79706],[-55.47861,-34.79651],[-55.47658,-34.79608],[-55.47632,-34.79602],[-55.47405,-34.79567],[-55.47336,-34.79554],[-55.47234,-34.79544],[-55.47181,-34.79538],[-55.47102,-34.79534],[-55.46957,-34.79531],[-55.46897,-34.79523],[-55.46788,-34.79512],[-55.46736,-34.79508],[-55.46665,-34.79505],[-55.46574,-34.79488],[-55.46433,-34.79475],[-55.46353,-34.79464],[-55.46301,-34.79452],[-55.46227,-34.79447],[-55.46218,-34.79446],[-55.46118,-34.79422],[-55.46,-34.79422],[-55.4593,-34.79418],[-55.4589,-34.79416],[-55.45784,-34.79411],[-55.45678,-34.79412],[-55.45533,-34.79398],[-55.45457,-34.79392],[-55.45397,-34.79387],[-55.45249,-34.79372],[-55.45086,-34.79354],[-55.44919,-34.7934],[-55.44842,-34.79315],[-55.44746,-34.79311],[-55.44569,-34.79282],[-55.44449,-34.79253],[-55.44306,-34.79246],[-55.44156,-34.7922],[-55.43978,-34.79199],[-55.4373,-34.79188],[-55.43725,-34.79187],[-55.43611,-34.79165],[-55.43505,-34.79166],[-55.43403,-34.79173],[-55.43299,-34.79156],[-55.43179,-34.79165],[-55.4308,-34.79177],[-55.42899,-34.79186],[-55.42812,-34.79193],[-55.42667,-34.79178],[-55.42521,-34.79137],[-55.42356,-34.79123],[-55.42175,-34.79094],[-55.42063,-34.7908],[-55.42046,-34.79078],[-55.41954,-34.79073],[-55.41866,-34.79061],[-55.41743,-34.79039],[-55.41585,-34.7904],[-55.41453,-34.79021],[-55.41239,-34.79021],[-55.41031,-34.79012],[-55.40855,-34.79028],[-55.40673,-34.79045],[-55.40605,-34.79075],[-55.40496,-34.79089],[-55.40372,-34.79099],[-55.40304,-34.79099],[-55.40248,-34.79124],[-55.40185,-34.79152],[-55.4008,-34.79155],[-55.39977,-34.79163],[-55.39871,-34.79171],[-55.39803,-34.7917],[-55.39764,-34.79175],[-55.39684,-34.79194],[-55.39601,-34.79212],[-55.39518,-34.79222],[-55.39477,-34.79234],[-55.39445,-34.79247],[-55.39389,-34.79254],[-55.39363,-34.7926],[-55.39322,-34.79276],[-55.39257,-34.79286],[-55.39176,-34.7931],[-55.39109,-34.79327],[-55.39064,-34.79344],[-55.39008,-34.79373],[-55.38949,-34.79391],[-55.38918,-34.79406],[-55.38841,-34.79436],[-55.38793,-34.79459],[-55.3873,-34.79509],[-55.38676,-34.79552],[-55.38644,-34.79574],[-55.38624,-34.79595],[-55.38582,-34.7968],[-55.38562,-34.79748],[-55.38518,-34.79825],[-55.38525,-34.79864],[-55.38549,-34.79893],[-55.38605,-34.79957],[-55.38615,-34.80012],[-55.38612,-34.80067],[-55.38578,-34.80099],[-55.38556,-34.80134],[-55.38545,-34.80173],[-55.38543,-34.80204],[-55.38524,-34.80232],[-55.38513,-34.80216],[-55.38499,-34.80209],[-55.38408,-34.80237],[-55.38368,-34.8024],[-55.38249,-34.80237],[-55.38151,-34.80249],[-55.38111,-34.80246],[-55.3807,-34.80234],[-55.37993,-34.80235],[-55.37911,-34.80222],[-55.37882,-34.80235],[-55.37861,-34.80237],[-55.37763,-34.80244],[-55.37646,-34.80246],[-55.37527,-34.80257],[-55.37445,-34.8026],[-55.37353,-34.80281],[-55.37313,-34.80292],[-55.37262,-34.80297],[-55.37161,-34.80298],[-55.37095,-34.80296],[-55.37056,-34.80304],[-55.37008,-34.80315],[-55.36942,-34.8032],[-55.36855,-34.80325],[-55.36742,-34.80335],[-55.36703,-34.80332],[-55.3664,-34.8034],[-55.36566,-34.80367],[-55.36496,-34.80391],[-55.36448,-34.80403],[-55.3642,-34.80415],[-55.36412,-34.80429],[-55.36389,-34.80437],[-55.36349,-34.80437],[-55.36306,-34.80439],[-55.36262,-34.80455],[-55.36219,-34.80486],[-55.36199,-34.80504],[-55.3617,-34.80516],[-55.36138,-34.80508],[-55.36069,-34.80511],[-55.36021,-34.80519],[-55.35965,-34.80522],[-55.35902,-34.80527],[-55.35848,-34.80545],[-55.35794,-34.80556],[-55.35754,-34.80568],[-55.35689,-34.80582],[-55.35582,-34.80595],[-55.35444,-34.80625],[-55.35084,-34.80712],[-55.34895,-34.80744],[-55.34839,-34.80754],[-55.34806,-34.80765],[-55.34657,-34.80816],[-55.34582,-34.80845],[-55.3453,-34.80872],[-55.34487,-34.809],[-55.34446,-34.80931],[-55.34384,-34.80973],[-55.34317,-34.81007],[-55.34234,-34.81028],[-55.34166,-34.81072],[-55.34102,-34.81121],[-55.34093,-34.81127],[-55.34046,-34.81158],[-55.33975,-34.81155],[-55.33894,-34.81153],[-55.33792,-34.81181],[-55.33711,-34.81239],[-55.33607,-34.81282],[-55.33558,-34.8134],[-55.3349,-34.81391],[-55.3335,-34.81452],[-55.33252,-34.81495],[-55.33205,-34.81482],[-55.33145,-34.81519],[-55.33054,-34.81577],[-55.32986,-34.8163],[-55.32936,-34.81643],[-55.329,-34.8167],[-55.32865,-34.81689],[-55.32819,-34.81717],[-55.32766,-34.81745],[-55.32716,-34.81819],[-55.3269,-34.81861],[-55.326,-34.81886],[-55.32519,-34.81955],[-55.32479,-34.81994],[-55.32421,-34.81996],[-55.32354,-34.82022],[-55.32323,-34.82069],[-55.32293,-34.82109],[-55.32231,-34.8216],[-55.32137,-34.82202],[-55.32081,-34.82236],[-55.32019,-34.82278],[-55.31985,-34.82298],[-55.31943,-34.82339],[-55.31912,-34.82371],[-55.31888,-34.8239],[-55.3186,-34.82415],[-55.31844,-34.82438],[-55.31836,-34.82471],[-55.31827,-34.82498],[-55.3181,-34.82553],[-55.31801,-34.82583],[-55.31806,-34.82609],[-55.3177,-34.82646],[-55.31766,-34.8268],[-55.31758,-34.82738],[-55.31737,-34.82779],[-55.31731,-34.82814],[-55.31667,-34.82864],[-55.31685,-34.82876],[-55.31666,-34.82894],[-55.31675,-34.82908],[-55.31649,-34.82907],[-55.31641,-34.82922],[-55.31622,-34.82917],[-55.31617,-34.82929],[-55.31596,-34.82934],[-55.31586,-34.82948],[-55.31575,-34.82947],[-55.31577,-34.82974],[-55.31565,-34.82986],[-55.31605,-34.83047],[-55.31599,-34.8306],[-55.31585,-34.8307],[-55.31578,-34.83081],[-55.31556,-34.8309],[-55.31547,-34.83092],[-55.31517,-34.83091],[-55.31504,-34.83091],[-55.31443,-34.83124],[-55.31396,-34.83159],[-55.31377,-34.83191],[-55.31384,-34.83209],[-55.31377,-34.83239],[-55.31409,-34.83263],[-55.31391,-34.83291],[-55.31338,-34.83281],[-55.31328,-34.83301],[-55.31305,-34.83296],[-55.3129,-34.83323],[-55.31243,-34.83386],[-55.31261,-34.83424],[-55.31296,-34.83424],[-55.31318,-34.83466],[-55.31304,-34.83513],[-55.31271,-34.83523],[-55.31249,-34.8354],[-55.31257,-34.83563],[-55.31209,-34.83596],[-55.31183,-34.83591],[-55.31178,-34.83609],[-55.3114,-34.83626],[-55.31126,-34.83656],[-55.31135,-34.83707],[-55.31153,-34.83731],[-55.31128,-34.83743],[-55.31114,-34.83781],[-55.31022,-34.8382],[-55.30974,-34.8384],[-55.30923,-34.83852],[-55.30815,-34.83885],[-55.30758,-34.83911],[-55.30714,-34.83941],[-55.3066,-34.8397],[-55.30569,-34.84042],[-55.30514,-34.84076],[-55.30493,-34.84096],[-55.30456,-34.84132],[-55.30389,-34.84183],[-55.30347,-34.84216],[-55.30318,-34.8425],[-55.30287,-34.84287],[-55.30265,-34.84314],[-55.30257,-34.84335],[-55.30231,-34.84365],[-55.30229,-34.84396],[-55.30276,-34.84434],[-55.30294,-34.84493],[-55.3026,-34.84613],[-55.30291,-34.84687],[-55.30356,-34.84846],[-55.30412,-34.84869],[-55.30443,-34.85005],[-55.30404,-34.85099],[-55.30437,-34.85188],[-55.30428,-34.85249],[-55.30363,-34.85279],[-55.30341,-34.85329],[-55.30305,-34.85349],[-55.30296,-34.85375],[-55.30275,-34.85403],[-55.30238,-34.85451],[-55.30221,-34.8552],[-55.30263,-34.85559],[-55.3025,-34.85571],[-55.30183,-34.85517],[-55.30152,-34.85491],[-55.30088,-34.85476],[-55.29869,-34.85513],[-55.29696,-34.85541],[-55.29637,-34.85556],[-55.29608,-34.8557],[-55.29607,-34.856],[-55.29569,-34.85601],[-55.29484,-34.85618],[-55.29326,-34.85645],[-55.29234,-34.85689],[-55.29243,-34.85705],[-55.29167,-34.85723],[-55.29077,-34.85751],[-55.29057,-34.8577],[-55.28971,-34.85799],[-55.28899,-34.85817],[-55.28876,-34.85835],[-55.28885,-34.85848],[-55.28863,-34.85862],[-55.28763,-34.85889],[-55.2871,-34.85922],[-55.2872,-34.85934],[-55.28597,-34.85974],[-55.28546,-34.86008],[-55.28555,-34.86018],[-55.28492,-34.8605],[-55.28447,-34.86073],[-55.28379,-34.86121],[-55.28368,-34.86131],[-55.28372,-34.86138],[-55.28245,-34.86196],[-55.28192,-34.86239],[-55.28142,-34.86279],[-55.28148,-34.86285],[-55.28063,-34.86344],[-55.28057,-34.86348],[-55.28064,-34.86356],[-55.27998,-34.86395],[-55.27946,-34.86438],[-55.27912,-34.86475],[-55.27924,-34.86485],[-55.27824,-34.86574],[-55.27796,-34.86614],[-55.27806,-34.8662],[-55.27738,-34.86706],[-55.27714,-34.86761],[-55.27722,-34.86765],[-55.27663,-34.86862],[-55.27632,-34.86954],[-55.27606,-34.87042],[-55.27582,-34.87118],[-55.27671,-34.87214],[-55.2768,-34.87215],[-55.2769,-34.87216],[-55.27698,-34.87221],[-55.277,-34.87227],[-55.27701,-34.87236],[-55.27716,-34.87252],[-55.27755,-34.8731],[-55.27836,-34.8741],[-55.27892,-34.87483],[-55.27998,-34.87477],[-55.28141,-34.87467],[-55.28148,-34.87471],[-55.28148,-34.87477],[-55.28145,-34.87483],[-55.27999,-34.87492],[-55.28004,-34.87534],[-55.28016,-34.87533],[-55.28022,-34.876],[-55.28006,-34.87601],[-55.28024,-34.87708],[-55.28086,-34.87733],[-55.28105,-34.87722],[-55.28119,-34.87711],[-55.28165,-34.87668],[-55.28193,-34.87643],[-55.28196,-34.87645],[-55.28215,-34.87628],[-55.28255,-34.87594],[-55.28279,-34.87571],[-55.28289,-34.87561],[-55.28291,-34.87553],[-55.28289,-34.87544],[-55.28279,-34.87522],[-55.28263,-34.87485],[-55.28252,-34.87455],[-55.28246,-34.8745],[-55.28238,-34.87441],[-55.28232,-34.8743],[-55.28236,-34.87423],[-55.28247,-34.87418],[-55.28258,-34.87419],[-55.28266,-34.87425],[-55.28272,-34.87439],[-55.28284,-34.87472],[-55.28297,-34.87501],[-55.2831,-34.87529],[-55.28315,-34.87546],[-55.28316,-34.87559],[-55.28313,-34.87571],[-55.28302,-34.87586],[-55.28279,-34.87608],[-55.28259,-34.87629],[-55.28238,-34.87652],[-55.28215,-34.87676],[-55.28193,-34.87698],[-55.28173,-34.87725],[-55.28142,-34.87741],[-55.28123,-34.87754],[-55.28102,-34.87765],[-55.28074,-34.87779],[-55.28046,-34.87793],[-55.28028,-34.87805],[-55.28021,-34.87821],[-55.28024,-34.87863],[-55.28032,-34.87929],[-55.28028,-34.87951],[-55.2802,-34.87983],[-55.28001,-34.88023],[-55.27975,-34.88046],[-55.27953,-34.88075],[-55.27941,-34.88101],[-55.27939,-34.88114],[-55.27945,-34.88131],[-55.27952,-34.88147],[-55.27963,-34.88154],[-55.27985,-34.88151],[-55.28002,-34.88155],[-55.28002,-34.88159],[-55.28004,-34.88168],[-55.27994,-34.88186],[-55.27969,-34.88207],[-55.27943,-34.8821],[-55.27924,-34.88213],[-55.27913,-34.88212],[-55.27907,-34.88229],[-55.27913,-34.88242],[-55.27925,-34.88255],[-55.27932,-34.88265],[-55.27926,-34.88295],[-55.27919,-34.88313],[-55.27917,-34.88337],[-55.27924,-34.88361],[-55.27954,-34.8838],[-55.27982,-34.88407],[-55.27992,-34.88428],[-55.28019,-34.88447],[-55.28024,-34.88464],[-55.2806,-34.88468],[-55.28077,-34.88486],[-55.28072,-34.885],[-55.28093,-34.8851],[-55.28107,-34.88538],[-55.28124,-34.88568],[-55.28136,-34.88603],[-55.28139,-34.88613],[-55.28149,-34.88626],[-55.28147,-34.88637],[-55.28129,-34.8864],[-55.28129,-34.88653],[-55.28145,-34.8867],[-55.28161,-34.88693],[-55.28166,-34.88718],[-55.28196,-34.88744],[-55.282,-34.88783],[-55.28201,-34.88838],[-55.2822,-34.88863],[-55.28237,-34.88888],[-55.28208,-34.88903],[-55.28183,-34.88911],[-55.28175,-34.88929],[-55.28174,-34.88953],[-55.28153,-34.88971],[-55.28129,-34.8897],[-55.2812,-34.88993],[-55.28106,-34.89018],[-55.28083,-34.89027],[-55.28053,-34.8903],[-55.28022,-34.89027],[-55.27983,-34.89018],[-55.27962,-34.89005],[-55.27945,-34.89002],[-55.27929,-34.89011],[-55.27922,-34.89036],[-55.27906,-34.89055],[-55.27879,-34.89042],[-55.27856,-34.89023],[-55.27822,-34.88997],[-55.27796,-34.88976],[-55.27779,-34.88946],[-55.27762,-34.88942],[-55.277,-34.88941],[-55.27637,-34.88942],[-55.27594,-34.88952],[-55.27547,-34.88953],[-55.27498,-34.88953],[-55.27464,-34.88955],[-55.2744,-34.88963],[-55.27426,-34.88973],[-55.27403,-34.88975],[-55.27386,-34.88974],[-55.27334,-34.88982],[-55.27299,-34.88988],[-55.27263,-34.88993],[-55.27239,-34.89003],[-55.27224,-34.89008],[-55.27196,-34.89014],[-55.27167,-34.89025],[-55.27138,-34.8903],[-55.27116,-34.89038],[-55.27081,-34.89061],[-55.27046,-34.89076],[-55.26997,-34.89093],[-55.2695,-34.89107],[-55.2691,-34.89117],[-55.26878,-34.89118],[-55.26863,-34.89113],[-55.26847,-34.89112],[-55.26825,-34.89119],[-55.26799,-34.89125],[-55.26779,-34.89126],[-55.26752,-34.89135],[-55.26711,-34.89158],[-55.26639,-34.89185],[-55.26565,-34.89199],[-55.26494,-34.89213],[-55.26441,-34.89225],[-55.26382,-34.89249],[-55.26312,-34.89291],[-55.2631,-34.89292],[-55.2623,-34.89328],[-55.26228,-34.8933],[-55.26223,-34.89332],[-55.26171,-34.89367],[-55.26141,-34.89387],[-55.26109,-34.8941],[-55.26083,-34.89435],[-55.26052,-34.89467],[-55.26022,-34.895],[-55.25977,-34.89542],[-55.25951,-34.89582],[-55.25912,-34.89653],[-55.25906,-34.8968],[-55.25901,-34.89703],[-55.25905,-34.89741],[-55.2595,-34.89785],[-55.25998,-34.89812],[-55.26037,-34.89844],[-55.26114,-34.89989],[-55.26112,-34.90034],[-55.26147,-34.90071],[-55.26142,-34.90109],[-55.26166,-34.90158],[-55.26147,-34.90164],[-55.26159,-34.90235],[-55.26183,-34.90275],[-55.2617,-34.90293],[-55.2619,-34.90376],[-55.26118,-34.9045],[-55.25992,-34.90451],[-55.25842,-34.90435],[-55.25772,-34.90381],[-55.25727,-34.90354],[-55.25693,-34.90319],[-55.25644,-34.903],[-55.25595,-34.90284],[-55.25579,-34.90279],[-55.25457,-34.90227],[-55.25348,-34.90193],[-55.25258,-34.90165],[-55.25051,-34.90116],[-55.24891,-34.90086],[-55.24675,-34.90069],[-55.24484,-34.90065],[-55.24302,-34.90075],[-55.24187,-34.90097],[-55.24093,-34.90136],[-55.24061,-34.90154],[-55.24027,-34.90178],[-55.24012,-34.90201],[-55.23983,-34.90248],[-55.23992,-34.90304],[-55.24,-34.90353],[-55.23966,-34.9041],[-55.23883,-34.90411],[-55.23794,-34.90435],[-55.23702,-34.90437],[-55.23627,-34.90403],[-55.23564,-34.90353],[-55.23479,-34.90312],[-55.23392,-34.90267],[-55.23312,-34.9021],[-55.23086,-34.90032],[-55.23044,-34.89988],[-55.23018,-34.89956],[-55.22995,-34.89927],[-55.22911,-34.89885],[-55.22784,-34.89842],[-55.22667,-34.89775],[-55.22583,-34.89779],[-55.22513,-34.89747],[-55.22415,-34.8968],[-55.22173,-34.89582],[-55.21593,-34.89358],[-55.20749,-34.891],[-55.20442,-34.89028],[-55.20158,-34.88938],[-55.19971,-34.88894],[-55.19857,-34.88886],[-55.19705,-34.88845],[-55.19379,-34.88753],[-55.1904,-34.88668],[-55.18991,-34.88672],[-55.189,-34.88633],[-55.18609,-34.8858],[-55.18366,-34.88518],[-55.18302,-34.88526],[-55.18007,-34.88449],[-55.17883,-34.88449],[-55.17767,-34.88413],[-55.17575,-34.88381],[-55.17382,-34.88357],[-55.17328,-34.88371],[-55.17234,-34.88344],[-55.16942,-34.88301],[-55.16731,-34.88264],[-55.16601,-34.88261],[-55.16379,-34.88232],[-55.16338,-34.88212],[-55.16232,-34.88221],[-55.16145,-34.88218],[-55.16091,-34.88199],[-55.1602,-34.8819],[-55.15855,-34.88171],[-55.15787,-34.88182],[-55.15765,-34.88174],[-55.15721,-34.88164],[-55.15695,-34.88166],[-55.15613,-34.88155],[-55.15578,-34.88142],[-55.15518,-34.88136],[-55.15487,-34.88137],[-55.15461,-34.8815],[-55.15404,-34.88135],[-55.1536,-34.88126],[-55.15321,-34.88132],[-55.15287,-34.88146],[-55.15262,-34.88142],[-55.15235,-34.88128],[-55.15205,-34.88122],[-55.15163,-34.88123],[-55.15043,-34.88097],[-55.14942,-34.88079],[-55.14864,-34.88067],[-55.14824,-34.88074],[-55.14786,-34.88077],[-55.14744,-34.88071],[-55.14709,-34.88044],[-55.14616,-34.88017],[-55.13556,-34.87969],[-55.13513,-34.87964],[-55.13475,-34.87974],[-55.13432,-34.87978],[-55.13393,-34.87971],[-55.13368,-34.87975],[-55.13334,-34.87964],[-55.13306,-34.87958],[-55.13266,-34.87952],[-55.13236,-34.87946],[-55.13194,-34.87951],[-55.13159,-34.87959],[-55.13132,-34.87963],[-55.13097,-34.87951],[-55.12782,-34.87935],[-55.12609,-34.87926],[-55.12518,-34.87919],[-55.12432,-34.87934],[-55.12329,-34.87921],[-55.1228,-34.87935],[-55.12115,-34.8791],[-55.12056,-34.87928],[-55.11524,-34.87903],[-55.11321,-34.87884],[-55.11268,-34.87894],[-55.11152,-34.87868],[-55.11004,-34.87868],[-55.10891,-34.8785],[-55.10131,-34.87815],[-55.10046,-34.87818],[-55.09843,-34.87804],[-55.09747,-34.87803],[-55.09633,-34.87809],[-55.09574,-34.87809],[-55.0954,-34.87818],[-55.09538,-34.87818],[-55.09526,-34.87818],[-55.09509,-34.87817],[-55.09488,-34.87806],[-55.09454,-34.87798],[-55.09324,-34.87787],[-55.09281,-34.87789],[-55.09252,-34.87784],[-55.09222,-34.87778],[-55.09191,-34.87783],[-55.08855,-34.87781],[-55.08826,-34.8778],[-55.08801,-34.87775],[-55.08773,-34.87778],[-55.0875,-34.87773],[-55.08724,-34.8777],[-55.08701,-34.87771],[-55.08673,-34.87777],[-55.08654,-34.87783],[-55.08637,-34.87785],[-55.08603,-34.87784],[-55.08582,-34.87785],[-55.08539,-34.8779],[-55.08513,-34.87794],[-55.08471,-34.87796],[-55.08419,-34.87789],[-55.08371,-34.87784],[-55.08327,-34.87791],[-55.0828,-34.87798],[-55.08227,-34.87797],[-55.08179,-34.87798],[-55.0814,-34.87801],[-55.08076,-34.87805],[-55.07693,-34.87817],[-55.07249,-34.8786],[-55.06878,-34.87921],[-55.06554,-34.87986],[-55.06402,-34.88018],[-55.06353,-34.8803],[-55.06277,-34.8806],[-55.06177,-34.88091],[-55.06091,-34.88108],[-55.0604,-34.88128],[-55.05594,-34.88287],[-55.05518,-34.88325],[-55.05417,-34.88359],[-55.05356,-34.8839],[-55.05287,-34.88426],[-55.05136,-34.88505],[-55.04991,-34.88592],[-55.04936,-34.88624],[-55.04762,-34.88718],[-55.04715,-34.88749],[-55.04628,-34.88797],[-55.04559,-34.88839],[-55.04526,-34.88858],[-55.04493,-34.88885],[-55.04465,-34.889],[-55.04363,-34.88974],[-55.04303,-34.89025],[-55.04267,-34.89049],[-55.04239,-34.89075],[-55.04191,-34.89134],[-55.04071,-34.89296],[-55.04062,-34.89413],[-55.0409,-34.89525],[-55.04093,-34.89731],[-55.04243,-34.89898],[-55.04323,-34.89916],[-55.04359,-34.89936],[-55.04388,-34.8997],[-55.04422,-34.90025],[-55.04478,-34.90076],[-55.04499,-34.90084],[-55.04524,-34.90141],[-55.04538,-34.90143],[-55.04579,-34.90225],[-55.04569,-34.90238],[-55.04587,-34.90308],[-55.04647,-34.90455],[-55.04648,-34.90606],[-55.04606,-34.90674],[-55.04566,-34.90779],[-55.04577,-34.90816],[-55.04543,-34.90867],[-55.0459,-34.91001],[-55.04619,-34.91067],[-55.04596,-34.91087],[-55.04624,-34.91149],[-55.04609,-34.91168],[-55.04618,-34.91188],[-55.04607,-34.91199],[-55.04636,-34.91233],[-55.04644,-34.91257],[-55.0464,-34.91288],[-55.04655,-34.91315],[-55.04656,-34.91338],[-55.04679,-34.91356],[-55.04715,-34.91413],[-55.04698,-34.91425],[-55.04735,-34.91439],[-55.04768,-34.91515],[-55.04748,-34.91522],[-55.04745,-34.91553],[-55.04752,-34.91575],[-55.04742,-34.91593],[-55.04753,-34.91614],[-55.04735,-34.91635],[-55.04736,-34.91653],[-55.04702,-34.91666],[-55.04663,-34.9168],[-55.0464,-34.91656],[-55.04615,-34.91655],[-55.04613,-34.91626],[-55.04595,-34.91612],[-55.04602,-34.91569],[-55.04611,-34.9152],[-55.04598,-34.91512],[-55.04577,-34.91521],[-55.0455,-34.9152],[-55.04525,-34.91495],[-55.04545,-34.91476],[-55.0454,-34.91466],[-55.04527,-34.91443],[-55.04498,-34.91411],[-55.04494,-34.91394],[-55.04471,-34.91391],[-55.04439,-34.91371],[-55.04435,-34.91341],[-55.04399,-34.91251],[-55.04363,-34.91236],[-55.04339,-34.91183],[-55.04349,-34.91163],[-55.04326,-34.91155],[-55.04313,-34.91164],[-55.04297,-34.91161],[-55.04288,-34.91153],[-55.04288,-34.91134],[-55.04283,-34.91121],[-55.03869,-34.91055],[-55.03443,-34.91009],[-55.03005,-34.90992],[-55.02573,-34.90979],[-55.02056,-34.91025],[-55.01972,-34.91051],[-55.01877,-34.91062],[-55.01833,-34.91069],[-55.0179,-34.91068],[-55.01697,-34.91074],[-55.01619,-34.91095],[-55.01587,-34.91108],[-55.01558,-34.91127],[-55.01541,-34.9114],[-55.01537,-34.91161],[-55.01538,-34.91173],[-55.01553,-34.91182],[-55.01548,-34.91215],[-55.01546,-34.91243],[-55.0154,-34.91264],[-55.01518,-34.91268],[-55.01503,-34.9126],[-55.01484,-34.91262],[-55.01452,-34.9126],[-55.01446,-34.91241],[-55.01432,-34.91233],[-55.01405,-34.91215],[-55.01393,-34.91202],[-55.01373,-34.91188],[-55.01361,-34.91168],[-55.01385,-34.91159],[-55.01389,-34.91137],[-55.01384,-34.91109],[-55.01361,-34.91106],[-55.0134,-34.91084],[-55.01309,-34.91072],[-55.01286,-34.91044],[-55.01261,-34.91026],[-55.01248,-34.91001],[-55.01242,-34.9099],[-55.01207,-34.90989],[-55.01059,-34.90978],[-55.00878,-34.90977],[-55.00811,-34.90982],[-55.00659,-34.90993],[-55.00417,-34.91019],[-55.00201,-34.91041],[-55.00008,-34.91076],[-54.9986,-34.91105],[-54.99731,-34.91133],[-54.99421,-34.91201],[-54.99137,-34.91283],[-54.98784,-34.9139],[-54.98636,-34.91442],[-54.98446,-34.91503],[-54.98245,-34.91577],[-54.9819,-34.91597],[-54.98125,-34.91624],[-54.98092,-34.91636],[-54.98056,-34.91654],[-54.97985,-34.91684],[-54.97903,-34.9172],[-54.97832,-34.91757],[-54.97702,-34.91817],[-54.97544,-34.91891],[-54.97303,-34.9202],[-54.97224,-34.92069],[-54.97127,-34.92134],[-54.97052,-34.92179],[-54.96978,-34.92226],[-54.96933,-34.92254],[-54.96875,-34.92299],[-54.96828,-34.92337],[-54.96764,-34.92388],[-54.96626,-34.92497],[-54.96589,-34.92532],[-54.96535,-34.92575],[-54.96496,-34.92606],[-54.96476,-34.92625],[-54.96433,-34.92666],[-54.96393,-34.92701],[-54.96357,-34.92733],[-54.96257,-34.92824],[-54.96224,-34.92859],[-54.96176,-34.92901],[-54.96114,-34.92956],[-54.96052,-34.93015],[-54.96043,-34.93027],[-54.96022,-34.93041],[-54.95965,-34.93091],[-54.95906,-34.9314],[-54.95849,-34.93187],[-54.958,-34.93224],[-54.95756,-34.93262],[-54.9571,-34.93299],[-54.95668,-34.93341],[-54.95627,-34.93366],[-54.95579,-34.93401],[-54.95548,-34.93427],[-54.95536,-34.93441],[-54.9553,-34.93448],[-54.95494,-34.93475],[-54.95454,-34.93516],[-54.95405,-34.93549],[-54.95391,-34.93571],[-54.9538,-34.9359],[-54.95356,-34.93609],[-54.95299,-34.93678],[-54.95269,-34.93709],[-54.95248,-34.93742],[-54.9519,-34.93809],[-54.95139,-34.93856],[-54.95076,-34.9392],[-54.94997,-34.93992],[-54.94913,-34.94064],[-54.9483,-34.94132],[-54.94751,-34.94207],[-54.94696,-34.94265],[-54.94636,-34.94327],[-54.94595,-34.94377],[-54.94554,-34.94427],[-54.94488,-34.9448],[-54.94426,-34.94551],[-54.94375,-34.9463],[-54.94312,-34.9472],[-54.94252,-34.94818],[-54.94202,-34.94909],[-54.94158,-34.95002],[-54.94144,-34.95091],[-54.94136,-34.95196],[-54.94133,-34.9528],[-54.94139,-34.95315],[-54.94134,-34.9534],[-54.9412,-34.95389],[-54.94109,-34.95453],[-54.94115,-34.95537],[-54.94128,-34.95601],[-54.94144,-34.95629],[-54.9416,-34.95644],[-54.94167,-34.95647],[-54.94228,-34.9567],[-54.94283,-34.95675],[-54.94337,-34.95693],[-54.9438,-34.95711],[-54.94424,-34.95718],[-54.94456,-34.95733],[-54.945,-34.9578],[-54.94538,-34.95834],[-54.94568,-34.95872],[-54.94599,-34.95905],[-54.94618,-34.95925],[-54.94632,-34.95944],[-54.94635,-34.95981],[-54.94637,-34.96012],[-54.94648,-34.96033],[-54.94655,-34.96061],[-54.94665,-34.96085],[-54.94653,-34.96102],[-54.9464,-34.96091],[-54.94629,-34.96104],[-54.94599,-34.96101],[-54.94586,-34.96109],[-54.94603,-34.96158],[-54.94625,-34.9616],[-54.9465,-34.96166],[-54.94662,-34.96175],[-54.94643,-34.9618],[-54.94651,-34.96184],[-54.9467,-34.96183],[-54.94683,-34.96201],[-54.94681,-34.96227],[-54.94667,-34.96251],[-54.94661,-34.9628],[-54.94652,-34.96298],[-54.94662,-34.96324],[-54.94703,-34.96337],[-54.94733,-34.96374],[-54.94744,-34.96373],[-54.94778,-34.96416],[-54.9479,-34.96413],[-54.94965,-34.96462],[-54.94954,-34.96398],[-54.94949,-34.96375],[-54.94948,-34.96365],[-54.94998,-34.96357],[-54.95008,-34.96357],[-54.95066,-34.96387],[-54.95106,-34.96383],[-54.95172,-34.96376],[-54.95199,-34.9624],[-54.95098,-34.95979],[-54.95111,-34.95965],[-54.95129,-34.95979],[-54.95225,-34.96229],[-54.95227,-34.96256],[-54.95211,-34.9634],[-54.95214,-34.96371],[-54.95234,-34.96398],[-54.95261,-34.96415],[-54.95302,-34.96427],[-54.95319,-34.96423],[-54.95329,-34.96419],[-54.95352,-34.96411],[-54.95375,-34.9641],[-54.95399,-34.96423],[-54.95417,-34.96442],[-54.95422,-34.96464],[-54.95417,-34.9648],[-54.95404,-34.96484],[-54.95439,-34.96535],[-54.95479,-34.96575],[-54.95487,-34.96586],[-54.95487,-34.966],[-54.9549,-34.96619],[-54.95503,-34.9663],[-54.95503,-34.96649],[-54.95517,-34.96662],[-54.95492,-34.96683],[-54.95489,-34.96702],[-54.95494,-34.96734],[-54.95496,-34.96754],[-54.95493,-34.96809],[-54.95486,-34.96901],[-54.95469,-34.96973],[-54.95463,-34.97017],[-54.95434,-34.97061],[-54.9541,-34.97112],[-54.95433,-34.97137],[-54.95431,-34.97161],[-54.95447,-34.9718],[-54.95438,-34.97204],[-54.95419,-34.97242],[-54.95402,-34.97256],[-54.95373,-34.9725],[-54.95374,-34.97273],[-54.95359,-34.97283],[-54.95334,-34.97314],[-54.95329,-34.97328],[-54.95313,-34.97326],[-54.9529,-34.97333],[-54.95293,-34.97339],[-54.9529,-34.9735],[-54.9527,-34.9735],[-54.95272,-34.97368],[-54.95267,-34.97376],[-54.95264,-34.97388],[-54.95251,-34.97378],[-54.95245,-34.97381],[-54.95245,-34.97393],[-54.95233,-34.97381],[-54.95223,-34.97384],[-54.95217,-34.97376],[-54.95203,-34.97379],[-54.95201,-34.97393],[-54.95194,-34.97388],[-54.95193,-34.97378],[-54.95186,-34.97378],[-54.95159,-34.9738],[-54.95125,-34.97364],[-54.95105,-34.97332],[-54.95114,-34.97306],[-54.95105,-34.97268],[-54.95116,-34.97236],[-54.95094,-34.972],[-54.95053,-34.97164],[-54.9502,-34.97139],[-54.94988,-34.97114],[-54.94973,-34.97071],[-54.94946,-34.97017],[-54.94915,-34.96987],[-54.9488,-34.96959],[-54.94841,-34.96908],[-54.94839,-34.96874],[-54.94795,-34.9683],[-54.94781,-34.96813],[-54.94768,-34.96798],[-54.94733,-34.96775],[-54.9469,-34.96763],[-54.94644,-34.96757],[-54.94599,-34.96757],[-54.94582,-34.96747],[-54.94524,-34.96721],[-54.94479,-34.96706],[-54.94433,-34.96692],[-54.94421,-34.96697],[-54.944,-34.96691],[-54.94371,-34.96666],[-54.94349,-34.96665],[-54.94345,-34.96647],[-54.94331,-34.96637],[-54.9434,-34.9663],[-54.94325,-34.96614],[-54.94312,-34.96613],[-54.9428,-34.96621],[-54.94273,-34.9661],[-54.94252,-34.96594],[-54.94232,-34.96586],[-54.94236,-34.96573],[-54.94223,-34.9656],[-54.94219,-34.96526],[-54.94179,-34.96483],[-54.94136,-34.9646],[-54.94101,-34.96446],[-54.94071,-34.9651],[-54.94055,-34.96515],[-54.94057,-34.96529],[-54.94037,-34.9653],[-54.94026,-34.9654],[-54.94008,-34.96545],[-54.94003,-34.96557],[-54.93991,-34.96552],[-54.93978,-34.96566],[-54.93968,-34.96556],[-54.93959,-34.96561],[-54.93949,-34.96556],[-54.93937,-34.96558],[-54.93919,-34.96548],[-54.93916,-34.96538],[-54.93926,-34.96509],[-54.93944,-34.96473],[-54.93963,-34.96456],[-54.93969,-34.96439],[-54.94013,-34.96417],[-54.94021,-34.96392],[-54.94039,-34.9637],[-54.94025,-34.96347],[-54.94015,-34.96321],[-54.93997,-34.96283],[-54.93975,-34.96237],[-54.93942,-34.96201],[-54.9391,-34.96172],[-54.93896,-34.96147],[-54.93871,-34.96144],[-54.93847,-34.96131],[-54.93825,-34.96124],[-54.93802,-34.96105],[-54.93796,-34.96082],[-54.93786,-34.96086],[-54.93769,-34.96071],[-54.9378,-34.96054],[-54.93771,-34.96032],[-54.93804,-34.96027],[-54.93791,-34.96002],[-54.93789,-34.95968],[-54.93754,-34.95936],[-54.93703,-34.9591],[-54.93642,-34.95845],[-54.9352,-34.95775],[-54.93454,-34.957],[-54.93373,-34.95663],[-54.93316,-34.95617],[-54.93223,-34.95583],[-54.93107,-34.95521],[-54.93064,-34.95517],[-54.93012,-34.95532],[-54.92999,-34.95493],[-54.92956,-34.95474],[-54.92924,-34.95419],[-54.92887,-34.95392],[-54.92886,-34.95357],[-54.92847,-34.95326],[-54.92808,-34.95287],[-54.92724,-34.95205],[-54.92655,-34.95138],[-54.92539,-34.95066],[-54.92447,-34.94986],[-54.9237,-34.94942],[-54.92334,-34.9491],[-54.92234,-34.94836],[-54.92159,-34.94783],[-54.92086,-34.94747],[-54.91972,-34.94682],[-54.9189,-34.94629],[-54.91786,-34.94572],[-54.91667,-34.94516],[-54.91568,-34.94462],[-54.91493,-34.94427],[-54.91404,-34.94373],[-54.91362,-34.94351],[-54.91242,-34.94296],[-54.91166,-34.94265],[-54.91117,-34.94221],[-54.91025,-34.94176],[-54.90899,-34.94088],[-54.90827,-34.94034],[-54.90763,-34.93997],[-54.90725,-34.93971],[-54.90654,-34.93923],[-54.90512,-34.93834],[-54.90396,-34.93761],[-54.90297,-34.93694],[-54.90175,-34.93627],[-54.90086,-34.93581],[-54.89962,-34.93523],[-54.89869,-34.93456],[-54.89754,-34.93386],[-54.89651,-34.93327],[-54.89571,-34.9327],[-54.89447,-34.93203],[-54.89347,-34.93146],[-54.89249,-34.93097],[-54.89142,-34.9304],[-54.89046,-34.92981],[-54.88891,-34.92899],[-54.88745,-34.92827],[-54.88651,-34.92775],[-54.8856,-34.92731],[-54.88487,-34.92694],[-54.88398,-34.92654],[-54.88279,-34.9261],[-54.88172,-34.9257],[-54.8807,-34.92534],[-54.87992,-34.92501],[-54.87899,-34.92465],[-54.87805,-34.92443],[-54.87715,-34.92427],[-54.87646,-34.92438],[-54.87629,-34.92472],[-54.876,-34.92504],[-54.8757,-34.92523],[-54.87562,-34.92501],[-54.87564,-34.92473],[-54.87559,-34.92438],[-54.87541,-34.92396],[-54.87483,-34.92354],[-54.87414,-34.92323],[-54.87362,-34.92276],[-54.87304,-34.92254],[-54.87254,-34.92226],[-54.87161,-34.92209],[-54.87076,-34.92183],[-54.87019,-34.92124],[-54.86888,-34.92104],[-54.86829,-34.92087],[-54.86804,-34.9206],[-54.86753,-34.92048],[-54.86677,-34.92046],[-54.86629,-34.92033],[-54.86623,-34.91987],[-54.86623,-34.91939],[-54.86442,-34.91847],[-54.86157,-34.91701],[-54.86059,-34.91679],[-54.85901,-34.91675],[-54.85823,-34.91695],[-54.85791,-34.9173],[-54.8577,-34.91757],[-54.85786,-34.91774],[-54.85767,-34.91784],[-54.85768,-34.91796],[-54.85741,-34.91801],[-54.85722,-34.91791],[-54.85693,-34.918],[-54.85682,-34.91814],[-54.85661,-34.91804],[-54.8566,-34.91788],[-54.85635,-34.91769],[-54.856,-34.91771],[-54.85589,-34.91776],[-54.85591,-34.91788],[-54.85572,-34.91794],[-54.85573,-34.91813],[-54.85555,-34.91813],[-54.85555,-34.918],[-54.85543,-34.91791],[-54.85526,-34.91783],[-54.85512,-34.91781],[-54.85506,-34.9177],[-54.85485,-34.91769],[-54.85442,-34.91789],[-54.8542,-34.91798],[-54.85423,-34.91815],[-54.85406,-34.91828],[-54.8539,-34.91831],[-54.85385,-34.91844],[-54.85367,-34.91844],[-54.85362,-34.91864],[-54.85337,-34.91867],[-54.85324,-34.91887],[-54.85306,-34.91878],[-54.85292,-34.91888],[-54.85274,-34.91887],[-54.85252,-34.91899],[-54.8523,-34.91904],[-54.85221,-34.91888],[-54.85197,-34.91896],[-54.85151,-34.91883],[-54.85102,-34.91861],[-54.8506,-34.91834],[-54.85034,-34.91809],[-54.85014,-34.91806],[-54.84983,-34.91816],[-54.84956,-34.91812],[-54.84951,-34.91799],[-54.84932,-34.91792],[-54.84937,-34.91783],[-54.84937,-34.9177],[-54.84927,-34.9176],[-54.84947,-34.91732],[-54.84938,-34.91704],[-54.84939,-34.91688],[-54.84922,-34.91652],[-54.84892,-34.91628],[-54.84852,-34.916],[-54.84811,-34.91581],[-54.84721,-34.91526],[-54.84653,-34.91487],[-54.84568,-34.91487],[-54.84488,-34.91475],[-54.84438,-34.91438],[-54.84378,-34.91334],[-54.84342,-34.91297],[-54.84253,-34.91259],[-54.84163,-34.91202],[-54.84093,-34.91143],[-54.84041,-34.91122],[-54.83924,-34.91076],[-54.83873,-34.91056],[-54.83678,-34.90972],[-54.83419,-34.90875],[-54.83308,-34.90844],[-54.83196,-34.90824],[-54.82984,-34.90766],[-54.82869,-34.90746],[-54.8281,-34.90762],[-54.82738,-34.90795],[-54.82692,-34.90818],[-54.82673,-34.90825],[-54.82649,-34.90817],[-54.82623,-34.90818],[-54.82583,-34.90837],[-54.82549,-34.90875],[-54.82508,-34.909],[-54.82465,-34.9091],[-54.82425,-34.90888],[-54.82369,-34.90847],[-54.82326,-34.90831],[-54.82227,-34.90795],[-54.8197,-34.90717],[-54.8194,-34.90715],[-54.81911,-34.90725],[-54.81865,-34.90738],[-54.81836,-34.90737],[-54.81789,-34.90726],[-54.81761,-34.90713],[-54.81739,-34.90702],[-54.81715,-34.90682],[-54.81674,-34.90661],[-54.81634,-34.90648],[-54.81521,-34.90581],[-54.81453,-34.90582],[-54.81261,-34.90506],[-54.81181,-34.90521],[-54.81068,-34.90485],[-54.80981,-34.90499],[-54.80892,-34.90476],[-54.80773,-34.90504],[-54.8071,-34.90463],[-54.8062,-34.90439],[-54.80543,-34.90399],[-54.80459,-34.90365],[-54.80384,-34.90314],[-54.80327,-34.90265],[-54.8029,-34.90233],[-54.80207,-34.90179],[-54.80076,-34.90075],[-54.80062,-34.90066],[-54.79993,-34.90023],[-54.79923,-34.89969],[-54.79818,-34.89898],[-54.79739,-34.89838],[-54.79567,-34.89741],[-54.79494,-34.89679],[-54.79341,-34.89586],[-54.79104,-34.89466],[-54.78976,-34.8939],[-54.78378,-34.89061],[-54.78266,-34.89019],[-54.78234,-34.89],[-54.7805,-34.88895],[-54.77674,-34.88712],[-54.76317,-34.8803],[-54.76245,-34.87985],[-54.7577,-34.87748],[-54.75299,-34.87482],[-54.75116,-34.87397],[-54.74931,-34.87296],[-54.74726,-34.87189],[-54.74569,-34.87117],[-54.74401,-34.87033],[-54.74238,-34.86949],[-54.74082,-34.8688],[-54.73937,-34.86812],[-54.7383,-34.86756],[-54.73775,-34.86737],[-54.73622,-34.86666],[-54.73478,-34.86605],[-54.73297,-34.86525],[-54.72954,-34.86371],[-54.72349,-34.8612],[-54.7193,-34.85936],[-54.71698,-34.85832],[-54.71478,-34.85735],[-54.71272,-34.8565],[-54.70967,-34.85519],[-54.7073,-34.85412],[-54.70527,-34.85316],[-54.70318,-34.85231],[-54.70005,-34.85102],[-54.69138,-34.84785],[-54.68361,-34.84539],[-54.68033,-34.84462],[-54.67818,-34.84427],[-54.67675,-34.84405],[-54.67552,-34.84387],[-54.67465,-34.84371],[-54.67421,-34.84358],[-54.67374,-34.84342],[-54.67366,-34.84338],[-54.6728,-34.84304],[-54.67216,-34.8429],[-54.67144,-34.84252],[-54.67008,-34.84199],[-54.66848,-34.84149],[-54.66506,-34.8403],[-54.66156,-34.83945],[-54.6593,-34.83907],[-54.65663,-34.83887],[-54.65315,-34.83908],[-54.65134,-34.83898],[-54.6494,-34.83909],[-54.64822,-34.83918],[-54.64698,-34.83938],[-54.64618,-34.83957],[-54.6453,-34.83989],[-54.64477,-34.84026],[-54.64465,-34.84061],[-54.64421,-34.84062],[-54.64395,-34.84068],[-54.64295,-34.84114],[-54.64232,-34.84159],[-54.64209,-34.84193],[-54.64198,-34.84217],[-54.64202,-34.84235],[-54.64167,-34.84242],[-54.64152,-34.84256],[-54.64133,-34.84271],[-54.64129,-34.84312],[-54.6411,-34.84339],[-54.64112,-34.84381],[-54.64115,-34.84401],[-54.64128,-34.84415],[-54.64147,-34.8442],[-54.64165,-34.84415],[-54.64179,-34.84426],[-54.64178,-34.84453],[-54.64162,-34.84456],[-54.64161,-34.84474],[-54.64177,-34.8448],[-54.64187,-34.84495],[-54.64189,-34.8451],[-54.64203,-34.84516],[-54.64196,-34.84537],[-54.64207,-34.8455],[-54.64188,-34.84577],[-54.642,-34.84598],[-54.64199,-34.84611],[-54.64188,-34.84618],[-54.64165,-34.84616],[-54.64127,-34.8462],[-54.64102,-34.84641],[-54.64063,-34.84651],[-54.64037,-34.84663],[-54.64032,-34.84689],[-54.64019,-34.8471],[-54.63998,-34.84724],[-54.63973,-34.84731],[-54.63951,-34.84715],[-54.63925,-34.84714],[-54.63896,-34.84735],[-54.63899,-34.84751],[-54.63871,-34.84755],[-54.63851,-34.84766],[-54.63831,-34.84779],[-54.63823,-34.84795],[-54.63793,-34.84784],[-54.63773,-34.84789],[-54.63678,-34.84812],[-54.63569,-34.84855],[-54.63537,-34.84847],[-54.63491,-34.84854],[-54.63519,-34.84816],[-54.63514,-34.84799],[-54.63498,-34.84794],[-54.63502,-34.84766],[-54.6349,-34.8474],[-54.63428,-34.84688],[-54.63374,-34.84662],[-54.63319,-34.84652],[-54.63273,-34.84676],[-54.63254,-34.84663],[-54.63212,-34.84667],[-54.63151,-34.84681],[-54.63158,-34.84667],[-54.63227,-34.84642],[-54.63219,-34.84629],[-54.63261,-34.84603],[-54.63261,-34.84569],[-54.63247,-34.84556],[-54.63202,-34.8455],[-54.63131,-34.84552],[-54.63129,-34.84519],[-54.63102,-34.84492],[-54.63148,-34.84477],[-54.63187,-34.84452],[-54.63246,-34.84378],[-54.63275,-34.84295],[-54.63279,-34.84196],[-54.6327,-34.84108],[-54.6322,-34.83994],[-54.63194,-34.83925],[-54.63097,-34.83754],[-54.63014,-34.83665],[-54.62955,-34.83561],[-54.62834,-34.8343],[-54.62744,-34.83326],[-54.62592,-34.83194],[-54.62412,-34.83025],[-54.62257,-34.82905],[-54.62068,-34.82778],[-54.61907,-34.8266],[-54.61774,-34.82573],[-54.61707,-34.82522],[-54.61615,-34.82494],[-54.614,-34.82374],[-54.61283,-34.82306],[-54.61237,-34.8228],[-54.61031,-34.82162],[-54.6082,-34.82085],[-54.60578,-34.81965],[-54.60181,-34.81795],[-54.59953,-34.81688],[-54.59556,-34.81503],[-54.59078,-34.8128],[-54.58984,-34.81247],[-54.58903,-34.81195],[-54.58695,-34.81126],[-54.58112,-34.80833],[-54.57619,-34.80617],[-54.57546,-34.80606],[-54.57496,-34.80576],[-54.57312,-34.80482],[-54.56613,-34.8018],[-54.5653,-34.80147],[-54.56427,-34.80105],[-54.56317,-34.80046],[-54.56215,-34.79993],[-54.56082,-34.7994],[-54.56001,-34.79891],[-54.55918,-34.79855],[-54.55303,-34.79556],[-54.55141,-34.79477],[-54.54356,-34.79122],[-54.54194,-34.79026],[-54.54015,-34.78955],[-54.53933,-34.78923],[-54.53878,-34.78889],[-54.53655,-34.78791],[-54.53361,-34.78662],[-54.53269,-34.78613],[-54.53196,-34.7858],[-54.53024,-34.78496],[-54.52651,-34.78335],[-54.52329,-34.78191],[-54.52208,-34.78156],[-54.52057,-34.78078],[-54.5187,-34.77993],[-54.5153,-34.77819],[-54.51327,-34.77712],[-54.51139,-34.77634],[-54.51044,-34.77576],[-54.50852,-34.77489],[-54.50562,-34.77412],[-54.50324,-34.77295],[-54.50156,-34.7721],[-54.49823,-34.77048],[-54.49482,-34.76894],[-54.49265,-34.76795],[-54.49104,-34.76704],[-54.48911,-34.76618],[-54.48718,-34.76538],[-54.48397,-34.76398],[-54.4825,-34.76327],[-54.48112,-34.76262],[-54.4796,-34.76186],[-54.4779,-34.761],[-54.47601,-34.76008],[-54.47286,-34.75853],[-54.47086,-34.75763],[-54.46928,-34.75676],[-54.46305,-34.75409],[-54.45905,-34.75231],[-54.45808,-34.75181],[-54.45605,-34.75087],[-54.44885,-34.74802],[-54.44623,-34.74686],[-54.44417,-34.74613],[-54.44236,-34.74538],[-54.43886,-34.744],[-54.42599,-34.73919],[-54.41909,-34.73668],[-54.40506,-34.7322],[-54.4039,-34.73189],[-54.40193,-34.7309],[-54.40066,-34.73062],[-54.39723,-34.72927],[-54.39578,-34.72864],[-54.39378,-34.72816],[-54.3924,-34.72726],[-54.39126,-34.72691],[-54.38934,-34.72621],[-54.3866,-34.7253],[-54.3837,-34.72423],[-54.38168,-34.7236],[-54.3779,-34.72217],[-54.37623,-34.72164],[-54.37425,-34.72082],[-54.37206,-34.71958],[-54.37026,-34.71919],[-54.36798,-34.71805],[-54.36099,-34.71486],[-54.35587,-34.71334],[-54.35152,-34.71147],[-54.34983,-34.71081],[-54.34877,-34.71042],[-54.34743,-34.70989],[-54.34495,-34.70914],[-54.34276,-34.70801],[-54.34081,-34.70724],[-54.33894,-34.70666],[-54.3372,-34.70613],[-54.33552,-34.70526],[-54.33211,-34.7037],[-54.32913,-34.70272],[-54.32636,-34.70154],[-54.31287,-34.69678],[-54.30889,-34.69523],[-54.30496,-34.69345],[-54.29704,-34.69062],[-54.28988,-34.68796],[-54.28616,-34.6868],[-54.2823,-34.68594],[-54.27859,-34.68492],[-54.27561,-34.68405],[-54.27301,-34.68292],[-54.27227,-34.68315],[-54.27155,-34.68322],[-54.26694,-34.68096],[-54.26066,-34.67877],[-54.24796,-34.67424],[-54.2259,-34.66735],[-54.22276,-34.6661],[-54.22076,-34.66582],[-54.21654,-34.66457],[-54.21341,-34.66367],[-54.20089,-34.66153],[-54.19934,-34.66119],[-54.19843,-34.66102],[-54.19763,-34.66092],[-54.19696,-34.66083],[-54.19622,-34.66092],[-54.19546,-34.66098],[-54.19416,-34.66069],[-54.1933,-34.66072],[-54.19234,-34.66062],[-54.19103,-34.6606],[-54.18947,-34.6606],[-54.18829,-34.66054],[-54.18708,-34.66063],[-54.18591,-34.66079],[-54.18477,-34.661],[-54.18404,-34.66139],[-54.18331,-34.66179],[-54.18285,-34.66188],[-54.18222,-34.66185],[-54.18132,-34.6618],[-54.18063,-34.66178],[-54.17987,-34.66183],[-54.17903,-34.66182],[-54.17818,-34.66187],[-54.17718,-34.66203],[-54.17649,-34.66232],[-54.17595,-34.66264],[-54.17601,-34.66307],[-54.17588,-34.66347],[-54.17549,-34.66375],[-54.17469,-34.66385],[-54.17453,-34.66384],[-54.17402,-34.66381],[-54.1735,-34.66395],[-54.17319,-34.66416],[-54.17302,-34.66452],[-54.17272,-34.66481],[-54.17225,-34.66494],[-54.17177,-34.665],[-54.17141,-34.66492],[-54.17095,-34.66468],[-54.17049,-34.66467],[-54.16885,-34.66501],[-54.16836,-34.66493],[-54.16801,-34.66507],[-54.16745,-34.66486],[-54.16684,-34.66491],[-54.16597,-34.66489],[-54.16516,-34.66489],[-54.16446,-34.66501],[-54.16371,-34.66521],[-54.16277,-34.66536],[-54.16248,-34.66563],[-54.16206,-34.66581],[-54.16202,-34.66621],[-54.16157,-34.66663],[-54.1609,-34.66692],[-54.16041,-34.66724],[-54.15984,-34.66751],[-54.15921,-34.66768],[-54.15854,-34.66777],[-54.15782,-34.66784],[-54.15718,-34.66788],[-54.15662,-34.66816],[-54.15625,-34.66845],[-54.15581,-34.66877],[-54.15557,-34.66902],[-54.15542,-34.66934],[-54.15512,-34.66966],[-54.15439,-34.66927],[-54.15407,-34.66914],[-54.1535,-34.66937],[-54.15313,-34.66919],[-54.15278,-34.66892],[-54.15249,-34.66914],[-54.15205,-34.66908],[-54.15185,-34.66876],[-54.15153,-34.66835],[-54.15184,-34.66813],[-54.15196,-34.66781],[-54.15176,-34.66759],[-54.15133,-34.66741],[-54.15088,-34.66709],[-54.15062,-34.66687],[-54.1505,-34.66651],[-54.15055,-34.6662],[-54.15047,-34.66582],[-54.15027,-34.66532],[-54.15008,-34.6652],[-54.14995,-34.66492],[-54.15,-34.66468],[-54.15013,-34.66451],[-54.15034,-34.66434],[-54.15054,-34.66429],[-54.1507,-34.66425],[-54.15095,-34.66427],[-54.1512,-34.66425],[-54.15137,-34.66419],[-54.15151,-34.66408],[-54.15162,-34.66391],[-54.15165,-34.66371],[-54.15164,-34.6635],[-54.15161,-34.66329],[-54.15142,-34.66284],[-54.15135,-34.66272],[-54.15112,-34.66245],[-54.15097,-34.66216],[-54.15105,-34.66197],[-54.15132,-34.66167],[-54.15179,-34.66091],[-54.15211,-34.66017],[-54.15214,-34.65915],[-54.15182,-34.65818],[-54.15119,-34.65723],[-54.15048,-34.65654],[-54.14986,-34.65607],[-54.14914,-34.65574],[-54.14818,-34.65547],[-54.14723,-34.65531],[-54.1463,-34.6553],[-54.14583,-34.65538],[-54.1454,-34.65554],[-54.14528,-34.65565],[-54.145,-34.65589],[-54.14498,-34.65607],[-54.14482,-34.65623],[-54.1448,-34.65647],[-54.14497,-34.65693],[-54.1451,-34.65722],[-54.14525,-34.65767],[-54.14524,-34.65801],[-54.14498,-34.65815],[-54.1447,-34.65819],[-54.14445,-34.65832],[-54.14415,-34.65838],[-54.1437,-34.65796],[-54.14312,-34.65738],[-54.14281,-34.6568],[-54.14238,-34.65655],[-54.1422,-34.65635],[-54.14176,-34.65606],[-54.14141,-34.65585],[-54.14108,-34.65572],[-54.14119,-34.65565],[-54.14125,-34.65551],[-54.14121,-34.65528],[-54.141,-34.65519],[-54.1408,-34.65509],[-54.14058,-34.65496],[-54.14037,-34.6548],[-54.14022,-34.65467],[-54.14008,-34.65451],[-54.13999,-34.65438],[-54.13991,-34.65423],[-54.13986,-34.65409],[-54.13981,-34.65394],[-54.13976,-34.65368],[-54.13977,-34.65343],[-54.13963,-34.65336],[-54.13963,-34.65326],[-54.13974,-34.65309],[-54.13991,-34.65291],[-54.14028,-34.65291],[-54.14029,-34.653],[-54.14035,-34.65308],[-54.14049,-34.65323],[-54.14089,-34.65331],[-54.14125,-34.65331],[-54.14136,-34.65354],[-54.14135,-34.65383],[-54.14168,-34.65418],[-54.14185,-34.65429],[-54.14201,-34.65452],[-54.14217,-34.65457],[-54.14229,-34.65465],[-54.14277,-34.65447],[-54.14334,-34.65425],[-54.144,-34.65402],[-54.14517,-34.6526],[-54.14552,-34.65245],[-54.14583,-34.65234],[-54.1462,-34.65219],[-54.14894,-34.6511],[-54.14919,-34.65098],[-54.1504,-34.65018],[-54.15145,-34.64922],[-54.1523,-34.64827],[-54.15307,-34.64694],[-54.15358,-34.64576],[-54.15377,-34.64531],[-54.15412,-34.6437],[-54.15434,-34.64235],[-54.15454,-34.64036],[-54.15449,-34.63937],[-54.15445,-34.63865],[-54.15419,-34.63668],[-54.15379,-34.63404],[-54.15299,-34.63165],[-54.15237,-34.62991],[-54.15155,-34.62829],[-54.15001,-34.62521],[-54.14946,-34.62421],[-54.14846,-34.62235],[-54.14681,-34.61934],[-54.14443,-34.61582],[-54.14358,-34.61468],[-54.14273,-34.6136],[-54.14188,-34.61254],[-54.14119,-34.61176],[-54.14038,-34.61068],[-54.13923,-34.60942],[-54.13734,-34.60743],[-54.13714,-34.60721],[-54.13673,-34.6069],[-54.13635,-34.60651],[-54.13548,-34.60539],[-54.13469,-34.60476],[-54.13216,-34.60246],[-54.12951,-34.60005],[-54.12898,-34.59984],[-54.1286,-34.59951],[-54.12748,-34.59879],[-54.12699,-34.59847],[-54.12585,-34.59748],[-54.12536,-34.59709],[-54.12467,-34.59634],[-54.1243,-34.59616],[-54.12375,-34.59568],[-54.12337,-34.59548],[-54.12308,-34.59532],[-54.12189,-34.59486],[-54.12084,-34.59434],[-54.12073,-34.59371],[-54.12088,-34.5933],[-54.12077,-34.59295],[-54.12096,-34.59273],[-54.12091,-34.59241],[-54.12091,-34.5921],[-54.12065,-34.59193],[-54.12084,-34.59122],[-54.12046,-34.59052],[-54.12078,-34.58999],[-54.12095,-34.58982],[-54.12102,-34.58962],[-54.12093,-34.58938],[-54.12092,-34.58915],[-54.12102,-34.58879],[-54.1208,-34.58808],[-54.12023,-34.58725],[-54.11993,-34.58694],[-54.11972,-34.58672],[-54.11749,-34.58341],[-54.11675,-34.58279],[-54.11627,-34.58209],[-54.11524,-34.58122],[-54.1151,-34.58082],[-54.11463,-34.58044],[-54.11427,-34.57992],[-54.11377,-34.57948],[-54.11326,-34.57885],[-54.11195,-34.5778],[-54.10985,-34.57567],[-54.10897,-34.57503],[-54.10805,-34.57406],[-54.10768,-34.5738],[-54.10731,-34.57346],[-54.10677,-34.57322],[-54.10654,-34.57279],[-54.10334,-34.57043],[-54.1023,-34.56959],[-54.10169,-34.56933],[-54.10094,-34.56869],[-54.10017,-34.56827],[-54.09914,-34.56732],[-54.09862,-34.56694],[-54.09795,-34.56645],[-54.09684,-34.56589],[-54.09594,-34.56485],[-54.09533,-34.56456],[-54.09478,-34.564],[-54.09382,-34.56349],[-54.09316,-34.56272],[-54.09048,-34.5611],[-54.08924,-34.55988],[-54.08714,-34.55871],[-54.08556,-34.55724],[-54.08473,-34.55685],[-54.08421,-34.55642],[-54.08347,-34.55592],[-54.08288,-34.55531],[-54.08234,-34.55507],[-54.08179,-34.55483],[-54.08141,-34.55421],[-54.07893,-34.55286],[-54.07837,-34.55235],[-54.07743,-34.55177],[-54.07572,-34.55071],[-54.07503,-34.5502],[-54.07361,-34.54926],[-54.07321,-34.54887],[-54.0726,-34.54852],[-54.07134,-34.54779],[-54.07039,-34.54708],[-54.0691,-34.54634],[-54.06866,-34.54593],[-54.06819,-34.54575],[-54.06736,-34.54499],[-54.06556,-34.5441],[-54.06401,-34.54304],[-54.06258,-34.5422],[-54.06193,-34.54175],[-54.06106,-34.54139],[-54.06018,-34.54074],[-54.05832,-34.53934],[-54.05683,-34.53851],[-54.05645,-34.53832],[-54.0562,-34.53819],[-54.05585,-34.53786],[-54.0553,-34.53749],[-54.05491,-34.53701],[-54.05463,-34.53698],[-54.05436,-34.53687],[-54.05413,-34.53674],[-54.05353,-34.53624],[-54.05224,-34.53545],[-54.05154,-34.53489],[-54.05003,-34.53398],[-54.04924,-34.53314],[-54.04862,-34.53299],[-54.04751,-34.53241],[-54.04741,-34.53207],[-54.04612,-34.53144],[-54.04559,-34.53099],[-54.04374,-34.53001],[-54.04315,-34.52965],[-54.04264,-34.5292],[-54.04195,-34.52859],[-54.04098,-34.52821],[-54.03923,-34.52723],[-54.0386,-34.52672],[-54.03503,-34.5247],[-54.03389,-34.52395],[-54.0307,-34.52203],[-54.03033,-34.52178],[-54.03009,-34.52163],[-54.02962,-34.52136],[-54.02949,-34.5211],[-54.02605,-34.5191],[-54.02523,-34.51868],[-54.025,-34.51853],[-54.02463,-34.51815],[-54.02132,-34.51632],[-54.0202,-34.5157],[-54.01909,-34.5149],[-54.01805,-34.51428],[-54.01764,-34.51387],[-54.01648,-34.51317],[-54.01582,-34.5128],[-54.01516,-34.51238],[-54.01431,-34.51174],[-54.01387,-34.51157],[-54.01345,-34.51123],[-54.01241,-34.51069],[-54.01167,-34.51026],[-54.01095,-34.5097],[-54.01037,-34.50932],[-54.00993,-34.50909],[-54.00945,-34.50879],[-54.00737,-34.50741],[-54.00658,-34.50701],[-54.00505,-34.50613],[-54.00456,-34.50586],[-54.00415,-34.50562],[-54.00291,-34.50493],[-54.00227,-34.50453],[-54.00043,-34.5035],[-54.00012,-34.50342],[-53.99968,-34.5031],[-53.99881,-34.50258],[-53.99798,-34.50209],[-53.99713,-34.50155],[-53.99644,-34.50118],[-53.9958,-34.50086],[-53.99465,-34.50033],[-53.99387,-34.49998],[-53.99356,-34.49973],[-53.99269,-34.49914],[-53.99165,-34.49849],[-53.98659,-34.49592],[-53.98564,-34.4953],[-53.98373,-34.49406],[-53.98246,-34.49363],[-53.98145,-34.49307],[-53.98012,-34.49233],[-53.97773,-34.49087],[-53.97678,-34.49038],[-53.9751,-34.48946],[-53.97138,-34.48717],[-53.96823,-34.48545],[-53.96601,-34.48422],[-53.96285,-34.48249],[-53.96063,-34.48126],[-53.95654,-34.47931],[-53.95558,-34.47882],[-53.95349,-34.47746],[-53.95209,-34.47659],[-53.9502,-34.4756],[-53.94829,-34.47437],[-53.9425,-34.47153],[-53.94135,-34.47094],[-53.93944,-34.46986],[-53.93781,-34.46908],[-53.93691,-34.46822],[-53.93522,-34.46756],[-53.93448,-34.46712],[-53.93407,-34.467],[-53.93291,-34.46644],[-53.92871,-34.46431],[-53.92617,-34.4627],[-53.92491,-34.46209],[-53.92364,-34.46135],[-53.91927,-34.45911],[-53.91693,-34.45774],[-53.91405,-34.4562],[-53.91321,-34.45578],[-53.91163,-34.45495],[-53.90968,-34.4541],[-53.90767,-34.45314],[-53.90558,-34.45224],[-53.90311,-34.45079],[-53.90184,-34.44992],[-53.89898,-34.44862],[-53.89595,-34.44704],[-53.89519,-34.44661],[-53.89333,-34.44575],[-53.89268,-34.44554],[-53.88996,-34.44401],[-53.88764,-34.44268],[-53.88487,-34.44147],[-53.87809,-34.43823],[-53.87724,-34.43779],[-53.87496,-34.43651],[-53.87251,-34.43558],[-53.87087,-34.43451],[-53.86734,-34.43271],[-53.8665,-34.43213],[-53.86425,-34.43111],[-53.86241,-34.43003],[-53.86146,-34.42968],[-53.86013,-34.42917],[-53.85815,-34.42837],[-53.85669,-34.4276],[-53.85515,-34.42671],[-53.85075,-34.42478],[-53.84726,-34.42303],[-53.8408,-34.42022],[-53.83939,-34.41959],[-53.83815,-34.41892],[-53.82998,-34.41577],[-53.82414,-34.41361],[-53.82213,-34.41261],[-53.82018,-34.41166],[-53.81854,-34.41133],[-53.81567,-34.4099],[-53.8143,-34.4092],[-53.81229,-34.40852],[-53.80982,-34.40733],[-53.80513,-34.4056],[-53.80421,-34.40531],[-53.80098,-34.40454],[-53.79188,-34.40282],[-53.78997,-34.40295],[-53.78784,-34.4034],[-53.78613,-34.40427],[-53.78555,-34.40477],[-53.78546,-34.40517],[-53.78567,-34.40523],[-53.78555,-34.40547],[-53.78545,-34.40573],[-53.78555,-34.40597],[-53.78552,-34.40611],[-53.78555,-34.40629],[-53.78577,-34.40656],[-53.78592,-34.40663],[-53.78607,-34.40682],[-53.78621,-34.40699],[-53.78617,-34.40708],[-53.78623,-34.40717],[-53.7861,-34.40727],[-53.7861,-34.40737],[-53.78599,-34.40751],[-53.78592,-34.40747],[-53.78586,-34.4076],[-53.78577,-34.40766],[-53.78581,-34.40771],[-53.78573,-34.4078],[-53.7855,-34.40761],[-53.78524,-34.40757],[-53.78518,-34.40747],[-53.78499,-34.40741],[-53.78481,-34.40732],[-53.78463,-34.40738],[-53.78456,-34.40721],[-53.7844,-34.40711],[-53.78417,-34.40709],[-53.78407,-34.40714],[-53.78394,-34.40716],[-53.78396,-34.40707],[-53.7839,-34.40702],[-53.78361,-34.40706],[-53.78357,-34.40716],[-53.78341,-34.40721],[-53.78336,-34.40727],[-53.78316,-34.40729],[-53.78307,-34.40724],[-53.78292,-34.40729],[-53.78269,-34.40729],[-53.78229,-34.40728],[-53.78157,-34.40719],[-53.78157,-34.40704],[-53.78085,-34.40701],[-53.7808,-34.40688],[-53.78063,-34.4069],[-53.78054,-34.40674],[-53.78037,-34.40673],[-53.78021,-34.40679],[-53.78007,-34.40676],[-53.77993,-34.40679],[-53.77992,-34.40663],[-53.77982,-34.40655],[-53.7797,-34.40653],[-53.77967,-34.40629],[-53.77943,-34.40638],[-53.77936,-34.40654],[-53.77927,-34.40651],[-53.77931,-34.40638],[-53.77922,-34.40633],[-53.77908,-34.40636],[-53.77899,-34.4063],[-53.77886,-34.40631],[-53.77872,-34.40639],[-53.7786,-34.40638],[-53.7785,-34.40656],[-53.77832,-34.40657],[-53.77825,-34.40666],[-53.77814,-34.40639],[-53.77762,-34.40647],[-53.77742,-34.40649],[-53.7775,-34.40625],[-53.77762,-34.4061],[-53.77716,-34.40607],[-53.77672,-34.40612],[-53.77694,-34.40562],[-53.77687,-34.40532],[-53.77694,-34.40508],[-53.77687,-34.40488],[-53.77703,-34.40456],[-53.77701,-34.40437],[-53.77707,-34.40418],[-53.77665,-34.40401],[-53.7767,-34.40296],[-53.77635,-34.4025],[-53.77655,-34.40228],[-53.7765,-34.40202],[-53.7766,-34.40166],[-53.77703,-34.40176],[-53.77738,-34.40212],[-53.77813,-34.40217],[-53.77873,-34.40219],[-53.77934,-34.4018],[-53.77981,-34.40128],[-53.78025,-34.40058],[-53.78065,-34.39985],[-53.78099,-34.39887],[-53.7816,-34.39717],[-53.78164,-34.39598],[-53.78217,-34.39477],[-53.78233,-34.39042],[-53.78239,-34.38884],[-53.78205,-34.38738],[-53.78195,-34.38641],[-53.78113,-34.38332],[-53.78079,-34.38238],[-53.78037,-34.38145],[-53.77967,-34.37986],[-53.77901,-34.3787],[-53.77738,-34.37488],[-53.77633,-34.37316],[-53.77373,-34.36997],[-53.77243,-34.36827],[-53.76737,-34.36208],[-53.76651,-34.36147],[-53.76581,-34.36046],[-53.76497,-34.35946],[-53.76457,-34.35948],[-53.76416,-34.35942],[-53.76326,-34.35918],[-53.7628,-34.35897],[-53.76229,-34.35888],[-53.76188,-34.35858],[-53.76201,-34.35824],[-53.76239,-34.35818],[-53.76297,-34.35816],[-53.76357,-34.35828],[-53.76396,-34.35818],[-53.76435,-34.35777],[-53.76447,-34.35754],[-53.76446,-34.35723],[-53.7645,-34.35717],[-53.76474,-34.35675],[-53.76463,-34.3566],[-53.76456,-34.35639],[-53.76457,-34.35614],[-53.76445,-34.35602],[-53.76433,-34.35594],[-53.76437,-34.35585],[-53.76442,-34.35572],[-53.76457,-34.35563],[-53.76452,-34.35554],[-53.76444,-34.35552],[-53.76433,-34.3554],[-53.76452,-34.35542],[-53.76456,-34.35538],[-53.76452,-34.35522],[-53.76427,-34.35508],[-53.76435,-34.35497],[-53.76431,-34.35486],[-53.76422,-34.35482],[-53.76404,-34.35476],[-53.76379,-34.35452],[-53.76406,-34.35416],[-53.76379,-34.35398],[-53.76391,-34.35385],[-53.76406,-34.35372],[-53.76434,-34.35383],[-53.76453,-34.35383],[-53.76482,-34.35386],[-53.76487,-34.35379],[-53.76502,-34.35402],[-53.76523,-34.3541],[-53.7652,-34.3545],[-53.76526,-34.35454],[-53.76513,-34.35472],[-53.76479,-34.35481],[-53.76467,-34.35485],[-53.76462,-34.3549],[-53.76473,-34.35493],[-53.76505,-34.35492],[-53.76511,-34.3549],[-53.76527,-34.35488],[-53.76535,-34.35496],[-53.76552,-34.35497],[-53.76572,-34.355],[-53.76592,-34.35501],[-53.76629,-34.3548],[-53.76687,-34.3546],[-53.7675,-34.35413],[-53.76834,-34.35332],[-53.76866,-34.35295],[-53.76897,-34.35224],[-53.76946,-34.35153],[-53.77006,-34.35073],[-53.77036,-34.34983],[-53.77053,-34.34813],[-53.77043,-34.34662],[-53.77048,-34.34527],[-53.77038,-34.34481],[-53.77033,-34.34466],[-53.77008,-34.34452],[-53.76995,-34.34427],[-53.77012,-34.34402],[-53.77076,-34.34404],[-53.7714,-34.34395],[-53.7719,-34.34435],[-53.77281,-34.3445],[-53.77394,-34.34443],[-53.77498,-34.34397],[-53.77585,-34.3443],[-53.77661,-34.34452],[-53.77684,-34.34458],[-53.77691,-34.34472],[-53.77702,-34.34482],[-53.77708,-34.34544],[-53.77725,-34.34606],[-53.77741,-34.34622],[-53.77753,-34.34644],[-53.77794,-34.34668],[-53.77893,-34.34696],[-53.78038,-34.34695],[-53.78162,-34.34658],[-53.78303,-34.34607],[-53.78582,-34.34379],[-53.78726,-34.34146],[-53.78739,-34.34124],[-53.78764,-34.34102],[-53.78776,-34.34078],[-53.78793,-34.34024],[-53.78825,-34.33991],[-53.78921,-34.33796],[-53.78994,-34.33485],[-53.79064,-34.33212],[-53.79117,-34.32907],[-53.7916,-34.32719],[-53.79181,-34.3253],[-53.79172,-34.32218],[-53.79169,-34.32077],[-53.7912,-34.31375],[-53.79083,-34.31018],[-53.79012,-34.30699],[-53.78994,-34.30566],[-53.78962,-34.30445],[-53.78949,-34.30385],[-53.7892,-34.30329],[-53.78893,-34.30261],[-53.78873,-34.30174],[-53.78839,-34.30079],[-53.78769,-34.29843],[-53.78737,-34.29754],[-53.78697,-34.29652],[-53.78669,-34.29564],[-53.78597,-34.29376],[-53.78531,-34.29185],[-53.78459,-34.29037],[-53.78394,-34.28914],[-53.78373,-34.28845],[-53.78341,-34.28797],[-53.78293,-34.28669],[-53.78283,-34.2862],[-53.7822,-34.28492],[-53.7817,-34.28395],[-53.78113,-34.28275],[-53.78056,-34.28159],[-53.77976,-34.27998],[-53.77958,-34.27931],[-53.77898,-34.27845],[-53.77828,-34.27694],[-53.77738,-34.2756],[-53.77709,-34.27504],[-53.77664,-34.27415],[-53.77524,-34.2721],[-53.77387,-34.27007],[-53.77329,-34.26941],[-53.77254,-34.2685],[-53.77147,-34.267],[-53.77015,-34.2653],[-53.7698,-34.26498],[-53.76932,-34.26445],[-53.76897,-34.26384],[-53.76871,-34.26354],[-53.76792,-34.26218],[-53.76744,-34.26153],[-53.76278,-34.25527],[-53.76215,-34.2546],[-53.76145,-34.25343],[-53.7607,-34.25274],[-53.75935,-34.25122],[-53.75911,-34.25057],[-53.75812,-34.24934],[-53.75673,-34.24795],[-53.75533,-34.2461],[-53.75488,-34.24556],[-53.75201,-34.24213],[-53.751,-34.241],[-53.74541,-34.23432],[-53.7441,-34.23287],[-53.74245,-34.23115],[-53.74171,-34.23032],[-53.74114,-34.22936],[-53.7403,-34.22844],[-53.73965,-34.22771],[-53.73935,-34.22747],[-53.73904,-34.22694],[-53.73873,-34.22661],[-53.73821,-34.22613],[-53.73732,-34.22518],[-53.73666,-34.22469],[-53.73502,-34.22294],[-53.7341,-34.22192],[-53.7338,-34.2213],[-53.73344,-34.22091],[-53.73315,-34.22057],[-53.73281,-34.22041],[-53.73213,-34.21967],[-53.73153,-34.21915],[-53.73029,-34.21758],[-53.72915,-34.21626],[-53.72764,-34.21447],[-53.72639,-34.2131],[-53.7254,-34.21225],[-53.72452,-34.21121],[-53.72255,-34.20883],[-53.7219,-34.20832],[-53.72155,-34.2079],[-53.72126,-34.20756],[-53.72064,-34.20683],[-53.71985,-34.20599],[-53.71926,-34.20548],[-53.71849,-34.20471],[-53.71762,-34.20381],[-53.71679,-34.20304],[-53.71614,-34.20204],[-53.71515,-34.20111],[-53.71429,-34.20002],[-53.71356,-34.19938],[-53.71326,-34.199],[-53.71265,-34.19847],[-53.71198,-34.19775],[-53.71168,-34.19727],[-53.71121,-34.19684],[-53.71062,-34.19628],[-53.71015,-34.19578],[-53.70987,-34.19553],[-53.70919,-34.19496],[-53.7087,-34.1943],[-53.70818,-34.1937],[-53.70674,-34.19224],[-53.706,-34.19139],[-53.70534,-34.19077],[-53.70464,-34.19013],[-53.70417,-34.18968],[-53.70371,-34.18913],[-53.70255,-34.18811],[-53.7017,-34.18705],[-53.701,-34.1863],[-53.70046,-34.18567],[-53.6998,-34.18497],[-53.69924,-34.18458],[-53.69897,-34.18424],[-53.69855,-34.18391],[-53.69748,-34.18279],[-53.69678,-34.18213],[-53.69604,-34.18136],[-53.69536,-34.18075],[-53.69486,-34.18031],[-53.69425,-34.17935],[-53.69311,-34.1786],[-53.69241,-34.17797],[-53.69186,-34.17734],[-53.68963,-34.17563],[-53.6864,-34.17225],[-53.68516,-34.1711],[-53.68445,-34.17045],[-53.68389,-34.1701],[-53.68283,-34.1689],[-53.68167,-34.16795],[-53.67925,-34.16547],[-53.67826,-34.1646],[-53.67783,-34.16407],[-53.67661,-34.1631],[-53.67561,-34.1622],[-53.67497,-34.1616],[-53.67387,-34.16073],[-53.67347,-34.16034],[-53.67306,-34.15984],[-53.67239,-34.15922],[-53.67178,-34.15879],[-53.67134,-34.15824],[-53.6707,-34.15764],[-53.66993,-34.15715],[-53.66916,-34.15644],[-53.66821,-34.15564],[-53.66707,-34.15476],[-53.66634,-34.1541],[-53.66562,-34.1534],[-53.66494,-34.15254],[-53.66429,-34.15196],[-53.66342,-34.15141],[-53.66247,-34.15065],[-53.66172,-34.14989],[-53.6607,-34.14878],[-53.65975,-34.14803],[-53.65851,-34.14712],[-53.65781,-34.14627],[-53.6567,-34.14544],[-53.65567,-34.14453],[-53.65453,-34.14355],[-53.65376,-34.14308],[-53.65296,-34.14236],[-53.65225,-34.14173],[-53.65163,-34.14125],[-53.65109,-34.14075],[-53.65061,-34.14035],[-53.65004,-34.13982],[-53.64955,-34.13942],[-53.64897,-34.13888],[-53.64841,-34.13843],[-53.64763,-34.13783],[-53.64653,-34.1369],[-53.64563,-34.13617],[-53.64393,-34.13501],[-53.6421,-34.13373],[-53.64117,-34.13321],[-53.64018,-34.13237],[-53.63949,-34.13169],[-53.63892,-34.13136],[-53.63732,-34.12999],[-53.63604,-34.12905],[-53.63464,-34.12773],[-53.6334,-34.12662],[-53.63241,-34.12612],[-53.63155,-34.1253],[-53.63058,-34.1249],[-53.62963,-34.12397],[-53.62863,-34.12315],[-53.62739,-34.12225],[-53.62642,-34.1215],[-53.62517,-34.1205],[-53.62435,-34.11969],[-53.62335,-34.11898],[-53.62263,-34.11816],[-53.62162,-34.1174],[-53.62073,-34.11674],[-53.62011,-34.11622],[-53.61901,-34.11557],[-53.61819,-34.11467],[-53.61708,-34.11382],[-53.61594,-34.11293],[-53.61515,-34.11219],[-53.61431,-34.11148],[-53.61376,-34.11098],[-53.61312,-34.11048],[-53.61227,-34.10976],[-53.61172,-34.10925],[-53.61117,-34.10877],[-53.61029,-34.10815],[-53.60965,-34.10762],[-53.60857,-34.10688],[-53.60776,-34.10622],[-53.60702,-34.10548],[-53.60619,-34.10487],[-53.60521,-34.10423],[-53.60472,-34.10385],[-53.60385,-34.103],[-53.60314,-34.10242],[-53.60221,-34.10166],[-53.60152,-34.10124],[-53.60071,-34.10063],[-53.60026,-34.1001],[-53.59965,-34.0996],[-53.59901,-34.09901],[-53.59771,-34.09836],[-53.59677,-34.09746],[-53.59587,-34.09674],[-53.59416,-34.09557],[-53.59271,-34.09447],[-53.59044,-34.09263],[-53.58908,-34.09154],[-53.58774,-34.09049],[-53.58684,-34.08983],[-53.58609,-34.08919],[-53.58511,-34.08847],[-53.58416,-34.08778],[-53.58323,-34.08708],[-53.5821,-34.08614],[-53.58121,-34.08549],[-53.58001,-34.08465],[-53.57889,-34.08369],[-53.5775,-34.08278],[-53.57682,-34.08197],[-53.5758,-34.08143],[-53.57436,-34.08029],[-53.57325,-34.07955],[-53.57207,-34.07876],[-53.57065,-34.07783],[-53.56876,-34.07664],[-53.56687,-34.07544],[-53.56445,-34.074],[-53.56284,-34.07278],[-53.56124,-34.07204],[-53.56067,-34.07144],[-53.55962,-34.07067],[-53.55885,-34.07027],[-53.5579,-34.06975],[-53.55677,-34.06912],[-53.55596,-34.06871],[-53.55528,-34.06854],[-53.5548,-34.06861],[-53.55447,-34.0688],[-53.55432,-34.06894],[-53.55432,-34.06895],[-53.5543,-34.06897],[-53.55436,-34.06908],[-53.55423,-34.06914],[-53.55431,-34.06926],[-53.55437,-34.06935],[-53.55433,-34.06943],[-53.55421,-34.06948],[-53.55407,-34.06954],[-53.55402,-34.06947],[-53.55406,-34.06937],[-53.55398,-34.06934],[-53.55391,-34.06941],[-53.55381,-34.06938],[-53.5538,-34.06933],[-53.55374,-34.06931],[-53.55361,-34.06936],[-53.55348,-34.06933],[-53.55312,-34.06942],[-53.55301,-34.06939],[-53.55282,-34.0694],[-53.55271,-34.06937],[-53.55254,-34.06937],[-53.55239,-34.06929],[-53.55227,-34.06918],[-53.55217,-34.06921],[-53.55206,-34.0692],[-53.5519,-34.06908],[-53.55159,-34.06886],[-53.55143,-34.0687],[-53.55144,-34.06857],[-53.55091,-34.06797],[-53.55058,-34.06726],[-53.55054,-34.06686],[-53.55085,-34.06653],[-53.55091,-34.06645],[-53.55073,-34.06645],[-53.55069,-34.06641],[-53.55054,-34.0664],[-53.55064,-34.06635],[-53.55078,-34.06633],[-53.55069,-34.06628],[-53.55091,-34.06623],[-53.55092,-34.06618],[-53.55083,-34.0661],[-53.55075,-34.06612],[-53.55054,-34.06614],[-53.55038,-34.06617],[-53.55027,-34.06605],[-53.55035,-34.06601],[-53.55024,-34.06595],[-53.55026,-34.06588],[-53.55011,-34.06583],[-53.55016,-34.0658],[-53.55026,-34.0658],[-53.55032,-34.06574],[-53.55024,-34.06572],[-53.55035,-34.06562],[-53.5502,-34.06553],[-53.55027,-34.06544],[-53.55025,-34.06539],[-53.55034,-34.06531],[-53.55053,-34.06537],[-53.55054,-34.06525],[-53.55073,-34.06533],[-53.55095,-34.06533],[-53.55111,-34.06528],[-53.55122,-34.0654],[-53.55135,-34.06536],[-53.55147,-34.06545],[-53.55204,-34.06539],[-53.55247,-34.06457],[-53.55277,-34.06378],[-53.55285,-34.06288],[-53.55266,-34.06185],[-53.55212,-34.06078],[-53.55083,-34.0588],[-53.54996,-34.05771],[-53.54926,-34.05711],[-53.54896,-34.05678],[-53.54868,-34.05646],[-53.5483,-34.05604],[-53.54768,-34.05555],[-53.54683,-34.05483],[-53.54603,-34.0541],[-53.54545,-34.0534],[-53.54497,-34.05303],[-53.54434,-34.05221],[-53.54321,-34.05124],[-53.54271,-34.05069],[-53.54216,-34.05022],[-53.5419,-34.05011],[-53.54171,-34.04975],[-53.5409,-34.04927],[-53.54038,-34.04891],[-53.53994,-34.04889],[-53.53984,-34.04865],[-53.53939,-34.04866],[-53.53908,-34.04829],[-53.5386,-34.04793],[-53.53836,-34.04774],[-53.53816,-34.04728],[-53.53787,-34.04725],[-53.53745,-34.04679],[-53.53696,-34.04633],[-53.53642,-34.04585],[-53.53576,-34.04591],[-53.53527,-34.0458],[-53.53479,-34.04536],[-53.53434,-34.0449],[-53.53387,-34.04445],[-53.53394,-34.04414],[-53.53441,-34.04424],[-53.53495,-34.04459],[-53.53526,-34.04457],[-53.53632,-34.04495],[-53.53724,-34.04418],[-53.53782,-34.04348],[-53.53804,-34.0432],[-53.5382,-34.04298],[-53.53824,-34.04297],[-53.53837,-34.04284],[-53.53857,-34.04249],[-53.53874,-34.04175],[-53.53911,-34.04039],[-53.53908,-34.03918],[-53.53899,-34.03848],[-53.53845,-34.03738],[-53.53778,-34.03632],[-53.53771,-34.03611],[-53.53759,-34.03593],[-53.53737,-34.0359],[-53.5372,-34.03572],[-53.53682,-34.03484],[-53.53686,-34.03483],[-53.53678,-34.03464],[-53.53669,-34.03455],[-53.53639,-34.03372],[-53.53603,-34.03312],[-53.53568,-34.03185],[-53.53636,-34.0316],[-53.53706,-34.03192],[-53.53781,-34.03251],[-53.53794,-34.03266],[-53.53979,-34.03204],[-53.54087,-34.03116],[-53.54172,-34.03],[-53.54224,-34.0282],[-53.54253,-34.02641],[-53.54261,-34.02474],[-53.54243,-34.02402],[-53.54207,-34.02256],[-53.54107,-34.01918],[-53.53976,-34.01598],[-53.53961,-34.01572],[-53.53838,-34.01353],[-53.53731,-34.01203],[-53.53708,-34.01167],[-53.53659,-34.01088],[-53.53594,-34.01012],[-53.53519,-34.00922],[-53.53442,-34.00823],[-53.53364,-34.00712],[-53.53314,-34.0064],[-53.53302,-34.00624],[-53.53228,-34.00549],[-53.53208,-34.00528],[-53.53154,-34.00464],[-53.53117,-34.0042],[-53.53046,-34.00362],[-53.53006,-34.00325],[-53.52969,-34.00325],[-53.52894,-34.00316],[-53.52882,-34.00282],[-53.52932,-34.00246],[-53.52964,-34.00201],[-53.53079,-34.00126],[-53.53103,-34.00049],[-53.53141,-34.00027],[-53.53148,-34.00026],[-53.53161,-34.00019],[-53.53201,-34.00011],[-53.53225,-34.00026],[-53.53274,-34.00037],[-53.533,-34.00034],[-53.53304,-34.00035],[-53.53344,-34.0003],[-53.53425,-33.99961],[-53.53435,-33.99931],[-53.53457,-33.99866],[-53.53473,-33.9972],[-53.53469,-33.99646],[-53.53464,-33.99554],[-53.53424,-33.99364],[-53.53402,-33.99262],[-53.53322,-33.99045],[-53.53312,-33.99019],[-53.53195,-33.98812],[-53.53164,-33.9876],[-53.53108,-33.98667],[-53.53072,-33.98628],[-53.53052,-33.98607],[-53.53021,-33.98599],[-53.52997,-33.98614],[-53.52941,-33.98611],[-53.52895,-33.98588],[-53.52865,-33.98592],[-53.52836,-33.98579],[-53.52861,-33.98556],[-53.52891,-33.98564],[-53.52933,-33.98563],[-53.52998,-33.98514],[-53.53063,-33.98497],[-53.531,-33.98492],[-53.53168,-33.98466],[-53.53194,-33.98443],[-53.53235,-33.98353],[-53.53227,-33.98211],[-53.53175,-33.98041],[-53.53124,-33.97838],[-53.53098,-33.97787],[-53.53048,-33.97771],[-53.52996,-33.97756],[-53.52985,-33.97742],[-53.52956,-33.97727],[-53.52938,-33.97704],[-53.52922,-33.97633],[-53.52933,-33.97626],[-53.52933,-33.97615],[-53.52892,-33.9758],[-53.5289,-33.97558],[-53.52911,-33.9755],[-53.52993,-33.97529],[-53.53045,-33.97525],[-53.53061,-33.97504],[-53.53068,-33.97473],[-53.53065,-33.97432],[-53.53056,-33.9737],[-53.53043,-33.97252],[-53.53037,-33.97237],[-53.53013,-33.97175],[-53.52976,-33.97076],[-53.52917,-33.96978],[-53.52866,-33.96887],[-53.52784,-33.96777],[-53.51935,-33.95717],[-53.51731,-33.95489],[-53.51603,-33.95346],[-53.51479,-33.95244],[-53.51393,-33.95165],[-53.51339,-33.95088],[-53.51114,-33.94888],[-53.51037,-33.94837],[-53.51002,-33.9478],[-53.50961,-33.94747],[-53.50906,-33.94737],[-53.50783,-33.94663],[-53.50734,-33.9466],[-53.50693,-33.9468],[-53.50658,-33.94679],[-53.50635,-33.94653],[-53.50607,-33.9459],[-53.50598,-33.94533],[-53.50611,-33.94499],[-53.50658,-33.94466],[-53.50764,-33.94423],[-53.508,-33.94379],[-53.5084,-33.94339],[-53.50943,-33.94291],[-53.51009,-33.94266],[-53.51053,-33.94268],[-53.51076,-33.94256],[-53.51098,-33.94206],[-53.51113,-33.94141],[-53.51094,-33.94044],[-53.51053,-33.93907],[-53.50937,-33.93723],[-53.5084,-33.93542],[-53.50762,-33.93438],[-53.50711,-33.93311],[-53.50708,-33.93153],[-53.50721,-33.92924],[-53.50811,-33.92539],[-53.50848,-33.9251],[-53.50881,-33.92491],[-53.50897,-33.92476],[-53.5092,-33.92477],[-53.50935,-33.92463],[-53.50939,-33.924],[-53.50953,-33.92362],[-53.50971,-33.92338],[-53.51005,-33.92318],[-53.51023,-33.92301],[-53.51036,-33.92278],[-53.5105,-33.92269],[-53.5109,-33.92278],[-53.51122,-33.92252],[-53.51156,-33.92159],[-53.51174,-33.91786],[-53.51164,-33.9149],[-53.51082,-33.91001],[-53.50978,-33.90541],[-53.50937,-33.90417],[-53.50923,-33.90371],[-53.5091,-33.90327],[-53.50894,-33.90271],[-53.50841,-33.90092],[-53.50737,-33.89806],[-53.50655,-33.89526],[-53.50462,-33.89064],[-53.50403,-33.88948],[-53.50358,-33.88857],[-53.50328,-33.88766],[-53.50207,-33.8857],[-53.50156,-33.8848],[-53.49965,-33.88144],[-53.49492,-33.8744],[-53.49341,-33.87252],[-53.49224,-33.87091],[-53.48953,-33.86711],[-53.48844,-33.86547],[-53.48764,-33.86423],[-53.47754,-33.85011],[-53.47657,-33.84882],[-53.47458,-33.84643],[-53.47324,-33.84477],[-53.46893,-33.83991],[-53.46834,-33.83888],[-53.46788,-33.8384],[-53.46738,-33.83792],[-53.46687,-33.8373],[-53.46639,-33.83676],[-53.46572,-33.83613],[-53.46513,-33.83522],[-53.46446,-33.83441],[-53.46375,-33.83365],[-53.4612,-33.83102],[-53.46065,-33.83036],[-53.46007,-33.8297],[-53.45977,-33.82928],[-53.45936,-33.82891],[-53.45894,-33.82853],[-53.45857,-33.8281],[-53.45785,-33.82729],[-53.45721,-33.8265],[-53.45637,-33.82555],[-53.45582,-33.82492],[-53.45537,-33.82443],[-53.45476,-33.82382],[-53.45416,-33.82316],[-53.45198,-33.8208],[-53.45114,-33.8198],[-53.44656,-33.81511],[-53.44162,-33.80994],[-53.4412,-33.80933],[-53.44058,-33.80875],[-53.43981,-33.80791],[-53.43868,-33.80678],[-53.43506,-33.80317],[-53.43419,-33.80222],[-53.43381,-33.80171],[-53.43296,-33.80095],[-53.43227,-33.80036],[-53.43165,-33.79969],[-53.43127,-33.79922],[-53.43064,-33.7987],[-53.42346,-33.79084],[-53.42225,-33.78995],[-53.42121,-33.78909],[-53.42019,-33.78812],[-53.41958,-33.7873],[-53.41917,-33.78671],[-53.41843,-33.78615],[-53.41748,-33.78552],[-53.41683,-33.78475],[-53.41277,-33.78104],[-53.41105,-33.77961],[-53.40892,-33.77774],[-53.40773,-33.77629],[-53.40537,-33.77422],[-53.40281,-33.77179],[-53.3992,-33.76886],[-53.39776,-33.7674],[-53.397,-33.76679],[-53.39622,-33.76604],[-53.39591,-33.76578],[-53.39521,-33.76522],[-53.39429,-33.7645],[-53.39284,-33.76334],[-53.39149,-33.76203],[-53.3903,-33.76085],[-53.38927,-33.75987],[-53.38811,-33.75876],[-53.38687,-33.75761],[-53.38584,-33.75681],[-53.38457,-33.75581],[-53.38383,-33.75523],[-53.38318,-33.75466],[-53.38259,-33.75415],[-53.38204,-33.75369],[-53.38159,-33.75326],[-53.38106,-33.75278],[-53.38035,-33.75223],[-53.37986,-33.75176],[-53.37916,-33.75121],[-53.37826,-33.75063],[-53.37755,-33.7501],[-53.3771,-33.74977],[-53.37559,-33.74826],[-53.37455,-33.74739],[-53.37318,-33.74636],[-53.37182,-33.74549],[-53.37089,-33.74485],[-53.37011,-33.74434],[-53.36992,-33.74448],[-53.36989,-33.74461],[-53.36979,-33.74469],[-53.36967,-33.74468],[-53.36955,-33.74455],[-53.36942,-33.74437],[-53.37129,-33.74313],[-53.37148,-33.74304],[-53.37172,-33.743],[-53.37192,-33.74303],[-53.37212,-33.74308],[-53.37347,-33.74381],[-53.37378,-33.74397],[-53.37414,-33.74402],[-53.37466,-33.74406],[-53.37485,-33.74416],[-53.37529,-33.74455],[-53.37676,-33.74591],[-53.37744,-33.74641],[-53.3782,-33.74687],[-53.37876,-33.74711],[-53.37957,-33.74742],[-53.38016,-33.74761],[-53.38087,-33.74774],[-53.38163,-33.74767],[-53.38238,-33.74747],[-53.3833,-33.74707],[-53.38373,-33.74679],[-53.38433,-33.74645],[-53.38529,-33.74611],[-53.38601,-33.746],[-53.38677,-33.74611],[-53.38736,-33.74644],[-53.3892,-33.74832],[-53.39033,-33.74972],[-53.39157,-33.75041],[-53.39284,-33.75083],[-53.39331,-33.75093],[-53.39397,-33.75107],[-53.39502,-33.75106],[-53.39587,-33.75095],[-53.39679,-33.75066],[-53.39756,-33.75016],[-53.398,-33.74971],[-53.39813,-33.74944],[-53.3982,-33.74918],[-53.39821,-33.74884],[-53.39817,-33.74846],[-53.39821,-33.74831],[-53.39833,-33.74815],[-53.39852,-33.74805],[-53.39877,-33.74803],[-53.39904,-33.74805],[-53.39944,-33.74813],[-53.39994,-33.74838],[-53.40048,-33.74879],[-53.40114,-33.74926],[-53.40137,-33.74939],[-53.40169,-33.74951],[-53.40216,-33.74961],[-53.40261,-33.74965],[-53.40357,-33.74962],[-53.40788,-33.74921],[-53.40899,-33.74924],[-53.41014,-33.74936],[-53.41103,-33.74932],[-53.41199,-33.7492],[-53.41465,-33.74862],[-53.41506,-33.74856],[-53.41575,-33.74842],[-53.41641,-33.74833],[-53.41672,-33.74824],[-53.41702,-33.74811],[-53.41725,-33.74794],[-53.41757,-33.74764],[-53.4178,-33.74737],[-53.41796,-33.74707],[-53.41845,-33.74595],[-53.41866,-33.74566],[-53.41893,-33.7454],[-53.4196,-33.74483],[-53.42096,-33.74409],[-53.42234,-33.74346],[-53.42278,-33.74325],[-53.42302,-33.7431],[-53.42324,-33.74296],[-53.42368,-33.74262],[-53.42406,-33.74222],[-53.42479,-33.74135],[-53.42551,-33.74037],[-53.42558,-33.74017],[-53.4257,-33.73965],[-53.42578,-33.73943],[-53.42597,-33.73921],[-53.4264,-33.73902],[-53.42668,-33.73897],[-53.42747,-33.73896],[-53.42797,-33.73899],[-53.4285,-33.73909],[-53.4294,-33.73931],[-53.42991,-33.73951],[-53.43006,-33.73957],[-53.43025,-33.73958],[-53.43037,-33.73955],[-53.43053,-33.73947],[-53.43062,-33.73936],[-53.4307,-33.73921],[-53.43078,-33.73891],[-53.43095,-33.73814],[-53.43102,-33.73786],[-53.43117,-33.73751],[-53.4313,-33.73721],[-53.4317,-33.73652],[-53.43187,-33.73622],[-53.4319,-33.73604],[-53.43193,-33.73581],[-53.43192,-33.73558],[-53.43189,-33.73539],[-53.4318,-33.73508],[-53.43168,-33.73484],[-53.43158,-33.73471],[-53.43147,-33.73462],[-53.43127,-33.73447],[-53.43116,-33.73433],[-53.43113,-33.73414],[-53.43117,-33.73384],[-53.43158,-33.73302],[-53.43167,-33.73272],[-53.4316,-33.73242],[-53.43124,-33.73191],[-53.43088,-33.73158],[-53.43079,-33.73139],[-53.43077,-33.7311],[-53.43086,-33.73085],[-53.43144,-33.72975],[-53.43166,-33.72868],[-53.43164,-33.72837],[-53.43168,-33.7281],[-53.43198,-33.72767],[-53.43273,-33.72704],[-53.43314,-33.72669],[-53.43407,-33.72569],[-53.43498,-33.72511],[-53.43577,-33.72471],[-53.43588,-33.72458],[-53.43594,-33.72445],[-53.43592,-33.72433],[-53.43586,-33.72417],[-53.43564,-33.72399],[-53.43511,-33.72371],[-53.43446,-33.72331],[-53.43405,-33.72284],[-53.43386,-33.72249],[-53.43335,-33.72074],[-53.43331,-33.71985],[-53.43338,-33.71961],[-53.43365,-33.7193],[-53.43486,-33.71814],[-53.43497,-33.71788],[-53.43504,-33.71758],[-53.43505,-33.71666],[-53.43481,-33.71579],[-53.43484,-33.71526],[-53.43502,-33.71496],[-53.43556,-33.71454],[-53.43686,-33.71386],[-53.43757,-33.71355],[-53.43796,-33.71331],[-53.43832,-33.71299],[-53.43852,-33.71272],[-53.43863,-33.71238],[-53.43864,-33.71205],[-53.43856,-33.71167],[-53.4382,-33.71102],[-53.43812,-33.7107],[-53.43814,-33.71035],[-53.43827,-33.7094],[-53.43823,-33.70916],[-53.43808,-33.70888],[-53.43713,-33.70783],[-53.43692,-33.70738],[-53.43676,-33.70685],[-53.43668,-33.70636],[-53.43674,-33.70609],[-53.43686,-33.7059],[-53.43724,-33.70563],[-53.43753,-33.70552],[-53.43782,-33.70543],[-53.43806,-33.70536],[-53.43847,-33.70511],[-53.43861,-33.70494],[-53.43869,-33.70476],[-53.43864,-33.70438],[-53.43836,-33.7038],[-53.43742,-33.70254],[-53.43688,-33.70212],[-53.43652,-33.70182],[-53.43641,-33.70163],[-53.43638,-33.70135],[-53.43644,-33.70106],[-53.43658,-33.70082],[-53.4368,-33.70064],[-53.43711,-33.70048],[-53.43791,-33.70035],[-53.43804,-33.70027],[-53.43811,-33.70018],[-53.43809,-33.70005],[-53.43799,-33.69994],[-53.43775,-33.69981],[-53.43771,-33.69964],[-53.43772,-33.69947],[-53.43788,-33.69928],[-53.43808,-33.69916],[-53.43841,-33.69901],[-53.43896,-33.69888],[-53.43918,-33.69874],[-53.43945,-33.69818],[-53.43956,-33.69806],[-53.43969,-33.69801],[-53.43985,-33.69802],[-53.43999,-33.69806],[-53.44015,-33.69818],[-53.44028,-33.6983],[-53.4404,-33.69846],[-53.44045,-33.69871],[-53.44047,-33.69914],[-53.44051,-33.6997],[-53.44058,-33.6998],[-53.44076,-33.69989],[-53.44098,-33.69994],[-53.4412,-33.69994],[-53.44141,-33.69991],[-53.44168,-33.69984],[-53.44197,-33.69972],[-53.44215,-33.69957],[-53.4423,-33.69932],[-53.44234,-33.69898],[-53.44226,-33.69859],[-53.44214,-33.69823],[-53.44201,-33.69802],[-53.442,-33.69784],[-53.44205,-33.69769],[-53.44222,-33.69752],[-53.44249,-33.69744],[-53.44268,-33.69739],[-53.44286,-33.6974],[-53.44298,-33.69737],[-53.44308,-33.69728],[-53.44313,-33.69712],[-53.44307,-33.69693],[-53.44298,-33.69682],[-53.44279,-33.69667],[-53.44264,-33.69665],[-53.4425,-33.69667],[-53.44234,-33.69676],[-53.44218,-33.69688],[-53.44199,-33.69694],[-53.44185,-33.69694],[-53.44173,-33.69685],[-53.4417,-33.69671],[-53.44173,-33.69654],[-53.44183,-33.69637],[-53.44203,-33.69624],[-53.44217,-33.69612],[-53.4422,-33.69593],[-53.4421,-33.69575],[-53.44188,-33.69562],[-53.44169,-33.6956],[-53.44149,-33.69541],[-53.44132,-33.69514],[-53.44106,-33.69499],[-53.4409,-33.69492],[-53.44083,-33.69479],[-53.44085,-33.69467],[-53.44098,-33.6946],[-53.44128,-33.69452],[-53.44148,-33.69444],[-53.44162,-33.69431],[-53.44169,-33.69417],[-53.44167,-33.69404],[-53.44159,-33.69386],[-53.44139,-33.69367],[-53.44119,-33.6936],[-53.44104,-33.69359],[-53.44087,-33.69359],[-53.44068,-33.6936],[-53.44049,-33.69367],[-53.44027,-33.69383],[-53.44007,-33.6939],[-53.43987,-33.69391],[-53.43966,-33.69383],[-53.43934,-33.69362],[-53.43951,-33.69347],[-53.44729,-33.69307],[-53.45223,-33.69284],[-53.45404,-33.69275],[-53.4553,-33.69268],[-53.45656,-33.69262],[-53.45782,-33.69255],[-53.4591,-33.6925],[-53.4626,-33.6923],[-53.47185,-33.69183],[-53.47446,-33.69168],[-53.48116,-33.6914],[-53.49234,-33.69083],[-53.51186,-33.68986],[-53.5228,-33.68928],[-53.53082,-33.68886],[-53.53177,-33.68886],[-53.53217,-33.68881],[-53.53228,-33.6888],[-53.53231,-33.68862],[-53.53223,-33.68848],[-53.53204,-33.68831],[-53.53182,-33.68822],[-53.53132,-33.68822],[-53.53079,-33.68825],[-53.53037,-33.68828],[-53.52987,-33.68839],[-53.52956,-33.68841],[-53.52931,-33.68838],[-53.52909,-33.68823],[-53.52898,-33.68809],[-53.52891,-33.68787],[-53.52891,-33.68765],[-53.52898,-33.68744],[-53.52911,-33.68719],[-53.5293,-33.68693],[-53.52942,-33.68665],[-53.52944,-33.68605],[-53.52949,-33.68577],[-53.52957,-33.68555],[-53.52989,-33.68499],[-53.53007,-33.68471],[-53.53024,-33.6844],[-53.53038,-33.684],[-53.53047,-33.68366],[-53.53058,-33.68296],[-53.5307,-33.68266],[-53.53082,-33.68239],[-53.53085,-33.6822],[-53.53076,-33.68198],[-53.53059,-33.68185],[-53.53026,-33.68171],[-53.5301,-33.68162],[-53.52995,-33.6815],[-53.52979,-33.68127],[-53.52972,-33.68104],[-53.52974,-33.68081],[-53.52983,-33.68061],[-53.52997,-33.68049],[-53.53029,-33.68026],[-53.53064,-33.68004],[-53.53082,-33.6799],[-53.53084,-33.67985],[-53.53091,-33.67973],[-53.53096,-33.67941],[-53.53098,-33.67913],[-53.53082,-33.67878],[-53.53058,-33.67846],[-53.53023,-33.67817],[-53.52981,-33.67799],[-53.52843,-33.67769],[-53.52805,-33.67753],[-53.52772,-33.67724],[-53.52753,-33.6769],[-53.52745,-33.67668],[-53.5272,-33.67641],[-53.52708,-33.67624],[-53.52694,-33.67607],[-53.52662,-33.67589],[-53.52613,-33.67572],[-53.52533,-33.67555],[-53.52489,-33.67538],[-53.52462,-33.67521],[-53.52445,-33.67503],[-53.52438,-33.67482],[-53.52435,-33.67435],[-53.52438,-33.67408],[-53.52472,-33.67357],[-53.52489,-33.6734],[-53.52517,-33.67316],[-53.5256,-33.67304],[-53.52641,-33.67286],[-53.52777,-33.6729],[-53.52839,-33.67296],[-53.52848,-33.67291],[-53.52854,-33.67283],[-53.52854,-33.67266],[-53.5284,-33.6723],[-53.5281,-33.67168],[-53.5278,-33.67097],[-53.52777,-33.67052],[-53.52788,-33.67003],[-53.52814,-33.66922],[-53.52827,-33.6689],[-53.52842,-33.66839],[-53.52853,-33.6682],[-53.52866,-33.6681],[-53.52884,-33.66802],[-53.52906,-33.668],[-53.52952,-33.66808],[-53.52987,-33.66812],[-53.53015,-33.66818],[-53.53044,-33.66823],[-53.53062,-33.66823],[-53.53098,-33.66809],[-53.53129,-33.66785],[-53.53159,-33.66774],[-53.53179,-33.6677],[-53.53197,-33.66768],[-53.53208,-33.66762],[-53.53215,-33.66753],[-53.53216,-33.66744],[-53.5321,-33.66735],[-53.53169,-33.66691],[-53.53161,-33.66676],[-53.53154,-33.66643],[-53.53154,-33.6662],[-53.53161,-33.66591],[-53.53167,-33.66565],[-53.53171,-33.66534],[-53.53179,-33.66499],[-53.53189,-33.66475],[-53.53218,-33.66445],[-53.533,-33.66371],[-53.53314,-33.66351],[-53.53321,-33.66333],[-53.53323,-33.66314],[-53.53319,-33.66298],[-53.53301,-33.66272],[-53.53293,-33.6625],[-53.53292,-33.6623],[-53.53301,-33.66205],[-53.53315,-33.66186],[-53.53317,-33.66177],[-53.53313,-33.66167],[-53.53296,-33.66162],[-53.53277,-33.66163],[-53.53199,-33.66183],[-53.53168,-33.66198],[-53.53153,-33.662],[-53.53137,-33.66199],[-53.53122,-33.66194],[-53.53107,-33.66186],[-53.53099,-33.66171],[-53.53099,-33.66153],[-53.53109,-33.66115],[-53.53113,-33.66093],[-53.5311,-33.66071],[-53.53102,-33.66039],[-53.53075,-33.65974],[-53.53072,-33.65952],[-53.53078,-33.65939],[-53.53088,-33.65928],[-53.53102,-33.65921],[-53.53118,-33.65918],[-53.53137,-33.65919],[-53.53235,-33.65956],[-53.53286,-33.65979],[-53.53307,-33.6598],[-53.53321,-33.65978],[-53.53334,-33.65971],[-53.53351,-33.65951],[-53.53364,-33.65927],[-53.5337,-33.65903],[-53.53371,-33.65887],[-53.53354,-33.65863],[-53.53327,-33.65845],[-53.53305,-33.65835],[-53.53291,-33.65828],[-53.53277,-33.65823],[-53.53248,-33.65817],[-53.53227,-33.65813],[-53.53213,-33.65805],[-53.53176,-33.65767],[-53.53133,-33.65716],[-53.53111,-33.65693],[-53.53107,-33.65675],[-53.5311,-33.65652],[-53.53123,-33.65635],[-53.5319,-33.65596],[-53.53226,-33.65576],[-53.53249,-33.65556],[-53.53267,-33.65525],[-53.53277,-33.65487],[-53.5328,-33.65328],[-53.53283,-33.653],[-53.53287,-33.65282],[-53.53312,-33.65237],[-53.53331,-33.65213],[-53.5338,-33.6517],[-53.53395,-33.65151],[-53.53396,-33.65136],[-53.53394,-33.65123],[-53.53387,-33.65114],[-53.53331,-33.65066],[-53.53277,-33.65031],[-53.53251,-33.64997],[-53.53247,-33.64983],[-53.53251,-33.64965],[-53.53258,-33.64955],[-53.53273,-33.64946],[-53.5329,-33.64939],[-53.53313,-33.64935],[-53.53339,-33.6494],[-53.53365,-33.64953],[-53.53394,-33.64989],[-53.53445,-33.65027],[-53.53471,-33.65042],[-53.53496,-33.65043],[-53.53516,-33.6504],[-53.53531,-33.65025],[-53.53547,-33.64992],[-53.53551,-33.64952],[-53.53547,-33.64921],[-53.53537,-33.64903],[-53.53523,-33.64891],[-53.53437,-33.64867],[-53.53364,-33.64855],[-53.5329,-33.64842],[-53.53226,-33.64849],[-53.53195,-33.64842],[-53.53173,-33.6483],[-53.5315,-33.64778],[-53.53145,-33.6475],[-53.53145,-33.64735],[-53.53172,-33.64663],[-53.53179,-33.64587],[-53.53168,-33.64545],[-53.53134,-33.64509],[-53.53104,-33.64487],[-53.52955,-33.64409],[-53.52938,-33.64391],[-53.52933,-33.64367],[-53.52938,-33.64347],[-53.52951,-33.64327],[-53.52975,-33.64312],[-53.5302,-33.64302],[-53.53088,-33.6427],[-53.53132,-33.64238],[-53.53156,-33.6421],[-53.53169,-33.64173],[-53.53169,-33.64106],[-53.53166,-33.64079],[-53.53155,-33.64061],[-53.53129,-33.6404],[-53.53101,-33.64029],[-53.53045,-33.64019],[-53.52879,-33.64021],[-53.52845,-33.64016],[-53.52822,-33.64004],[-53.52812,-33.63983],[-53.52847,-33.63834],[-53.52887,-33.63717],[-53.52894,-33.63679],[-53.52869,-33.63566],[-53.5287,-33.63531],[-53.52884,-33.63487],[-53.529,-33.63452],[-53.52915,-33.63419],[-53.5294,-33.63389],[-53.52965,-33.63357],[-53.52971,-33.63333],[-53.52964,-33.63312],[-53.52949,-33.63295],[-53.52923,-33.63275],[-53.52823,-33.63235],[-53.52732,-33.63198],[-53.52708,-33.63174],[-53.52698,-33.63153],[-53.52699,-33.63124],[-53.52711,-33.63098],[-53.52767,-33.63054],[-53.52795,-33.63025],[-53.52825,-33.63008],[-53.52867,-33.62979],[-53.52882,-33.62952],[-53.52888,-33.6293],[-53.52887,-33.62913],[-53.5287,-33.62881],[-53.5283,-33.62839],[-53.52719,-33.62747],[-53.5264,-33.62684],[-53.52616,-33.62641],[-53.52601,-33.62595],[-53.526,-33.62557],[-53.52606,-33.62527],[-53.52623,-33.62497],[-53.52664,-33.6247],[-53.5282,-33.62402],[-53.52877,-33.62378],[-53.52895,-33.6236],[-53.52904,-33.62339],[-53.52903,-33.62299],[-53.52892,-33.62128],[-53.52906,-33.62082],[-53.52931,-33.62049],[-53.52958,-33.62032],[-53.53004,-33.62007],[-53.53134,-33.61955],[-53.53204,-33.61898],[-53.53264,-33.61813],[-53.53329,-33.61757],[-53.53427,-33.617],[-53.53455,-33.61674],[-53.5347,-33.61646],[-53.53483,-33.61591],[-53.53492,-33.61547],[-53.53507,-33.6151],[-53.53545,-33.61468],[-53.5361,-33.61417],[-53.53632,-33.61382],[-53.53649,-33.61346],[-53.53648,-33.61325],[-53.53641,-33.61307],[-53.53623,-33.61288],[-53.53595,-33.61276],[-53.53523,-33.61253],[-53.53462,-33.61221],[-53.53323,-33.61121],[-53.53288,-33.61082],[-53.5324,-33.60999],[-53.53232,-33.60972],[-53.53232,-33.60923],[-53.53245,-33.60879],[-53.53271,-33.60799],[-53.53284,-33.60738],[-53.53256,-33.60661],[-53.53239,-33.60527],[-53.53235,-33.60448],[-53.53248,-33.60263],[-53.53277,-33.60301],[-53.53281,-33.60328],[-53.53284,-33.60336],[-53.53277,-33.6039],[-53.53289,-33.60633],[-53.53289,-33.60636],[-53.5329,-33.60637],[-53.5329,-33.60647],[-53.53312,-33.60692],[-53.53314,-33.60721],[-53.53324,-33.60748],[-53.53339,-33.60767],[-53.53344,-33.60769],[-53.53329,-33.6082],[-53.53326,-33.60858],[-53.53347,-33.60914],[-53.5338,-33.60983],[-53.53386,-33.60988],[-53.53387,-33.6099],[-53.53409,-33.61006],[-53.53461,-33.61046],[-53.53465,-33.61046],[-53.53473,-33.61051],[-53.53494,-33.61003],[-53.53506,-33.60999],[-53.53507,-33.60999],[-53.53517,-33.60995],[-53.53526,-33.60992],[-53.53562,-33.61008],[-53.53572,-33.61001],[-53.53551,-33.60984],[-53.53571,-33.60978],[-53.53592,-33.61001],[-53.53588,-33.61013],[-53.53793,-33.61245],[-53.53807,-33.61252],[-53.53817,-33.61247],[-53.53817,-33.6124],[-53.53827,-33.6124],[-53.53797,-33.6111],[-53.53813,-33.611],[-53.53816,-33.61101],[-53.53821,-33.61096],[-53.53833,-33.61088],[-53.53857,-33.6108],[-53.53871,-33.61084],[-53.53888,-33.61098],[-53.53893,-33.61121],[-53.53909,-33.61123],[-53.5392,-33.61118],[-53.53919,-33.61108],[-53.53914,-33.61097],[-53.53887,-33.61069],[-53.53897,-33.61065],[-53.53918,-33.61067],[-53.53919,-33.61068],[-53.53924,-33.61068],[-53.53938,-33.61069],[-53.53953,-33.61049],[-53.53952,-33.61042],[-53.53957,-33.61034],[-53.53947,-33.61015],[-53.53942,-33.60987],[-53.53925,-33.60959],[-53.53906,-33.60927],[-53.53897,-33.60918],[-53.53885,-33.60899],[-53.53863,-33.6087],[-53.53859,-33.60863],[-53.53847,-33.60844],[-53.53804,-33.6075],[-53.53818,-33.60717],[-53.53838,-33.60694],[-53.53835,-33.60674],[-53.53853,-33.60619],[-53.53868,-33.60621],[-53.53882,-33.60629],[-53.53882,-33.60651],[-53.53871,-33.60675],[-53.53871,-33.60677],[-53.53868,-33.60705],[-53.53866,-33.60726],[-53.53936,-33.60683],[-53.53941,-33.60681],[-53.53961,-33.60677],[-53.54009,-33.60653],[-53.54022,-33.6063],[-53.54024,-33.60608],[-53.54018,-33.60577],[-53.53998,-33.60567],[-53.53993,-33.60559],[-53.54006,-33.60552],[-53.54019,-33.60553],[-53.54023,-33.60543],[-53.54023,-33.6053],[-53.54014,-33.60522],[-53.54007,-33.60511],[-53.54001,-33.60509],[-53.53994,-33.60501],[-53.53976,-33.60493],[-53.53984,-33.60486],[-53.53992,-33.60489],[-53.54001,-33.60497],[-53.54009,-33.60499],[-53.54016,-33.60493],[-53.54031,-33.60494],[-53.54032,-33.60475],[-53.54013,-33.60465],[-53.53986,-33.60448],[-53.53992,-33.60421],[-53.53976,-33.60405],[-53.53993,-33.60394],[-53.5402,-33.60397],[-53.54018,-33.60373],[-53.53997,-33.60365],[-53.54003,-33.60313],[-53.53959,-33.60276],[-53.53927,-33.60236],[-53.53923,-33.60217],[-53.53902,-33.60208],[-53.53851,-33.60141],[-53.5379,-33.60093],[-53.53777,-33.60094],[-53.53767,-33.60087],[-53.53769,-33.60081],[-53.53777,-33.60068],[-53.53769,-33.60055],[-53.53746,-33.60043],[-53.53753,-33.60033],[-53.53758,-33.60025],[-53.53741,-33.60016],[-53.53738,-33.60006],[-53.53717,-33.60009],[-53.53726,-33.59995],[-53.53721,-33.59982],[-53.53719,-33.59947],[-53.53694,-33.59912],[-53.53682,-33.59907],[-53.5368,-33.59905],[-53.53683,-33.59891],[-53.53682,-33.59875],[-53.53669,-33.59869],[-53.53657,-33.59875],[-53.53649,-33.59872],[-53.53656,-33.59855],[-53.53644,-33.59833],[-53.53641,-33.59825],[-53.53643,-33.59816],[-53.53625,-33.59814],[-53.53614,-33.59819],[-53.53611,-33.59829],[-53.53604,-33.59829],[-53.53601,-33.59806],[-53.53604,-33.59799],[-53.53598,-33.59781],[-53.53602,-33.59762],[-53.53581,-33.59759],[-53.53567,-33.59742],[-53.53569,-33.59718],[-53.53541,-33.59709],[-53.53532,-33.59699],[-53.53521,-33.59675],[-53.53529,-33.59659],[-53.53511,-33.5963],[-53.53496,-33.59604],[-53.5348,-33.59578],[-53.53461,-33.5955],[-53.53442,-33.59548],[-53.53419,-33.5951],[-53.53419,-33.5948],[-53.53427,-33.59473],[-53.53426,-33.59444],[-53.53428,-33.59433],[-53.53451,-33.59417],[-53.53501,-33.59415],[-53.53497,-33.59391],[-53.53475,-33.5937],[-53.53445,-33.59366],[-53.53469,-33.59339],[-53.53466,-33.59305],[-53.53476,-33.59286],[-53.53497,-33.59265],[-53.53482,-33.59237],[-53.53459,-33.59209],[-53.53461,-33.59195],[-53.53448,-33.59188],[-53.53446,-33.59188],[-53.53443,-33.59181],[-53.5345,-33.59183],[-53.53467,-33.59194],[-53.53482,-33.59193],[-53.53508,-33.59213],[-53.53525,-33.59238],[-53.53531,-33.5924],[-53.53537,-33.59256],[-53.53569,-33.59298],[-53.53572,-33.59312],[-53.53578,-33.59311],[-53.53579,-33.59312],[-53.53584,-33.59309],[-53.536,-33.59305],[-53.5361,-33.59252],[-53.53623,-33.5924],[-53.53623,-33.59218],[-53.53616,-33.59208],[-53.53629,-33.59193],[-53.53624,-33.59174],[-53.53629,-33.59152],[-53.5363,-33.59151],[-53.53645,-33.59121],[-53.53651,-33.59085],[-53.53626,-33.59053],[-53.53626,-33.5903],[-53.53629,-33.58993],[-53.53628,-33.58982],[-53.53633,-33.58967],[-53.53621,-33.58941],[-53.53618,-33.58927],[-53.53591,-33.58822],[-53.53572,-33.58804],[-53.5355,-33.58759],[-53.53519,-33.58698],[-53.53513,-33.58677],[-53.53509,-33.58668],[-53.53506,-33.58614],[-53.53492,-33.58566],[-53.53473,-33.58564],[-53.5347,-33.58559],[-53.53484,-33.58555],[-53.53499,-33.58562],[-53.53541,-33.58546],[-53.53577,-33.58523],[-53.53611,-33.58486],[-53.53641,-33.58456],[-53.53657,-33.58429],[-53.53647,-33.58416],[-53.5367,-33.58394],[-53.53684,-33.58343],[-53.53705,-33.58329],[-53.53706,-33.58311],[-53.53725,-33.58306],[-53.53743,-33.58293],[-53.53731,-33.58285],[-53.53737,-33.58273],[-53.53754,-33.58268],[-53.53776,-33.58225],[-53.53776,-33.58199],[-53.53777,-33.58173],[-53.5379,-33.58129],[-53.53811,-33.58133],[-53.53783,-33.58091],[-53.53783,-33.58087],[-53.53778,-33.58083],[-53.53753,-33.58044],[-53.53754,-33.58038],[-53.53775,-33.58012],[-53.53777,-33.57983],[-53.53775,-33.57966],[-53.5378,-33.57951],[-53.53779,-33.5795],[-53.53789,-33.57915],[-53.53771,-33.57886],[-53.53775,-33.57818],[-53.53766,-33.57793],[-53.53755,-33.57776],[-53.53754,-33.57772],[-53.53748,-33.57757],[-53.53754,-33.57745],[-53.53721,-33.57685],[-53.53677,-33.57633],[-53.53643,-33.57605],[-53.53629,-33.57585],[-53.5363,-33.57578],[-53.53641,-33.57531],[-53.53647,-33.57517],[-53.53654,-33.57481],[-53.53673,-33.57466],[-53.53677,-33.57461],[-53.53714,-33.57428],[-53.5373,-33.57366],[-53.53733,-33.57364],[-53.53745,-33.5731],[-53.53757,-33.57269],[-53.53749,-33.57223],[-53.53749,-33.57222],[-53.53748,-33.57219],[-53.53738,-33.57174],[-53.53724,-33.57133],[-53.53701,-33.57098],[-53.53691,-33.57086],[-53.53677,-33.57083],[-53.53661,-33.57067],[-53.5366,-33.57066],[-53.53656,-33.57045],[-53.53657,-33.57042],[-53.53654,-33.57037],[-53.53652,-33.57036],[-53.53636,-33.57006],[-53.53632,-33.56986],[-53.53618,-33.56972],[-53.53494,-33.56739],[-53.53393,-33.56699],[-53.53393,-33.56697],[-53.53372,-33.56675],[-53.53369,-33.56646],[-53.53363,-33.56643],[-53.53351,-33.56562],[-53.53239,-33.56436],[-53.53178,-33.56437],[-53.53176,-33.5636],[-53.53115,-33.56361],[-53.53017,-33.56183],[-53.53001,-33.56184],[-53.52984,-33.56152],[-53.52968,-33.56095],[-53.52981,-33.56004],[-53.52944,-33.56005],[-53.52941,-33.55986],[-53.52918,-33.55928],[-53.52978,-33.55901],[-53.52949,-33.55953],[-53.53135,-33.56039],[-53.53161,-33.56033],[-53.5317,-33.56041],[-53.53229,-33.56089],[-53.53289,-33.56128],[-53.53292,-33.5613],[-53.53293,-33.56152],[-53.53323,-33.56151],[-53.53343,-33.56165],[-53.53349,-33.56193],[-53.53396,-33.56167],[-53.53416,-33.56163],[-53.5344,-33.56148],[-53.53552,-33.56088],[-53.53636,-33.5602],[-53.53688,-33.55961],[-53.53728,-33.55895],[-53.53741,-33.55825],[-53.53781,-33.55749],[-53.53792,-33.55702],[-53.53843,-33.55583],[-53.53866,-33.55536],[-53.53915,-33.55457],[-53.53915,-33.55433],[-53.53945,-33.55373],[-53.53984,-33.55191],[-53.53984,-33.55155],[-53.53997,-33.55068],[-53.53942,-33.54947],[-53.53915,-33.54854],[-53.53927,-33.54751],[-53.53841,-33.54753],[-53.53836,-33.54726],[-53.53807,-33.54697],[-53.53737,-33.5455],[-53.53552,-33.54515],[-53.53396,-33.54428],[-53.53394,-33.54377],[-53.53239,-33.54329],[-53.53267,-33.54296],[-53.53358,-33.54234],[-53.53626,-33.54171],[-53.53787,-33.54163],[-53.53786,-33.54132],[-53.53916,-33.5409],[-53.53935,-33.54077],[-53.54029,-33.54055],[-53.54014,-33.54021],[-53.54016,-33.5402],[-53.54081,-33.53977],[-53.5415,-33.53976],[-53.54253,-33.53845],[-53.54247,-33.53812],[-53.54301,-33.53781],[-53.54326,-33.53735],[-53.54323,-33.53681],[-53.54302,-33.53622],[-53.54293,-33.53614],[-53.54292,-33.53588],[-53.54264,-33.53588],[-53.54258,-33.53583],[-53.54237,-33.5358],[-53.5423,-33.53586],[-53.54229,-33.53537],[-53.54133,-33.5358],[-53.54131,-33.53549],[-53.54297,-33.53253],[-53.54456,-33.52916],[-53.54549,-33.52914],[-53.5473,-33.52833],[-53.54504,-33.52479],[-53.54478,-33.52479],[-53.54396,-33.52381],[-53.54382,-33.52371],[-53.54329,-33.52276],[-53.54342,-33.52172],[-53.54285,-33.52174],[-53.54318,-33.52142],[-53.5441,-33.52121],[-53.54494,-33.52119],[-53.5456,-33.52284],[-53.54776,-33.52306],[-53.55051,-33.52287],[-53.55007,-33.52168],[-53.54986,-33.52134],[-53.55048,-33.52172],[-53.55688,-33.52043],[-53.55687,-33.51991],[-53.56095,-33.51803],[-53.56109,-33.51751],[-53.5617,-33.51751],[-53.56169,-33.51699],[-53.56261,-33.51684],[-53.56469,-33.51473],[-53.56676,-33.512],[-53.56872,-33.51093],[-53.57161,-33.50496],[-53.57144,-33.50445],[-53.57206,-33.50444],[-53.57735,-33.49148],[-53.57852,-33.48966],[-53.5847,-33.47685],[-53.58746,-33.47243],[-53.58904,-33.46692],[-53.58895,-33.46584],[-53.58838,-33.4644],[-53.58972,-33.4591],[-53.59095,-33.45888],[-53.59061,-33.45806],[-53.59038,-33.45549],[-53.59328,-33.45003],[-53.59501,-33.44614],[-53.59962,-33.42601],[-53.59816,-33.41319],[-53.59755,-33.4132],[-53.59678,-33.40808],[-53.59617,-33.40809],[-53.59498,-33.40452],[-53.5951,-33.40297],[-53.59418,-33.40299],[-53.59249,-33.39763],[-53.59188,-33.39764],[-53.5902,-33.39254],[-53.58958,-33.39255],[-53.58941,-33.39179],[-53.58795,-33.38925],[-53.58734,-33.38926],[-53.587,-33.38798],[-53.58638,-33.38799],[-53.58637,-33.38747],[-53.58576,-33.38749],[-53.58443,-33.38418],[-53.58352,-33.3842],[-53.58316,-33.38241],[-53.58254,-33.38242],[-53.58217,-33.38064],[-53.58157,-33.38064],[-53.57831,-33.37377],[-53.57769,-33.37378],[-53.57671,-33.37149],[-53.5761,-33.37151],[-53.57576,-33.37049],[-53.57515,-33.3705],[-53.57481,-33.36948],[-53.57296,-33.369],[-53.57197,-33.36671],[-53.57136,-33.36672],[-53.57071,-33.36545],[-53.5701,-33.36546],[-53.56908,-33.36213],[-53.56847,-33.36216],[-53.56842,-33.36036],[-53.56781,-33.36037],[-53.56794,-33.3596],[-53.56729,-33.35858],[-53.5677,-33.35678],[-53.56709,-33.35679],[-53.56734,-33.35499],[-53.56673,-33.355],[-53.56636,-33.35269],[-53.56544,-33.35271],[-53.5657,-33.35116],[-53.56969,-33.3516],[-53.56971,-33.35211],[-53.57031,-33.35184],[-53.57049,-33.35286],[-53.57127,-33.35312],[-53.57228,-33.35642],[-53.5729,-33.35641],[-53.57356,-33.3582],[-53.57416,-33.35818],[-53.57453,-33.35998],[-53.57514,-33.35995],[-53.57517,-33.36073],[-53.57578,-33.36072],[-53.57581,-33.36175],[-53.57642,-33.36174],[-53.5766,-33.36276],[-53.57878,-33.36375],[-53.57894,-33.36425],[-53.5817,-33.36433],[-53.582,-33.36406],[-53.58626,-33.3632],[-53.59022,-33.36248],[-53.59021,-33.36196],[-53.59415,-33.36059],[-53.59413,-33.36008],[-53.59836,-33.35819],[-53.59804,-33.35769],[-53.6,-33.35662],[-53.60273,-33.35052],[-53.60379,-33.35011],[-53.6036,-33.34909],[-53.60421,-33.34895],[-53.60524,-33.34751],[-53.60521,-33.34649],[-53.60458,-33.34599],[-53.60471,-33.34521],[-53.60532,-33.3452],[-53.60469,-33.34444],[-53.6053,-33.34443],[-53.60558,-33.34364],[-53.60496,-33.34341],[-53.60468,-33.34419],[-53.60377,-33.34446],[-53.60344,-33.34344],[-53.60251,-33.3432],[-53.60185,-33.34168],[-53.60124,-33.34169],[-53.6016,-33.33834],[-53.60139,-33.33681],[-53.60201,-33.33679],[-53.60197,-33.33576],[-53.60259,-33.33562],[-53.60313,-33.32803],[-53.60311,-33.32726],[-53.60254,-33.32367],[-53.60193,-33.32369],[-53.60218,-33.32188],[-53.60157,-33.3219],[-53.6005,-33.31678],[-53.59989,-33.31679],[-53.59886,-33.31321],[-53.59825,-33.31323],[-53.59725,-33.31042],[-53.596,-33.30993],[-53.59498,-33.30636],[-53.59438,-33.30638],[-53.59207,-33.30127],[-53.59147,-33.30129],[-53.58882,-33.29441],[-53.58821,-33.29442],[-53.58719,-33.2911],[-53.58658,-33.29112],[-53.5853,-33.28933],[-53.58469,-33.28936],[-53.58467,-33.28859],[-53.58281,-33.28785],[-53.5828,-33.28734],[-53.5797,-33.28634],[-53.57945,-33.28616],[-53.57905,-33.28485],[-53.57761,-33.28351],[-53.57683,-33.28217],[-53.57681,-33.2813],[-53.57588,-33.28106],[-53.57459,-33.27877],[-53.57398,-33.27879],[-53.57364,-33.27777],[-53.57319,-33.27778],[-53.57293,-33.27733],[-53.57233,-33.27471],[-53.57141,-33.27447],[-53.57108,-33.27371],[-53.57093,-33.27371],[-53.57026,-33.27329],[-53.56998,-33.2727],[-53.57023,-33.2709],[-53.5696,-33.27014],[-53.56958,-33.26449],[-53.57034,-33.26421],[-53.57074,-33.26215],[-53.56982,-33.26217],[-53.56981,-33.26191],[-53.57073,-33.26177],[-53.57105,-33.26239],[-53.57306,-33.26312],[-53.57323,-33.26364],[-53.5737,-33.26363],[-53.57392,-33.2639],[-53.57502,-33.26746],[-53.57476,-33.26849],[-53.57503,-33.26897],[-53.57481,-33.27056],[-53.57576,-33.27207],[-53.57654,-33.27231],[-53.57705,-33.27384],[-53.57799,-33.27459],[-53.57817,-33.27562],[-53.57878,-33.2756],[-53.58012,-33.27969],[-53.58352,-33.28064],[-53.58353,-33.28116],[-53.58507,-33.28138],[-53.58444,-33.28063],[-53.58516,-33.28103],[-53.58724,-33.28078],[-53.58781,-33.28107],[-53.58934,-33.28103],[-53.59231,-33.28047],[-53.59339,-33.28028],[-53.59399,-33.28005],[-53.59573,-33.27988],[-53.59571,-33.27942],[-53.59604,-33.27931],[-53.59785,-33.27906],[-53.59783,-33.2786],[-53.59801,-33.27853],[-53.59806,-33.27851],[-53.59966,-33.27825],[-53.59964,-33.27785],[-53.60113,-33.27703],[-53.60352,-33.27566],[-53.60763,-33.27347],[-53.60768,-33.27325],[-53.60811,-33.27299],[-53.60866,-33.27267],[-53.60958,-33.27239],[-53.60958,-33.27221],[-53.6097,-33.27216],[-53.61047,-33.27147],[-53.61362,-33.26948],[-53.61354,-33.26922],[-53.61425,-33.26873],[-53.61444,-33.26859],[-53.61557,-33.26815],[-53.61586,-33.2675],[-53.61647,-33.26736],[-53.61645,-33.26694],[-53.61658,-33.26682],[-53.61767,-33.26657],[-53.61959,-33.26447],[-53.62155,-33.2634],[-53.62153,-33.26263],[-53.62334,-33.26181],[-53.62347,-33.26105],[-53.63237,-33.25269],[-53.63374,-33.25158],[-53.6361,-33.24883],[-53.63671,-33.24869],[-53.63786,-33.24648],[-53.63847,-33.24634],[-53.64425,-33.24005],[-53.64422,-33.23928],[-53.64912,-33.23429],[-53.64895,-33.23378],[-53.65012,-33.23196],[-53.66002,-33.21556],[-53.66085,-33.21297],[-53.66114,-33.2122],[-53.66249,-33.20626],[-53.66319,-33.1993],[-53.66408,-33.19826],[-53.66389,-33.19723],[-53.66327,-33.19725],[-53.66304,-33.19222],[-53.66301,-33.19207],[-53.66292,-33.19033],[-53.66261,-33.19007],[-53.66298,-33.18723],[-53.66237,-33.18724],[-53.66229,-33.18468],[-53.66167,-33.18469],[-53.66163,-33.18315],[-53.66102,-33.18316],[-53.66036,-33.18138],[-53.65975,-33.18139],[-53.65939,-33.1796],[-53.65878,-33.17961],[-53.65876,-33.1791],[-53.65815,-33.17912],[-53.65812,-33.1781],[-53.65751,-33.1781],[-53.65684,-33.17631],[-53.65623,-33.17633],[-53.65559,-33.17531],[-53.65312,-33.17434],[-53.65247,-33.17332],[-53.65063,-33.17311],[-53.64968,-33.17184],[-53.64907,-33.17197],[-53.64692,-33.1714],[-53.64724,-33.17189],[-53.64633,-33.17184],[-53.64628,-33.17182],[-53.64599,-33.17115],[-53.63956,-33.17064],[-53.6344,-33.17165],[-53.63441,-33.17217],[-53.63081,-33.17291],[-53.63045,-33.17365],[-53.62505,-33.17505],[-53.62414,-33.17598],[-53.62137,-33.1769],[-53.62023,-33.17812],[-53.61859,-33.17845],[-53.61811,-33.17868],[-53.61628,-33.17897],[-53.61519,-33.17939],[-53.61402,-33.1796],[-53.61339,-33.18],[-53.60866,-33.17952],[-53.60683,-33.17981],[-53.60592,-33.17945],[-53.60572,-33.17817],[-53.60723,-33.17737],[-53.6075,-33.17659],[-53.60945,-33.17526],[-53.60959,-33.17473],[-53.60973,-33.17448],[-53.61149,-33.17201],[-53.61345,-33.17107],[-53.61369,-33.16875],[-53.61393,-33.16846],[-53.61413,-33.16822],[-53.61513,-33.16589],[-53.61618,-33.15921],[-53.61593,-33.15802],[-53.61616,-33.15733],[-53.61653,-33.15674],[-53.61755,-33.15632],[-53.61806,-33.15617],[-53.61883,-33.15617],[-53.61911,-33.15579],[-53.61991,-33.15338],[-53.61942,-33.15272],[-53.61831,-33.15234],[-53.61887,-33.15186],[-53.61911,-33.15174],[-53.61945,-33.15163],[-53.62023,-33.15184],[-53.62068,-33.15215],[-53.6217,-33.15242],[-53.62295,-33.15314],[-53.62387,-33.15356],[-53.62603,-33.15083],[-53.62789,-33.14841],[-53.62734,-33.14721],[-53.62638,-33.14629],[-53.62626,-33.14484],[-53.62565,-33.14486],[-53.62553,-33.14368],[-53.6252,-33.14288],[-53.6251,-33.14229],[-53.62498,-33.14173],[-53.62491,-33.13986],[-53.62516,-33.1387],[-53.62608,-33.13879],[-53.62725,-33.13946],[-53.62693,-33.13974],[-53.62618,-33.13963],[-53.62612,-33.14001],[-53.62568,-33.14045],[-53.62563,-33.14114],[-53.62613,-33.14178],[-53.6267,-33.14231],[-53.62686,-33.14273],[-53.62715,-33.14286],[-53.6272,-33.1431],[-53.62678,-33.14327],[-53.62699,-33.14353],[-53.62708,-33.14382],[-53.6275,-33.14389],[-53.6277,-33.14362],[-53.62832,-33.14333],[-53.62932,-33.14333],[-53.62976,-33.14374],[-53.62961,-33.14397],[-53.62925,-33.14407],[-53.62868,-33.14448],[-53.62918,-33.14611],[-53.62901,-33.14681],[-53.63024,-33.14826],[-53.6316,-33.14961],[-53.63251,-33.15008],[-53.634,-33.14997],[-53.63449,-33.14945],[-53.63415,-33.14856],[-53.63412,-33.14699],[-53.63632,-33.14413],[-53.63708,-33.14359],[-53.63974,-33.14097],[-53.64277,-33.13427],[-53.64364,-33.13355],[-53.64492,-33.13031],[-53.64457,-33.1239],[-53.64396,-33.12391],[-53.64327,-33.1211],[-53.64296,-33.1211],[-53.64302,-33.12316],[-53.64242,-33.12343],[-53.64208,-33.12215],[-53.64147,-33.12216],[-53.64081,-33.12064],[-53.6402,-33.12065],[-53.63954,-33.11911],[-53.63862,-33.11888],[-53.63796,-33.11736],[-53.63735,-33.11738],[-53.63671,-33.1161],[-53.63391,-33.11462],[-53.6323,-33.11157],[-53.63043,-33.11058],[-53.6298,-33.10956],[-53.62825,-33.10908],[-53.62729,-33.10756],[-53.62637,-33.10732],[-53.62604,-33.10656],[-53.62419,-33.10583],[-53.62354,-33.10481],[-53.60743,-33.09667],[-53.6071,-33.09591],[-53.6065,-33.09592],[-53.60616,-33.09516],[-53.60524,-33.09492],[-53.60522,-33.0944],[-53.60399,-33.09392],[-53.60397,-33.0934],[-53.60336,-33.09342],[-53.60163,-33.09165],[-53.60173,-33.08986],[-53.60234,-33.08984],[-53.60236,-33.09035],[-53.6045,-33.09057],[-53.60417,-33.08954],[-53.60689,-33.08872],[-53.6069,-33.08923],[-53.60721,-33.08922],[-53.60718,-33.08845],[-53.60779,-33.08844],[-53.60893,-33.08559],[-53.61103,-33.08413],[-53.61164,-33.08412],[-53.61279,-33.08191],[-53.61189,-33.08193],[-53.61301,-33.07907],[-53.61391,-33.07894],[-53.61553,-33.07645],[-53.61519,-33.07518],[-53.61605,-33.07302],[-53.61645,-33.06962],[-53.61715,-33.06409],[-53.61866,-33.0638],[-53.61879,-33.06276],[-53.62011,-33.0612],[-53.61951,-33.06147],[-53.62027,-33.06095],[-53.6211,-33.06048],[-53.62151,-33.06032],[-53.62135,-33.06011],[-53.62118,-33.06002],[-53.6203,-33.06043],[-53.61971,-33.06077],[-53.61921,-33.06091],[-53.61906,-33.06074],[-53.61898,-33.0604],[-53.61884,-33.05975],[-53.61904,-33.05869],[-53.61868,-33.05809],[-53.61839,-33.0567],[-53.61766,-33.05602],[-53.61734,-33.05514],[-53.6169,-33.0545],[-53.61639,-33.0535],[-53.61567,-33.05283],[-53.61532,-33.05169],[-53.61409,-33.05096],[-53.61366,-33.05046],[-53.61182,-33.04917],[-53.61121,-33.04905],[-53.61002,-33.04803],[-53.60903,-33.04768],[-53.60443,-33.04688],[-53.60411,-33.04612],[-53.59922,-33.04609],[-53.59832,-33.04637],[-53.59711,-33.04678],[-53.59653,-33.04782],[-53.59502,-33.04836],[-53.59386,-33.05044],[-53.59296,-33.05072],[-53.59155,-33.05512],[-53.59094,-33.05513],[-53.59096,-33.05564],[-53.58974,-33.05567],[-53.58969,-33.05387],[-53.58908,-33.05388],[-53.5891,-33.05465],[-53.5885,-33.05492],[-53.58879,-33.0544],[-53.58545,-33.05499],[-53.58517,-33.05602],[-53.58365,-33.05618],[-53.58124,-33.05739],[-53.58126,-33.0579],[-53.58065,-33.05791],[-53.58038,-33.0592],[-53.57845,-33.06078],[-53.57738,-33.06081],[-53.57654,-33.06339],[-53.57623,-33.0634],[-53.5762,-33.06263],[-53.57592,-33.06264],[-53.5752,-33.06471],[-53.57554,-33.07112],[-53.57432,-33.07115],[-53.57437,-33.07295],[-53.57317,-33.07349],[-53.57304,-33.07426],[-53.57492,-33.07601],[-53.57441,-33.07936],[-53.5762,-33.0837],[-53.57713,-33.08355],[-53.57821,-33.08418],[-53.57935,-33.08646],[-53.58042,-33.08695],[-53.58061,-33.08798],[-53.58123,-33.08809],[-53.58155,-33.08873],[-53.58922,-33.08998],[-53.58985,-33.09074],[-53.59201,-33.09134],[-53.59202,-33.09185],[-53.59141,-33.09187],[-53.59143,-33.09238],[-53.58004,-33.08928],[-53.57971,-33.08851],[-53.57631,-33.08691],[-53.57141,-33.08611],[-53.57046,-33.08536],[-53.56909,-33.08025],[-53.5697,-33.08025],[-53.57055,-33.08475],[-53.5717,-33.08546],[-53.57291,-33.08557],[-53.57159,-33.082],[-53.57066,-33.08176],[-53.57061,-33.07996],[-53.56968,-33.07934],[-53.56877,-33.07949],[-53.56913,-33.0764],[-53.57204,-33.07145],[-53.57353,-33.04932],[-53.57229,-33.04318],[-53.56949,-33.04157],[-53.56858,-33.04172],[-53.56856,-33.04094],[-53.56795,-33.04096],[-53.56778,-33.04045],[-53.56837,-33.03966],[-53.56786,-33.03531],[-53.56765,-33.03476],[-53.56732,-33.0345],[-53.56699,-33.03424],[-53.56596,-33.03494],[-53.56538,-33.0351],[-53.56498,-33.03444],[-53.56436,-33.03281],[-53.56374,-33.03243],[-53.56313,-33.03258],[-53.56151,-33.02927],[-53.56059,-33.02903],[-53.55995,-33.02802],[-53.55841,-33.02754],[-53.55777,-33.02652],[-53.55593,-33.02604],[-53.5556,-33.02528],[-53.55499,-33.02529],[-53.55405,-33.02428],[-53.55406,-33.0248],[-53.55221,-33.02406],[-53.55219,-33.02355],[-53.55128,-33.0237],[-53.54479,-33.02062],[-53.54477,-33.0201],[-53.54015,-33.0184],[-53.53889,-33.01688],[-53.53798,-33.01716],[-53.53796,-33.01664],[-53.53735,-33.01666],[-53.53734,-33.01614],[-53.53487,-33.01517],[-53.53423,-33.01415],[-53.53362,-33.01416],[-53.53361,-33.01365],[-53.533,-33.01366],[-53.53266,-33.0129],[-53.53081,-33.01191],[-53.53048,-33.01089],[-53.52894,-33.0104],[-53.52831,-33.00939],[-53.52645,-33.00865],[-53.5258,-33.00713],[-53.52519,-33.00714],[-53.52455,-33.00098],[-53.52514,-33.0002],[-53.52513,-32.99994],[-53.52566,-32.99685],[-53.52559,-32.99454],[-53.52347,-32.9897],[-53.52255,-32.98946],[-53.5219,-32.98819],[-53.51911,-32.98657],[-53.51697,-32.98623],[-53.51632,-32.98496],[-53.51446,-32.9841],[-53.51339,-32.98423],[-53.51317,-32.98413],[-53.51261,-32.98324],[-53.51229,-32.98325],[-53.51194,-32.98291],[-53.51189,-32.98283],[-53.51166,-32.98197],[-53.51133,-32.98198],[-53.51115,-32.98179],[-53.51105,-32.98173],[-53.51104,-32.98147],[-53.50826,-32.98011],[-53.50738,-32.98005],[-53.50698,-32.97988],[-53.50627,-32.97746],[-53.50614,-32.97721],[-53.50603,-32.97669],[-53.50588,-32.97669],[-53.50545,-32.97584],[-53.5053,-32.96694],[-53.50466,-32.96078],[-53.50433,-32.96079],[-53.50388,-32.95954],[-53.5035,-32.95746],[-53.50269,-32.95568],[-53.50203,-32.955],[-53.50172,-32.9539],[-53.50102,-32.95318],[-53.50015,-32.95214],[-53.49955,-32.95181],[-53.49916,-32.9515],[-53.49746,-32.94859],[-53.49911,-32.94753],[-53.49899,-32.94711],[-53.49728,-32.94782],[-53.49699,-32.9486],[-53.49305,-32.94894],[-53.49307,-32.94945],[-53.48014,-32.94495],[-53.43701,-32.93951],[-53.43703,-32.94003],[-53.41169,-32.93833],[-53.38306,-32.93913],[-53.37577,-32.94004],[-53.3645,-32.93974],[-53.34953,-32.93901],[-53.34557,-32.93856],[-53.34371,-32.93795],[-53.3437,-32.93744],[-53.34154,-32.93658],[-53.34096,-32.93749],[-53.33912,-32.93727],[-53.33931,-32.93684],[-53.33698,-32.93679],[-53.33602,-32.93527],[-53.33326,-32.93442],[-53.33265,-32.93456],[-53.33203,-32.93354],[-53.33263,-32.93353],[-53.33261,-32.93302],[-53.33628,-32.93359],[-53.33782,-32.93421],[-53.3378,-32.93344],[-53.33841,-32.93342],[-53.33841,-32.93317],[-53.33656,-32.93269],[-53.33623,-32.93141],[-53.33562,-32.93142],[-53.33483,-32.93024],[-53.33409,-32.93145],[-53.33379,-32.93145],[-53.33378,-32.93094],[-53.33286,-32.93096],[-53.33258,-32.93199],[-53.33049,-32.93333],[-53.33045,-32.93177],[-53.33136,-32.93189],[-53.33345,-32.93005],[-53.33482,-32.92989],[-53.33622,-32.93102],[-53.33864,-32.93034],[-53.33862,-32.92982],[-53.34196,-32.92937],[-53.34399,-32.93101],[-53.34496,-32.93304],[-53.34436,-32.93357],[-53.34453,-32.93435],[-53.34575,-32.93431],[-53.34593,-32.93534],[-53.34549,-32.93612],[-53.34703,-32.9366],[-53.34689,-32.93712],[-53.34766,-32.93723],[-53.34795,-32.93697],[-53.3507,-32.93718],[-53.35082,-32.93576],[-53.35001,-32.93423],[-53.34879,-32.934],[-53.34844,-32.93221],[-53.34783,-32.93222],[-53.34593,-32.92969],[-53.34685,-32.9298],[-53.34713,-32.92889],[-53.34774,-32.92888],[-53.34774,-32.9294],[-53.34806,-32.9294],[-53.34803,-32.92887],[-53.35109,-32.92895],[-53.35138,-32.92868],[-53.35384,-32.92889],[-53.35573,-32.9313],[-53.35757,-32.93165],[-53.35968,-32.93135],[-53.35988,-32.93105],[-53.35908,-32.93124],[-53.35907,-32.93098],[-53.36026,-32.93019],[-53.36242,-32.93104],[-53.36364,-32.93089],[-53.36365,-32.93141],[-53.36487,-32.93126],[-53.36549,-32.93176],[-53.36853,-32.93131],[-53.36789,-32.9303],[-53.36975,-32.93142],[-53.37067,-32.93153],[-53.37047,-32.92974],[-53.37105,-32.9287],[-53.37087,-32.92793],[-53.37193,-32.9274],[-53.37216,-32.92482],[-53.37136,-32.92329],[-53.37076,-32.92331],[-53.36946,-32.9205],[-53.36298,-32.91767],[-53.36146,-32.9177],[-53.35808,-32.91661],[-53.35776,-32.91584],[-53.35591,-32.91511],[-53.35589,-32.91459],[-53.35466,-32.91411],[-53.35465,-32.91359],[-53.35403,-32.91321],[-53.35342,-32.91335],[-53.35216,-32.91158],[-53.35001,-32.91085],[-53.34904,-32.90907],[-53.34752,-32.90884],[-53.34718,-32.90756],[-53.34657,-32.90757],[-53.34624,-32.90681],[-53.34563,-32.90683],[-53.34531,-32.90605],[-53.34439,-32.90581],[-53.34479,-32.90375],[-53.34555,-32.90348],[-53.34553,-32.90297],[-53.34645,-32.90295],[-53.34633,-32.90252],[-53.34371,-32.903],[-53.34353,-32.90223],[-53.34383,-32.90197],[-53.34301,-32.89967],[-53.34115,-32.89855],[-53.33994,-32.8987],[-53.3403,-32.90075],[-53.33604,-32.90109],[-53.33603,-32.90057],[-53.33511,-32.90059],[-53.33544,-32.90136],[-53.33297,-32.90037],[-53.33215,-32.89808],[-53.33073,-32.8963],[-53.33012,-32.89657],[-53.33041,-32.89604],[-53.32951,-32.89607],[-53.32917,-32.89479],[-53.32825,-32.89455],[-53.32823,-32.89404],[-53.32701,-32.89355],[-53.32699,-32.89303],[-53.32425,-32.89283],[-53.32397,-32.89387],[-53.32306,-32.89388],[-53.32262,-32.89466],[-53.32282,-32.89671],[-53.32222,-32.89685],[-53.3213,-32.89649],[-53.3205,-32.89521],[-53.32077,-32.89366],[-53.32012,-32.89239],[-53.32088,-32.89211],[-53.32086,-32.8916],[-53.32422,-32.89167],[-53.32942,-32.89247],[-53.32943,-32.893],[-53.33004,-32.89298],[-53.3302,-32.89349],[-53.3325,-32.89409],[-53.33674,-32.89311],[-53.33673,-32.89259],[-53.33765,-32.89269],[-53.3384,-32.89231],[-53.33942,-32.89049],[-53.34017,-32.89023],[-53.34206,-32.88671],[-53.34266,-32.88657],[-53.34268,-32.88709],[-53.34759,-32.88866],[-53.35367,-32.88803],[-53.35472,-32.88737],[-53.35423,-32.88635],[-53.35362,-32.88637],[-53.35381,-32.88594],[-53.35314,-32.88535],[-53.35327,-32.88457],[-53.35236,-32.88459],[-53.35234,-32.88408],[-53.35082,-32.88385],[-53.35048,-32.88257],[-53.34773,-32.88237],[-53.34741,-32.8816],[-53.34619,-32.88188],[-53.34649,-32.88136],[-53.34342,-32.88077],[-53.33764,-32.88075],[-53.33765,-32.88127],[-53.33582,-32.88117],[-53.33492,-32.88158],[-53.3349,-32.88106],[-53.33338,-32.88096],[-53.33187,-32.88164],[-53.3297,-32.87949],[-53.32847,-32.87964],[-53.32815,-32.87888],[-53.3257,-32.87841],[-53.32506,-32.87739],[-53.32414,-32.87715],[-53.32319,-32.87563],[-53.32167,-32.87567],[-53.32165,-32.87514],[-53.32104,-32.87515],[-53.32072,-32.87439],[-53.31919,-32.87416],[-53.31887,-32.87339],[-53.31674,-32.87318],[-53.31671,-32.87241],[-53.31517,-32.87166],[-53.31483,-32.8709],[-53.31208,-32.87018],[-53.31237,-32.86941],[-53.31084,-32.86917],[-53.31083,-32.86866],[-53.3099,-32.86803],[-53.30745,-32.86769],[-53.30638,-32.86917],[-53.30659,-32.86977],[-53.30629,-32.86977],[-53.30566,-32.86901],[-53.30481,-32.8716],[-53.30542,-32.87158],[-53.30551,-32.87518],[-53.30643,-32.87517],[-53.30692,-32.87644],[-53.30846,-32.87744],[-53.30916,-32.87828],[-53.31024,-32.87897],[-53.31136,-32.8797],[-53.31137,-32.87993],[-53.31165,-32.88011],[-53.31165,-32.88039],[-53.31102,-32.88067],[-53.31084,-32.8811],[-53.31026,-32.88135],[-53.3096,-32.87989],[-53.309,-32.87912],[-53.30734,-32.87893],[-53.30595,-32.8788],[-53.30468,-32.87829],[-53.30435,-32.87727],[-53.30343,-32.87728],[-53.30265,-32.87652],[-53.30279,-32.86983],[-53.30397,-32.86852],[-53.3055,-32.86284],[-53.30489,-32.86286],[-53.3048,-32.85926],[-53.30435,-32.85953],[-53.30136,-32.85598],[-53.30045,-32.856],[-53.29981,-32.85473],[-53.29827,-32.85424],[-53.29826,-32.85373],[-53.2961,-32.85274],[-53.2949,-32.84737],[-53.29478,-32.83683],[-53.29417,-32.83684],[-53.29384,-32.83582],[-53.29292,-32.83558],[-53.29301,-32.83301],[-53.29725,-32.82651],[-53.29786,-32.82649],[-53.29784,-32.82571],[-53.30116,-32.82411],[-53.30176,-32.82411],[-53.30248,-32.82255],[-53.30592,-32.81605],[-53.30824,-32.80984],[-53.30808,-32.8096],[-53.30869,-32.80959],[-53.30851,-32.80856],[-53.30881,-32.8083],[-53.30864,-32.80779],[-53.30925,-32.80778],[-53.31166,-32.78923],[-53.31027,-32.78258],[-53.30965,-32.78207],[-53.30859,-32.77557],[-53.30929,-32.77411],[-53.31017,-32.77268],[-53.30901,-32.77026],[-53.30791,-32.76797],[-53.30571,-32.76493],[-53.3048,-32.76469],[-53.30384,-32.76316],[-53.30323,-32.76317],[-53.30164,-32.76064],[-53.2998,-32.75989],[-53.29978,-32.75938],[-53.29456,-32.75729],[-53.27864,-32.7532],[-53.26872,-32.75249],[-53.26564,-32.75231],[-53.26372,-32.75215],[-53.26263,-32.75206],[-53.26202,-32.75197],[-53.26121,-32.75202],[-53.25883,-32.75164],[-53.25849,-32.74904],[-53.2578,-32.74597],[-53.25533,-32.73938],[-53.25509,-32.73897],[-53.25484,-32.73861],[-53.25441,-32.73774],[-53.25357,-32.73606],[-53.25063,-32.73355],[-53.24615,-32.73118],[-53.23633,-32.7275],[-53.23305,-32.72496],[-53.23137,-32.72387],[-53.22708,-32.72187],[-53.22154,-32.7198],[-53.21327,-32.7175],[-53.20882,-32.71674],[-53.20444,-32.71642],[-53.20128,-32.71679],[-53.19848,-32.71774],[-53.19726,-32.71794],[-53.196,-32.71822],[-53.19435,-32.71823],[-53.19291,-32.7184],[-53.19259,-32.718],[-53.19069,-32.71804],[-53.18849,-32.71807],[-53.18698,-32.71773],[-53.18545,-32.71729],[-53.18478,-32.71683],[-53.18414,-32.71622],[-53.18364,-32.7152],[-53.18583,-32.71429],[-53.1863,-32.71438],[-53.18666,-32.71486],[-53.18705,-32.71519],[-53.18728,-32.71526],[-53.18756,-32.71533],[-53.18828,-32.71534],[-53.18839,-32.71539],[-53.1884,-32.71543],[-53.18828,-32.71541],[-53.18818,-32.71552],[-53.18825,-32.71583],[-53.18881,-32.71593],[-53.18893,-32.71592],[-53.189,-32.71585],[-53.18952,-32.71616],[-53.18976,-32.7162],[-53.19034,-32.71641],[-53.19065,-32.71641],[-53.19115,-32.71596],[-53.19104,-32.71505],[-53.19081,-32.71466],[-53.1904,-32.71453],[-53.1901,-32.71395],[-53.19019,-32.71363],[-53.18993,-32.71328],[-53.18938,-32.7129],[-53.18935,-32.7124],[-53.18903,-32.71212],[-53.18851,-32.71191],[-53.18792,-32.71168],[-53.18723,-32.7119],[-53.18686,-32.71249],[-53.18636,-32.71273],[-53.18519,-32.71286],[-53.18488,-32.71218],[-53.185,-32.71106],[-53.1878,-32.70445],[-53.19045,-32.6976],[-53.19155,-32.6921],[-53.19231,-32.68677],[-53.192,-32.68218],[-53.19163,-32.67779],[-53.19128,-32.67658],[-53.1914,-32.67445],[-53.19083,-32.67289],[-53.19041,-32.67113],[-53.18992,-32.6662],[-53.18972,-32.66505],[-53.18955,-32.66394],[-53.1896,-32.66381],[-53.1893,-32.66363],[-53.1891,-32.66338],[-53.18895,-32.66307],[-53.1889,-32.66277],[-53.18901,-32.66268],[-53.18904,-32.66247],[-53.18883,-32.66181],[-53.18861,-32.66148],[-53.18805,-32.6607],[-53.18761,-32.66008],[-53.18769,-32.65977],[-53.18759,-32.65953],[-53.18783,-32.65913],[-53.18762,-32.65894],[-53.18747,-32.65869],[-53.18736,-32.65857],[-53.1865,-32.65758],[-53.18459,-32.65531],[-53.18429,-32.65467],[-53.18406,-32.65402],[-53.18226,-32.6531],[-53.18293,-32.64988],[-53.18404,-32.64722],[-53.18553,-32.64554],[-53.18777,-32.64377],[-53.1907,-32.64241],[-53.19356,-32.64164],[-53.19911,-32.64111],[-53.20873,-32.64039],[-53.21645,-32.63807],[-53.23551,-32.63099],[-53.24031,-32.62723],[-53.2434,-32.62246],[-53.24512,-32.61595],[-53.24529,-32.61118],[-53.24718,-32.6067],[-53.24992,-32.6041],[-53.2525,-32.60323],[-53.26246,-32.60366],[-53.26743,-32.60395],[-53.27087,-32.60482],[-53.27327,-32.60626],[-53.2755,-32.60901],[-53.27825,-32.61566],[-53.27958,-32.61966],[-53.28064,-32.62073],[-53.28192,-32.62129],[-53.28359,-32.62164],[-53.28615,-32.62159],[-53.29078,-32.62101],[-53.29299,-32.61995],[-53.29439,-32.6187],[-53.29797,-32.61404],[-53.30056,-32.60771],[-53.30348,-32.60482],[-53.30846,-32.60164],[-53.31292,-32.60062],[-53.32134,-32.59571],[-53.32717,-32.59108],[-53.33026,-32.58862],[-53.33126,-32.58661],[-53.3321,-32.58573],[-53.33449,-32.58435],[-53.33552,-32.58409],[-53.33663,-32.58424],[-53.33784,-32.58468],[-53.33911,-32.58573],[-53.34091,-32.58775],[-53.34434,-32.59079],[-53.34627,-32.59192],[-53.34794,-32.59238],[-53.34986,-32.59256],[-53.35159,-32.59234],[-53.35252,-32.59197],[-53.355,-32.591],[-53.35685,-32.58962],[-53.35807,-32.5879],[-53.3603,-32.58182],[-53.36166,-32.57978],[-53.36339,-32.57806],[-53.3658,-32.57624],[-53.367,-32.57488],[-53.36923,-32.57068],[-53.37016,-32.56974],[-53.37163,-32.56953],[-53.37619,-32.57037],[-53.37717,-32.5708],[-53.37864,-32.57208],[-53.37936,-32.57372],[-53.38056,-32.57821],[-53.38228,-32.58168],[-53.38502,-32.58558],[-53.38635,-32.58653],[-53.38715,-32.58682],[-53.38819,-32.58692],[-53.38984,-32.5865],[-53.39137,-32.58573],[-53.40099,-32.58144],[-53.40579,-32.57879],[-53.40991,-32.57517],[-53.41644,-32.5688],[-53.41693,-32.56771],[-53.41709,-32.56664],[-53.41676,-32.5637],[-53.41708,-32.5621],[-53.41795,-32.56062],[-53.4202,-32.55906],[-53.4218,-32.55826],[-53.42342,-32.5581],[-53.42412,-32.55814],[-53.42507,-32.55852],[-53.42579,-32.55926],[-53.42623,-32.56182],[-53.42634,-32.56324],[-53.42632,-32.56436],[-53.42648,-32.56516],[-53.42706,-32.56578],[-53.42785,-32.56614],[-53.42969,-32.56659],[-53.4307,-32.56654],[-53.43156,-32.56609],[-53.4326,-32.56506],[-53.43318,-32.56336],[-53.43338,-32.56225],[-53.43335,-32.56065],[-53.43327,-32.55877],[-53.433,-32.55759],[-53.43342,-32.55631],[-53.43384,-32.55569],[-53.43425,-32.55441],[-53.43516,-32.55332],[-53.43544,-32.55178],[-53.43581,-32.55063],[-53.43724,-32.54934],[-53.43816,-32.54808],[-53.43938,-32.54596],[-53.43977,-32.54469],[-53.44121,-32.54124],[-53.44267,-32.53859],[-53.44462,-32.53692],[-53.44579,-32.53527],[-53.44615,-32.53409],[-53.44695,-32.53289],[-53.44797,-32.53168],[-53.44866,-32.53079],[-53.44925,-32.52964],[-53.44962,-32.52869],[-53.44984,-32.52818],[-53.45031,-32.52785],[-53.45145,-32.52769],[-53.4536,-32.52614],[-53.45395,-32.52568],[-53.4541,-32.52524],[-53.4544,-32.52469],[-53.45598,-32.52368],[-53.45736,-32.52246],[-53.45806,-32.52181],[-53.4584,-32.52102],[-53.45844,-32.52048],[-53.45822,-32.51913],[-53.45794,-32.51826],[-53.45658,-32.51675],[-53.45657,-32.51625],[-53.45687,-32.5156],[-53.4576,-32.51454],[-53.45838,-32.51385],[-53.45996,-32.51175],[-53.46103,-32.51014],[-53.46125,-32.50769],[-53.46188,-32.50622],[-53.46236,-32.50471],[-53.46285,-32.50402],[-53.46332,-32.50278],[-53.46302,-32.50168],[-53.46203,-32.50043],[-53.46156,-32.49927],[-53.46178,-32.49813],[-53.46395,-32.49584],[-53.46517,-32.49473],[-53.46613,-32.49317],[-53.46614,-32.492],[-53.46478,-32.49056],[-53.46363,-32.4897],[-53.4628,-32.48851],[-53.46261,-32.48764],[-53.46296,-32.48588],[-53.46423,-32.48446],[-53.4656,-32.4841],[-53.46759,-32.48332],[-53.46878,-32.48234],[-53.47094,-32.48069],[-53.47173,-32.48063],[-53.47231,-32.48107],[-53.47422,-32.48218],[-53.47572,-32.48288],[-53.47806,-32.48384],[-53.48003,-32.48411],[-53.48222,-32.48365],[-53.4831,-32.48355],[-53.48551,-32.4835],[-53.48718,-32.48305],[-53.4891,-32.48226],[-53.4913,-32.48168],[-53.49343,-32.48148],[-53.49573,-32.48148],[-53.49955,-32.48104],[-53.50241,-32.48149],[-53.50461,-32.4821],[-53.5064,-32.4827],[-53.50769,-32.48324],[-53.51002,-32.48561],[-53.51024,-32.48617],[-53.51063,-32.4866],[-53.51115,-32.48692],[-53.51154,-32.48723],[-53.51167,-32.48789],[-53.51228,-32.48846],[-53.51283,-32.48861],[-53.51324,-32.48857],[-53.51374,-32.48861],[-53.51411,-32.48891],[-53.51496,-32.48902],[-53.517,-32.48854],[-53.51751,-32.48778],[-53.51756,-32.48716],[-53.51711,-32.48645],[-53.51641,-32.4857],[-53.51534,-32.48486],[-53.51504,-32.48404],[-53.51523,-32.48317],[-53.51584,-32.48233],[-53.51695,-32.48194],[-53.52032,-32.48106],[-53.52162,-32.48128],[-53.5227,-32.48197],[-53.52318,-32.48278],[-53.52327,-32.48358],[-53.52312,-32.48433],[-53.52241,-32.48514],[-53.52207,-32.48618],[-53.52254,-32.48681],[-53.52347,-32.48801],[-53.52424,-32.48865],[-53.52535,-32.48903],[-53.52626,-32.48892],[-53.52766,-32.48854],[-53.5286,-32.48797],[-53.52909,-32.48735],[-53.52939,-32.48684],[-53.52914,-32.48622],[-53.52864,-32.48559],[-53.5287,-32.48458],[-53.52926,-32.4838],[-53.53003,-32.48297],[-53.53104,-32.4826],[-53.53294,-32.48227],[-53.53499,-32.48145],[-53.53625,-32.48088],[-53.53734,-32.48054],[-53.53839,-32.48054],[-53.5392,-32.48077],[-53.54021,-32.48065],[-53.54281,-32.47969],[-53.54354,-32.47907],[-53.54362,-32.47859],[-53.54323,-32.47807],[-53.54171,-32.47677],[-53.54069,-32.47615],[-53.54,-32.47514],[-53.54014,-32.47382],[-53.54095,-32.47293],[-53.54192,-32.47302],[-53.54283,-32.47325],[-53.54401,-32.47324],[-53.54722,-32.47305],[-53.55021,-32.47337],[-53.55129,-32.47371],[-53.55224,-32.47423],[-53.55517,-32.47338],[-53.55637,-32.47271],[-53.55741,-32.47143],[-53.55834,-32.47015],[-53.56092,-32.46763],[-53.56141,-32.46718],[-53.56228,-32.4662],[-53.56286,-32.46515],[-53.56366,-32.46384],[-53.56552,-32.46129],[-53.56594,-32.46003],[-53.56706,-32.45853],[-53.56912,-32.45744],[-53.57086,-32.45671],[-53.57375,-32.45613],[-53.57574,-32.45508],[-53.57765,-32.45426],[-53.57951,-32.45338],[-53.58321,-32.45192],[-53.58422,-32.45078],[-53.58537,-32.44846],[-53.58599,-32.44638],[-53.58621,-32.44457],[-53.58653,-32.44248],[-53.58718,-32.44052],[-53.58738,-32.43861],[-53.58748,-32.43834],[-53.58816,-32.43668],[-53.58884,-32.43517],[-53.58979,-32.43473],[-53.59144,-32.43409],[-53.59326,-32.43368],[-53.59484,-32.43345],[-53.5964,-32.43295],[-53.59816,-32.43202],[-53.60018,-32.43063],[-53.60179,-32.42916],[-53.60338,-32.42618],[-53.60482,-32.42409],[-53.60983,-32.4202],[-53.61207,-32.41855],[-53.61379,-32.41751],[-53.61503,-32.41657],[-53.61537,-32.41505],[-53.61533,-32.41327],[-53.61467,-32.41204],[-53.61413,-32.41135],[-53.61376,-32.41049],[-53.61328,-32.40633],[-53.6127,-32.40304],[-53.61281,-32.40093],[-53.61363,-32.39961],[-53.61438,-32.3984],[-53.61606,-32.39668],[-53.6197,-32.39367],[-53.62391,-32.39103],[-53.62787,-32.38911],[-53.63167,-32.38786],[-53.63505,-32.38669],[-53.63804,-32.38601],[-53.64036,-32.38577],[-53.64219,-32.38545],[-53.64394,-32.38499],[-53.64474,-32.38447],[-53.64521,-32.38385],[-53.64546,-32.38114],[-53.64547,-32.37954],[-53.64493,-32.37829],[-53.64438,-32.37653],[-53.64408,-32.37491],[-53.64389,-32.37304],[-53.64388,-32.37188],[-53.64388,-32.37051],[-53.64362,-32.36825],[-53.64334,-32.36706],[-53.6424,-32.36595],[-53.64068,-32.36483],[-53.63988,-32.36374],[-53.63902,-32.36218],[-53.6385,-32.36059],[-53.6375,-32.35903],[-53.63604,-32.3576],[-53.63463,-32.35663],[-53.63382,-32.35593],[-53.63325,-32.35424],[-53.63334,-32.35028],[-53.63399,-32.34809],[-53.63522,-32.34648],[-53.63654,-32.34543],[-53.63799,-32.34444],[-53.63913,-32.34296],[-53.6401,-32.34153],[-53.64078,-32.33993],[-53.64116,-32.33904],[-53.64223,-32.3377],[-53.64365,-32.33585],[-53.64446,-32.33418],[-53.64502,-32.3324],[-53.64473,-32.3297],[-53.6445,-32.32843],[-53.64424,-32.32775],[-53.64364,-32.32694],[-53.64326,-32.32637],[-53.64307,-32.32585],[-53.64333,-32.32502],[-53.64378,-32.32431],[-53.64628,-32.32234],[-53.64963,-32.32138],[-53.65255,-32.32092],[-53.65536,-32.31937],[-53.65648,-32.31809],[-53.65706,-32.31678],[-53.65713,-32.31571],[-53.65678,-32.31265],[-53.65658,-32.31223],[-53.65612,-32.31193],[-53.65538,-32.31155],[-53.65423,-32.31146],[-53.65325,-32.31162],[-53.65048,-32.31233],[-53.64899,-32.31265],[-53.64814,-32.31254],[-53.64744,-32.31215],[-53.6472,-32.31102],[-53.64702,-32.30994],[-53.64663,-32.30894],[-53.64573,-32.30689],[-53.64358,-32.30159],[-53.64331,-32.30001],[-53.64329,-32.29881],[-53.64284,-32.29747],[-53.6428,-32.29699],[-53.64289,-32.29666],[-53.64336,-32.29594],[-53.6435,-32.2958],[-53.64409,-32.2952],[-53.64526,-32.29477],[-53.64786,-32.2941],[-53.64884,-32.29384],[-53.65281,-32.29235],[-53.65564,-32.29062],[-53.65724,-32.28877],[-53.65734,-32.28785],[-53.65728,-32.28771],[-53.65659,-32.28595],[-53.65625,-32.2847],[-53.65609,-32.28334],[-53.65594,-32.28128],[-53.65585,-32.2808],[-53.65571,-32.28034],[-53.65588,-32.27982],[-53.65638,-32.27894],[-53.65719,-32.27761],[-53.65794,-32.27653],[-53.65877,-32.27563],[-53.65917,-32.2755],[-53.66016,-32.27516],[-53.66164,-32.27483],[-53.66436,-32.27502],[-53.66505,-32.27468],[-53.66543,-32.27415],[-53.66613,-32.27299],[-53.66662,-32.27125],[-53.66733,-32.27007],[-53.66817,-32.26931],[-53.66953,-32.26874],[-53.67062,-32.26806],[-53.67148,-32.26699],[-53.67248,-32.26551],[-53.67362,-32.26354],[-53.67489,-32.2616],[-53.67541,-32.26008],[-53.6767,-32.25908],[-53.67779,-32.2586],[-53.67827,-32.25751],[-53.67765,-32.25488],[-53.6772,-32.25393],[-53.67668,-32.25308],[-53.67697,-32.25177],[-53.67765,-32.25027],[-53.67833,-32.24653],[-53.67907,-32.24516],[-53.6795,-32.24325],[-53.67951,-32.24267],[-53.67953,-32.24182],[-53.67888,-32.2406],[-53.67754,-32.23961],[-53.67683,-32.23875],[-53.6765,-32.23822],[-53.67659,-32.23794],[-53.6768,-32.23729],[-53.67753,-32.23561],[-53.6779,-32.23379],[-53.67804,-32.23251],[-53.67877,-32.23111],[-53.67988,-32.22915],[-53.68095,-32.22758],[-53.68249,-32.2251],[-53.68423,-32.22164],[-53.68519,-32.21962],[-53.68611,-32.21871],[-53.68728,-32.21794],[-53.68842,-32.21757],[-53.68973,-32.21688],[-53.69031,-32.21562],[-53.69164,-32.2142],[-53.69298,-32.21339],[-53.69411,-32.21169],[-53.69445,-32.21052],[-53.69422,-32.20952],[-53.69322,-32.20848],[-53.69261,-32.2079],[-53.69258,-32.20759],[-53.69271,-32.20672],[-53.69292,-32.20631],[-53.69368,-32.20516],[-53.69463,-32.20417],[-53.69521,-32.20376],[-53.69594,-32.20353],[-53.6974,-32.20369],[-53.69883,-32.20388],[-53.70054,-32.20449],[-53.70146,-32.20529],[-53.70218,-32.20625],[-53.70284,-32.20695],[-53.70339,-32.20705],[-53.70402,-32.20703],[-53.70478,-32.20667],[-53.70571,-32.20585],[-53.70712,-32.20436],[-53.7097,-32.20102],[-53.711,-32.19939],[-53.7115,-32.19847],[-53.71143,-32.197],[-53.71056,-32.19578],[-53.70897,-32.19505],[-53.70719,-32.19472],[-53.70544,-32.19376],[-53.70433,-32.19292],[-53.70337,-32.19157],[-53.70295,-32.19047],[-53.70273,-32.18918],[-53.70298,-32.18831],[-53.70366,-32.18756],[-53.70538,-32.18682],[-53.70661,-32.187],[-53.70766,-32.1876],[-53.70894,-32.18816],[-53.7107,-32.1887],[-53.71263,-32.18856],[-53.71412,-32.18768],[-53.71463,-32.18611],[-53.71474,-32.18439],[-53.71477,-32.18253],[-53.71434,-32.18103],[-53.71384,-32.17969],[-53.7129,-32.17829],[-53.71287,-32.17779],[-53.713,-32.17736],[-53.71337,-32.1767],[-53.71434,-32.17591],[-53.71506,-32.17566],[-53.71582,-32.17557],[-53.71755,-32.17564],[-53.71927,-32.17558],[-53.72062,-32.17525],[-53.72221,-32.17475],[-53.72316,-32.17419],[-53.72357,-32.17347],[-53.72368,-32.17276],[-53.72368,-32.17136],[-53.72309,-32.16927],[-53.72222,-32.16775],[-53.72148,-32.16689],[-53.72048,-32.16609],[-53.71954,-32.16513],[-53.71913,-32.16424],[-53.71895,-32.16289],[-53.71885,-32.16171],[-53.71842,-32.1604],[-53.71787,-32.15862],[-53.7175,-32.15673],[-53.71749,-32.15546],[-53.71745,-32.15441],[-53.71749,-32.15371],[-53.71775,-32.1531],[-53.71827,-32.15256],[-53.71878,-32.15216],[-53.71958,-32.15183],[-53.72095,-32.15149],[-53.72225,-32.1512],[-53.72324,-32.15094],[-53.72434,-32.15099],[-53.72635,-32.15188],[-53.72791,-32.15237],[-53.7294,-32.15273],[-53.73091,-32.15288],[-53.7319,-32.15245],[-53.73244,-32.15186],[-53.73272,-32.15181],[-53.73335,-32.15189],[-53.73406,-32.15212],[-53.73461,-32.15222],[-53.735,-32.15188],[-53.73521,-32.15124],[-53.73518,-32.15057],[-53.73483,-32.14998],[-53.73375,-32.14931],[-53.73156,-32.14814],[-53.72948,-32.14722],[-53.72801,-32.14674],[-53.72665,-32.14625],[-53.72598,-32.14558],[-53.72564,-32.14481],[-53.72565,-32.14368],[-53.72561,-32.14206],[-53.72574,-32.14055],[-53.72618,-32.13924],[-53.72688,-32.13785],[-53.72774,-32.13647],[-53.72895,-32.13521],[-53.73085,-32.1339],[-53.73234,-32.13257],[-53.73276,-32.13219],[-53.73421,-32.12989],[-53.73601,-32.12802],[-53.73669,-32.12698],[-53.73709,-32.12529],[-53.73845,-32.124],[-53.73998,-32.12123],[-53.74272,-32.11826],[-53.74372,-32.11727],[-53.74417,-32.11639],[-53.74422,-32.11541],[-53.74383,-32.11471],[-53.74307,-32.11414],[-53.74206,-32.11352],[-53.74074,-32.11268],[-53.74002,-32.11153],[-53.73909,-32.1096],[-53.73798,-32.10718],[-53.73757,-32.10634],[-53.73768,-32.1059],[-53.7389,-32.1051],[-53.74007,-32.1045],[-53.74046,-32.10371],[-53.74049,-32.10266],[-53.74027,-32.10093],[-53.73996,-32.10046],[-53.73928,-32.10019],[-53.73834,-32.10023],[-53.7373,-32.10108],[-53.73595,-32.10208],[-53.73448,-32.10313],[-53.73336,-32.10444],[-53.73257,-32.10552],[-53.73184,-32.10579],[-53.73099,-32.10551],[-53.73035,-32.10491],[-53.72869,-32.10322],[-53.72708,-32.10089],[-53.7258,-32.09891],[-53.7252,-32.09805],[-53.72499,-32.09768],[-53.72514,-32.09674],[-53.72522,-32.09615],[-53.72561,-32.0958],[-53.72629,-32.09563],[-53.72783,-32.09515],[-53.72968,-32.0947],[-53.73096,-32.0945],[-53.73152,-32.09434],[-53.73246,-32.09346],[-53.73331,-32.09311],[-53.73539,-32.09259],[-53.73729,-32.09233],[-53.73992,-32.09221],[-53.74234,-32.09218],[-53.74432,-32.09187],[-53.74498,-32.09165],[-53.74581,-32.09079],[-53.74663,-32.08921],[-53.74688,-32.0871],[-53.74651,-32.08538],[-53.747,-32.0836],[-53.74642,-32.08166],[-53.74589,-32.0801],[-53.74574,-32.07931],[-53.7458,-32.07886],[-53.74599,-32.07848],[-53.74682,-32.07783],[-53.74783,-32.07769],[-53.74918,-32.0781],[-53.75065,-32.0789],[-53.75193,-32.0791],[-53.75334,-32.07922],[-53.754,-32.0792],[-53.75461,-32.07904],[-53.75556,-32.07796],[-53.75569,-32.07717],[-53.75561,-32.07662],[-53.75576,-32.07634],[-53.75614,-32.07616],[-53.75703,-32.07616],[-53.75833,-32.07637],[-53.75943,-32.07692],[-53.75976,-32.07724],[-53.76071,-32.07827],[-53.76145,-32.07887],[-53.76352,-32.0793],[-53.765,-32.0793],[-53.76712,-32.07832],[-53.76886,-32.07672],[-53.76937,-32.07504],[-53.76929,-32.07397],[-53.76975,-32.07306],[-53.77332,-32.07243],[-53.77544,-32.07231],[-53.77737,-32.0719],[-53.77979,-32.07075],[-53.78069,-32.07022],[-53.78117,-32.06973],[-53.78182,-32.06972],[-53.78217,-32.07026],[-53.78221,-32.07152],[-53.78298,-32.0719],[-53.78412,-32.07204],[-53.78606,-32.07156],[-53.78649,-32.07123],[-53.78731,-32.07094],[-53.78823,-32.07089],[-53.78861,-32.07146],[-53.78925,-32.07189],[-53.79017,-32.07179],[-53.79094,-32.07127],[-53.79134,-32.07069],[-53.79117,-32.07007],[-53.79015,-32.06909],[-53.78973,-32.06896],[-53.78935,-32.06862],[-53.78964,-32.06823],[-53.79147,-32.0677],[-53.79226,-32.06801],[-53.7931,-32.06853],[-53.79393,-32.06887],[-53.79517,-32.06921],[-53.79666,-32.06951],[-53.79962,-32.07022],[-53.80184,-32.07101],[-53.8052,-32.07055],[-53.80689,-32.07021],[-53.80791,-32.06953],[-53.8084,-32.06854],[-53.80872,-32.06758],[-53.80959,-32.06635],[-53.81031,-32.06594],[-53.81176,-32.06558],[-53.81274,-32.06517],[-53.81325,-32.06431],[-53.81335,-32.06385],[-53.81388,-32.06309],[-53.81487,-32.06259],[-53.81506,-32.06148],[-53.81452,-32.06085],[-53.81422,-32.05992],[-53.81487,-32.05911],[-53.81602,-32.05902],[-53.81719,-32.05939],[-53.81844,-32.05947],[-53.81944,-32.05938],[-53.82024,-32.05914],[-53.82129,-32.05926],[-53.82214,-32.05958],[-53.82269,-32.0597],[-53.82294,-32.05926],[-53.82384,-32.05905],[-53.82465,-32.05909],[-53.82489,-32.0595],[-53.82589,-32.05966],[-53.82764,-32.05949],[-53.82884,-32.0585],[-53.8309,-32.05576],[-53.83225,-32.05537],[-53.83375,-32.05524],[-53.83393,-32.05481],[-53.83354,-32.0545],[-53.83347,-32.05407],[-53.8338,-32.0538],[-53.83437,-32.05384],[-53.835,-32.05371],[-53.8353,-32.05327],[-53.83528,-32.05282],[-53.835,-32.05238],[-53.83564,-32.05165],[-53.83675,-32.0506],[-53.83631,-32.05014],[-53.83662,-32.04911],[-53.83632,-32.04831],[-53.83568,-32.0475],[-53.83466,-32.04677],[-53.83392,-32.04643],[-53.83362,-32.04604],[-53.83359,-32.04565],[-53.8342,-32.04388],[-53.83452,-32.04251],[-53.83605,-32.04023],[-53.8377,-32.03954],[-53.83941,-32.03953],[-53.84089,-32.04006],[-53.84258,-32.03973],[-53.84354,-32.0385],[-53.84348,-32.0371],[-53.84245,-32.0361],[-53.84148,-32.03487],[-53.84086,-32.03419],[-53.84025,-32.03389],[-53.83918,-32.03415],[-53.83842,-32.03389],[-53.83846,-32.03321],[-53.83973,-32.03256],[-53.8418,-32.03165],[-53.84505,-32.03005],[-53.84702,-32.02946],[-53.84913,-32.02918],[-53.85039,-32.02931],[-53.85076,-32.02999],[-53.85098,-32.03061],[-53.85203,-32.03056],[-53.8527,-32.02998],[-53.85269,-32.02872],[-53.852,-32.02739],[-53.85132,-32.02651],[-53.85196,-32.0235],[-53.85246,-32.02299],[-53.85316,-32.02283],[-53.85343,-32.02263],[-53.85379,-32.02218],[-53.854,-32.02172],[-53.85368,-32.02146],[-53.85331,-32.02099],[-53.85325,-32.02052],[-53.85305,-32.02028],[-53.85286,-32.02016],[-53.85313,-32.01933],[-53.85315,-32.01836],[-53.853,-32.01697],[-53.85271,-32.01623],[-53.8521,-32.01527],[-53.85157,-32.01369],[-53.85184,-32.01255],[-53.85258,-32.01174],[-53.85291,-32.01167],[-53.85333,-32.01184],[-53.8537,-32.01176],[-53.85427,-32.01048],[-53.85366,-32.00855],[-53.85345,-32.006],[-53.85234,-32.00408],[-53.85186,-32.00342],[-53.85064,-32.00205],[-53.84984,-32.0015],[-53.84943,-32.00113],[-53.84978,-32.00064],[-53.8507,-32.00015],[-53.85154,-31.99998],[-53.85224,-31.9997],[-53.85275,-31.99956],[-53.85312,-31.99964],[-53.85345,-31.99989],[-53.85387,-31.99958],[-53.85453,-31.99892],[-53.85519,-31.99816],[-53.85588,-31.99816],[-53.85644,-31.99807],[-53.85667,-31.99774],[-53.85724,-31.99668],[-53.85777,-31.99677],[-53.85872,-31.99717],[-53.85987,-31.9975],[-53.86066,-31.99733],[-53.8606,-31.99666],[-53.86036,-31.99569],[-53.85993,-31.9952],[-53.86018,-31.99495],[-53.86083,-31.99499],[-53.8614,-31.99513],[-53.86156,-31.9958],[-53.86182,-31.99625],[-53.86246,-31.99635],[-53.86343,-31.99611],[-53.86404,-31.99555],[-53.86475,-31.99466],[-53.86412,-31.99415],[-53.86379,-31.99335],[-53.86407,-31.99291],[-53.86509,-31.9929],[-53.86639,-31.99327],[-53.86667,-31.99388],[-53.86725,-31.9945],[-53.86859,-31.99529],[-53.86976,-31.99532],[-53.8708,-31.99546],[-53.8711,-31.99635],[-53.87135,-31.99673],[-53.87126,-31.9971],[-53.87078,-31.99743],[-53.87008,-31.99782],[-53.87058,-31.9985],[-53.87198,-31.99913],[-53.873,-31.99878],[-53.87459,-31.99802],[-53.87734,-31.99652],[-53.87859,-31.99579],[-53.87932,-31.99496],[-53.88156,-31.99484],[-53.88487,-31.99504],[-53.88692,-31.99504],[-53.88709,-31.99548],[-53.888,-31.99567],[-53.89005,-31.99551],[-53.89125,-31.9956],[-53.89225,-31.99516],[-53.89267,-31.9941],[-53.89304,-31.99283],[-53.89292,-31.99162],[-53.89229,-31.99055],[-53.89178,-31.98954],[-53.89163,-31.98908],[-53.8925,-31.98792],[-53.89321,-31.98769],[-53.89411,-31.98606],[-53.89463,-31.98571],[-53.89485,-31.98592],[-53.89487,-31.98622],[-53.89551,-31.98603],[-53.89617,-31.98565],[-53.89679,-31.98498],[-53.8971,-31.984],[-53.89696,-31.98279],[-53.89705,-31.98206],[-53.89729,-31.98175],[-53.89677,-31.98153],[-53.89655,-31.98115],[-53.89716,-31.9806],[-53.89867,-31.97956],[-53.89846,-31.97909],[-53.89845,-31.97847],[-53.89948,-31.97788],[-53.9002,-31.97841],[-53.90202,-31.97919],[-53.90256,-31.97905],[-53.90401,-31.97812],[-53.90424,-31.9777],[-53.90427,-31.97732],[-53.90558,-31.97598],[-53.906,-31.97589],[-53.90649,-31.97623],[-53.90673,-31.97611],[-53.90665,-31.97577],[-53.90673,-31.97539],[-53.90744,-31.97549],[-53.90785,-31.97513],[-53.90845,-31.97418],[-53.90829,-31.97389],[-53.90835,-31.97323],[-53.90861,-31.97257],[-53.90912,-31.9723],[-53.90978,-31.97218],[-53.90999,-31.97193],[-53.90987,-31.97167],[-53.91002,-31.97142],[-53.91041,-31.97159],[-53.91063,-31.97133],[-53.91052,-31.97116],[-53.91002,-31.97087],[-53.90962,-31.97056],[-53.90988,-31.96958],[-53.91013,-31.96915],[-53.91065,-31.96906],[-53.91147,-31.96844],[-53.91234,-31.96726],[-53.91253,-31.96648],[-53.91278,-31.96602],[-53.91324,-31.96568],[-53.91418,-31.96544],[-53.9148,-31.9656],[-53.91554,-31.96601],[-53.91638,-31.96594],[-53.91684,-31.96547],[-53.917,-31.96478],[-53.91747,-31.96416],[-53.91839,-31.96394],[-53.91957,-31.96382],[-53.92049,-31.96385],[-53.92189,-31.96315],[-53.9227,-31.96295],[-53.92349,-31.96303],[-53.925,-31.96358],[-53.92596,-31.96352],[-53.92629,-31.96319],[-53.92602,-31.96286],[-53.92572,-31.96261],[-53.92573,-31.96212],[-53.92612,-31.96195],[-53.9268,-31.96189],[-53.92777,-31.96206],[-53.92854,-31.9624],[-53.92901,-31.96285],[-53.92963,-31.96316],[-53.93031,-31.96332],[-53.93131,-31.96329],[-53.93204,-31.96318],[-53.93281,-31.96287],[-53.93311,-31.96228],[-53.93239,-31.96138],[-53.93267,-31.96088],[-53.93635,-31.95854],[-53.93787,-31.95793],[-53.9385,-31.95779],[-53.93873,-31.95799],[-53.93964,-31.95834],[-53.94018,-31.95862],[-53.94094,-31.95888],[-53.94192,-31.95878],[-53.94248,-31.95833],[-53.94257,-31.95795],[-53.94247,-31.95765],[-53.94396,-31.95616],[-53.94479,-31.95561],[-53.94659,-31.95484],[-53.94693,-31.95473],[-53.94772,-31.95458],[-53.94791,-31.95447],[-53.94815,-31.95431],[-53.9483,-31.95437],[-53.94849,-31.95451],[-53.94864,-31.95452],[-53.94889,-31.95437],[-53.9491,-31.95429],[-53.94925,-31.95447],[-53.94958,-31.95465],[-53.94979,-31.95476],[-53.94988,-31.95461],[-53.95014,-31.95453],[-53.95047,-31.95478],[-53.95069,-31.955],[-53.9508,-31.95524],[-53.95099,-31.95541],[-53.95109,-31.9556],[-53.95132,-31.9559],[-53.95134,-31.95618],[-53.95145,-31.95638],[-53.95161,-31.95634],[-53.95178,-31.95608],[-53.95217,-31.95604],[-53.95243,-31.95625],[-53.95266,-31.9565],[-53.95297,-31.95655],[-53.95328,-31.95634],[-53.95355,-31.95631],[-53.95352,-31.95644],[-53.95353,-31.95662],[-53.95382,-31.95676],[-53.95405,-31.95698],[-53.95462,-31.957],[-53.95491,-31.95685],[-53.95496,-31.95663],[-53.955,-31.95635],[-53.95517,-31.95614],[-53.95553,-31.95586],[-53.95587,-31.95557],[-53.95617,-31.95548],[-53.95675,-31.95555],[-53.95729,-31.9556],[-53.95768,-31.95494],[-53.95833,-31.95483],[-53.95879,-31.95506],[-53.95947,-31.95527],[-53.96008,-31.95545],[-53.96073,-31.95532],[-53.96096,-31.95484],[-53.96107,-31.95336],[-53.96189,-31.95193],[-53.96261,-31.95122],[-53.96374,-31.95058],[-53.96477,-31.95017],[-53.96545,-31.95018],[-53.96616,-31.94988],[-53.96639,-31.949],[-53.96632,-31.94837],[-53.96676,-31.94767],[-53.96789,-31.94424],[-53.96826,-31.94321],[-53.9691,-31.94237],[-53.97028,-31.94114],[-53.97199,-31.94047],[-53.97258,-31.93951],[-53.9725,-31.93685],[-53.97228,-31.93632],[-53.97204,-31.93608],[-53.97168,-31.93589],[-53.97135,-31.93555],[-53.97122,-31.93531],[-53.97109,-31.93507],[-53.97074,-31.93506],[-53.97038,-31.93516],[-53.97009,-31.93518],[-53.96975,-31.93518],[-53.96964,-31.93531],[-53.96966,-31.93555],[-53.96954,-31.93584],[-53.96924,-31.93616],[-53.96902,-31.93645],[-53.96893,-31.93675],[-53.9687,-31.93685],[-53.96825,-31.9369],[-53.96786,-31.93685],[-53.96752,-31.93676],[-53.9672,-31.93677],[-53.96711,-31.93668],[-53.9671,-31.93644],[-53.96716,-31.93628],[-53.9671,-31.93613],[-53.96693,-31.93596],[-53.96678,-31.93583],[-53.96672,-31.93565],[-53.96689,-31.93552],[-53.96723,-31.93533],[-53.96736,-31.93524],[-53.96743,-31.93505],[-53.96744,-31.93483],[-53.96724,-31.93468],[-53.96687,-31.9346],[-53.96659,-31.93455],[-53.96651,-31.93435],[-53.96666,-31.93421],[-53.96683,-31.934],[-53.96682,-31.93365],[-53.96672,-31.93337],[-53.96655,-31.93322],[-53.96621,-31.93315],[-53.96577,-31.93327],[-53.9653,-31.93341],[-53.96498,-31.93347],[-53.96473,-31.93354],[-53.96441,-31.93342],[-53.96418,-31.93316],[-53.96409,-31.93289],[-53.96401,-31.93246],[-53.96381,-31.93187],[-53.96373,-31.93136],[-53.96389,-31.93108],[-53.96421,-31.93087],[-53.96447,-31.93093],[-53.96474,-31.93109],[-53.96494,-31.93093],[-53.96484,-31.93037],[-53.96462,-31.9301],[-53.96418,-31.92984],[-53.96345,-31.93],[-53.96274,-31.93071],[-53.96236,-31.93118],[-53.96203,-31.93096],[-53.96182,-31.93063],[-53.96167,-31.92924],[-53.96222,-31.92574],[-53.963,-31.923],[-53.96421,-31.92174],[-53.96445,-31.92154],[-53.96461,-31.92151],[-53.96484,-31.92162],[-53.96532,-31.92162],[-53.96571,-31.92169],[-53.96615,-31.92194],[-53.96673,-31.9221],[-53.96704,-31.92198],[-53.9675,-31.92179],[-53.96796,-31.92188],[-53.96823,-31.92219],[-53.96848,-31.92248],[-53.969,-31.92251],[-53.96937,-31.92216],[-53.96964,-31.92175],[-53.96963,-31.9213],[-53.9696,-31.92103],[-53.96935,-31.9208],[-53.96887,-31.92074],[-53.9685,-31.92078],[-53.96813,-31.92078],[-53.96773,-31.92073],[-53.96738,-31.92061],[-53.96728,-31.92026],[-53.96735,-31.91998],[-53.96763,-31.91972],[-53.96792,-31.91959],[-53.96824,-31.91953],[-53.96846,-31.91939],[-53.96871,-31.91907],[-53.96886,-31.91876],[-53.9691,-31.91842],[-53.96934,-31.91805],[-53.96959,-31.91779],[-53.96972,-31.91765],[-53.97011,-31.91763],[-53.9704,-31.91778],[-53.97042,-31.91808],[-53.97021,-31.91842],[-53.97032,-31.91866],[-53.97074,-31.91884],[-53.9712,-31.91897],[-53.97166,-31.9189],[-53.97199,-31.91871],[-53.97236,-31.91866],[-53.97307,-31.91875],[-53.97373,-31.91849],[-53.97428,-31.91795],[-53.97501,-31.91758],[-53.97622,-31.91744],[-53.97669,-31.91757],[-53.97707,-31.91794],[-53.97753,-31.91825],[-53.97804,-31.91822],[-53.97856,-31.91785],[-53.97889,-31.91739],[-53.97936,-31.91712],[-53.97996,-31.91705],[-53.98039,-31.9168],[-53.98056,-31.91642],[-53.9807,-31.91619],[-53.98089,-31.91602],[-53.98116,-31.916],[-53.98143,-31.91632],[-53.98169,-31.91679],[-53.98204,-31.91696],[-53.98249,-31.91681],[-53.98268,-31.91661],[-53.983,-31.91665],[-53.98314,-31.91678],[-53.98342,-31.91715],[-53.98368,-31.91736],[-53.98416,-31.91753],[-53.98449,-31.91756],[-53.98485,-31.91749],[-53.98511,-31.91734],[-53.98511,-31.91715],[-53.98506,-31.91698],[-53.98506,-31.9168],[-53.98519,-31.91666],[-53.98553,-31.91656],[-53.98582,-31.91663],[-53.98612,-31.91692],[-53.98653,-31.9171],[-53.98695,-31.91713],[-53.98733,-31.9171],[-53.98757,-31.91698],[-53.98764,-31.91683],[-53.98765,-31.91662],[-53.98786,-31.91655],[-53.98819,-31.91664],[-53.98899,-31.91703],[-53.98928,-31.91718],[-53.98939,-31.91728],[-53.98946,-31.91743],[-53.98956,-31.91755],[-53.98983,-31.91753],[-53.99024,-31.91746],[-53.99043,-31.91738],[-53.99063,-31.91717],[-53.9909,-31.91682],[-53.99117,-31.91635],[-53.99155,-31.91613],[-53.99209,-31.91589],[-53.99218,-31.91581],[-53.99219,-31.91571],[-53.99208,-31.91554],[-53.9919,-31.9154],[-53.99183,-31.91525],[-53.99185,-31.91492],[-53.99193,-31.91472],[-53.99205,-31.91459],[-53.99224,-31.91451],[-53.99238,-31.91449],[-53.9925,-31.91456],[-53.99247,-31.91466],[-53.99246,-31.91481],[-53.9925,-31.91496],[-53.99266,-31.91513],[-53.9929,-31.91521],[-53.99332,-31.91533],[-53.99378,-31.91541],[-53.9942,-31.91543],[-53.99478,-31.91526],[-53.99649,-31.91459],[-53.99682,-31.91435],[-53.99731,-31.91384],[-53.9975,-31.91377],[-53.99779,-31.91377],[-53.99809,-31.91388],[-53.99851,-31.91409],[-53.99871,-31.91434],[-53.99905,-31.91474],[-53.99939,-31.91504],[-53.99968,-31.91522],[-53.99986,-31.91526],[-54.0,-31.91522],[-54.00019,-31.915],[-54.00036,-31.91474],[-54.0006,-31.91462],[-54.00092,-31.91448],[-54.00106,-31.91429],[-54.00107,-31.91413],[-54.001,-31.914],[-54.00083,-31.91387],[-54.00078,-31.91374],[-54.0009,-31.91357],[-54.00114,-31.91342],[-54.00138,-31.91335],[-54.00165,-31.91333],[-54.00191,-31.91343],[-54.0022,-31.91357],[-54.00234,-31.91375],[-54.00239,-31.91391],[-54.00239,-31.91406],[-54.00231,-31.91428],[-54.00231,-31.91452],[-54.00246,-31.9147],[-54.00268,-31.91482],[-54.00296,-31.91483],[-54.00372,-31.91467],[-54.00432,-31.91459],[-54.00445,-31.91449],[-54.00503,-31.91372],[-54.00524,-31.91342],[-54.00549,-31.91331],[-54.00582,-31.91326],[-54.00635,-31.91302],[-54.00662,-31.9128],[-54.0068,-31.9125],[-54.0069,-31.91225],[-54.00681,-31.91199],[-54.00661,-31.91186],[-54.00643,-31.91166],[-54.00644,-31.9114],[-54.00647,-31.91105],[-54.00678,-31.91076],[-54.00702,-31.91051],[-54.00709,-31.91034],[-54.00702,-31.91012],[-54.007,-31.90968],[-54.00706,-31.90944],[-54.00716,-31.90919],[-54.00713,-31.90889],[-54.007,-31.90866],[-54.00676,-31.90848],[-54.0067,-31.90835],[-54.0067,-31.90816],[-54.00681,-31.90809],[-54.00698,-31.90808],[-54.00738,-31.9082],[-54.00794,-31.90831],[-54.00848,-31.90832],[-54.00904,-31.90815],[-54.00962,-31.90804],[-54.01068,-31.90804],[-54.01095,-31.90808],[-54.01113,-31.90799],[-54.01143,-31.90796],[-54.01195,-31.90797],[-54.01261,-31.90807],[-54.01302,-31.90813],[-54.01355,-31.90827],[-54.01383,-31.90824],[-54.01402,-31.90824],[-54.01416,-31.90841],[-54.01445,-31.90866],[-54.01473,-31.90869],[-54.01503,-31.90869],[-54.01526,-31.90862],[-54.01556,-31.90837],[-54.01563,-31.90814],[-54.01603,-31.90768],[-54.01622,-31.90742],[-54.01629,-31.90725],[-54.0165,-31.90705],[-54.01665,-31.90681],[-54.01667,-31.90658],[-54.01654,-31.90634],[-54.0163,-31.90621],[-54.01603,-31.90618],[-54.0157,-31.90627],[-54.01541,-31.90648],[-54.01517,-31.90678],[-54.01465,-31.90698],[-54.01446,-31.90716],[-54.01415,-31.90717],[-54.01387,-31.90719],[-54.01363,-31.90728],[-54.01339,-31.90724],[-54.01313,-31.90709],[-54.01297,-31.90694],[-54.0129,-31.90673],[-54.01286,-31.90648],[-54.01285,-31.90622],[-54.01277,-31.90592],[-54.01257,-31.90571],[-54.01229,-31.90541],[-54.01216,-31.90511],[-54.01226,-31.90482],[-54.01255,-31.90457],[-54.01289,-31.90437],[-54.01321,-31.90412],[-54.0136,-31.90404],[-54.01397,-31.90408],[-54.01431,-31.90425],[-54.01466,-31.90437],[-54.01507,-31.90434],[-54.01541,-31.90435],[-54.01557,-31.90444],[-54.01577,-31.90459],[-54.01611,-31.90473],[-54.0165,-31.90475],[-54.01711,-31.90478],[-54.0176,-31.90464],[-54.01794,-31.90442],[-54.01796,-31.90424],[-54.01805,-31.90413],[-54.01823,-31.9041],[-54.01836,-31.904],[-54.01838,-31.90386],[-54.01829,-31.9037],[-54.01796,-31.90355],[-54.01725,-31.90342],[-54.01677,-31.9032],[-54.01618,-31.90286],[-54.01559,-31.90255],[-54.01529,-31.90233],[-54.0152,-31.90202],[-54.01527,-31.90183],[-54.01549,-31.90169],[-54.01566,-31.90155],[-54.01579,-31.90138],[-54.0163,-31.90106],[-54.01656,-31.90092],[-54.01679,-31.90094],[-54.01705,-31.90098],[-54.01717,-31.90111],[-54.01735,-31.90141],[-54.01751,-31.90162],[-54.01771,-31.90176],[-54.01789,-31.90183],[-54.01816,-31.90184],[-54.01862,-31.90168],[-54.0192,-31.90149],[-54.01965,-31.90147],[-54.02035,-31.90125],[-54.02101,-31.90111],[-54.02165,-31.90108],[-54.02204,-31.9011],[-54.0224,-31.90115],[-54.02254,-31.90127],[-54.02254,-31.90144],[-54.02267,-31.90161],[-54.02285,-31.90171],[-54.02308,-31.9017],[-54.02336,-31.90159],[-54.02356,-31.90141],[-54.02371,-31.90109],[-54.02373,-31.90045],[-54.0236,-31.89969],[-54.02354,-31.89925],[-54.02337,-31.89887],[-54.02331,-31.89865],[-54.02342,-31.89822],[-54.02368,-31.89785],[-54.02406,-31.8976],[-54.02457,-31.89742],[-54.02549,-31.89722],[-54.02592,-31.89702],[-54.02642,-31.89686],[-54.02668,-31.89683],[-54.02702,-31.89696],[-54.0272,-31.89717],[-54.02782,-31.89806],[-54.02836,-31.89836],[-54.02896,-31.89848],[-54.02999,-31.89836],[-54.03032,-31.89835],[-54.03064,-31.89843],[-54.03103,-31.89867],[-54.0315,-31.89877],[-54.03186,-31.89877],[-54.03216,-31.89869],[-54.03224,-31.89848],[-54.03229,-31.89828],[-54.03221,-31.89785],[-54.03212,-31.89751],[-54.03182,-31.89735],[-54.03163,-31.89718],[-54.03152,-31.89705],[-54.03157,-31.89692],[-54.03173,-31.89676],[-54.03177,-31.89662],[-54.03162,-31.89649],[-54.03136,-31.89634],[-54.03127,-31.89616],[-54.03131,-31.89595],[-54.03144,-31.89575],[-54.03166,-31.8956],[-54.0319,-31.89554],[-54.03223,-31.89551],[-54.03259,-31.89542],[-54.03278,-31.89543],[-54.03299,-31.89553],[-54.0332,-31.8957],[-54.03362,-31.89571],[-54.03381,-31.89581],[-54.03386,-31.89593],[-54.03388,-31.89611],[-54.03384,-31.89626],[-54.03377,-31.89641],[-54.03362,-31.89661],[-54.0336,-31.89676],[-54.03371,-31.8969],[-54.03402,-31.89715],[-54.03432,-31.89729],[-54.03454,-31.89729],[-54.03485,-31.89715],[-54.0351,-31.89715],[-54.03528,-31.89726],[-54.0355,-31.89744],[-54.03577,-31.89753],[-54.03606,-31.8975],[-54.03645,-31.89742],[-54.03746,-31.89738],[-54.03833,-31.8974],[-54.03891,-31.89726],[-54.03939,-31.89697],[-54.03988,-31.89674],[-54.04027,-31.89676],[-54.04052,-31.89691],[-54.04059,-31.89708],[-54.04049,-31.89737],[-54.0404,-31.89755],[-54.04034,-31.8978],[-54.04043,-31.8981],[-54.04057,-31.89822],[-54.04079,-31.89828],[-54.04116,-31.89826],[-54.04153,-31.89843],[-54.04179,-31.8986],[-54.04187,-31.89885],[-54.04216,-31.89896],[-54.04229,-31.89912],[-54.04238,-31.89937],[-54.04242,-31.89966],[-54.04231,-31.89983],[-54.04212,-31.9001],[-54.04207,-31.90035],[-54.04224,-31.9006],[-54.0424,-31.90069],[-54.04261,-31.90085],[-54.04267,-31.90107],[-54.04285,-31.90118],[-54.04332,-31.90123],[-54.04363,-31.90132],[-54.04393,-31.90144],[-54.04419,-31.90165],[-54.0443,-31.90185],[-54.04439,-31.90211],[-54.04444,-31.90253],[-54.04459,-31.9029],[-54.04475,-31.903],[-54.04493,-31.9031],[-54.045,-31.90321],[-54.04498,-31.90336],[-54.04507,-31.90352],[-54.04528,-31.90367],[-54.04564,-31.90374],[-54.04607,-31.9038],[-54.04641,-31.9038],[-54.04673,-31.90372],[-54.04711,-31.90356],[-54.04744,-31.90336],[-54.04773,-31.9033],[-54.048,-31.90326],[-54.04813,-31.9033],[-54.04819,-31.90342],[-54.04815,-31.90361],[-54.04809,-31.90401],[-54.04806,-31.90424],[-54.04816,-31.90452],[-54.04848,-31.90503],[-54.04858,-31.90526],[-54.04873,-31.90544],[-54.04894,-31.90561],[-54.04911,-31.90564],[-54.04922,-31.90552],[-54.04935,-31.90537],[-54.04963,-31.90519],[-54.04993,-31.90518],[-54.05021,-31.90521],[-54.0505,-31.90519],[-54.05074,-31.90506],[-54.05096,-31.90468],[-54.05112,-31.90441],[-54.05126,-31.9042],[-54.05136,-31.90401],[-54.05154,-31.90393],[-54.05182,-31.90401],[-54.05194,-31.90415],[-54.05193,-31.90432],[-54.05203,-31.90453],[-54.05228,-31.90468],[-54.05263,-31.90477],[-54.05313,-31.90484],[-54.05339,-31.90499],[-54.05376,-31.90527],[-54.05392,-31.90545],[-54.05448,-31.90609],[-54.05463,-31.90657],[-54.05463,-31.9069],[-54.0546,-31.90752],[-54.05468,-31.90773],[-54.05496,-31.90783],[-54.05516,-31.90785],[-54.05528,-31.90797],[-54.05561,-31.9082],[-54.05622,-31.90841],[-54.05633,-31.90852],[-54.05654,-31.90877],[-54.0567,-31.90888],[-54.05683,-31.90907],[-54.05682,-31.90932],[-54.05677,-31.90957],[-54.05669,-31.90981],[-54.05658,-31.90988],[-54.05637,-31.90987],[-54.05622,-31.90998],[-54.05614,-31.91011],[-54.05626,-31.91028],[-54.05627,-31.91043],[-54.05622,-31.91068],[-54.05608,-31.9109],[-54.0558,-31.91101],[-54.05576,-31.91116],[-54.05585,-31.91134],[-54.05598,-31.91149],[-54.0561,-31.91166],[-54.05612,-31.91183],[-54.05634,-31.91193],[-54.05655,-31.91184],[-54.05684,-31.91184],[-54.05705,-31.91188],[-54.05721,-31.91203],[-54.05735,-31.91245],[-54.05756,-31.91275],[-54.05749,-31.91297],[-54.05743,-31.91323],[-54.05729,-31.91347],[-54.0572,-31.91367],[-54.05718,-31.91387],[-54.05722,-31.91408],[-54.05739,-31.91422],[-54.05764,-31.91422],[-54.05782,-31.9141],[-54.05793,-31.91387],[-54.05793,-31.9137],[-54.058,-31.91351],[-54.05811,-31.91346],[-54.05828,-31.91345],[-54.05839,-31.91334],[-54.05861,-31.9133],[-54.05879,-31.91331],[-54.0589,-31.9134],[-54.05891,-31.91365],[-54.05891,-31.9139],[-54.0591,-31.91412],[-54.0594,-31.91433],[-54.05976,-31.91455],[-54.06008,-31.91454],[-54.06042,-31.91449],[-54.06072,-31.91462],[-54.06096,-31.91484],[-54.0612,-31.91477],[-54.06139,-31.91479],[-54.06145,-31.91489],[-54.06142,-31.91515],[-54.06139,-31.91532],[-54.06127,-31.91544],[-54.0613,-31.91561],[-54.06145,-31.91574],[-54.06162,-31.91576],[-54.06168,-31.9159],[-54.06165,-31.91606],[-54.06171,-31.91617],[-54.06191,-31.91612],[-54.06214,-31.9161],[-54.06219,-31.91596],[-54.06227,-31.91582],[-54.06238,-31.91575],[-54.06253,-31.91573],[-54.06266,-31.91588],[-54.06281,-31.91602],[-54.06291,-31.91616],[-54.06296,-31.91631],[-54.06286,-31.91643],[-54.06278,-31.91651],[-54.06277,-31.91659],[-54.06254,-31.91668],[-54.06247,-31.91686],[-54.06244,-31.9171],[-54.06234,-31.91729],[-54.06239,-31.91751],[-54.06258,-31.9177],[-54.0626,-31.91785],[-54.06251,-31.918],[-54.06241,-31.91811],[-54.06244,-31.9183],[-54.06264,-31.91848],[-54.06284,-31.91858],[-54.06282,-31.91875],[-54.06279,-31.91899],[-54.0629,-31.91912],[-54.06321,-31.91931],[-54.0635,-31.91944],[-54.06368,-31.91958],[-54.06379,-31.9197],[-54.06381,-31.91991],[-54.06425,-31.92009],[-54.06477,-31.92025],[-54.06554,-31.92044],[-54.06582,-31.92062],[-54.06601,-31.92091],[-54.06627,-31.92105],[-54.06657,-31.92128],[-54.0667,-31.92151],[-54.06668,-31.92197],[-54.06675,-31.92238],[-54.06687,-31.92271],[-54.06704,-31.92303],[-54.06729,-31.92316],[-54.06748,-31.92314],[-54.06788,-31.92286],[-54.06852,-31.92263],[-54.06896,-31.92251],[-54.06938,-31.92246],[-54.06963,-31.92251],[-54.06984,-31.92253],[-54.07005,-31.92245],[-54.0702,-31.92228],[-54.07031,-31.92198],[-54.07058,-31.92172],[-54.07064,-31.92149],[-54.0707,-31.92125],[-54.07082,-31.92119],[-54.0711,-31.92116],[-54.07127,-31.92115],[-54.07139,-31.92105],[-54.0715,-31.92086],[-54.0716,-31.92054],[-54.07164,-31.9203],[-54.07183,-31.92023],[-54.07202,-31.92018],[-54.07226,-31.92008],[-54.07243,-31.91993],[-54.07243,-31.91973],[-54.07233,-31.91952],[-54.0722,-31.9193],[-54.07217,-31.91911],[-54.07225,-31.91894],[-54.07253,-31.91883],[-54.07309,-31.91877],[-54.0737,-31.91878],[-54.07414,-31.91892],[-54.07446,-31.91921],[-54.07477,-31.91951],[-54.07506,-31.91977],[-54.07517,-31.92002],[-54.07545,-31.92025],[-54.07577,-31.92038],[-54.0763,-31.92066],[-54.07686,-31.92095],[-54.07728,-31.92114],[-54.07791,-31.92168],[-54.07807,-31.92202],[-54.07842,-31.92225],[-54.07875,-31.92264],[-54.07885,-31.92306],[-54.07912,-31.9235],[-54.07968,-31.9239],[-54.08042,-31.92415],[-54.08074,-31.92432],[-54.08084,-31.9247],[-54.08088,-31.92521],[-54.0808,-31.92591],[-54.08043,-31.92631],[-54.0801,-31.92657],[-54.07971,-31.92677],[-54.0796,-31.92688],[-54.07966,-31.9272],[-54.07975,-31.92777],[-54.0797,-31.92824],[-54.07974,-31.92846],[-54.07992,-31.92864],[-54.0802,-31.92856],[-54.08041,-31.92853],[-54.08069,-31.92868],[-54.08087,-31.92899],[-54.08089,-31.92928],[-54.08121,-31.92941],[-54.08194,-31.92956],[-54.08346,-31.9297],[-54.08402,-31.92983],[-54.08451,-31.92998],[-54.08482,-31.93011],[-54.08533,-31.93015],[-54.08563,-31.93032],[-54.08596,-31.93037],[-54.0863,-31.93052],[-54.08673,-31.93061],[-54.08731,-31.93069],[-54.08768,-31.93087],[-54.08791,-31.93108],[-54.088,-31.93131],[-54.08801,-31.93171],[-54.08804,-31.93194],[-54.0882,-31.9321],[-54.08826,-31.9323],[-54.08826,-31.93259],[-54.08811,-31.93275],[-54.08787,-31.93287],[-54.08775,-31.93299],[-54.08746,-31.93298],[-54.08724,-31.93303],[-54.08701,-31.93311],[-54.08691,-31.93336],[-54.08686,-31.93359],[-54.08672,-31.93388],[-54.08658,-31.9344],[-54.08658,-31.93458],[-54.08666,-31.93482],[-54.08667,-31.93502],[-54.08694,-31.93514],[-54.08738,-31.93516],[-54.08786,-31.9352],[-54.08844,-31.9353],[-54.08894,-31.93532],[-54.08932,-31.93524],[-54.08965,-31.9351],[-54.0899,-31.93472],[-54.09006,-31.93448],[-54.09005,-31.93421],[-54.08991,-31.93398],[-54.08988,-31.93378],[-54.09002,-31.93362],[-54.09017,-31.93344],[-54.09014,-31.93311],[-54.09018,-31.9328],[-54.09036,-31.9324],[-54.09078,-31.93181],[-54.09105,-31.93121],[-54.0912,-31.93069],[-54.09136,-31.93043],[-54.09159,-31.93027],[-54.09188,-31.93023],[-54.09217,-31.93028],[-54.09259,-31.93051],[-54.09296,-31.93081],[-54.09338,-31.93106],[-54.09389,-31.93124],[-54.09413,-31.93126],[-54.09471,-31.93115],[-54.09511,-31.9309],[-54.09545,-31.93046],[-54.09545,-31.93023],[-54.09549,-31.92989],[-54.09596,-31.92957],[-54.09694,-31.92904],[-54.09776,-31.92844],[-54.09808,-31.92817],[-54.09825,-31.92811],[-54.09855,-31.92814],[-54.09885,-31.92822],[-54.09925,-31.92837],[-54.09946,-31.92849],[-54.09964,-31.92849],[-54.09995,-31.9284],[-54.10019,-31.92824],[-54.10027,-31.92818],[-54.10045,-31.928],[-54.10065,-31.92775],[-54.10075,-31.9275],[-54.10098,-31.92727],[-54.10128,-31.92711],[-54.10153,-31.92664],[-54.10157,-31.92631],[-54.1015,-31.92611],[-54.10129,-31.92605],[-54.10114,-31.92593],[-54.10113,-31.92568],[-54.10107,-31.92545],[-54.10071,-31.92514],[-54.10046,-31.9251],[-54.10018,-31.925],[-54.10009,-31.92483],[-54.10009,-31.92455],[-54.10018,-31.92432],[-54.10043,-31.9242],[-54.10081,-31.92404],[-54.10152,-31.92392],[-54.10192,-31.92373],[-54.1024,-31.92346],[-54.10286,-31.9231],[-54.10321,-31.92278],[-54.10341,-31.92239],[-54.10354,-31.92206],[-54.10355,-31.92153],[-54.10355,-31.92108],[-54.10366,-31.92084],[-54.104,-31.92073],[-54.1044,-31.92056],[-54.10467,-31.92021],[-54.10491,-31.91977],[-54.10525,-31.91958],[-54.10569,-31.91957],[-54.10602,-31.91945],[-54.10705,-31.91856],[-54.10737,-31.91788],[-54.10729,-31.91769],[-54.10711,-31.91753],[-54.10697,-31.91725],[-54.10688,-31.91629],[-54.1068,-31.91611],[-54.10678,-31.91591],[-54.10672,-31.91576],[-54.10664,-31.91556],[-54.10646,-31.91538],[-54.10641,-31.91504],[-54.10631,-31.91477],[-54.10637,-31.91438],[-54.10627,-31.91408],[-54.10612,-31.91383],[-54.10573,-31.91356],[-54.10556,-31.91322],[-54.10537,-31.91297],[-54.10532,-31.91285],[-54.10539,-31.9127],[-54.10533,-31.91257],[-54.10544,-31.91238],[-54.10542,-31.91229],[-54.10553,-31.91224],[-54.10592,-31.91223],[-54.10611,-31.91222],[-54.10636,-31.9121],[-54.10665,-31.9119],[-54.1069,-31.91181],[-54.10728,-31.91173],[-54.10743,-31.9117],[-54.10774,-31.91182],[-54.10798,-31.91188],[-54.10838,-31.912],[-54.10852,-31.912],[-54.1086,-31.91188],[-54.10857,-31.91175],[-54.10851,-31.91164],[-54.10844,-31.91143],[-54.10848,-31.91128],[-54.10862,-31.91122],[-54.10866,-31.91107],[-54.10859,-31.91089],[-54.10841,-31.91057],[-54.10821,-31.91031],[-54.10825,-31.90997],[-54.10835,-31.90962],[-54.10865,-31.90948],[-54.10897,-31.90937],[-54.10916,-31.90923],[-54.10921,-31.90906],[-54.10934,-31.90891],[-54.10953,-31.90886],[-54.10973,-31.90887],[-54.10984,-31.90881],[-54.10994,-31.90862],[-54.10997,-31.90844],[-54.11,-31.90822],[-54.11011,-31.90806],[-54.11043,-31.90788],[-54.11057,-31.90778],[-54.11078,-31.90777],[-54.11092,-31.9079],[-54.11109,-31.90798],[-54.11122,-31.90797],[-54.11136,-31.90785],[-54.11145,-31.90767],[-54.11166,-31.90749],[-54.1118,-31.90737],[-54.11216,-31.90727],[-54.11249,-31.90729],[-54.11271,-31.90726],[-54.11291,-31.90738],[-54.11318,-31.90745],[-54.11352,-31.90748],[-54.11384,-31.9074],[-54.1141,-31.90723],[-54.11419,-31.90707],[-54.1143,-31.90696],[-54.11451,-31.9069],[-54.11513,-31.90686],[-54.11555,-31.90683],[-54.11571,-31.90672],[-54.11592,-31.90645],[-54.11592,-31.90616],[-54.11589,-31.90586],[-54.116,-31.90533],[-54.11604,-31.90507],[-54.11615,-31.90489],[-54.11614,-31.90471],[-54.11614,-31.9046],[-54.11627,-31.90454],[-54.11657,-31.90445],[-54.11684,-31.90448],[-54.11716,-31.90449],[-54.11748,-31.90435],[-54.11779,-31.90418],[-54.11796,-31.904],[-54.11806,-31.90378],[-54.1181,-31.90358],[-54.11826,-31.90343],[-54.11843,-31.90333],[-54.11867,-31.9033],[-54.11946,-31.90342],[-54.1196,-31.90352],[-54.11976,-31.90368],[-54.11995,-31.90371],[-54.12018,-31.90358],[-54.12054,-31.90346],[-54.12086,-31.90338],[-54.12116,-31.90314],[-54.12164,-31.90282],[-54.12207,-31.90247],[-54.12229,-31.90216],[-54.12235,-31.90195],[-54.12252,-31.90181],[-54.1227,-31.9018],[-54.12288,-31.90185],[-54.12301,-31.90185],[-54.12312,-31.90174],[-54.12323,-31.90157],[-54.12328,-31.9014],[-54.12342,-31.90128],[-54.12359,-31.90124],[-54.12379,-31.90123],[-54.12395,-31.90112],[-54.1242,-31.90089],[-54.12429,-31.90071],[-54.12427,-31.90058],[-54.12419,-31.90044],[-54.12422,-31.90029],[-54.1243,-31.90011],[-54.12459,-31.89992],[-54.1248,-31.89984],[-54.12498,-31.89971],[-54.12526,-31.89952],[-54.12564,-31.89939],[-54.12656,-31.89931],[-54.12669,-31.89931],[-54.12675,-31.89938],[-54.12675,-31.89946],[-54.12682,-31.89951],[-54.12694,-31.89952],[-54.12721,-31.89942],[-54.12737,-31.89927],[-54.12751,-31.89903],[-54.12764,-31.89879],[-54.12777,-31.89863],[-54.12793,-31.89851],[-54.12814,-31.89841],[-54.12836,-31.89839],[-54.12873,-31.89844],[-54.12908,-31.89846],[-54.12927,-31.89844],[-54.12937,-31.89837],[-54.12961,-31.89834],[-54.12974,-31.89833],[-54.12992,-31.89823],[-54.1303,-31.89793],[-54.13054,-31.89777],[-54.1308,-31.89752],[-54.13116,-31.89727],[-54.13179,-31.89698],[-54.13198,-31.89686],[-54.13211,-31.89665],[-54.13222,-31.89647],[-54.13245,-31.89629],[-54.13266,-31.89621],[-54.13283,-31.89613],[-54.13298,-31.89598],[-54.13325,-31.89594],[-54.13359,-31.89594],[-54.13381,-31.89601],[-54.13411,-31.89622],[-54.13414,-31.89635],[-54.13404,-31.89671],[-54.13394,-31.89706],[-54.13398,-31.89731],[-54.13392,-31.89759],[-54.13403,-31.89776],[-54.13407,-31.89796],[-54.13421,-31.89813],[-54.13439,-31.89817],[-54.13462,-31.89814],[-54.13493,-31.89801],[-54.1352,-31.89783],[-54.13546,-31.89764],[-54.13569,-31.89751],[-54.13579,-31.89738],[-54.1359,-31.89721],[-54.13607,-31.89693],[-54.13631,-31.89673],[-54.13661,-31.8966],[-54.13698,-31.89647],[-54.13721,-31.89644],[-54.13737,-31.89632],[-54.13755,-31.89624],[-54.1377,-31.89628],[-54.13792,-31.89639],[-54.13808,-31.89632],[-54.13835,-31.89614],[-54.13845,-31.89596],[-54.13848,-31.89579],[-54.13992,-31.89496],[-54.14044,-31.89487],[-54.14054,-31.89466],[-54.1408,-31.8946],[-54.14101,-31.8944],[-54.14123,-31.89414],[-54.14141,-31.89377],[-54.14153,-31.89346],[-54.14183,-31.89292],[-54.14205,-31.89232],[-54.14225,-31.89207],[-54.14233,-31.89179],[-54.14256,-31.89156],[-54.14288,-31.8913],[-54.14302,-31.89112],[-54.14304,-31.89084],[-54.14309,-31.89044],[-54.14327,-31.89012],[-54.14336,-31.88995],[-54.14329,-31.8899],[-54.14317,-31.8899],[-54.14303,-31.88983],[-54.14295,-31.88974],[-54.14303,-31.88943],[-54.14315,-31.88938],[-54.14326,-31.88941],[-54.14337,-31.88944],[-54.14348,-31.88933],[-54.14351,-31.88916],[-54.14373,-31.88883],[-54.14378,-31.88871],[-54.14395,-31.88869],[-54.14406,-31.8887],[-54.14413,-31.8886],[-54.1442,-31.88841],[-54.14418,-31.88822],[-54.1441,-31.88804],[-54.14395,-31.88799],[-54.14385,-31.88786],[-54.1438,-31.88763],[-54.14394,-31.88739],[-54.1439,-31.88724],[-54.14373,-31.88714],[-54.14352,-31.8871],[-54.14331,-31.88713],[-54.1431,-31.8872],[-54.14287,-31.88714],[-54.14272,-31.88701],[-54.14273,-31.88685],[-54.14267,-31.8866],[-54.14275,-31.88638],[-54.14277,-31.88618],[-54.14275,-31.88609],[-54.14265,-31.88603],[-54.14248,-31.88602],[-54.14239,-31.88592],[-54.14242,-31.88579],[-54.14252,-31.88566],[-54.14275,-31.88543],[-54.14291,-31.88527],[-54.14286,-31.88519],[-54.14271,-31.88505],[-54.14263,-31.8848],[-54.14262,-31.88458],[-54.14258,-31.88433],[-54.14267,-31.88412],[-54.14298,-31.88378],[-54.14309,-31.88356],[-54.14327,-31.88326],[-54.14351,-31.88296],[-54.14397,-31.88271],[-54.14436,-31.88252],[-54.14437,-31.88223],[-54.14443,-31.88199],[-54.14463,-31.88181],[-54.14496,-31.88174],[-54.14526,-31.88173],[-54.14564,-31.88171],[-54.14616,-31.88163],[-54.14656,-31.88142],[-54.14684,-31.88125],[-54.14712,-31.88123],[-54.14735,-31.88107],[-54.14757,-31.88085],[-54.14758,-31.88068],[-54.14766,-31.88053],[-54.14814,-31.88014],[-54.14847,-31.87993],[-54.1486,-31.87978],[-54.1488,-31.87973],[-54.14914,-31.87971],[-54.14962,-31.87968],[-54.15013,-31.87934],[-54.1508,-31.87905],[-54.151,-31.87889],[-54.15119,-31.87884],[-54.15145,-31.8789],[-54.15157,-31.879],[-54.15174,-31.87908],[-54.15201,-31.879],[-54.15212,-31.87907],[-54.15228,-31.87905],[-54.15259,-31.87899],[-54.15323,-31.87891],[-54.15358,-31.87877],[-54.15388,-31.87856],[-54.15411,-31.87839],[-54.15417,-31.87823],[-54.15409,-31.87805],[-54.1541,-31.87794],[-54.15425,-31.87782],[-54.15449,-31.87763],[-54.1547,-31.87736],[-54.15482,-31.87712],[-54.15492,-31.87691],[-54.1551,-31.87672],[-54.15527,-31.87659],[-54.15538,-31.87646],[-54.15538,-31.87624],[-54.15536,-31.87604],[-54.1554,-31.87593],[-54.15551,-31.87585],[-54.15568,-31.87587],[-54.15581,-31.87586],[-54.1561,-31.87567],[-54.15633,-31.8756],[-54.15659,-31.87546],[-54.15721,-31.87506],[-54.15728,-31.87501],[-54.15733,-31.87488],[-54.15732,-31.87479],[-54.15731,-31.87457],[-54.15732,-31.8745],[-54.15739,-31.87434],[-54.15746,-31.87424],[-54.15756,-31.87415],[-54.15799,-31.87379],[-54.15831,-31.87352],[-54.15918,-31.87312],[-54.1597,-31.87286],[-54.15998,-31.87266],[-54.16071,-31.87215],[-54.16084,-31.87204],[-54.16433,-31.86943],[-54.16645,-31.86757],[-54.16672,-31.86737],[-54.17041,-31.86463],[-54.17372,-31.86216],[-54.18239,-31.85572],[-54.22318,-31.82538],[-54.23577,-31.81601],[-54.33136,-31.74486],[-54.42115,-31.67798],[-54.45475,-31.65295],[-54.45641,-31.65171],[-54.45605,-31.6515],[-54.4554,-31.65092],[-54.45498,-31.64991],[-54.45487,-31.64953],[-54.45502,-31.6492],[-54.45483,-31.64883],[-54.45452,-31.64869],[-54.45415,-31.64826],[-54.45398,-31.64766],[-54.45391,-31.64706],[-54.45414,-31.64653],[-54.45431,-31.6462],[-54.45421,-31.64599],[-54.45385,-31.64582],[-54.45373,-31.64569],[-54.45373,-31.64546],[-54.45379,-31.64529],[-54.45365,-31.64517],[-54.45349,-31.64504],[-54.45344,-31.64484],[-54.45352,-31.64459],[-54.45364,-31.64452],[-54.45404,-31.64437],[-54.45414,-31.64415],[-54.454,-31.64391],[-54.45373,-31.64372],[-54.4535,-31.64341],[-54.45334,-31.64263],[-54.4532,-31.64248],[-54.45298,-31.64245],[-54.45276,-31.64254],[-54.45239,-31.64261],[-54.45221,-31.6425],[-54.45205,-31.64173],[-54.45187,-31.64132],[-54.45223,-31.64093],[-54.45169,-31.64045],[-54.45162,-31.64022],[-54.45175,-31.63957],[-54.45179,-31.63904],[-54.45188,-31.63886],[-54.45239,-31.63886],[-54.45289,-31.63903],[-54.45331,-31.63902],[-54.45337,-31.63888],[-54.45326,-31.63817],[-54.45314,-31.63769],[-54.45277,-31.63703],[-54.45305,-31.63648],[-54.45396,-31.63588],[-54.45467,-31.6357],[-54.45502,-31.63555],[-54.45515,-31.63455],[-54.45489,-31.63397],[-54.45449,-31.63343],[-54.45464,-31.63232],[-54.45466,-31.63194],[-54.45431,-31.63097],[-54.45392,-31.63007],[-54.45411,-31.62927],[-54.45453,-31.62844],[-54.45508,-31.62846],[-54.4561,-31.62894],[-54.45739,-31.62936],[-54.45856,-31.62885],[-54.45954,-31.62825],[-54.45988,-31.62722],[-54.46055,-31.62693],[-54.4613,-31.62666],[-54.46139,-31.62629],[-54.46089,-31.62548],[-54.46073,-31.62467],[-54.46102,-31.62343],[-54.46032,-31.6224],[-54.46042,-31.62203],[-54.46067,-31.62183],[-54.46097,-31.62185],[-54.46197,-31.62206],[-54.46273,-31.62182],[-54.46376,-31.62088],[-54.46495,-31.61874],[-54.4647,-31.61738],[-54.46409,-31.61602],[-54.46323,-31.61472],[-54.46352,-31.6139],[-54.46415,-31.61363],[-54.46472,-31.61383],[-54.46632,-31.61386],[-54.46689,-31.61307],[-54.46591,-31.61034],[-54.4652,-31.60902],[-54.46473,-31.60877],[-54.46301,-31.60878],[-54.46215,-31.60846],[-54.46082,-31.60598],[-54.46028,-31.60565],[-54.45951,-31.60575],[-54.45877,-31.6064],[-54.45772,-31.60706],[-54.45726,-31.60694],[-54.45699,-31.60665],[-54.45698,-31.60564],[-54.4563,-31.60479],[-54.45624,-31.60425],[-54.45655,-31.6037],[-54.45777,-31.60282],[-54.45803,-31.60222],[-54.45785,-31.60167],[-54.45738,-31.60127],[-54.45665,-31.60107],[-54.45586,-31.60131],[-54.45526,-31.60235],[-54.45453,-31.60305],[-54.45381,-31.60334],[-54.45316,-31.60324],[-54.45283,-31.60289],[-54.45285,-31.60242],[-54.45323,-31.60198],[-54.45366,-31.60131],[-54.45348,-31.60065],[-54.45288,-31.59997],[-54.4528,-31.59959],[-54.45317,-31.59933],[-54.45464,-31.59914],[-54.45609,-31.59867],[-54.45777,-31.5984],[-54.45889,-31.59752],[-54.4589,-31.59687],[-54.45862,-31.59625],[-54.45782,-31.59508],[-54.45808,-31.59428],[-54.45898,-31.59366],[-54.46046,-31.59347],[-54.46197,-31.59307],[-54.46294,-31.59236],[-54.46342,-31.59125],[-54.46352,-31.5893],[-54.46393,-31.58839],[-54.46441,-31.5881],[-54.46487,-31.58821],[-54.4653,-31.58863],[-54.46519,-31.58928],[-54.46479,-31.59019],[-54.46519,-31.59122],[-54.46701,-31.59188],[-54.46777,-31.59281],[-54.46835,-31.59325],[-54.46903,-31.59302],[-54.46946,-31.59232],[-54.46875,-31.59093],[-54.46897,-31.58994],[-54.46984,-31.58901],[-54.46953,-31.5872],[-54.46898,-31.58553],[-54.46912,-31.58275],[-54.47179,-31.57606],[-54.47308,-31.57283],[-54.47313,-31.57148],[-54.47319,-31.57046],[-54.47382,-31.56984],[-54.47452,-31.56966],[-54.47778,-31.57033],[-54.47959,-31.57018],[-54.48104,-31.56959],[-54.48231,-31.56748],[-54.48418,-31.56588],[-54.48615,-31.56603],[-54.48845,-31.56481],[-54.49173,-31.56038],[-54.4937,-31.55869],[-54.49375,-31.55771],[-54.49354,-31.5564],[-54.49218,-31.55447],[-54.49017,-31.5523],[-54.49038,-31.55045],[-54.4946,-31.54381],[-54.49565,-31.54264],[-54.49584,-31.54155],[-54.49638,-31.54052],[-54.49767,-31.54061],[-54.49866,-31.54017],[-54.49932,-31.53965],[-54.49895,-31.5389],[-54.49923,-31.53836],[-54.4997,-31.53828],[-54.50064,-31.53846],[-54.50143,-31.53775],[-54.5019,-31.53612],[-54.50212,-31.53436],[-54.50243,-31.53277],[-54.50155,-31.5317],[-54.50292,-31.52961],[-54.50358,-31.52567],[-54.50984,-31.52135],[-54.51314,-31.51632],[-54.51538,-31.51061],[-54.5157,-31.51019],[-54.51609,-31.51012],[-54.51715,-31.51067],[-54.51887,-31.51091],[-54.51909,-31.50955],[-54.52003,-31.50933],[-54.5203,-31.50851],[-54.52078,-31.5084],[-54.52173,-31.50875],[-54.5224,-31.51032],[-54.5231,-31.51065],[-54.52391,-31.51053],[-54.52458,-31.50962],[-54.52443,-31.50806],[-54.52353,-31.50612],[-54.52395,-31.50549],[-54.52445,-31.50492],[-54.52526,-31.50489],[-54.52796,-31.50572],[-54.53254,-31.50203],[-54.53336,-31.50226],[-54.53493,-31.50151],[-54.54369,-31.49917],[-54.547,-31.499],[-54.553,-31.492],[-54.557,-31.495],[-54.5606,-31.48722],[-54.57056,-31.48248],[-54.5725,-31.48252],[-54.57577,-31.48144],[-54.57599,-31.48094],[-54.57749,-31.47564],[-54.57823,-31.46848],[-54.58283,-31.46625],[-54.58629,-31.46246],[-54.58789,-31.46028],[-54.58677,-31.45656],[-54.58705,-31.45655],[-54.67059,-31.45377],[-54.6771,-31.44909],[-54.683,-31.445],[-54.69368,-31.44534],[-54.69556,-31.44319],[-54.69555,-31.44188],[-54.69674,-31.43804],[-54.69915,-31.43599],[-54.70159,-31.43548],[-54.70228,-31.43668],[-54.70293,-31.43887],[-54.70333,-31.43909],[-54.70367,-31.43932],[-54.70612,-31.43922],[-54.7076,-31.43918],[-54.70912,-31.43983],[-54.71159,-31.43983],[-54.71263,-31.43807],[-54.71337,-31.43808],[-54.71465,-31.43698],[-54.71562,-31.43832],[-54.71885,-31.43804],[-54.71933,-31.4385],[-54.71987,-31.43814],[-54.72153,-31.43701],[-54.72339,-31.43319],[-54.72279,-31.43205],[-54.72481,-31.42961],[-54.72925,-31.42917],[-54.73577,-31.42969],[-54.73655,-31.42797],[-54.73907,-31.42557],[-54.74192,-31.42536],[-54.74337,-31.42618],[-54.74538,-31.42623],[-54.74835,-31.42711],[-54.74917,-31.42664],[-54.75081,-31.42742],[-54.75224,-31.42446],[-54.75298,-31.42515],[-54.75518,-31.42467],[-54.75969,-31.42556],[-54.761,-31.42688],[-54.7634,-31.42664],[-54.76566,-31.42712],[-54.76642,-31.42648],[-54.76884,-31.42597],[-54.77061,-31.4272],[-54.77478,-31.4287],[-54.77593,-31.42801],[-54.77694,-31.42954],[-54.77866,-31.42977],[-54.78355,-31.432],[-54.7866,-31.43303],[-54.7891,-31.4333],[-54.78955,-31.43483],[-54.7902,-31.43467],[-54.792,-31.4338],[-54.79275,-31.43234],[-54.79533,-31.43122],[-54.79675,-31.43004],[-54.79944,-31.43246],[-54.80267,-31.42995],[-54.80428,-31.43019],[-54.80506,-31.42995],[-54.8051,-31.42903],[-54.80635,-31.43018],[-54.80759,-31.43059],[-54.80966,-31.43067],[-54.81196,-31.43185],[-54.81156,-31.43375],[-54.812,-31.43485],[-54.8146,-31.43469],[-54.81513,-31.4351],[-54.82434,-31.43589],[-54.8284,-31.43714],[-54.82969,-31.43741],[-54.83281,-31.44081],[-54.8367,-31.442],[-54.83801,-31.44101],[-54.83847,-31.44066],[-54.83877,-31.43967],[-54.84029,-31.43843],[-54.84482,-31.43397],[-54.84614,-31.43103],[-54.84782,-31.4305],[-54.85097,-31.42515],[-54.85521,-31.42367],[-54.85744,-31.4182],[-54.8603,-31.41867],[-54.86175,-31.41792],[-54.85812,-31.40807],[-54.86433,-31.40427],[-54.86677,-31.40355],[-54.86837,-31.403],[-54.86884,-31.40173],[-54.86996,-31.40207],[-54.87127,-31.40138],[-54.87833,-31.39808],[-54.88386,-31.38926],[-54.88478,-31.38593],[-54.88761,-31.38326],[-54.88694,-31.38091],[-54.88447,-31.38113],[-54.88592,-31.3785],[-54.88622,-31.3773],[-54.89051,-31.37726],[-54.89076,-31.37565],[-54.89204,-31.37483],[-54.89547,-31.37507],[-54.89811,-31.37596],[-54.89985,-31.37635],[-54.90013,-31.37818],[-54.8982,-31.38141],[-54.90496,-31.38406],[-54.9073,-31.38135],[-54.9091,-31.38104],[-54.91248,-31.37967],[-54.91455,-31.38115],[-54.9184,-31.37892],[-54.92113,-31.37898],[-54.92116,-31.38011],[-54.92812,-31.3845],[-54.93142,-31.38373],[-54.93273,-31.38507],[-54.93621,-31.38387],[-54.93688,-31.38203],[-54.93801,-31.38133],[-54.94087,-31.38068],[-54.94127,-31.37927],[-54.9391,-31.3779],[-54.9381,-31.37627],[-54.94015,-31.37531],[-54.93729,-31.37015],[-54.93419,-31.3694],[-54.93403,-31.36937],[-54.93373,-31.36727],[-54.93538,-31.36436],[-54.93698,-31.36425],[-54.93527,-31.36031],[-54.93636,-31.35872],[-54.93522,-31.3565],[-54.93892,-31.35412],[-54.94245,-31.35481],[-54.94301,-31.35465],[-54.9439,-31.35404],[-54.94494,-31.35427],[-54.94554,-31.35367],[-54.94647,-31.35351],[-54.94709,-31.35383],[-54.94817,-31.35411],[-54.9494,-31.35386],[-54.94946,-31.35273],[-54.95171,-31.35166],[-54.95231,-31.35186],[-54.95264,-31.35278],[-54.95292,-31.35415],[-54.95315,-31.35461],[-54.95646,-31.35352],[-54.95618,-31.35276],[-54.95678,-31.35172],[-54.95741,-31.35199],[-54.95803,-31.35165],[-54.95851,-31.35245],[-54.95941,-31.35244],[-54.95962,-31.35176],[-54.96021,-31.35149],[-54.96,-31.35044],[-54.96064,-31.34908],[-54.96024,-31.34784],[-54.96136,-31.34675],[-54.96019,-31.34568],[-54.96,-31.3438],[-54.96041,-31.34197],[-54.95894,-31.33957],[-54.95504,-31.33966],[-54.95298,-31.33935],[-54.95358,-31.33707],[-54.95296,-31.33608],[-54.95328,-31.33193],[-54.95523,-31.33023],[-54.9558,-31.3277],[-54.95768,-31.32445],[-54.95963,-31.32326],[-54.96427,-31.32144],[-54.96454,-31.32052],[-54.96632,-31.32031],[-54.97515,-31.31694],[-54.97672,-31.31725],[-54.9777,-31.31769],[-54.97881,-31.31706],[-54.98046,-31.31248],[-54.98208,-31.31244],[-54.98288,-31.31147],[-54.98227,-31.31056],[-54.9812,-31.30823],[-54.98006,-31.30306],[-54.98237,-31.29612],[-54.98355,-31.29581],[-54.98362,-31.29404],[-54.98569,-31.29249],[-54.98924,-31.29423],[-54.98945,-31.29239],[-54.98901,-31.29203],[-54.99343,-31.29002],[-54.99436,-31.28894],[-54.99569,-31.28845],[-54.99476,-31.28801],[-54.99446,-31.28603],[-54.99479,-31.28312],[-54.9967,-31.28314],[-54.99839,-31.2836],[-55.00057,-31.28303],[-55.00152,-31.28142],[-55.00169,-31.2771],[-55.00126,-31.27505],[-55.00243,-31.26926],[-55.00723,-31.26692],[-55.00854,-31.26996],[-55.01164,-31.26913],[-55.01227,-31.26795],[-55.0153,-31.26932],[-55.02028,-31.26713],[-55.0208,-31.26865],[-55.02352,-31.26951],[-55.02824,-31.26907],[-55.03192,-31.26981],[-55.03177,-31.27161],[-55.03249,-31.27367],[-55.03655,-31.27574],[-55.03184,-31.27873],[-55.03335,-31.28002],[-55.03587,-31.28412],[-55.0346,-31.28727],[-55.03323,-31.28757],[-55.03283,-31.28956],[-55.03352,-31.29012],[-55.03347,-31.29149],[-55.03533,-31.29205],[-55.03653,-31.29153],[-55.03732,-31.29517],[-55.03887,-31.29646],[-55.03946,-31.29798],[-55.0389,-31.29915],[-55.03892,-31.30056],[-55.04008,-31.30212],[-55.03991,-31.30272],[-55.04204,-31.30338],[-55.0435,-31.30525],[-55.04238,-31.30713],[-55.04326,-31.30846],[-55.04595,-31.30781],[-55.04777,-31.30734],[-55.04838,-31.30936],[-55.04975,-31.30982],[-55.05053,-31.31068],[-55.05278,-31.31112],[-55.05229,-31.31209],[-55.05312,-31.31396],[-55.0544,-31.31393],[-55.05866,-31.31417],[-55.0586,-31.31504],[-55.0601,-31.31551],[-55.05846,-31.31816],[-55.05717,-31.31939],[-55.05765,-31.32219],[-55.05833,-31.32306],[-55.05916,-31.32378],[-55.06181,-31.32474],[-55.05924,-31.32701],[-55.05898,-31.32836],[-55.05736,-31.33183],[-55.06026,-31.33236],[-55.06429,-31.33183],[-55.0647,-31.33063],[-55.06586,-31.33022],[-55.0683,-31.33102],[-55.07052,-31.33102],[-55.07221,-31.33162],[-55.07446,-31.33216],[-55.07545,-31.32994],[-55.07775,-31.32775],[-55.08057,-31.32708],[-55.0816,-31.32572],[-55.08117,-31.32451],[-55.0836,-31.32444],[-55.08423,-31.3236],[-55.08604,-31.3228],[-55.08576,-31.32122],[-55.08773,-31.32097],[-55.08792,-31.31979],[-55.08909,-31.3195],[-55.09016,-31.32071],[-55.09122,-31.3202],[-55.09179,-31.31785],[-55.09644,-31.31635],[-55.09849,-31.31628],[-55.09889,-31.31457],[-55.10279,-31.31508],[-55.104,-31.31232],[-55.10626,-31.3105],[-55.10607,-31.30941],[-55.10868,-31.3077],[-55.11028,-31.30878],[-55.11386,-31.31126],[-55.11782,-31.31219],[-55.11948,-31.31169],[-55.12101,-31.31273],[-55.12207,-31.31286],[-55.12194,-31.30881],[-55.12238,-31.30488],[-55.12435,-31.30398],[-55.12575,-31.3025],[-55.1276,-31.3031],[-55.1294,-31.30211],[-55.13222,-31.30204],[-55.13474,-31.30095],[-55.13653,-31.30144],[-55.13969,-31.29808],[-55.14271,-31.29723],[-55.14472,-31.29702],[-55.14603,-31.2964],[-55.14586,-31.29532],[-55.14763,-31.29441],[-55.14926,-31.29521],[-55.1523,-31.29327],[-55.15247,-31.28925],[-55.15382,-31.2882],[-55.15561,-31.28685],[-55.15657,-31.28546],[-55.16053,-31.28444],[-55.16348,-31.28573],[-55.16497,-31.2831],[-55.16459,-31.28223],[-55.16619,-31.28109],[-55.16529,-31.28008],[-55.16377,-31.28003],[-55.16292,-31.27921],[-55.16404,-31.27608],[-55.16542,-31.27568],[-55.16939,-31.27192],[-55.16933,-31.26946],[-55.17413,-31.26822],[-55.17543,-31.26949],[-55.18,-31.27051],[-55.17982,-31.26891],[-55.18294,-31.2677],[-55.1837,-31.26535],[-55.1887,-31.26545],[-55.19329,-31.26472],[-55.19417,-31.26395],[-55.19532,-31.26342],[-55.19565,-31.26455],[-55.19919,-31.26427],[-55.20042,-31.26381],[-55.20047,-31.26255],[-55.20226,-31.26197],[-55.20334,-31.26189],[-55.20945,-31.26245],[-55.21143,-31.26236],[-55.21364,-31.26322],[-55.21776,-31.26185],[-55.22173,-31.26161],[-55.22433,-31.26116],[-55.22862,-31.25986],[-55.23423,-31.25924],[-55.23524,-31.25844],[-55.23803,-31.26168],[-55.24003,-31.26062],[-55.23904,-31.25754],[-55.24024,-31.25578],[-55.24031,-31.25369],[-55.24375,-31.25224],[-55.24668,-31.25229],[-55.24693,-31.25022],[-55.24846,-31.24822],[-55.24744,-31.24603],[-55.24828,-31.24421],[-55.24862,-31.24131],[-55.24719,-31.23788],[-55.2472,-31.23547],[-55.24653,-31.23333],[-55.2473,-31.22933],[-55.2489,-31.22725],[-55.24887,-31.22569],[-55.24743,-31.22459],[-55.24727,-31.22134],[-55.24807,-31.22025],[-55.24878,-31.21846],[-55.24764,-31.21605],[-55.2485,-31.21397],[-55.25002,-31.21587],[-55.25139,-31.21521],[-55.25156,-31.21332],[-55.25315,-31.21254],[-55.25402,-31.21117],[-55.25157,-31.20829],[-55.25008,-31.20606],[-55.25145,-31.20483],[-55.25366,-31.20405],[-55.25582,-31.20151],[-55.25697,-31.19825],[-55.2586,-31.19713],[-55.26167,-31.19659],[-55.26284,-31.19469],[-55.26512,-31.19498],[-55.26607,-31.19579],[-55.26915,-31.19561],[-55.27086,-31.19608],[-55.27367,-31.19515],[-55.2734,-31.19431],[-55.27431,-31.1942],[-55.27672,-31.19455],[-55.27832,-31.19486],[-55.27898,-31.19471],[-55.28001,-31.1939],[-55.28272,-31.19398],[-55.28269,-31.19232],[-55.28369,-31.18998],[-55.28365,-31.18812],[-55.28457,-31.18678],[-55.28571,-31.18553],[-55.2838,-31.18448],[-55.28193,-31.184],[-55.27636,-31.17847],[-55.27178,-31.17871],[-55.27091,-31.17698],[-55.27135,-31.17508],[-55.27154,-31.17461],[-55.27183,-31.17289],[-55.27465,-31.17021],[-55.27607,-31.1715],[-55.27829,-31.17013],[-55.28066,-31.16983],[-55.28492,-31.16641],[-55.28442,-31.16473],[-55.28886,-31.16587],[-55.28888,-31.16431],[-55.2909,-31.16371],[-55.29102,-31.16284],[-55.2893,-31.1612],[-55.29036,-31.15926],[-55.28526,-31.15644],[-55.28825,-31.15249],[-55.29075,-31.1502],[-55.29066,-31.14788],[-55.28994,-31.14535],[-55.29067,-31.14454],[-55.29118,-31.14226],[-55.29436,-31.14433],[-55.29781,-31.14444],[-55.30186,-31.14342],[-55.30348,-31.14239],[-55.3055,-31.14104],[-55.30621,-31.14154],[-55.30695,-31.14346],[-55.31178,-31.1455],[-55.3119,-31.1473],[-55.31322,-31.14709],[-55.31413,-31.14579],[-55.31685,-31.14614],[-55.31886,-31.14514],[-55.31896,-31.14105],[-55.31816,-31.13996],[-55.3211,-31.13586],[-55.32249,-31.13716],[-55.32415,-31.13631],[-55.32649,-31.13804],[-55.33006,-31.1358],[-55.3303,-31.1348],[-55.3346,-31.13286],[-55.3353,-31.13325],[-55.3365,-31.13283],[-55.33722,-31.13348],[-55.33872,-31.13371],[-55.33902,-31.13266],[-55.34037,-31.13144],[-55.33854,-31.1303],[-55.33878,-31.12806],[-55.3398,-31.12707],[-55.3385,-31.12593],[-55.33881,-31.12451],[-55.33863,-31.12354],[-55.33728,-31.11994],[-55.33358,-31.11839],[-55.331,-31.11741],[-55.33004,-31.11657],[-55.33122,-31.11529],[-55.33118,-31.11376],[-55.33137,-31.11282],[-55.32895,-31.11043],[-55.33014,-31.1097],[-55.33004,-31.10796],[-55.33309,-31.10532],[-55.33411,-31.10504],[-55.33338,-31.10231],[-55.33329,-31.10036],[-55.33375,-31.09872],[-55.33251,-31.09734],[-55.33216,-31.09526],[-55.32856,-31.09352],[-55.32988,-31.09198],[-55.32861,-31.09143],[-55.32773,-31.08819],[-55.32919,-31.08799],[-55.33021,-31.08707],[-55.33394,-31.08583],[-55.3362,-31.08574],[-55.3392,-31.08511],[-55.33976,-31.08334],[-55.34151,-31.08258],[-55.34359,-31.08015],[-55.34589,-31.07547],[-55.34967,-31.07241],[-55.35041,-31.07039],[-55.34998,-31.0679],[-55.35109,-31.06767],[-55.35182,-31.06954],[-55.35248,-31.07051],[-55.35448,-31.06917],[-55.35992,-31.06754],[-55.35936,-31.06332],[-55.35855,-31.06256],[-55.35678,-31.06205],[-55.35309,-31.05716],[-55.35339,-31.05624],[-55.35328,-31.05451],[-55.35193,-31.05117],[-55.35151,-31.05056],[-55.35039,-31.04832],[-55.35056,-31.04714],[-55.34923,-31.04284],[-55.35045,-31.04065],[-55.34981,-31.03922],[-55.35163,-31.03764],[-55.3544,-31.03921],[-55.35784,-31.04048],[-55.35984,-31.04023],[-55.3608,-31.03918],[-55.3629,-31.03902],[-55.36393,-31.03568],[-55.36746,-31.03567],[-55.3696,-31.03443],[-55.37284,-31.03067],[-55.37375,-31.02802],[-55.37331,-31.02629],[-55.3723,-31.02478],[-55.37163,-31.02342],[-55.37228,-31.02219],[-55.374,-31.01918],[-55.37547,-31.02172],[-55.37639,-31.02229],[-55.38024,-31.02355],[-55.38354,-31.02287],[-55.38538,-31.0214],[-55.38676,-31.0203],[-55.39295,-31.02572],[-55.39571,-31.02638],[-55.40025,-31.0286],[-55.40097,-31.02717],[-55.40235,-31.02754],[-55.40501,-31.02721],[-55.40714,-31.01875],[-55.41152,-31.01764],[-55.41428,-31.01571],[-55.41526,-31.01448],[-55.41806,-31.01569],[-55.41916,-31.01508],[-55.42169,-31.01626],[-55.42306,-31.01823],[-55.42483,-31.01654],[-55.42466,-31.01487],[-55.42543,-31.01395],[-55.42515,-31.01183],[-55.43085,-31.01017],[-55.43122,-31.00766],[-55.43727,-31.0047],[-55.43656,-31.00294],[-55.43468,-31.00096],[-55.43526,-30.99881],[-55.43702,-30.99596],[-55.43768,-30.99433],[-55.43624,-30.9922],[-55.43258,-30.99294],[-55.42899,-30.99002],[-55.42926,-30.98844],[-55.42926,-30.98669],[-55.42699,-30.9854],[-55.42562,-30.9855],[-55.42521,-30.98498],[-55.42639,-30.9818],[-55.427,-30.981],[-55.43314,-30.9726],[-55.43404,-30.97175],[-55.43596,-30.97155],[-55.437,-30.972],[-55.4383,-30.97253],[-55.43815,-30.97087],[-55.4378,-30.96929],[-55.43964,-30.96664],[-55.44138,-30.95973],[-55.44443,-30.95848],[-55.44592,-30.95903],[-55.44831,-30.95909],[-55.45153,-30.96042],[-55.45243,-30.96035],[-55.45284,-30.95887],[-55.45217,-30.95795],[-55.45738,-30.95138],[-55.45834,-30.9516],[-55.4622,-30.95026],[-55.46361,-30.95009],[-55.46475,-30.95071],[-55.46648,-30.95319],[-55.46904,-30.95464],[-55.47055,-30.95426],[-55.47116,-30.95356],[-55.473,-30.95337],[-55.4744,-30.95257],[-55.47476,-30.95246],[-55.4752,-30.95244],[-55.47686,-30.95253],[-55.4774,-30.95261],[-55.47745,-30.95289],[-55.4777,-30.95321],[-55.47799,-30.95347],[-55.47831,-30.95359],[-55.47868,-30.95352],[-55.4795,-30.95309],[-55.48026,-30.95263],[-55.48092,-30.95211],[-55.48166,-30.9515],[-55.48253,-30.95092],[-55.48316,-30.95052],[-55.48508,-30.94897],[-55.48683,-30.9476],[-55.48688,-30.94726],[-55.48674,-30.94572],[-55.48671,-30.94493],[-55.48682,-30.94446],[-55.48746,-30.94269],[-55.48748,-30.94244],[-55.48741,-30.94227],[-55.48757,-30.94195],[-55.48828,-30.94146],[-55.48899,-30.94107],[-55.48939,-30.94072],[-55.48964,-30.94043],[-55.48986,-30.94018],[-55.48997,-30.93994],[-55.49004,-30.93948],[-55.4897,-30.93849],[-55.4894,-30.93791],[-55.48904,-30.93764],[-55.48889,-30.93734],[-55.48883,-30.93709],[-55.48894,-30.9369],[-55.48913,-30.9367],[-55.48928,-30.93624],[-55.48966,-30.93474],[-55.48972,-30.93406],[-55.48961,-30.93356],[-55.48904,-30.93287],[-55.48773,-30.93123],[-55.48715,-30.92999],[-55.48645,-30.92826],[-55.48714,-30.92728],[-55.48837,-30.92567],[-55.48886,-30.92526],[-55.48943,-30.92503],[-55.49075,-30.92489],[-55.49347,-30.92461],[-55.49381,-30.9246],[-55.49553,-30.92517],[-55.49687,-30.92607],[-55.49804,-30.92676],[-55.49899,-30.92693],[-55.49918,-30.92689],[-55.50033,-30.92612],[-55.50104,-30.92572],[-55.503,-30.92494],[-55.50401,-30.92464],[-55.50431,-30.92444],[-55.50515,-30.92345],[-55.50584,-30.9225],[-55.506,-30.92218],[-55.50634,-30.92138],[-55.50674,-30.92048],[-55.50703,-30.91975],[-55.507,-30.91942],[-55.50682,-30.91868],[-55.50677,-30.91833],[-55.50688,-30.91809],[-55.50709,-30.91776],[-55.50735,-30.91746],[-55.50756,-30.91716],[-55.50766,-30.91697],[-55.50772,-30.9166],[-55.50777,-30.91618],[-55.50805,-30.9149],[-55.50868,-30.91451],[-55.50914,-30.91404],[-55.50928,-30.91359],[-55.50997,-30.91132],[-55.51021,-30.90883],[-55.51028,-30.90617],[-55.50957,-30.90573],[-55.50872,-30.90534],[-55.50801,-30.90503],[-55.508,-30.90432],[-55.50945,-30.90249],[-55.51006,-30.90177],[-55.51074,-30.90153],[-55.51252,-30.90061],[-55.51392,-30.90014],[-55.51553,-30.89942],[-55.51687,-30.8987],[-55.5188,-30.89838],[-55.52127,-30.89889],[-55.52273,-30.89848],[-55.52484,-30.89799],[-55.52594,-30.89881],[-55.52704,-30.90004],[-55.52909,-30.89933],[-55.52957,-30.90021],[-55.53195,-30.90194],[-55.53239,-30.90238],[-55.53266,-30.9022],[-55.53299,-30.90136],[-55.53342,-30.90011],[-55.53397,-30.89859],[-55.53399,-30.89767],[-55.53359,-30.8973],[-55.53652,-30.8955],[-55.53698,-30.89599],[-55.53805,-30.89534],[-55.54074,-30.89372],[-55.54576,-30.89056],[-55.54826,-30.88699],[-55.54982,-30.88563],[-55.55168,-30.88267],[-55.55192,-30.88176],[-55.55126,-30.88063],[-55.5524,-30.87888],[-55.55166,-30.87677],[-55.55283,-30.87508],[-55.55464,-30.87263],[-55.55645,-30.87181],[-55.55751,-30.87187],[-55.55837,-30.87148],[-55.56084,-30.86926],[-55.56101,-30.8691],[-55.56254,-30.86892],[-55.56313,-30.86827],[-55.56316,-30.86789],[-55.56309,-30.86704],[-55.56362,-30.86685],[-55.56345,-30.86521],[-55.56336,-30.86487],[-55.56417,-30.86474],[-55.56398,-30.86104],[-55.56431,-30.86057],[-55.56343,-30.85845],[-55.56443,-30.85833],[-55.56447,-30.8546],[-55.56417,-30.85317],[-55.56541,-30.85098],[-55.56647,-30.84867],[-55.56754,-30.84608],[-55.56823,-30.84577],[-55.57158,-30.84559],[-55.57675,-30.84253],[-55.57889,-30.83953],[-55.57859,-30.83841],[-55.57701,-30.83596],[-55.57819,-30.83504],[-55.57741,-30.83309],[-55.57857,-30.83291],[-55.58148,-30.83431],[-55.583,-30.836],[-55.58529,-30.83763],[-55.5867,-30.84106],[-55.59914,-30.84612],[-55.60482,-30.8496],[-55.60683,-30.84968],[-55.60804,-30.84814],[-55.61096,-30.84819],[-55.61225,-30.84608],[-55.61321,-30.84319],[-55.61552,-30.84261],[-55.6188,-30.84169],[-55.62251,-30.84181],[-55.62323,-30.8444],[-55.62398,-30.84539],[-55.62889,-30.84801],[-55.63275,-30.84523],[-55.63668,-30.84598],[-55.63913,-30.84811],[-55.64306,-30.84996],[-55.6463,-30.85393],[-55.64568,-30.85859],[-55.64647,-30.8597],[-55.64737,-30.86137],[-55.64776,-30.86228],[-55.64792,-30.86267],[-55.64905,-30.86513],[-55.65007,-30.8658],[-55.65251,-30.86434],[-55.65546,-30.86412],[-55.65834,-30.864],[-55.66071,-30.86904],[-55.6608,-30.8711],[-55.66048,-30.87441],[-55.66022,-30.8749],[-55.65985,-30.87559],[-55.65913,-30.87682],[-55.65913,-30.8771],[-55.65889,-30.87858],[-55.65688,-30.87896],[-55.65289,-30.8833],[-55.65536,-30.88536],[-55.65331,-30.88957],[-55.65342,-30.89172],[-55.65401,-30.89654],[-55.652,-30.89672],[-55.6508,-30.90121],[-55.64888,-30.90137],[-55.64825,-30.9027],[-55.65003,-30.90427],[-55.64351,-30.91033],[-55.64227,-30.9116],[-55.64361,-30.91276],[-55.64287,-30.91418],[-55.64383,-30.91574],[-55.64739,-30.91908],[-55.64781,-30.92028],[-55.64707,-30.92091],[-55.64856,-30.92295],[-55.65159,-30.92302],[-55.65336,-30.92521],[-55.65505,-30.92521],[-55.6583,-30.92888],[-55.65968,-30.93004],[-55.66166,-30.93088],[-55.66346,-30.93317],[-55.6626,-30.93469],[-55.66325,-30.93551],[-55.66028,-30.9401],[-55.66019,-30.94226],[-55.66017,-30.94279],[-55.65859,-30.94381],[-55.65967,-30.9448],[-55.66104,-30.94668],[-55.66209,-30.94821],[-55.66383,-30.9468],[-55.66447,-30.94683],[-55.66505,-30.94746],[-55.66517,-30.9479],[-55.66451,-30.94884],[-55.66453,-30.9511],[-55.66621,-30.95395],[-55.66721,-30.95423],[-55.669,-30.95332],[-55.67101,-30.95384],[-55.67172,-30.95531],[-55.67376,-30.95604],[-55.67648,-30.95601],[-55.68611,-30.95241],[-55.68787,-30.95228],[-55.68832,-30.95216],[-55.6885,-30.95188],[-55.68858,-30.95145],[-55.68867,-30.94454],[-55.69333,-30.94372],[-55.69725,-30.94656],[-55.69726,-30.94818],[-55.70054,-30.94956],[-55.70383,-30.95533],[-55.70928,-30.95441],[-55.71125,-30.94975],[-55.71548,-30.94707],[-55.7157,-30.94678],[-55.71695,-30.94262],[-55.71707,-30.9425],[-55.72043,-30.94209],[-55.72063,-30.94209],[-55.72319,-30.9427],[-55.72325,-30.94305],[-55.7231,-30.94336],[-55.72097,-30.94538],[-55.72095,-30.94556],[-55.72441,-30.95315],[-55.72218,-30.95716],[-55.72226,-30.95765],[-55.72311,-30.9592],[-55.72385,-30.96018],[-55.72466,-30.96122],[-55.72533,-30.9631],[-55.72534,-30.96325],[-55.72502,-30.9641],[-55.72471,-30.96609],[-55.72482,-30.96703],[-55.72607,-30.96825],[-55.72629,-30.96832],[-55.72717,-30.96829],[-55.72742,-30.96848],[-55.72934,-30.9709],[-55.731,-30.974],[-55.73109,-30.97418],[-55.73106,-30.97448],[-55.72838,-30.9795],[-55.72848,-30.97974],[-55.73336,-30.98123],[-55.73392,-30.98119],[-55.73903,-30.97931],[-55.74225,-30.97869],[-55.74624,-30.97931],[-55.74742,-30.98054],[-55.74742,-30.98079],[-55.74705,-30.98132],[-55.74581,-30.98562],[-55.74715,-30.9886],[-55.74809,-30.98898],[-55.74997,-30.99138],[-55.74999,-30.99444],[-55.75227,-30.99809],[-55.75265,-30.9982],[-55.75589,-30.99772],[-55.75896,-30.9992],[-55.76162,-30.99921],[-55.76274,-30.9996],[-55.76465,-30.99914],[-55.76669,-30.9973],[-55.77077,-30.9965],[-55.773,-30.997],[-55.77417,-30.9989],[-55.774,-31.0],[-55.77068,-31.00227],[-55.76769,-31.00354],[-55.76748,-31.00378],[-55.76647,-31.01025],[-55.76666,-31.01047],[-55.77583,-31.01525],[-55.77662,-31.0154],[-55.77782,-31.01547],[-55.78005,-31.01505],[-55.78046,-31.01521],[-55.78074,-31.01696],[-55.78506,-31.0168],[-55.7943,-31.01559],[-55.79715,-31.01624],[-55.80084,-31.01617],[-55.80415,-31.0163],[-55.80502,-31.01622],[-55.80519,-31.0162],[-55.80981,-31.01565],[-55.81301,-31.01585],[-55.81313,-31.01585],[-55.81345,-31.01605],[-55.81348,-31.01688],[-55.81251,-31.01975],[-55.81313,-31.0215],[-55.81504,-31.02549],[-55.81886,-31.02873],[-55.82058,-31.03083],[-55.82424,-31.0373],[-55.82492,-31.03801],[-55.82499,-31.03807],[-55.82919,-31.0428],[-55.83167,-31.0442],[-55.83537,-31.04295],[-55.84152,-31.04281],[-55.84747,-31.04286],[-55.85024,-31.04364],[-55.855,-31.045],[-55.8565,-31.04591],[-55.86034,-31.05302],[-55.8662,-31.06236],[-55.86755,-31.06502],[-55.86939,-31.06652],[-55.8705,-31.07027],[-55.8737,-31.07238],[-55.87801,-31.0738],[-55.88337,-31.07654],[-55.88595,-31.07671],[-55.88807,-31.07665],[-55.88883,-31.07656],[-55.88906,-31.07642],[-55.88941,-31.07623],[-55.89189,-31.0749],[-55.89376,-31.07386],[-55.89477,-31.07325],[-55.8951,-31.07296],[-55.89519,-31.07278],[-55.89531,-31.07152],[-55.89542,-31.07047],[-55.89558,-31.0702],[-55.89641,-31.06892],[-55.89713,-31.06759],[-55.89732,-31.06735],[-55.89765,-31.06716],[-55.89818,-31.06707],[-55.89964,-31.06755],[-55.90082,-31.06791],[-55.90125,-31.06815],[-55.90208,-31.06872],[-55.90617,-31.07148],[-55.90835,-31.07311],[-55.91025,-31.07446],[-55.9107,-31.0747],[-55.9115,-31.07493],[-55.91198,-31.07506],[-55.91248,-31.07509],[-55.91406,-31.07512],[-55.91504,-31.07511],[-55.91592,-31.07509],[-55.91611,-31.07503],[-55.91662,-31.07489],[-55.91797,-31.07442],[-55.91833,-31.0743],[-55.91871,-31.07423],[-55.91907,-31.07425],[-55.91934,-31.07432],[-55.92253,-31.07522],[-55.92334,-31.07549],[-55.92372,-31.07563],[-55.92533,-31.07628],[-55.9256,-31.07647],[-55.926,-31.07716],[-55.92623,-31.07768],[-55.92634,-31.07842],[-55.92667,-31.08005],[-55.92692,-31.08128],[-55.92715,-31.08146],[-55.92871,-31.08253],[-55.9292,-31.08294],[-55.92935,-31.08315],[-55.92944,-31.08339],[-55.9298,-31.08494],[-55.93006,-31.08595],[-55.9303,-31.08612],[-55.93214,-31.08685],[-55.93353,-31.08724],[-55.93413,-31.08727],[-55.93473,-31.08721],[-55.93592,-31.087],[-55.93751,-31.08647],[-55.93828,-31.08617],[-55.93898,-31.0858],[-55.93927,-31.08556],[-55.94126,-31.08365],[-55.94165,-31.08328],[-55.94204,-31.08313],[-55.94342,-31.08271],[-55.94478,-31.08219],[-55.94516,-31.0821],[-55.94698,-31.08183],[-55.94873,-31.08157],[-55.95038,-31.08091],[-55.95148,-31.08054],[-55.95245,-31.08026],[-55.9533,-31.08007],[-55.95668,-31.079],[-55.95742,-31.07875],[-55.95831,-31.0783],[-55.95923,-31.07782],[-55.95972,-31.07768],[-55.9632,-31.07675],[-55.96685,-31.07583],[-55.96794,-31.07557],[-55.9699,-31.07495],[-55.97085,-31.07489],[-55.97183,-31.0748],[-55.97251,-31.07466],[-55.97545,-31.074],[-55.97815,-31.07335],[-55.97867,-31.07328],[-55.98033,-31.07321],[-55.98094,-31.07321],[-55.98125,-31.07328],[-55.98154,-31.07339],[-55.98266,-31.07419],[-55.9843,-31.0754],[-55.98474,-31.07578],[-55.98578,-31.07708],[-55.98748,-31.07944],[-55.98902,-31.08161],[-55.99108,-31.08353],[-55.99177,-31.08416],[-55.99289,-31.08506],[-55.99432,-31.0847],[-55.99506,-31.08456],[-55.99526,-31.08451],[-55.99575,-31.08433],[-55.99667,-31.08398],[-55.99694,-31.08387],[-55.99719,-31.08379],[-55.99746,-31.08375],[-55.99857,-31.08352],[-55.99909,-31.08339],[-56.00043,-31.08309],[-56.00142,-31.08288],[-56.00154,-31.08285],[-56.00239,-31.08251],[-56.00278,-31.0824],[-56.00386,-31.08231],[-56.00469,-31.08217],[-56.00532,-31.08212],[-56.0067,-31.0822],[-56.00747,-31.08218],[-56.00804,-31.0821],[-56.00821,-31.08211],[-56.00904,-31.08238],[-56.00945,-31.08252],[-56.00966,-31.08244],[-56.00967,-31.08126],[-56.00963,-31.08074],[-56.00959,-31.0805],[-56.00847,-31.07832],[-56.00806,-31.07802],[-56.0081,-31.07777],[-56.00816,-31.07763],[-56.00813,-31.07753],[-56.00797,-31.0774],[-56.00794,-31.07701],[-56.00779,-31.07693],[-56.00731,-31.07624],[-56.00723,-31.07535],[-56.00718,-31.07522],[-56.00708,-31.07513],[-56.00728,-31.07438],[-56.00758,-31.07386],[-56.00768,-31.07353],[-56.0079,-31.07338],[-56.00788,-31.07314],[-56.00762,-31.07289],[-56.00775,-31.0724],[-56.00776,-31.07141],[-56.00802,-31.07074],[-56.00903,-31.06981],[-56.00901,-31.0686],[-56.0096,-31.06832],[-56.00958,-31.06783],[-56.01011,-31.06752],[-56.01054,-31.06697],[-56.01036,-31.06628],[-56.01079,-31.06558],[-56.01089,-31.06437],[-56.01126,-31.06447],[-56.01201,-31.0639],[-56.01196,-31.06326],[-56.01252,-31.06277],[-56.01243,-31.06219],[-56.01258,-31.06147],[-56.01202,-31.06105],[-56.01237,-31.05994],[-56.01266,-31.05937],[-56.0126,-31.05863],[-56.01298,-31.05763],[-56.01372,-31.05714],[-56.01384,-31.0568],[-56.01415,-31.05676],[-56.01418,-31.05652],[-56.01369,-31.05543],[-56.01396,-31.055],[-56.01471,-31.05483],[-56.01552,-31.05384],[-56.01537,-31.05258],[-56.01553,-31.05251],[-56.01544,-31.05175],[-56.01548,-31.0512],[-56.01645,-31.05001],[-56.01695,-31.04913],[-56.01734,-31.04835],[-56.01836,-31.04808],[-56.0184,-31.04762],[-56.01824,-31.04739],[-56.01843,-31.04702],[-56.01818,-31.04623],[-56.01799,-31.04558],[-56.01824,-31.04511],[-56.01835,-31.04436],[-56.01882,-31.04338],[-56.01843,-31.04273],[-56.01776,-31.04226],[-56.0175,-31.04073],[-56.01789,-31.04031],[-56.01792,-31.03907],[-56.01769,-31.03885],[-56.01798,-31.03832],[-56.01799,-31.0376],[-56.01824,-31.03682],[-56.01761,-31.03468],[-56.01768,-31.03341],[-56.0174,-31.03092],[-56.01648,-31.0295],[-56.01639,-31.02882],[-56.01634,-31.02751],[-56.01633,-31.0265],[-56.01629,-31.02516],[-56.01554,-31.02348],[-56.01472,-31.02248],[-56.01436,-31.0211],[-56.01451,-31.01966],[-56.01532,-31.01816],[-56.01656,-31.01685],[-56.01694,-31.01599],[-56.01708,-31.01494],[-56.01714,-31.0132],[-56.01723,-31.01244],[-56.01759,-31.01138],[-56.0181,-31.01078],[-56.01815,-31.00992],[-56.01768,-31.00832],[-56.01661,-31.00618],[-56.01693,-31.00484],[-56.01753,-31.00379],[-56.01768,-31.00302],[-56.01689,-31.0018],[-56.01587,-31.00012],[-56.01492,-30.99857],[-56.01419,-30.99693],[-56.01291,-30.994],[-56.01276,-30.99327],[-56.01274,-30.99251],[-56.01305,-30.99145],[-56.01328,-30.99059],[-56.01305,-30.98979],[-56.01264,-30.98894],[-56.01186,-30.9881],[-56.00968,-30.98718],[-56.0078,-30.98492],[-56.00709,-30.98373],[-56.00834,-30.98233],[-56.00964,-30.98067],[-56.01017,-30.98044],[-56.01058,-30.97986],[-56.01094,-30.97885],[-56.01054,-30.97827],[-56.00989,-30.97775],[-56.00746,-30.97603],[-56.00649,-30.97496],[-56.00597,-30.974],[-56.00571,-30.9732],[-56.00773,-30.97156],[-56.00938,-30.97059],[-56.01059,-30.96964],[-56.01124,-30.96853],[-56.01092,-30.96765],[-56.01138,-30.96555],[-56.0116,-30.96248],[-56.01048,-30.95957],[-56.01024,-30.95669],[-56.01173,-30.9558],[-56.01266,-30.95465],[-56.01286,-30.95337],[-56.01214,-30.95185],[-56.00993,-30.9496],[-56.00947,-30.94733],[-56.01047,-30.94633],[-56.01246,-30.94565],[-56.01465,-30.94512],[-56.01533,-30.9449],[-56.01498,-30.94384],[-56.01519,-30.9428],[-56.0135,-30.94044],[-56.01095,-30.93887],[-56.01051,-30.93789],[-56.01041,-30.93697],[-56.01108,-30.93432],[-56.01114,-30.93079],[-56.01032,-30.92734],[-56.00776,-30.92467],[-56.00639,-30.92324],[-56.00547,-30.92244],[-56.00546,-30.92125],[-56.00588,-30.92071],[-56.00596,-30.91924],[-56.00879,-30.91493],[-56.01005,-30.9136],[-56.01028,-30.91336],[-56.01124,-30.91204],[-56.01025,-30.90983],[-56.00817,-30.90593],[-56.00722,-30.89956],[-56.00744,-30.89689],[-56.00798,-30.89537],[-56.0082,-30.89426],[-56.00714,-30.89204],[-56.00677,-30.89124],[-56.00518,-30.89043],[-56.00481,-30.88978],[-56.00462,-30.8888],[-56.00362,-30.88706],[-56.00242,-30.88542],[-56.00082,-30.88277],[-55.99989,-30.88016],[-55.99882,-30.87705],[-55.99822,-30.87431],[-55.99467,-30.86943],[-55.99278,-30.86683],[-55.99126,-30.8638],[-55.98967,-30.85928],[-55.9896,-30.8585],[-55.99047,-30.85393],[-55.99193,-30.84808],[-55.99364,-30.84633],[-55.99441,-30.84516],[-55.9968,-30.84424],[-55.9996,-30.84286],[-56.00058,-30.84199],[-56.00161,-30.84148],[-56.00296,-30.8401],[-56.00421,-30.83973],[-56.00468,-30.83943],[-56.00519,-30.83611],[-56.00556,-30.83361],[-56.0055,-30.83315],[-56.00471,-30.83224],[-56.00421,-30.83183],[-56.00413,-30.83112],[-56.00432,-30.82978],[-56.00498,-30.82859],[-56.0057,-30.82614],[-56.00737,-30.82493],[-56.008,-30.82398],[-56.00804,-30.82304],[-56.00881,-30.82005],[-56.00918,-30.81961],[-56.00992,-30.81927],[-56.01056,-30.81912],[-56.01171,-30.81847],[-56.01276,-30.81803],[-56.01371,-30.81779],[-56.01588,-30.81841],[-56.01641,-30.81836],[-56.01676,-30.81783],[-56.0167,-30.81634],[-56.01701,-30.81461],[-56.01662,-30.81301],[-56.01648,-30.81175],[-56.01586,-30.81059],[-56.01426,-30.80875],[-56.01386,-30.80852],[-56.01314,-30.80811],[-56.01283,-30.80778],[-56.01271,-30.80671],[-56.01319,-30.80523],[-56.01435,-30.80401],[-56.01484,-30.80311],[-56.0156,-30.80254],[-56.0163,-30.80209],[-56.01677,-30.80178],[-56.01852,-30.80104],[-56.01993,-30.80111],[-56.02015,-30.80056],[-56.02101,-30.80009],[-56.02184,-30.79993],[-56.02302,-30.79991],[-56.02395,-30.79943],[-56.02441,-30.79877],[-56.02483,-30.79691],[-56.02488,-30.79579],[-56.02456,-30.79475],[-56.02405,-30.79397],[-56.0225,-30.79248],[-56.02157,-30.79172],[-56.02123,-30.79146],[-56.02101,-30.79113],[-56.02131,-30.79031],[-56.02187,-30.78932],[-56.02228,-30.78891],[-56.02229,-30.78584],[-56.02241,-30.78565],[-56.02257,-30.78547],[-56.02286,-30.78536],[-56.02332,-30.78545],[-56.02402,-30.78541],[-56.02499,-30.785],[-56.02604,-30.78498],[-56.02706,-30.78501],[-56.02994,-30.78389],[-56.03013,-30.78386],[-56.03102,-30.7838],[-56.03172,-30.78396],[-56.03309,-30.78432],[-56.03468,-30.78392],[-56.0353,-30.78361],[-56.03559,-30.78324],[-56.0364,-30.78135],[-56.03689,-30.78065],[-56.03744,-30.78001],[-56.03768,-30.77958],[-56.03831,-30.77896],[-56.03844,-30.77845],[-56.03822,-30.77804],[-56.03758,-30.77768],[-56.03707,-30.77711],[-56.03697,-30.77654],[-56.03718,-30.77614],[-56.03744,-30.7758],[-56.03805,-30.77523],[-56.03882,-30.77489],[-56.04309,-30.77419],[-56.0466,-30.77361],[-56.04703,-30.77378],[-56.04734,-30.77431],[-56.04746,-30.77495],[-56.04811,-30.77562],[-56.04815,-30.77568],[-56.0482,-30.77605],[-56.04839,-30.77616],[-56.04869,-30.77608],[-56.04902,-30.77587],[-56.04946,-30.77584],[-56.04979,-30.77592],[-56.04995,-30.77613],[-56.05029,-30.77623],[-56.05057,-30.77615],[-56.05089,-30.77587],[-56.05139,-30.7755],[-56.05206,-30.7754],[-56.05305,-30.77545],[-56.05339,-30.77528],[-56.05378,-30.77455],[-56.05443,-30.77378],[-56.05496,-30.77346],[-56.05543,-30.77338],[-56.05628,-30.77306],[-56.05706,-30.77312],[-56.05853,-30.77354],[-56.05977,-30.77416],[-56.06079,-30.7745],[-56.06184,-30.77456],[-56.06215,-30.77414],[-56.06299,-30.77336],[-56.06307,-30.77235],[-56.06402,-30.77076],[-56.06508,-30.76942],[-56.06567,-30.76772],[-56.06565,-30.7663],[-56.06633,-30.76456],[-56.06655,-30.76367],[-56.06629,-30.76273],[-56.0659,-30.76228],[-56.06563,-30.76212],[-56.06489,-30.76199],[-56.06439,-30.76143],[-56.06399,-30.7607],[-56.06396,-30.75994],[-56.06444,-30.75963],[-56.06523,-30.75935],[-56.06602,-30.75881],[-56.06609,-30.75867],[-56.06625,-30.75832],[-56.06562,-30.75592],[-56.06548,-30.75497],[-56.06474,-30.75422],[-56.06466,-30.75335],[-56.0644,-30.75288],[-56.06441,-30.75219],[-56.06474,-30.75168],[-56.06472,-30.75083],[-56.0653,-30.74973],[-56.06574,-30.74903],[-56.06673,-30.74825],[-56.06827,-30.7468],[-56.06921,-30.74676],[-56.07017,-30.74618],[-56.07187,-30.74548],[-56.07231,-30.74528],[-56.07257,-30.7451],[-56.07354,-30.74496],[-56.07404,-30.74504],[-56.07433,-30.74523],[-56.07478,-30.74563],[-56.07607,-30.74678],[-56.07718,-30.74719],[-56.07815,-30.74813],[-56.07879,-30.74837],[-56.07928,-30.74879],[-56.08005,-30.74985],[-56.08098,-30.75071],[-56.08216,-30.7515],[-56.0832,-30.75331],[-56.08379,-30.7535],[-56.08374,-30.75397],[-56.08386,-30.75454],[-56.08418,-30.75463],[-56.08445,-30.75475],[-56.08505,-30.75558],[-56.0862,-30.75643],[-56.0876,-30.75711],[-56.08859,-30.75725],[-56.08965,-30.75681],[-56.09099,-30.75647],[-56.09142,-30.75578],[-56.09305,-30.75505],[-56.09409,-30.75431],[-56.09507,-30.75385],[-56.09619,-30.75294],[-56.09627,-30.75269],[-56.09607,-30.75202],[-56.0956,-30.75146],[-56.09565,-30.75097],[-56.09589,-30.75067],[-56.09621,-30.75014],[-56.09686,-30.74788],[-56.0981,-30.74676],[-56.09846,-30.74636],[-56.0985,-30.74586],[-56.0988,-30.74545],[-56.10011,-30.74452],[-56.10086,-30.74436],[-56.10175,-30.74445],[-56.10242,-30.74418],[-56.10267,-30.7435],[-56.10258,-30.74275],[-56.10225,-30.74228],[-56.10216,-30.74063],[-56.10379,-30.73654],[-56.10405,-30.73567],[-56.10464,-30.73483],[-56.10579,-30.7339],[-56.10585,-30.7325],[-56.10641,-30.73189],[-56.1067,-30.73167],[-56.11028,-30.73197],[-56.11213,-30.73257],[-56.11496,-30.73254],[-56.11644,-30.73283],[-56.11799,-30.73337],[-56.11864,-30.73401],[-56.11864,-30.73456],[-56.1184,-30.73511],[-56.11895,-30.73605],[-56.11872,-30.7364],[-56.11841,-30.73659],[-56.11853,-30.73687],[-56.11928,-30.73704],[-56.11999,-30.73728],[-56.12094,-30.73773],[-56.12185,-30.73794],[-56.12301,-30.73874],[-56.12324,-30.73878],[-56.12382,-30.73904],[-56.12463,-30.73901],[-56.12508,-30.73871],[-56.1254,-30.73819],[-56.12554,-30.73779],[-56.12588,-30.73741],[-56.12692,-30.73668],[-56.12781,-30.73615],[-56.12899,-30.73526],[-56.1292,-30.73447],[-56.1299,-30.73375],[-56.12988,-30.73318],[-56.13025,-30.73291],[-56.13065,-30.73279],[-56.13168,-30.73233],[-56.13219,-30.73197],[-56.1322,-30.73141],[-56.13159,-30.73097],[-56.13148,-30.73032],[-56.13151,-30.72904],[-56.13165,-30.72837],[-56.13164,-30.72799],[-56.13162,-30.72758],[-56.13147,-30.72714],[-56.13163,-30.72633],[-56.13126,-30.72552],[-56.13084,-30.72368],[-56.13023,-30.72294],[-56.12943,-30.72253],[-56.12858,-30.7218],[-56.12812,-30.72099],[-56.12802,-30.72055],[-56.12817,-30.71994],[-56.12874,-30.71939],[-56.12955,-30.71787],[-56.1298,-30.71686],[-56.1299,-30.71672],[-56.1301,-30.71622],[-56.13076,-30.71569],[-56.13156,-30.71478],[-56.13173,-30.7138],[-56.13218,-30.71331],[-56.13304,-30.71283],[-56.13357,-30.7127],[-56.1344,-30.71266],[-56.13502,-30.71215],[-56.13525,-30.71167],[-56.13535,-30.7108],[-56.13567,-30.71023],[-56.13602,-30.70978],[-56.13639,-30.70946],[-56.13679,-30.70953],[-56.13713,-30.70998],[-56.13734,-30.71034],[-56.13766,-30.71038],[-56.13879,-30.7096],[-56.13911,-30.70944],[-56.13944,-30.7093],[-56.14045,-30.70902],[-56.14074,-30.70891],[-56.14118,-30.70852],[-56.14156,-30.70818],[-56.14233,-30.70779],[-56.14389,-30.70733],[-56.14452,-30.70682],[-56.14534,-30.70642],[-56.14582,-30.70605],[-56.14813,-30.70557],[-56.14944,-30.70548],[-56.1502,-30.70524],[-56.15049,-30.70476],[-56.15046,-30.70432],[-56.14991,-30.7035],[-56.1493,-30.7025],[-56.14911,-30.70181],[-56.14919,-30.70104],[-56.14948,-30.70013],[-56.14953,-30.69941],[-56.14943,-30.69757],[-56.14963,-30.69684],[-56.15014,-30.69603],[-56.15022,-30.69532],[-56.1502,-30.69445],[-56.15002,-30.6939],[-56.14953,-30.69326],[-56.14917,-30.69298],[-56.14884,-30.6927],[-56.14773,-30.69208],[-56.14608,-30.69139],[-56.14509,-30.69087],[-56.1443,-30.69025],[-56.14203,-30.68935],[-56.14089,-30.68874],[-56.13974,-30.68861],[-56.13826,-30.68779],[-56.1377,-30.68608],[-56.13753,-30.68476],[-56.1374,-30.68393],[-56.13771,-30.6833],[-56.13812,-30.68301],[-56.13858,-30.68277],[-56.13943,-30.68246],[-56.14041,-30.68221],[-56.14101,-30.68175],[-56.14139,-30.68112],[-56.1421,-30.68036],[-56.14271,-30.67972],[-56.14291,-30.67975],[-56.14307,-30.67969],[-56.14362,-30.67931],[-56.14434,-30.67937],[-56.14475,-30.67958],[-56.1452,-30.68085],[-56.14552,-30.68103],[-56.14701,-30.68085],[-56.14783,-30.6805],[-56.14856,-30.68038],[-56.14939,-30.68041],[-56.15046,-30.68032],[-56.1514,-30.6803],[-56.15171,-30.68026],[-56.15235,-30.67982],[-56.15283,-30.67931],[-56.1535,-30.67864],[-56.15408,-30.678],[-56.15459,-30.67763],[-56.15492,-30.6772],[-56.15528,-30.67646],[-56.1555,-30.67567],[-56.15586,-30.67529],[-56.15634,-30.67496],[-56.15715,-30.67467],[-56.1576,-30.67402],[-56.15816,-30.67338],[-56.15909,-30.67265],[-56.15975,-30.67187],[-56.15998,-30.67098],[-56.16041,-30.67063],[-56.16085,-30.67058],[-56.16379,-30.66728],[-56.16454,-30.66649],[-56.16522,-30.66557],[-56.16556,-30.66497],[-56.16604,-30.66429],[-56.1662,-30.66348],[-56.16646,-30.66277],[-56.16686,-30.66213],[-56.16781,-30.65999],[-56.16807,-30.65931],[-56.16864,-30.65854],[-56.169,-30.65794],[-56.16919,-30.65694],[-56.16937,-30.65505],[-56.16957,-30.65407],[-56.16963,-30.65312],[-56.16941,-30.65247],[-56.16833,-30.65116],[-56.16776,-30.6497],[-56.16753,-30.64928],[-56.16745,-30.64849],[-56.16667,-30.64724],[-56.16606,-30.64654],[-56.16562,-30.64599],[-56.16507,-30.64513],[-56.16469,-30.64389],[-56.16458,-30.64282],[-56.16553,-30.64085],[-56.16631,-30.64024],[-56.16682,-30.63961],[-56.16803,-30.63856],[-56.16863,-30.63816],[-56.17,-30.63731],[-56.17147,-30.63622],[-56.17249,-30.63535],[-56.17353,-30.63446],[-56.17487,-30.63367],[-56.17548,-30.63356],[-56.17613,-30.63402],[-56.17692,-30.63403],[-56.17912,-30.63294],[-56.18048,-30.63221],[-56.18118,-30.63153],[-56.18121,-30.63125],[-56.18105,-30.63111],[-56.18029,-30.63069],[-56.18018,-30.6304],[-56.18028,-30.63015],[-56.18103,-30.6294],[-56.18195,-30.62859],[-56.18243,-30.62781],[-56.18275,-30.62676],[-56.18286,-30.62585],[-56.18264,-30.62525],[-56.182,-30.62439],[-56.18029,-30.62329],[-56.17948,-30.62227],[-56.17844,-30.62154],[-56.17715,-30.62131],[-56.17532,-30.62114],[-56.17382,-30.62039],[-56.17214,-30.61974],[-56.1709,-30.61831],[-56.17035,-30.61668],[-56.17032,-30.61575],[-56.17074,-30.61517],[-56.17141,-30.61484],[-56.17259,-30.6148],[-56.17375,-30.61462],[-56.17445,-30.6143],[-56.17549,-30.61359],[-56.17631,-30.61278],[-56.17701,-30.61247],[-56.17804,-30.61238],[-56.1786,-30.61194],[-56.17994,-30.61049],[-56.18247,-30.60888],[-56.1842,-30.60765],[-56.18568,-30.60633],[-56.18714,-30.60513],[-56.1878,-30.60474],[-56.18832,-30.60458],[-56.18922,-30.60464],[-56.19024,-30.60451],[-56.19134,-30.60419],[-56.19253,-30.60393],[-56.19528,-30.60391],[-56.1972,-30.60425],[-56.1982,-30.60472],[-56.19923,-30.60529],[-56.20074,-30.60598],[-56.2027,-30.60652],[-56.20396,-30.6066],[-56.20507,-30.60691],[-56.20563,-30.60692],[-56.20617,-30.60691],[-56.20699,-30.60689],[-56.20782,-30.60699],[-56.20951,-30.60756],[-56.21043,-30.60782],[-56.21135,-30.60798],[-56.21218,-30.608],[-56.21541,-30.60859],[-56.21592,-30.60845],[-56.21667,-30.60786],[-56.21719,-30.60759],[-56.21836,-30.60757],[-56.2192,-30.60751],[-56.2208,-30.60623],[-56.22173,-30.60416],[-56.22186,-30.60372],[-56.22179,-30.60267],[-56.22225,-30.6018],[-56.22242,-30.60092],[-56.22271,-30.60013],[-56.22334,-30.59921],[-56.22378,-30.59841],[-56.22423,-30.59699],[-56.22553,-30.59644],[-56.22691,-30.59615],[-56.22801,-30.59565],[-56.22934,-30.59552],[-56.23116,-30.59552],[-56.23253,-30.59479],[-56.23328,-30.59446],[-56.23405,-30.59377],[-56.23413,-30.59278],[-56.23437,-30.59205],[-56.23445,-30.59169],[-56.23442,-30.59034],[-56.2348,-30.58926],[-56.23489,-30.58868],[-56.2349,-30.58823],[-56.23483,-30.58789],[-56.23412,-30.58731],[-56.23343,-30.58711],[-56.23275,-30.58731],[-56.23215,-30.58724],[-56.23162,-30.58737],[-56.23123,-30.5876],[-56.23004,-30.5874],[-56.22727,-30.58678],[-56.22625,-30.58664],[-56.22438,-30.58584],[-56.22392,-30.58509],[-56.22387,-30.58417],[-56.22397,-30.58347],[-56.2242,-30.5827],[-56.22429,-30.58204],[-56.22464,-30.58136],[-56.22504,-30.58009],[-56.22546,-30.57901],[-56.22582,-30.57832],[-56.22625,-30.57811],[-56.2267,-30.57817],[-56.2271,-30.57799],[-56.22772,-30.57797],[-56.22813,-30.5781],[-56.22937,-30.57814],[-56.23136,-30.57596],[-56.23187,-30.5757],[-56.23231,-30.57531],[-56.23356,-30.5748],[-56.23482,-30.57443],[-56.23567,-30.57407],[-56.23738,-30.57371],[-56.23928,-30.57366],[-56.24037,-30.57346],[-56.24147,-30.57336],[-56.2424,-30.57344],[-56.24323,-30.57357],[-56.2441,-30.57359],[-56.24501,-30.57403],[-56.2461,-30.57471],[-56.24755,-30.57597],[-56.24837,-30.57663],[-56.24935,-30.57722],[-56.25025,-30.57829],[-56.25221,-30.58194],[-56.25252,-30.58336],[-56.2541,-30.5868],[-56.25517,-30.58759],[-56.25604,-30.58746],[-56.25733,-30.58705],[-56.25856,-30.58648],[-56.25978,-30.58571],[-56.26095,-30.58509],[-56.26189,-30.58428],[-56.26214,-30.58385],[-56.26207,-30.58261],[-56.26183,-30.58167],[-56.26083,-30.5813],[-56.2601,-30.58082],[-56.25984,-30.58012],[-56.25995,-30.57832],[-56.26042,-30.57744],[-56.26113,-30.57517],[-56.26129,-30.57389],[-56.2617,-30.57234],[-56.26128,-30.5703],[-56.26054,-30.56955],[-56.25868,-30.56872],[-56.25757,-30.56843],[-56.25605,-30.56712],[-56.25607,-30.56614],[-56.25743,-30.56364],[-56.25745,-30.56277],[-56.25766,-30.56195],[-56.25807,-30.56141],[-56.25855,-30.56116],[-56.26,-30.56006],[-56.26078,-30.55907],[-56.26152,-30.55835],[-56.26219,-30.55747],[-56.26287,-30.55671],[-56.26384,-30.55627],[-56.26477,-30.55493],[-56.26534,-30.55442],[-56.26575,-30.5544],[-56.26617,-30.55468],[-56.2666,-30.55507],[-56.2681,-30.5563],[-56.26885,-30.55678],[-56.26965,-30.55722],[-56.27044,-30.55757],[-56.27169,-30.55846],[-56.27292,-30.55921],[-56.27412,-30.55978],[-56.27542,-30.56053],[-56.27619,-30.56075],[-56.27684,-30.5609],[-56.27805,-30.56095],[-56.2811,-30.56065],[-56.28156,-30.56021],[-56.28123,-30.55938],[-56.28062,-30.55834],[-56.2796,-30.55717],[-56.27879,-30.55595],[-56.27851,-30.555],[-56.27832,-30.55404],[-56.27833,-30.55327],[-56.27982,-30.55094],[-56.28079,-30.55017],[-56.28168,-30.54916],[-56.28465,-30.54678],[-56.28497,-30.5463],[-56.28503,-30.54585],[-56.28479,-30.54507],[-56.28476,-30.54447],[-56.28617,-30.54284],[-56.28725,-30.54193],[-56.28793,-30.54103],[-56.28853,-30.5391],[-56.28879,-30.53733],[-56.28907,-30.535],[-56.28913,-30.534],[-56.2889,-30.53305],[-56.28898,-30.53206],[-56.28904,-30.53187],[-56.28907,-30.53092],[-56.28934,-30.53049],[-56.2894,-30.53002],[-56.28939,-30.52943],[-56.2891,-30.52906],[-56.28862,-30.52895],[-56.28798,-30.529],[-56.28773,-30.52909],[-56.28739,-30.52926],[-56.28692,-30.52932],[-56.28683,-30.5292],[-56.28651,-30.52892],[-56.28637,-30.52847],[-56.2864,-30.52794],[-56.28675,-30.52747],[-56.28698,-30.52729],[-56.28716,-30.52712],[-56.28781,-30.52688],[-56.28825,-30.52663],[-56.28846,-30.52618],[-56.28854,-30.52577],[-56.28863,-30.52503],[-56.28874,-30.52443],[-56.28898,-30.52332],[-56.28914,-30.52294],[-56.28967,-30.52255],[-56.28986,-30.52236],[-56.29041,-30.52189],[-56.29054,-30.52124],[-56.29077,-30.52067],[-56.2911,-30.52023],[-56.29154,-30.51993],[-56.29193,-30.51967],[-56.29249,-30.51973],[-56.29338,-30.52038],[-56.2942,-30.52126],[-56.29424,-30.52157],[-56.29432,-30.52189],[-56.29403,-30.52221],[-56.29352,-30.52235],[-56.29322,-30.52262],[-56.29318,-30.52317],[-56.29348,-30.52362],[-56.29417,-30.52421],[-56.29529,-30.52497],[-56.29597,-30.52553],[-56.29653,-30.52589],[-56.29692,-30.52585],[-56.29725,-30.52565],[-56.29725,-30.52488],[-56.29728,-30.52468],[-56.29756,-30.52464],[-56.29817,-30.52485],[-56.29895,-30.52491],[-56.29989,-30.52517],[-56.30148,-30.52588],[-56.3016,-30.52618],[-56.30162,-30.52646],[-56.30151,-30.52673],[-56.30147,-30.52726],[-56.30165,-30.52762],[-56.30225,-30.52797],[-56.30294,-30.52827],[-56.30378,-30.52853],[-56.30553,-30.52962],[-56.30651,-30.53011],[-56.30889,-30.5308],[-56.31062,-30.53093],[-56.31163,-30.53087],[-56.31256,-30.53055],[-56.31455,-30.52967],[-56.3151,-30.52954],[-56.31572,-30.52952],[-56.31628,-30.52976],[-56.31691,-30.53029],[-56.31751,-30.53073],[-56.31798,-30.53096],[-56.31854,-30.53116],[-56.31971,-30.53137],[-56.32102,-30.53145],[-56.32224,-30.53134],[-56.32288,-30.53097],[-56.32327,-30.53043],[-56.32362,-30.52909],[-56.32404,-30.52871],[-56.3245,-30.52836],[-56.32509,-30.52821],[-56.32555,-30.52801],[-56.32614,-30.52798],[-56.32654,-30.52817],[-56.32716,-30.52886],[-56.32745,-30.52934],[-56.32789,-30.5296],[-56.32836,-30.52953],[-56.3295,-30.52885],[-56.33046,-30.52782],[-56.33132,-30.52684],[-56.33155,-30.52654],[-56.33181,-30.52614],[-56.33187,-30.52559],[-56.33169,-30.5249],[-56.33178,-30.52445],[-56.33203,-30.52413],[-56.33258,-30.52401],[-56.3333,-30.52396],[-56.33426,-30.52423],[-56.33515,-30.52416],[-56.33566,-30.52395],[-56.33581,-30.5238],[-56.33599,-30.52359],[-56.33608,-30.52309],[-56.33595,-30.52254],[-56.3357,-30.52211],[-56.33568,-30.52177],[-56.33569,-30.52094],[-56.33586,-30.52068],[-56.33692,-30.51978],[-56.33704,-30.51948],[-56.33706,-30.51909],[-56.33676,-30.51869],[-56.33569,-30.51824],[-56.33451,-30.51784],[-56.33411,-30.51756],[-56.33338,-30.5166],[-56.33344,-30.51649],[-56.33347,-30.51496],[-56.33364,-30.51454],[-56.33411,-30.51396],[-56.33449,-30.51322],[-56.33451,-30.51244],[-56.33479,-30.51167],[-56.33528,-30.51098],[-56.33578,-30.51065],[-56.33629,-30.51053],[-56.33693,-30.51049],[-56.33808,-30.51016],[-56.34053,-30.50866],[-56.34108,-30.50799],[-56.34141,-30.50743],[-56.34164,-30.50724],[-56.34186,-30.50706],[-56.34265,-30.50699],[-56.34378,-30.507],[-56.34427,-30.50693],[-56.34505,-30.5066],[-56.34621,-30.50582],[-56.34744,-30.50476],[-56.34899,-30.50367],[-56.34947,-30.50153],[-56.35019,-30.50032],[-56.35027,-30.49942],[-56.35007,-30.49892],[-56.34959,-30.49831],[-56.34928,-30.49771],[-56.34931,-30.49725],[-56.3494,-30.49696],[-56.35011,-30.49652],[-56.35107,-30.49616],[-56.35144,-30.49577],[-56.35154,-30.49531],[-56.35156,-30.49477],[-56.35266,-30.49394],[-56.35399,-30.49307],[-56.35482,-30.4926],[-56.3556,-30.49154],[-56.35591,-30.49121],[-56.35629,-30.49105],[-56.35703,-30.49108],[-56.35772,-30.49148],[-56.35845,-30.49195],[-56.35947,-30.49236],[-56.36013,-30.49245],[-56.36044,-30.49236],[-56.36061,-30.49236],[-56.36151,-30.49181],[-56.3619,-30.49157],[-56.36232,-30.49142],[-56.36285,-30.4915],[-56.3638,-30.49176],[-56.36447,-30.49208],[-56.36473,-30.49259],[-56.36487,-30.49308],[-56.36407,-30.49387],[-56.36392,-30.4942],[-56.36401,-30.49464],[-56.36457,-30.4951],[-56.36492,-30.49547],[-56.36507,-30.49594],[-56.36495,-30.4964],[-56.36403,-30.49734],[-56.36354,-30.49765],[-56.36322,-30.49802],[-56.36255,-30.49786],[-56.36225,-30.49735],[-56.36211,-30.49637],[-56.36187,-30.49581],[-56.36109,-30.49578],[-56.36031,-30.49588],[-56.35987,-30.49616],[-56.36034,-30.49737],[-56.36037,-30.49803],[-56.36026,-30.49859],[-56.36006,-30.49883],[-56.35986,-30.4991],[-56.35965,-30.49944],[-56.3597,-30.49978],[-56.35994,-30.49999],[-56.3604,-30.50011],[-56.36191,-30.50028],[-56.36341,-30.50082],[-56.36391,-30.50114],[-56.36411,-30.50154],[-56.36506,-30.50195],[-56.36617,-30.50228],[-56.36663,-30.5028],[-56.36709,-30.50295],[-56.36783,-30.50291],[-56.36836,-30.50281],[-56.36942,-30.50211],[-56.37121,-30.50141],[-56.37239,-30.50143],[-56.37346,-30.50135],[-56.37481,-30.5007],[-56.37535,-30.5004],[-56.37584,-30.50042],[-56.37611,-30.50086],[-56.37624,-30.50136],[-56.37655,-30.50172],[-56.3771,-30.50177],[-56.37753,-30.50123],[-56.37802,-30.50081],[-56.37835,-30.50051],[-56.37957,-30.50042],[-56.37988,-30.50014],[-56.3801,-30.50019],[-56.38011,-30.50047],[-56.38031,-30.50049],[-56.38089,-30.49989],[-56.38176,-30.49956],[-56.38241,-30.49873],[-56.3831,-30.49819],[-56.38355,-30.49791],[-56.38376,-30.49775],[-56.38408,-30.49744],[-56.38392,-30.49682],[-56.38384,-30.49622],[-56.38425,-30.49588],[-56.38468,-30.49558],[-56.38557,-30.49554],[-56.38616,-30.49529],[-56.38747,-30.49438],[-56.38803,-30.49402],[-56.38883,-30.49366],[-56.38904,-30.49332],[-56.38909,-30.49283],[-56.38901,-30.49255],[-56.38863,-30.49242],[-56.38815,-30.49259],[-56.3876,-30.49288],[-56.38606,-30.49346],[-56.3854,-30.49388],[-56.38472,-30.49389],[-56.38421,-30.49358],[-56.38386,-30.49294],[-56.38379,-30.49217],[-56.38409,-30.49115],[-56.38448,-30.49071],[-56.38524,-30.49058],[-56.38614,-30.49072],[-56.38737,-30.49055],[-56.3875,-30.49025],[-56.3875,-30.48964],[-56.38705,-30.48916],[-56.38607,-30.48867],[-56.38564,-30.4882],[-56.38558,-30.4876],[-56.38586,-30.4871],[-56.38664,-30.48641],[-56.38729,-30.48628],[-56.38819,-30.48628],[-56.38921,-30.48595],[-56.39079,-30.48505],[-56.39302,-30.48538],[-56.3938,-30.48519],[-56.3948,-30.48529],[-56.39532,-30.48488],[-56.39523,-30.48414],[-56.3949,-30.48307],[-56.39507,-30.4822],[-56.39536,-30.48148],[-56.39632,-30.48083],[-56.39678,-30.47995],[-56.39693,-30.47893],[-56.39693,-30.47724],[-56.39668,-30.47645],[-56.39664,-30.4756],[-56.39594,-30.47414],[-56.3957,-30.47294],[-56.39572,-30.472],[-56.39617,-30.4715],[-56.39672,-30.47125],[-56.39736,-30.47126],[-56.39797,-30.47138],[-56.39876,-30.47179],[-56.39971,-30.47336],[-56.40016,-30.47387],[-56.40068,-30.47414],[-56.40152,-30.47432],[-56.40211,-30.47409],[-56.40272,-30.47343],[-56.40299,-30.47282],[-56.40317,-30.4716],[-56.40372,-30.47115],[-56.40486,-30.47074],[-56.40567,-30.4703],[-56.40601,-30.46934],[-56.40615,-30.46647],[-56.40655,-30.46544],[-56.40685,-30.4651],[-56.40698,-30.46378],[-56.40685,-30.46106],[-56.40673,-30.46026],[-56.40647,-30.45968],[-56.40577,-30.45944],[-56.40439,-30.45972],[-56.40351,-30.46021],[-56.40254,-30.46059],[-56.4013,-30.4604],[-56.40055,-30.45912],[-56.40023,-30.45804],[-56.40002,-30.45693],[-56.39924,-30.45596],[-56.39915,-30.45409],[-56.39925,-30.4538],[-56.39943,-30.45243],[-56.39931,-30.45146],[-56.39827,-30.45097],[-56.39727,-30.45034],[-56.3972,-30.4499],[-56.39713,-30.44949],[-56.39774,-30.44894],[-56.39833,-30.44801],[-56.39884,-30.44737],[-56.39944,-30.447],[-56.40028,-30.44701],[-56.40115,-30.44715],[-56.40258,-30.44713],[-56.40385,-30.44743],[-56.40517,-30.44747],[-56.40641,-30.44717],[-56.40797,-30.44618],[-56.40857,-30.44572],[-56.40915,-30.44511],[-56.41032,-30.44381],[-56.41163,-30.44252],[-56.41348,-30.43949],[-56.41462,-30.43646],[-56.4147,-30.43524],[-56.41477,-30.43268],[-56.41504,-30.43221],[-56.4153,-30.43179],[-56.41605,-30.43093],[-56.41643,-30.43081],[-56.41705,-30.43088],[-56.41798,-30.43128],[-56.41863,-30.43186],[-56.42018,-30.43246],[-56.42078,-30.43224],[-56.42137,-30.43196],[-56.42302,-30.4311],[-56.42338,-30.43115],[-56.42364,-30.43145],[-56.42351,-30.43177],[-56.42358,-30.43212],[-56.42419,-30.43217],[-56.42499,-30.43357],[-56.42553,-30.43426],[-56.42619,-30.43472],[-56.42704,-30.4349],[-56.42857,-30.43473],[-56.42959,-30.43436],[-56.43067,-30.43387],[-56.43317,-30.43326],[-56.43587,-30.43288],[-56.4373,-30.43252],[-56.43859,-30.43243],[-56.43943,-30.43211],[-56.4408,-30.43111],[-56.44307,-30.42937],[-56.44363,-30.42835],[-56.44414,-30.42726],[-56.44469,-30.42635],[-56.44583,-30.42546],[-56.44697,-30.42472],[-56.44787,-30.42431],[-56.45122,-30.4234],[-56.45218,-30.42297],[-56.45312,-30.42284],[-56.45345,-30.42256],[-56.45384,-30.42138],[-56.45356,-30.42099],[-56.45274,-30.42061],[-56.45242,-30.42029],[-56.45239,-30.41976],[-56.45197,-30.41948],[-56.45145,-30.41929],[-56.45107,-30.41876],[-56.44919,-30.41779],[-56.44801,-30.41736],[-56.44694,-30.41687],[-56.44572,-30.4165],[-56.44468,-30.41559],[-56.44437,-30.41485],[-56.44435,-30.41265],[-56.44462,-30.41147],[-56.44523,-30.41053],[-56.44583,-30.40945],[-56.44661,-30.40862],[-56.44852,-30.40717],[-56.44962,-30.40615],[-56.45058,-30.40524],[-56.45145,-30.40456],[-56.45271,-30.40313],[-56.45347,-30.40223],[-56.45418,-30.40129],[-56.45534,-30.39814],[-56.45557,-30.39621],[-56.45581,-30.39339],[-56.45608,-30.39201],[-56.45612,-30.39073],[-56.45654,-30.38983],[-56.4573,-30.38886],[-56.45868,-30.38793],[-56.45939,-30.38687],[-56.46034,-30.38628],[-56.46126,-30.38486],[-56.46202,-30.38439],[-56.4627,-30.38449],[-56.46316,-30.38472],[-56.46395,-30.38501],[-56.46583,-30.38529],[-56.46669,-30.38525],[-56.46697,-30.38532],[-56.4672,-30.38583],[-56.46757,-30.38635],[-56.46885,-30.38681],[-56.46983,-30.3868],[-56.47022,-30.3868],[-56.47046,-30.38688],[-56.47098,-30.38699],[-56.47184,-30.38732],[-56.4727,-30.38758],[-56.47351,-30.38786],[-56.47398,-30.38805],[-56.47429,-30.38817],[-56.4746,-30.38832],[-56.47491,-30.38843],[-56.47532,-30.38853],[-56.47579,-30.38881],[-56.47643,-30.38914],[-56.47684,-30.38933],[-56.47767,-30.39009],[-56.47883,-30.391],[-56.47923,-30.39135],[-56.47995,-30.39171],[-56.48053,-30.39249],[-56.48158,-30.3953],[-56.48288,-30.39775],[-56.48312,-30.39819],[-56.48319,-30.39824],[-56.48372,-30.39866],[-56.48464,-30.39889],[-56.48548,-30.39888],[-56.48647,-30.39885],[-56.48799,-30.39869],[-56.48987,-30.39842],[-56.49083,-30.39801],[-56.4911,-30.39789],[-56.49137,-30.39772],[-56.49165,-30.39745],[-56.49181,-30.39713],[-56.49197,-30.39619],[-56.49195,-30.39492],[-56.49245,-30.39393],[-56.49253,-30.39378],[-56.49304,-30.39288],[-56.49428,-30.39098],[-56.49539,-30.38862],[-56.49624,-30.38693],[-56.49713,-30.3863],[-56.49837,-30.38595],[-56.49912,-30.38547],[-56.49989,-30.38518],[-56.50169,-30.3842],[-56.5038,-30.38323],[-56.50546,-30.38288],[-56.50659,-30.38218],[-56.50697,-30.38157],[-56.50716,-30.38086],[-56.50663,-30.37912],[-56.50639,-30.37854],[-56.50618,-30.37817],[-56.50606,-30.37701],[-56.50562,-30.37588],[-56.50507,-30.37497],[-56.50462,-30.37391],[-56.50432,-30.3732],[-56.50427,-30.37265],[-56.50446,-30.37174],[-56.50462,-30.37117],[-56.50547,-30.37042],[-56.50618,-30.36982],[-56.50741,-30.36874],[-56.50888,-30.36805],[-56.51059,-30.367],[-56.51208,-30.36608],[-56.51232,-30.36596],[-56.51263,-30.36548],[-56.51306,-30.36547],[-56.51319,-30.36596],[-56.51377,-30.36589],[-56.51447,-30.36473],[-56.51533,-30.36422],[-56.51657,-30.36319],[-56.51702,-30.36206],[-56.51733,-30.36129],[-56.51828,-30.36051],[-56.51867,-30.36017],[-56.52054,-30.35941],[-56.52203,-30.35884],[-56.52301,-30.35893],[-56.52447,-30.35957],[-56.52644,-30.3601],[-56.52888,-30.36029],[-56.5312,-30.36012],[-56.53339,-30.35953],[-56.5347,-30.35924],[-56.53628,-30.35917],[-56.53764,-30.3593],[-56.53858,-30.35967],[-56.53963,-30.36037],[-56.54033,-30.3607],[-56.54146,-30.36107],[-56.54338,-30.36129],[-56.54499,-30.36117],[-56.54557,-30.36088],[-56.54628,-30.36026],[-56.54706,-30.35946],[-56.54738,-30.35842],[-56.54555,-30.35753],[-56.54467,-30.35645],[-56.54417,-30.35506],[-56.54405,-30.3538],[-56.54416,-30.35258],[-56.54433,-30.35205],[-56.54482,-30.35145],[-56.54532,-30.35079],[-56.5476,-30.34902],[-56.54841,-30.34838],[-56.54955,-30.34695],[-56.55038,-30.34554],[-56.55054,-30.34505],[-56.55106,-30.34302],[-56.5511,-30.34236],[-56.55087,-30.34167],[-56.55055,-30.34102],[-56.54961,-30.34019],[-56.54855,-30.33958],[-56.54772,-30.33921],[-56.54547,-30.33872],[-56.54252,-30.33808],[-56.54049,-30.33726],[-56.53945,-30.33664],[-56.53869,-30.3362],[-56.53809,-30.33579],[-56.53738,-30.3353],[-56.53731,-30.3352],[-56.53707,-30.33484],[-56.53689,-30.33442],[-56.53699,-30.3341],[-56.5372,-30.33333],[-56.53726,-30.33289],[-56.5373,-30.33249],[-56.53688,-30.332],[-56.53698,-30.33123],[-56.53727,-30.33062],[-56.53766,-30.33019],[-56.53811,-30.32999],[-56.5385,-30.32918],[-56.53958,-30.3284],[-56.53995,-30.3278],[-56.54034,-30.32635],[-56.54046,-30.3253],[-56.54023,-30.32454],[-56.54043,-30.32306],[-56.54062,-30.32183],[-56.54072,-30.32015],[-56.54063,-30.31877],[-56.54051,-30.31717],[-56.54055,-30.31588],[-56.54057,-30.31385],[-56.54115,-30.31291],[-56.54189,-30.31236],[-56.54327,-30.31185],[-56.54485,-30.31111],[-56.54605,-30.31117],[-56.54704,-30.3117],[-56.54775,-30.31244],[-56.54943,-30.31454],[-56.55218,-30.31758],[-56.55241,-30.318],[-56.55303,-30.31825],[-56.55376,-30.319],[-56.55438,-30.31923],[-56.55454,-30.31973],[-56.55508,-30.31982],[-56.55544,-30.31959],[-56.55594,-30.31944],[-56.55641,-30.31953],[-56.55692,-30.31918],[-56.55723,-30.31863],[-56.55792,-30.31803],[-56.55858,-30.31659],[-56.55947,-30.31522],[-56.56026,-30.31419],[-56.56072,-30.31376],[-56.56093,-30.31342],[-56.56115,-30.31317],[-56.56168,-30.31278],[-56.56231,-30.31214],[-56.56302,-30.31122],[-56.56409,-30.31046],[-56.5667,-30.3092],[-56.56785,-30.30881],[-56.56812,-30.30864],[-56.57027,-30.30739],[-56.57253,-30.30607],[-56.57377,-30.30544],[-56.57455,-30.30477],[-56.57522,-30.3039],[-56.57587,-30.30301],[-56.57607,-30.30144],[-56.57601,-30.30075],[-56.57566,-30.29984],[-56.57498,-30.29906],[-56.57463,-30.29842],[-56.57464,-30.29763],[-56.5747,-30.29698],[-56.5747,-30.29585],[-56.57448,-30.29445],[-56.57426,-30.29322],[-56.57422,-30.29184],[-56.57457,-30.29082],[-56.57489,-30.29004],[-56.57533,-30.28944],[-56.57591,-30.28914],[-56.57644,-30.28882],[-56.57747,-30.28887],[-56.5785,-30.28886],[-56.57954,-30.28897],[-56.58043,-30.28918],[-56.5815,-30.28931],[-56.58319,-30.2894],[-56.58377,-30.28991],[-56.58432,-30.28991],[-56.58498,-30.28971],[-56.58585,-30.29001],[-56.58813,-30.29133],[-56.59005,-30.29289],[-56.59094,-30.29326],[-56.59199,-30.29353],[-56.59476,-30.29447],[-56.59627,-30.29496],[-56.59754,-30.29515],[-56.59885,-30.29514],[-56.59979,-30.29495],[-56.60106,-30.29444],[-56.60204,-30.29372],[-56.60358,-30.29246],[-56.60414,-30.29223],[-56.60484,-30.29226],[-56.60567,-30.29248],[-56.60643,-30.29313],[-56.60842,-30.29595],[-56.61014,-30.29773],[-56.61086,-30.29837],[-56.61237,-30.29971],[-56.61317,-30.30002],[-56.61382,-30.30016],[-56.61434,-30.3007],[-56.61474,-30.3009],[-56.61522,-30.30105],[-56.61563,-30.30136],[-56.61634,-30.3013],[-56.61756,-30.3007],[-56.6187,-30.30054],[-56.619,-30.30011],[-56.61914,-30.29888],[-56.6199,-30.29754],[-56.62035,-30.29652],[-56.62074,-30.29561],[-56.62107,-30.29449],[-56.62091,-30.29385],[-56.6205,-30.29341],[-56.6197,-30.2929],[-56.61897,-30.29285],[-56.618,-30.29229],[-56.61665,-30.29203],[-56.61435,-30.29044],[-56.61277,-30.28906],[-56.61114,-30.28814],[-56.60927,-30.28615],[-56.60815,-30.28525],[-56.60749,-30.28437],[-56.60735,-30.2836],[-56.60682,-30.28262],[-56.60682,-30.28154],[-56.60737,-30.27964],[-56.60789,-30.27886],[-56.60813,-30.27824],[-56.60829,-30.27655],[-56.60858,-30.2758],[-56.60869,-30.27477],[-56.60898,-30.27388],[-56.60901,-30.27231],[-56.60926,-30.271],[-56.60925,-30.26944],[-56.60953,-30.26788],[-56.61008,-30.2668],[-56.61057,-30.26566],[-56.61221,-30.26316],[-56.61313,-30.26242],[-56.61419,-30.26165],[-56.61487,-30.26121],[-56.61625,-30.26152],[-56.61754,-30.26271],[-56.61911,-30.26344],[-56.62127,-30.26447],[-56.62219,-30.2651],[-56.62363,-30.26544],[-56.62461,-30.26599],[-56.62642,-30.26637],[-56.62785,-30.26637],[-56.62925,-30.26604],[-56.6303,-30.26557],[-56.6315,-30.26472],[-56.63235,-30.26384],[-56.63321,-30.26312],[-56.63532,-30.26166],[-56.6372,-30.26043],[-56.63961,-30.25853],[-56.63999,-30.25774],[-56.64023,-30.257],[-56.64029,-30.25576],[-56.64014,-30.25507],[-56.63912,-30.2545],[-56.63787,-30.25462],[-56.63661,-30.25489],[-56.634,-30.25567],[-56.6322,-30.25562],[-56.63091,-30.25489],[-56.62936,-30.25367],[-56.6274,-30.2518],[-56.62593,-30.25056],[-56.62558,-30.2502],[-56.62505,-30.24976],[-56.62486,-30.24943],[-56.62441,-30.24755],[-56.62442,-30.24615],[-56.6252,-30.24506],[-56.62667,-30.2443],[-56.6276,-30.24367],[-56.62871,-30.2425],[-56.63023,-30.24135],[-56.63113,-30.24037],[-56.633,-30.23944],[-56.63661,-30.23736],[-56.63938,-30.23591],[-56.64174,-30.2338],[-56.64275,-30.23226],[-56.64309,-30.23078],[-56.64402,-30.22824],[-56.64485,-30.22475],[-56.64552,-30.2237],[-56.64956,-30.22051],[-56.65182,-30.21963],[-56.65444,-30.21999],[-56.65605,-30.22019],[-56.65725,-30.22048],[-56.65806,-30.22086],[-56.66091,-30.22065],[-56.66267,-30.22139],[-56.66435,-30.22181],[-56.6654,-30.22163],[-56.66624,-30.22092],[-56.66714,-30.22033],[-56.66767,-30.21951],[-56.66799,-30.21845],[-56.66779,-30.2177],[-56.66701,-30.21711],[-56.66589,-30.21672],[-56.66375,-30.21632],[-56.6613,-30.21567],[-56.65993,-30.21494],[-56.65871,-30.21393],[-56.65737,-30.21311],[-56.65642,-30.21293],[-56.65384,-30.21279],[-56.65222,-30.21268],[-56.65038,-30.21246],[-56.64894,-30.21164],[-56.64759,-30.21048],[-56.64642,-30.20947],[-56.64557,-30.20842],[-56.64516,-30.20771],[-56.64505,-30.20701],[-56.64511,-30.20648],[-56.64563,-30.20509],[-56.64594,-30.20429],[-56.64628,-30.20346],[-56.64689,-30.20331],[-56.64744,-30.20369],[-56.64779,-30.20401],[-56.64852,-30.20443],[-56.64901,-30.2049],[-56.64914,-30.20564],[-56.64932,-30.20669],[-56.64984,-30.20715],[-56.65041,-30.20734],[-56.65092,-30.20736],[-56.65132,-30.20723],[-56.65195,-30.20717],[-56.65236,-30.20688],[-56.65255,-30.20679],[-56.65287,-30.20643],[-56.65371,-30.20573],[-56.65442,-30.20497],[-56.65493,-30.20442],[-56.65536,-30.20415],[-56.65588,-30.20367],[-56.65653,-30.20299],[-56.65766,-30.20182],[-56.65882,-30.20065],[-56.65966,-30.1998],[-56.66013,-30.19905],[-56.66046,-30.19876],[-56.66088,-30.19859],[-56.66124,-30.19819],[-56.66167,-30.19788],[-56.66192,-30.19767],[-56.66218,-30.19757],[-56.66262,-30.19752],[-56.66327,-30.1976],[-56.66392,-30.19781],[-56.66569,-30.19819],[-56.66683,-30.19865],[-56.66747,-30.19872],[-56.66878,-30.19919],[-56.6705,-30.19948],[-56.6718,-30.19959],[-56.67219,-30.19948],[-56.67275,-30.19943],[-56.67419,-30.19969],[-56.67612,-30.20012],[-56.67784,-30.20029],[-56.67871,-30.20019],[-56.6793,-30.19999],[-56.67971,-30.19959],[-56.67986,-30.19905],[-56.67995,-30.19806],[-56.67989,-30.19668],[-56.68002,-30.19585],[-56.68031,-30.19511],[-56.68076,-30.19472],[-56.68127,-30.19448],[-56.68171,-30.19444],[-56.68225,-30.19464],[-56.68318,-30.19508],[-56.68465,-30.19582],[-56.68605,-30.19659],[-56.68792,-30.1986],[-56.68893,-30.19969],[-56.68991,-30.20054],[-56.69104,-30.20149],[-56.69227,-30.20259],[-56.69396,-30.20347],[-56.69471,-30.20393],[-56.69563,-30.20469],[-56.69625,-30.20496],[-56.69684,-30.20505],[-56.69736,-30.20495],[-56.69771,-30.20478],[-56.69801,-30.20443],[-56.69819,-30.20401],[-56.69845,-30.20336],[-56.69828,-30.20272],[-56.69826,-30.20233],[-56.69846,-30.20189],[-56.69885,-30.2014],[-56.69916,-30.20065],[-56.69988,-30.19854],[-56.70035,-30.19756],[-56.70102,-30.19675],[-56.70226,-30.19562],[-56.70379,-30.19415],[-56.70538,-30.19248],[-56.70638,-30.19114],[-56.70657,-30.19082],[-56.70784,-30.18926],[-56.70805,-30.1886],[-56.70803,-30.18785],[-56.70769,-30.18702],[-56.70706,-30.18493],[-56.70672,-30.18406],[-56.7063,-30.18311],[-56.70574,-30.18192],[-56.70523,-30.18137],[-56.70491,-30.18043],[-56.70463,-30.1792],[-56.70456,-30.17843],[-56.70469,-30.17765],[-56.7051,-30.17666],[-56.70535,-30.17642],[-56.70617,-30.17611],[-56.70798,-30.17604],[-56.70963,-30.17593],[-56.71134,-30.17612],[-56.71201,-30.17631],[-56.71281,-30.17667],[-56.71353,-30.17729],[-56.71571,-30.17925],[-56.71658,-30.17981],[-56.71715,-30.17999],[-56.71789,-30.18005],[-56.71881,-30.18001],[-56.71953,-30.17983],[-56.7205,-30.17923],[-56.72166,-30.17803],[-56.72466,-30.17532],[-56.72617,-30.17395],[-56.72692,-30.17356],[-56.72817,-30.17293],[-56.72943,-30.17188],[-56.73008,-30.17159],[-56.73038,-30.17162],[-56.73067,-30.17157],[-56.73144,-30.17117],[-56.73291,-30.17086],[-56.73347,-30.17089],[-56.73388,-30.17079],[-56.73424,-30.17075],[-56.73578,-30.17084],[-56.73684,-30.17056],[-56.73806,-30.16996],[-56.73961,-30.16908],[-56.74184,-30.16808],[-56.74471,-30.16707],[-56.74691,-30.16666],[-56.74919,-30.16582],[-56.75205,-30.16442],[-56.75452,-30.16299],[-56.75651,-30.16214],[-56.75796,-30.16149],[-56.75891,-30.16097],[-56.76001,-30.16068],[-56.76119,-30.1606],[-56.76222,-30.16073],[-56.76317,-30.16096],[-56.76456,-30.16148],[-56.76832,-30.16299],[-56.76947,-30.16318],[-56.77085,-30.16354],[-56.77113,-30.16367],[-56.77139,-30.16415],[-56.77163,-30.16422],[-56.77195,-30.16418],[-56.77218,-30.16427],[-56.7723,-30.16443],[-56.77261,-30.16453],[-56.77371,-30.1645],[-56.77451,-30.1646],[-56.77551,-30.16413],[-56.77635,-30.16354],[-56.77751,-30.16291],[-56.77872,-30.16176],[-56.78008,-30.1607],[-56.78033,-30.16029],[-56.78211,-30.15867],[-56.78229,-30.15821],[-56.78236,-30.15776],[-56.78262,-30.15714],[-56.78317,-30.15629],[-56.78398,-30.15417],[-56.78466,-30.15167],[-56.78473,-30.15103],[-56.78459,-30.15039],[-56.78267,-30.14785],[-56.78118,-30.14504],[-56.78045,-30.14288],[-56.77965,-30.14057],[-56.77917,-30.13787],[-56.77846,-30.13562],[-56.77792,-30.13385],[-56.77782,-30.13244],[-56.77788,-30.1315],[-56.7781,-30.13091],[-56.77866,-30.13011],[-56.77919,-30.12897],[-56.77936,-30.12849],[-56.77969,-30.12751],[-56.78027,-30.12654],[-56.78088,-30.12616],[-56.78164,-30.12601],[-56.783,-30.12586],[-56.78517,-30.1255],[-56.7882,-30.12483],[-56.79072,-30.12414],[-56.79304,-30.1234],[-56.79621,-30.12323],[-56.79808,-30.12276],[-56.80007,-30.12181],[-56.8011,-30.12089],[-56.80159,-30.11998],[-56.8018,-30.1188],[-56.80193,-30.11492],[-56.8028,-30.11122],[-56.80349,-30.10871],[-56.80406,-30.10718],[-56.80425,-30.10655],[-56.80463,-30.10606],[-56.80536,-30.10533],[-56.80584,-30.10479],[-56.80705,-30.10386],[-56.80778,-30.10348],[-56.80863,-30.10319],[-56.80911,-30.10315],[-56.80953,-30.10317],[-56.80988,-30.10336],[-56.81111,-30.10487],[-56.81181,-30.10589],[-56.81236,-30.1066],[-56.81296,-30.10715],[-56.81345,-30.10739],[-56.81401,-30.1075],[-56.81481,-30.10743],[-56.81626,-30.10733],[-56.81754,-30.10685],[-56.81869,-30.10617],[-56.81884,-30.10596],[-56.8189,-30.10568],[-56.81892,-30.10502],[-56.81949,-30.1042],[-56.81971,-30.10368],[-56.81998,-30.10316],[-56.82008,-30.10271],[-56.82062,-30.10199],[-56.82098,-30.10069],[-56.82143,-30.09927],[-56.82218,-30.09798],[-56.82305,-30.09679],[-56.82395,-30.09603],[-56.82471,-30.09559],[-56.82653,-30.09476],[-56.8283,-30.09406],[-56.83016,-30.09334],[-56.83364,-30.09235],[-56.83565,-30.09184],[-56.83788,-30.09138],[-56.84102,-30.09056],[-56.84462,-30.08996],[-56.84735,-30.08954],[-56.85047,-30.08902],[-56.85211,-30.08892],[-56.85423,-30.08888],[-56.8572,-30.08911],[-56.86221,-30.08985],[-56.86459,-30.09021],[-56.86548,-30.09067],[-56.86682,-30.09191],[-56.86892,-30.09342],[-56.86964,-30.09378],[-56.87051,-30.09401],[-56.87116,-30.09401],[-56.8718,-30.09389],[-56.87269,-30.09343],[-56.87349,-30.09275],[-56.87376,-30.09216],[-56.87388,-30.09152],[-56.87359,-30.0903],[-56.87315,-30.089],[-56.8732,-30.08831],[-56.8739,-30.0868],[-56.87432,-30.08637],[-56.87443,-30.0863],[-56.87461,-30.0863],[-56.87495,-30.08649],[-56.87601,-30.08679],[-56.87648,-30.08694],[-56.8779,-30.08789],[-56.87827,-30.08816],[-56.87919,-30.08849],[-56.87997,-30.08863],[-56.88102,-30.08864],[-56.88251,-30.08839],[-56.88329,-30.08798],[-56.88466,-30.0875],[-56.88557,-30.08746],[-56.88636,-30.08773],[-56.88726,-30.08824],[-56.88823,-30.08924],[-56.88888,-30.09048],[-56.88955,-30.09545],[-56.89094,-30.09879],[-56.89424,-30.10401],[-56.89619,-30.10585],[-56.89632,-30.1059],[-56.89655,-30.10588],[-56.89674,-30.10589],[-56.8969,-30.10599],[-56.89702,-30.10616],[-56.89721,-30.10682],[-56.89747,-30.10733],[-56.89986,-30.10916],[-56.90074,-30.11023],[-56.90183,-30.11178],[-56.90285,-30.11262],[-56.90378,-30.11321],[-56.90497,-30.11355],[-56.90557,-30.11348],[-56.90606,-30.11326],[-56.90638,-30.11282],[-56.90651,-30.11246],[-56.90663,-30.11182],[-56.90645,-30.1115],[-56.90615,-30.11131],[-56.90569,-30.11073],[-56.90541,-30.11006],[-56.9049,-30.10943],[-56.90481,-30.10893],[-56.90482,-30.10846],[-56.90523,-30.10788],[-56.90582,-30.10755],[-56.90657,-30.10738],[-56.90734,-30.10738],[-56.90844,-30.10772],[-56.90887,-30.10784],[-56.90931,-30.10783],[-56.90962,-30.10792],[-56.91002,-30.10829],[-56.91127,-30.10981],[-56.91236,-30.11079],[-56.91286,-30.11102],[-56.91346,-30.11103],[-56.91403,-30.11087],[-56.91469,-30.11089],[-56.91519,-30.11061],[-56.9155,-30.11035],[-56.91566,-30.10966],[-56.91554,-30.10877],[-56.91519,-30.10787],[-56.91466,-30.10699],[-56.91357,-30.10582],[-56.91338,-30.10572],[-56.91323,-30.10576],[-56.913,-30.10567],[-56.91208,-30.10489],[-56.91174,-30.10393],[-56.91179,-30.10362],[-56.91159,-30.10321],[-56.91117,-30.10271],[-56.91114,-30.10174],[-56.9113,-30.10127],[-56.91165,-30.10094],[-56.91211,-30.1007],[-56.91307,-30.10042],[-56.9136,-30.09984],[-56.91448,-30.09937],[-56.91603,-30.09713],[-56.91667,-30.09671],[-56.91793,-30.09634],[-56.92545,-30.09562],[-56.93142,-30.09401],[-56.93298,-30.09408],[-56.93373,-30.09435],[-56.93524,-30.09445],[-56.93617,-30.09468],[-56.93747,-30.09525],[-56.9382,-30.09592],[-56.93991,-30.09698],[-56.94105,-30.09736],[-56.94368,-30.09843],[-56.95036,-30.09972],[-56.95303,-30.1008],[-56.95484,-30.10111],[-56.95641,-30.10095],[-56.95795,-30.10058],[-56.95983,-30.09982],[-56.96049,-30.09971],[-56.96105,-30.09974],[-56.96184,-30.09987],[-56.96242,-30.09977],[-56.96336,-30.09922],[-56.96638,-30.09809],[-56.96802,-30.09768],[-56.96965,-30.09752],[-56.97262,-30.09737],[-56.97597,-30.09769],[-56.97632,-30.09759],[-56.97705,-30.09709],[-56.97749,-30.09682],[-56.97766,-30.0965],[-56.97801,-30.09545],[-56.97852,-30.09448],[-56.9806,-30.09178],[-56.98152,-30.09004],[-56.9825,-30.08894],[-56.98392,-30.08792],[-56.98477,-30.08753],[-56.98588,-30.08726],[-56.98714,-30.08735],[-56.98826,-30.08712],[-56.99233,-30.08602],[-56.99409,-30.08593],[-56.99635,-30.08627],[-57.00129,-30.0873],[-57.00427,-30.08772],[-57.00711,-30.08784],[-57.00988,-30.0877],[-57.01198,-30.0876],[-57.01813,-30.08783],[-57.01957,-30.08768],[-57.0212,-30.08734],[-57.02228,-30.08731],[-57.02325,-30.08755],[-57.0242,-30.08815],[-57.02749,-30.0913],[-57.02905,-30.09328],[-57.03013,-30.09575],[-57.03026,-30.09694],[-57.03011,-30.09799],[-57.02998,-30.09911],[-57.03004,-30.10032],[-57.03046,-30.10128],[-57.03164,-30.10239],[-57.03314,-30.10308],[-57.03454,-30.10342],[-57.03593,-30.10345],[-57.03775,-30.1038],[-57.03907,-30.1043],[-57.04017,-30.10451],[-57.04179,-30.1051],[-57.04428,-30.10558],[-57.04537,-30.10553],[-57.04631,-30.10538],[-57.04679,-30.10512],[-57.04804,-30.10435],[-57.04884,-30.10371],[-57.04993,-30.10183],[-57.05038,-30.10127],[-57.05108,-30.10082],[-57.05195,-30.10062],[-57.05332,-30.10045],[-57.05439,-30.10013],[-57.0562,-30.09907],[-57.05719,-30.09863],[-57.05793,-30.09855],[-57.05975,-30.09886],[-57.0622,-30.09969],[-57.06356,-30.10054],[-57.06477,-30.10106],[-57.06593,-30.10133],[-57.06697,-30.10136],[-57.06773,-30.10112],[-57.0684,-30.10054],[-57.06891,-30.10002],[-57.06914,-30.09945],[-57.06923,-30.09871],[-57.06902,-30.09797],[-57.06782,-30.09427],[-57.06765,-30.09275],[-57.06723,-30.0915],[-57.06666,-30.09051],[-57.06622,-30.09011],[-57.06548,-30.0898],[-57.06473,-30.08977],[-57.06372,-30.08996],[-57.06306,-30.09013],[-57.06238,-30.08999],[-57.06181,-30.08964]]]}}]}